# timestamp tx ty tz qx qy qz qw  (localization: SE2 map-aligned cam0)
10001.495455615 36.727380941 20.732908781 1.224960812 -0.226786499 0.689194121 0.676379606 -0.126846272
10001.528639373 36.719539891 20.708352500 1.238853362 -0.236520966 0.685415286 0.675786238 -0.132577069
10001.561856835 36.718801624 20.690159926 1.250978903 -0.244328580 0.682624622 0.675105946 -0.136231901
10001.595005930 36.719805899 20.672982935 1.270260951 -0.256780224 0.677532418 0.674713772 -0.140623844
10001.628002638 36.724279156 20.657430826 1.287806054 -0.272326959 0.670701485 0.674432497 -0.145390348
10001.661219842 36.730877791 20.646596739 1.301156997 -0.288247383 0.662138164 0.675466143 -0.149103950
10001.694390062 36.734194051 20.627851707 1.318442451 -0.308775603 0.652130669 0.675456592 -0.152123664
10001.727676653 36.736797698 20.607684007 1.335626620 -0.324163096 0.644749006 0.673890701 -0.158392958
10001.760909978 36.737954805 20.592158451 1.347350683 -0.335106232 0.639342011 0.672798076 -0.162136841
10001.794330161 36.740946684 20.566798980 1.363154024 -0.350689612 0.630956467 0.670429324 -0.171567053
10001.827649816 36.743469877 20.543556040 1.374096238 -0.362825028 0.624066879 0.669266773 -0.176012832
10001.860960673 36.726512886 20.515563089 1.373811985 -0.359147872 0.625496655 0.672197377 -0.167085091
10001.894232277 36.709894916 20.475860509 1.377129052 -0.360560715 0.624221992 0.675009750 -0.157177328
10001.927442608 36.716860389 20.451464193 1.386196778 -0.369952006 0.616592376 0.675495440 -0.163264402
10001.960672987 36.722278574 20.435117964 1.392003656 -0.374709527 0.611771792 0.676473550 -0.166467957
10001.993923693 36.727744147 20.407884079 1.398009419 -0.379467713 0.605176112 0.679285976 -0.168335057
10002.027224001 36.734257695 20.380896879 1.407236377 -0.382269471 0.598577419 0.682708871 -0.171708250
10002.060575758 36.741090806 20.364781932 1.414246096 -0.383666018 0.594190715 0.685119795 -0.174208632
10002.093964199 36.751292199 20.337988547 1.424398976 -0.385306864 0.587226506 0.689142239 -0.178288040
10002.127365225 36.747363506 20.307190986 1.439521571 -0.387702993 0.579437777 0.693444454 -0.181859949
10002.160774853 36.755846549 20.288384256 1.448103213 -0.388880993 0.573836809 0.696106811 -0.186864115
10002.194144911 36.763013235 20.262976268 1.458692278 -0.391945747 0.565778330 0.699335374 -0.192881950
10002.227486897 36.771525496 20.230151979 1.466848418 -0.393511392 0.558812374 0.701042974 -0.203509860
10002.260893993 36.779485141 20.212586392 1.474404140 -0.396763792 0.552287217 0.701976187 -0.211628820
10002.294301126 36.784883952 20.187085815 1.487281068 -0.400666240 0.543882061 0.702662398 -0.223437737
10002.327625042 36.795849076 20.152344967 1.500146082 -0.410108047 0.530461148 0.702064457 -0.239849659
10002.361016009 36.805096138 20.131936271 1.508353015 -0.417973788 0.520827313 0.700205287 -0.252486395
10002.394401908 36.812897758 20.097664447 1.516108150 -0.429905353 0.507158341 0.696805890 -0.269134458
10002.427796989 36.824246383 20.061540328 1.525097149 -0.445573135 0.489349061 0.691024494 -0.290666867
10002.461256875 36.834504682 20.038989481 1.530421218 -0.455569573 0.477102645 0.686862744 -0.305039343
10002.494744397 36.852249771 20.008245868 1.531235720 -0.467484250 0.460828739 0.681872003 -0.322716471
10002.528133963 36.870687526 19.967603805 1.531144716 -0.480486794 0.441279538 0.675543429 -0.343578063
10002.561560067 36.882683213 19.946532837 1.532171066 -0.487724115 0.428952364 0.671128109 -0.357368325
10002.594897844 36.893942361 19.922772701 1.543733849 -0.494235454 0.413854550 0.666472747 -0.374526108
10002.628375075 36.916448052 19.890947245 1.543392873 -0.499882599 0.395923676 0.661266908 -0.395079620
10002.661898845 36.929901330 19.875791555 1.542668445 -0.502056389 0.385363383 0.657834305 -0.408274997
10002.695278854 36.945934021 19.853247556 1.550585191 -0.503725022 0.370649106 0.652286645 -0.428255152
10002.728729788 36.968136293 19.835736169 1.550632475 -0.505738326 0.354172378 0.645561927 -0.449489122
10002.762115326 36.981635301 19.825170353 1.547311132 -0.508191834 0.342137758 0.640008782 -0.463758098
10002.795556433 36.997123156 19.822305616 1.545185788 -0.511600512 0.326641478 0.631343670 -0.482675285
10002.828918035 37.014503280 19.810722701 1.539573045 0.516141244 -0.307194408 -0.620769334 0.503860344
10002.862321851 37.025920141 19.803991638 1.534847216 0.518487098 -0.295010290 -0.614028890 0.516825484
10002.895735175 37.040349854 19.807551511 1.531594348 0.520323843 -0.279122885 -0.604135212 0.535139383
10002.929134010 37.055111647 19.800921271 1.528520688 0.521174717 -0.263530456 -0.595281599 0.551877188
10002.962509661 37.062941597 19.798278897 1.527526177 0.520795950 -0.257169056 -0.591556901 0.559192354
10002.995881953 37.086367235 19.788537031 1.526386519 0.518258986 -0.241445219 -0.582227361 0.578033849
10003.029379835 37.100102475 19.785906869 1.523245720 0.515199836 -0.230802888 -0.574819131 0.592353039
10003.062789912 37.106276932 19.785758044 1.520310397 0.513172693 -0.224058689 -0.569400855 0.601858918
10003.096269169 37.114783561 19.785923084 1.519009264 0.511291213 -0.212580801 -0.559335712 0.616874590
10003.129616030 37.116146410 19.793451352 1.514242341 0.511263658 -0.200736071 -0.547642123 0.631191418
10003.163006836 37.117914584 19.793077396 1.510171302 0.511973814 -0.191348335 -0.538661678 0.641180338
10003.196325176 37.101326699 19.811706478 1.514842385 0.514455669 -0.179227581 -0.525238436 0.653710505
10003.229700116 37.091664410 19.814184995 1.510984921 0.516541060 -0.163279809 -0.508535692 0.669265633
10003.263112046 37.089555845 19.814020180 1.508378209 0.516778943 -0.157432645 -0.502132949 0.675290299
10003.296539713 37.075699421 19.813213739 1.507829287 0.515545770 -0.142953705 -0.484298455 0.692265703
10003.329935967 37.066798873 19.812303967 1.505920965 0.511644432 -0.134811253 -0.471534522 0.705479337
10003.363431952 37.056255117 19.811339917 1.504777380 0.505414887 -0.129568903 -0.459965152 0.718470424
10003.396818950 37.047519138 19.809322878 1.504744021 0.499948121 -0.127543869 -0.452456966 0.727370010
10003.430225031 37.034126081 19.806646189 1.504421559 0.491249691 -0.125479862 -0.441033969 0.740552215
10003.463637849 37.019975446 19.803006942 1.504314282 0.482882892 -0.123268632 -0.429394259 0.753159696
10003.497034164 37.014293166 19.802015766 1.510381254 0.479020106 -0.122330832 -0.424159097 0.758725224
10003.530407179 36.996342175 19.800403288 1.510755413 0.469565918 -0.118083033 -0.408867744 0.773557635
10003.563778075 36.984049965 19.787654484 1.514900472 0.463059172 -0.112262193 -0.395692212 0.785112143
10003.597144282 36.978407245 19.785542834 1.512913824 0.460797175 -0.107737959 -0.388429157 0.790684062
10003.630503061 36.968218381 19.778870212 1.506219961 0.457518219 -0.092991994 -0.370321814 0.803051258
10003.663872391 36.960703494 19.771636798 1.500381326 0.456847400 -0.076193462 -0.354192473 0.812423967
10003.697217631 36.957692811 19.761748402 1.496427329 0.457137473 -0.062177641 -0.342289159 0.818533691
10003.730586438 36.955270024 19.744709740 1.488840493 0.458324662 -0.041717335 -0.326093674 0.825748802
10003.763950040 36.952746978 19.728874831 1.482762348 0.459651836 -0.021759925 -0.310185928 0.831884238
10003.797306010 36.946265058 19.714114951 1.481069471 0.460562126 -0.010268209 -0.300353491 0.835203492
10003.830633344 36.938075325 19.692170052 1.478021934 0.461597625 0.004891693 -0.286556000 0.839517339
10003.864034630 36.934642318 19.670697747 1.474257635 0.462710334 0.017765012 -0.273715021 0.843008682
10003.897409763 36.933338654 19.657282632 1.472391741 0.463640641 0.025530684 -0.265314984 0.844981361
10003.930764371 36.924045042 19.632427518 1.472781659 0.465361261 0.033565396 -0.254616833 0.847043405
10003.964113358 36.918422982 19.603739945 1.471187570 0.466553987 0.038941195 -0.242533572 0.849699021
10003.997466988 36.915772148 19.586877869 1.470984814 0.466917286 0.039626465 -0.236506112 0.851165584
10004.030838392 36.912359061 19.561702431 1.468374168 0.467710672 0.038283262 -0.226880345 0.853408711
10004.064264963 36.907643417 19.535178281 1.469092972 0.469126004 0.035683531 -0.219343808 0.854713854
10004.097637532 36.907121194 19.511880499 1.476543656 0.470199050 0.033916552 -0.215270082 0.855231730
10004.131035695 36.902947178 19.471669006 1.483788394 0.473501904 0.030399054 -0.207481666 0.855466658
10004.164488016 36.901933956 19.432708513 1.488478207 0.477484504 0.025874212 -0.200498579 0.855066894
10004.197811296 36.899853865 19.403066853 1.494993584 0.479992642 0.022625038 -0.196225387 0.854746026
10004.231209915 36.894677886 19.368499229 1.495659548 0.483566593 0.017863973 -0.190055233 0.854238396
10004.264547083 36.893765679 19.330868019 1.499444747 0.487245101 0.014025252 -0.183654036 0.853619762
10004.298017054 36.892220072 19.306531908 1.503765858 0.490326750 0.012256589 -0.178761958 0.852920639
10004.331312644 36.894218557 19.272866151 1.502956397 0.494712834 0.011272868 -0.172780640 0.851633128
10004.364662796 36.893460237 19.227149573 1.507738086 0.501849601 0.010827126 -0.163931517 0.849209167
10004.397989042 36.895119513 19.206023376 1.508718681 0.504934355 0.010882514 -0.160152657 0.848100227
10004.431368056 36.899820308 19.155708447 1.508588538 0.512792008 0.010971834 -0.150480837 0.845150574
10004.464779558 36.896947622 19.116026075 1.510132321 0.520150672 0.012170612 -0.142340628 0.842041745
10004.498173830 36.896561892 19.096919789 1.510996385 0.523901015 0.013667619 -0.137713174 0.840461780
10004.531607095 36.893123832 19.052580767 1.510913716 0.532502578 0.016335495 -0.127424270 0.836622503
10004.564990968 36.887937701 19.015307980 1.508542465 0.539195877 0.017634570 -0.119653644 0.833450559
10004.598347564 36.886530930 18.988631054 1.507480239 0.543327850 0.018527335 -0.114141214 0.831518712
10004.631673782 36.882380930 18.950634855 1.503328371 0.548237199 0.019132812 -0.106606576 0.829279776
10004.665046836 36.883319439 18.914088397 1.499428662 0.551887091 0.020507315 -0.098218737 0.827860598
10004.698376999 36.883160801 18.892652892 1.497117277 0.553340881 0.021310292 -0.094278292 0.827327834
10004.731752664 36.885616919 18.852294526 1.495562972 0.555238220 0.022377822 -0.086594947 0.826868228
10004.765088933 36.888891819 18.818698040 1.496075910 0.555328731 0.023685062 -0.080614295 0.827375582
10004.798423983 36.889446697 18.795014150 1.496898084 0.555006570 0.025516437 -0.076784280 0.827901439
10004.831773796 36.895081591 18.768136082 1.501678393 0.553648114 0.027984294 -0.071405964 0.829211574
10004.865123006 36.900548115 18.730131223 1.508419635 0.549778194 0.026379381 -0.067303514 0.832176846
10004.898463041 36.901310090 18.707249740 1.509946634 0.546494932 0.023060499 -0.066869689 0.834469860
10004.931815326 36.910916339 18.687126646 1.513289984 0.541545537 0.019926278 -0.066252275 0.837819796
10004.965171776 36.917303835 18.662771640 1.515076426 0.536937954 0.022113728 -0.064314295 0.840875905
10004.998539632 36.925946805 18.639396236 1.516198728 0.532864462 0.030028239 -0.060602856 0.843493369
10005.031910040 36.934989012 18.618589408 1.516945716 0.529533336 0.039396899 -0.057384754 0.845428484
10005.065245770 36.952183814 18.585546962 1.515901460 0.524768286 0.054895041 -0.052724402 0.847835431
10005.098595572 36.961503565 18.573329040 1.515079848 0.522773498 0.060709005 -0.051435764 0.848750051
10005.131987748 36.975409775 18.538408123 1.509426146 0.518867444 0.069154963 -0.051430211 0.850499324
10005.165327440 36.987395490 18.504342484 1.502863482 0.515714115 0.074235444 -0.053288593 0.851873451
10005.198668116 36.995444273 18.485426375 1.499057799 0.514073923 0.077210066 -0.054478284 0.852524911
10005.232031674 37.006018672 18.452806925 1.491501485 0.511944529 0.081321019 -0.056869817 0.853267552
10005.265309532 37.016128448 18.413761903 1.481336335 0.509339328 0.084092355 -0.060920498 0.854277834
10005.298645034 37.025837642 18.390241611 1.475186485 0.507504338 0.084290364 -0.063938382 0.855129443
10005.332023365 37.034486548 18.355661229 1.465953833 0.504613463 0.082199396 -0.069896904 0.856576287
10005.365401390 37.049533178 18.315728070 1.460136085 0.501669996 0.080317863 -0.075813648 0.857979340
10005.398757679 37.057981847 18.295952943 1.458529143 0.500316920 0.079497657 -0.078666438 0.858588780
10005.432183558 37.075551544 18.249716520 1.457000016 0.496651806 0.074846703 -0.087072036 0.860321693
10005.465518061 37.085029990 18.209609033 1.458675752 0.492831129 0.066162366 -0.096655800 0.862205124
10005.498875037 37.091818331 18.189597009 1.460136026 0.490458666 0.059594771 -0.101912069 0.863430768
10005.532263450 37.094996763 18.154461035 1.461764051 0.485306443 0.046049779 -0.112262046 0.865883541
10005.565576540 37.102904130 18.113951255 1.461742302 0.478933751 0.030664091 -0.123394979 0.868594183
10005.598921730 37.105207309 18.096525683 1.461657593 0.476895658 0.025804282 -0.127353579 0.869301867
10005.632283391 37.116728246 18.050505124 1.465823452 0.474504890 0.017546877 -0.134955682 0.869669006
10005.665626976 37.118187501 18.017721356 1.467299243 0.474387668 0.011618566 -0.142638953 0.868605479
10005.698968058 37.124922428 17.989901871 1.469760790 0.475196617 0.008876048 -0.147128908 0.867445949
10005.732360669 37.128158891 17.959708362 1.470517552 0.476852647 0.006599292 -0.152314970 0.865660529
10005.765703821 37.136198427 17.906272548 1.471610396 0.480963910 0.005210758 -0.157804582 0.862406099
10005.799090898 37.140375718 17.876371476 1.471436368 0.484022407 0.004386598 -0.159865207 0.860317490
10005.832497924 37.141356069 17.843277341 1.472159603 0.487723997 0.002124146 -0.162177027 0.857799162
10005.865822809 37.143395527 17.790584682 1.471770465 0.493337529 -0.003190970 -0.164622429 0.854112028
10005.899179572 37.142595928 17.759401665 1.470629666 0.496236755 -0.007498757 -0.165966571 0.852143150
10005.932572727 37.138329967 17.727006653 1.470176350 0.498700101 -0.013709034 -0.167795848 0.850267502
10005.965916872 37.133160503 17.683768601 1.467069646 0.500513414 -0.022245290 -0.169425951 0.848696834
10005.999279206 37.130102348 17.652851335 1.464872149 0.501297311 -0.026973337 -0.169532388 0.848075595
10006.032655798 37.124181850 17.606052900 1.464158816 0.502416409 -0.031052395 -0.168269441 0.847525160
10006.065991761 37.116251833 17.560349504 1.466238123 0.502548076 -0.035655499 -0.167113491 0.847494660
10006.099349285 37.111136458 17.529423493 1.468807457 0.501984235 -0.039486039 -0.166833387 0.847714163
10006.132725323 37.103199360 17.486724037 1.474129880 0.499652125 -0.048412819 -0.167915371 0.848415217
10006.166060280 37.096288026 17.443933519 1.478078198 0.495650070 -0.058843611 -0.170383212 0.849610498
10006.199422422 37.093046840 17.416861176 1.480864830 0.492976716 -0.063433105 -0.171436646 0.850623110
10006.232811898 37.092274822 17.386541879 1.484311438 0.491110598 -0.063511663 -0.170925756 0.851798706
10006.266155769 37.093795217 17.337207012 1.489704542 0.490755038 -0.054591009 -0.167639419 0.853273895
10006.299526613 37.095005214 17.318430352 1.491563215 0.491109897 -0.049890923 -0.166102680 0.853657932
10006.332886733 37.097262699 17.277683629 1.493791470 0.492355670 -0.041135557 -0.163762232 0.853859293
10006.366248703 37.099494902 17.229714506 1.494119540 0.494470227 -0.033334458 -0.162425387 0.853232678
10006.399609314 37.100683191 17.201302041 1.493523923 0.496074728 -0.029976375 -0.162213544 0.852465863
10006.432992198 37.103030078 17.157482223 1.491110387 0.498897218 -0.025827526 -0.162386583 0.850920150
10006.466330690 37.106663817 17.114601255 1.486597241 0.501937000 -0.022753800 -0.163477634 0.849009173
10006.499706305 37.108065204 17.092587402 1.484514138 0.503431947 -0.021888631 -0.164217108 0.848003481
10006.533045039 37.111559309 17.047398568 1.478855235 0.505915950 -0.021488039 -0.166364962 0.846114658
10006.566376101 37.115627222 16.992728761 1.469777923 0.507626385 -0.023725496 -0.170336251 0.844238187
10006.599773899 37.118057282 16.962194970 1.464479183 0.507959292 -0.025694891 -0.173084471 0.843420949
10006.633169616 37.122385637 16.916197283 1.459084487 0.508486135 -0.026632061 -0.176459738 0.842374350
10006.666517624 37.128337918 16.868863236 1.456915568 0.509028221 -0.025735511 -0.179285205 0.841477730
10006.699877193 37.131963443 16.831977586 1.457346891 0.508785965 -0.026101565 -0.181959571 0.841038801
10006.733275995 37.137207973 16.795185977 1.459684940 0.507900623 -0.028694074 -0.186103706 0.840582547
10006.766583770 37.142700085 16.752281685 1.464929246 0.505384916 -0.035243279 -0.192091525 0.840502733
10006.799963228 37.145814850 16.713177392 1.468496879 0.501756837 -0.042661593 -0.197911032 0.840982335
10006.833338855 37.148095602 16.681650906 1.469453579 0.498256761 -0.049371781 -0.202522422 0.841598061
10006.866690828 37.150041722 16.632218645 1.473611241 0.494080948 -0.058221765 -0.208988573 0.841913308
10006.900040390 37.151572861 16.605027503 1.477378411 0.492926175 -0.062125065 -0.212622841 0.841401087
10006.933463406 37.153691616 16.567038668 1.481745369 0.492289296 -0.066285731 -0.217702070 0.840156687
10006.966768325 37.156291800 16.523899027 1.485762964 0.492678901 -0.069032769 -0.223156872 0.838273814
10007.000147238 37.158234996 16.494939855 1.486830432 0.493661477 -0.069835988 -0.226130128 0.836831194
10007.033550808 37.159825662 16.455674627 1.487349256 0.495781034 -0.070684527 -0.229949549 0.834462743
10007.066898831 37.160517686 16.410819986 1.485361072 0.498048215 -0.071611761 -0.232841470 0.832228683
10007.100254434 37.160539108 16.374201297 1.483601518 0.500762201 -0.072581823 -0.234968290 0.829915056
10007.133640455 37.158210367 16.331730887 1.481250970 0.504340262 -0.073733347 -0.236776500 0.827128275
10007.166998277 37.152916931 16.290914414 1.478749362 0.507482205 -0.075704759 -0.238136005 0.824634370
10007.200385356 37.150048538 16.258968383 1.475285001 0.509332290 -0.077969668 -0.238816723 0.823084395
10007.233790542 37.144125571 16.215492098 1.470358681 0.510759733 -0.082063942 -0.239449843 0.821616563
10007.267117494 37.137671155 16.172903432 1.466971782 0.511429330 -0.085170531 -0.239227210 0.820948453
10007.300522236 37.133224091 16.141951918 1.465518550 0.511637911 -0.086388752 -0.238314384 0.820956689
10007.333874909 37.127194138 16.112678367 1.465981465 0.511151688 -0.086940136 -0.236626315 0.821689328
10007.367188426 37.118579601 16.063803675 1.470764571 0.509431924 -0.086590986 -0.232627514 0.823932980
10007.400577435 37.113432762 16.035864222 1.474318692 0.506821975 -0.088779381 -0.231068320 0.825746413
10007.433931742 37.106571956 16.001470379 1.478162307 0.500834665 -0.094793352 -0.230044771 0.829010412
10007.467298905 37.102460912 15.972449897 1.481765056 0.495575401 -0.096780149 -0.227748051 0.832567985
10007.500683878 37.101120384 15.947279890 1.484909492 0.492934247 -0.092930501 -0.224121692 0.835553240
10007.534042820 37.101645627 15.911026346 1.488894796 0.491521730 -0.082498393 -0.217905922 0.839117044
10007.567375141 37.104398672 15.870718347 1.490699569 0.491036652 -0.070917520 -0.211674764 0.842049586
10007.600757561 37.104831542 15.846013917 1.491534900 0.490918682 -0.064172431 -0.208211483 0.843521621
10007.634137397 37.106098052 15.807950015 1.491066088 0.491107585 -0.056555884 -0.204406174 0.844886317
10007.667491528 37.108367414 15.766815333 1.488747399 0.491875814 -0.050276822 -0.201597182 0.845511089
10007.700865374 37.109671436 15.728224655 1.484333877 0.493132867 -0.044891982 -0.199301245 0.845626217
10007.734239321 37.110692126 15.697809350 1.480932402 0.494140386 -0.041579361 -0.197988646 0.845515778
10007.767603074 37.111609547 15.657746284 1.474326111 0.495556267 -0.037205508 -0.196217692 0.845303705
10007.800996497 37.113116025 15.614596066 1.466856039 0.496465168 -0.034048721 -0.194717910 0.845250234
10007.834366900 37.113355937 15.585882310 1.461195838 0.496742557 -0.032327479 -0.193659804 0.845397922
10007.867715183 37.114400094 15.536978597 1.455772253 0.497122998 -0.029475072 -0.191571476 0.845754287
10007.901070651 37.114766995 15.485488040 1.452054219 0.498122871 -0.023384574 -0.186637318 0.846459260
10007.934443254 37.115287586 15.454724649 1.451808318 0.498330832 -0.020795671 -0.183628450 0.847062285
10007.967778898 37.114541870 15.406999747 1.454418087 0.497533177 -0.021534911 -0.180882665 0.848102852
10008.001186755 37.110776027 15.352668864 1.460203119 0.495344414 -0.027757417 -0.180129401 0.849362606
10008.034543370 37.108453369 15.321662831 1.464038003 0.492765033 -0.034388934 -0.180346406 0.850573452
10008.067885212 37.103486695 15.276007920 1.467609305 0.488258104 -0.043674159 -0.180823909 0.852642542
10008.101295295 37.096322034 15.235534922 1.471415849 0.484572370 -0.049897715 -0.180685907 0.854431062
10008.134616028 37.094574230 15.212141605 1.474081142 0.483432958 -0.051874721 -0.180218641 0.855057208
10008.167964087 37.091229686 15.166951843 1.481939793 0.482929276 -0.053708100 -0.179421335 0.855396247
10008.201360790 37.089484445 15.124567124 1.486576911 0.483981031 -0.052942598 -0.178662526 0.855008272
10008.234700388 37.089102243 15.096251886 1.488582862 0.485394984 -0.051181235 -0.177714228 0.854511465
10008.268080136 37.088391092 15.047171408 1.488539426 0.488275572 -0.048693977 -0.176028080 0.853363918
10008.301514306 37.085820425 15.003111800 1.487993308 0.491328234 -0.048283819 -0.174296051 0.851989511
10008.334852259 37.084530803 14.975352315 1.486994791 0.493128483 -0.048734822 -0.173285113 0.851129536
10008.368201791 37.078955833 14.928807081 1.485495582 0.496646816 -0.050374053 -0.171155420 0.849417575
10008.401578798 37.074005973 14.888035192 1.483106394 0.499493216 -0.052968728 -0.169007410 0.848019656
10008.434939641 37.066820568 14.847847710 1.479639050 0.501695736 -0.057343451 -0.167239092 0.846784626
10008.468288270 37.058663109 14.807953819 1.475857394 0.502968600 -0.062587042 -0.165490008 0.846001482
10008.501647038 37.049490788 14.759385528 1.469791970 0.504200865 -0.065853581 -0.161769367 0.845739597
10008.535008041 37.044947044 14.727040255 1.467689666 0.505394550 -0.064893416 -0.158273175 0.845762848
10008.568368035 37.038573888 14.689564178 1.466440225 0.506579313 -0.063474446 -0.154276008 0.845900294
10008.601743908 37.029728400 14.633788887 1.468330254 0.507061545 -0.062237781 -0.148442642 0.846746615
10008.635097690 37.025471507 14.602471389 1.471234319 0.506625856 -0.061661221 -0.144954819 0.847653370
10008.668478105 37.019932822 14.570030630 1.473988790 0.504750392 -0.062330178 -0.140992716 0.849389807
10008.701837720 37.015249156 14.526286822 1.476602537 0.500829721 -0.061204396 -0.135177507 0.852731291
10008.735209483 37.015099707 14.500560953 1.479043335 0.499155129 -0.054730655 -0.129339234 0.855055598
10008.768569780 37.017814238 14.468686311 1.483203827 0.498160100 -0.039952427 -0.119108706 0.857935566
10008.801937884 37.021384892 14.431103026 1.488144567 0.497500502 -0.022474970 -0.107405254 0.860495344
10008.835302583 37.023140119 14.414235426 1.490104007 0.497296966 -0.015278564 -0.102332996 0.861388560
10008.868668069 37.025464354 14.380687986 1.491514649 0.497173640 -0.003957452 -0.093365570 0.862603953
10008.902044047 37.026561693 14.344340895 1.490214774 0.497440023 0.002156474 -0.087589772 0.863062457
10008.935408750 37.028081615 14.325602944 1.489285784 0.497861366 0.004584162 -0.085083394 0.863060752
10008.968796433 37.033019173 14.276232951 1.485358817 0.499501488 0.010233178 -0.079912840 0.862558684
10009.002225543 37.037667526 14.227275660 1.479074646 0.501329476 0.014377616 -0.076860264 0.861716044
10009.035581714 37.041987353 14.195149143 1.474988098 0.502241993 0.016057036 -0.075611056 0.861265418
10009.068953766 37.050515116 14.140822356 1.464517557 0.503661720 0.018257871 -0.074356449 0.860501389
10009.102331171 37.058185804 14.082905300 1.455552628 0.505097005 0.019828435 -0.074570651 0.859606344
10009.135691261 37.063147192 14.056524624 1.452663885 0.505962011 0.020967156 -0.074984686 0.859034411
10009.169058235 37.073263529 14.004002730 1.449747642 0.507752175 0.023096699 -0.076972526 0.857746759
10009.202427598 37.087864433 13.952208542 1.451078880 0.509255450 0.024384245 -0.080570629 0.856488569
10009.235785404 37.097836688 13.919053453 1.454308073 0.509834783 0.023368994 -0.083737806 0.855868193
10009.269157521 37.106039304 13.880574934 1.458453806 0.509767938 0.019463505 -0.088345908 0.855542414
10009.302562547 37.114300271 13.830401330 1.461693383 0.508225557 0.011290452 -0.095076347 0.855885388
10009.335897777 37.121595730 13.789019609 1.464581088 0.506097109 0.002719019 -0.101018206 0.856535840
10009.369270308 37.123909344 13.732321212 1.469037937 0.504704098 -0.005113931 -0.106889654 0.856634241
10009.402649411 37.129229493 13.698379823 1.474147362 0.504654829 -0.009695625 -0.110901738 0.856113487
10009.435990482 37.134969470 13.657474331 1.480361624 0.505201478 -0.014414569 -0.116067043 0.855039256
10009.469351898 37.142934270 13.617023653 1.483965509 0.506440647 -0.018064026 -0.121047307 0.853545026
10009.502732368 37.149818320 13.563902785 1.485433720 0.508955355 -0.022627333 -0.127080221 0.851059967
10009.536107636 37.153364556 13.532535509 1.484995423 0.511042806 -0.025428198 -0.130397999 0.849226130
10009.569473968 37.155386512 13.493384210 1.484045432 0.514073736 -0.029115455 -0.134329314 0.846661750
10009.602866067 37.157154341 13.443976386 1.482150440 0.518390326 -0.033415821 -0.138888733 0.843127969
10009.636226094 37.158650817 13.398474437 1.479341595 0.522526860 -0.036854089 -0.142664599 0.839794182
10009.669608547 37.156808007 13.351130960 1.475684842 0.526625468 -0.041097870 -0.146396613 0.836387837
10009.702965285 37.152734551 13.301478819 1.469164430 0.529748782 -0.045950144 -0.149638242 0.833584554
10009.736338976 37.150695844 13.279099914 1.466063086 0.530938271 -0.047812580 -0.150654334 0.832539357
10009.769697549 37.146669636 13.221950482 1.461838198 0.533508090 -0.049978429 -0.151485378 0.830616310
10009.803070392 37.141023685 13.168846038 1.461377571 0.534720153 -0.052661205 -0.151739408 0.829624196
10009.836441136 37.136884660 13.134751565 1.463351573 0.534620031 -0.055255828 -0.152079805 0.829457623
10009.869789484 37.128317339 13.104386397 1.468308096 0.532989118 -0.061310850 -0.153498627 0.829820312
10009.903174164 37.120315823 13.059782231 1.474164260 0.527768630 -0.073229615 -0.157644112 0.831412070
10009.936532668 37.117134057 13.032423539 1.476851951 0.523474702 -0.079257643 -0.160049752 0.833112561
10009.969892941 37.114174565 13.009856281 1.480171024 0.519283160 -0.079837720 -0.160704183 0.835550779
10010.003263845 37.119005662 12.970912263 1.485857466 0.515185765 -0.067871665 -0.157459196 0.839752146
10010.036646154 37.123210000 12.945706363 1.488573780 0.513518833 -0.058486453 -0.155096937 0.841916078
10010.069998954 37.132651720 12.909413062 1.490419659 0.511468907 -0.046136742 -0.152657545 0.844373515
10010.103386616 37.141076492 12.871792507 1.490565060 0.509531759 -0.038290063 -0.152421861 0.845978034
10010.136746043 37.144100853 12.844735712 1.489220223 0.508378225 -0.035097017 -0.153290416 0.846653310
10010.170119965 37.149198446 12.801294501 1.485152740 0.507373794 -0.031814761 -0.155176745 0.847041812
10010.203517219 37.152352547 12.763273274 1.480282145 0.507102598 -0.029682577 -0.157120207 0.846923338
10010.236926118 37.156238073 12.732575738 1.475840168 0.507064660 -0.028399460 -0.158907027 0.846656635
10010.270302167 37.161546698 12.681549269 1.466329970 0.507322055 -0.027309955 -0.162180066 0.845917328
10010.303702480 37.166606008 12.630130683 1.455524906 0.507436191 -0.027282662 -0.165951128 0.845117975
10010.337053411 37.171750534 12.597991506 1.449251954 0.507608299 -0.026949716 -0.168519966 0.844516754
10010.370433981 37.176423966 12.555305143 1.442775223 0.508224266 -0.025341882 -0.171558970 0.843583668
10010.403807607 37.184576082 12.512472925 1.439436902 0.509054324 -0.022541252 -0.173998666 0.842662478
10010.437215134 37.193200010 12.469633294 1.438761072 0.509308414 -0.020165879 -0.176951429 0.841953959
10010.470571048 37.199846068 12.423179834 1.441267024 0.508728654 -0.020409547 -0.180859761 0.841467976
10010.503960320 37.205574322 12.374564461 1.445080676 0.506245370 -0.025136755 -0.186489136 0.841608918
10010.537333048 37.208786326 12.342961079 1.446888405 0.503640313 -0.029660541 -0.190172879 0.842200073
10010.570712763 37.208974505 12.296300061 1.450219012 0.500264650 -0.036105198 -0.194862681 0.842888029
10010.604099310 37.210028220 12.244086672 1.457111507 0.497432652 -0.044772431 -0.201386799 0.842614706
10010.637455939 37.210904814 12.221422731 1.460794558 0.496397423 -0.049402628 -0.204995485 0.842096093
10010.670842296 37.211190442 12.177172343 1.467795162 0.495146416 -0.057202434 -0.212227389 0.840545920
10010.704206175 37.212100131 12.130352269 1.472534701 0.495746824 -0.061059820 -0.218603254 0.838283605
10010.737577670 37.214008113 12.091351379 1.473525284 0.497425007 -0.062443406 -0.222636012 0.836123430
10010.770950895 37.214937615 12.057322481 1.473408178 0.499638157 -0.063665817 -0.225946873 0.833820356
10010.804323253 37.213720988 11.999290447 1.471887025 0.504222862 -0.066079687 -0.230298477 0.829671858
10010.837706977 37.211717701 11.966745743 1.470715164 0.507376037 -0.067196062 -0.232119250 0.827148656
10010.871070814 37.206438965 11.931197413 1.469660870 0.511024429 -0.068846670 -0.233915776 0.824255773
10010.904435098 37.198536703 11.874240529 1.464794180 0.515839157 -0.073799284 -0.236510640 0.820077037
10010.937805277 37.193024697 11.840958126 1.461074880 0.517775768 -0.077998366 -0.237936730 0.818052945
10010.971183799 37.182007405 11.797311495 1.456859050 0.520372896 -0.083812178 -0.239146393 0.815473219
10011.004562586 37.170813121 11.756317742 1.454641235 0.522494668 -0.089228925 -0.239617010 0.813401014
10011.037953780 37.165435073 11.733460828 1.454511525 0.523003903 -0.092298564 -0.239943496 0.812634611
10011.071306090 37.151730376 11.680059525 1.457803877 0.523475472 -0.097923786 -0.239648370 0.811759214
10011.104688607 37.142808905 11.657660497 1.463837322 0.522721461 -0.100713751 -0.238587337 0.812216164
10011.138047771 37.134458287 11.621544242 1.468812916 0.519940561 -0.105985736 -0.238838167 0.813255904
10011.171433524 37.125341589 11.584579265 1.472927577 0.514278608 -0.113097021 -0.240062094 0.815534652
10011.204793450 37.121452358 11.551569358 1.476684341 0.510400982 -0.111993534 -0.238574265 0.818553972
10011.238158527 37.120536293 11.521997937 1.479979864 0.509179039 -0.104976404 -0.235100195 0.821245736
10011.271540563 37.120995790 11.484050581 1.483421197 0.508586159 -0.093773547 -0.230272082 0.824330886
10011.304933593 37.121500336 11.444989815 1.485457553 0.508259588 -0.083937994 -0.227045257 0.826484758
10011.338290621 37.121084779 11.419439775 1.486207272 0.508146975 -0.078689091 -0.225716508 0.827433826
10011.371665423 37.121443981 11.381683520 1.484765626 0.508348604 -0.072347147 -0.224426377 0.828239330
10011.405023855 37.121771949 11.336916030 1.481781324 0.509108075 -0.065874541 -0.223455644 0.828575336
10011.438395330 37.120803942 11.294517318 1.478495491 0.510088665 -0.062616925 -0.223670595 0.828166734
10011.471802043 37.120992304 11.271953833 1.476559385 0.510572559 -0.061872911 -0.224099610 0.827808414
10011.505194272 37.119110268 11.218116612 1.470292450 0.511074316 -0.062759889 -0.226208140 0.826857979
10011.538574224 37.116091029 11.176372716 1.462758069 0.510068582 -0.065988634 -0.228824010 0.826507782
10011.571969492 37.114660247 11.147064171 1.457049277 0.509092086 -0.067631926 -0.230433366 0.826529875
10011.605358546 37.111682091 11.103983837 1.453694013 0.508270666 -0.067617116 -0.231502331 0.826737883
10011.638741029 37.110640876 11.053373421 1.450104178 0.507301864 -0.065864882 -0.232658525 0.827149712
10011.672142574 37.110792257 11.022788573 1.450038372 0.506235892 -0.065822095 -0.234187283 0.827374757
10011.705477419 37.109880534 10.977623033 1.453753135 0.504226618 -0.067616893 -0.237358434 0.827553290
10011.738853563 37.107974843 10.934596499 1.459281595 0.501359932 -0.071843720 -0.241208357 0.827825602
10011.772244966 37.105463047 10.895510116 1.462864305 0.497318973 -0.077311248 -0.245416284 0.828533438
10011.805612764 37.099235345 10.844484666 1.465668483 0.492039768 -0.084333865 -0.250185790 0.829573226
10011.838982501 37.093848181 10.799774153 1.468862942 0.488080205 -0.090298163 -0.254647999 0.829926715
10011.872383001 37.091772130 10.779559976 1.471013424 0.486887011 -0.092571015 -0.256785299 0.829718601
10011.905731682 37.087429157 10.734731142 1.476723631 0.485635568 -0.096026799 -0.261889215 0.828463027
10011.939095505 37.084725878 10.690369633 1.480305256 0.486521593 -0.096410846 -0.266055054 0.826569051
10011.972496371 37.082360348 10.670759398 1.481887546 0.487516289 -0.096027490 -0.267555090 0.825542769
10012.005846804 37.077266676 10.615369813 1.483141093 0.490924569 -0.095605816 -0.270499993 0.822607044
10012.039223934 37.069772726 10.569963009 1.483316563 0.494363392 -0.097033801 -0.272597565 0.819682771
10012.072620478 37.064632463 10.546680245 1.483092618 0.496367131 -0.098258793 -0.273508013 0.818020933
10012.105962715 37.051999870 10.496292498 1.482092624 0.500989731 -0.101558225 -0.274532572 0.814448945
10012.139339851 37.039007529 10.455418513 1.480716201 0.504831662 -0.105832244 -0.274845326 0.811421331
10012.172726990 37.030711422 10.433472430 1.479101628 0.506486685 -0.109075064 -0.275077592 0.809880354
10012.206091594 37.012674216 10.396181826 1.476295988 0.508494185 -0.116754181 -0.275300384 0.807472491
10012.239509163 36.991545017 10.355335590 1.472108734 0.510247236 -0.122689703 -0.274108680 0.805890456
10012.272866523 36.976808481 10.324007028 1.470361787 0.511582693 -0.124626047 -0.272193199 0.805395778
10012.306246302 36.957499994 10.292390392 1.470810746 0.512272230 -0.126640911 -0.269417795 0.805576374
10012.339604929 36.936352657 10.258153397 1.474652389 0.512142321 -0.128393223 -0.266276360 0.806425647
10012.373003160 36.924378484 10.240261980 1.478030355 0.511408697 -0.130273769 -0.265022672 0.807002399
10012.406353769 36.899885314 10.199891005 1.485106135 0.506252696 -0.140169783 -0.265506082 0.808435007
10012.439723585 36.882974386 10.166605965 1.489889760 0.500522751 -0.148158014 -0.266644001 0.810201923
10012.473147171 36.875684758 10.149844946 1.492077221 0.498648591 -0.148502070 -0.265766273 0.811581793
10012.506486513 36.863682835 10.110104540 1.496259312 0.498055927 -0.141103668 -0.261308906 0.814707128
10012.539863663 36.852460253 10.071552140 1.500130963 0.499562453 -0.129820683 -0.255536826 0.817486927
10012.573347952 36.846135342 10.050480513 1.501857828 0.500600379 -0.124973588 -0.253231599 0.818324275
10012.606619874 36.835339362 10.009927661 1.502642279 0.502657134 -0.118636337 -0.250846624 0.818741227
10012.639995003 36.825533420 9.974134485 1.502155060 0.504734399 -0.114991071 -0.250218788 0.818175286
10012.673418961 36.818309672 9.948702307 1.500841233 0.506263694 -0.113187169 -0.250363216 0.817437457
10012.706743404 36.812351972 9.915892185 1.497584761 0.508316075 -0.111315462 -0.250834652 0.816275452
10012.740137670 36.801353754 9.868822445 1.492123605 0.511556492 -0.108688437 -0.252015543 0.814238875
10012.773542372 36.796737859 9.847288466 1.489035207 0.512898942 -0.107678646 -0.252744512 0.813302032
10012.806918014 36.786821787 9.799827916 1.480783520 0.515415013 -0.106323527 -0.255391760 0.811059629
10012.840302128 36.778504070 9.755144929 1.473229493 0.516632149 -0.106853053 -0.259174356 0.809013165
10012.873707851 36.772650807 9.725806605 1.468506652 0.516916826 -0.107143819 -0.262039436 0.807869130
10012.907073437 36.765786583 9.684055821 1.463612523 0.517683852 -0.104670721 -0.264737694 0.806821804
10012.940469590 36.760435238 9.638572607 1.460856201 0.517854257 -0.100740547 -0.266687450 0.806570589
10012.973893149 36.757381955 9.615045990 1.460280755 0.517112449 -0.100248647 -0.268185852 0.806610980
10013.007258737 36.748517776 9.567196244 1.461755007 0.512406164 -0.103664787 -0.273443882 0.807416855
10013.040643173 36.740557376 9.528649615 1.463774098 0.506834699 -0.107882674 -0.277777718 0.808900152
10013.074043255 36.734869833 9.502679086 1.464279309 0.502870798 -0.109681456 -0.279894320 0.810401202
10013.107391772 36.726664948 9.472257127 1.465663385 0.498990919 -0.110312041 -0.281502686 0.812154883
10013.140762786 36.715447949 9.427262214 1.471564993 0.495287994 -0.111023187 -0.283645440 0.813577851
10013.174158767 36.711105545 9.407940495 1.474618741 0.494222052 -0.111586027 -0.284745436 0.813764805
10013.207526503 36.702612071 9.371337943 1.479837237 0.493851763 -0.110623705 -0.285840639 0.813737034
10013.240899688 36.694695749 9.331871850 1.481417715 0.495937966 -0.106135375 -0.284146430 0.813659402
10013.274303918 36.688885060 9.305497619 1.480926535 0.498049712 -0.103087941 -0.282060173 0.813487197
10013.307691593 36.678609985 9.269599414 1.480209487 0.501988326 -0.099915930 -0.278128258 0.812815600
10013.341051457 36.665958099 9.229547781 1.479296609 0.506439897 -0.098040586 -0.273560110 0.811832212
10013.374438125 36.657086855 9.202589832 1.478286468 0.509748818 -0.097169370 -0.270120696 0.811017303
10013.407802641 36.642840465 9.162885283 1.476548659 0.514475372 -0.097202054 -0.265128368 0.809675120
10013.441192541 36.628834908 9.120964190 1.473325717 0.518000747 -0.099851342 -0.260644495 0.808560068
10013.474587509 36.618197667 9.095164988 1.469766532 0.519396098 -0.102277676 -0.257930560 0.808231895
10013.507943053 36.605388428 9.060608226 1.465286905 0.520909067 -0.103883500 -0.253705682 0.808390617
10013.541325234 36.587079964 9.012727622 1.461774107 0.523495735 -0.100394787 -0.244937351 0.809863443
10013.574736389 36.577678378 8.986448871 1.460545887 0.524592317 -0.095903057 -0.238894251 0.811501720
10013.608093653 36.565860774 8.956245149 1.460684319 0.525592400 -0.088357275 -0.230714815 0.814073888
10013.641470210 36.553649895 8.915525891 1.464915837 0.525081828 -0.077851859 -0.219158025 0.818656169
10013.674909974 36.546723017 8.893365539 1.467632989 0.523060031 -0.072978554 -0.212909822 0.822041204
10013.708217559 36.536982080 8.862317937 1.470570615 0.519700763 -0.062446164 -0.202373562 0.827681421
10013.741594915 36.531864692 8.835539582 1.474186056 0.517728708 -0.044518204 -0.188189300 0.833402605
10013.774982132 36.530577256 8.816875160 1.477329061 0.517099026 -0.029168434 -0.176754475 0.836968133
10013.808321833 36.526872708 8.793552150 1.480438645 0.516364368 -0.007709195 -0.160361137 0.841185303
10013.841701080 36.523412859 8.773350689 1.481917540 0.515792944 0.006345366 -0.148389839 0.843740381
10013.875087360 36.518099619 8.751139345 1.482794689 0.515047388 0.020310120 -0.134625955 0.846279823
10013.908450140 36.516761219 8.729163361 1.482820605 0.514566550 0.030928297 -0.121976201 0.848166559
10013.941869554 36.515018286 8.698205309 1.482484494 0.514994530 0.039994245 -0.110227716 0.849135411
10013.975230947 36.514195551 8.681896390 1.482114516 0.515513921 0.044288978 -0.104500821 0.849331185
10014.008571597 36.518490171 8.645815944 1.479460254 0.516806655 0.052490811 -0.092981434 0.849417476
10014.041965268 36.525684801 8.618937245 1.476976702 0.517851842 0.057705390 -0.084922939 0.849286555
10014.075370195 36.530001859 8.597013305 1.472411614 0.518151945 0.061023132 -0.080091693 0.849340956
10014.108729068 36.543373855 8.584793302 1.465804900 0.517739007 0.064937586 -0.074388999 0.849820985
10014.142116082 36.554651956 8.563854272 1.458684413 0.516962343 0.070793692 -0.068472924 0.850323261
10014.175484406 36.566004135 8.537608291 1.454143605 0.516284365 0.077591198 -0.062926326 0.850570595
10014.208846926 36.586233397 8.535778874 1.452782852 0.514698539 0.083763587 -0.057815887 0.851308639
10014.242241744 36.607933506 8.514547767 1.453173771 0.511795897 0.086777441 -0.054368824 0.852982219
10014.275634132 36.620770048 8.491921056 1.454110801 0.508920649 0.086150687 -0.053012057 0.854849434
10014.309000012 36.641808492 8.492839398 1.457382868 0.504230982 0.083111137 -0.051326192 0.858026385
10014.342389808 36.660649876 8.473598072 1.458910929 0.497414266 0.079592599 -0.047484077 0.862548160
10014.375782300 36.670096592 8.456688828 1.459579746 0.493233593 0.079657467 -0.043469072 0.865150710
10014.409135869 36.684677650 8.444755430 1.462018157 0.488743886 0.082583350 -0.036900155 0.867725638
10014.442528881 36.700261569 8.411997134 1.467806592 0.484150656 0.087383604 -0.028081975 0.870157256
10014.475907404 36.714526963 8.391597194 1.471916203 0.481556547 0.090901082 -0.021159439 0.871431330
10014.509279212 36.722911750 8.381826986 1.473269374 0.480688479 0.093414731 -0.017214671 0.871731569
10014.542679754 36.742984319 8.353286923 1.474289460 0.479942280 0.101819370 -0.006538479 0.871346929
10014.576052832 36.757015683 8.330076975 1.473884035 0.480640669 0.109110488 0.002275366 0.870100150
10014.609415298 36.767308505 8.316273299 1.474952845 0.481946779 0.114139192 0.008755879 0.868690326
10014.642813369 36.788573764 8.288011082 1.475477531 0.485245715 0.121711280 0.020345700 0.865626371
10014.676199516 36.808846672 8.253147476 1.474181971 0.489413303 0.127944796 0.032185252 0.862014418
10014.709524457 36.817065730 8.236111690 1.472921889 0.491495121 0.130007868 0.037736008 0.860294423
10014.742894399 36.840181346 8.201652225 1.468311470 0.495594474 0.131187923 0.048899488 0.857195827
10014.776268746 36.859052226 8.170977973 1.463925912 0.498247941 0.131858309 0.059043945 0.854912971
10014.809643820 36.867605756 8.152639899 1.460840010 0.499358600 0.133475062 0.065415793 0.853549161
10014.843041850 36.888392967 8.117994110 1.459306192 0.500602172 0.137746149 0.078876348 0.851000579
10014.876405359 36.908776002 8.088554870 1.460599656 0.500029939 0.142364427 0.092517154 0.849201393
10014.909774579 36.917799696 8.073690595 1.462991511 0.499112866 0.145294628 0.099875710 0.848410667
10014.943181263 36.937018187 8.038654212 1.471694803 0.495722990 0.149043987 0.117959699 0.847425582
10014.976527510 36.952100629 8.011512583 1.477923172 0.491452811 0.146580317 0.131915633 0.848284511
10015.009889210 36.961292110 7.993846995 1.481146785 0.487336091 0.145964873 0.142231325 0.849098369
10015.043274590 36.976900827 7.976878813 1.483675033 0.480406614 0.151490661 0.157722378 0.849343108
10015.076635014 36.995970145 7.957265770 1.486444829 0.469631611 0.168291932 0.179997182 0.847776498
10015.109997556 37.006777351 7.946212199 1.487479706 0.462770342 0.180070462 0.193616740 0.846126939
10015.143383837 37.022508387 7.930307404 1.488725889 0.453829138 0.195300167 0.211540087 0.843295766
10015.176740436 37.039811436 7.912509404 1.488797930 0.446288624 0.208544682 0.227751847 0.839919446
10015.210121697 37.052328845 7.900014001 1.487824455 0.441860735 0.216633008 0.237988305 0.837371361
10015.243479043 37.076957598 7.880095895 1.489200039 0.436365148 0.226883709 0.251653297 0.833534557
10015.276851760 37.099262529 7.860122267 1.486359291 0.432144812 0.235373733 0.263296071 0.829774214
10015.310229644 37.115773836 7.847527398 1.483245245 0.429749830 0.241054727 0.270774894 0.826975610
10015.343610146 37.139839994 7.834974702 1.479532598 0.427200671 0.247559891 0.278916048 0.823662264
10015.377001678 37.173834457 7.816460687 1.472515618 0.423838881 0.255998748 0.289219925 0.819253977
10015.410385715 37.194796318 7.805739941 1.467271662 0.421984735 0.260492106 0.294674388 0.816847447
10015.443789792 37.231099038 7.791541139 1.463302359 0.419539045 0.265727098 0.301025102 0.814100723
10015.477151682 37.265224683 7.781589968 1.459293613 0.418018344 0.268818079 0.306164302 0.811948844
10015.510518167 37.283275144 7.777722208 1.458063025 0.417196893 0.269458713 0.308263951 0.811364339
10015.543900406 37.323824752 7.766349619 1.458665710 0.414935737 0.268541449 0.311814498 0.811471221
10015.577262034 37.358152965 7.760098621 1.460313233 0.412296737 0.265155390 0.314418450 0.812923771
10015.610629941 37.373738609 7.757186719 1.460148016 0.410619606 0.262909303 0.315915639 0.813921094
10015.644004650 37.411928729 7.748016365 1.460501883 0.405027470 0.258847294 0.320401539 0.816268143
10015.677395319 37.443244842 7.739864219 1.461035536 0.398786489 0.260113807 0.325724632 0.816831444
10015.710743802 37.465490389 7.734988141 1.463156848 0.394799789 0.263079061 0.329286830 0.816390052
10015.744134324 37.493543802 7.729083400 1.467454259 0.390758033 0.266616817 0.333017174 0.815673461
10015.777525226 37.533033377 7.722116842 1.471973841 0.386706659 0.271824391 0.337156739 0.814183514
10015.810858918 37.549969320 7.719796265 1.472913462 0.385070079 0.275044449 0.339159495 0.813045154
10015.844235627 37.589817806 7.711829451 1.472802644 0.381802749 0.284088481 0.344764045 0.809109479
10015.877604739 37.627068104 7.707386431 1.474431556 0.380766456 0.291356420 0.349654875 0.804903603
10015.910986999 37.648188308 7.700807468 1.473673203 0.381050818 0.294708261 0.352268467 0.802405285
10015.944395174 37.687408753 7.690363010 1.472355206 0.382358580 0.301151486 0.357668046 0.796983856
10015.977710783 37.730695667 7.678056928 1.471117928 0.384680034 0.307018130 0.363332493 0.791044018
10016.011078796 37.756553746 7.669090642 1.469052374 0.386659671 0.309139891 0.366518664 0.787775917
10016.044460106 37.794339198 7.656573988 1.463964777 0.390201769 0.309682164 0.370654274 0.783871766
10016.077815297 37.832715629 7.643322818 1.459719318 0.393326993 0.309488174 0.374687878 0.780461364
10016.111186280 37.860263895 7.633835334 1.458323374 0.395002583 0.309783671 0.377738289 0.778023664
10016.144590227 37.902098680 7.625835416 1.456330056 0.396863778 0.309757569 0.382426848 0.774789711
10016.177938074 37.943446052 7.615528284 1.458002291 0.397141374 0.309681406 0.387670884 0.772066993
10016.211307014 37.964358870 7.611537534 1.460050269 0.396662491 0.309758023 0.390913723 0.770646026
10016.244669850 38.006256588 7.599936271 1.467024061 0.396049974 0.306139924 0.397597667 0.768985605
10016.278040241 38.045072529 7.588471613 1.472817824 0.395968972 0.297393313 0.403715459 0.769272136
10016.311423913 38.068229456 7.582418358 1.476068302 0.394477388 0.293208844 0.408313696 0.769217843
10016.344817465 38.105168322 7.578298278 1.478600487 0.388135077 0.294347126 0.417127878 0.767277828
10016.378152576 38.138649256 7.577434608 1.482145704 0.378149164 0.303894681 0.427474617 0.762834638
10016.411521024 38.155991296 7.578745278 1.484980313 0.372297293 0.310449002 0.433101729 0.759894095
10016.444885862 38.197901354 7.583220849 1.487782564 0.360816593 0.325144669 0.444526065 0.752654574
10016.478250309 38.233734590 7.585182628 1.489107971 0.353089894 0.336238767 0.453237249 0.746221826
10016.511625470 38.257219794 7.585089361 1.488378108 0.349467964 0.342182612 0.458123289 0.742230593
10016.545007473 38.292441654 7.588162514 1.486490365 0.345845188 0.349690607 0.464244125 0.736603677
10016.578382812 38.329909921 7.594422488 1.484227320 0.342938020 0.357329339 0.469846112 0.730721485
10016.611754274 38.356458635 7.596552483 1.480889828 0.341537634 0.362174543 0.473033304 0.726925814
10016.645144014 38.398226199 7.601761516 1.474389321 0.340073858 0.368565380 0.477330897 0.721570888
10016.678528116 38.437103655 7.608077342 1.466298820 0.338915379 0.373572388 0.481188032 0.716964515
10016.711860120 38.457139969 7.612096527 1.461990943 0.338050811 0.376248587 0.483131733 0.714662423
10016.745246829 38.502357665 7.622251875 1.455633785 0.335876447 0.382579342 0.487025981 0.709665945
10016.778596173 38.546046351 7.634784701 1.454435116 0.334607832 0.387051376 0.489841950 0.705892127
10016.811965800 38.567464021 7.642048416 1.455344724 0.334448799 0.388134644 0.490674915 0.704793322
10016.845354925 38.613035533 7.660654364 1.461702248 0.334833717 0.388176913 0.492126724 0.703573986
10016.878710291 38.651788707 7.675138916 1.469558675 0.336512334 0.384452685 0.493675514 0.703732953
10016.912087491 38.670753127 7.684045317 1.472407240 0.337585483 0.380898403 0.494662301 0.704458413
10016.945504487 38.710509087 7.696323042 1.476299784 0.339498897 0.373123752 0.497537155 0.705674106
10016.978837455 38.746865934 7.703862484 1.480421334 0.340126255 0.369489608 0.500641834 0.705088161
10017.012198482 38.765929913 7.710118767 1.483592836 0.340617521 0.367877980 0.502005068 0.704724349
10017.045570715 38.806085151 7.723183447 1.489812785 0.341744536 0.365697690 0.503975656 0.703906534
10017.078935177 38.840965545 7.735870843 1.493621832 0.341461212 0.367241425 0.505589581 0.702080588
10017.112308525 38.866228181 7.743871000 1.494878513 0.340895237 0.369604343 0.506807092 0.700235417
10017.145693238 38.903739500 7.755455759 1.495675357 0.340263127 0.373968714 0.508634433 0.696892688
10017.179069205 38.941819260 7.766135703 1.495272008 0.340031997 0.379124455 0.510600215 0.692770026
10017.212442333 38.968813597 7.773109574 1.494197664 0.339893928 0.383255373 0.512166290 0.689400557
10017.245807588 39.000952001 7.783667943 1.492100431 0.339758550 0.388652785 0.514414298 0.684756212
10017.279174820 39.047726498 7.794008331 1.487442061 0.340286850 0.394830284 0.517607873 0.678524868
10017.312537046 39.068563832 7.800208093 1.484360011 0.340960462 0.396574279 0.519124874 0.676006044
10017.345910316 39.108359235 7.808815876 1.477640818 0.342280838 0.398441495 0.522324739 0.671762659
10017.379282099 39.156111032 7.817790407 1.471166144 0.342757637 0.400065958 0.526910266 0.666955773
10017.412654534 39.177043177 7.823620769 1.469344282 0.342834706 0.400363851 0.529198992 0.664922234
10017.446027289 39.216698627 7.831880452 1.467144088 0.341720991 0.399946315 0.534678697 0.661353461
10017.479401771 39.259386750 7.843739464 1.467223780 0.337081684 0.400322552 0.543423395 0.656360272
10017.512762524 39.279087056 7.847330994 1.468431963 0.334788052 0.399338088 0.547933154 0.654381625
10017.546136327 39.314710714 7.855802070 1.469429281 0.330300230 0.393478981 0.557784404 0.651883891
10017.579503749 39.343761725 7.862266822 1.471933434 0.321819761 0.391738960 0.568056234 0.648293717
10017.612866477 39.357529263 7.869103497 1.473665402 0.314451167 0.394106686 0.574372280 0.644900665
10017.646241448 39.386374531 7.881343427 1.478393942 0.296346962 0.402843254 0.587775287 0.635937106
10017.679634971 39.412556745 7.892957251 1.481541181 0.282693866 0.409372352 0.597896738 0.628504532
10017.713002294 39.429372316 7.896078206 1.482009969 0.276556675 0.412090164 0.602675467 0.624884296
10017.746378347 39.459555005 7.907711349 1.481148038 0.265365434 0.417196282 0.611756774 0.617480444
10017.779759477 39.489053397 7.916337446 1.478952947 0.256498514 0.422171898 0.618775386 0.610816194
10017.813119898 39.504388510 7.923359035 1.477395237 0.252361194 0.424837154 0.621949799 0.607458367
10017.846496059 39.534259635 7.933784017 1.473905180 0.246083781 0.429307610 0.626982076 0.601690307
10017.879869857 39.571445993 7.946623696 1.467533043 0.240663358 0.434008901 0.631791193 0.595447152
10017.913243221 39.588640127 7.953669927 1.463572017 0.238728701 0.435878069 0.633845053 0.592671381
10017.946653884 39.622304209 7.965679081 1.455333188 0.235955385 0.438887652 0.637353127 0.587778595
10017.979975378 39.662496101 7.983066656 1.444820501 0.232232796 0.443143757 0.641120836 0.581941245
10018.013361951 39.696712859 7.999339425 1.439992626 0.228369316 0.447934238 0.644046885 0.576546602
10018.046731677 39.721409564 8.012170226 1.438722798 0.225734683 0.451302539 0.645918708 0.572851547
10018.080084155 39.757074741 8.029800715 1.438966160 0.222799497 0.455314498 0.648009228 0.568448003
10018.113466700 39.794613264 8.047259254 1.443517792 0.222033658 0.456523870 0.649810710 0.565714638
10018.146832013 39.820407231 8.057601987 1.447128263 0.223571914 0.454823353 0.650940737 0.565179152
10018.180190931 39.855680115 8.071033554 1.450501238 0.227226357 0.448957691 0.653032013 0.565998555
10018.213574342 39.889139133 8.083351065 1.453021250 0.229614731 0.442949319 0.656029527 0.566302248
10018.246926935 39.911981197 8.091454637 1.456542828 0.229684387 0.440725555 0.658354898 0.565309557
10018.280294006 39.944401062 8.103843677 1.465090476 0.230370026 0.438323729 0.661154620 0.563628006
10018.313706494 39.976357838 8.115946274 1.472776404 0.232191938 0.436331648 0.663121894 0.562112933
10018.347040851 39.998505562 8.125076792 1.476622790 0.232583468 0.436307683 0.664582252 0.560241883
10018.380404565 40.032022105 8.137771217 1.479706724 0.232466710 0.437831350 0.667080268 0.556117661
10018.413792593 40.066113064 8.150323059 1.480737654 0.233397263 0.439619878 0.669758838 0.551074568
10018.447156229 40.091435802 8.159426643 1.480479417 0.234932214 0.440988005 0.671716465 0.546930915
10018.480531879 40.131110206 8.170730743 1.479680001 0.237596593 0.443527667 0.674722511 0.539982037
10018.513924978 40.170224258 8.181145527 1.478073148 0.240279950 0.446429428 0.677813121 0.532480689
10018.547266127 40.199032867 8.188453476 1.476440381 0.242379503 0.448390349 0.680041857 0.527011711
10018.580634660 40.234820846 8.196132813 1.473471480 0.245499016 0.449924931 0.682875080 0.520556831
10018.614020033 40.284328965 8.206327768 1.468704153 0.248184458 0.451839477 0.688031322 0.510743049
10018.647368819 40.310936570 8.212511038 1.466047728 0.247085725 0.454026827 0.691718739 0.504314852
10018.680765028 40.354139151 8.222797076 1.463059101 0.242096724 0.458480315 0.699130287 0.492343192
10018.714125315 40.394290653 8.231257878 1.462938085 0.234066699 0.462970366 0.707420445 0.480028681
10018.747469256 40.415030549 8.236233844 1.464238718 0.227948623 0.466147191 0.712221192 0.472744324
10018.780836825 40.456198621 8.246248015 1.469917297 0.214240292 0.471603935 0.722648341 0.457679146
10018.814236776 40.488965344 8.254352203 1.475873045 0.200167785 0.475369232 0.732587373 0.444153906
10018.847572411 40.504905183 8.259731723 1.478473849 0.190763510 0.478240305 0.738031222 0.436125452
10018.880960532 40.536425824 8.271383598 1.483858762 0.164754858 0.486750008 0.750939139 0.414753753
10018.914338221 40.560179122 8.279131708 1.488077096 0.143881533 0.493439167 0.761197546 0.395467052
10018.947677800 40.578178984 8.284467201 1.490663778 0.132522526 0.496791254 0.767654720 0.382547331
10018.981048358 40.599996930 8.291937845 1.493743131 0.122339561 0.499448149 0.774776336 0.367839920
10019.014445283 40.630612867 8.303147372 1.496223343 0.110342848 0.502350122 0.783976144 0.347635179
10019.047775420 40.647643383 8.309672745 1.496375767 0.102573322 0.504441769 0.789081241 0.335213380
10019.081142013 40.674946351 8.320675128 1.495995623 0.091120971 0.507716696 0.795869699 0.317036506
10019.114535006 40.695939863 8.333557073 1.494933278 0.080106270 0.510963896 0.801737412 0.299526300
10019.147886037 40.705131061 8.342950902 1.494298574 0.074563159 0.512581219 0.804574603 0.290448855
10019.181255065 40.726414201 8.362323214 1.491092808 0.064763395 0.515087278 0.810195142 0.272166548
10019.214663359 40.742708573 8.381143937 1.487358445 0.059161245 0.515928674 0.814430901 0.258881937
10019.248018901 40.751743991 8.396150555 1.484340865 0.056017068 0.516056578 0.817124044 0.250710974
10019.281385426 40.762435233 8.418995979 1.480565512 0.050993330 0.516387533 0.820501307 0.239835781
10019.314830880 40.767374319 8.449851331 1.480271037 0.045527332 0.516814271 0.823321544 0.230156263
10019.348118789 40.764405376 8.475233449 1.480381363 0.042285044 0.516844820 0.825000408 0.224627990
10019.381495485 40.770647420 8.506017966 1.482593774 0.038166776 0.516238670 0.827613398 0.217018423
10019.414881547 40.770175638 8.540971415 1.485886686 0.036103229 0.514480757 0.830251354 0.211397249
10019.448229731 40.772184630 8.561783052 1.487907054 0.036283639 0.512253682 0.832418789 0.208227336
10019.481594822 40.780317319 8.588178888 1.490288145 0.037988167 0.507222052 0.836538998 0.203679144
10019.514989902 40.784656297 8.616479988 1.489986655 0.039095387 0.501549719 0.841131711 0.198536836
10019.548340211 40.786054230 8.631169833 1.491056223 0.038834008 0.499075272 0.843306215 0.195577147
10019.581708443 40.791101510 8.662334983 1.491922184 0.037702785 0.494694049 0.847485151 0.188746436
10019.615115820 40.798222889 8.687390875 1.493931957 0.036807543 0.492323815 0.850004188 0.183726283
10019.648446313 40.802518431 8.706093956 1.495619493 0.035283376 0.491737307 0.851125177 0.180375822
10019.681820450 40.808778003 8.733733237 1.497978789 0.031995202 0.492159388 0.852029985 0.175500280
10019.715187976 40.814396703 8.760518533 1.500062377 0.027894140 0.493705693 0.852290896 0.170519306
10019.748545081 40.818483000 8.776647775 1.501143429 0.025274407 0.495212991 0.852117209 0.167396416
10019.781917706 40.826743210 8.807340297 1.500277321 0.021093182 0.498357937 0.851587637 0.161223262
10019.815306918 40.838054260 8.843147801 1.497782885 0.016890418 0.502631451 0.850616570 0.153387708
10019.848659113 40.843435291 8.862108659 1.496788603 0.015087248 0.504894018 0.850026280 0.149364417
10019.882022652 40.856302420 8.901304082 1.493243286 0.012858190 0.509365985 0.848833495 0.140934944
10019.915424304 40.868548951 8.936255222 1.490659082 0.011590506 0.512762313 0.848074250 0.133080945
10019.948769378 40.875578703 8.955051184 1.489135946 0.010206151 0.514577699 0.847705302 0.128457567
10019.982123947 40.889315006 8.998057386 1.487389985 0.007705001 0.517489621 0.847371539 0.118771210
10020.015511599 40.902385420 9.034749230 1.487117502 0.007374649 0.518511777 0.847792231 0.111083234
10020.048866945 40.912371994 9.058704559 1.487931486 0.007572770 0.518214997 0.848642868 0.105835495
10020.082230107 40.924701924 9.094056896 1.489018997 0.007657376 0.516476572 0.850576374 0.098555300
10020.115631419 40.940942245 9.131902467 1.491995119 0.009742927 0.512249217 0.853954391 0.090926966
10020.148967644 40.948723022 9.148074903 1.493276704 0.012001717 0.509102471 0.856103871 0.088072666
10020.182344674 40.963183821 9.183906357 1.494221273 0.013663753 0.501749194 0.861012853 0.081962886
10020.215724492 40.971304539 9.213214078 1.494480062 0.006967989 0.496273903 0.864913078 0.074759803
10020.249067064 40.974687204 9.234648212 1.495828864 -0.001542714 0.493666475 0.866897575 0.069134842
10020.282440735 40.979930254 9.266883806 1.498981321 -0.014128213 0.491127461 0.868761227 0.062033395
10020.315850485 40.983925927 9.300176675 1.501216453 -0.022349377 0.490441950 0.869261087 0.057899577
10020.349179915 40.986920662 9.324121633 1.502347830 -0.025476254 0.490773624 0.869080184 0.056496413
10020.382545382 40.993859168 9.357619392 1.503360287 -0.027404451 0.492325967 0.868147913 0.056421088
10020.415944986 40.997980118 9.395448343 1.502332208 -0.027567013 0.494938233 0.866548411 0.058052189
10020.449294880 40.999000014 9.417336639 1.502072929 -0.027221779 0.496556998 0.865542862 0.059377410
10020.482676224 41.002708050 9.458491208 1.499120087 -0.025228966 0.500813746 0.862798700 0.064245578
10020.516063455 41.003890601 9.503675685 1.493692515 -0.021809546 0.504744306 0.860167434 0.069781907
10020.549409170 41.004983171 9.534129638 1.489864927 -0.018828020 0.507337100 0.858320190 0.074438063
10020.582785483 41.006083604 9.579995654 1.482617417 -0.014334888 0.511019628 0.855512527 0.082169132
10020.616174258 41.006184961 9.627853545 1.478160033 -0.010681064 0.514638345 0.852543632 0.090568454
10020.649532214 41.005938326 9.660187859 1.476929658 -0.007935366 0.516838666 0.850538523 0.096948668
10020.682955278 41.005479225 9.711594862 1.475475738 -0.001816099 0.519013957 0.847957465 0.107653849
10020.716281163 41.004358217 9.758125482 1.476887632 0.006963570 0.519626950 0.845867170 0.120200137
10020.749631566 41.004921186 9.785345459 1.478600329 0.013112646 0.519176865 0.844955530 0.127802948
10020.783008535 41.005164989 9.834736537 1.481428093 0.026274453 0.516595813 0.843866812 0.142573573
10020.816408751 41.006038154 9.880353333 1.483991165 0.038134515 0.512538485 0.843338299 0.156941306
10020.849721655 41.008574126 9.910673376 1.486359174 0.044648137 0.510268124 0.842719202 0.165702537
10020.883098958 41.011441022 9.950601946 1.490336314 0.055954333 0.507123360 0.841097523 0.179582760
10020.916468326 41.017175125 9.993737315 1.495798166 0.069185875 0.504270538 0.838335157 0.195240115
10020.949852705 41.020185532 10.016036802 1.498409325 0.075485044 0.503017898 0.836501524 0.203814135
10020.983213384 41.027800440 10.066508873 1.500493985 0.085358123 0.501868792 0.831917534 0.220805171
10021.016606719 41.037007686 10.110836834 1.500602897 0.092917272 0.501861598 0.827295348 0.234699220
10021.049941040 41.044410895 10.140990665 1.500138954 0.099086586 0.502125443 0.823637248 0.244281748
10021.083326115 41.058270256 10.186051357 1.499365185 0.110247529 0.502656856 0.817427726 0.258830988
10021.116683142 41.074387609 10.230150228 1.498020663 0.123679967 0.502624480 0.810654285 0.273699702
10021.150031133 41.087985403 10.260149403 1.496573833 0.133206811 0.502279988 0.805814406 0.283961092
10021.183408010 41.102999765 10.297898609 1.493534967 0.144841241 0.501372328 0.800081607 0.295831413
10021.216773320 41.128607838 10.347638002 1.487826853 0.160683287 0.498758143 0.792832677 0.311187310
10021.250136270 41.147305526 10.376026730 1.484516640 0.168399231 0.497378497 0.788967842 0.319039299
10021.283531357 41.167188618 10.414219516 1.481330336 0.175719529 0.496414763 0.784739057 0.326924522
10021.316911178 41.200726649 10.461668083 1.480718792 0.186443309 0.493861046 0.779521565 0.337173974
10021.350258347 41.223086984 10.488523879 1.481529005 0.193119527 0.491478623 0.776780596 0.343169808
10021.383635740 41.250673624 10.522509598 1.484857742 0.201257749 0.487667022 0.773950922 0.350251573
10021.417041946 41.282434183 10.561691632 1.489361612 0.213416959 0.480043878 0.770758759 0.360474705
10021.450358587 41.302082314 10.585170922 1.492002530 0.220731325 0.474610186 0.768791622 0.367399367
10021.483727406 41.325329671 10.614432092 1.496269268 0.226382628 0.468666821 0.766782967 0.375694288
10021.517102653 41.349764450 10.650906219 1.500401024 0.226291484 0.465516850 0.765093299 0.383038470
10021.550456369 41.364554553 10.674347077 1.502626474 0.224455561 0.464859705 0.763898609 0.387277771
10021.583893010 41.389550563 10.709311085 1.503725917 0.221278737 0.464981660 0.761507374 0.393616941
10021.617197813 41.414963580 10.747741778 1.503043054 0.218992857 0.465685532 0.757722803 0.401291998
10021.650566699 41.432199826 10.774037665 1.501641280 0.217727326 0.466613427 0.754688358 0.406586035
10021.683966122 41.459646815 10.813237556 1.498386818 0.216098930 0.468667941 0.749717082 0.414217227
10021.717311853 41.485052226 10.850753036 1.494870802 0.216059460 0.470608102 0.744308446 0.421724153
10021.750652232 41.508495801 10.882864622 1.491193218 0.217450195 0.471923124 0.739087203 0.428665469
10021.784029586 41.539575330 10.923535822 1.485022914 0.220524906 0.473149801 0.732077014 0.437677138
10021.817376996 41.567017903 10.959510427 1.477839613 0.223979485 0.473674256 0.725792928 0.445747143
10021.850741846 41.589455722 10.988983052 1.471429929 0.226741940 0.473911948 0.720587503 0.452492220
10021.884134058 41.623826475 11.033503908 1.462440692 0.228868289 0.475609204 0.712971729 0.461612938
10021.917496390 41.662330543 11.085013515 1.456305889 0.229634535 0.478933907 0.704452966 0.470782659
10021.950882475 41.697907820 11.130411243 1.456399599 0.231209689 0.481597535 0.695688049 0.480233310
10021.984224857 41.718438340 11.155691565 1.458740835 0.233330170 0.482306270 0.690382174 0.486117422
10022.017581614 41.760755751 11.201787237 1.464946169 0.241720590 0.478972009 0.679368812 0.500614611
10022.050951433 41.798617208 11.237894371 1.470255737 0.250772904 0.472634764 0.670096540 0.514489998
10022.084328846 41.822818842 11.258114977 1.474435903 0.257199752 0.467622376 0.664280510 0.523363168
10022.117682164 41.862167435 11.288307425 1.481787948 0.269742573 0.458069225 0.654165879 0.538032092
10022.151049795 41.898116542 11.314319189 1.489141217 0.282216397 0.448494730 0.643770045 0.552056620
10022.184435784 41.922886764 11.330925578 1.492849981 0.289313108 0.443433350 0.636973926 0.560293679
10022.217799476 41.963106133 11.356912223 1.497077521 0.299757860 0.436803367 0.626029219 0.572219767
10022.251150582 42.003692713 11.380097844 1.498784611 0.310564326 0.430952635 0.614842530 0.582922198
10022.284528006 42.032040657 11.393023204 1.498681903 0.318083622 0.427564796 0.607051926 0.589490555
10022.317918626 42.075098915 11.412552151 1.496773274 0.328078931 0.424232140 0.595976273 0.597665114
10022.351252212 42.119440538 11.429727661 1.493201651 0.337278251 0.422469552 0.585304952 0.604302054
10022.384630181 42.144508091 11.437703165 1.489837543 0.342376990 0.421599071 0.579601697 0.607531145
10022.417996743 42.198744216 11.453937778 1.481856041 0.352553491 0.419610877 0.568578046 0.613475145
10022.451356275 42.249270629 11.467531123 1.474270420 0.360073778 0.418849564 0.560488622 0.617061117
10022.484731710 42.280537768 11.473977160 1.471328079 0.363825647 0.419169441 0.556338224 0.618397654
10022.518113111 42.335796862 11.486271594 1.468850605 0.370287898 0.418309718 0.550551720 0.620319801
10022.551466527 42.386788050 11.493815528 1.471098525 0.377274570 0.414544362 0.545962112 0.622689524
10022.584878600 42.414328884 11.495960789 1.474120551 0.381340968 0.411230882 0.543815817 0.624285661
10022.618204257 42.469907776 11.502014740 1.480164138 0.391082813 0.399220880 0.539371311 0.629885316
10022.651577448 42.507889403 11.498686672 1.486299992 0.397021147 0.387643047 0.536943721 0.635451429
10022.684986379 42.534913954 11.504402986 1.489703094 0.396862562 0.383894223 0.537366788 0.637465503
10022.718313122 42.569704255 11.508332107 1.495783107 0.391066723 0.384664743 0.540464757 0.637963714
10022.751678502 42.607802215 11.523441686 1.498814801 0.383720469 0.387715073 0.543830904 0.637717470
10022.785053127 42.629647355 11.530934908 1.499325274 0.379898653 0.389314174 0.545131526 0.637920925
10022.818421454 42.671619416 11.543544313 1.499035919 0.374309155 0.391474076 0.546472615 0.638755341
10022.851775030 42.710318084 11.556567934 1.496523817 0.371181482 0.392288189 0.546377779 0.640160610
10022.885162159 42.738063221 11.564591860 1.494315274 0.369509462 0.392766540 0.545955289 0.641194218
10022.918505200 42.778713588 11.575715587 1.489820977 0.367837632 0.393434915 0.545090053 0.642480566
10022.951860023 42.823669285 11.588978852 1.483417799 0.366952903 0.394030751 0.543689425 0.643806759
10022.985253431 42.846925127 11.595006296 1.479910312 0.366751843 0.394285183 0.542873990 0.644453343
10023.018592098 42.900957282 11.610177898 1.470812215 0.366661194 0.394547110 0.540647218 0.646214154
10023.051960129 42.947378672 11.622882119 1.462728926 0.366303457 0.395100908 0.538578879 0.647803860
10023.085348193 42.981510559 11.633139142 1.458326129 0.365295328 0.396582235 0.537266839 0.648557012
10023.118719210 43.028699001 11.648920580 1.454884901 0.363323707 0.399291830 0.535288341 0.649637061
10023.152070191 43.079545577 11.665857563 1.455142880 0.362342171 0.400543336 0.532036866 0.652081253
10023.185450688 43.112079430 11.675820564 1.457425660 0.363327472 0.398936670 0.529105174 0.654897240
10023.218798282 43.162546102 11.686866161 1.463240332 0.366546124 0.392346016 0.524562243 0.660714004
10023.252163665 43.207444892 11.694817188 1.468607012 0.369161691 0.384983129 0.520850043 0.666500464
10023.285549629 43.237642486 11.700041358 1.473252331 0.371215470 0.379828082 0.518204773 0.670368195
10023.318902805 43.281875141 11.704824125 1.482185932 0.376090792 0.370539510 0.513055003 0.676779692
10023.352263216 43.323665104 11.710021316 1.489101196 0.380883359 0.361789132 0.507638303 0.682890800
10023.385657031 43.346973494 11.713165253 1.491688337 0.382661521 0.358293912 0.505063466 0.685643149
10023.419011274 43.395992132 11.719608386 1.493642698 0.385633438 0.353710709 0.500547858 0.689657472
10023.452381615 43.441201406 11.724768080 1.493664487 0.389151061 0.350681591 0.496751662 0.691969406
10023.485743348 43.468041106 11.726201470 1.492779637 0.391478479 0.349408558 0.494570901 0.692862096
10023.519106111 43.522558036 11.729255440 1.490100025 0.395704127 0.349373066 0.490989310 0.693026841
10023.552470872 43.569782240 11.729549273 1.487757729 0.399757562 0.350628093 0.488284790 0.691976731
10023.585846124 43.603776980 11.728569747 1.484855926 0.402895335 0.351472645 0.486467171 0.691007974
10023.619223356 43.656176607 11.725480361 1.479673698 0.407673673 0.352564066 0.484487103 0.689037737
10023.652587142 43.708136516 11.719784154 1.473550790 0.411877878 0.353537038 0.484122265 0.686289887
10023.685976225 43.742183914 11.715883565 1.469905716 0.413813760 0.354730740 0.484964324 0.683910724
10023.719325251 43.783180712 11.709901240 1.467879187 0.415781677 0.356109546 0.486858888 0.680646760
10023.752688713 43.844397090 11.699399753 1.472658423 0.419396838 0.355992976 0.489586574 0.676520717
10023.786058906 43.878512023 11.693928325 1.478302694 0.423018187 0.352645159 0.489777476 0.675880928
10023.819424707 43.916271435 11.687842670 1.484992960 0.428258053 0.344486195 0.488697436 0.677568534
10023.852785460 43.963062315 11.680718070 1.492895865 0.430459212 0.335871058 0.489526139 0.679896799
10023.886156856 43.988934164 11.679203062 1.497480982 0.426394634 0.337495780 0.492895071 0.679219157
10023.919535380 44.025948362 11.682099745 1.501787153 0.417313897 0.344966852 0.499221082 0.676480076
10023.952895119 44.063167272 11.685150631 1.505380658 0.409590221 0.351543242 0.503990690 0.674274858
10023.986252346 44.084886354 11.686400899 1.506398089 0.406216049 0.354525787 0.505844400 0.673365749
10024.019638979 44.121886667 11.689914738 1.506156442 0.401254517 0.359506011 0.508252360 0.671885243
10024.053040326 44.167864830 11.694223308 1.504174051 0.396371690 0.365215606 0.509977129 0.670395684
10024.086367022 44.189141294 11.696461753 1.502303853 0.394738503 0.367251398 0.510234776 0.670051041
10024.119739633 44.235351354 11.700482129 1.496252707 0.393004782 0.369627174 0.509792626 0.670100345
10024.153108877 44.276146849 11.705315331 1.489749840 0.392541052 0.370373285 0.508736165 0.670762750
10024.186475568 44.299679757 11.708783024 1.485354982 0.392382754 0.370487122 0.508057571 0.671306615
10024.219846684 44.344452344 11.715327569 1.475331170 0.391792347 0.370392089 0.506582655 0.672816818
10024.253207130 44.394272142 11.723959886 1.465912961 0.390427146 0.370850215 0.504707677 0.674764346
10024.286570132 44.426078399 11.730822898 1.462435589 0.389196772 0.371729461 0.503475058 0.675911197
10024.319973700 44.469217582 11.741111422 1.459319240 0.387647839 0.372006759 0.501171580 0.678356228
10024.353322724 44.515724865 11.752193668 1.460164190 0.386982053 0.369974441 0.498055065 0.682132653
10024.386689821 44.547980016 11.759535757 1.462859284 0.387588010 0.366182333 0.495647191 0.685579970
10024.420057345 44.592753711 11.766806235 1.466544706 0.389448329 0.357425109 0.492326112 0.691514490
10024.453431630 44.635035602 11.773175664 1.468840435 0.390842239 0.348260513 0.489940363 0.697076323
10024.486803924 44.656358318 11.776936183 1.470090091 0.391435155 0.344335264 0.488882399 0.699432445
10024.520190417 44.704786284 11.782177297 1.478135298 0.394147205 0.336787859 0.485352082 0.704027894
10024.553549508 44.746780061 11.786653180 1.485950878 0.398502748 0.329842306 0.480416513 0.708236957
10024.586909705 44.770235838 11.789262858 1.488958563 0.400589519 0.327267855 0.477626650 0.710138417
10024.620282317 44.820730017 11.795562532 1.491380671 0.403193392 0.326443806 0.472921116 0.712190387
10024.653645057 44.866567159 11.799954600 1.491573665 0.405350600 0.327950268 0.469633635 0.712449130
10024.687024721 44.891500178 11.802198158 1.490978568 0.407110578 0.328821554 0.467778707 0.712264308
10024.720385707 44.939188394 11.803260186 1.488973487 0.411298493 0.330365634 0.464482378 0.711300371
10024.753761982 44.994530341 11.803300678 1.486154286 0.416925928 0.332683043 0.460888046 0.709279192
10024.787125851 45.020662256 11.802534201 1.484528939 0.419844044 0.333519918 0.459187042 0.708267395
10024.820499915 45.077216839 11.798895862 1.479711904 0.426750717 0.334057125 0.455523444 0.706249287
10024.853877794 45.126048381 11.794672197 1.473609800 0.431963258 0.333717738 0.453293085 0.704674105
10024.887234722 45.152955809 11.792109192 1.470387217 0.433950952 0.334110989 0.452889143 0.703525296
10024.920627202 45.202456164 11.786026632 1.466778807 0.435809213 0.336048527 0.453755124 0.700890865
10024.954007221 45.258700096 11.778747582 1.466572229 0.437133419 0.336607356 0.456031636 0.698315837
10024.987340146 45.291389742 11.774042306 1.469083871 0.437689415 0.335284774 0.457746413 0.697481410
10025.020707224 45.335855327 11.764252861 1.474659439 0.439264003 0.329501905 0.459969128 0.697785090
10025.054086250 45.376077329 11.756227831 1.479831697 0.440742172 0.319938020 0.461723378 0.700141074
10025.087442728 45.402407057 11.753493396 1.483295171 0.439599016 0.315495658 0.463930818 0.701415277
10025.120814891 45.439472010 11.751326451 1.488931193 0.433193462 0.316110795 0.469528387 0.701398948
10025.154194279 45.476151460 11.753328804 1.494653804 0.424177780 0.320965728 0.475963144 0.700366545
10025.187539171 45.496160325 11.754928704 1.496759818 0.419499311 0.323694782 0.478921258 0.699911741
10025.220903117 45.538156756 11.758322221 1.498935580 0.411193038 0.328780645 0.483388137 0.699399372
10025.254296529 45.576360950 11.760732350 1.498077546 0.405834984 0.332082427 0.485476153 0.699522789
10025.287642857 45.598232731 11.762568786 1.496408404 0.403462417 0.333561138 0.485977491 0.699843499
10025.321021287 45.641956317 11.765959610 1.492644245 0.400170689 0.336046951 0.485920335 0.700583538
10025.354403849 45.685338274 11.769650619 1.487361434 0.398481607 0.337804001 0.484645837 0.701583408
10025.387763076 45.714974716 11.771713633 1.482734242 0.398121127 0.338324840 0.483257158 0.702494406
10025.421132904 45.761377847 11.774543211 1.472381071 0.398223248 0.338215296 0.480570380 0.704330014
10025.454534614 45.805919231 11.777895268 1.462424034 0.398247010 0.338337997 0.477745957 0.706176691
10025.487877289 45.838248923 11.781270127 1.457330741 0.398037330 0.339127637 0.475749764 0.707262958
10025.521254887 45.876893746 11.785159684 1.452477846 0.397971225 0.340324545 0.473022029 0.708553645
10025.554666989 45.934316399 11.792295929 1.450707949 0.398257971 0.340648774 0.468155007 0.711463204
10025.588005032 45.968987315 11.796530395 1.452355426 0.399100715 0.339604812 0.464619012 0.713804150
10025.621372629 46.019069567 11.800257466 1.457227062 0.402187470 0.334478850 0.458714833 0.718296485
10025.654778338 46.066879611 11.801767245 1.460590152 0.406148934 0.325370343 0.452176895 0.724370927
10025.688128811 46.097381504 11.802606033 1.462198987 0.408723264 0.318917425 0.447944634 0.728410993
10025.721490605 46.142828001 11.801679552 1.466478695 0.412964672 0.309993852 0.441294784 0.733909330
10025.754920010 46.186105418 11.800074638 1.473681722 0.417786446 0.302071448 0.433884191 0.738885536
10025.788223139 46.210240380 11.799701554 1.477015290 0.420335563 0.298318636 0.429489308 0.741527437
10025.821585411 46.256666043 11.797023727 1.484828174 0.424895363 0.293565077 0.420742123 0.745828091
10025.854991747 46.302035954 11.795610186 1.487464661 0.428557375 0.291816690 0.413299661 0.748575304
10025.888335769 46.348112450 11.791960640 1.487933184 0.432936624 0.290497926 0.405972774 0.750575074
10025.921690678 46.380414563 11.788630416 1.487160522 0.436396601 0.289971128 0.401008640 0.751443160
10025.955080205 46.427209189 11.781685408 1.485265558 0.441898371 0.289485578 0.393945886 0.752150629
10025.988438124 46.476150277 11.772225268 1.482172914 0.448347424 0.288650977 0.386373923 0.752582482
10026.021805645 46.505677726 11.765348272 1.479730898 0.452723536 0.287592359 0.381543097 0.752832584
10026.055247942 46.555669126 11.751306031 1.474916975 0.460378697 0.284323131 0.372996041 0.753714645
10026.088546848 46.603032737 11.736705606 1.469930423 0.466592404 0.281611138 0.365759048 0.754458093
10026.121918466 46.636120602 11.726280603 1.466758034 0.470123423 0.280433581 0.361600657 0.754709175
10026.155312689 46.680939442 11.710324795 1.464856854 0.474597588 0.278413161 0.356507138 0.755080063
10026.188660728 46.723713207 11.691859613 1.466849013 0.478785082 0.274805105 0.351896819 0.755920385
10026.222036121 46.755706733 11.679220874 1.470280214 0.481620244 0.270747954 0.348811046 0.757012774
10026.255427577 46.796791034 11.661061769 1.476244313 0.486435736 0.260050111 0.343411749 0.760146423
10026.288775836 46.829609263 11.641740014 1.481570370 0.490262699 0.245733771 0.337462370 0.765099045
10026.322166144 46.855646531 11.632009240 1.484421198 0.491022206 0.238935003 0.334587182 0.768022575
10026.355553809 46.891356208 11.618333343 1.488968740 0.488827151 0.236361562 0.332976262 0.770913768
10026.388877234 46.930172576 11.606826444 1.494365650 0.485242509 0.237693304 0.331643228 0.773339751
10026.422242165 46.958037114 11.599982654 1.496855085 0.483181552 0.238998917 0.329813626 0.775008437
10026.455629299 46.996461753 11.590591264 1.498812484 0.480779418 0.241432810 0.326153992 0.777293332
10026.488991019 47.036796350 11.582128931 1.498573658 0.479025918 0.244124591 0.321227287 0.779583468
10026.522360509 47.063292490 11.576360103 1.496582623 0.478363506 0.245445229 0.317796029 0.780980588
10026.555752696 47.116540813 11.562668600 1.491538689 0.478051089 0.247201479 0.309525446 0.783934043
10026.589106297 47.159440162 11.550693415 1.487168996 0.479003096 0.247200038 0.301514541 0.786471333
10026.622478649 47.189416134 11.541732479 1.483552888 0.480312402 0.245905676 0.295278783 0.788442030
10026.655869112 47.225582348 11.527434524 1.476475529 0.482299028 0.242566395 0.286974654 0.791324674
10026.689227751 47.274288426 11.511200791 1.467473585 0.484628392 0.237016370 0.275616218 0.795609366
10026.722597461 47.301726231 11.502705058 1.463165887 0.485739143 0.234185362 0.269134141 0.797985912
10026.755982630 47.345526501 11.485006678 1.458846599 0.487145336 0.229459002 0.258315177 0.802066866
10026.789323609 47.389434455 11.469224305 1.457291643 0.488213365 0.223581898 0.247159624 0.806579795
10026.822714416 47.415363686 11.459856367 1.457909151 0.488732966 0.219983311 0.240674331 0.809211528
10026.856100969 47.464730062 11.440322452 1.461903834 0.490075441 0.209091422 0.226508394 0.815353167
10026.889435036 47.507004848 11.420421709 1.466013855 0.491083168 0.195322097 0.213316115 0.821695099
10026.922809991 47.533135099 11.407036291 1.468307968 0.491477990 0.186762716 0.205231512 0.825499303
10026.956252133 47.571452815 11.381840879 1.474448718 0.492839801 0.173899298 0.192535448 0.830540827
10026.989544894 47.606810856 11.358828562 1.480919077 0.495632874 0.158834483 0.177605209 0.835210184
10027.022918691 47.630707525 11.340416969 1.485564057 0.497945542 0.148234648 0.166082774 0.838148697
10027.056315003 47.664409828 11.315177718 1.490657954 0.500873939 0.137365348 0.150308186 0.841227382
10027.089656729 47.701452540 11.288798602 1.492978085 0.503848307 0.130931077 0.135329975 0.843018229
10027.123035110 47.725946335 11.269869189 1.493360408 0.506282506 0.127517402 0.125572141 0.843592895
10027.156403499 47.762377461 11.237235728 1.493471160 0.510735558 0.122994062 0.112223564 0.843461631
10027.189766759 47.789995911 11.210365663 1.491800986 0.514975960 0.118767736 0.101071010 0.842898948
10027.223151744 47.814579972 11.179905148 1.490136135 0.519474399 0.113581793 0.090510708 0.842053048
10027.256532729 47.839284593 11.142280092 1.487191066 0.524728869 0.106583678 0.078829587 0.840883720
10027.289862959 47.859780144 11.102489300 1.483670129 0.529389468 0.098908011 0.068202385 0.839828810
10027.323277334 47.869078467 11.074609614 1.481142577 0.532157672 0.093673747 0.061825925 0.839172805
10027.356630587 47.877486502 11.037997067 1.479582310 0.535180858 0.087882280 0.055286899 0.838332579
10027.389978122 47.882449342 10.990586195 1.480865970 0.537834247 0.079960308 0.048275952 0.837860432
10027.423354078 47.886419632 10.967449605 1.481887976 0.538777248 0.074915549 0.044509356 0.837929385
10027.456733881 47.897639471 10.918835684 1.487204555 0.539786812 0.062253424 0.036055921 0.838722051
10027.490083102 47.905599272 10.879723497 1.492066623 0.538836664 0.048329650 0.027242886 0.840581418
10027.523461951 47.910633495 10.857534191 1.494353095 0.537491458 0.040515853 0.022198695 0.842002741
10027.556842527 47.920351364 10.823028619 1.497682477 0.534658547 0.033111142 0.015590803 0.844275320
10027.590185581 47.938531367 10.784921887 1.502022728 0.531492907 0.034141437 0.010543739 0.846308739
10027.623561206 47.949985649 10.765103877 1.503987659 0.530181341 0.036829960 0.008083572 0.847045427
10027.656940817 47.967835918 10.731137820 1.506574902 0.529021283 0.041360394 0.003403323 0.847593191
10027.690308511 47.983749605 10.697033009 1.507644320 0.529060463 0.043506411 -0.002616664 0.847464083
10027.723678160 47.993267589 10.672136010 1.507781687 0.529591153 0.043080267 -0.007835882 0.847122129
10027.757042031 48.006491614 10.638159527 1.506710589 0.530844878 0.041651484 -0.015730430 0.846298661
10027.790402021 48.020955253 10.601034134 1.505107353 0.532678830 0.039945221 -0.023824323 0.845038487
10027.823786800 48.030542289 10.575299227 1.503815272 0.534012344 0.038358192 -0.029305228 0.844097547
10027.857163697 48.045976596 10.535151717 1.499583037 0.536095241 0.035289691 -0.037951602 0.842565254
10027.890522695 48.057084165 10.501042332 1.494202115 0.537399474 0.032247909 -0.045500341 0.841481786
10027.923892346 48.068386540 10.468246478 1.488305193 0.538185849 0.029639811 -0.052469138 0.840669057
10027.957253018 48.082789620 10.428588372 1.482660279 0.538701770 0.028126293 -0.059607416 0.839914442
10027.990619366 48.095902315 10.387940276 1.477192445 0.538813863 0.028937983 -0.065455935 0.839379375
10028.024027111 48.102845685 10.367233161 1.474949622 0.538784049 0.029499378 -0.067921667 0.839183045
10028.057390133 48.115627626 10.328640724 1.472280134 0.537897300 0.030401260 -0.072359805 0.839348746
10028.090729624 48.128464590 10.284757752 1.473465468 0.536274323 0.028965319 -0.077772710 0.839953728
10028.124127208 48.133844801 10.263804403 1.475443629 0.534979254 0.026097815 -0.081022100 0.840566191
10028.157483979 48.143185757 10.225154069 1.480421017 0.530983705 0.018562120 -0.087344871 0.842664006
10028.190842408 48.151199265 10.187404557 1.483007251 0.525869263 0.012308555 -0.092171751 0.845466963
10028.224217482 48.155867264 10.163683818 1.484866442 0.523080269 0.008961623 -0.094541760 0.846976137
10028.257580056 48.160988407 10.129401043 1.488729779 0.519693929 0.002392914 -0.098900339 0.848605454
10028.290948033 48.164575636 10.096691934 1.493337580 0.517317124 -0.003979475 -0.103521934 0.849500068
10028.324363490 48.168025594 10.072900705 1.495593148 0.516532052 -0.006553931 -0.106153063 0.849637106
10028.357702896 48.172151449 10.037643986 1.497616811 0.516685892 -0.009052878 -0.109246374 0.849128355
10028.391058697 48.176179869 10.000517837 1.498219333 0.517897571 -0.011474447 -0.112034282 0.847996912
10028.424458212 48.177354401 9.979084994 1.498149587 0.519076346 -0.012768416 -0.113305232 0.847088330
10028.457816210 48.178669539 9.937604692 1.497135654 0.522145538 -0.014833026 -0.114732722 0.844973621
10028.491207277 48.177738132 9.895134034 1.495427245 0.525802382 -0.017401820 -0.115803635 0.842507299
10028.524556753 48.176683303 9.871375964 1.494065527 0.527894900 -0.019310532 -0.116446632 0.841067334
10028.557934136 48.172413177 9.826257139 1.491047489 0.531717969 -0.024906104 -0.117858766 0.838310801
10028.591295181 48.166135480 9.780538398 1.486702400 0.534691061 -0.032417545 -0.119406474 0.835940587
10028.624684523 48.162500277 9.756139973 1.484383368 0.536118348 -0.035441397 -0.119449111 0.834896960
10028.658040113 48.155438745 9.709293602 1.481484035 0.538913302 -0.038510102 -0.117814299 0.833192184
10028.691420737 48.147284507 9.662970188 1.481529489 0.540840664 -0.041805145 -0.115662060 0.832085329
10028.724804060 48.141005825 9.630211046 1.483645790 0.541588881 -0.043698036 -0.113722493 0.831768694
10028.758157757 48.132234479 9.588679267 1.488522850 0.541999223 -0.045190146 -0.110043202 0.831916574
10028.791514226 48.123189021 9.548259485 1.494799122 0.540345816 -0.049845550 -0.108154752 0.832973211
10028.824897610 48.118335013 9.526626068 1.497862443 0.538380928 -0.053488161 -0.107966449 0.834043308
10028.858261276 48.113752455 9.487777351 1.501020020 0.534273033 -0.056040712 -0.106230553 0.836735821
10028.891624543 48.112048699 9.449079640 1.505154936 0.531485317 -0.049771644 -0.101399285 0.839502428
10028.925024000 48.111346155 9.429706263 1.508262292 0.530547869 -0.044943097 -0.098526796 0.840708955
10028.958374804 48.111823073 9.390336173 1.512761861 0.529741558 -0.036089033 -0.093582667 0.842207663
10028.991726618 48.111456608 9.355045759 1.515911518 0.530081190 -0.029698946 -0.089909152 0.842643607
10029.025120688 48.110770338 9.335193433 1.516789289 0.530655108 -0.026639565 -0.088167947 0.842568634
10029.058487024 48.110546470 9.292901727 1.516322848 0.532448422 -0.022512494 -0.085940467 0.841787445
10029.091838467 48.110600032 9.253327506 1.514530517 0.534304204 -0.020756719 -0.085494945 0.840701369
10029.125220337 48.110370607 9.232206710 1.513271469 0.535422019 -0.019936755 -0.085745650 0.839984209
10029.158592544 48.113907467 9.187327086 1.507799617 0.537600255 -0.018256937 -0.086966133 0.838504348
10029.191955114 48.117552515 9.152607127 1.500084422 0.539043638 -0.016008648 -0.088640628 0.837447621
10029.225348238 48.122294666 9.123805091 1.494199930 0.539961646 -0.013417454 -0.089777417 0.836780382
10029.258706144 48.130271145 9.080901368 1.484723011 0.541150082 -0.006808735 -0.090921367 0.835968621
10029.292096027 48.140852580 9.035826570 1.477661481 0.542146330 0.000764923 -0.091863048 0.835247240
10029.325470566 48.148550066 9.005993542 1.474905906 0.542504638 0.004964344 -0.092791307 0.834897507
10029.358817014 48.154660353 8.968774582 1.471594801 0.542429180 0.009558389 -0.095017782 0.834656123
10029.392187190 48.165361118 8.923783780 1.473527885 0.541559892 0.010876110 -0.099040246 0.834736859
10029.425581819 48.172502570 8.893849099 1.477120735 0.540181187 0.008493802 -0.102700660 0.835215371
10029.458938355 48.178317297 8.855431811 1.479819641 0.536558575 0.001953653 -0.108705972 0.836829786
10029.492306597 48.183757993 8.816889801 1.481459178 0.532342994 -0.005432698 -0.114047505 0.838793532
10029.525683367 48.187779416 8.789669936 1.483742013 0.529963790 -0.010088055 -0.117210610 0.839820389
10029.559059046 48.195533054 8.752524804 1.487737660 0.527751926 -0.016308459 -0.121540516 0.840499757
10029.592427772 48.201452479 8.707122401 1.494519212 0.525843245 -0.024978012 -0.128478684 0.840451194
10029.625808222 48.204868892 8.680816798 1.497138250 0.525548341 -0.028394288 -0.132155291 0.839956954
10029.659164491 48.211008531 8.639426903 1.499476899 0.526322461 -0.031108138 -0.136551105 0.838672014
10029.692541208 48.213851603 8.603904516 1.500436238 0.527941685 -0.032370347 -0.139739403 0.837079827
10029.725908584 48.218424979 8.555027880 1.498634071 0.531316821 -0.032946936 -0.142666659 0.834423849
10029.759277083 48.220311464 8.526434597 1.497054416 0.533895441 -0.032651294 -0.143629467 0.832622440
10029.792646424 48.222353936 8.482176855 1.493243700 0.538181492 -0.032166231 -0.144511078 0.829724390
10029.826016702 48.222219588 8.431686206 1.488836940 0.542939230 -0.032996801 -0.144986872 0.826502880
10029.859394587 48.220980937 8.401280885 1.485136414 0.545398908 -0.034843800 -0.145433131 0.824727316
10029.892764817 48.217207907 8.353087225 1.478506460 0.548367010 -0.038408764 -0.145747345 0.822542461
10029.926129589 48.211699634 8.305897393 1.474240936 0.550956849 -0.040781281 -0.144286054 0.820953697
10029.959495177 48.207988022 8.282392626 1.473611888 0.551879456 -0.042410630 -0.143148246 0.820450477
10029.992868232 48.200383266 8.226809882 1.476929705 0.552766296 -0.046302229 -0.140447487 0.820109766
10030.026255443 48.192539487 8.182260611 1.483657960 0.551896612 -0.049989339 -0.137696393 0.820945125
10030.059634447 48.186668276 8.154520735 1.489086592 0.550074231 -0.054176026 -0.136317274 0.822131924
10030.092978468 48.180425525 8.113029710 1.496458369 0.545099960 -0.061626662 -0.134943450 0.825141475
10030.126349125 48.177208860 8.076730096 1.501947182 0.539855932 -0.062940828 -0.131156541 0.829091060
10030.159726965 48.177242429 8.056766383 1.504423367 0.537589948 -0.059830037 -0.127663132 0.831335996
10030.193085131 48.177022642 8.018831010 1.509550129 0.533613943 -0.048748115 -0.118863321 0.835913447
10030.226457789 48.177652076 7.993726838 1.511706811 0.531573175 -0.040895143 -0.113367130 0.838394561
10030.259822190 48.179940460 7.959231772 1.512717601 0.529557153 -0.031420326 -0.106985249 0.840913873
10030.293194552 48.183337689 7.922320438 1.511393500 0.528224763 -0.023879959 -0.101641644 0.842660859
10030.326576896 48.184615458 7.888115120 1.510446992 0.527342189 -0.019795899 -0.098124639 0.843735677
10030.359931597 48.184179133 7.871760534 1.509751931 0.527116218 -0.018518324 -0.096791779 0.844059782
10030.393299649 48.185023502 7.829106108 1.507071142 0.526955071 -0.017362718 -0.094708836 0.844421178
10030.426677882 48.188940325 7.789798303 1.502558560 0.527169310 -0.017562667 -0.094194803 0.844340814
10030.460064754 48.191184027 7.767105297 1.499290757 0.527207016 -0.017968814 -0.094193971 0.844308818
10030.493422091 48.194886702 7.723355788 1.490574353 0.526589426 -0.019205303 -0.094467056 0.844636435
10030.526825092 48.201351874 7.681561742 1.482126530 0.525763573 -0.018155757 -0.094400034 0.845181441
10030.560177633 48.206763632 7.655907064 1.476741055 0.525286629 -0.015553743 -0.094154592 0.845557184
10030.593553656 48.215483219 7.617393284 1.471613085 0.524395569 -0.011399676 -0.094003224 0.846193080
10030.626932640 48.226180534 7.575719122 1.469774273 0.522797832 -0.008649941 -0.095560990 0.847039375
10030.660311083 48.231460326 7.552891359 1.469938250 0.521431966 -0.008823135 -0.097473900 0.847661310
10030.693713250 48.240351755 7.508224373 1.472406079 0.517511567 -0.012978217 -0.102521143 0.849413185
10030.727071085 48.246747216 7.468947452 1.473426619 0.512086670 -0.017630757 -0.107522758 0.851994868
10030.760423358 48.250823454 7.443022405 1.474375397 0.508572007 -0.019840864 -0.110342872 0.853689232
10030.793786623 48.257044495 7.404886592 1.478070878 0.504275642 -0.022991779 -0.114833333 0.855564586
10030.827158227 48.262505529 7.368606649 1.483341237 0.501229814 -0.026756297 -0.120093276 0.856522258
10030.860524145 48.265552327 7.347284496 1.486292643 0.500128206 -0.028345611 -0.123001822 0.856702315
10030.893900163 48.271823869 7.304611604 1.489908150 0.499206077 -0.029338646 -0.127627441 0.856530077
10030.927274477 48.276402981 7.266280460 1.490739892 0.499976508 -0.028682044 -0.130189014 0.855717040
10030.960643938 48.278873792 7.239004030 1.489978505 0.501186528 -0.028123934 -0.131312487 0.854855625
10030.994008834 48.281003202 7.198319697 1.487708986 0.503946287 -0.027860556 -0.131917620 0.853146922
10031.027387290 48.281446759 7.156389550 1.484567814 0.507416672 -0.028031634 -0.131786181 0.851102197
10031.060761637 48.280841061 7.131309515 1.482324195 0.509723220 -0.028379799 -0.131418875 0.849768148
10031.094139647 48.277865359 7.081544541 1.477077175 0.514350540 -0.030725165 -0.130512176 0.847033682
10031.127487174 48.272340023 7.039161648 1.471604127 0.517518747 -0.035128763 -0.129829950 0.845035207
10031.160856101 48.269632539 7.012861756 1.468916559 0.519160188 -0.037363660 -0.129003357 0.844058523
10031.194236948 48.261936783 6.963383685 1.465423410 0.522071461 -0.040593591 -0.126434518 0.842500957
10031.227594518 48.253131120 6.920236802 1.465624458 0.523408423 -0.045386296 -0.124444115 0.841722858
10031.260956135 48.246648680 6.890423623 1.467854163 0.523614601 -0.048451605 -0.123143589 0.841615024
10031.294330764 48.237214780 6.852515290 1.472824499 0.522486563 -0.052115928 -0.120708932 0.842449450
10031.327712173 48.229756486 6.817679828 1.477111746 0.518765732 -0.057696861 -0.119535402 0.844549865
10031.361072105 48.224446580 6.793698620 1.478404293 0.515118456 -0.061343008 -0.119035605 0.846593489
10031.394443301 48.220429717 6.763589959 1.479154845 0.510317446 -0.061734306 -0.117065805 0.849741476
10031.427798864 48.221304341 6.729632086 1.480354606 0.505892376 -0.055508941 -0.113233082 0.853328735
10031.461167646 48.220529036 6.709458535 1.482207977 0.503733560 -0.051095718 -0.111416524 0.855118756
10031.494560552 48.222004691 6.680459886 1.484798610 0.501593918 -0.046923724 -0.110886445 0.856683081
10031.527908230 48.225679408 6.647758980 1.487078686 0.500376455 -0.045664962 -0.113291183 0.857148308
10031.561275008 48.225754368 6.629856089 1.488946916 0.500095372 -0.046787058 -0.115810420 0.856915128
10031.594654058 48.230765356 6.596089809 1.489401033 0.500246912 -0.050983762 -0.122231904 0.855694481
10031.628014199 48.233445970 6.557595389 1.490027622 0.501047008 -0.057922147 -0.132275468 0.853287830
10031.661377698 48.234742561 6.537122673 1.490078255 0.501769677 -0.062044895 -0.138280682 0.851619677
10031.694789909 48.237508534 6.495280937 1.489464665 0.503486815 -0.071663994 -0.151703624 0.847556081
10031.728111644 48.239490223 6.460457091 1.488221414 0.504858395 -0.081051240 -0.164659181 0.843466687
10031.761479227 48.241864965 6.433423555 1.487263240 0.505831834 -0.088461468 -0.175551054 0.839934850
10031.794861575 48.246047692 6.391125323 1.485774639 0.507614717 -0.098113052 -0.193259394 0.833877650
10031.828223138 48.252584812 6.348336067 1.484560040 0.509384789 -0.106070909 -0.211765022 0.827303858
10031.861590882 48.256824030 6.320474660 1.483700283 0.510069822 -0.112079362 -0.224773742 0.822644369
10031.894979064 48.262380414 6.283343947 1.482417186 0.510058620 -0.121057157 -0.243431175 0.816043278
10031.928319594 48.270843341 6.236907422 1.482483756 0.508784372 -0.131823124 -0.265994424 0.808089162
10031.961689240 48.274771545 6.209425397 1.482830287 0.507419495 -0.139008159 -0.280016836 0.802989887
10031.995065411 48.278810507 6.167947104 1.483936895 0.503806141 -0.150544484 -0.300952578 0.795577323
10032.028425286 48.282374170 6.127941812 1.485845079 0.499110976 -0.162410381 -0.321721509 0.788039575
10032.061796936 48.284924498 6.100439586 1.487821561 0.495261977 -0.170884213 -0.336292099 0.782573820
10032.095184633 48.283907959 6.055637223 1.491774218 0.487552955 -0.185602946 -0.359736427 0.773584750
10032.128527698 48.284838275 6.018805150 1.493898017 0.479193632 -0.200468009 -0.381521127 0.764609488
10032.161902351 48.284691421 6.000620391 1.494915221 0.474395135 -0.208836572 -0.393201555 0.759426809
10032.195306353 48.283784946 5.962949314 1.497922070 0.464124008 -0.226536614 -0.417765980 0.747490236
10032.228636821 48.278140491 5.928974548 1.501946842 0.455406356 -0.241192039 -0.439266671 0.735850694
10032.262005164 48.277509708 5.911376774 1.503610653 0.450763639 -0.249002535 -0.451693902 0.728548213
10032.295413261 48.271381637 5.877345246 1.506412622 0.442509195 -0.262523380 -0.474954309 0.713922609
10032.328764106 48.268643902 5.849578358 1.506867036 0.435579053 -0.273644855 -0.495979591 0.699566742
10032.362111671 48.267900829 5.834656344 1.505628567 0.431986086 -0.279229056 -0.507471028 0.691297556
10032.395506692 48.265450572 5.804397454 1.503829562 0.425634795 -0.288576274 -0.529289805 0.674841505
10032.428849869 48.261448899 5.777600169 1.502226255 0.420491569 -0.295635154 -0.548190652 0.659752761
10032.462217241 48.258475830 5.761654264 1.500915929 0.417174566 -0.300013880 -0.560196836 0.649720369
10032.495626553 48.252596083 5.742323617 1.498848501 0.411945084 -0.306604427 -0.576774216 0.635316045
10032.528953016 48.243824190 5.726052129 1.496977517 0.404911074 -0.314841691 -0.595387306 0.618413849
10032.562320152 48.235465832 5.722380513 1.496130667 0.399620360 -0.320767893 -0.607105074 0.607317837
10032.595732886 48.222083034 5.721735108 1.495679183 0.390661577 -0.330355866 -0.624172985 0.590471523
10032.629057985 48.208790443 5.720940955 1.495561667 0.380630267 -0.340733114 -0.640865241 0.572986289
10032.662425779 48.197977063 5.727113297 1.496107286 0.373137802 -0.348264603 -0.652129450 0.560541816
10032.695822000 48.182238805 5.735187008 1.496343159 0.361336554 -0.359889565 -0.668510920 0.541302637
10032.729164214 48.166599304 5.743074949 1.497149884 0.349618293 -0.371382997 -0.683444967 0.522249648
10032.762536128 48.158412710 5.748188975 1.497246243 0.342675133 -0.378105906 -0.691718847 0.511013418
10032.795934740 48.139043362 5.762815192 1.498043983 -0.329012114 0.391226274 0.706605755 -0.489286561
10032.829268705 48.124135232 5.768408440 1.498364287 -0.316561883 0.402829849 0.719032217 -0.469584239
10032.862630462 48.111886979 5.775117992 1.498518313 -0.307506231 0.411226401 0.727213464 -0.455514372
10032.896021908 48.097142732 5.787279881 1.498705959 -0.295424418 0.422349900 0.737147863 -0.436987418
10032.929369494 48.079301632 5.803438668 1.499331011 -0.281806031 0.434945446 0.747280770 -0.415907766
10032.962763793 48.069086710 5.816624509 1.499916551 -0.273170287 0.442874101 0.753222976 -0.402362614
10032.996126138 48.054564317 5.836746277 1.499262829 -0.260623413 0.454134679 0.760919231 -0.383195843
10033.029482339 48.043929953 5.860516782 1.497450107 -0.247518527 0.465186619 0.768190737 -0.363619278
10033.062857944 48.037098023 5.875257003 1.497172094 -0.240380348 0.470828120 0.771891224 -0.353160173
10033.096244104 48.020836849 5.907488085 1.495975912 -0.226157728 0.481500049 0.778921034 -0.332103008
10033.129578556 48.012551469 5.935807521 1.493325104 -0.214756293 0.489209212 0.784630871 -0.314497183
10033.162949177 48.005441369 5.951790379 1.492733331 -0.208291577 0.493141767 0.787982619 -0.304153264
10033.196343320 47.991896637 5.981171046 1.492696478 -0.196078594 0.499414298 0.794573751 -0.284237749
10033.229702286 47.978990813 6.007646055 1.492238358 -0.184698843 0.503523087 0.801615558 -0.264127499
10033.263073622 47.969541222 6.024163421 1.491972518 -0.179358119 0.504766644 0.806059758 -0.251612733
10033.296465740 47.955420925 6.045732898 1.490732688 -0.173200968 0.505476717 0.812248307 -0.233981627
10033.329821024 47.941025272 6.068185990 1.490641807 -0.166749888 0.506233712 0.818035714 -0.216193139
10033.363176365 47.932284448 6.080998870 1.490604001 -0.162614352 0.506957501 0.821111854 -0.205732808
10033.396575251 47.914982177 6.107125960 1.491225389 -0.153311256 0.509116384 0.826493580 -0.184944662
10033.429906373 47.898122858 6.130260177 1.491803429 -0.144075041 0.511664476 0.830699074 -0.165471735
10033.463278723 47.886826259 6.147084497 1.491941443 -0.137700041 0.513795391 0.832944336 -0.152501567
10033.496660381 47.870207232 6.168156878 1.491960929 -0.128520870 0.517364446 0.835378372 -0.134012651
10033.530010749 47.852930690 6.193731311 1.492014599 -0.119497728 0.521536637 0.836830858 -0.115904896
10033.563386774 47.835735141 6.220443962 1.491082746 -0.110246459 0.526529138 0.837299762 -0.097682617
10033.596773261 47.823361283 6.240019716 1.490825040 -0.104025066 0.530149083 0.837150736 -0.085436409
10033.630114879 47.806663293 6.265897667 1.489818604 -0.095289309 0.535588168 0.836317254 -0.068108100
10033.663501166 47.788641115 6.294803059 1.488724327 -0.086711041 0.540790143 0.835118078 -0.051039335
10033.696937709 47.776747968 6.315846663 1.486889664 -0.080872462 0.544114251 0.834172737 -0.039435664
10033.730224809 47.758987740 6.346756985 1.483255718 -0.072472326 0.548324044 0.832800475 -0.023062384
10033.763600278 47.739936481 6.379884268 1.479502213 -0.063598699 0.551893394 0.831459865 -0.006586296
10033.796981710 47.726180694 6.403331749 1.477328103 -0.057619900 0.553786180 0.830651156 0.004412642
10033.830333501 47.706036581 6.435889473 1.473658471 -0.049239066 0.555330219 0.829930163 0.019994664
10033.863721379 47.687420768 6.463864948 1.470978246 -0.041755174 0.555472262 0.829789505 0.034006596
10033.897090797 47.669029057 6.491683603 1.469921278 -0.034641239 0.554820042 0.829903170 0.047280380
10033.930441324 47.647548444 6.525299492 1.469274963 -0.025057590 0.552618636 0.830597992 0.063966680
10033.963846847 47.628784021 6.558219320 1.469432077 -0.015024104 0.549317905 0.831663132 0.079753054
10033.997203751 47.616849337 6.580298984 1.470257188 -0.008452911 0.546589800 0.832504823 0.090021438
10034.030548988 47.601036392 6.613784154 1.472017662 0.000345451 0.543313181 0.833097577 0.103726056
10034.063924041 47.588104969 6.647094376 1.475445186 0.011806917 0.540420122 0.832948916 0.118333397
10034.097307356 47.581267702 6.668515097 1.477123346 0.021444370 0.538410989 0.832426838 0.129303152
10034.130652618 47.570079159 6.703008783 1.479513558 0.033362191 0.536298600 0.830902946 0.144468231
10034.164029520 47.559265343 6.738258784 1.479903743 0.040870903 0.535573255 0.828752359 0.157036256
10034.197404968 47.553008752 6.760339492 1.479150271 0.044598440 0.535805809 0.827067075 0.163960871
10034.230759534 47.544282473 6.799281051 1.477494768 0.050709122 0.537161269 0.823629390 0.174702559
10034.264140781 47.538205662 6.842461123 1.476311534 0.057397587 0.539771975 0.819271245 0.184787335
10034.297515318 47.535999014 6.869555719 1.474911654 0.061455744 0.541825332 0.816258040 0.190712644
10034.330860881 47.534997518 6.900691661 1.473365649 0.066167904 0.544441239 0.812685302 0.196845487
10034.364233760 47.538644240 6.952793056 1.468338098 0.075298438 0.548960129 0.806655981 0.205618700
10034.397599836 47.541865920 6.981381041 1.464930467 0.080408845 0.550858481 0.803827791 0.209643114
10034.430964237 47.550133909 7.022496144 1.460254195 0.086206323 0.553620912 0.800421459 0.213067698
10034.464351806 47.560288785 7.064835473 1.457295271 0.090929849 0.556234769 0.797746186 0.214326075
10034.497729063 47.569961869 7.091116294 1.457231005 0.095153603 0.557185149 0.796476221 0.214746667
10034.531069218 47.584936825 7.130369404 1.458267554 0.102049241 0.557055462 0.795733853 0.214669047
10034.564446376 47.600420133 7.164406631 1.461364804 0.108743627 0.554698737 0.796770368 0.213637815
10034.597831698 47.608790452 7.182745662 1.463503962 0.113201448 0.552154123 0.798097300 0.212959985
10034.631168251 47.625614195 7.214867118 1.467501656 0.121974813 0.545084461 0.801806129 0.212395874
10034.664553736 47.636251694 7.242867347 1.471440262 0.125280051 0.538771665 0.806073600 0.210417094
10034.697956564 47.640832768 7.258696243 1.474643294 0.124028541 0.535937395 0.808768067 0.208043851
10034.731269113 47.645891172 7.290955457 1.479322532 0.117725299 0.532173595 0.813628975 0.202336132
10034.764665890 47.650144073 7.317310881 1.481363236 0.110871789 0.530090668 0.817211175 0.197173085
10034.798016739 47.652468530 7.337732633 1.482770873 0.105219503 0.529461941 0.819299942 0.193252464
10034.831372936 47.654660332 7.366502950 1.482321367 0.095183259 0.529879331 0.821750618 0.186799262
10034.864764932 47.656885122 7.396769477 1.480705850 0.084313902 0.531542986 0.823475715 0.179557699
10034.898118837 47.658551830 7.418419076 1.479413091 0.076607359 0.533208852 0.824343454 0.174004317
10034.931471276 47.659099551 7.448865785 1.477689960 0.065637663 0.536455042 0.825002723 0.165161106
10034.964877697 47.661433346 7.481235645 1.474675928 0.055392249 0.539999208 0.825343548 0.155372397
10034.998220889 47.663025674 7.499302254 1.473046537 0.050064411 0.542067790 0.825475341 0.149152699
10035.031587162 47.668355902 7.536809220 1.466777343 0.040215468 0.545604941 0.825920604 0.136209836
10035.064989468 47.670661398 7.567065447 1.462271112 0.031533212 0.548410713 0.826402069 0.123737494
10035.098350930 47.673681962 7.590318859 1.458623547 0.025162048 0.550018357 0.826861795 0.114657099
10035.131705020 47.677332175 7.623956252 1.456792964 0.015339795 0.551896832 0.827648335 0.100860352
10035.165090214 47.679149479 7.656952922 1.455311695 0.004558703 0.552827067 0.828781975 0.086497917
10035.198453268 47.680769983 7.679555147 1.455113645 -0.002541405 0.552843323 0.829692801 0.077250614
10035.231826221 47.684298601 7.713449774 1.457231580 -0.012087596 0.551565862 0.831608160 0.063693466
10035.265194332 47.688358968 7.742178150 1.459269868 -0.020311526 0.548620918 0.834260474 0.051107654
10035.298563505 47.692106283 7.761972925 1.459795897 -0.027790769 0.545691265 0.836538323 0.040649119
10035.331932078 47.697803759 7.785583597 1.461218532 -0.039264243 0.542118041 0.838966022 0.026502120
10035.365312156 47.704173433 7.814659740 1.466397526 -0.054605998 0.538312075 0.840945427 0.007006013
10035.398675669 47.708076249 7.829362939 1.469391861 -0.061080481 0.536755498 0.841521127 -0.002214416
10035.432041681 47.716196582 7.854165698 1.474590342 -0.073679283 0.534602971 0.841639817 -0.020333327
10035.465410014 47.727010745 7.881585092 1.478296573 -0.086936730 0.533297655 0.840496222 -0.040021463
10035.498771393 47.734720995 7.899632400 1.480201367 -0.095429432 0.532774804 0.839165589 -0.053341784
10035.532129461 47.746604322 7.928207425 1.482105166 -0.108804235 0.532563684 0.836092391 -0.074074791
10035.565518097 47.757157691 7.953215703 1.483657701 -0.122264322 0.532358666 0.832320715 -0.094275730
10035.598868129 47.768501709 7.976077509 1.483832347 -0.133880238 0.532177889 0.828425094 -0.112136703
10035.632226083 47.782966559 8.008609989 1.483194394 -0.147957313 0.531851804 0.822777778 -0.135199927
10035.665614971 47.800281013 8.038463211 1.482677067 -0.160767289 0.531169611 0.816608994 -0.158626839
10035.698986322 47.810735346 8.057429856 1.481780017 -0.167448444 0.530632122 0.812912408 -0.171941812
10035.732337575 47.832196899 8.096439960 1.480806722 -0.178537786 0.529383597 0.805582814 -0.197265296
10035.765709342 47.853030142 8.131026338 1.480045636 -0.185964967 0.527866338 0.799460852 -0.218257888
10035.799073944 47.866661564 8.153647149 1.479158865 -0.189636158 0.526757464 0.795978314 -0.230180854
10035.832440461 47.890728225 8.194641064 1.478273137 -0.196429866 0.523987514 0.789837694 -0.251015558
10035.865824990 47.915387271 8.240481582 1.477082300 -0.205074747 0.519660657 0.783346085 -0.272518000
10035.899182135 47.931415857 8.268741047 1.477762282 -0.211463245 0.516385593 0.779047130 -0.285857980
10035.932547727 47.952525070 8.313322085 1.481642634 -0.219161216 0.512374981 0.773272861 -0.302472020
10035.965956192 47.971700953 8.354841235 1.486643445 -0.222029680 0.510489865 0.769336305 -0.313407991
10035.999303320 47.984839230 8.386225210 1.488991388 -0.221569341 0.509897738 0.767675105 -0.318725990
10036.032656865 48.000804422 8.427813130 1.491669437 -0.220559990 0.509363193 0.766462278 -0.323168694
10036.066042293 48.012089537 8.466325921 1.494927874 -0.220842151 0.509049943 0.765874815 -0.324857920
10036.099396862 48.017459322 8.490171638 1.497149950 -0.219712911 0.509819652 0.766234306 -0.323566295
10036.132761806 48.024057882 8.527284891 1.500014514 -0.214151492 0.513286609 0.768011638 -0.317543887
10036.166134085 48.026655383 8.561815557 1.502216526 -0.205900278 0.518566882 0.770800657 -0.307505791
10036.199494734 48.027084705 8.582206623 1.502706461 -0.200016233 0.522084536 0.772902077 -0.300072696
10036.232853526 48.026136692 8.620739330 1.503054009 -0.187522363 0.529300963 0.777695704 -0.282604398
10036.266246298 48.020568697 8.651888418 1.503026136 -0.175631783 0.535868936 0.782731849 -0.263303652
10036.299601740 48.017176582 8.671285686 1.502162449 -0.168567068 0.539609720 0.785723670 -0.251087252
10036.333019763 48.008405727 8.707688943 1.500124739 -0.153842901 0.546798305 0.791507584 -0.225520997
10036.366361399 47.999249962 8.740437322 1.498414036 -0.138978187 0.553263561 0.796631513 -0.199906797
10036.399720160 47.993846637 8.762103488 1.496745276 -0.129480272 0.556960103 0.799508566 -0.183892240
10036.433085335 47.982157443 8.801689575 1.492340818 -0.110271731 0.563065971 0.804788657 -0.152026564
10036.466468379 47.971395088 8.840882294 1.485434131 -0.091497487 0.567462143 0.809253308 -0.121342529
10036.499822055 47.965140793 8.862137744 1.481115325 -0.081119960 0.569214672 0.811564602 -0.103812843
10036.533189728 47.951894562 8.902840300 1.473422340 -0.064733232 0.570672134 0.815387278 -0.072708395
10036.566567082 47.939275580 8.939581247 1.468146232 -0.053730756 0.570732577 0.818025300 -0.047031271
10036.599931849 47.929022433 8.967982772 1.464460872 -0.045595708 0.569864953 0.820013479 -0.027438319
10036.633298390 47.912544622 9.006582377 1.463415435 -0.034046681 0.567476608 0.822684545 0.001123876
10036.666672732 47.895420870 9.051868332 1.465377942 -0.020059102 0.563220397 0.825369497 0.033846854
10036.700066409 47.887353887 9.080555391 1.466293185 -0.012297685 0.559684083 0.826965679 0.052251892
10036.733397747 47.878617851 9.116784343 1.467178150 -0.002909377 0.554757461 0.828627820 0.074910816
10036.766769780 47.871113310 9.160096544 1.470239158 0.008988327 0.550367604 0.828937589 0.099384024
10036.800137542 47.867618535 9.189043451 1.473330308 0.017106624 0.548178017 0.828271184 0.114782712
10036.833501569 47.860948986 9.226070362 1.478198522 0.028005118 0.545875755 0.826326893 0.135717500
10036.866876825 47.860090838 9.265455489 1.478303761 0.036515308 0.545472603 0.823571182 0.151184591
10036.900255204 47.860805298 9.300172890 1.478254818 0.044408217 0.545707294 0.820666735 0.163516265
10036.933618768 47.868262640 9.343529669 1.475225717 0.056895444 0.547032044 0.816093496 0.177511285
10036.967003719 47.876200499 9.385591480 1.473377197 0.069955324 0.549226268 0.810808300 0.189859581
10037.000345967 47.882391712 9.410074112 1.472339441 0.075977322 0.550960246 0.807818790 0.195189796
10037.033710460 47.895570470 9.459826617 1.468427513 0.086773366 0.555394355 0.801669406 0.203306805
10037.067086898 47.909604439 9.507093633 1.463639514 0.095992784 0.559216377 0.796682749 0.208228303
10037.100461255 47.920906149 9.529706032 1.459630953 0.101407211 0.561058988 0.794268146 0.209922609
10037.133818841 47.940460556 9.579711213 1.452614943 0.108294523 0.564424414 0.790975486 0.209893208
10037.167192458 47.958074643 9.628219432 1.448472465 0.109274513 0.567392075 0.789965083 0.205135278
10037.200578612 47.971541504 9.656868516 1.447637620 0.108186881 0.568483952 0.790576206 0.200276953
10037.233933287 47.986861602 9.693302959 1.448237312 0.104490961 0.568192871 0.793140611 0.192786077
10037.267309155 48.005327773 9.738870388 1.452460515 0.100227754 0.564946453 0.798014745 0.184288819
10037.300674359 48.015931013 9.761970868 1.455372043 0.099789861 0.561024045 0.801636271 0.180757551
10037.334038059 48.029305407 9.787505422 1.459727881 0.094798946 0.555649869 0.807369575 0.174415461
10037.367406207 48.037477926 9.815798572 1.465507745 0.080164801 0.552645286 0.813360443 0.163099916
10037.400768705 48.040869974 9.836561058 1.469593592 0.068016216 0.551555726 0.816951333 0.154112279
10037.434132939 48.044266667 9.862855037 1.474495739 0.053157826 0.550827288 0.820627763 0.142595995
10037.467511440 48.049692116 9.899697005 1.479375480 0.035756008 0.550845308 0.824091572 0.127137860
10037.500881185 48.055593201 9.931409934 1.481113634 0.023965370 0.551536233 0.825874002 0.114741353
10037.534237441 48.059633321 9.952758200 1.480977168 0.018865231 0.552272538 0.826441325 0.107860484
10037.567607783 48.064097929 9.987342292 1.480473517 0.012473939 0.554075453 0.826656764 0.097382691
10037.600978584 48.066947181 10.021735867 1.478824054 0.007616566 0.556460846 0.826125358 0.088375379
10037.634343719 48.067920269 10.045763030 1.476378364 0.004646530 0.558379713 0.825440912 0.082691030
10037.667714505 48.065788092 10.080810146 1.471479645 0.001164949 0.560934847 0.824424254 0.075335182
10037.701087529 48.061138587 10.114533151 1.464066505 -0.002309350 0.562811906 0.823744038 0.068433805
10037.734450062 48.056171548 10.132466430 1.459755463 -0.005367281 0.563575882 0.823520192 0.064559353
10037.767820572 48.043359715 10.169531537 1.451958401 -0.016165027 0.565037376 0.823104402 0.054503201
10037.801204609 48.029636472 10.202834937 1.447963897 -0.026173133 0.565355082 0.823131818 0.046288325
10037.834572615 48.019439523 10.223636634 1.446095135 -0.031808466 0.564368507 0.823840603 0.041988943
10037.867933203 48.000719495 10.253395332 1.444736080 -0.039355730 0.560505058 0.826416069 0.036355033
10037.901301044 47.984608201 10.281549841 1.444942064 -0.045013567 0.554419229 0.830463343 0.030392990
10037.934671640 47.975288307 10.297891451 1.444413642 -0.048934307 0.549691458 0.833546170 0.025407033
10037.968059740 47.963971740 10.324736191 1.444176375 -0.055927722 0.542569654 0.837993408 0.016040878
10038.001416720 47.954921469 10.351401432 1.446760122 -0.061987108 0.536860623 0.841362508 0.006884728
10038.034782047 47.948926496 10.369459550 1.450068587 -0.065604431 0.533903889 0.842995719 0.000955888
10038.068153089 47.938500401 10.397951847 1.455252100 -0.072885196 0.530438266 0.844532337 -0.009387546
10038.101537940 47.928399510 10.426414213 1.457762216 -0.081904757 0.528468030 0.844731010 -0.021039804
10038.134892289 47.922331710 10.447550067 1.457855416 -0.087589418 0.527961222 0.844226667 -0.029434270
10038.168249443 47.914156969 10.482423154 1.456677933 -0.094183079 0.528530761 0.842615001 -0.042246221
10038.201613406 47.905319889 10.517129390 1.455720714 -0.100587542 0.530382099 0.839926540 -0.055681087
10038.234986834 47.900069937 10.537436811 1.454495988 -0.105170315 0.531901941 0.837811850 -0.063959628
10038.268353160 47.890053779 10.577123386 1.452100380 -0.114767079 0.535198280 0.833030152 -0.080324870
10038.301728414 47.879889477 10.613159966 1.448589767 -0.122012985 0.538249135 0.828537403 -0.094480008
10038.335100344 47.873185306 10.637520762 1.445844502 -0.125729415 0.540203125 0.825607796 -0.103655513
10038.368463845 47.862135814 10.675930525 1.440341278 -0.131798475 0.542500164 0.821188305 -0.118205338
10038.401833689 47.849972873 10.715311113 1.436831845 -0.139598115 0.543731854 0.816677791 -0.133811144
10038.435228862 47.842524172 10.737420764 1.436181133 -0.144209986 0.544024626 0.814199097 -0.142550052
10038.468565663 47.827060378 10.781597253 1.436513518 -0.153963819 0.543054033 0.809654158 -0.160771899
10038.501958814 47.812548699 10.819663228 1.441572437 -0.163770843 0.540481510 0.805964207 -0.177427578
10038.535345967 47.803849128 10.841315107 1.445877947 -0.168559519 0.538381543 0.804326617 -0.186525324
10038.568686297 47.789306528 10.878388108 1.453047630 -0.173876507 0.533176927 0.802863619 -0.202235839
10038.602052550 47.775336015 10.907864494 1.457860042 -0.181664378 0.526088900 0.801740156 -0.217810114
10038.635427205 47.764963713 10.924959017 1.460771340 -0.191051339 0.520118045 0.800127670 -0.229722261
10038.668784420 47.748720049 10.950117552 1.464718744 -0.207951247 0.510466491 0.796562278 -0.248331991
10038.702163536 47.734513591 10.971955975 1.467111951 -0.220225083 0.503319256 0.793116995 -0.262937389
10038.735533399 47.721165210 10.992310446 1.468893926 -0.228669726 0.498430517 0.790035289 -0.274082868
10038.768872789 47.702560074 11.017940148 1.469591557 -0.236414088 0.494342684 0.786300760 -0.285420399
10038.802245827 47.681448992 11.043009020 1.469263794 -0.242343439 0.491932364 0.782599307 -0.294636270
10038.835646703 47.667305390 11.055617367 1.469720716 -0.245436227 0.491240943 0.780435855 -0.298936900
10038.868984795 47.638163251 11.078985042 1.468976512 -0.250598373 0.490798406 0.776467184 -0.305640463
10038.902356546 47.609525068 11.098562959 1.465866419 -0.254838422 0.491163345 0.773078979 -0.310104561
10038.935758948 47.588194157 11.113292459 1.462230354 -0.257545669 0.491619415 0.770922717 -0.312503990
10038.969129782 47.554511370 11.130087262 1.455264205 -0.260788940 0.492192633 0.768480239 -0.314918502
10039.002479980 47.518160889 11.141592438 1.447229690 -0.263368685 0.492476951 0.766989715 -0.315959120
10039.035873502 47.495752347 11.147372530 1.443496740 -0.265086093 0.492541562 0.766271910 -0.316163775
10039.069207483 47.451512824 11.160914087 1.438394318 -0.267812474 0.492564376 0.765539565 -0.315604165
10039.102583521 47.410530164 11.170083974 1.437123574 -0.267982972 0.492264471 0.766626146 -0.313281294
10039.135968391 47.385914382 11.174677855 1.438099521 -0.267403166 0.491807361 0.767837789 -0.311522386
10039.169314532 47.345110048 11.184864802 1.441895507 -0.264560039 0.490720824 0.770746257 -0.308465988
10039.202678108 47.304914536 11.190329873 1.442671443 -0.258468980 0.488763455 0.775205550 -0.305549385
10039.236088357 47.284621179 11.196768564 1.443422706 -0.255089407 0.487688957 0.777531543 -0.304193319
10039.269412226 47.246925257 11.210799867 1.446819326 -0.249827847 0.486225218 0.781142972 -0.301640084
10039.302780396 47.210047316 11.221734160 1.452318322 -0.244560587 0.485920989 0.784418435 -0.297923867
10039.336236957 47.190760729 11.227128285 1.453459776 -0.242208086 0.486054834 0.785983847 -0.295491682
10039.369514542 47.149819135 11.239787196 1.458407979 -0.239169054 0.487085189 0.788165816 -0.290414925
10039.402884669 47.113102312 11.252566030 1.461695708 -0.238036693 0.488596963 0.789236893 -0.285861272
10039.436278054 47.091332740 11.260027487 1.462976980 -0.237931967 0.489683357 0.789510796 -0.283321889
10039.469619475 47.050762713 11.276502877 1.461632165 -0.238819715 0.492190296 0.789180109 -0.279121142
10039.502997028 47.011005865 11.294652849 1.460024210 -0.240352264 0.495322250 0.787936112 -0.275759570
10039.536424104 46.986142479 11.307054500 1.457305191 -0.241044654 0.497733719 0.786887466 -0.273800539
10039.569724274 46.947667431 11.328658453 1.452274912 -0.240942880 0.502099171 0.785146442 -0.270902226
10039.603095450 46.911322311 11.350631893 1.445761607 -0.239232479 0.506626619 0.783632124 -0.268361667
10039.636494757 46.885248087 11.366948732 1.441435862 -0.237961977 0.509605901 0.782625012 -0.266784582
10039.669840938 46.846573900 11.391646977 1.437615911 -0.235835803 0.513888938 0.781165824 -0.264725497
10039.703220128 46.807374741 11.419239607 1.436717452 -0.231521786 0.518442561 0.780267050 -0.262294308
10039.736602828 46.785403886 11.435376361 1.437353626 -0.228692261 0.520641121 0.779968753 -0.261307131
10039.769951503 46.745419379 11.464951926 1.441668579 -0.223268955 0.523363485 0.779911274 -0.260729824
10039.803323947 46.714759574 11.489912385 1.447194956 -0.214877227 0.525148972 0.781341636 -0.259906875
10039.836732442 46.693644738 11.507668404 1.450927687 -0.206278992 0.526103871 0.783485181 -0.258485328
10039.870055095 46.660031010 11.534048014 1.456569422 -0.194322280 0.525432006 0.787458177 -0.257040226
10039.903426711 46.628406799 11.555203751 1.462120731 -0.190895307 0.521959443 0.790191939 -0.258290576
10039.936812607 46.606263264 11.567908008 1.466338345 -0.191070987 0.519091233 0.791672891 -0.259403554
10039.970157477 46.578282933 11.583764256 1.470364325 -0.191841313 0.515711111 0.793551185 -0.259837407
10040.003540615 46.541346902 11.602934143 1.473426115 -0.194244142 0.512239106 0.795519724 -0.258898975
10040.036921757 46.515774129 11.616386330 1.474452213 -0.196406387 0.510427998 0.796634566 -0.257412427
10040.070284469 46.476151698 11.635597564 1.474162060 -0.199446251 0.508817734 0.797952102 -0.254161660
10040.103644682 46.438817455 11.653493449 1.471540970 -0.201589108 0.508540249 0.799079835 -0.249439500
10040.137023160 46.417209138 11.663305571 1.468897307 -0.202245925 0.508970668 0.799729515 -0.245923053
10040.170380393 46.372937588 11.686911423 1.463199637 -0.202365887 0.510826361 0.800814074 -0.238330224
10040.203749708 46.333299464 11.708133828 1.456076138 -0.201240994 0.513077477 0.801971927 -0.230422640
10040.237127916 46.305517837 11.723713042 1.450275114 -0.199961823 0.514635589 0.802945769 -0.224596464
10040.270486125 46.263795929 11.746475435 1.441647427 -0.198095844 0.516839266 0.804399597 -0.215815889
10040.303863422 46.222093235 11.768877704 1.435509633 -0.196060343 0.519036732 0.805862330 -0.206753763
10040.337265653 46.192133755 11.786765830 1.433596101 -0.193554473 0.520691331 0.807116516 -0.199950326
10040.370595027 46.150192793 11.811515860 1.433154294 -0.187953731 0.522591911 0.809800608 -0.189193193
10040.403965167 46.103869990 11.840072650 1.437512169 -0.178189377 0.524466471 0.813833687 -0.175665011
10040.437376761 46.080425102 11.856125709 1.441298481 -0.170616973 0.525476398 0.816438560 -0.167906170
10040.470699732 46.038805790 11.887794593 1.447998407 -0.152956668 0.526709763 0.822219413 -0.152106279
10040.504072220 46.005005304 11.916758568 1.452551847 -0.136368645 0.527786426 0.826931588 -0.137946476
10040.537482914 45.982284226 11.937443475 1.457196634 -0.123619735 0.529111736 0.829847786 -0.126931414
10040.570803669 45.951242603 11.967435062 1.464482401 -0.104111217 0.531662030 0.833432919 -0.109022516
10040.604176585 45.919250572 11.998676672 1.470141858 -0.088933607 0.534124394 0.835735333 -0.091369571
10040.637565836 45.900331855 12.016944241 1.473039933 -0.083027097 0.535513409 0.836418368 -0.082074377
10040.670915729 45.864925565 12.053405404 1.475701034 -0.074678642 0.538748090 0.836612460 -0.065216468
10040.704319910 45.834136662 12.088502329 1.475831111 -0.068072545 0.542546032 0.835732951 -0.050600058
10040.737709747 45.813577794 12.114209036 1.474649334 -0.063983626 0.545541585 0.834634268 -0.040940361
10040.771020328 45.786442950 12.153264705 1.472921152 -0.058904906 0.550370509 0.832363104 -0.028181152
10040.804393092 45.761675130 12.195475440 1.468849897 -0.053331987 0.555581613 0.829597623 -0.015891927
10040.837779460 45.746599066 12.225353447 1.465873602 -0.048727227 0.559156771 0.827591210 -0.007883616
10040.871132705 45.725841234 12.270632693 1.459777637 -0.041531164 0.563776187 0.824878132 0.002764102
10040.904505051 45.708858227 12.315863858 1.454177848 -0.035874147 0.567646103 0.822414032 0.011229759
10040.937890759 45.696642318 12.348686402 1.451715233 -0.032514246 0.569926760 0.820896023 0.016000977
10040.971251336 45.686106904 12.390046889 1.450241445 -0.026849077 0.571744272 0.819726079 0.020899031
10041.004633210 45.671579728 12.442638781 1.452674844 -0.018424180 0.571791372 0.819765711 0.026445332
10041.037987788 45.666308166 12.467924027 1.455098136 -0.013147870 0.570805428 0.820467215 0.029014581
10041.071340402 45.655305287 12.513141796 1.460609421 -0.000097119 0.567065636 0.822900960 0.035644990
10041.104735679 45.646333723 12.549275221 1.463261321 0.008832576 0.562066992 0.826063692 0.040267341
10041.138112481 45.637772595 12.572922845 1.466072790 0.009698909 0.558905461 0.828144376 0.041322009
10041.171453733 45.620501722 12.609309328 1.469769881 0.005790837 0.555083486 0.830750735 0.041255374
10041.204838263 45.605282983 12.643284440 1.473606084 0.000747345 0.552394215 0.832524747 0.041983547
10041.238191047 45.595081687 12.667465550 1.475319531 -0.002834859 0.551247876 0.833225014 0.043055994
10041.271553695 45.578886327 12.704078250 1.475605386 -0.007885338 0.550640971 0.833478225 0.045237048
10041.304945062 45.561889230 12.743600563 1.473640357 -0.012738060 0.551050192 0.832970410 0.048391368
10041.338348060 45.551331621 12.771480583 1.471552824 -0.015120975 0.551857422 0.832230343 0.051160502
10041.371680504 45.533962832 12.812533531 1.465930561 -0.016867384 0.553634106 0.830685650 0.056268278
10041.405043579 45.520296900 12.851473633 1.460359802 -0.016541598 0.555464208 0.829066283 0.061927280
10041.438408327 45.505226759 12.896900348 1.451717139 -0.014283121 0.557286118 0.827279961 0.069541649
10041.471758759 45.495708089 12.925094472 1.445811618 -0.012577102 0.557993843 0.826436397 0.074078128
10041.505137082 45.479305156 12.974869738 1.435789543 -0.010467215 0.559135780 0.825031650 0.081119621
10041.538504063 45.464849195 13.020397294 1.430063798 -0.009775847 0.560376870 0.823667866 0.086333332
10041.571865671 45.454896400 13.053091899 1.428484050 -0.008096847 0.560939333 0.822879418 0.090282722
10041.605295432 45.440021935 13.100869414 1.428830674 -0.003414318 0.560946825 0.822087325 0.097465032
10041.638610325 45.427432286 13.149373401 1.434536063 0.007018781 0.559061328 0.822151534 0.107088855
10041.671975399 45.421417421 13.178082491 1.438710620 0.016092841 0.556626535 0.822770701 0.113825717
10041.705356997 45.414014362 13.222911164 1.444113275 0.030734157 0.551408704 0.824401994 0.123956466
10041.738712814 45.409928108 13.263290805 1.449767948 0.043220868 0.546712623 0.825696421 0.132146449
10041.772087384 45.407657046 13.289937137 1.455097506 0.052245509 0.543982931 0.825998674 0.138127359
10041.805454781 45.403466233 13.331646933 1.462293161 0.066415016 0.540339669 0.825563260 0.148550970
10041.838815785 45.398134564 13.374314903 1.468031358 0.076312046 0.538265166 0.824347463 0.157792087
10041.872177700 45.394480207 13.398790449 1.470969977 0.079735947 0.537934133 0.823440339 0.161910640
10041.905569347 45.386055767 13.450490006 1.471393348 0.084152330 0.538640700 0.821083466 0.169134633
10041.938922328 45.381054851 13.495527709 1.469666291 0.087390413 0.540509773 0.818403928 0.174433689
10041.972291468 45.377862810 13.525037608 1.467514828 0.088983216 0.542293380 0.816446920 0.177240811
10042.005658442 45.376373918 13.572531241 1.463856218 0.091483499 0.545987293 0.812850932 0.181113247
10042.039020498 45.375058368 13.626019171 1.457787226 0.094600928 0.550252541 0.808753556 0.184906709
10042.072387820 45.376969221 13.659762309 1.453236179 0.097478421 0.552789827 0.806173844 0.187096492
10042.105762105 45.381234975 13.707412265 1.446158709 0.101585586 0.555641964 0.803190464 0.189281418
10042.139137568 45.386191579 13.756332638 1.440145288 0.102901946 0.558459521 0.801085174 0.189200151
10042.172495063 45.390387878 13.789174566 1.438157511 0.103058933 0.560040487 0.800245601 0.187990656
10042.205872561 45.398492350 13.839358905 1.437875166 0.104282134 0.560946466 0.799929875 0.185947556
10042.239236124 45.407433321 13.884612486 1.442709825 0.106864141 0.559699058 0.800896385 0.184070643
10042.272601736 45.412853948 13.909314947 1.446497155 0.110384405 0.557642876 0.801900854 0.183860617
10042.305963629 45.422794285 13.951175964 1.452627792 0.119959156 0.551212144 0.804516536 0.185817428
10042.339343295 45.428505127 13.986161360 1.457435532 0.123172184 0.545245374 0.808205295 0.185311350
10042.372689370 45.431802347 14.003574367 1.460042400 0.120618704 0.542677258 0.810848985 0.182965695
10042.406077389 45.433384063 14.041042924 1.464522601 0.111166054 0.539293145 0.815757138 0.177046051
10042.439431075 45.433859020 14.075264700 1.467008491 0.102480494 0.537548480 0.818978083 0.172668119
10042.472792122 45.434239178 14.099576953 1.468682166 0.096957183 0.536862254 0.820590030 0.170323891
10042.506180236 45.433527424 14.136721000 1.468398807 0.090385853 0.536591811 0.821947865 0.168230000
10042.539535336 45.434712499 14.175503982 1.466233655 0.085463830 0.536805769 0.822480016 0.167517533
10042.572912203 45.435007360 14.198964150 1.464222799 0.083259175 0.537134525 0.822500260 0.167474577
10042.606266529 45.436722490 14.241889515 1.457697552 0.080141763 0.538282973 0.821882446 0.168338894
10042.639635644 45.437842059 14.282204603 1.451280390 0.078381777 0.539560631 0.820915467 0.169789334
10042.673000637 45.438609805 14.310842940 1.445617856 0.077675736 0.540364049 0.820141492 0.171292465
10042.706405333 45.438999691 14.354959135 1.436525008 0.077157708 0.541132208 0.819097275 0.174075490
10042.739746541 45.438881916 14.400073694 1.427886325 0.076631220 0.541479869 0.818266795 0.177106350
10042.773111200 45.437422145 14.428635075 1.425899104 0.076009974 0.541516358 0.817965542 0.178647393
10042.806493685 45.434562535 14.481306535 1.422037442 0.074956238 0.540886004 0.817580436 0.182718701
10042.839855977 45.431586789 14.527607260 1.421316455 0.076478076 0.538308477 0.817774927 0.188730644
10042.873210411 45.430344094 14.559589017 1.423029269 0.080273399 0.535052769 0.818264629 0.194210487
10042.906583769 45.430106340 14.599048739 1.425444356 0.087867003 0.528396934 0.819684455 0.202961731
10042.939943402 45.430523620 14.638593399 1.426905189 0.094400790 0.520954193 0.821624965 0.211252543
10042.973302882 45.431345685 14.664773464 1.428513399 0.097686506 0.516617192 0.822690217 0.216205529
10043.006679685 45.433163132 14.701995918 1.433167978 0.103124030 0.511587087 0.823165335 0.223702748
10043.040042641 45.436172449 14.742276569 1.439551350 0.110298192 0.507220702 0.822387597 0.232895059
10043.073425184 45.437989276 14.768550405 1.442159764 0.113802404 0.505711928 0.821225126 0.238524111
10043.106773171 45.441114084 14.809602014 1.446004684 0.117377441 0.505159795 0.818865588 0.245957855
10043.140135731 45.445613685 14.852774237 1.448138521 0.120065356 0.506553615 0.815614648 0.252508399
10043.173519544 45.449868033 14.882489675 1.448615861 0.121769608 0.508405471 0.812978544 0.256440883
10043.206893793 45.458087355 14.927940195 1.449158086 0.124367080 0.512260049 0.808625348 0.261242259
10043.240238834 45.468635948 14.971495623 1.448059919 0.127202873 0.516805817 0.803900859 0.265470497
10043.273602622 45.476096719 14.998536683 1.446457183 0.129377237 0.519714787 0.800879436 0.267862277
10043.306999258 45.492701752 15.047002536 1.442906948 0.135043479 0.524574568 0.795207261 0.272452186
10043.340385072 45.510370860 15.089074047 1.438238486 0.142539596 0.527399269 0.790431893 0.277037717
10043.373706073 45.522244567 15.111792398 1.436136478 0.147202745 0.528546436 0.787953843 0.279461551
10043.407080990 45.544885173 15.157857507 1.431584047 0.155304636 0.530300139 0.783800294 0.283406654
10043.440437821 45.566996628 15.197857430 1.429536490 0.163419765 0.530088763 0.781121376 0.286616956
10043.473803841 45.581112906 15.219152425 1.429158954 0.168596656 0.528741835 0.780248430 0.288478124
10043.507178462 45.605695668 15.260467574 1.430883809 0.178902776 0.523988468 0.779803861 0.292122955
10043.540541997 45.630319372 15.295508447 1.435483982 0.193889320 0.514879180 0.779817780 0.298647939
10043.573903550 45.643454156 15.311594568 1.438362075 0.203622577 0.508278944 0.779694154 0.303755475
10043.607283184 45.663108753 15.340355027 1.444317211 0.216731672 0.497744050 0.779623404 0.312194796
10043.640638643 45.680713394 15.374932830 1.450281176 0.222857411 0.489438024 0.780108571 0.319711766
10043.674015397 45.689212263 15.392951893 1.452988638 0.224000396 0.486407318 0.780189016 0.323321577
10043.707401835 45.703277418 15.432950162 1.454624358 0.225506441 0.481867402 0.778953639 0.331936562
10043.740729336 45.716459909 15.470688187 1.454578869 0.226487711 0.479424560 0.776174932 0.341185994
10043.774100072 45.726908090 15.495988069 1.454277696 0.226538383 0.478733882 0.773528335 0.348063424
10043.807470404 45.740503432 15.539529216 1.452031847 0.225900783 0.479236918 0.768411103 0.358950122
10043.840833291 45.757331352 15.582486228 1.449768513 0.226273715 0.480570790 0.761759059 0.370911119
10043.874193307 45.768053487 15.606182901 1.447838882 0.227530949 0.481369433 0.757346957 0.378072378
10043.907574498 45.790753067 15.654338619 1.443374993 0.232249098 0.482115034 0.747836822 0.392893800
10043.940936448 45.813338047 15.696695206 1.437200661 0.238477736 0.481517755 0.738773896 0.406794976
10043.974310120 45.827185737 15.722091152 1.433565644 0.242334114 0.480812526 0.733383693 0.415020303
10044.007667526 45.854803253 15.769056605 1.426332221 0.248539973 0.480059030 0.723184660 0.429854809
10044.041025448 45.882014238 15.813408447 1.422492725 0.254711165 0.479057422 0.713232123 0.443763616
10044.074405003 45.900766688 15.843683313 1.421321925 0.260124852 0.477103076 0.706020341 0.454139839
10044.107770500 45.929462652 15.885641358 1.421487512 0.268590864 0.472531090 0.695183403 0.470418275
10044.141134441 45.959632572 15.926216061 1.424462316 0.278599373 0.465149015 0.683936789 0.488107828
10044.174517697 45.980796312 15.952142605 1.427117337 0.286266114 0.457872983 0.676393326 0.500895310
10044.207868874 46.012559867 15.987545824 1.430104128 0.295768402 0.447064847 0.666026254 0.518712930
10044.241239559 46.044863481 16.017706297 1.435499033 0.304933808 0.437078443 0.655327223 0.535279402
10044.274601481 46.064425675 16.033874314 1.439468576 0.312041346 0.430201944 0.647949123 0.545635795
10044.307974249 46.101060106 16.061832388 1.446531455 0.326329711 0.416983973 0.632762841 0.565017233
10044.341338743 46.139127885 16.087872984 1.451463129 0.338764204 0.406013897 0.617128549 0.582703942
10044.374701250 46.165309954 16.105138813 1.453477756 0.346133838 0.400016618 0.606615983 0.593460294
10044.408064139 46.203614262 16.128124939 1.454355758 0.356138755 0.392421732 0.591747666 0.607457876
10044.441432239 46.248138199 16.151806764 1.453557948 0.366765288 0.385573845 0.575523529 0.620957890
10044.474800592 46.278284065 16.165627735 1.452453047 0.373622017 0.381740679 0.565169238 0.628700545
10044.508171216 46.323406393 16.181549063 1.450317198 0.384016295 0.376065674 0.550592459 0.638712798
10044.541544548 46.371552382 16.193566769 1.446490653 0.394839268 0.370137713 0.536253822 0.647712794
10044.574923034 46.403321823 16.200819957 1.442598693 0.401376827 0.366391068 0.527543694 0.652956261
10044.608281348 46.452914690 16.207532409 1.437410492 0.410194880 0.361799967 0.515663506 0.659493815
10044.641644235 46.504471962 16.220692896 1.434121394 0.416677761 0.360132486 0.505608942 0.664111312
10044.675020747 46.539752565 16.224370599 1.432795182 0.420546428 0.359540799 0.499573059 0.666556730
10044.708392128 46.591685431 16.225619890 1.434391864 0.426225973 0.357631455 0.491497998 0.669970805
10044.741747405 46.644215174 16.229287704 1.439236824 0.432482086 0.353486702 0.483806694 0.673748825
10044.775119979 46.673091064 16.230074954 1.442200075 0.436420620 0.348922907 0.479360353 0.676759558
10044.808491296 46.721110531 16.235242113 1.445460258 0.442180116 0.338854481 0.471927504 0.683329216
10044.841857989 46.762536937 16.241311408 1.449228310 0.442985752 0.334500122 0.468095800 0.687575169
10044.875229656 46.790439160 16.245530046 1.452724242 0.441063839 0.334967320 0.467065399 0.689281871
10044.908588254 46.830521668 16.257270792 1.456292005 0.437366704 0.337389144 0.465903127 0.691240340
10044.941950563 46.872620553 16.265559383 1.460063207 0.433431998 0.341328065 0.464789712 0.692533305
10044.975336855 46.900514461 16.270340708 1.461974872 0.431238172 0.344339020 0.463980339 0.692954922
10045.008699275 46.937812314 16.275792141 1.462230991 0.429111005 0.348047284 0.462367770 0.693500453
10045.042072718 46.983145759 16.281005518 1.460174167 0.428148334 0.351624310 0.459608819 0.694124688
10045.075449695 47.011732504 16.284977790 1.458640846 0.428368177 0.353327509 0.457711655 0.694377719
10045.108800313 47.054677872 16.288953237 1.454394450 0.429533291 0.355123187 0.454064573 0.695135985
10045.142178793 47.097603833 16.294141665 1.448688767 0.431883344 0.355196278 0.450055800 0.696248632
10045.175557723 47.127365902 16.298454700 1.443356745 0.433699928 0.354218208 0.447251701 0.697423651
10045.208897682 47.168099452 16.304757768 1.433424854 0.435035307 0.352924425 0.444241589 0.699169538
10045.242266445 47.208408424 16.311942004 1.424916058 0.434057912 0.354235657 0.442959035 0.699927226
10045.275661983 47.231816500 16.315742607 1.421063219 0.432797851 0.355511210 0.442797201 0.700163151
10045.309014402 47.280674990 16.327927461 1.417829536 0.429615051 0.357291322 0.443116267 0.701014831
10045.342412737 47.321604592 16.337417196 1.417716615 0.426495827 0.356715032 0.443371627 0.703048573
10045.375774939 47.350584647 16.344534165 1.420144309 0.425362747 0.353062384 0.443716693 0.705357344
10045.409122077 47.385574628 16.350483462 1.422475653 0.423303771 0.346230377 0.445789296 0.708668009
10045.442490779 47.421097244 16.357022603 1.424789125 0.419665405 0.341399340 0.450457228 0.710222306
10045.475884081 47.456137329 16.361786612 1.428467835 0.415997944 0.338120670 0.456055138 0.710375840
10045.509228080 47.476201110 16.363100917 1.432423773 0.414822013 0.336124370 0.458899213 0.710179285
10045.542588647 47.508410577 16.367321427 1.439274499 0.414172025 0.333179990 0.462329656 0.709721013
10045.575995591 47.544009544 16.372779405 1.444500597 0.413296022 0.332876651 0.466223806 0.707824058
10045.609324674 47.569649360 16.375965526 1.446480301 0.412183805 0.334818743 0.469727857 0.705235181
10045.642695216 47.611284981 16.380346015 1.447231337 0.411297341 0.339339967 0.475491995 0.699707258
10045.676112452 47.648169250 16.382597096 1.446010688 0.411751157 0.343713008 0.480609966 0.693784126
10045.709438450 47.674601327 16.382857704 1.445043338 0.412590656 0.347179220 0.484360387 0.688934362
10045.742801417 47.710457806 16.384166022 1.442591161 0.413594291 0.352465692 0.489443422 0.682021139
10045.776217883 47.756154926 16.384997060 1.439981470 0.414789859 0.359405445 0.495995344 0.672878680
10045.809532813 47.784467323 16.385160114 1.436770908 0.415570518 0.363358436 0.500148804 0.667175363
10045.842897294 47.825004151 16.386038173 1.431213436 0.415740371 0.368749000 0.506710232 0.659112176
10045.876287357 47.866417972 16.386262432 1.424776112 0.413161335 0.375912080 0.515709618 0.649639445
10045.909642136 47.893933357 16.387213346 1.422147087 0.409882575 0.381284296 0.522818901 0.642867760
10045.943013429 47.928865404 16.387773654 1.420429042 0.404526283 0.387193258 0.532507288 0.634725024
10045.976462663 47.970405039 16.389208454 1.421029489 0.395145251 0.394110944 0.545911400 0.624914024
10046.009746920 47.992706606 16.389961357 1.422555296 0.388855328 0.396736886 0.554038211 0.620026643
10046.043111232 48.024668508 16.392295051 1.425323898 0.379650343 0.398924729 0.565815504 0.613659102
10046.076553357 48.051527736 16.397663311 1.428484777 0.368282393 0.402050275 0.578236111 0.606932167
10046.109846569 48.068826332 16.402121492 1.431947599 0.357519057 0.407658374 0.587921912 0.600285432
10046.143211549 48.093764553 16.411185608 1.438991307 0.338803083 0.419194407 0.603683244 0.587413875
10046.176611366 48.118512928 16.418746627 1.445460608 0.321915113 0.430037878 0.618608522 0.573377345
10046.209947398 48.136864036 16.422831763 1.447975503 0.312380023 0.436138739 0.628044366 0.563703819
10046.243310880 48.161816406 16.430040692 1.449051717 0.301693626 0.443037356 0.640167401 0.550349485
10046.276716742 48.188465714 16.437388248 1.449463344 0.293739216 0.448491726 0.650629408 0.537823222
10046.310051234 48.209314953 16.445760361 1.449608463 0.288511836 0.452403593 0.657277772 0.529223809
10046.343418598 48.236543686 16.457349648 1.448275362 0.279853140 0.459207389 0.666249852 0.516644877
10046.376806632 48.261589771 16.470871673 1.445580044 0.270187222 0.466544579 0.675135131 0.503515219
10046.410155528 48.275414343 16.479135183 1.442747511 0.265158115 0.470275319 0.679727891 0.496489973
10046.443520161 48.298875354 16.495979343 1.435440911 0.256513231 0.476170990 0.687863587 0.484051481
10046.476905499 48.321179256 16.516293862 1.428357425 0.247243862 0.481641458 0.695706918 0.472105776
10046.510260154 48.333188947 16.528991266 1.425103945 0.240461324 0.485792962 0.700053309 0.464875159
10046.543627950 48.352474995 16.554934322 1.421377543 0.226943528 0.493996670 0.707815630 0.451066468
10046.577036517 48.370104889 16.581005667 1.420660052 0.216984390 0.498970583 0.713760383 0.441012753
10046.610355677 48.379710125 16.596908333 1.421135696 0.212196926 0.500726735 0.717020835 0.436034773
10046.643725279 48.401225050 16.626695324 1.422111131 0.206143609 0.500456567 0.723303951 0.428811651
10046.677123277 48.420350194 16.651193575 1.422695729 0.200884685 0.498400826 0.730086936 0.422155215
10046.710481351 48.431152408 16.666444012 1.423817691 0.195015143 0.497742475 0.735670853 0.415944609
10046.743821835 48.451551191 16.691144310 1.426702041 0.184627416 0.498253059 0.743840901 0.405410064
10046.777205820 48.467349900 16.713167068 1.430034720 0.176710869 0.498097120 0.750913320 0.395981962
10046.810563932 48.478709143 16.727493064 1.431213726 0.172919092 0.498121620 0.754647837 0.390487492
10046.843940609 48.497767542 16.752291881 1.433249585 0.165606517 0.499318092 0.761129788 0.379390788
10046.877345021 48.518086528 16.778654460 1.434830098 0.159703262 0.501541985 0.766314895 0.368391078
10046.910675868 48.531373452 16.796119176 1.434866605 0.156635563 0.503516367 0.769250161 0.360819566
10046.944042838 48.551024612 16.822743506 1.434530197 0.152727086 0.507311784 0.772713240 0.349604690
10046.977437002 48.575841655 16.851558074 1.432622241 0.148512332 0.512544079 0.775511933 0.337377973
10047.010769650 48.589065417 16.868757652 1.431693193 0.145928423 0.515883997 0.776939896 0.330049989
10047.044139518 48.614528177 16.901518541 1.428374265 0.142423477 0.521851952 0.779184610 0.316634548
10047.077543449 48.638874074 16.933726829 1.424157790 0.141362708 0.526522025 0.780849332 0.305066325
10047.110873281 48.653232789 16.952965730 1.421436086 0.140984209 0.528861977 0.781846041 0.298571984
10047.144249262 48.680560788 16.990716943 1.417058013 0.138805766 0.533446584 0.783867112 0.285867192
10047.177646015 48.705371434 17.026549231 1.415525489 0.135425132 0.537242338 0.786198842 0.273718991
10047.210982291 48.722302232 17.051432993 1.416629306 0.132538484 0.539268302 0.788166282 0.265362318
10047.244345524 48.746821146 17.088874018 1.422327251 0.127546120 0.542023351 0.791291597 0.252587179
10047.277738304 48.770672352 17.124634660 1.430331458 0.127280751 0.541555317 0.794750651 0.242670252
10047.311076496 48.784029153 17.145227091 1.434846208 0.129359973 0.539215131 0.797433707 0.237933862
10047.344468419 48.803163072 17.176762109 1.439754868 0.128689562 0.535111557 0.802953626 0.228823276
10047.377822272 48.817715632 17.206789400 1.444349772 0.118297078 0.533465040 0.809034346 0.216527778
10047.411177757 48.825559262 17.227860548 1.447466964 0.108776446 0.533065066 0.812998041 0.207469289
10047.444546623 48.834941230 17.259279260 1.452557731 0.096254709 0.532438525 0.817785049 0.196142453
10047.477944236 48.844763027 17.291185095 1.454768429 0.086286671 0.532195762 0.821206244 0.186929362
10047.511284061 48.850968764 17.314583177 1.455167468 0.079783181 0.532337518 0.823035112 0.181286007
10047.544653110 48.859063754 17.348810063 1.453775944 0.071632315 0.532788350 0.824953589 0.174519233
10047.578041130 48.866243497 17.384343473 1.450576451 0.065035457 0.533265076 0.826272713 0.169328532
10047.611384389 48.870850328 17.409556518 1.447248241 0.061202033 0.533629952 0.826883921 0.166602422
10047.644762292 48.875572229 17.444557595 1.441879510 0.057137637 0.533957513 0.827555754 0.163634159
10047.678134124 48.881281135 17.487191227 1.431600989 0.054586385 0.533695039 0.828215851 0.162013693
10047.711513350 48.883765970 17.511100249 1.425684628 0.053467360 0.533181312 0.828709027 0.161555806
10047.744884937 48.886922723 17.557810684 1.415974211 0.050341165 0.532683828 0.829267669 0.161334558
10047.778260224 48.888733338 17.604187679 1.411372402 0.046728109 0.532524272 0.829537668 0.161560025
10047.811610240 48.887618303 17.633602277 1.410160050 0.044489994 0.531963030 0.829826419 0.162554879
10047.844974460 48.889306125 17.683119085 1.412002599 0.042117908 0.530599877 0.830327886 0.165061972
10047.878346673 48.890206277 17.726704647 1.415704396 0.043232386 0.527669340 0.831431019 0.168577842
10047.911702696 48.892648569 17.755032160 1.417130061 0.045838200 0.524300703 0.832837616 0.171432607
10047.945075740 48.897313884 17.795032527 1.418992872 0.049260531 0.519386494 0.835068713 0.174560346
10047.978469765 48.901465305 17.834522070 1.423715058 0.051921911 0.515935603 0.836556926 0.176881537
10048.011807394 48.905350646 17.861770634 1.428502566 0.054921164 0.514325129 0.836872129 0.179160173
10048.045198894 48.910643335 17.900426977 1.435527809 0.059398874 0.512891203 0.836643779 0.182870374
10048.078561727 48.914901950 17.936307530 1.440257644 0.061336614 0.513236025 0.835795950 0.185126261
10048.111917271 48.917332816 17.963345018 1.443133551 0.061794305 0.514337388 0.834894790 0.185981731
10048.145301736 48.923380060 18.008716443 1.444511848 0.062575012 0.517264581 0.832859986 0.186724300
10048.178670491 48.931836421 18.051415095 1.444047878 0.063865095 0.521354147 0.830294008 0.186340988
10048.212023120 48.937410712 18.078284501 1.442924755 0.064394855 0.524127274 0.828673888 0.185589576
10048.245402471 48.947911825 18.123967864 1.439844976 0.065189591 0.529505445 0.825668189 0.183429395
10048.278759039 48.960165422 18.170507935 1.434991955 0.067466800 0.534764401 0.822626633 0.180999140
10048.312131871 48.969751260 18.201064418 1.431100445 0.069988745 0.537747988 0.820816667 0.179412028
10048.345577718 48.984276306 18.245299553 1.424849893 0.072601243 0.541877948 0.818642033 0.175848145
10048.378886135 48.998966694 18.291690275 1.422424413 0.072304761 0.546270749 0.816787353 0.170934812
10048.412222101 49.009951078 18.323513352 1.422607551 0.072667969 0.548649495 0.815849730 0.167607621
10048.445605401 49.024245139 18.365724648 1.424578159 0.073143876 0.550547819 0.815505065 0.162783787
10048.478962473 49.040156736 18.411644415 1.430071833 0.071500946 0.551085496 0.816447643 0.156861839
10048.512331249 49.050334743 18.440432843 1.434278582 0.071233760 0.549654967 0.817980316 0.153991469
10048.545704108 49.062469590 18.476915832 1.438605845 0.071798468 0.545503644 0.821175087 0.151466932
10048.579071634 49.072570270 18.515387610 1.442180919 0.067065192 0.540197199 0.825787660 0.147526227
10048.612437204 49.075988355 18.536472402 1.444026225 0.060527597 0.537980390 0.828349143 0.144052789
10048.645820496 49.079544601 18.576356480 1.448334862 0.045355742 0.534659777 0.832697251 0.136737225
10048.679172080 49.082711656 18.612614165 1.451234805 0.033872067 0.532361773 0.835507641 0.131797598
10048.712545647 49.085203448 18.635472985 1.452670994 0.028505488 0.531385552 0.836665523 0.129644262
10048.745905754 49.090070827 18.676251096 1.453634336 0.021734469 0.530281308 0.838002077 0.126814296
10048.779271627 49.094241104 18.713334539 1.452768091 0.018938715 0.529820855 0.838525598 0.125721946
10048.812639581 49.098074684 18.742825701 1.450954634 0.017973934 0.529920556 0.838525238 0.125445472
10048.846021263 49.102832054 18.784345105 1.447958174 0.017884918 0.530545979 0.838072818 0.125837376
10048.879378497 49.108178608 18.829321703 1.443090015 0.019372301 0.531583762 0.837147908 0.127384448
10048.912733979 49.111084117 18.854645969 1.439713722 0.021097887 0.532122754 0.836559364 0.128719397
10048.946115549 49.114642687 18.899957034 1.431389328 0.024534036 0.532800855 0.835576063 0.131658543
10048.979479537 49.117930911 18.948239680 1.422448389 0.027259495 0.533438112 0.834519510 0.135195741
10049.012834912 49.119202622 18.978372950 1.418086424 0.028239485 0.533896932 0.833883417 0.137095017
10049.046215548 49.119148885 19.031866327 1.414248455 0.028451930 0.535040183 0.832440618 0.141297943
10049.079588316 49.117339997 19.083147449 1.415010978 0.028020232 0.535573689 0.831281270 0.146106605
10049.112949028 49.114739679 19.111992957 1.417386090 0.028127083 0.535607501 0.830645528 0.149537551
10049.146314510 49.112950320 19.163865100 1.422715602 0.031296445 0.533773224 0.830406194 0.156627684
10049.179691083 49.112794420 19.206012633 1.425782392 0.035559707 0.529905249 0.831440562 0.163225383
10049.213045622 49.113058950 19.231693243 1.426883549 0.037541571 0.527590867 0.832164865 0.166553733
10049.246436060 49.114365913 19.277033031 1.432081767 0.040562738 0.524436306 0.832876029 0.172159071
10049.279785502 49.116209991 19.318101106 1.439021848 0.044839476 0.522120626 0.832904182 0.177904740
10049.313140528 49.117231387 19.342559515 1.442012907 0.046927555 0.521341338 0.832610313 0.181000221
10049.346545928 49.119795698 19.388534203 1.445844344 0.049392170 0.521226624 0.831537612 0.185548970
10049.379880248 49.123552550 19.433192463 1.446489727 0.052149513 0.522352459 0.829909317 0.188888493
10049.413244379 49.126834970 19.460703234 1.445764647 0.054647551 0.523542737 0.828595939 0.190644744
10049.446634035 49.134353687 19.511386172 1.443133635 0.060056264 0.526765671 0.825560738 0.193289008
10049.479991493 49.142461438 19.558040082 1.438979278 0.064002025 0.530692330 0.822498994 0.194331666
10049.513378974 49.151745708 19.605993428 1.434285969 0.066857972 0.535259964 0.819252240 0.194557318
10049.546738744 49.158051605 19.634795979 1.430900751 0.068804724 0.538000340 0.817317511 0.194457269
10049.580092841 49.171197591 19.687115083 1.424657094 0.072548207 0.542522155 0.814205766 0.193585745
10049.613444388 49.183723296 19.735752636 1.419922349 0.073223558 0.546853517 0.811955551 0.190572098
10049.646821357 49.193109626 19.771238359 1.419096100 0.072489456 0.549836914 0.810754783 0.187353485
10049.680181522 49.207497733 19.819784219 1.420832366 0.072579024 0.553072634 0.809601732 0.182723789
10049.713563381 49.222762685 19.867743713 1.426977027 0.074976454 0.554574749 0.809134008 0.179241558
10049.746946142 49.233260170 19.900026833 1.432264564 0.079161041 0.553847105 0.809418458 0.178405924
10049.780298837 49.246980781 19.941622949 1.438771340 0.087404412 0.550073304 0.810973273 0.179170810
10049.813658722 49.256411196 19.978723133 1.444368560 0.089439087 0.546285543 0.813580462 0.177931412
10049.847025692 49.260007392 20.006043363 1.448672930 0.084926139 0.544864974 0.815702576 0.174754164
10049.880391341 49.262503910 20.043988395 1.454132018 0.074277767 0.543882716 0.818694192 0.168565193
10049.913756420 49.264033315 20.082434152 1.458133447 0.062645147 0.543674428 0.821105815 0.162107812
10049.947141005 49.265138044 20.108174494 1.459092625 0.056057157 0.543716214 0.822300348 0.158279536
10049.980483488 49.267090956 20.151798834 1.458744517 0.046885627 0.543772520 0.823871699 0.152802512
10050.013854993 49.270501037 20.192446646 1.455886514 0.042150565 0.543666873 0.824779043 0.149630182
10050.047245645 49.273574309 20.223049816 1.452411409 0.041090235 0.543374479 0.825198122 0.148673561
10050.080628219 49.276205135 20.261257225 1.447255565 0.041876965 0.542499607 0.825646557 0.149158506
10050.113982326 49.277865536 20.307691951 1.438687731 0.044131253 0.540785208 0.826336985 0.150900556
10050.147331495 49.278342655 20.332151618 1.433076725 0.044831408 0.539631654 0.826882356 0.151833433
10050.180705334 49.275405386 20.381376089 1.421619426 0.042790068 0.537305201 0.828293897 0.152975000
10050.214072193 49.270269607 20.425172524 1.413566151 0.037062394 0.536101865 0.829376265 0.152827288
10050.247446508 49.265681737 20.456072315 1.410961830 0.032621615 0.535520031 0.829965796 0.152679090
10050.280803586 49.258288824 20.504604113 1.410247484 0.026721065 0.534220703 0.830842932 0.153604194
10050.314177828 49.250683879 20.551755662 1.414410829 0.023778167 0.532388140 0.831688771 0.155856519
10050.347574078 49.248051234 20.580076815 1.417692946 0.025081324 0.530426259 0.832504879 0.157970050
10050.380911974 49.245844138 20.627420504 1.422198154 0.031030915 0.525184845 0.834769490 0.162412622
10050.414271525 49.247184886 20.671352846 1.424822892 0.037281764 0.519984350 0.837057358 0.166016040
10050.447647584 49.247706236 20.701815437 1.427930476 0.040860843 0.517314749 0.838156663 0.167956094
10050.481012980 49.250742382 20.741735976 1.433265565 0.046107365 0.514692493 0.838884713 0.170991775
10050.514374599 49.253170462 20.788983382 1.439583410 0.051791714 0.513019633 0.838662796 0.175422884
10050.547743929 49.254677310 20.819611202 1.442346540 0.054484479 0.512806952 0.838014951 0.178301467
10050.581114287 49.257016156 20.865080354 1.443394559 0.057060808 0.513604253 0.836552500 0.182029259
10050.614478438 49.259802272 20.911725485 1.442418623 0.059853405 0.515464843 0.834479620 0.185357300
10050.647850066 49.263116367 20.945076499 1.440451491 0.062918190 0.517143603 0.832693614 0.187683619
10050.681227342 49.269890444 20.994342753 1.436218204 0.068500772 0.519817409 0.829934902 0.190540192
10050.714586492 49.278780583 21.043359756 1.430495381 0.073437415 0.522693064 0.827414923 0.191790127
10050.747952055 49.285919790 21.076033632 1.425680336 0.076548124 0.524620521 0.825920346 0.191753165
10050.781311934 49.298620405 21.125437322 1.419103095 0.080498265 0.527226746 0.824262413 0.190114339
10050.814681648 49.311531022 21.174658410 1.414225896 0.081386709 0.530094173 0.823273927 0.186001108
10050.848051218 49.320709070 21.207494887 1.412686258 0.081344562 0.531896979 0.822960050 0.182223551
10050.881417907 49.335356623 21.256305496 1.413135054 0.082296746 0.533049105 0.823438236 0.176168582
10050.914778332 49.349803045 21.304546645 1.418217269 0.083666518 0.532779706 0.824663250 0.170517514
10050.948170512 49.358780116 21.338913483 1.422523162 0.086566514 0.531026893 0.826091847 0.167597549
10050.981530147 49.370722415 21.379714653 1.427873111 0.090516745 0.526616300 0.829130160 0.164393336
10051.014879864 49.378034641 21.418175147 1.433420279 0.085177185 0.522943040 0.833301193 0.157748362
10051.048248380 49.378978646 21.442879759 1.437152517 0.077340700 0.521801160 0.835812130 0.152184258
10051.081615504 49.379964758 21.487646483 1.443567899 0.062450228 0.520194647 0.839842142 0.141995334
10051.114984586 49.380311601 21.528452005 1.448285587 0.052315422 0.519107934 0.842421049 0.134598755
10051.148349172 49.381377753 21.556167848 1.449984527 0.047169605 0.518611893 0.843680568 0.130460078
10051.181713149 49.384382813 21.597839556 1.449419745 0.041005212 0.518207255 0.845020078 0.125382939
10051.215100750 49.387158507 21.642169479 1.446371942 0.035882543 0.518288619 0.845815861 0.121181185
10051.248485798 49.388352362 21.667390951 1.443696724 0.033292233 0.518570672 0.846024490 0.119241971
10051.281826545 49.389051496 21.712065766 1.437210481 0.029503552 0.519280356 0.846089090 0.116664920
10051.315202807 49.389587411 21.761105608 1.427350738 0.026373523 0.519920175 0.846085057 0.114575416
10051.348580217 49.387988507 21.787574501 1.420806645 0.024152504 0.520106242 0.846202995 0.113343038
10051.381922377 49.384271677 21.839400623 1.410051742 0.018699419 0.520871175 0.846140153 0.111312135
10051.415294687 49.379532838 21.889103960 1.403625335 0.014264734 0.521751064 0.845779295 0.110588107
10051.448658536 49.376172426 21.915361835 1.401773981 0.012483442 0.522022451 0.845629546 0.110667953
10051.482023910 49.368642483 21.969251057 1.402117635 0.008489382 0.522126644 0.845504341 0.111508327
10051.515396491 49.361226003 22.016331599 1.406652544 0.006273933 0.521580752 0.845708867 0.112652866
10051.548758569 49.357964533 22.048639255 1.409888727 0.007014657 0.520141499 0.846450212 0.113691048
10051.582148684 49.356044528 22.094346502 1.412416239 0.010147145 0.516639190 0.848328513 0.115411075
10051.615505901 49.355103418 22.137369576 1.416182088 0.013122725 0.513533416 0.850034586 0.116414892
10051.648857863 49.354083666 22.167367419 1.420543149 0.015018098 0.512282493 0.850672056 0.117039130
10051.682225828 49.355028698 22.209711184 1.427769741 0.018999161 0.511328204 0.850919443 0.118821718
10051.715624906 49.354189721 22.250913517 1.433837730 0.022240327 0.511596385 0.850429590 0.120598589
10051.748959472 49.355115020 22.276953074 1.435830105 0.023309101 0.512449048 0.849812644 0.121124441
10051.782329149 49.354106384 22.327397178 1.437647650 0.024213205 0.515143756 0.848160762 0.121094813
10051.815707541 49.356522332 22.371949743 1.436950970 0.025191737 0.518649454 0.846145158 0.120027048
10051.849066684 49.358283697 22.405005668 1.435428599 0.026346471 0.521541275 0.844465822 0.119071563
10051.882431524 49.362079373 22.453448507 1.432222832 0.028349450 0.526085555 0.841840698 0.117194438
10051.915819540 49.367861573 22.503905680 1.427162574 0.030443834 0.530787500 0.839160951 0.114659067
10051.949158288 49.372496670 22.536725065 1.423246559 0.031586848 0.533592280 0.837619488 0.112583940
10051.982530470 49.379335361 22.587992284 1.417381219 0.031319447 0.537613588 0.835686254 0.107792424
10052.015912714 49.385336850 22.638718591 1.413691293 0.027538466 0.541560931 0.834105299 0.101102629
10052.049270099 49.389630283 22.670346527 1.413039282 0.025183494 0.543523195 0.833414877 0.096788276
10052.082648751 49.397597009 22.723102513 1.413580092 0.020833099 0.545660618 0.833113201 0.087993562
10052.116025630 49.405153085 22.774321521 1.418181573 0.016758785 0.546462564 0.833547381 0.079350953
10052.149371126 49.411005190 22.806266071 1.421846845 0.016981538 0.545513705 0.834547872 0.075208205
10052.182754131 49.418182972 22.845878339 1.425747521 0.018299670 0.541913299 0.837302808 0.070136340
10052.216137846 49.420739063 22.882838177 1.430199233 0.011067943 0.537832530 0.840684504 0.062154929
10052.249475263 49.419330738 22.907129185 1.433714076 0.001413505 0.535134307 0.842997370 0.054632497
10052.282837079 49.416201638 22.942795484 1.439080500 -0.012885884 0.531390988 0.845912136 0.043476776
10052.316229667 49.413040499 22.976677151 1.443617763 -0.024790602 0.527976268 0.848265229 0.032750401
10052.349595765 49.411556070 22.998807646 1.445033346 -0.031911537 0.525967777 0.849524262 0.025457406
10052.382940388 49.410487930 23.036800411 1.444203420 -0.041848377 0.523795816 0.850680197 0.015161110
10052.416338671 49.407879541 23.074266296 1.441334604 -0.051316800 0.522464180 0.851099091 0.005301345
10052.449680777 49.404855844 23.102299566 1.438395713 -0.057432102 0.522203178 0.850884345 -0.001106735
10052.483049835 49.399872793 23.142928819 1.434207763 -0.065375095 0.522668853 0.849971553 -0.009577407
10052.516435846 49.393192339 23.183445942 1.427991206 -0.073074475 0.523955607 0.848416439 -0.017893801
10052.549782230 49.388742941 23.207337740 1.423386143 -0.077175125 0.524929009 0.847338394 -0.022609354
10052.583144365 49.380694849 23.252177983 1.414317660 -0.085328623 0.526628420 0.845188029 -0.032229330
10052.616533856 49.371105437 23.294135230 1.408047663 -0.095125353 0.528505442 0.842502913 -0.042684978
10052.649882245 49.364476698 23.324230402 1.405570048 -0.101288116 0.529724752 0.840606674 -0.050128081
10052.683244673 49.351112011 23.362501954 1.404356541 -0.109372942 0.531004572 0.838077587 -0.060808414
10052.716700415 49.340636823 23.404187816 1.406629650 -0.116069029 0.531320339 0.836167126 -0.071071899
10052.749981253 49.335256110 23.432555930 1.409540842 -0.118861675 0.530713853 0.835506585 -0.078380189
10052.783347154 49.330697676 23.471563429 1.412439251 -0.121908772 0.528272920 0.835474101 -0.089716220
10052.816742525 49.327059176 23.508926674 1.416519219 -0.125505191 0.525492970 0.835318491 -0.101728090
10052.850084313 49.324258157 23.535780152 1.421052791 -0.126951730 0.524224318 0.834930917 -0.109373154
10052.883452533 49.320716713 23.572462993 1.429586787 -0.126841445 0.523226426 0.834263294 -0.118954242
10052.916845438 49.316276706 23.609651160 1.436221778 -0.128076529 0.522920831 0.832894039 -0.128209701
10052.950198724 49.313624308 23.632398517 1.438683084 -0.129798432 0.522953768 0.831692088 -0.134014903
10052.983578323 49.305738483 23.675437908 1.441143181 -0.133058453 0.523711518 0.828906256 -0.144693167
10053.016975530 49.298906376 23.718285170 1.440153222 -0.135902411 0.525354002 0.825655752 -0.154357655
10053.050292696 49.294844473 23.747198035 1.438296863 -0.138174247 0.526750042 0.823171279 -0.160721240
10053.083668136 49.285966781 23.794650087 1.436017825 -0.142743334 0.529175242 0.818856715 -0.170503912
10053.117068606 49.278332205 23.841162059 1.431306506 -0.146089908 0.531631652 0.814779585 -0.179331406
10053.150391835 49.273959145 23.869384101 1.427728036 -0.146913208 0.532956189 0.812688461 -0.184151228
10053.183763480 49.266193216 23.920826808 1.420234578 -0.149742959 0.534285621 0.809079032 -0.193667348
10053.217153683 49.257460949 23.968565197 1.415653325 -0.156016925 0.533663687 0.805729489 -0.204112174
10053.250501444 49.252140069 23.996248586 1.414658966 -0.160277918 0.532656431 0.803917617 -0.210486531
10053.283863780 49.240303956 24.047076779 1.419614341 -0.169933921 0.529871672 0.800648166 -0.222083293
10053.317259050 49.229732441 24.091556479 1.428653558 -0.176432902 0.527429527 0.798448542 -0.230585020
10053.350613648 49.222811306 24.120594056 1.433811033 -0.178406553 0.525484779 0.797908640 -0.235326689
10053.383962225 49.212920955 24.158015489 1.440418024 -0.184596936 0.520227630 0.797362958 -0.243925190
10053.417369333 49.200063042 24.190155586 1.445547522 -0.199254967 0.511849557 0.795224600 -0.256759273
10053.450699786 49.192065757 24.206966962 1.448318089 -0.209194914 0.506514202 0.793347183 -0.265105824
10053.484063481 49.176295295 24.239421600 1.452729638 -0.224871684 0.498317285 0.789457710 -0.279050414
10053.517451849 49.160512777 24.267342988 1.456672187 -0.234994574 0.493244590 0.785948036 -0.289435673
10053.550796926 49.149453240 24.288424576 1.457420847 -0.241303934 0.490457357 0.783279193 -0.296137973
10053.584172338 49.133492203 24.313699033 1.457709123 -0.249881594 0.487102973 0.779356935 -0.304782957
10053.617547952 49.112601145 24.340631452 1.456983123 -0.259554577 0.483901281 0.774292342 -0.314551015
10053.650888912 49.090337480 24.364827124 1.454808413 -0.266152536 0.482211147 0.770007010 -0.322062792
10053.684266039 49.073149736 24.378962139 1.452809526 -0.269840944 0.481512739 0.767204622 -0.326693150
10053.717684843 49.047247450 24.401975557 1.447795897 -0.274107944 0.480909975 0.763565854 -0.332502055
10053.750977230 49.017869205 24.420249477 1.441555756 -0.277225379 0.480219943 0.760710490 -0.337423245
10053.784349435 48.997081814 24.432977343 1.435920125 -0.279158741 0.479479598 0.759169991 -0.340339002
10053.817727983 48.963857138 24.447415510 1.430731585 -0.282580737 0.478147906 0.757067769 -0.344051014
10053.851073947 48.928701509 24.458047208 1.427753188 -0.284794232 0.476757855 0.756005130 -0.346482953
10053.884450726 48.904925989 24.464924792 1.427000869 -0.285182752 0.475480221 0.756283209 -0.347311193
10053.917836828 48.867016905 24.474636821 1.427201242 -0.284556458 0.472637128 0.757873489 -0.348237768
10053.951169096 48.834114308 24.480482126 1.427714375 -0.282006707 0.469064027 0.760418695 -0.349591996
10053.984567241 48.815767444 24.486990739 1.427239802 -0.280111240 0.466519720 0.761983025 -0.351110971
10054.017931917 48.783658457 24.501968178 1.428489044 -0.278585503 0.461280117 0.764163428 -0.354492632
10054.051259950 48.754362995 24.514914298 1.432042275 -0.277616424 0.457386505 0.766008083 -0.356312114
10054.084634992 48.734002433 24.523333471 1.435677740 -0.276798214 0.455588711 0.767312679 -0.356444847
10054.118010626 48.700512044 24.537523189 1.440533039 -0.276474376 0.453548168 0.768965496 -0.355735919
10054.151359022 48.666944052 24.552347009 1.442958046 -0.277491133 0.452156867 0.769921693 -0.354645491
10054.184732775 48.643996430 24.561782847 1.442766886 -0.278355700 0.451665019 0.770284748 -0.353805345
10054.218119160 48.617183656 24.573664958 1.441614841 -0.279334040 0.451776638 0.770348784 -0.352750783
10054.251457621 48.570933548 24.595417774 1.438490905 -0.281215721 0.453248710 0.769482456 -0.351255001
10054.284830746 48.547859833 24.606865043 1.435611515 -0.282041265 0.454441287 0.768680843 -0.350807073
10054.318205740 48.511829130 24.626055264 1.430935296 -0.281668756 0.457428694 0.767512909 -0.349779411
10054.351559432 48.476279635 24.646840251 1.425632169 -0.278795122 0.461412848 0.766873923 -0.348246822
10054.384925807 48.451500260 24.661228652 1.420739317 -0.275646820 0.464248572 0.766757047 -0.347240154
10054.418300557 48.415313757 24.683707470 1.414588510 -0.271235746 0.467442174 0.766682137 -0.346594122
10054.451650696 48.377507159 24.706872251 1.410200198 -0.267559230 0.469725648 0.766579661 -0.346591255
10054.485031880 48.353482245 24.721754730 1.409098718 -0.265074102 0.470739644 0.766716520 -0.346822267
10054.518386808 48.314130981 24.747761424 1.410763867 -0.261029217 0.471435230 0.767384459 -0.347467502
10054.551747145 48.277507266 24.772278323 1.414933420 -0.254630905 0.472006975 0.769226994 -0.347364865
10054.585131279 48.254718249 24.787134224 1.417601701 -0.247099196 0.472837137 0.771625029 -0.346355084
10054.618491321 48.222331461 24.808616212 1.420108507 -0.235135203 0.472757631 0.776072139 -0.344853148
10054.651846158 48.190211514 24.825750510 1.422614897 -0.230600006 0.469055105 0.779184946 -0.345950525
10054.685216969 48.167568504 24.837273518 1.426110854 -0.232156220 0.464916012 0.780281428 -0.348019374
10054.718597326 48.134868347 24.852313770 1.430390810 -0.236511953 0.459046712 0.781183978 -0.350841566
10054.751969650 48.100996552 24.868397010 1.433715270 -0.240766746 0.454834668 0.781656899 -0.352376633
10054.785337206 48.076151040 24.881081710 1.435679119 -0.243031588 0.453081014 0.781831210 -0.352694203
10054.818698972 48.040423297 24.897373043 1.435682832 -0.245426749 0.452029074 0.782047165 -0.351905754
10054.852036816 48.001999104 24.914913887 1.433385923 -0.247366015 0.452380864 0.782164560 -0.349828829
10054.885420897 47.974104462 24.927300267 1.430678442 -0.248686912 0.453173304 0.782168774 -0.347851672
10054.918784828 47.933876524 24.945221621 1.425806801 -0.250735710 0.454710444 0.782165620 -0.344364573
10054.952130038 47.892089764 24.962286744 1.418174701 -0.252978075 0.456360863 0.782164366 -0.340522777
10054.985527582 47.860738599 24.974496128 1.411817755 -0.254994621 0.457396638 0.782186620 -0.337565031
10055.018875878 47.816536159 24.990826046 1.404099132 -0.257416619 0.458957458 0.782533864 -0.332769421
10055.052215627 47.769994121 25.008266675 1.398119649 -0.257626015 0.461346308 0.783635060 -0.326656569
10055.085598100 47.738120251 25.020426034 1.395962105 -0.256545945 0.463252883 0.784828090 -0.321909636
10055.118952769 47.691093372 25.037805168 1.394745270 -0.253393941 0.465854509 0.787415667 -0.314241395
10055.152307966 47.644109094 25.055471308 1.397318666 -0.248807361 0.468299307 0.790539961 -0.306328624
10055.185683350 47.611532947 25.069610375 1.400128028 -0.243702462 0.470336979 0.793101902 -0.300635344
10055.219050025 47.566731857 25.090663579 1.403674716 -0.233625731 0.473494240 0.797472588 -0.291992628
10055.252425670 47.525107870 25.112674355 1.406505233 -0.223323921 0.476648068 0.801557102 -0.283618155
10055.285774532 47.500841410 25.126543643 1.408423410 -0.217685270 0.479058017 0.803493999 -0.278413242
10055.319142206 47.458251636 25.152286260 1.415338199 -0.206181176 0.485163074 0.806709777 -0.267068250
10055.352506945 47.415796932 25.179501797 1.422171529 -0.193094350 0.492828437 0.810004762 -0.252442051
10055.385890015 47.389418926 25.196810679 1.425502232 -0.186316607 0.497538337 0.811600722 -0.242993813
10055.419248560 47.348595295 25.224391525 1.427961828 -0.179913196 0.504213757 0.813016073 -0.228920497
10055.452597449 47.307067659 25.254287636 1.428292850 -0.175004612 0.511282678 0.813478813 -0.214978207
10055.485970631 47.280034602 25.275780865 1.427942336 -0.170471788 0.516740873 0.813697644 -0.204485658
10055.519331350 47.239331985 25.310297327 1.425951244 -0.162518339 0.525248301 0.813865484 -0.187949423
10055.552709631 47.200299804 25.347494484 1.422167327 -0.154806278 0.533348344 0.813762125 -0.171364419
10055.586093945 47.174629769 25.374401724 1.419085010 -0.149442921 0.538384187 0.813670915 -0.160464709
10055.619434547 47.140951658 25.413537277 1.413157677 -0.141459778 0.544676504 0.813682708 -0.145729503
10055.652786186 47.109721042 25.454649222 1.407539124 -0.134350429 0.549810623 0.813628590 -0.132916358
10055.686172834 47.089795603 25.484334637 1.405748585 -0.130056192 0.552884763 0.813446942 -0.125331154
10055.719539728 47.061326174 25.530455891 1.405665327 -0.121941720 0.556705865 0.813569131 -0.115386594
10055.752877985 47.039014222 25.575470409 1.408236269 -0.111355470 0.559051443 0.814745991 -0.106067967
10055.786255778 47.027838518 25.603314616 1.412356780 -0.102332982 0.559741213 0.816264941 -0.099645783
10055.819615296 47.015590847 25.639186699 1.419114481 -0.083721292 0.559440476 0.819922491 -0.088001186
10055.852977749 47.004152955 25.670584372 1.423709209 -0.063986311 0.557326240 0.824367617 -0.075572782
10055.886376915 46.997439325 25.687419288 1.426757846 -0.055746312 0.555351341 0.826829928 -0.069494650
10055.919715199 46.980191865 25.720005547 1.434219347 -0.047106514 0.551237952 0.830865610 -0.059833396
10055.953073536 46.961352645 25.750964624 1.439406549 -0.041115405 0.547919113 0.834003079 -0.050329248
10055.986484184 46.950898658 25.768964226 1.441628587 -0.037726075 0.546321999 0.835565947 -0.044029132
10056.019818705 46.929872530 25.805299457 1.442239147 -0.032202878 0.544158254 0.837777518 -0.031362381
10056.053169262 46.912540070 25.836421647 1.442626011 -0.028029208 0.542667350 0.839266536 -0.018925995
10056.086558122 46.897635965 25.861781928 1.441343285 -0.025856264 0.542022851 0.839910534 -0.009642462
10056.119911830 46.874883638 25.899864466 1.438657677 -0.022018170 0.541659304 0.840297396 0.004547953
10056.153258065 46.855001828 25.939012180 1.434409963 -0.017354865 0.541668478 0.840198866 0.018971908
10056.186637712 46.843806336 25.963767038 1.430756524 -0.013896084 0.541681794 0.840002494 0.027991846
10056.219996091 46.823752266 26.009020832 1.421195438 -0.007259508 0.541364486 0.839627940 0.043551288
10056.253359247 46.806593125 26.052681541 1.412091204 -0.002541120 0.540736356 0.839248804 0.057089226
10056.286729358 46.795503183 26.081773565 1.408426196 -0.000712503 0.540614593 0.838761966 0.064913162
10056.320081306 46.778568398 26.129005821 1.404633235 0.001857663 0.540711190 0.837705156 0.076668309
10056.353444403 46.762148044 26.175524332 1.403888012 0.005158535 0.540357281 0.836721796 0.088792088
10056.386812530 46.751031658 26.209405288 1.405951536 0.008245055 0.540027036 0.835912372 0.097741120
10056.420166839 46.739406378 26.256371818 1.411240842 0.017560620 0.538142933 0.835168736 0.112191757
10056.453527950 46.732504118 26.302501545 1.416251820 0.031388900 0.533889963 0.835143851 0.128495105
10056.486933297 46.729539412 26.331441306 1.419541236 0.039898291 0.530801405 0.835147196 0.138517711
10056.520270309 46.725888627 26.376718973 1.426713654 0.052472704 0.526668097 0.834371309 0.153921571
10056.553630343 46.722574157 26.421049737 1.433495425 0.066519541 0.522947348 0.832561809 0.170123652
10056.587010256 46.723779786 26.445951294 1.438820593 0.075094152 0.520774858 0.831068081 0.180222805
10056.620364280 46.724685588 26.493211363 1.444849383 0.087661117 0.518084274 0.827618389 0.197362651
10056.653716429 46.724278817 26.539702770 1.446283805 0.095628272 0.517426569 0.823681290 0.211362513
10056.687084406 46.725755160 26.567356197 1.445793600 0.099534849 0.517878577 0.820980048 0.218829508
10056.720461683 46.728875568 26.620506690 1.443755767 0.107878296 0.519934432 0.814991280 0.231990674
10056.753814573 46.736747085 26.669142961 1.441906146 0.117786368 0.522444928 0.808570237 0.243704414
10056.787183365 46.745315412 26.701672162 1.441280693 0.125586925 0.524365783 0.803787179 0.251385404
10056.820551105 46.760696527 26.751158981 1.438556930 0.137893248 0.527329823 0.796440867 0.261898177
10056.853907048 46.780429337 26.796348569 1.435727283 0.150081628 0.529788089 0.789778735 0.270276961
10056.887293664 46.795292789 26.828201689 1.433866877 0.157475908 0.531548947 0.785581780 0.274805971
10056.920644423 46.817765029 26.876471850 1.433419503 0.165720149 0.534743106 0.780236439 0.278958318
10056.954009292 46.841781508 26.924659818 1.436012201 0.173065128 0.537419439 0.775874947 0.281508215
10056.987393548 46.858708334 26.958278989 1.439893475 0.178055392 0.538356127 0.773523278 0.283073658
10057.020733305 46.884094374 27.005653114 1.447465225 0.186365627 0.537602182 0.771062404 0.285857510
10057.054099294 46.909751649 27.044760475 1.455561345 0.197586692 0.532732873 0.769766763 0.290885400
10057.087479227 46.924383234 27.065410422 1.458040041 0.203581909 0.529018975 0.769531156 0.294134545
10057.120834721 46.945968922 27.106093270 1.461983364 0.207487563 0.524120777 0.770546540 0.297496810
10057.154190145 46.961134615 27.146656762 1.465709317 0.203599731 0.522609463 0.772503557 0.297766272
10057.187565512 46.969861493 27.168601174 1.468634065 0.200471475 0.522375463 0.773493757 0.297728856
10057.220922002 46.985076797 27.214804444 1.471039945 0.194392343 0.523114031 0.774423209 0.298047010
10057.254280496 46.998745129 27.256629700 1.471147537 0.189288645 0.524831745 0.774352998 0.298494359
10057.287653097 47.009013241 27.286240019 1.470218613 0.186428957 0.526356670 0.773736248 0.299207483
10057.321006875 47.023298633 27.329735141 1.466108307 0.183348092 0.528838516 0.772097503 0.300963032
10057.354380111 47.040122449 27.375424406 1.461344034 0.182116173 0.531227912 0.769668234 0.303712717
10057.387741051 47.050411343 27.401681448 1.457774173 0.182354403 0.532417024 0.768002380 0.305698100
10057.421113352 47.069595384 27.454983613 1.449678314 0.183407690 0.534691329 0.764533212 0.309767285
10057.454481924 47.087530544 27.502446561 1.440992571 0.183786762 0.536713499 0.761628057 0.313183251
10057.487829175 47.100575971 27.535913552 1.434681047 0.183504060 0.538302825 0.759697541 0.315302989
10057.521184949 47.118739045 27.585750464 1.429456729 0.182142464 0.540926632 0.757163645 0.317688081
10057.554548616 47.136467995 27.637468173 1.428402396 0.180761261 0.542922970 0.754975156 0.320269463
10057.587913502 47.147071371 27.667950095 1.429758755 0.180258214 0.543396623 0.753871014 0.322343886
10057.621296108 47.167699864 27.720706547 1.435102993 0.183676038 0.540809069 0.752484575 0.327956748
10057.654644716 47.188832291 27.765373324 1.441244314 0.190371007 0.535098010 0.752237614 0.334017322
10057.688024504 47.204600930 27.793951972 1.444779027 0.195222332 0.530613836 0.752436303 0.337900589
10057.721412332 47.227615548 27.834003276 1.451187197 0.202139284 0.524507070 0.752446984 0.343301005
10057.754734672 47.249557449 27.873453237 1.459603874 0.209320592 0.519131572 0.751560652 0.349061437
10057.788110268 47.261808031 27.895521715 1.464319927 0.212941254 0.516301659 0.750963088 0.352339409
10057.821471800 47.283391169 27.934538572 1.470063664 0.216033997 0.513615162 0.750107043 0.356185628
10057.854842542 47.305320378 27.975759923 1.472445478 0.217118318 0.513136004 0.749065153 0.358402670
10057.888208006 47.317897342 27.999214420 1.472189382 0.218327357 0.513192606 0.748162764 0.359470435
10057.921575884 47.344014119 28.043339954 1.469853734 0.222791933 0.513260561 0.745517655 0.362119838
10057.954945743 47.368863307 28.083373771 1.465757252 0.226790256 0.514382977 0.742627847 0.363978314
10057.988336149 47.395771354 28.124135277 1.460648955 0.229754344 0.516718390 0.739636808 0.364900588
10058.021683942 47.414031153 28.150814294 1.455893377 0.231346133 0.518645801 0.737675967 0.365129658
10058.055048234 47.444882853 28.192794144 1.448106139 0.233556726 0.521643219 0.734951817 0.364945797
10058.088408978 47.476302502 28.235353893 1.440907591 0.232778173 0.525714818 0.733245358 0.363028233
10058.121774148 47.497031489 28.264075420 1.437845346 0.230618033 0.529007878 0.732737021 0.360641714
10058.155149295 47.528314620 28.305561736 1.436475359 0.228574906 0.531793890 0.732797547 0.357710114
10058.188517571 47.559673202 28.344499602 1.438834960 0.226569273 0.531928299 0.734669700 0.354935319
10058.221902944 47.580868909 28.368904616 1.441990979 0.226282688 0.529840689 0.736645146 0.354145336
10058.255254971 47.610188675 28.401756273 1.447109771 0.228586408 0.522993596 0.740038372 0.355765598
10058.288607776 47.633727147 28.432510330 1.451640337 0.225780414 0.517586377 0.744715297 0.355705880
10058.321990991 47.646704809 28.454265260 1.455044060 0.217949678 0.516740042 0.748971387 0.352873246
10058.355400838 47.664740456 28.487733409 1.460055978 0.203298243 0.517729017 0.755210346 0.346819582
10058.388704371 47.682481586 28.521906753 1.463403390 0.189454630 0.519469785 0.760449585 0.340550311
10058.422065019 47.695592320 28.545583465 1.464497714 0.181197875 0.520790798 0.763403635 0.336391386
10058.455451171 47.715413978 28.581708182 1.463386049 0.172039480 0.522524217 0.766462677 0.331520473
10058.488804267 47.735435094 28.621169926 1.460874558 0.166515030 0.523823322 0.768167984 0.328328830
10058.522168068 47.751256889 28.647325760 1.458161282 0.164289747 0.524653139 0.768594188 0.327125262
10058.555559737 47.770059470 28.685584660 1.453468757 0.162290010 0.526004230 0.768536153 0.326088461
10058.588907621 47.796060772 28.734065138 1.445773599 0.161148607 0.527747080 0.767693774 0.325822674
10058.622291831 47.810246482 28.761279450 1.439207796 0.160621623 0.528731520 0.767068675 0.325959080
10058.655656395 47.833066781 28.807289610 1.427786681 0.158552335 0.530816804 0.766111909 0.325833117
10058.689009673 47.853306054 28.852283344 1.418702623 0.154618532 0.533820892 0.765248911 0.324842222
10058.722380898 47.866784979 28.883557984 1.414779046 0.152549759 0.535530879 0.764679797 0.324345583
10058.755743797 47.886303416 28.930739563 1.412770221 0.150642271 0.536212977 0.764223166 0.325185335
10058.789102530 47.904526052 28.975595072 1.414408676 0.150309590 0.534517257 0.764684849 0.327040382
10058.822464035 47.916845653 29.002603413 1.417282671 0.152048360 0.531847079 0.765393445 0.328926824
10058.855855300 47.938107676 29.045746646 1.420401106 0.156848299 0.524725083 0.767798572 0.332486919
10058.889201997 47.956894043 29.079344389 1.423012804 0.159618836 0.519429116 0.770098880 0.334160046
10058.922571026 47.972493287 29.108089317 1.428035230 0.160964821 0.515917817 0.771768468 0.335100827
10058.955972915 47.991742506 29.144557437 1.435656641 0.163901644 0.512422045 0.772636056 0.337036236
10058.989298389 48.012202949 29.183048138 1.443197283 0.166752542 0.510323403 0.772503553 0.339119264
10059.022661647 48.026994727 29.210867709 1.446637328 0.167499397 0.510316494 0.772089666 0.339703658
10059.056059372 48.046121885 29.249327606 1.448214653 0.167835924 0.511822880 0.771092935 0.339535163
10059.089408870 48.067813377 29.289868259 1.447061844 0.169448845 0.514332239 0.769315466 0.338973672
10059.122773580 48.081945977 29.314126254 1.445488272 0.171594781 0.515989860 0.767785503 0.338843794
10059.156165096 48.112446860 29.360728079 1.440766663 0.176968293 0.519677016 0.764282705 0.338363663
10059.189507424 48.141042015 29.403553294 1.434463749 0.181421891 0.523678926 0.760987962 0.337259249
10059.222876935 48.161946192 29.432426861 1.429611252 0.184409681 0.526630811 0.758775395 0.336025234
10059.256280666 48.191645192 29.474625537 1.421978842 0.187333581 0.530928390 0.756265871 0.333291325
10059.289600477 48.220717945 29.517059859 1.416212471 0.186485050 0.536163468 0.755048177 0.328107165
10059.322961272 48.239026054 29.543561628 1.414411265 0.185346908 0.539052281 0.754892090 0.324356433
10059.356346381 48.271925438 29.588812567 1.414826466 0.184848554 0.541063878 0.755916096 0.318860075
10059.389701505 48.306082790 29.633133600 1.420460766 0.185035109 0.539492057 0.759061348 0.313904761
10059.423062318 48.323764029 29.656285719 1.424757373 0.186665974 0.536520067 0.761226644 0.312787513
10059.456451337 48.350821058 29.693626704 1.431947431 0.189544417 0.529864592 0.765507297 0.311953531
10059.489798504 48.365684520 29.718252493 1.436350239 0.186305027 0.527286139 0.769193901 0.309193316
10059.523165231 48.382730513 29.750699883 1.444311991 0.173271369 0.527679000 0.775065546 0.301339185
10059.556567558 48.396030804 29.787683594 1.451883817 0.157436547 0.529990839 0.780528108 0.291717872
10059.589902091 48.410977313 29.823609455 1.456597007 0.144769461 0.532705385 0.784303694 0.283080362
10059.623259755 48.422146058 29.848390128 1.458572978 0.138094133 0.534614073 0.786125205 0.277713821
10059.656646662 48.440210287 29.886740652 1.458774044 0.131676860 0.537304789 0.787514617 0.271634858
10059.689996796 48.459148007 29.928385031 1.456354408 0.128191357 0.540176600 0.787668694 0.267122154
10059.723389007 48.471803525 29.956839573 1.453771767 0.126635274 0.542313348 0.787205501 0.264890993
10059.756745183 48.490157845 30.001778162 1.448703341 0.124386249 0.545943658 0.785968573 0.262158322
10059.790091706 48.507038515 30.047957302 1.440513782 0.121910422 0.549488076 0.784557075 0.260136308
10059.823453687 48.516441319 30.073665835 1.434823170 0.120171396 0.551422620 0.783799332 0.259134206
10059.856860547 48.532191980 30.127851548 1.423267168 0.115818728 0.554830416 0.782555502 0.257596812
10059.890185278 48.545498318 30.180422174 1.415467422 0.110908712 0.557716303 0.781459534 0.256851669
10059.923547900 48.552827525 30.210335038 1.412837062 0.108229300 0.558912206 0.780992464 0.256815762
10059.956936149 48.561635485 30.260829899 1.410891556 0.103723117 0.559312162 0.780931147 0.257988303
10059.990306928 48.570769809 30.312181800 1.413829176 0.102404506 0.556826137 0.782000369 0.260640351
10060.023654703 48.575529033 30.337119229 1.416113189 0.103617599 0.553995862 0.783226637 0.262503359
10060.057042958 48.588084593 30.385490207 1.420663446 0.106869395 0.547103261 0.786548959 0.265702258
10060.090400810 48.600795721 30.427824106 1.425815254 0.109295727 0.541107050 0.789804509 0.267332082
10060.123754691 48.608858142 30.453463429 1.430424783 0.110943046 0.538162448 0.791318378 0.268119458
10060.157137855 48.623361672 30.497024737 1.440529294 0.115735426 0.533342303 0.793061864 0.270562708
10060.190478872 48.636877892 30.536755089 1.449492191 0.119709316 0.530292907 0.793716721 0.272897196
10060.223868170 48.645295972 30.562686326 1.451832985 0.121377790 0.529487287 0.793732842 0.273676489
10060.257237013 48.660214783 30.608250461 1.455340137 0.124067234 0.529083709 0.793193342 0.274812795
10060.290580862 48.677644902 30.658501297 1.455243318 0.127746578 0.530049616 0.791585313 0.275900179
10060.323957717 48.688366635 30.687617151 1.454167157 0.130080932 0.531182263 0.790230846 0.276513225
10060.357397811 48.708322192 30.739775294 1.450274791 0.134738118 0.534302710 0.786960978 0.277594439
10060.390678784 48.727102080 30.788688952 1.444671814 0.138604297 0.538108939 0.783491886 0.278151188
10060.424052767 48.741480113 30.823145579 1.440280922 0.141035596 0.541156847 0.780882994 0.278352255
10060.457464633 48.760682055 30.867811149 1.433424198 0.143751395 0.545217750 0.777614491 0.278188505
10060.490794695 48.785472537 30.924276223 1.425998987 0.144278632 0.550772687 0.774380363 0.275985828
10060.524166465 48.801746984 30.960451072 1.423776697 0.142669628 0.554519807 0.772993218 0.273193421
10060.557535687 48.823104412 31.009534186 1.422703716 0.141894109 0.557457622 0.772163482 0.269945584
10060.590884758 48.848695251 31.061728975 1.425874185 0.141382443 0.557906984 0.773213200 0.266255798
10060.624255482 48.860594797 31.087995759 1.429214584 0.142264323 0.556769808 0.774214765 0.265254105
10060.657643603 48.883007085 31.134191115 1.436040128 0.148494442 0.550396555 0.776949998 0.267136170
10060.690981137 48.897932936 31.171520963 1.442367147 0.146779348 0.546267940 0.780578292 0.265978740
10060.724380128 48.904527282 31.194045838 1.446426147 0.140325220 0.545709046 0.783308476 0.262561042
10060.757737609 48.912606744 31.237209438 1.453244421 0.125307297 0.545989688 0.788211010 0.254787648
10060.791078786 48.920684487 31.276539024 1.457542284 0.112735495 0.546399824 0.792004957 0.247923553
10060.824451011 48.926334228 31.299311024 1.459392241 0.106762994 0.546598235 0.793793765 0.244383902
10060.857833981 48.935031180 31.336589880 1.460935631 0.099926260 0.546554325 0.796085963 0.239875492
10060.891190452 48.946702085 31.377954756 1.460786089 0.096147366 0.546192442 0.797778175 0.236599839
10060.924584495 48.953937763 31.400809857 1.459580340 0.094949971 0.546061962 0.798388888 0.235321098
10060.957940716 48.964685178 31.445722874 1.455604379 0.092724269 0.546145279 0.799172054 0.233348607
10060.991312129 48.973481986 31.488546163 1.449475835 0.090679014 0.546445111 0.799657165 0.231783252
10061.024689271 48.978405718 31.513430382 1.444842037 0.089627144 0.546541472 0.799932100 0.231015217
10061.058037968 48.984716647 31.557611566 1.435856142 0.087852526 0.546429932 0.800479377 0.230063100
10061.091397990 48.990692056 31.608249960 1.426732240 0.084603706 0.546614745 0.801034918 0.228905205
10061.124780841 48.991964329 31.641006550 1.422783310 0.082115386 0.546656588 0.801449938 0.228257826
10061.158135349 48.994191935 31.687518881 1.419468077 0.078416245 0.545896283 0.802364738 0.228164343
10061.191495082 48.993715633 31.734469498 1.421396067 0.074047425 0.544330093 0.804007077 0.227583720
10061.224894606 48.993557497 31.763771056 1.423515857 0.071778061 0.542370945 0.805827455 0.226547522
10061.258276522 48.993420048 31.798364777 1.425151959 0.067056787 0.538856064 0.809507079 0.223239374
10061.291588448 48.991795874 31.833028247 1.427745495 0.058325129 0.536465422 0.813481720 0.216911323
10061.324958477 48.991131149 31.857194628 1.431072903 0.052588398 0.535147810 0.815978035 0.212205393
10061.358329332 48.988913708 31.887313146 1.436032193 0.047588303 0.532868350 0.819221339 0.206550414
10061.391686684 48.987375960 31.919092571 1.439266429 0.042726634 0.530758285 0.822640793 0.199329385
10061.425055681 48.987592230 31.938764900 1.439917041 0.039487697 0.530018278 0.824461779 0.194381381
10061.458437519 48.988354912 31.973474479 1.438851195 0.033852667 0.529420965 0.827303676 0.184759485
10061.491778877 48.989184773 32.013590304 1.435913471 0.027150207 0.529990976 0.829682663 0.173202511
10061.525170981 48.989612373 32.037206790 1.433757885 0.021475863 0.531144642 0.830791058 0.164955671
10061.558524977 48.988130744 32.076490646 1.429886986 0.010594450 0.533962538 0.831938498 0.150499508
10061.591881323 48.987144750 32.116111322 1.424599995 0.000385229 0.537006008 0.832529416 0.136085159
10061.625255428 48.986536915 32.139578643 1.420623785 -0.004425117 0.538608827 0.832807324 0.127722007
10061.658613953 48.987538470 32.182917739 1.413765759 -0.011238504 0.540896987 0.833424817 0.112726302
10061.691973898 48.987305945 32.224887538 1.408440287 -0.019562388 0.543146259 0.833920654 0.095842567
10061.725379893 48.987518166 32.247342976 1.407174575 -0.024673582 0.544103206 0.834203211 0.086301321
10061.758715446 48.987019301 32.287696053 1.407684410 -0.034570821 0.544425936 0.835334748 0.067978801
10061.792072555 48.981776946 32.331516213 1.413294109 -0.045664969 0.543368559 0.836958125 0.046544779
10061.825462654 48.981083710 32.352947450 1.416915773 -0.049873412 0.541532815 0.838442263 0.035628981
10061.858839698 48.979728372 32.388173765 1.423052590 -0.059468670 0.536159914 0.841902814 0.013988367
10061.892167071 48.972837684 32.416760429 1.428698304 -0.079032335 0.530214919 0.844100308 -0.010986380
10061.925539476 48.967544267 32.435315138 1.432418658 -0.097558322 0.525810497 0.844444268 -0.030324473
10061.958902171 48.951357007 32.459086681 1.439285944 -0.124153183 0.519003552 0.843709470 -0.058100179
10061.992262506 48.941134630 32.486335641 1.443240326 -0.145335836 0.512658938 0.842044673 -0.083779935
10062.025634575 48.937405930 32.501585619 1.444297134 -0.154830677 0.509301403 0.840896788 -0.097632649
10062.058999826 48.928822790 32.537347785 1.443831875 -0.169296907 0.503708447 0.838248031 -0.122297163
10062.092355847 48.921990468 32.572612934 1.442116903 -0.179770216 0.499872513 0.835211267 -0.142240220
10062.125734815 48.915043186 32.596789990 1.439759054 -0.185834419 0.497751194 0.832881229 -0.154977989
10062.159080021 48.904978125 32.629383731 1.434769674 -0.193283727 0.495194802 0.829374882 -0.171932588
10062.192443998 48.892869185 32.660565595 1.427754278 -0.200784983 0.492426714 0.825709230 -0.188163731
10062.225812288 48.879983001 32.681207345 1.421891321 -0.206627148 0.490183981 0.822988747 -0.199284744
10062.259167498 48.859860985 32.713245825 1.413367358 -0.215564710 0.486937168 0.818742609 -0.214673217
10062.292537672 48.834594348 32.743112389 1.409586254 -0.224834564 0.484219507 0.814288227 -0.227849888
10062.325912737 48.806121174 32.771865007 1.409623184 -0.233311170 0.481819953 0.810051052 -0.239233619
10062.359272785 48.784164433 32.790720603 1.412327427 -0.238623157 0.480220336 0.807447096 -0.245919917
10062.392626292 48.751980795 32.816517166 1.418399919 -0.243507600 0.478477813 0.804439184 -0.254245217
10062.426018260 48.724086690 32.843680397 1.423052837 -0.243377125 0.476875941 0.803286080 -0.260937512
10062.459362550 48.704601162 32.859134786 1.427086059 -0.242673083 0.475364481 0.803025256 -0.265120395
10062.492721937 48.677040752 32.885142856 1.431308022 -0.245220736 0.472339664 0.801560910 -0.272510806
10062.526097088 48.646408372 32.905063860 1.437496579 -0.250630656 0.469255011 0.799093255 -0.280060668
10062.559451658 48.626052782 32.913498281 1.442607948 -0.253531220 0.467842933 0.797508214 -0.284298363
10062.592811561 48.592751402 32.938590513 1.447176172 -0.257490198 0.466745540 0.794870727 -0.289875708
10062.626192557 48.561109230 32.960613919 1.449789065 -0.260632527 0.467027244 0.792066066 -0.294257688
10062.659548820 48.538401370 32.978136124 1.450450825 -0.262348869 0.468178028 0.789932045 -0.296630697
10062.692915559 48.502131573 33.004583946 1.450213991 -0.264905698 0.471237606 0.786131389 -0.299595608
10062.726297335 48.464942271 33.031450541 1.448494625 -0.268564449 0.474869125 0.781743329 -0.302075849
10062.759658273 48.438326075 33.048489601 1.447106345 -0.271434417 0.477659052 0.778450707 -0.303611072
10062.793025284 48.397558047 33.076362517 1.442302588 -0.274331014 0.482566982 0.773882932 -0.304920990
10062.826378895 48.357213793 33.103768074 1.436093444 -0.274461486 0.488082897 0.770365885 -0.304930124
10062.859739392 48.328670744 33.123242190 1.431956335 -0.274169973 0.491682831 0.768136817 -0.305032213
10062.893101715 48.285023029 33.149902914 1.426558433 -0.276842156 0.495054595 0.764299953 -0.306797897
10062.926488726 48.240115762 33.176354021 1.425977907 -0.281117785 0.496670459 0.760172191 -0.310530975
10062.959840725 48.212212386 33.192593282 1.428324752 -0.283653009 0.496568780 0.757961267 -0.313775614
10062.993214565 48.168075693 33.219086340 1.435663907 -0.286586449 0.494854538 0.755192161 -0.320424707
10063.026600718 48.131033058 33.240870577 1.442977037 -0.284584879 0.492011761 0.755267822 -0.326353168
10063.059941149 48.109173939 33.251874003 1.446060822 -0.283076341 0.488895109 0.755928684 -0.330788728
10063.093331188 48.075428097 33.263880222 1.451995475 -0.287034603 0.480666927 0.755363813 -0.340581785
10063.126672774 48.039674726 33.273460257 1.458583821 -0.297587534 0.469827008 0.752413713 -0.352955871
10063.160032394 48.016184374 33.279095205 1.461084850 -0.305067633 0.462926819 0.749984646 -0.360770746
10063.193401875 47.978985591 33.287375784 1.464418784 -0.316281608 0.452507071 0.745614313 -0.373179034
10063.226784200 47.942985326 33.297127411 1.463891286 -0.325486596 0.443936797 0.741347563 -0.383904137
10063.260134407 47.916750437 33.304201308 1.461684860 -0.331325975 0.438793565 0.738332467 -0.390574544
10063.293496885 47.878133046 33.313480576 1.457194682 -0.338786365 0.432548224 0.734314436 -0.398632840
10063.326879840 47.836138856 33.322612416 1.451321363 -0.345241460 0.427643610 0.730670158 -0.405031354
10063.360233142 47.806748992 33.327735540 1.446308652 -0.348650374 0.425179205 0.728629352 -0.408368495
10063.393585169 47.764972720 33.334179302 1.436076606 -0.351929812 0.422491841 0.726498861 -0.412123108
10063.426948293 47.720654879 33.341347232 1.423838540 -0.354813470 0.419443235 0.724816301 -0.415711564
10063.460310733 47.688523760 33.342200723 1.416440969 -0.358681537 0.416683141 0.722968366 -0.418377170
10063.493687469 47.639624171 33.342652396 1.409941034 -0.364700297 0.412920993 0.720118932 -0.421804067
10063.527051811 47.587671759 33.344265156 1.406172773 -0.367438470 0.410402003 0.718995902 -0.423797191
10063.560422529 47.553145920 33.343467776 1.407556308 -0.367592949 0.409441192 0.718953972 -0.424662831
10063.593788692 47.504717661 33.345172020 1.412400528 -0.364829123 0.409266261 0.719515715 -0.426260453
10063.627153575 47.462640177 33.350054651 1.413417658 -0.360439602 0.409559542 0.720386354 -0.428237990
10063.660523982 47.426730427 33.354250863 1.417363124 -0.356110413 0.410280677 0.720998596 -0.430135053
10063.693876053 47.381694990 33.363889525 1.424364846 -0.351073610 0.412096509 0.721461932 -0.431759734
10063.727255900 47.337093175 33.370010322 1.433026940 -0.346486250 0.414500983 0.721646733 -0.432853561
10063.760610053 47.306881398 33.373146955 1.438301745 -0.344344353 0.415847675 0.721359009 -0.433749765
10063.793971507 47.262958134 33.377841749 1.443060994 -0.342780699 0.417555230 0.720196949 -0.435276207
10063.827343429 47.216746761 33.383910183 1.445334341 -0.342301564 0.419577131 0.718201920 -0.437001913
10063.860712609 47.185801326 33.386950719 1.444928884 -0.342865316 0.421022964 0.716292826 -0.438300839
10063.894068879 47.137885214 33.391018063 1.444116789 -0.344942688 0.423189296 0.712617895 -0.440569060
10063.927441264 47.089947028 33.395599120 1.441458493 -0.347615795 0.425739930 0.708342256 -0.442899558
10063.960825667 47.055896799 33.400634977 1.438638978 -0.349192841 0.428027492 0.705200518 -0.444464909
10063.994165204 47.008268241 33.404947584 1.433298125 -0.350845613 0.431725982 0.700445805 -0.447096976
10064.027569501 46.956684933 33.411690275 1.427507333 -0.354703507 0.433853724 0.694369528 -0.451450249
10064.060901855 46.920963323 33.416100824 1.425368250 -0.358998467 0.434327396 0.689516262 -0.455024327
10064.094266076 46.866443250 33.424203409 1.424569387 -0.363578062 0.435904381 0.682601800 -0.460275078
10064.127636683 46.815205950 33.432378426 1.427646553 -0.366092436 0.437496464 0.676629676 -0.465559292
10064.161008270 46.779887665 33.437297714 1.432065722 -0.367888517 0.437827399 0.672640173 -0.469596003
10064.194370141 46.731335268 33.443895313 1.439661281 -0.366759499 0.438859686 0.668833855 -0.474922015
10064.227731732 46.688615709 33.447830218 1.445577568 -0.362021489 0.439206406 0.667472580 -0.480123452
10064.261094064 46.664457891 33.448347490 1.448671593 -0.361118195 0.437246788 0.666379065 -0.484094864
10064.294468842 46.626400342 33.444163695 1.454055452 -0.363421333 0.430267206 0.663243559 -0.492851953
10064.327834896 46.592358145 33.440572245 1.458969762 0.365864215 -0.423166748 -0.660540454 0.500759012
10064.361230760 46.566560587 33.440040620 1.461790534 0.367472053 -0.418285140 -0.658863342 0.505866513
10064.394564180 46.537622297 33.435118142 1.463612543 0.369656855 -0.412257342 -0.656805183 0.511863894
10064.427926254 46.502700000 33.430241825 1.462462131 0.372642554 -0.405238004 -0.654703353 0.517960622
10064.461300469 46.471434838 33.427703352 1.460078852 0.375159351 -0.400383371 -0.653327102 0.521643859
10064.494664612 46.435682874 33.419519000 1.455128078 0.377805484 -0.395353638 -0.652138550 0.525046502
10064.528020085 46.395010013 33.413869932 1.447189878 0.380153129 -0.391573663 -0.651498726 0.526975403
10064.561375971 46.367983385 33.407828111 1.440691845 0.381691808 -0.389416603 -0.651265731 0.527749013
10064.594755820 46.323587937 33.398698886 1.429031281 0.384074237 -0.386471989 -0.651237248 0.528220058
10064.628120437 46.278528591 33.388507610 1.418434023 0.387546716 -0.383256701 -0.651187648 0.528087579
10064.661474056 46.244452023 33.380432505 1.413553928 0.391825933 -0.380225223 -0.650448087 0.528032674
10064.694845174 46.195440378 33.367347329 1.409535823 0.398524864 -0.375419948 -0.649256639 0.527923870
10064.728219383 46.146311714 33.352991595 1.410438822 0.403112517 -0.371785710 -0.649285407 0.526976418
10064.761580549 46.110665425 33.344760982 1.413220070 0.403778395 -0.371032489 -0.650053213 0.526050112
10064.794950255 46.063688093 33.335693671 1.417282869 0.401360177 -0.371734806 -0.651923693 0.525089270
10064.828307036 46.015072099 33.329177943 1.419953423 0.397289367 -0.372604254 -0.653909590 0.525099493
10064.861667620 45.987117619 33.326976224 1.422532427 0.395530856 -0.373048102 -0.654613050 0.525235386
10064.895048802 45.939143734 33.322580924 1.429342049 0.392453183 -0.375047778 -0.655854649 0.524570627
10064.928404764 45.886102991 33.317766963 1.438329085 0.388342320 -0.378977666 -0.657729261 0.522454199
10064.961772600 45.855386645 33.315098422 1.442363887 0.386762952 -0.381224336 -0.658471047 0.521054993
10064.995157493 45.806190984 33.310919829 1.446309060 0.385324842 -0.384914834 -0.659025798 0.518700621
10065.028498849 45.757483527 33.307340108 1.447054337 0.384564026 -0.389238247 -0.659005656 0.516057790
10065.061879416 45.723515331 33.304537000 1.446497113 0.384209543 -0.392741598 -0.658752306 0.513986832
10065.095251328 45.673515469 33.302889143 1.443550368 0.383657862 -0.398482992 -0.658274376 0.510580841
10065.128592487 45.621182186 33.301470376 1.439218131 0.382447019 -0.405298280 -0.657872624 0.506627273
10065.161959624 45.591431165 33.300925559 1.435719918 0.381319307 -0.409481156 -0.657834818 0.504156843
10065.195335828 45.532459797 33.301554941 1.428871412 -0.378244228 0.417591081 0.658222997 -0.499290976
10065.228685161 45.484227779 33.301120518 1.424100957 -0.377223181 0.422170655 0.658054449 -0.496426180
10065.262053178 45.441865792 33.300956607 1.422754347 -0.378324019 0.424107943 0.657112799 -0.495182955
10065.295447127 45.390249006 33.300719125 1.423726065 -0.377984260 0.425565450 0.656743294 -0.494681911
10065.328789539 45.339317610 33.301502461 1.426754600 -0.375557087 0.425007402 0.657003569 -0.496660743
10065.362163039 45.306184382 33.302287740 1.429912681 -0.372570768 0.423343329 0.657776315 -0.499301281
10065.395543023 45.264563130 33.302769076 1.434496730 0.365434419 -0.420682965 -0.660473924 0.503247180
10065.428887194 45.226005234 33.300432422 1.438989437 0.360404399 -0.415190441 -0.662620433 0.508586010
10065.462245496 45.199233257 33.298055341 1.442590891 0.360116428 -0.409128603 -0.662752586 0.513506528
10065.495630798 45.163534428 33.292941354 1.447064311 0.361872480 -0.399599641 -0.662071372 0.520605353
10065.528976846 45.121032152 33.287975357 1.450753253 0.364697798 -0.389376661 -0.660634236 0.528151246
10065.562338579 45.098634009 33.284982702 1.451651268 0.366419660 -0.384368508 -0.659730370 0.531745542
10065.595728057 45.051033192 33.280693828 1.450698510 0.369741136 -0.376196582 -0.658007090 0.537395845
10065.629065196 45.010681371 33.275542639 1.447719905 0.372869788 -0.370563115 -0.656607045 0.540849598
10065.662432045 44.977164314 33.270024120 1.443958829 0.375586899 -0.366604494 -0.655560085 0.542933330
10065.695833405 44.928986235 33.263031452 1.436806055 0.378709115 -0.362697691 -0.654559279 0.544593372
10065.729189882 44.884996984 33.256589885 1.427456976 0.381116150 -0.359954681 -0.653754848 0.545699283
10065.762530155 44.846876573 33.248695355 1.418889566 0.383874662 -0.357259211 -0.653009844 0.546428626
10065.795915608 44.797063514 33.237836984 1.408465616 0.388269172 -0.353477989 -0.651862633 0.547152145
10065.829261541 44.745345391 33.224608866 1.403041040 0.393915694 -0.349485799 -0.650168461 0.547696151
10065.862623716 44.710236708 33.215828029 1.401705113 0.396898886 -0.347558800 -0.649264701 0.547840764
10065.896010203 44.660825260 33.203022336 1.402925736 0.398626487 -0.346241142 -0.649315831 0.547359980
10065.929352710 44.608016836 33.193067968 1.407648998 0.397906424 -0.347173705 -0.649781212 0.546740591
10065.962721803 44.567296081 33.186423317 1.411642342 0.395007610 -0.349229708 -0.650650374 0.546499487
10065.996155418 44.517026992 33.183427828 1.414475124 0.389580075 -0.352944405 -0.652305778 0.546035515
10066.029448774 44.463490768 33.180680180 1.420001573 0.383231247 -0.358649690 -0.654210115 0.544530381
10066.062815856 44.427406737 33.177712118 1.425640077 0.379048627 -0.363442388 -0.655477903 0.542752695
10066.096229973 44.375543236 33.174581850 1.434610692 0.373762394 -0.370910554 -0.657265742 0.539192709
10066.129547951 44.331959145 33.172602601 1.441674907 0.370932490 -0.377169797 -0.658311444 0.535516643
10066.162930734 44.297641127 33.170234379 1.445011394 0.369568739 -0.381809778 -0.658752010 0.532621846
10066.196296675 44.239206805 33.168193950 1.446108434 0.368298594 -0.389971421 -0.658923155 0.527350654
10066.229647178 44.183011916 33.166850916 1.444618708 0.367918327 -0.398093470 -0.658416653 0.522154388
10066.263003371 44.149323521 33.166576392 1.442712491 0.367809558 -0.403029586 -0.657984641 0.518979280
10066.296398619 44.088446370 33.168168763 1.436910721 0.367071881 -0.412939850 -0.657154808 0.512724559
10066.329731680 44.032402374 33.171305799 1.430405570 0.365741471 -0.421992413 -0.656427771 0.507206231
10066.363107488 43.997244923 33.174145851 1.426839386 0.365309554 -0.426642172 -0.655729304 0.504524001
10066.396484338 43.933360052 33.178540645 1.422783844 0.367534583 -0.432666486 -0.653094153 0.501184667
10066.429835993 43.874366114 33.183650580 1.423289640 -0.370125068 0.436387878 0.650288779 -0.499697467
10066.463195675 43.834954170 33.187972001 1.425266128 -0.370433401 0.438538895 0.648929453 -0.499352880
10066.496588615 43.781070784 33.194576067 1.429662199 0.369676835 -0.440610714 -0.647388371 0.500089525
10066.529927823 43.725203281 33.202339416 1.434951555 0.364198779 -0.442830319 -0.648055390 0.501283123
10066.563299714 43.692756914 33.206114447 1.438045617 0.359432062 -0.443193881 -0.649650926 0.502335994
10066.596705552 43.650506166 33.206687628 1.442954079 0.357607197 -0.438647365 -0.650702992 0.506252110
10066.630030513 43.610592443 33.203994025 1.449480207 0.360466703 -0.430008854 -0.650484003 0.511885439
10066.663415223 43.572406030 33.200277860 1.454679435 0.364326911 -0.420510468 -0.650088229 0.517515355
10066.696777396 43.545714031 33.197871643 1.456328439 0.367500599 -0.414011206 -0.649620534 0.521086550
10066.730142826 43.504425421 33.194111397 1.457163002 0.371848889 -0.405287583 -0.649095485 0.525495413
10066.763493842 43.464877963 33.189183000 1.455847606 0.375409639 -0.398273389 -0.649039693 0.528387536
10066.796877638 43.435931270 33.185568743 1.453193628 0.377859464 -0.394139899 -0.649121349 0.529638971
10066.830205536 43.393167547 33.180136726 1.447499603 0.381408270 -0.389232049 -0.649542902 0.530207659
10066.863587234 43.348448492 33.174444122 1.439532479 0.384907055 -0.385283313 -0.650232357 0.529718047
10066.896960877 43.314632332 33.170364540 1.431584905 0.387144482 -0.383059248 -0.650879440 0.528905206
10066.930299029 43.268044351 33.164243042 1.420316942 0.389705980 -0.380836472 -0.652161686 0.527046455
10066.963667926 43.218840656 33.157272463 1.411224211 0.393277409 -0.378277842 -0.652852356 0.525378488
10066.997051185 43.182720065 33.151402947 1.407307997 0.397057410 -0.375813893 -0.652669237 0.524530454
10067.030405025 43.133772440 33.142365078 1.404509791 0.400965422 -0.372533936 -0.653199981 0.523235111
10067.063787396 43.081489205 33.134750164 1.405883617 0.401494859 -0.371523670 -0.655000693 0.521292752
10067.097169756 43.048285857 33.131285509 1.408903808 0.399392496 -0.372358739 -0.656806910 0.520037774
10067.130490867 42.993131550 33.127785121 1.412908354 0.392654612 -0.374987755 -0.660992355 0.517972631
10067.163867296 42.944734855 33.126237036 1.415848709 0.385977487 -0.377171833 -0.664944702 0.516344199
10067.197268351 42.912364759 33.125933186 1.419705978 0.382423669 -0.378606850 -0.667197092 0.515031098
10067.230586429 42.862728719 33.125809052 1.427385925 0.376795569 -0.381798748 -0.670846321 0.512074241
10067.263959180 42.814246984 33.124015382 1.433870288 0.372104923 -0.385160635 -0.674258559 0.508492485
10067.297339595 42.781538181 33.122317280 1.436850816 0.370045687 -0.387238714 -0.676007171 0.506089590
10067.330685829 42.733577512 33.120707502 1.438989833 0.367874875 -0.390728560 -0.678145944 0.502112883
10067.364085471 42.684151398 33.119795881 1.438491899 -0.366316696 0.395185996 0.679557721 -0.497836731
10067.397443112 42.647729729 33.118985784 1.436794560 -0.365999878 0.398476834 0.680035539 -0.494784770
10067.430789853 42.596761852 33.119153980 1.433000528 -0.366894117 0.402994421 0.679891191 -0.490644650
10067.464166128 42.545410580 33.119210713 1.427959264 -0.368401969 0.407533794 0.679170958 -0.486747373
10067.497568520 42.505825930 33.119995177 1.423272655 -0.368996608 0.411277647 0.678670477 -0.483837353
10067.530876857 42.448845560 33.121565190 1.415910153 -0.369510764 0.416675094 0.677834993 -0.479982691
10067.564248965 42.392365806 33.123354027 1.411424413 -0.370902790 0.421130347 0.676353452 -0.477102042
10067.597628675 42.354853610 33.124847625 1.410945273 -0.371548591 0.423850348 0.675312391 -0.475663433
10067.630972939 42.298324437 33.127578705 1.415453013 -0.371086728 0.427804732 0.674229233 -0.474017608
10067.664354028 42.246004402 33.130350418 1.423879252 -0.366779042 0.431863168 0.674811181 -0.472860664
10067.697724636 42.217923234 33.131697657 1.428748706 -0.362595971 0.433799644 0.676071507 -0.472513861
10067.731075735 42.172206210 33.131458786 1.435689730 -0.355894212 0.433972355 0.678217618 -0.474371339
10067.764459734 42.133647433 33.126898316 1.441806481 -0.356486807 0.427986397 0.677700491 -0.480069625
10067.797816899 42.110619405 33.123109466 1.445151684 -0.359210711 0.422202015 0.676492238 -0.484841597
10067.831162219 42.070019219 33.113523458 1.450363182 -0.365689487 0.410383319 0.673518653 -0.494195664
10067.864540484 42.032710592 33.105608472 1.451631533 0.370883869 -0.400393357 -0.670776429 0.502184525
10067.897901892 42.009738582 33.101218970 1.451863202 0.373373495 -0.394580829 -0.669362568 0.506805639
10067.931267164 41.972572630 33.093757211 1.449601043 0.376701726 -0.386728080 -0.667405183 0.512940079
10067.964654415 41.936684544 33.084351846 1.445944659 0.379678572 -0.380036984 -0.665868673 0.517720951
10067.998020481 41.912759121 33.078925501 1.442156161 0.381458936 -0.376370538 -0.665161829 0.519994269
10068.031351755 41.871427274 33.066847295 1.434055628 0.384550327 -0.370495163 -0.664227233 0.523121938
10068.064730243 41.833114904 33.055459781 1.424961870 0.386858485 -0.365946104 -0.663851387 0.525095514
10068.098088626 41.803945631 33.046116073 1.417553930 0.388984390 -0.362554715 -0.663560483 0.526243963
10068.131445003 41.763438045 33.032129378 1.409517854 0.393397434 -0.357090180 -0.662738616 0.527733446
10068.164834485 41.718278715 33.016672036 1.404483359 0.396970200 -0.353084273 -0.662094981 0.528560680
10068.198185658 41.687906202 33.005747619 1.402381383 0.396966459 -0.351762001 -0.662785701 0.528579455
10068.231542476 41.644762081 32.989454106 1.402675025 0.395071585 -0.350827958 -0.664416280 0.528572789
10068.264935108 41.599767619 32.976399948 1.405264894 0.391631737 -0.350730728 -0.665892571 0.529338855
10068.298295507 41.568078705 32.967787939 1.406834997 0.388057832 -0.351113691 -0.667116436 0.530175400
10068.331643987 41.524983052 32.956578832 1.409331811 0.382343152 -0.352260109 -0.669069702 0.531104757
10068.365076464 41.480394810 32.947577304 1.413790564 0.375846715 -0.355545854 -0.671300787 0.530736889
10068.398387480 41.454531059 32.942667322 1.417640912 0.371307146 -0.358687531 -0.673074404 0.529570680
10068.431754866 41.408491166 32.933745751 1.425733880 0.364358748 -0.364363398 -0.676057048 0.526715184
10068.465107009 41.367868598 32.925145504 1.432035427 0.362060976 -0.367421785 -0.677517877 0.524292483
10068.498477896 41.343087182 32.918562044 1.433677773 0.362375175 -0.368397697 -0.677789232 0.523038360
10068.531826551 41.295643373 32.907059142 1.436455299 0.365119683 -0.369834905 -0.677414670 0.520594972
10068.565213452 41.255471608 32.899183800 1.435345421 0.368253189 -0.371277407 -0.676515732 0.518525930
10068.598565630 41.218688867 32.892730718 1.432837869 0.370936559 -0.373211071 -0.675534871 0.516499956
10068.631923963 41.180928520 32.886700913 1.429215027 0.373440472 -0.375777090 -0.674358327 0.514368195
10068.665294393 41.125777006 32.879905550 1.422448518 0.375865940 -0.380786067 -0.672665753 0.511123812
10068.698654997 41.097718869 32.877114436 1.418829937 0.376140536 -0.383514846 -0.672024737 0.509722879
10068.732028842 41.043708507 32.873268118 1.412138203 0.379357581 -0.386368420 -0.669531049 0.508463807
10068.765407034 40.993546875 32.869560647 1.410037998 0.384285339 -0.387009641 -0.666018332 0.508888885
10068.798766025 40.959231105 32.868287557 1.410177214 0.384757832 -0.388677092 -0.664621819 0.509086796
10068.832126421 40.914047828 32.868114025 1.412158354 0.381728933 -0.391377008 -0.664064490 0.510024913
10068.865491048 40.867566196 32.868697868 1.415392320 0.376748224 -0.392614723 -0.663682599 0.513263931
10068.898858799 40.842614365 32.868997546 1.416955756 0.372192473 -0.392744788 -0.664229992 0.515773994
10068.932215157 40.802403973 32.867509410 1.420164678 0.362644230 -0.390778101 -0.665955944 0.521808699
10068.965582878 40.766976514 32.863312488 1.424229958 0.358470845 -0.384565427 -0.666232939 0.528906188
10068.998951852 40.744945824 32.858987087 1.427754003 0.357685026 -0.378674017 -0.665822058 0.534180117
10069.032316095 40.710139895 32.852709390 1.432762213 0.357688682 -0.369323004 -0.665098319 0.541575066
10069.065682957 40.671768791 32.845944864 1.435119627 0.358608189 -0.360147021 -0.664194013 0.548215837
10069.099046080 40.648055758 32.841599290 1.435235369 0.359749614 -0.354347731 -0.663609311 0.551942555
10069.132406488 40.608289475 32.835000036 1.431499446 0.361981802 -0.346286482 -0.662754885 0.556606513
10069.165791590 40.568183018 32.826759015 1.426661557 0.364278003 -0.339765479 -0.662409066 0.559531219
10069.199142352 40.540240930 32.820723533 1.421521334 0.365759419 -0.336094625 -0.662594185 0.560561679
10069.232499979 40.499833753 32.810802523 1.413888485 0.368215195 -0.331710596 -0.662938107 0.561158371
10069.265870306 40.453683607 32.798595128 1.403173944 0.371842189 -0.326843415 -0.663517732 0.560937597
10069.299228378 40.429406298 32.792148552 1.395592847 0.373969041 -0.324369757 -0.663922218 0.560480780
10069.332594490 40.378058099 32.777870008 1.383254051 0.379887314 -0.318519946 -0.664487716 0.559184001
10069.365991340 40.330770722 32.764048221 1.377163064 0.387103546 -0.312816829 -0.663969014 0.558069552
10069.399328062 40.297246379 32.753393321 1.374953885 0.391227768 -0.309577171 -0.664031386 0.556924704
10069.432690310 40.249158738 32.741224658 1.376423471 0.393373341 -0.307261288 -0.665645890 0.554764333
10069.466066807 40.199829988 32.729992713 1.381116147 0.390699631 -0.308804014 -0.668360078 0.552529352
10069.499428433 40.166910512 32.724128908 1.384199676 0.386261706 -0.311331229 -0.670897611 0.551154385
10069.532805470 40.119128428 32.716115178 1.387082051 0.377404595 -0.315930387 -0.675198131 0.549419008
10069.566157845 40.070853961 32.710502845 1.391931271 0.369324646 -0.320494988 -0.678864568 0.547745532
10069.599523451 40.043340716 32.707854590 1.395467835 0.365108540 -0.323578789 -0.680854747 0.546286862
10069.632888136 39.992805094 32.701785124 1.402929948 0.357407765 -0.330271063 -0.684883668 0.542323774
10069.666274306 39.942243485 32.695407969 1.411532017 0.352948352 -0.336142312 -0.688129439 0.537506914
10069.699618934 39.915178352 32.691736100 1.415246598 0.351922621 -0.338775888 -0.689456243 0.534819086
10069.733011237 39.867670491 32.685109458 1.419466654 0.351464723 -0.343259198 -0.691341128 0.529804790
10069.766359592 39.813059404 32.678385464 1.419870391 0.352304872 -0.348762422 -0.692752198 0.523775183
10069.799725598 39.783739795 32.676083880 1.418279210 0.352768049 -0.352092408 -0.693302309 0.520497405
10069.833081754 39.729331724 32.672091194 1.414529969 0.353764844 -0.358821780 -0.693922132 0.514363140
10069.866465151 39.671957994 32.669719139 1.409997251 0.354450133 -0.366437848 -0.694167266 0.508153731
10069.899810972 39.634096958 32.669363809 1.405732758 0.354122091 -0.371702027 -0.694305995 0.504355364
10069.933173537 39.581888293 32.669929122 1.399805363 0.354395924 -0.377844358 -0.693817055 0.500254999
10069.966558482 39.522365936 32.670890754 1.395919809 -0.358915171 0.381941197 0.691139624 -0.497621184
10069.999915515 39.484497260 32.671988322 1.395787781 -0.361434191 0.384537851 0.689225034 -0.496452232
10070.033286944 39.429825082 32.675623754 1.398385926 -0.362369817 0.389107418 0.687173233 -0.495051998
10070.066661646 39.378928139 32.679571623 1.403408449 -0.361360222 0.393411926 0.685803573 -0.494286663
10070.100031312 39.349183964 32.681575336 1.406734075 -0.359138036 0.396050912 0.685729809 -0.493900977
10070.133372983 39.300623114 32.683915956 1.411228398 -0.353296252 0.399667778 0.686789329 -0.493728511
10070.166739622 39.259376047 32.682552084 1.415874875 -0.352720481 0.398247784 0.686552067 -0.495613987
10070.200107218 39.237665565 32.680474164 1.418939041 -0.354726208 0.395632768 0.685586749 -0.497609123
10070.233474254 39.196203796 32.676340297 1.422851467 0.360166807 -0.389737526 -0.683047761 0.501826951
10070.266863106 39.156222239 32.671236710 1.424762734 0.366103900 -0.383812401 -0.680271355 0.505852606
10070.300217341 39.120897612 32.667132023 1.424409418 0.370867798 -0.379169546 -0.678066384 0.508835445
10070.333578104 39.078523927 32.661977115 1.421439296 0.375930919 -0.374376198 -0.676012263 0.511395959
10070.366952325 39.033322634 32.655616957 1.415812145 0.380397718 -0.370550705 -0.674550921 0.512806793
10070.400297759 39.002744094 32.650280720 1.411611561 0.383096750 -0.368406438 -0.674021983 0.513037954
10070.433649587 38.957024904 32.640784593 1.403773299 0.386818307 -0.365581545 -0.673666202 0.512733438
10070.467022176 38.910188334 32.629384351 1.394151540 0.390849327 -0.362661774 -0.673384121 0.512120169
10070.500386068 38.876515625 32.620763463 1.386962784 0.393209280 -0.360936526 -0.673549577 0.511314242
10070.533748762 38.825844203 32.606853851 1.378210476 0.395864312 -0.359239831 -0.674250138 0.509534044
10070.567122712 38.774953610 32.592182535 1.373642732 0.398098611 -0.358162157 -0.675100303 0.507421862
10070.600500259 38.740773094 32.581521514 1.372976562 0.399039873 -0.357566766 -0.676010075 0.505888887
10070.633860513 38.689212780 32.564570044 1.376190534 0.399793641 -0.357038274 -0.677436647 0.503754210
10070.667218031 38.638776850 32.551660781 1.382243093 0.398565886 -0.357816689 -0.678916743 0.502179756
10070.700588869 38.605977228 32.543224838 1.386219012 0.395560088 -0.359381097 -0.680609032 0.501147473
10070.733952144 38.555808184 32.534624174 1.391789143 -0.389733158 0.362728717 0.683308266 -0.499625618
10070.767309290 38.508353755 32.526238753 1.399216593 -0.384305988 0.367228883 0.685567824 -0.497442071
10070.800672730 38.480120860 32.522456678 1.404024679 -0.380341507 0.370745651 0.687182496 -0.495649289
10070.834037861 38.431826437 32.518535392 1.411347352 -0.373797266 0.377132529 0.689882101 -0.492046082
10070.867413965 38.379725854 32.513296160 1.417385294 -0.368247709 0.383886624 0.692130797 -0.487831574
10070.900783755 38.345688628 32.509852392 1.419186100 -0.365397508 0.388230710 0.693189491 -0.485025676
10070.934152185 38.297617766 32.503657716 1.420931575 -0.362170742 0.394663792 0.694251024 -0.480716508
10070.967510456 38.253138487 32.500024166 1.420601681 -0.360413438 0.400255496 0.694580426 -0.476923184
10071.000910597 38.199311439 32.497780610 1.417141512 -0.359507510 0.406414564 0.694285988 -0.472809179
10071.034240328 38.164826644 32.496579477 1.414135465 -0.359360923 0.410242756 0.693734407 -0.470418092
10071.067610469 38.116146227 32.496981837 1.408123525 -0.359667410 0.415281871 0.692444451 -0.467654792
10071.100969648 38.061612441 32.498116042 1.401227156 -0.361313762 0.419661021 0.690186957 -0.465810001
10071.134340196 38.030795494 32.498989218 1.398579017 -0.363405751 0.421329560 0.688261572 -0.465525156
10071.167702668 37.970957832 32.502080807 1.397179692 -0.367460732 0.424282217 0.684126613 -0.465755288
10071.201079918 37.918866424 32.505648468 1.401565832 -0.369146680 0.427160813 0.681214639 -0.466058992
10071.234444356 37.889061766 32.508161508 1.405688122 -0.368052926 0.429539822 0.680410214 -0.465912573
10071.267802190 37.835942113 32.512710427 1.413909493 -0.359391153 0.435656142 0.682291839 -0.464240855
10071.301168032 37.794000536 32.514534319 1.419793232 -0.351854178 0.438464255 0.684740981 -0.463764513
10071.334534532 37.766359485 32.514065579 1.423861697 -0.350186651 0.437429953 0.685336797 -0.465121296
10071.367914619 37.729210410 32.511281710 1.429171140 -0.351292989 0.433038101 0.685295358 -0.468445847
10071.401263075 37.690421056 32.507356255 1.432392371 -0.355071733 0.426497489 0.684710141 -0.472436217
10071.434641981 37.664888112 32.503722564 1.433434417 -0.358827863 0.421506504 0.683961470 -0.475154228
10071.468002733 37.624766917 32.497441767 1.432638070 -0.365304320 0.413844837 0.682673370 -0.478792517
10071.501361728 37.583913584 32.490640680 1.430218121 -0.371463339 0.407158084 0.681689010 -0.481183308
10071.534739647 37.554706970 32.485916519 1.427450892 -0.375416710 0.403158602 0.681222925 -0.482141848
10071.568088425 37.511824151 32.479141597 1.421711844 -0.380308722 0.398553996 0.680903616 -0.482587043
10071.601455690 37.467117081 32.471492980 1.414272456 -0.383808520 0.395524062 0.681214847 -0.481869348
10071.634831144 37.441659000 32.467436862 1.408335471 -0.384646092 0.394705601 0.681878253 -0.480933385
10071.668187458 37.393406162 32.458778048 1.396437633 -0.384560006 0.393882416 0.683993389 -0.478668244
10071.701543655 37.348171722 32.449992288 1.387992798 -0.385549123 0.392525241 0.685272481 -0.477155568
10071.734947555 37.321342029 32.444765037 1.384761636 -0.386369298 0.391665711 0.685721684 -0.476552734
10071.768280808 37.270815976 32.435487589 1.382717439 -0.385413986 0.390594500 0.687865725 -0.475113397
10071.801650260 37.218271465 32.430966092 1.385605757 -0.381681545 0.390237494 0.690912699 -0.473997404
10071.835018142 37.185994680 32.427133147 1.389092750 -0.377170161 0.390942356 0.693208646 -0.473675539
10071.868372917 37.141049327 32.424992071 1.392835994 -0.367922726 0.392529582 0.697310696 -0.473615021
10071.901737909 37.098450418 32.422469798 1.396111426 -0.358313366 0.394210887 0.701118317 -0.473964570
10071.935127648 37.067665140 32.423104997 1.400501838 -0.352003444 0.395804736 0.703549556 -0.473761763
10071.968471297 37.025254417 32.422983750 1.407596669 -0.341861685 0.399641359 0.707548338 -0.472009239
10072.001835704 36.981022592 32.425449685 1.414491457 -0.332506085 0.403633524 0.711552303 -0.469268582
10072.035216484 36.955425387 32.425668432 1.416964579 -0.328734161 0.405282331 0.713322607 -0.467815073
10072.068569779 36.908541753 32.427152555 1.419115632 -0.324481553 0.407354513 0.715611367 -0.465482969
10072.101940379 36.864708692 32.429359805 1.418257983 -0.322672840 0.409368991 0.716783723 -0.463163428
10072.135327922 36.833970171 32.431180896 1.415977736 -0.322124988 0.411040043 0.717185921 -0.461438978
10072.168661016 36.791360324 32.434971373 1.411970395 -0.322611555 0.413385554 0.717081995 -0.459159646
10072.202030728 36.735542389 32.441560643 1.405263712 -0.324767018 0.416457999 0.716017223 -0.456517749
10072.235417839 36.701856218 32.446790071 1.400778878 -0.326712858 0.418377837 0.714880050 -0.455154049
10072.268756999 36.650899599 32.455386744 1.394860352 -0.330962416 0.420463975 0.712243159 -0.454294626
10072.302127592 36.600308415 32.465698746 1.391570924 -0.337568320 0.421430167 0.707976771 -0.455206694
10072.335512831 36.565695671 32.474736606 1.391453683 -0.341861949 0.422143230 0.704641595 -0.456514757
10072.368874210 36.516824122 32.489302397 1.394003056 -0.344656192 0.424106105 0.700571516 -0.458852561
10072.402239905 36.469966134 32.505156003 1.398071310 -0.343216697 0.426742069 0.698050611 -0.461322936
10072.435625008 36.441917406 32.515786867 1.400967811 -0.340422862 0.428158587 0.697265792 -0.463263332
10072.468971506 36.404622177 32.527674783 1.405432813 -0.338891967 0.426788431 0.696047348 -0.467463324
10072.502319111 36.367995864 32.535434778 1.411169570 -0.343705683 0.420354191 0.693054789 -0.474176990
10072.535711662 36.347002284 32.538714611 1.414117135 -0.348250646 0.415130599 0.690753863 -0.478797634
10072.569049594 36.309030216 32.544376385 1.418983812 -0.355471793 0.407163852 0.686996422 -0.485688499
10072.602415238 36.272410121 32.551254192 1.420706237 -0.360183851 0.401905733 0.684075420 -0.490693586
10072.635813508 36.247551466 32.556623041 1.420601357 -0.362329055 0.399533580 0.682575130 -0.493134633
10072.669153798 36.208641529 32.564759319 1.418599719 -0.365224733 0.396968824 0.680706507 -0.495646345
10072.702535660 36.169549400 32.572694598 1.415352931 -0.367210503 0.396041537 0.679615890 -0.496416952
10072.735955520 36.147394320 32.576640853 1.413133741 -0.367724400 0.396275062 0.679488707 -0.496024130
10072.769248415 36.101927062 32.584045392 1.406954823 -0.368045982 0.397756174 0.679831508 -0.494126807
10072.802611504 36.058514366 32.589992575 1.399090242 -0.367719806 0.399678017 0.680932865 -0.491294272
10072.835998242 36.027285403 32.593410321 1.392974183 -0.367291314 0.401090209 0.682086888 -0.488857047
10072.869342093 35.981948532 32.597423094 1.385567813 -0.367941831 0.402239187 0.683512304 -0.485420824
10072.902711992 35.932697516 32.601663654 1.381559948 -0.369734102 0.402352108 0.684827863 -0.482099857
10072.936096650 35.899896458 32.603022520 1.379705876 -0.370115695 0.402256040 0.686535035 -0.479451871
10072.969442684 35.852304022 32.605371806 1.380148690 -0.368734098 0.402485843 0.690100332 -0.475186114
10073.002811365 35.805271016 32.610270159 1.384253487 -0.362984858 0.404495294 0.695134136 -0.470546580
10073.036204488 35.773346508 32.614732105 1.387011630 -0.356621112 0.406658722 0.699480812 -0.467093845
10073.069537076 35.726729975 32.625026866 1.390633881 -0.346528385 0.409769115 0.706044000 -0.462070579
10073.102909795 35.681577869 32.635576231 1.396551088 -0.337118621 0.413726199 0.711794436 -0.456651234
10073.136294491 35.651472526 32.643532295 1.401781791 -0.329972176 0.417826796 0.715820778 -0.451818265
10073.169643457 35.606290015 32.655486351 1.409877706 -0.318648231 0.425242742 0.721915471 -0.443249329
10073.203036320 35.563013344 32.669569822 1.416448189 -0.310333086 0.431929955 0.726813358 -0.434594332
10073.236393656 35.530860110 32.680030756 1.418639233 -0.306098550 0.436332766 0.729473710 -0.428702114
10073.269742112 35.481192915 32.694908888 1.418320257 -0.301617269 0.443061404 0.732263018 -0.420136273
10073.303104928 35.431599353 32.712036175 1.415766165 -0.298427659 0.450370155 0.734027923 -0.411473771
10073.336496713 35.397038018 32.724302580 1.413263352 -0.296289929 0.456116387 0.734918542 -0.405049201
10073.369847590 35.348578057 32.744228714 1.408718174 -0.293867718 0.464666772 0.735475150 -0.395983409
10073.403204401 35.298891363 32.766900310 1.403214258 -0.292804083 0.473065034 0.735073641 -0.387481594
10073.436601419 35.265633807 32.782643304 1.399238485 -0.292660111 0.478092633 0.734386466 -0.382693104
10073.469939430 35.216440727 32.808375140 1.394526131 -0.293070345 0.484928632 0.732793188 -0.376786595
10073.503307797 35.166056305 32.838315463 1.392493593 -0.293294997 0.491586350 0.730834779 -0.371754531
10073.536696104 35.134447649 32.858463482 1.392242372 -0.291540008 0.495418778 0.730413676 -0.368863823
10073.570041514 35.091689884 32.888381228 1.393638309 -0.287978620 0.499013535 0.730839244 -0.365961481
10073.603418101 35.052414949 32.915764811 1.396031336 -0.283505618 0.499371688 0.733331619 -0.363974200
10073.636813756 35.028543392 32.932003890 1.398253737 -0.278418401 0.498927092 0.736688452 -0.361725138
10073.670135733 34.995723285 32.951453413 1.403087315 -0.272650580 0.496427802 0.741979447 -0.358730539
10073.703509445 34.963003565 32.967644940 1.409464929 -0.271408353 0.491551347 0.746347062 -0.357324563
10073.736904252 34.942098142 32.979115099 1.413817716 -0.271137771 0.488051548 0.749205114 -0.356344907
10073.770237149 34.912665769 32.995498943 1.418241312 -0.269995710 0.483806938 0.753421006 -0.354104434
10073.803608118 34.880001081 33.013391674 1.419402839 -0.267921164 0.480353331 0.757822735 -0.350975255
10073.836991609 34.858772533 33.025640290 1.418848483 -0.266577808 0.478322075 0.760708108 -0.348521791
10073.870333351 34.825467518 33.044053891 1.416840153 -0.265052662 0.475852341 0.764659403 -0.344394590
10073.903701830 34.790311263 33.063055107 1.414315412 -0.263597598 0.474255116 0.768332517 -0.339504838
10073.937093872 34.763880539 33.076733122 1.411382715 -0.262177105 0.473610965 0.770897878 -0.335666920
10073.970433097 34.726285615 33.097468803 1.405811036 -0.259815176 0.473010283 0.774540545 -0.329915581
10074.003828544 34.688923573 33.119203503 1.398822350 -0.257162051 0.472785009 0.777839702 -0.324511036
10074.037186804 34.661621467 33.134569296 1.392865799 -0.255908039 0.472499289 0.779845363 -0.321086759
10074.070536078 34.621352319 33.157439425 1.385949784 -0.256246423 0.471609947 0.781859774 -0.317202022
10074.103931800 34.578375087 33.180914760 1.381352307 -0.257276565 0.470840559 0.783441128 -0.313588801
10074.137281683 34.547686897 33.196786213 1.379561130 -0.257278542 0.470468052 0.784807114 -0.310717489
10074.170625766 34.501014151 33.220488046 1.381566803 -0.257402029 0.470160441 0.786691865 -0.306282981
10074.203998791 34.459461474 33.243817101 1.386623469 -0.255401096 0.470101403 0.789121684 -0.301764676
10074.237388658 34.432646589 33.260145596 1.390014112 -0.251619466 0.470121154 0.791634698 -0.298308983
10074.270719911 34.399355171 33.282970087 1.394567772 -0.244568230 0.470030344 0.795582704 -0.293778858
10074.304096231 34.363597478 33.307731021 1.401177599 -0.237077762 0.469767323 0.799676199 -0.289189857
10074.337464431 34.342451445 33.322482866 1.406061869 -0.232692581 0.469639994 0.801964388 -0.286610465
10074.370828991 34.310845142 33.344414556 1.412184955 -0.226519869 0.469253172 0.805140187 -0.283265758
10074.404216995 34.280016334 33.366212050 1.415934479 -0.221332945 0.468780550 0.807763762 -0.280667469
10074.437586598 34.258790531 33.381910526 1.417058721 -0.217490711 0.468872750 0.809341726 -0.278966137
10074.470921040 34.228522755 33.404940146 1.417244953 -0.212053699 0.469363808 0.811186892 -0.276959690
10074.504306162 34.198095985 33.430075120 1.417357234 -0.209004077 0.469384614 0.812302949 -0.275969741
10074.537670652 34.180248604 33.442963412 1.416646861 -0.208757599 0.469185281 0.812474242 -0.275991020
10074.571020282 34.145059712 33.470768547 1.414221859 -0.209266614 0.468842521 0.812334424 -0.276598913
10074.604393617 34.112183529 33.495539573 1.410939310 -0.210509358 0.468857563 0.811755871 -0.277327968
10074.637758253 34.090678849 33.511751555 1.407528355 -0.211356812 0.469059760 0.811242151 -0.277844221
10074.671118944 34.054214986 33.541170482 1.401603139 -0.211208207 0.470143609 0.810400447 -0.278580683
10074.704502709 34.018249179 33.571765263 1.396134657 -0.209984320 0.471822518 0.809590255 -0.279022786
10074.737881109 33.992566504 33.593179244 1.394144712 -0.210154785 0.473201847 0.808558504 -0.279549858
10074.771227133 33.957720706 33.625897930 1.394846256 -0.211059990 0.475036897 0.806814507 -0.280791700
10074.804604881 33.921141959 33.657792354 1.396225510 -0.213521993 0.475892926 0.804797645 -0.283257890
10074.837960656 33.900319713 33.675957634 1.398626404 -0.216606265 0.475724553 0.803265456 -0.285538935
10074.871328591 33.863671667 33.705729767 1.402822953 -0.221136134 0.474976682 0.800876933 -0.289986379
10074.904705125 33.824069447 33.737335819 1.407870597 -0.222470889 0.473654181 0.799583152 -0.294661166
10074.938058220 33.801303743 33.754632599 1.411466153 -0.224786861 0.471630263 0.798745518 -0.298397987
10074.971413125 33.767937320 33.777293151 1.416224302 -0.233365576 0.466729930 0.796265564 -0.306047106
10075.004831021 33.735643491 33.793982600 1.417828446 -0.243184966 0.461923996 0.793152364 -0.313682358
10075.038170058 33.708041769 33.812372618 1.420540679 -0.250713163 0.458572914 0.790280464 -0.319860251
10075.071518884 33.673113341 33.836233750 1.422656806 -0.256901041 0.456385427 0.787075078 -0.325924866
10075.104894088 33.639155358 33.861665872 1.423424231 -0.260483455 0.455831475 0.784286681 -0.330545667
10075.138244270 33.619490663 33.877259678 1.423296785 -0.261772067 0.456113747 0.782751027 -0.332770889
10075.171604591 33.579224111 33.906715526 1.421788803 -0.263020908 0.457230255 0.780082842 -0.336498522
10075.204989250 33.542512486 33.932592818 1.418589542 -0.263780309 0.458343645 0.777841360 -0.339564236
10075.238334067 33.504067113 33.958458013 1.413495341 -0.264838200 0.459164592 0.775556287 -0.342842603
10075.271700040 33.477836717 33.975824507 1.409201274 -0.265316463 0.459450022 0.774252382 -0.345030579
10075.305065668 33.439538238 34.000581556 1.402314918 -0.265343874 0.459409077 0.772869670 -0.348149970
10075.338441069 33.400817104 34.023699476 1.396286756 -0.266351997 0.458305797 0.771667570 -0.351484810
10075.371872176 33.372133796 34.038884828 1.393749711 -0.268174742 0.456830491 0.770827471 -0.353854801
10075.405185892 33.325502212 34.059859963 1.394977643 -0.271229852 0.454230915 0.770085901 -0.356477697
10075.438531504 33.283189422 34.078011052 1.400148178 -0.272511568 0.452261063 0.770324012 -0.357488870
10075.471901139 33.254282908 34.092072359 1.405349895 -0.271849728 0.451006632 0.771054232 -0.358002953
10075.505268032 33.215527760 34.111914257 1.411897268 -0.269726380 0.448832958 0.772645394 -0.358909112
10075.538630460 33.178766224 34.133150527 1.416371831 -0.266391972 0.446804646 0.774355911 -0.360241375
10075.571992470 33.154809083 34.148016028 1.420000003 -0.264087953 0.446035838 0.775322053 -0.360811999
10075.605377396 33.118833275 34.170048454 1.426412850 -0.259460336 0.446487567 0.776839449 -0.360346578
10075.638734749 33.082497738 34.193353131 1.431957242 -0.253841027 0.448324651 0.778470412 -0.358543664
10075.672101588 33.056758578 34.210982758 1.434549924 -0.250313233 0.449772398 0.779422080 -0.357140443
10075.705479065 33.019632766 34.236013476 1.435761757 -0.246259072 0.451893900 0.780261305 -0.355444327
10075.738847433 32.981706494 34.262330873 1.434772645 -0.243036645 0.454229020 0.780605051 -0.353927875
10075.772192151 32.962795463 34.275701911 1.433133685 -0.241712231 0.455508984 0.780609222 -0.353179849
10075.805565891 32.917784917 34.308239587 1.429103936 -0.239507801 0.458254306 0.780364054 -0.351668804
10075.838927399 32.879441672 34.337181853 1.423086768 -0.237849039 0.460469676 0.780099759 -0.350485205
10075.872289995 32.853510420 34.358050546 1.417974452 -0.236508437 0.461713481 0.780063638 -0.349835879
10075.905682084 32.814430154 34.388264692 1.410079788 -0.236448529 0.462107069 0.779670147 -0.350233653
10075.939030729 32.775198557 34.417325455 1.405192139 -0.241621383 0.459929280 0.778034421 -0.353194853
10075.972392429 32.748951948 34.436949683 1.403178335 -0.246724877 0.457289962 0.776542136 -0.356363631
10076.005790978 32.709155850 34.465453172 1.403958167 -0.253595591 0.453441011 0.774354495 -0.361186438
10076.039124686 32.668502709 34.494363041 1.408136537 -0.256948155 0.450482799 0.773152703 -0.365072311
10076.072483942 32.645756885 34.511858892 1.411028202 -0.256880981 0.449172491 0.773204971 -0.366620115
10076.105859247 32.609009646 34.540376162 1.416293116 -0.256540532 0.446351294 0.773808019 -0.369023885
10076.139221818 32.574149614 34.563444301 1.421867349 -0.261336209 0.441690256 0.773157308 -0.372613580
10076.172588093 32.554696962 34.575085299 1.424666184 -0.266089743 0.438543897 0.772116563 -0.375115332
10076.205969343 32.515046913 34.596854307 1.429756859 -0.276387177 0.432715591 0.769463610 -0.379859314
10076.239323296 32.479393380 34.616678989 1.432886045 -0.284866262 0.428692247 0.766825108 -0.383475455
10076.272681344 32.460187195 34.627650456 1.432598472 -0.288439766 0.427349155 0.765450401 -0.385046601
10076.306069229 32.420651617 34.652178402 1.432068287 -0.292827233 0.426338591 0.763298214 -0.387122014
10076.339412826 32.384486043 34.674000414 1.430503375 -0.294837085 0.426849025 0.761820214 -0.387944538
10076.372793876 32.360447211 34.689372045 1.428643795 -0.296287963 0.427363075 0.760876057 -0.388126101
10076.406144735 32.322147385 34.709869901 1.424625619 -0.298643767 0.428163385 0.759504106 -0.388125660
10076.439507757 32.282892497 34.728929001 1.418494039 -0.301162689 0.428488903 0.758362760 -0.388051826
10076.472878010 32.256848502 34.740931474 1.413852685 -0.302962224 0.428249755 0.757773151 -0.388066862
10076.506252718 32.214004388 34.757699530 1.405959079 -0.305987160 0.427298697 0.757068812 -0.388116601
10076.539598049 32.173608640 34.771218528 1.400605466 -0.308854986 0.425880778 0.756831884 -0.387865517
10076.572954540 32.145959936 34.780169951 1.398377060 -0.310826810 0.424552269 0.756998319 -0.387421748
10076.606328274 32.104530182 34.791245321 1.397382532 -0.313302668 0.421974682 0.757889941 -0.386499215
10076.639691078 32.057391122 34.801580041 1.399507800 -0.315085214 0.418323306 0.760017998 -0.384837060
10076.673059076 32.026156215 34.808212031 1.401843388 -0.315517174 0.415624681 0.761722963 -0.384035368
10076.706431014 31.994276514 34.812725600 1.404125205 -0.315504019 0.411297909 0.764656463 -0.382873005
10076.739810248 31.955873919 34.823598730 1.405824674 -0.313755930 0.408070000 0.767812510 -0.381444677
10076.773151732 31.934095291 34.829986580 1.407481251 -0.312402132 0.406842767 0.769607229 -0.380248057
10076.806529221 31.890411604 34.843363082 1.412304452 -0.309656430 0.405618581 0.772725161 -0.377468260
10076.839895915 31.849639385 34.856728944 1.416339855 -0.306758628 0.405535859 0.775204155 -0.374831067
10076.873265614 31.829992420 34.863590548 1.418111651 -0.305041962 0.405740582 0.776433578 -0.373463359
10076.906625571 31.785222247 34.878861932 1.420180073 -0.301344222 0.406669691 0.778658659 -0.370812776
10076.939982951 31.744886967 34.893373995 1.420010233 -0.298697797 0.407635295 0.780054325 -0.368955746
10076.973344109 31.720430283 34.902669371 1.418852499 -0.297838647 0.408032838 0.780549073 -0.368163670
10077.006739939 31.675167011 34.918414363 1.415370671 -0.298490957 0.408095987 0.780611005 -0.367433358
10077.040088133 31.632484293 34.932932062 1.410965598 -0.301579496 0.407462516 0.779646895 -0.367661291
10077.073449884 31.601784967 34.942925178 1.407584860 -0.304664741 0.406732577 0.778600002 -0.368144051
10077.106812893 31.557787212 34.956319657 1.402640462 -0.309832083 0.405493181 0.776672827 -0.369267762
10077.140181872 31.512589067 34.971741497 1.399087812 -0.316375627 0.403790526 0.774051065 -0.371085736
10077.173539854 31.487151223 34.979659762 1.398076973 -0.320775873 0.402557380 0.772209968 -0.372481088
10077.206906822 31.434345114 34.996901957 1.398872387 -0.330084572 0.399682850 0.768082512 -0.375961500
10077.240269083 31.385497665 35.013169505 1.402893063 -0.337901531 0.397153229 0.764198463 -0.379595282
10077.273635875 31.354499600 35.024005345 1.407185151 -0.340619333 0.396360165 0.762325288 -0.381755477
10077.307005487 31.310619796 35.041685464 1.415491173 -0.338778664 0.397395486 0.761577991 -0.383803085
10077.340387796 31.271412036 35.059396439 1.424307020 -0.331243136 0.400598660 0.762764011 -0.384694374
10077.373746400 31.251063647 35.068525856 1.429623710 -0.326137733 0.402607751 0.763624205 -0.385252192
10077.407103320 31.211281790 35.087852348 1.439524765 -0.317784066 0.405443432 0.764707193 -0.387106988
10077.440480123 31.176574671 35.101906656 1.447486503 -0.314156047 0.405824227 0.764564175 -0.389941402
10077.473832859 31.161318766 35.109216289 1.451699103 -0.313890179 0.405029272 0.764049518 -0.391985432
10077.507197690 31.119407060 35.122702719 1.457027395 -0.315854079 0.402080435 0.762429396 -0.396571482
10077.540558427 31.079074784 35.132678971 1.458762090 -0.319110213 0.398811685 0.760673027 -0.400617596
10077.573925837 31.055986198 35.137025968 1.458650152 -0.320866082 0.397142737 0.759735516 -0.402646929
10077.607298538 31.010006876 35.145170617 1.455780670 -0.323719171 0.394481444 0.758244879 -0.405777023
10077.640668222 30.967699283 35.151617652 1.451046042 -0.325863933 0.392888099 0.757156987 -0.407633335
10077.674033783 30.943414695 35.154485450 1.447302156 -0.327369785 0.391952438 0.756433029 -0.408670261
10077.707416605 30.894592950 35.158395338 1.439617317 -0.331991405 0.389405978 0.754385170 -0.411154116
10077.740768434 30.847336976 35.161841649 1.432184574 -0.338389421 0.386033653 0.751534804 -0.414326028
10077.774119800 30.814639921 35.163774641 1.428203018 -0.343629207 0.383286791 0.749189556 -0.416803567
10077.807493077 30.769083231 35.162202318 1.424452149 -0.351986625 0.378533869 0.745410719 -0.420928005
10077.840851932 30.722032541 35.162606976 1.424372754 -0.358612496 0.374691991 0.742231124 -0.424377129
10077.874219357 30.689512091 35.163493502 1.426081699 -0.361333921 0.373008450 0.740775997 -0.426090855
10077.907594017 30.642114863 35.167313255 1.429774054 -0.361867415 0.372418769 0.740127566 -0.427279089
10077.940963004 30.594986498 35.174769628 1.434155082 -0.357356231 0.374866582 0.741515497 -0.426528238
10077.974322886 30.564628620 35.180636704 1.437068156 -0.351812035 0.378182158 0.743327941 -0.425053079
10078.007711305 30.518489797 35.195151548 1.440974717 -0.343006667 0.383742206 0.746108124 -0.422387278
10078.041066200 30.475703041 35.207922178 1.444623886 -0.335276192 0.388906727 0.748179541 -0.420200912
10078.074428666 30.451606304 35.214463003 1.446482943 -0.331987732 0.391333821 0.748788179 -0.419473778
10078.107793311 30.404261735 35.227315862 1.449041161 -0.327813776 0.395044261 0.748840691 -0.419184662
10078.141146061 30.360551368 35.239511724 1.449010061 -0.325329880 0.398145421 0.747942394 -0.419789076
10078.174531106 30.329476713 35.248278901 1.447472792 -0.323550021 0.400568575 0.747143419 -0.420281943
10078.207884863 30.286814728 35.262397082 1.443453488 -0.320379143 0.404743908 0.746025665 -0.420696187
10078.241267123 30.243644259 35.277300470 1.438605148 -0.317132217 0.409201279 0.744915100 -0.420812268
10078.274638689 30.212407085 35.288214917 1.435120770 -0.315171397 0.412198298 0.744031237 -0.420924069
10078.307981840 30.166830962 35.304473755 1.429254093 -0.313221438 0.415843306 0.742480013 -0.421533042
10078.341345286 30.120627125 35.319844186 1.424481522 -0.313111693 0.417828884 0.740499957 -0.423131073
10078.374781735 30.087002229 35.330065711 1.422982078 -0.314485142 0.417940543 0.738772771 -0.425017166
10078.408084021 30.040025851 35.343561760 1.422275320 -0.318674103 0.416078423 0.735681643 -0.429066524
10078.441453949 29.989826850 35.355613988 1.425272292 -0.325417858 0.411919271 0.731873550 -0.434496074
10078.474838818 29.963296974 35.362513576 1.428402479 -0.329936147 0.408723672 0.729535498 -0.438024036
10078.508190419 29.911455960 35.372586096 1.435167050 -0.336911775 0.402685700 0.725857651 -0.444370739
10078.541561427 29.872481645 35.381402576 1.440215080 -0.339068318 0.399234226 0.724293553 -0.448378810
10078.574926357 29.845505867 35.387397462 1.443101857 -0.338488485 0.397776858 0.724082707 -0.450447944
10078.608280192 29.809227410 35.396132461 1.446540284 -0.335482838 0.396894082 0.724719623 -0.452446483
10078.641646958 29.773710577 35.404965179 1.448628681 -0.332296892 0.396056503 0.725496438 -0.454282886
10078.675031430 29.755731766 35.409769626 1.448827285 -0.331489823 0.395108793 0.725594465 -0.455539473
10078.708381735 29.716080271 35.416920513 1.448359730 -0.332534645 0.391521836 0.724940816 -0.458903231
10078.741751370 29.676764033 35.422504912 1.445859677 -0.335474470 0.387409684 0.723673782 -0.462241142
10078.775129521 29.648888557 35.425812284 1.442705660 -0.337766655 0.384592917 0.722753793 -0.464358622
10078.808478172 29.607892681 35.429771413 1.437258090 -0.340567781 0.381178487 0.721783037 -0.466632398
10078.841849981 29.565058114 35.432373186 1.430093972 -0.342613668 0.378685567 0.721289539 -0.467925759
10078.875246425 29.541764151 35.433184066 1.425713812 -0.343508218 0.377562179 0.721153449 -0.468387241
10078.908581272 29.492667341 35.434703658 1.415424452 -0.344912622 0.375396871 0.721105627 -0.469168571
10078.941946001 29.448260427 35.435273757 1.406764625 -0.345699078 0.373402150 0.721175698 -0.470072967
10078.975336872 29.423702289 35.435428627 1.402335077 -0.346025275 0.372102524 0.721228855 -0.470781435
10079.008676561 29.376993759 35.433915340 1.396436853 -0.346499193 0.369211823 0.721261518 -0.472655013
10079.042038758 29.328248521 35.433164236 1.394865529 -0.346352826 0.365954850 0.721627829 -0.474731550
10079.075438475 29.302119923 35.433202204 1.395764542 -0.345721069 0.364450487 0.721957597 -0.475846627
10079.108773279 29.252989073 35.430906661 1.400408011 -0.343164761 0.361419493 0.723271311 -0.478008899
10079.142146184 29.215575317 35.428883442 1.404309293 -0.338755571 0.359730449 0.725280379 -0.479381933
10079.175555139 29.193718976 35.429338218 1.406212275 -0.334950980 0.359537271 0.726806613 -0.479888466
10079.208878450 29.150429370 35.431440440 1.408706137 -0.326271936 0.360206815 0.729963969 -0.480572864
10079.242237642 29.115426604 35.433130185 1.411239873 -0.320070809 0.360549140 0.731901984 -0.481537621
10079.275639871 29.093907268 35.434745823 1.412916749 -0.318138947 0.360371505 0.732277869 -0.482378597
10079.308977178 29.053344721 35.435203764 1.416743724 -0.317379383 0.359484919 0.731712616 -0.484394021
10079.342341943 29.011819049 35.436681194 1.417813687 -0.317725980 0.359075176 0.730280544 -0.486626702
10079.375776692 28.989373572 35.437841189 1.417517829 -0.317896047 0.359240189 0.729264481 -0.487915880
10079.409077872 28.943791315 35.439216729 1.416011603 -0.318833334 0.359917646 0.726540178 -0.490860431
10079.442450001 28.900945726 35.442742469 1.412631560 -0.321384639 0.360154851 0.723123792 -0.494057059
10079.475853964 28.858343386 35.446803801 1.408783836 -0.325262609 0.359823647 0.718987878 -0.497782694
10079.509178932 28.827989585 35.449915548 1.405861922 0.328016891 -0.359409172 -0.715962141 0.500627785
10079.542539059 28.784253478 35.455744175 1.400188599 0.331378364 -0.358664033 -0.711601574 0.505145218
10079.575930891 28.740217275 35.462593734 1.394860712 0.334674905 -0.357115076 -0.706889034 0.510655877
10079.609276102 28.712054055 35.466915991 1.392262115 0.337394679 -0.355129654 -0.703482430 0.514937113
10079.642637618 28.667251487 35.472585983 1.390575275 0.342839121 -0.350274785 -0.697500230 0.522745006
10079.676028034 28.625209241 35.477128107 1.392580412 0.349667573 -0.343613240 -0.690799407 0.531468446
10079.709384669 28.597961293 35.479819952 1.395716693 0.354476313 -0.338473170 -0.686127225 0.537598259
10079.742751443 28.557232799 35.483412949 1.401201535 0.361301690 -0.329691143 -0.678690367 0.547854201
10079.776144914 28.522804287 35.485798573 1.405611458 0.366255659 -0.321459174 -0.672029316 0.557581734
10079.809472652 28.498731982 35.486932778 1.408473933 0.369475394 -0.315473272 -0.667354538 0.564448818
10079.842837427 28.463854833 35.487286272 1.412845993 0.374183523 -0.307012302 -0.660268621 0.574260817
10079.876223310 28.432933470 35.487569990 1.416063942 0.379503086 -0.298890078 -0.652533476 0.583816916
10079.909572358 28.413063474 35.486962622 1.417260979 0.383125207 -0.293810279 -0.647154268 0.589984703
10079.942934991 28.379289583 35.486086893 1.418370286 0.388429962 -0.286325184 -0.638395789 0.599658961
10079.976328913 28.348096932 35.484675035 1.417067673 0.392711087 -0.280149694 -0.630216611 0.608375850
10080.009690281 28.325541739 35.483756911 1.415246648 0.395453065 -0.276297700 -0.624527979 0.614199690
10080.043049030 28.291511406 35.480991581 1.412084333 0.399267747 -0.271241732 -0.616364229 0.622180301
10080.076435417 28.265869749 35.476395932 1.409569036 0.402608132 -0.266937381 -0.609121571 0.628984927
10080.109772833 28.239446398 35.471513564 1.405607668 0.405455903 -0.263021125 -0.602546194 0.635109031
10080.143132256 28.206433521 35.463370170 1.399370936 0.408484295 -0.257998700 -0.594374531 0.642881147
10080.176527654 28.182318186 35.456010256 1.393935724 0.410277070 -0.254025091 -0.588230559 0.648944365
10080.209871448 28.155392454 35.446087455 1.388025475 0.412146051 -0.249104651 -0.581476906 0.655718775
10080.243262372 28.133268009 35.431811493 1.383733319 0.414271730 -0.243264888 -0.574417991 0.662755687
10080.276609303 28.106940239 35.410358113 1.380726047 0.416205129 -0.235615446 -0.566048801 0.671451716
10080.309965575 28.094326366 35.396165168 1.380045761 0.416360854 -0.231493119 -0.561673582 0.676444648
10080.343331608 28.072298135 35.377758282 1.380682770 0.415443140 -0.226443467 -0.556111506 0.683279113
10080.376756069 28.065451567 35.354222757 1.384045817 0.413501830 -0.221218954 -0.551014465 0.690261885
10080.410056876 28.062043865 35.341530270 1.385194335 0.412110202 -0.218402565 -0.547995863 0.694381764
10080.443425154 28.045293675 35.321686473 1.388153421 0.409988414 -0.212920734 -0.541545508 0.702355127
10080.476815598 28.028730504 35.303549224 1.393290124 0.409896755 -0.207580410 -0.534780967 0.709157487
10080.510172560 28.020533360 35.293347138 1.396640128 0.410256389 -0.204922350 -0.530950987 0.712592152
10080.543529602 27.991035144 35.273526616 1.401441545 0.410831124 -0.201279798 -0.523445918 0.718824458
10080.576912525 27.965955068 35.256299817 1.403506872 0.411519499 -0.199510667 -0.516600547 0.723858460
10080.610257195 27.955025545 35.244418391 1.405351553 0.412263888 -0.198803798 -0.512382064 0.726622431
10080.643660785 27.920810221 35.225729738 1.405181329 0.415089270 -0.197407124 -0.503227383 0.731774232
10080.677004122 27.893234156 35.203297034 1.407316348 0.419301666 -0.194951908 -0.493802712 0.736436520
10080.710351780 27.870920133 35.190108305 1.406750330 0.422778380 -0.193159937 -0.487081493 0.739391168
10080.743741217 27.840249945 35.166846022 1.407862621 0.427367396 -0.191096573 -0.477627746 0.743445321
10080.777119793 27.806400497 35.145477922 1.405963063 0.430827851 -0.190531478 -0.468766415 0.747223639
10080.810457224 27.783349638 35.130514049 1.404851413 0.432479765 -0.190802391 -0.463206263 0.749663696
10080.843822653 27.745694070 35.106469213 1.402180515 0.435169938 -0.191080699 -0.454730111 0.753216979
10080.877201125 27.711008890 35.082613206 1.402197756 0.438473997 -0.190072890 -0.446256016 0.756616428
10080.910550278 27.687582370 35.064872176 1.403678477 0.441209840 -0.188070562 -0.439812541 0.759294587
10080.943928390 27.653518216 35.039399346 1.408624154 0.445724709 -0.183099873 -0.429612942 0.763699312
10080.977311230 27.622094567 35.013388381 1.414635882 0.449999816 -0.176621475 -0.418385458 0.768933435
10081.010650509 27.601272895 34.997451898 1.419348120 0.451694456 -0.172804782 -0.411551548 0.772486860
10081.044016272 27.571789249 34.973903710 1.423985291 0.452927332 -0.166938455 -0.400651674 0.778759668
10081.077388403 27.549157087 34.951987232 1.426075037 0.454250680 -0.159143750 -0.389630478 0.785186397
10081.110748981 27.534571681 34.936429350 1.428060558 0.456057428 -0.151692922 -0.381098405 0.789787874
10081.144123755 27.511901867 34.912198594 1.430773533 0.459878438 -0.138978122 -0.367890876 0.796148985
10081.177509198 27.491973176 34.887465136 1.432605942 0.463775837 -0.125722680 -0.354371490 0.802201114
10081.210854674 27.479216083 34.871489688 1.433080553 0.465837404 -0.117945718 -0.345983017 0.805841220
10081.244238289 27.457827636 34.844976330 1.433436783 0.467920119 -0.108416497 -0.334227838 0.810918231
10081.277595708 27.440453350 34.819342738 1.432508758 0.469024459 -0.101569369 -0.324139312 0.815250530
10081.310944401 27.430670117 34.804338219 1.431187037 0.469425427 -0.098271686 -0.318819996 0.817518351
10081.344317435 27.413464963 34.774013666 1.426833796 0.470045961 -0.092128229 -0.308824176 0.821703603
10081.377692076 27.400165725 34.744452126 1.422498553 0.470087818 -0.087092555 -0.300539397 0.825292918
10081.411040305 27.392300835 34.724349993 1.418533041 0.469450508 -0.084595355 -0.295665726 0.827672414
10081.444424402 27.382626202 34.694184954 1.411462329 0.467869168 -0.081807869 -0.289513608 0.831016116
10081.477786817 27.373424590 34.661613596 1.405666134 0.466726162 -0.078465536 -0.283680906 0.833987406
10081.511154624 27.368926852 34.638054827 1.403852772 0.466253234 -0.075955602 -0.279798385 0.835793953
10081.544528651 27.367346325 34.602358945 1.404738625 0.465479909 -0.072354966 -0.274943431 0.838152327
10081.577885540 27.362467555 34.565319886 1.407535122 0.464621033 -0.069446553 -0.270745584 0.840238835
10081.611242808 27.363415317 34.544628712 1.409740791 0.463715289 -0.068657746 -0.268678298 0.841466705
10081.644613474 27.358231375 34.506497697 1.414064629 0.460562449 -0.068765004 -0.265085585 0.844324130
10081.677976163 27.351404697 34.474472871 1.415952871 0.456412414 -0.070853589 -0.262373579 0.847247061
10081.711337789 27.345856403 34.456841314 1.416904362 0.453847240 -0.072836290 -0.260996014 0.848880815
10081.744747315 27.337499005 34.426716661 1.419803079 0.449967781 -0.077095918 -0.259002146 0.851177481
10081.778081203 27.328430014 34.391592056 1.425979286 0.446894951 -0.082518076 -0.257756868 0.852664686
10081.811432135 27.321114067 34.370213959 1.429926821 0.445787653 -0.085157353 -0.257354183 0.853106335
10081.844823850 27.312937418 34.337598756 1.435003104 0.445439532 -0.086431398 -0.256289084 0.853480604
10081.878181674 27.303628198 34.304388099 1.437475172 0.446652192 -0.085071788 -0.254177653 0.853614861
10081.911535469 27.296274241 34.280778093 1.437401112 0.448208266 -0.083657052 -0.252261577 0.853507437
10081.944903096 27.284410657 34.245578909 1.438420725 0.450636132 -0.082850130 -0.249685540 0.853065099
10081.978275626 27.270528781 34.210487222 1.436674398 0.453117751 -0.084029252 -0.247723334 0.852206864
10082.011651475 27.260366889 34.185599692 1.434396703 0.454838287 -0.085869139 -0.246788188 0.851377833
10082.045004262 27.247267633 34.153522375 1.431550243 0.456912759 -0.088833758 -0.246000332 0.850190055
10082.078384202 27.229438470 34.110006500 1.428215283 0.459767223 -0.092754054 -0.245531559 0.848366100
10082.111732110 27.221065414 34.088032496 1.426783263 0.461151574 -0.094489793 -0.245548772 0.847417669
10082.145107093 27.202894113 34.044715191 1.425086538 0.463587537 -0.097682906 -0.245965021 0.845603839
10082.178469288 27.186197080 34.006780030 1.424179202 0.464933299 -0.100963394 -0.247018911 0.844171237
10082.211831997 27.173034362 33.976036867 1.424113083 0.465386239 -0.103781970 -0.248341820 0.843191136
10082.245204024 27.157796650 33.937217604 1.425199713 0.465407320 -0.107187012 -0.250561962 0.842096000
10082.278566489 27.141720872 33.898933602 1.429888603 0.463797286 -0.112717349 -0.254511315 0.841077207
10082.311931886 27.129452990 33.873709820 1.433300509 0.461103048 -0.118568471 -0.258819952 0.840439010
10082.345316077 27.114203678 33.839150211 1.436232758 0.455978944 -0.127529185 -0.266322268 0.839578441
10082.378692658 27.102724618 33.805298233 1.438536942 0.451189405 -0.133476246 -0.273783110 0.838841476
10082.412030264 27.096458780 33.786277846 1.439816464 0.449028114 -0.135242690 -0.277900251 0.838364251
10082.445409942 27.084399462 33.748756980 1.441911763 0.445720022 -0.137117178 -0.286586883 0.836899337
10082.478777936 27.074684257 33.714424039 1.442960618 0.443455574 -0.138578884 -0.295539497 0.834745142
10082.512130736 27.071485058 33.695815396 1.441919085 0.442512753 -0.139650129 -0.300997249 0.833115215
10082.545512291 27.060729780 33.656933879 1.440846697 0.440961457 -0.142310834 -0.312594415 0.829207665
10082.578858869 27.050691695 33.621173840 1.438474763 0.439787355 -0.146100726 -0.324180923 0.824711094
10082.612225867 27.043345909 33.599335306 1.437210180 0.439048294 -0.148950582 -0.331547201 0.821660984
10082.645612456 27.029741440 33.557167239 1.434123879 0.437679944 -0.155269219 -0.346519399 0.815016590
10082.678964442 27.015652168 33.518786665 1.429752722 0.436500695 -0.161127158 -0.360158402 0.808573502
10082.712324148 27.005689255 33.492147118 1.426468384 0.435447292 -0.165633756 -0.370077499 0.803737370
10082.745735418 26.989055697 33.452173531 1.422157581 0.433693492 -0.172779087 -0.385051075 0.796111181
10082.779058244 26.973802928 33.417102922 1.419933378 0.432112913 -0.179606607 -0.398931712 0.788589492
10082.812428305 26.959018846 33.385028977 1.419146859 0.430484010 -0.186307945 -0.411692604 0.781333518
10082.845795475 26.940346199 33.344061738 1.419029066 0.427052423 -0.196483209 -0.429314403 0.771174247
10082.879151047 26.920752934 33.303929147 1.420234598 0.422700520 -0.206949907 -0.447103595 0.760653917
10082.912521773 26.909476009 33.279995369 1.421624059 0.419951330 -0.212905959 -0.457250756 0.754475765
10082.945893317 26.883923921 33.236476288 1.424945867 0.413281739 -0.224706901 -0.477286257 0.742228295
10082.979264194 26.862290436 33.198830014 1.426742613 0.405147610 -0.236367761 -0.495998100 0.730733591
10083.012632977 26.844649458 33.175594118 1.427977386 0.398934044 -0.244951006 -0.508461536 0.722715365
10083.045985637 26.816415710 33.141040223 1.431643364 0.389002111 -0.259971156 -0.527922207 0.708795104
10083.079352250 26.789517297 33.109756067 1.437198017 0.377860212 -0.276904245 -0.548180765 0.692851750
10083.112720641 26.768557736 33.089093295 1.441121254 0.369858190 -0.288700499 -0.562735736 0.680577279
10083.146087030 26.739784713 33.059551614 1.444972257 0.360027564 -0.302976122 -0.582681265 0.662622190
10083.179446789 26.711903090 33.030412603 1.446063419 0.352471472 -0.314272457 -0.601652284 0.644213639
10083.212817584 26.689082121 33.011885034 1.445620940 0.348011746 -0.321281598 -0.613905793 0.631494764
10083.246204413 26.661842143 32.990541362 1.444423839 0.342049892 -0.330610246 -0.628906634 0.614959497
10083.279557247 26.621541130 32.967511414 1.441981744 0.332394856 -0.344424227 -0.648149976 0.592272927
10083.312916087 26.592646145 32.954774813 1.440396023 0.325613526 -0.353528441 -0.659774411 0.577660107
10083.346282890 26.561161945 32.942288164 1.437807660 0.316191436 -0.365741276 -0.674805541 0.557578494
10083.379651777 26.517478978 32.930042800 1.435181423 0.307113675 -0.377631106 -0.690177174 0.535473068
10083.413016818 26.484596042 32.922894122 1.433544835 0.302374743 -0.384096189 -0.699176958 0.521719478
10083.446384512 26.438232240 32.915886471 1.432516907 0.297920011 -0.391596992 -0.710264030 0.503408851
10083.479756143 26.401186888 32.915304471 1.432632558 -0.295534806 0.397995407 0.719486338 -0.486413655
10083.513116717 26.364099395 32.914126360 1.434544035 -0.294046311 0.402453854 0.725235853 -0.474974337
10083.546494949 26.318094832 32.917948875 1.438555041 -0.290780070 0.409967999 0.733006482 -0.458339054
10083.579858039 26.269394719 32.923151720 1.445709040 -0.284882484 0.418394841 0.740479271 -0.442129141
10083.613220483 26.243924755 32.929370557 1.450216646 -0.279020062 0.424468642 0.745873074 -0.430868350
10083.646579764 26.194632772 32.934660383 1.456428937 -0.268808812 0.432692372 0.753717429 -0.415245916
10083.679945590 26.162394673 32.944108660 1.460448091 -0.258704591 0.439256141 0.761312685 -0.400660670
10083.713312017 26.137227448 32.948917224 1.462518325 -0.253250626 0.442414496 0.766139755 -0.391360972
10083.746732036 26.102445423 32.952974881 1.465006159 -0.248617412 0.445032613 0.771598312 -0.380488372
10083.780045854 26.057542973 32.958190709 1.468050808 -0.245461897 0.447069940 0.777935949 -0.367004883
10083.813406202 26.017654436 32.962906725 1.469965044 -0.243564133 0.448665414 0.782999110 -0.355370586
10083.846793609 25.991814724 32.968010538 1.470053826 -0.242255518 0.449751508 0.786396405 -0.347298918
10083.880148424 25.948787452 32.973113648 1.468464341 -0.240654521 0.451200519 0.790899586 -0.336126968
10083.913504267 25.905869375 32.980083123 1.465713828 -0.239162570 0.452767127 0.795058970 -0.325091416
10083.946875289 25.877866505 32.984359540 1.463052030 -0.238057195 0.453905515 0.797428686 -0.318443160
10083.980237507 25.831514461 32.993323127 1.458213964 -0.235343785 0.456157251 0.801303723 -0.307321018
10084.013620434 25.787928249 33.002710890 1.452461137 -0.231865134 0.458321627 0.804897639 -0.297186199
10084.046976407 25.757022002 33.009095753 1.448642524 -0.228757123 0.459594848 0.807547114 -0.290362555
10084.080347438 25.713115411 33.019717416 1.440476215 -0.222681146 0.461277400 0.811647280 -0.280829058
10084.113707846 25.670170468 33.031666035 1.435069259 -0.216891542 0.462645947 0.815330204 -0.272311301
10084.147069354 25.639574634 33.039581008 1.432838797 -0.213677130 0.463435095 0.817563440 -0.266758352
10084.180453903 25.593970099 33.049780568 1.432422610 -0.210095373 0.463934905 0.820601695 -0.259301362
10084.213817001 25.546358684 33.060994316 1.437088284 -0.206988770 0.464273824 0.823457880 -0.252036873
10084.247169505 25.514153477 33.069120488 1.440972102 -0.204089714 0.464309609 0.825647714 -0.247123102
10084.280525265 25.469695094 33.081442661 1.445752309 -0.198217297 0.463744519 0.829342774 -0.240502572
10084.313890731 25.429655261 33.094545033 1.448647485 -0.189928663 0.463363298 0.833304340 -0.234148316
10084.347266216 25.402563123 33.103300697 1.450133127 -0.182985944 0.463747101 0.835943168 -0.229464138
10084.380677783 25.366590548 33.118506465 1.454490304 -0.171848519 0.465420399 0.839407655 -0.221916036
10084.413987371 25.329813826 33.134497757 1.459396346 -0.160515597 0.467821863 0.842539862 -0.213316733
10084.447360754 25.305789237 33.145078238 1.461833916 -0.154328141 0.469294675 0.844247460 -0.207825789
10084.480735979 25.266622915 33.162373974 1.464002969 -0.146938342 0.471417588 0.846241931 -0.200122901
10084.514096849 25.231165549 33.179178281 1.464471706 -0.142420519 0.473220056 0.847405907 -0.194119558
10084.547460566 25.204735034 33.191155320 1.463412905 -0.140615437 0.474506132 0.847799695 -0.190543713
10084.580822467 25.166119828 33.209920879 1.461346732 -0.139675137 0.476592142 0.847762851 -0.186142247
10084.614194821 25.127300602 33.232174336 1.459365453 -0.138710993 0.479420746 0.847320312 -0.181557973
10084.647552211 25.100366954 33.247787110 1.457572582 -0.137388788 0.481831649 0.846882101 -0.178194529
10084.680917509 25.062357450 33.271404232 1.454002989 -0.134310802 0.485623875 0.846245260 -0.173202254
10084.714284178 25.024703974 33.296003071 1.448915275 -0.130387234 0.489496906 0.845538943 -0.168688598
10084.747692683 24.999504758 33.313888833 1.445786826 -0.128171290 0.491829634 0.845004159 -0.166263955
10084.781015416 24.959818573 33.341373443 1.441672771 -0.126539722 0.494967659 0.843818354 -0.164211143
10084.814384813 24.920636477 33.370976785 1.441869179 -0.127790739 0.497502116 0.842079565 -0.164508899
10084.847743131 24.896612855 33.389231493 1.445198306 -0.129880544 0.498865513 0.840742292 -0.165579715
10084.881106524 24.855537197 33.419639260 1.454845542 -0.131616584 0.501492579 0.838553923 -0.167360650
10084.914478842 24.822290327 33.446228281 1.463753898 -0.128138222 0.503701508 0.837747977 -0.167462578
10084.947840656 24.802280286 33.462809479 1.468577366 -0.123491528 0.504821081 0.837877467 -0.166933730
10084.981215522 24.773184835 33.487082484 1.473664447 -0.116228842 0.505643583 0.838455983 -0.166754276
10085.014588329 24.743936177 33.509450276 1.476334685 -0.112353124 0.505123297 0.839034655 -0.168071643
10085.047939883 24.723528961 33.523399746 1.476704814 -0.112727308 0.504120194 0.839196192 -0.170015100
10085.081305594 24.693410933 33.543213291 1.477511098 -0.117211150 0.501715469 0.839189312 -0.174081684
10085.114707278 24.661548074 33.562079417 1.476641360 -0.123953885 0.498639614 0.839124077 -0.178507012
10085.148032906 24.638898602 33.574838285 1.474844320 -0.128131359 0.496572257 0.839175937 -0.181058266
10085.181395426 24.605092021 33.593763747 1.470528570 -0.131473478 0.494243079 0.839597038 -0.183071894
10085.214784047 24.572664836 33.613415231 1.465403281 -0.130994171 0.493172526 0.840322746 -0.182972865
10085.248137276 24.550470105 33.626582659 1.460514221 -0.129285876 0.492922613 0.840926567 -0.182085058
10085.281510480 24.516626736 33.646720318 1.453045668 -0.126049382 0.493030813 0.841721035 -0.180382566
10085.314884732 24.481569405 33.666562195 1.444727564 -0.123553970 0.492852775 0.842466551 -0.179110772
10085.348229950 24.456800842 33.681323698 1.439637426 -0.122997282 0.492483920 0.842769384 -0.179083842
10085.381600523 24.416946245 33.704351949 1.434744826 -0.124411908 0.491434128 0.842893309 -0.180402450
10085.414988184 24.375379719 33.727267915 1.434797011 -0.127465595 0.489791175 0.842949686 -0.182463566
10085.448334040 24.345974990 33.742975371 1.436469751 -0.129715200 0.488493347 0.843110977 -0.183608543
10085.481698700 24.305728711 33.764972712 1.441180341 -0.129291278 0.487184991 0.843898664 -0.183765051
10085.515077433 24.267466864 33.787792152 1.447249471 -0.122861273 0.486366866 0.845754607 -0.181800781
10085.548446274 24.243881931 33.802038469 1.450375180 -0.116197951 0.486064651 0.847312984 -0.179721725
10085.581799284 24.210201966 33.825375252 1.453550558 -0.104540099 0.486276846 0.849515063 -0.175870276
10085.615201714 24.177441649 33.850595721 1.457352998 -0.093457689 0.487413473 0.850957549 -0.171944805
10085.648532382 24.154241716 33.867703001 1.459773321 -0.087614018 0.488314071 0.851576390 -0.169383600
10085.681899385 24.119903062 33.891031497 1.462764913 -0.083088625 0.489404143 0.851982025 -0.166452681
10085.715303669 24.082545025 33.916269860 1.464411893 -0.082842857 0.490308526 0.851851551 -0.164570793
10085.748641661 24.056331295 33.933070537 1.463643969 -0.084756664 0.491037046 0.851364440 -0.163943641
10085.781994039 24.015073617 33.959908302 1.461509773 -0.088669511 0.492514847 0.850184156 -0.163565720
10085.815393205 23.976502396 33.986203876 1.457620430 -0.092612398 0.494658567 0.848616014 -0.163054304
10085.848735495 23.950297488 34.005509942 1.454386580 -0.094579291 0.496541912 0.847436145 -0.162335661
10085.882111613 23.910635711 34.035844701 1.449719505 -0.096265007 0.499533878 0.845768488 -0.160855891
10085.915518116 23.870384350 34.066724906 1.442298436 -0.097312600 0.502288125 0.844302466 -0.159343160
10085.948835883 23.843163590 34.088126562 1.436685067 -0.098734265 0.503587171 0.843422095 -0.159030422
10085.982201207 23.802279434 34.120934628 1.432171321 -0.103681432 0.504876970 0.841777480 -0.160499470
10086.015608233 23.761128242 34.153770721 1.430384277 -0.111040247 0.505491336 0.839874595 -0.163582511
10086.048936323 23.736996734 34.174136067 1.431556084 -0.115593875 0.505182050 0.838976676 -0.165973763
10086.082300336 23.689567041 34.211152743 1.436118897 -0.124391289 0.503947387 0.837264421 -0.171907320
10086.115701979 23.651447187 34.240600027 1.440620747 -0.129527346 0.501793299 0.836648838 -0.177327027
10086.149039023 23.631170114 34.256260390 1.443014556 -0.129618227 0.500260942 0.837065857 -0.179607506
10086.182409088 23.594892958 34.282007642 1.446002485 -0.125594665 0.496859679 0.839037652 -0.182680756
10086.215807174 23.564217078 34.302898912 1.449515705 -0.123242383 0.493360168 0.840742769 -0.185899583
10086.249140439 23.542647190 34.317383604 1.452750164 -0.124660394 0.490805287 0.841331980 -0.189025016
10086.282498421 23.508055902 34.337359493 1.457038607 -0.131209541 0.486726980 0.841416425 -0.194677432
10086.315893584 23.468996985 34.357973009 1.459235801 -0.141439355 0.481794061 0.841011052 -0.201419466
10086.349237117 23.443755640 34.371004327 1.458437772 -0.147852323 0.478616792 0.840737701 -0.205489111
10086.382612451 23.405396837 34.390049153 1.454503379 -0.154746254 0.474730990 0.840528324 -0.210228974
10086.415984407 23.366183001 34.410507669 1.448309846 -0.158720050 0.471909959 0.840527759 -0.213593124
10086.449338770 23.340850723 34.423218097 1.443256782 -0.160635101 0.470428375 0.840530190 -0.215412416
10086.482724063 23.301249528 34.442226156 1.433126158 -0.163654510 0.468039709 0.840529936 -0.218324205
10086.516111137 23.266571979 34.457438737 1.422951380 -0.166507615 0.465327198 0.840629894 -0.221556302
10086.549441428 23.240466495 34.467607309 1.415740834 -0.168792987 0.463122270 0.840645138 -0.224371218
10086.582804306 23.196333476 34.485874037 1.406088697 -0.171836764 0.460335034 0.840431229 -0.228558816
10086.616196691 23.151024564 34.504617148 1.400950511 -0.172289764 0.458868016 0.840310866 -0.231590220
10086.649540094 23.123694175 34.516063692 1.400551047 -0.171990630 0.458249117 0.840421201 -0.232635284
10086.682906347 23.073510009 34.536235519 1.402187311 -0.171835475 0.457025257 0.840429982 -0.235112586
10086.716292560 23.031998403 34.553776455 1.405615176 -0.171222681 0.455643705 0.840501890 -0.237966765
10086.749664739 23.005354326 34.566350086 1.408138909 -0.170116840 0.454642680 0.840658233 -0.240112535
10086.783008903 22.966744384 34.586890864 1.414103493 -0.167344703 0.454380535 0.840669786 -0.242504414
10086.816397224 22.929202945 34.607820204 1.423035266 -0.162581935 0.456105061 0.840588374 -0.242788947
10086.849743126 22.907284401 34.620102026 1.428989190 -0.159552688 0.457533407 0.840577994 -0.242146150
10086.883110301 22.867885974 34.642063867 1.437848232 -0.156048276 0.460010677 0.840317189 -0.240636937
10086.916503256 22.829159955 34.660816886 1.441845595 -0.156750847 0.461395706 0.839366586 -0.240846236
10086.949842785 22.801440355 34.673738254 1.442031253 -0.159467781 0.461760483 0.838304286 -0.242060339
10086.983218252 22.758906211 34.695468327 1.440760952 -0.164917268 0.462247262 0.836219016 -0.244678403
10087.016596534 22.718534537 34.716431048 1.437682127 -0.169927564 0.463448821 0.833858556 -0.247021704
10087.049949193 22.693990001 34.729504222 1.435196522 -0.172383292 0.464671090 0.832380744 -0.248006199
10087.083322556 22.652686328 34.754760370 1.431478386 -0.175562673 0.467503730 0.829803095 -0.249088003
10087.116738128 22.606191246 34.781944305 1.425356228 -0.177699668 0.470990545 0.827120055 -0.249926290
10087.150051101 22.573879375 34.801515771 1.421480060 -0.179123115 0.473054264 0.825327856 -0.250935257
10087.183426451 22.529573914 34.827640201 1.417803558 -0.182185660 0.475392295 0.822568930 -0.253359246
10087.216812127 22.484180549 34.857387412 1.417095968 -0.185157000 0.477442449 0.819554572 -0.257091221
10087.250160257 22.460179331 34.873888210 1.418534633 -0.186250831 0.478316900 0.818047349 -0.259465039
10087.283532041 22.412693262 34.905008784 1.424338113 -0.187371469 0.479572439 0.815339830 -0.264807797
10087.316901946 22.373007585 34.931740726 1.431399984 -0.183736277 0.480512094 0.814281860 -0.268875735
10087.350252935 22.349663280 34.947608069 1.435244998 -0.179226689 0.480674672 0.814428270 -0.271175676
10087.383654069 22.315235016 34.970211084 1.438832106 -0.174199601 0.478825956 0.815083673 -0.275715086
10087.417017574 22.284792619 34.987082911 1.441925999 -0.175425364 0.475142957 0.814887733 -0.281821032
10087.450352191 22.261131454 34.998028615 1.445006305 -0.180092071 0.471539987 0.814064640 -0.287255373
10087.483724312 22.226026984 35.012480886 1.448089556 -0.189830661 0.465325700 0.812297535 -0.295988224
10087.517101923 22.183684812 35.028612323 1.449222375 -0.200791254 0.458181498 0.810383319 -0.305010596
10087.550458419 22.163364186 35.036226395 1.448570240 -0.205147743 0.455079829 0.809658890 -0.308657147
10087.583825988 22.121821862 35.050758412 1.443689281 -0.210726055 0.450329878 0.808693009 -0.314345586
10087.617194592 22.083457743 35.065246960 1.437153671 -0.213929409 0.446640044 0.808310560 -0.318403704
10087.650561476 22.062490489 35.071468224 1.432279854 -0.216272758 0.444030934 0.808098724 -0.320997004
10087.683943814 22.020346984 35.083533574 1.420147464 -0.222606038 0.437556341 0.807398175 -0.327260122
10087.717311968 21.981727997 35.093274014 1.408434926 -0.228183551 0.430996611 0.806933356 -0.333215768
10087.750671073 21.959730578 35.098696083 1.402554695 -0.230244361 0.427590901 0.806929502 -0.336181997
10087.784042671 21.915854516 35.109637208 1.393795498 -0.232759321 0.421754929 0.807155567 -0.341241511
10087.817406487 21.874015992 35.120684136 1.390291485 -0.233197171 0.417676961 0.807493721 -0.345136099
10087.850759772 21.843514996 35.129236174 1.389436939 -0.231644226 0.415498488 0.808243630 -0.347050709
10087.884151497 21.810765706 35.138180489 1.390547291 -0.227025208 0.413983446 0.809649872 -0.348632107
10087.917504815 21.752827599 35.160589413 1.394888445 -0.218474776 0.412675444 0.811906908 -0.350392527
10087.950863682 21.713414250 35.175110699 1.396965708 -0.211935358 0.410662819 0.813759577 -0.352469578
10087.984252112 21.685488728 35.186020108 1.399202897 -0.209037842 0.409096417 0.814616099 -0.354039423
10088.017608113 21.644069516 35.202251710 1.404708394 -0.206975544 0.407768400 0.815190244 -0.355458750
10088.050963220 21.601383637 35.218145064 1.412688468 -0.205234334 0.408151473 0.815774508 -0.354687461
10088.084336019 21.568236333 35.230960230 1.418124200 -0.203901699 0.409265092 0.816207798 -0.353172779
10088.117700689 21.527084464 35.246526524 1.423133079 -0.202726739 0.411249676 0.816616686 -0.350589162
10088.151066548 21.483608002 35.262386451 1.424408253 -0.203425030 0.413442955 0.816257243 -0.348435494
10088.184435107 21.460801311 35.271592303 1.424745649 -0.204658547 0.414740342 0.815689865 -0.347498737
10088.217845173 21.414638690 35.291710194 1.424259784 -0.208171762 0.417785451 0.813872191 -0.346022963
10088.251169124 21.365854199 35.313768033 1.421215392 -0.211258327 0.421615696 0.811617009 -0.344801325
10088.284555077 21.339470534 35.326103273 1.418758334 -0.212395420 0.423811337 0.810434275 -0.344192419
10088.317918377 21.291002871 35.352727984 1.413576235 -0.212996444 0.428186191 0.808544270 -0.342848747
10088.351268582 21.246506440 35.376697298 1.407338985 -0.212037531 0.431537236 0.807298584 -0.342176410
10088.384655673 21.216848558 35.393081872 1.403969356 -0.212132625 0.433089015 0.806314825 -0.342476361
10088.418000737 21.168884265 35.419287717 1.401979857 -0.214364379 0.434721221 0.803979399 -0.344503265
10088.451364827 21.126496008 35.445317876 1.403504656 -0.215822477 0.435647066 0.801774287 -0.347548967
10088.484753841 21.097847299 35.462206175 1.406186109 -0.214720915 0.436458141 0.800730850 -0.349613108
10088.518116873 21.059951074 35.487579902 1.410847057 -0.208784985 0.437926995 0.800575946 -0.351719962
10088.551482880 21.023823340 35.511095512 1.414515107 -0.200944941 0.438201075 0.801465797 -0.353911748
10088.584844381 21.003497290 35.523054416 1.417126218 -0.198627849 0.436970808 0.801846687 -0.355872703
10088.618226372 20.963617083 35.540737696 1.424160540 -0.203385857 0.431663713 0.800982816 -0.361562112
10088.651562945 20.928251943 35.552598179 1.430860491 -0.213901894 0.425379254 0.798921365 -0.367454927
10088.684952930 20.902353256 35.560169970 1.434141915 -0.221335266 0.421236186 0.797454257 -0.370995260
10088.718307939 20.860802843 35.571101801 1.435259706 -0.230826771 0.416114361 0.795672569 -0.374797284
10088.751679359 20.819656136 35.583908202 1.433006217 -0.238749335 0.412182858 0.794200388 -0.377292712
10088.785037884 20.796463939 35.591118323 1.430432411 -0.242014118 0.410843313 0.793602263 -0.377931721
10088.818416591 20.745941754 35.604500189 1.423842242 -0.246316472 0.409703700 0.792954253 -0.377749423
10088.851778268 20.700775858 35.616686843 1.416244674 -0.248366023 0.409630171 0.792968779 -0.376454456
10088.885154757 20.668998915 35.625962007 1.409473240 -0.249540292 0.409529701 0.793122946 -0.375461128
10088.918510657 20.623455236 35.637697856 1.399824990 -0.250982845 0.409000121 0.793593946 -0.374079085
10088.951887084 20.582693030 35.647433769 1.391155410 -0.251834699 0.408318505 0.794321873 -0.372703696
10088.985261690 20.544209364 35.656652864 1.386271665 -0.252918699 0.407684378 0.794896232 -0.371437155
10089.018610034 20.501647616 35.665815671 1.383687945 -0.254424114 0.406650506 0.795529662 -0.370184135
10089.051975540 20.447068869 35.676539120 1.383353828 -0.254957468 0.405239240 0.796977510 -0.368245430
10089.085374698 20.417427007 35.682957379 1.384963728 -0.253524362 0.404868746 0.798135409 -0.367132898
10089.118739804 20.371057021 35.692105029 1.388280588 -0.247552031 0.404672497 0.801093965 -0.364974823
10089.152077365 20.324411356 35.704444590 1.390970561 -0.237876838 0.404174401 0.805206665 -0.362904795
10089.185440145 20.295623818 35.713638899 1.392463454 -0.230594072 0.403909537 0.807922775 -0.361862196
10089.218809391 20.259576848 35.725957765 1.396936318 -0.220739720 0.403675235 0.811525863 -0.360202795
10089.252174578 20.223232273 35.738002615 1.404135552 -0.213561016 0.403509057 0.814299429 -0.358453028
10089.285562963 20.200096781 35.744879255 1.408549782 -0.209821712 0.403349221 0.815918944 -0.357156172
10089.318909227 20.155181826 35.759543838 1.413068013 -0.203034774 0.402981438 0.818984471 -0.354467598
10089.352270068 20.117413754 35.771822043 1.414254810 -0.197290781 0.403049038 0.821237879 -0.352414765
10089.385684437 20.092101846 35.780537682 1.413888837 -0.193634512 0.403541698 0.822340598 -0.351305729
10089.419019277 20.052195830 35.795360328 1.411675920 -0.188778371 0.404833183 0.823390113 -0.350002205
10089.452392151 20.012381063 35.810625853 1.408121706 -0.185361344 0.406355769 0.823728679 -0.349266695
10089.485746370 19.985271764 35.821224910 1.404845638 -0.183642879 0.407441174 0.823720122 -0.348929998
10089.519110020 19.942168297 35.839571388 1.398680494 -0.180767234 0.409475411 0.823603254 -0.348325673
10089.552475467 19.900008258 35.858215898 1.391976834 -0.178364826 0.411176494 0.823381035 -0.348085551
10089.585847597 19.874965398 35.868361798 1.388443127 -0.178507377 0.411637178 0.822925694 -0.348544477
10089.619209544 19.824629357 35.890357787 1.384267644 -0.182554672 0.411406455 0.821141851 -0.350919623
10089.652574729 19.777579281 35.911026435 1.384276010 -0.187443789 0.410501341 0.819127267 -0.354096026
10089.685946984 19.747492363 35.925913296 1.387071602 -0.189913026 0.410156761 0.817962648 -0.355867363
10089.719313916 19.704591752 35.945239929 1.392929500 -0.188427146 0.411095064 0.817271985 -0.357159015
10089.752693964 19.666025829 35.964935807 1.397947224 -0.181689126 0.412545970 0.818190292 -0.356874671
10089.786068888 19.646151920 35.974709989 1.400346307 -0.178868546 0.412471256 0.818764973 -0.357067816
10089.819408189 19.603958590 35.991261195 1.405447853 -0.181616318 0.409097997 0.818519070 -0.360112308
10089.852778591 19.566296746 36.003838080 1.410333920 -0.192087930 0.403408381 0.816640447 -0.365324905
10089.886142505 19.546826162 36.010239680 1.412591812 -0.198278807 0.400475439 0.815326519 -0.368167903
10089.919507357 19.503381614 36.025719243 1.415811558 -0.208892960 0.396218162 0.812522096 -0.373072033
10089.952875565 19.465477787 36.041342528 1.416168831 -0.214627546 0.395017902 0.810356188 -0.375790794
10089.986260984 19.439586857 36.050381493 1.414757606 -0.217326675 0.395119410 0.808975682 -0.377104911
10090.019615966 19.401383495 36.065742872 1.411587249 -0.221071950 0.395941410 0.806771535 -0.378783954
10090.052977994 19.357217020 36.083542895 1.406316151 -0.224774030 0.397192224 0.804406665 -0.380322088
10090.086375150 19.328738770 36.094599957 1.402021055 -0.226821483 0.398021028 0.803045321 -0.381116109
10090.119712089 19.288527300 36.110251839 1.394756465 -0.228777420 0.398961885 0.801586569 -0.382033087
10090.153077313 19.245863898 36.125153695 1.387675499 -0.230657788 0.399246297 0.800463754 -0.382958429
10090.186447361 19.219045618 36.134002791 1.384750572 -0.232668062 0.399003125 0.799704534 -0.383581462
10090.219816237 19.168446923 36.148656671 1.383334036 -0.237848651 0.397471076 0.798233643 -0.385055598
10090.253180716 19.122230831 36.159739436 1.385190255 -0.241060328 0.395865604 0.797541511 -0.386144894
10090.286552440 19.090761794 36.167264422 1.387864680 -0.241260793 0.395395656 0.797496510 -0.386593871
10090.319922533 19.048714431 36.179207475 1.392691323 -0.237921790 0.395707417 0.798242074 -0.386805445
10090.353297851 19.009408416 36.192502650 1.395467008 -0.231384813 0.396242532 0.799810984 -0.386982318
10090.386682012 18.986849264 36.201355237 1.396463168 -0.227444547 0.396439483 0.800645393 -0.387390849
10090.420010285 18.941649380 36.218727516 1.399832541 -0.223259938 0.396372188 0.801141312 -0.388865899
10090.453379550 18.902105901 36.231564452 1.405454266 -0.224176159 0.395630941 0.800436369 -0.390541710
10090.486750122 18.874386501 36.239740202 1.409985464 -0.225122851 0.395439439 0.799862877 -0.391365214
10090.520113587 18.835727396 36.251694467 1.414407363 -0.225127842 0.396424773 0.799162903 -0.391795240
10090.553485193 18.794158950 36.265902031 1.416851176 -0.223318625 0.399294308 0.798478480 -0.391311850
10090.586852555 18.768016974 36.275721242 1.417626903 -0.221489296 0.401922501 0.797960098 -0.390717900
10090.620219732 18.727250254 36.291685907 1.417093919 -0.219074701 0.406221291 0.796845736 -0.389906926
10090.653577472 18.683246867 36.309951040 1.414835603 -0.218792451 0.410019035 0.794899942 -0.390061966
10090.686954211 18.658819818 36.320035353 1.412928806 -0.219616910 0.411634676 0.793533447 -0.390678864
10090.720313223 18.612156553 36.339981687 1.407807852 -0.221632073 0.414061903 0.790721316 -0.392672593
10090.753699559 18.572771990 36.358269772 1.402901144 -0.222782562 0.415617370 0.788366491 -0.395105566
10090.787055919 18.539291832 36.373279615 1.399023655 -0.224402748 0.416437380 0.786123596 -0.397785128
10090.820415145 18.504257354 36.389658257 1.397969838 -0.226892482 0.416980273 0.783543937 -0.400881719
10090.853785344 18.453581183 36.414157553 1.398281386 -0.228728782 0.417534590 0.780195732 -0.405761790
10090.887165668 18.425932081 36.427524453 1.399820018 -0.228298885 0.417956229 0.778670381 -0.408490694
10090.920526721 18.385473677 36.448809946 1.403920592 -0.227356406 0.417807820 0.776574168 -0.413132245
10090.953888764 18.344769128 36.466871159 1.407730296 -0.226443045 0.415885141 0.774891051 -0.418696736
10090.987252760 18.317555442 36.477633326 1.410266463 -0.227071237 0.413077935 0.773760157 -0.423202660
10091.020614097 18.279132526 36.489120552 1.414518591 -0.231773270 0.406626537 0.771670123 -0.430652101
10091.053984287 18.240690069 36.497927446 1.419119113 -0.239308361 0.398585042 0.769029133 -0.438697691
10091.087366424 18.215059817 36.504382152 1.421501730 -0.244242215 0.393314566 0.767192116 -0.443920770
10091.120737393 18.175207412 36.510999650 1.423676217 -0.249452177 0.387010828 0.764786191 -0.450664302
10091.154085347 18.136569824 36.520930383 1.423548508 -0.252120797 0.382982400 0.762911534 -0.455769213
10091.187457442 18.114068126 36.526486295 1.422443514 -0.252903832 0.381560062 0.762082381 -0.457910489
10091.220830661 18.067784216 36.538248637 1.418353528 -0.254137639 0.379582377 0.760799910 -0.460993250
10091.254198478 18.025434396 36.546708377 1.412932033 -0.255741605 0.378074578 0.759865885 -0.462881930
10091.287558814 18.001599438 36.550833310 1.409258216 -0.256787172 0.377235707 0.759453189 -0.463664127
10091.320920614 17.950826000 36.558947467 1.399619028 -0.258316726 0.375491880 0.759029644 -0.464921839
10091.354301311 17.908152115 36.564240241 1.390362967 -0.258764528 0.373667777 0.759270961 -0.465747698
10091.387685137 17.883402647 36.566052773 1.386002835 -0.259587100 0.372368027 0.759513490 -0.465935455
10091.421027103 17.833010180 36.566487177 1.381074433 -0.262025653 0.369353171 0.760172123 -0.465896056
10091.454393598 17.787602846 36.565226513 1.379969626 -0.262929761 0.366599468 0.761455460 -0.465465738
10091.487757749 17.758349329 36.565891505 1.381095170 -0.262621526 0.365538861 0.762394721 -0.464936086
10091.521137303 17.710304752 36.565832578 1.385687927 -0.260461786 0.364411916 0.764261428 -0.463969916
10091.554512499 17.666493186 36.567580667 1.389421733 -0.256549048 0.363392297 0.766277744 -0.463623817
10091.587871839 17.644261862 36.569000087 1.391263370 -0.253758096 0.363095562 0.767363047 -0.463597234
10091.621227899 17.604131994 36.570641083 1.395602594 -0.249659706 0.362918878 0.769155064 -0.462990720
10091.654607267 17.557422552 36.571114823 1.402155833 -0.247806012 0.362025106 0.770864453 -0.461841963
10091.687957954 17.529128814 36.571055930 1.405427724 -0.248150076 0.361162785 0.771461617 -0.461334972
10091.721342005 17.488809338 36.571486444 1.409493349 -0.249395385 0.360696770 0.771765205 -0.460519544
10091.754749533 17.448827380 36.574407696 1.411717385 -0.249790898 0.362089413 0.771705528 -0.459310725
10091.788068864 17.412659306 36.578193168 1.412408010 -0.249460542 0.364776041 0.771381399 -0.457906775
10091.821441317 17.369447537 36.584540431 1.411727011 -0.249696738 0.368665581 0.770465846 -0.456201281
10091.854816065 17.322213136 36.593957291 1.409833503 -0.251430898 0.373390548 0.768524437 -0.454678119
10091.888162222 17.297951014 36.598160612 1.408532155 -0.252287701 0.376138727 0.767318782 -0.453974074
10091.921528931 17.247852733 36.611102686 1.404646025 -0.251989336 0.383274497 0.764932756 -0.452194553
10091.954910829 17.199217420 36.625501181 1.399999061 -0.249162345 0.391055294 0.763025084 -0.450318336
10091.988266886 17.170359212 36.632345367 1.397829399 -0.247948335 0.395094825 0.761880058 -0.449400132
10092.021653858 17.117324453 36.649338684 1.396886421 -0.248664177 0.401863676 0.758780310 -0.448245641
10092.055016911 17.067098871 36.661721198 1.398958321 -0.250506220 0.406825555 0.755555899 -0.448190679
10092.088366210 17.018764768 36.674566654 1.404429496 -0.251645861 0.411446370 0.752445944 -0.448565878
10092.121743373 16.983090610 36.684834132 1.409835997 -0.251865413 0.414792676 0.750319334 -0.448922875
10092.155131511 16.935540644 36.697244885 1.416648111 -0.249707992 0.419674852 0.747969522 -0.449511436
10092.188464122 16.891412639 36.708305813 1.422299127 -0.247369909 0.423212662 0.745889202 -0.450941758
10092.221832749 16.861646725 36.712635840 1.425958549 -0.248732138 0.423489885 0.744006350 -0.453037739
10092.255227325 16.814366670 36.718906538 1.431080427 -0.256664057 0.419995101 0.739886678 -0.458579743
10092.288570582 16.767223156 36.720171961 1.435569941 -0.267546440 0.414386659 0.735030014 -0.465224116
10092.321945906 16.733587206 36.720718580 1.437724385 -0.274308098 0.410706368 0.731795554 -0.469628165
10092.355356170 16.689101140 36.723188043 1.438604081 -0.280795339 0.407336202 0.727986262 -0.474623218
10092.388685780 16.643653862 36.725496766 1.437118040 -0.284151431 0.406046308 0.725098368 -0.478138804
10092.422037082 16.613922972 36.727816662 1.434560665 -0.285792166 0.405425684 0.723570635 -0.479998321
10092.455446600 16.570548407 36.729168365 1.428730555 -0.288205560 0.404147242 0.721741940 -0.482380695
10092.488778207 16.526203892 36.728455548 1.420083501 -0.290082038 0.402354698 0.720534489 -0.484554599
10092.522141051 16.495739091 36.727350621 1.413044242 -0.291109609 0.400683607 0.720160376 -0.485877428
10092.555523324 16.451346443 36.722995783 1.404161807 -0.293065560 0.397594306 0.720004029 -0.487468505
10092.588881304 16.404601734 36.715138273 1.398935475 -0.296156267 0.393488379 0.720127493 -0.488748151
10092.622252486 16.375106147 36.708568148 1.398294480 -0.298262560 0.390806517 0.720455075 -0.489136174
10092.655650788 16.325109541 36.698092478 1.402931183 -0.301368101 0.386688318 0.721590507 -0.488831825
10092.688976377 16.280963485 36.689368922 1.411631502 -0.302189028 0.384402356 0.722892533 -0.488203858
10092.722347314 16.254965561 36.684652611 1.417769249 -0.300995933 0.383762497 0.724054413 -0.487722258
10092.755797505 16.209619279 36.681319920 1.424752734 -0.295708314 0.384706090 0.726363807 -0.486778633
10092.789076973 16.165537117 36.681472115 1.430772234 -0.289467734 0.387245566 0.728406769 -0.485461514
10092.822440514 16.133258673 36.683163155 1.435012207 -0.286246311 0.388829201 0.729441627 -0.484551148
10092.855829169 16.090626409 36.678669723 1.440201558 -0.284287144 0.389904163 0.730112623 -0.483829640
10092.889178589 16.046861588 36.678754507 1.444361596 -0.284055885 0.390646994 0.730183824 -0.483258485
10092.922548968 16.022787260 36.678137597 1.445784899 -0.284199529 0.391426680 0.730066382 -0.482720270
10092.955935262 15.969887567 36.679677939 1.446390112 -0.283841246 0.394636618 0.729733676 -0.480816856
10092.989283459 15.922764601 36.681300602 1.445021938 -0.283489986 0.398402178 0.729335238 -0.478517756
10093.022647014 15.890470231 36.681023432 1.443504790 -0.284053630 0.400937547 0.728786252 -0.476899589
10093.056035757 15.853550377 36.682379730 1.441218639 -0.285437228 0.403744140 0.727846181 -0.475138081
10093.089381270 15.796327757 36.689600320 1.435995641 -0.287406246 0.408615339 0.726093492 -0.472460999
10093.122750598 15.764292561 36.691884292 1.431965617 -0.287430749 0.411636913 0.725245729 -0.471123390
10093.156133796 15.719697324 36.697862692 1.425590680 -0.287362525 0.415536289 0.723878981 -0.469842093
10093.189478129 15.669824237 36.705007837 1.420445992 -0.290673856 0.417642182 0.721054693 -0.470280604
10093.222848115 15.637126369 36.708217194 1.419070490 -0.293664060 0.418094742 0.718751018 -0.471545523
10093.256257597 15.585899639 36.712858862 1.419873179 -0.296628749 0.418901140 0.715388117 -0.474081282
10093.289581088 15.534438177 36.718305227 1.425112769 -0.297904114 0.419977839 0.712231219 -0.477072787
10093.322958302 15.501900652 36.721706827 1.428983122 -0.296433556 0.421273659 0.710718566 -0.479097873
10093.356343380 15.460200343 36.727742600 1.433534594 -0.291938793 0.423012509 0.709521905 -0.482090058
10093.389702071 15.420748434 36.731336306 1.438131933 -0.291199155 0.421235816 0.707707185 -0.486738101
10093.423054465 15.397947518 36.730741312 1.441046319 -0.294303643 0.417717116 0.705748338 -0.490731149
10093.456434618 15.350715013 36.725955399 1.446943361 0.304750231 -0.407703188 -0.700565067 0.500113980
10093.489787882 15.308192157 36.720961228 1.451224255 0.313081555 -0.399401733 -0.696030930 0.507936158
10093.523170893 15.281902887 36.718496463 1.452253048 0.316619966 -0.395518533 -0.693694160 0.511962205
10093.556547937 15.241083875 36.717265845 1.451410187 0.319492127 -0.391786997 -0.691005547 0.516661459
10093.589883156 15.199695878 36.713172336 1.448678698 0.321395937 -0.389189825 -0.688943447 0.520185407
10093.623268430 15.169040230 36.710259168 1.445284258 0.322809802 -0.387471058 -0.687841180 0.522048390
10093.656650122 15.124636117 36.704870907 1.438157556 0.324481789 -0.385067923 -0.686930662 0.523985237
10093.689987128 15.082188977 36.698578297 1.429714325 0.325810446 -0.382613641 -0.686537396 0.525471939
10093.723369402 15.058247821 36.693303475 1.424428683 0.326377609 -0.381062543 -0.686611097 0.526150355
10093.756756165 15.010118579 36.681946929 1.414470500 0.327488621 -0.377817454 -0.687403311 0.526765472
10093.790095733 14.966131772 36.670145083 1.408760455 0.328414895 -0.374986486 -0.688625615 0.526615187
10093.823467641 14.934301170 36.660941862 1.406547839 0.328237127 -0.373277756 -0.690004472 0.526134901
10093.856845122 14.889083705 36.646187963 1.406028050 0.326481956 -0.371236782 -0.693006007 0.524724173
10093.890192334 14.843131187 36.633581258 1.408046848 0.323484440 -0.369726697 -0.696466189 0.523062935
10093.923566891 14.820040307 36.625296668 1.409795719 0.321408981 -0.368961565 -0.698486061 0.522188522
10093.956944639 14.770380244 36.612849272 1.412426971 0.316809634 -0.367531038 -0.702287120 0.520908238
10093.990290644 14.723689125 36.603790549 1.415372557 0.313221425 -0.366632582 -0.705219537 0.519748299
10094.023696468 14.698044987 36.599274301 1.418137028 0.311418257 -0.366831609 -0.706723979 0.518646756
10094.057070850 14.648532116 36.590057679 1.425697235 0.306272366 -0.369312412 -0.710396061 0.514920397
10094.090391859 14.603488839 36.585028887 1.431456439 0.301773044 -0.372596347 -0.713437009 0.510991806
10094.123766679 14.579536688 36.582454930 1.434237316 0.299912967 -0.374447919 -0.714824183 0.508790090
10094.157163242 14.530140156 36.578312517 1.437058338 0.298267905 -0.377539930 -0.716338194 0.505331030
10094.190499146 14.478597246 36.574648345 1.437494019 0.298442309 -0.380737288 -0.716696773 0.502311698
10094.223870584 14.445822137 36.573958289 1.436805595 0.298750741 -0.383238632 -0.716556090 0.500423336
10094.257239499 14.397581502 36.572583762 1.434579012 -0.299037590 0.387634589 0.716195663 -0.497372815
10094.290603775 14.350332812 36.573662850 1.430520192 -0.298405544 0.392901390 0.716024603 -0.493853619
10094.323965012 14.324140358 36.575288090 1.427213503 -0.297132302 0.396461862 0.716198698 -0.491517865
10094.357345911 14.270517343 36.578089054 1.420794458 -0.294761368 0.402814440 0.716672400 -0.487069742
10094.390725296 14.221578946 36.579478711 1.417872357 -0.296389413 0.406268646 0.716303903 -0.483743550
10094.424089623 14.193586576 36.580095427 1.417590185 -0.297515108 0.407905012 0.716017647 -0.482096455
10094.457455929 14.138172414 36.583725780 1.418212078 -0.296969597 0.411889030 0.716171461 -0.478805727
10094.490798712 14.096315012 36.586687373 1.420358472 -0.295770517 0.414637413 0.716235329 -0.477077112
10094.524176694 14.067259591 36.589390784 1.422577925 -0.294277690 0.416380060 0.716393214 -0.476244737
10094.557540933 14.016143908 36.592291067 1.426751100 -0.288815119 0.419685694 0.717540860 -0.474957745
10094.590903589 13.975451579 36.593889630 1.431001070 -0.284691346 0.420821103 0.718725548 -0.474651476
10094.624294044 13.953819709 36.593086960 1.433972219 -0.284295998 0.419867687 0.718936051 -0.475413363
10094.657656934 13.910368699 36.589656925 1.439594960 -0.287933117 0.415177192 0.718012536 -0.478727916
10094.691018905 13.871557458 36.585752428 1.443240077 -0.292733633 0.409969051 0.716697631 -0.482262275
10094.724405032 13.843680241 36.583021355 1.444522300 -0.295926262 0.406283399 0.715852830 -0.484681516
10094.757773425 13.796687104 36.578878691 1.444658453 -0.300551829 0.400911428 0.714742820 -0.487935781
10094.791104190 13.757062897 36.573878498 1.441425490 -0.304913791 0.396017867 0.713925876 -0.490415409
10094.824487674 13.727544310 36.570205028 1.437878723 -0.307452598 0.392901859 0.713632848 -0.491761311
10094.857848314 13.686907758 36.563983395 1.431374491 -0.309814433 0.389320828 0.713741011 -0.492968640
10094.891205893 13.646772459 36.558977137 1.422118560 -0.310265665 0.386771343 0.714594649 -0.493454793
10094.924608112 13.618345047 36.554312883 1.414658403 -0.309709523 0.385322690 0.715515442 -0.493603169
10094.957952380 13.576586767 36.547454782 1.404256982 -0.309558273 0.382714902 0.716638881 -0.494096846
10094.991329085 13.533804330 36.540286320 1.397764662 -0.312475462 0.378739565 0.716526064 -0.495485447
10095.024735929 13.503124131 36.533995842 1.395514447 -0.314168219 0.376129837 0.716434860 -0.496533752
10095.058055624 13.458386959 36.525523924 1.394815026 -0.313975961 0.373612669 0.717166476 -0.497498658
10095.091429507 13.412972560 36.518498817 1.398099700 -0.311560638 0.372710781 0.718061169 -0.498402247
10095.124786153 13.387693419 36.515540487 1.400186703 -0.309262542 0.372728261 0.718625911 -0.499006136
10095.158148423 13.336005154 36.514514131 1.403488146 0.302846408 -0.373356827 -0.719936547 0.500579766
10095.191513658 13.291951538 36.515008571 1.407293796 0.299382322 -0.373641633 -0.719954483 0.502421832
10095.224893020 13.267243210 36.514359140 1.410813897 0.298623273 -0.374088388 -0.719510230 0.503176954
10095.258269135 13.220768428 36.512580143 1.420809791 0.296488439 -0.376868535 -0.718922533 0.503204833
10095.291607224 13.179121839 36.511457367 1.428889295 0.293781586 -0.381070931 -0.718705933 0.501935361
10095.324999532 13.157493535 36.511901838 1.432017083 0.292789012 -0.383454086 -0.718372909 0.501176538
10095.358352678 13.113220776 36.513096926 1.436805897 -0.291985011 0.388626291 0.716992169 -0.499636457
10095.391724711 13.070818951 36.513588906 1.437669104 -0.292641327 0.393354505 0.715124116 -0.498227644
10095.425079961 13.039492776 36.512725417 1.436910597 -0.293875553 0.396521636 0.713452981 -0.497385762
10095.458444876 12.996467984 36.514602000 1.435262374 -0.296825051 0.400728647 0.710489176 -0.496504353
10095.491806077 12.949445068 36.516096681 1.431255679 -0.299521748 0.405105416 0.707414302 -0.495723037
10095.525194261 12.917090844 36.516996250 1.427664367 -0.300299333 0.408533484 0.705560150 -0.495081384
10095.558568573 12.871094647 36.518979509 1.423338178 -0.301312585 0.412824372 0.702901083 -0.494688620
10095.591911932 12.824049288 36.520073003 1.421089849 -0.305368667 0.414970418 0.699259260 -0.495566359
10095.625291894 12.790292535 36.520512643 1.421281725 -0.308204447 0.416314717 0.696591487 -0.496439700
10095.658685349 12.743559419 36.521959546 1.423019927 -0.309249928 0.419195252 0.693455625 -0.497754075
10095.692024125 12.699042064 36.525637696 1.427619910 -0.309706264 0.421711495 0.690261127 -0.499780974
10095.725411472 12.667654345 36.527445690 1.431928963 0.309530495 -0.422970798 -0.688144757 0.501740341
10095.758779320 12.625992555 36.530048546 1.437703054 0.307527917 -0.424367255 -0.685848456 0.504926636
10095.792106345 12.585939472 36.530339118 1.442930457 0.307591500 -0.422852434 -0.683206459 0.509717788
10095.825493325 12.564107252 36.528787956 1.445825170 0.310376592 -0.419752760 -0.680842354 0.513738922
10095.858852674 12.519061527 36.522910929 1.451212900 0.319998187 -0.410184710 -0.674538212 0.523782268
10095.892220202 12.479597158 36.517654231 1.454384726 0.328139915 -0.402088044 -0.668783187 0.532333026
10095.925587772 12.454544170 36.514432324 1.455819798 0.332142612 -0.397867819 -0.665332552 0.537322138
10095.958947397 12.413379394 36.511119413 1.455928246 0.336107623 -0.393517379 -0.661107548 0.543242624
10095.992304631 12.375609481 36.506825936 1.454729233 0.339410359 -0.390135405 -0.657434414 0.548064746
10096.025713626 12.353259906 36.503705761 1.453433138 0.341386471 -0.388310495 -0.655421934 0.550538214
10096.059029455 12.310687654 36.494508252 1.449703585 0.344635462 -0.385597795 -0.652277593 0.554143195
10096.092399300 12.274416840 36.483716508 1.444962935 0.346956571 -0.383695240 -0.650094178 0.556575835
10096.125777042 12.246891900 36.476509109 1.439649643 0.348216906 -0.382446050 -0.648928635 0.558006838
10096.159147975 12.209409655 36.464380083 1.430853908 0.349731153 -0.380260049 -0.647760727 0.559907542
10096.192515341 12.167752334 36.449319068 1.422981295 0.353184901 -0.376219187 -0.646330333 0.562118003
10096.225887871 12.125833986 36.431547678 1.418707280 0.357938636 -0.370787245 -0.644744283 0.564536590
10096.259228294 12.102165955 36.415199538 1.416837063 0.360276596 -0.366945181 -0.644435325 0.565910876
10096.292586778 12.062937934 36.394511017 1.417011901 0.361695342 -0.362436019 -0.644689051 0.567620154
10096.325957269 12.026346334 36.374721444 1.419971592 0.361235000 -0.358621901 -0.645242116 0.569703624
10096.359339686 12.004352614 36.362695445 1.421484092 0.359932687 -0.356122292 -0.645768223 0.571496961
10096.392689085 11.968395212 36.345942605 1.421880877 0.358429304 -0.351030384 -0.645710066 0.575642783
10096.426068351 11.932907955 36.330015834 1.424528428 0.361146368 -0.343505631 -0.643675112 0.580740504
10096.459429267 11.912812448 36.320361202 1.427302090 0.363371917 -0.339418689 -0.642203057 0.583378982
10096.492806234 11.878961195 36.302348298 1.433107754 0.365084482 -0.334728140 -0.640477485 0.586906282
10096.526157306 11.846540410 36.287026062 1.437154761 0.365508271 -0.332954200 -0.639098269 0.589150750
10096.559519156 11.822779072 36.279290267 1.438872798 0.366368705 -0.332263369 -0.637720999 0.590497209
10096.592882799 11.785998834 36.265736190 1.440089243 0.368824547 -0.331684278 -0.634603065 0.592649090
10096.626259515 11.746124292 36.253746100 1.439767901 0.372249929 -0.331725643 -0.630781679 0.594560814
10096.659618473 11.719342623 36.246440230 1.439270876 0.375410986 -0.331886276 -0.627498710 0.595955922
10096.692978998 11.678673921 36.235525862 1.437077612 0.379937992 -0.332918113 -0.622368506 0.597888029
10096.726353807 11.635453814 36.225570143 1.433540208 0.383723555 -0.335514945 -0.616961976 0.599619775
10096.759751703 11.607228462 36.220821436 1.430328840 0.385230030 -0.338037741 -0.613570052 0.600716323
10096.793078255 11.564303148 36.212906971 1.424163495 0.387351762 -0.341952353 -0.607861526 0.602935790
10096.826466819 11.520069568 36.203387863 1.421777372 0.392414164 -0.342701438 -0.600649399 0.606454572
10096.859814531 11.492441521 36.196106237 1.421761835 0.396441579 -0.341752521 -0.595529371 0.609412880
10096.893178387 11.446505712 36.184132818 1.423913365 0.403346790 -0.338588363 -0.585734471 0.616104226
10096.926551387 11.404996265 36.172295456 1.428638899 0.410718747 -0.332764368 -0.575165285 0.624309924
10096.959915743 11.377389284 36.163571006 1.432563193 0.415126035 -0.327829765 -0.567788159 0.630725476
10096.993284387 11.340937868 36.150285890 1.437578544 0.420689724 -0.318534112 -0.557275401 0.641093053
10097.026679362 11.309322678 36.134975916 1.443138037 0.429497525 -0.303615376 -0.544773199 0.653124599
10097.060036393 11.284100035 36.120514414 1.448203461 0.437127011 -0.290583532 -0.534522885 0.662394499
10097.093372105 11.257234155 36.101959600 1.451714232 0.448038596 -0.270947808 -0.518904766 0.675711881
10097.126749559 11.229642675 36.085387722 1.453710516 0.456424031 -0.254246310 -0.503955780 0.687796837
10097.160108689 11.209197626 36.073738798 1.454036004 0.460737404 -0.244722019 -0.494082878 0.695495714
10097.193475474 11.180264398 36.058137610 1.452547965 0.465430298 -0.233530470 -0.480820884 0.705442722
10097.226837762 11.153609117 36.041187720 1.450520477 0.469377048 -0.224015220 -0.468399827 0.714215633
10097.260198347 11.132803532 36.027549297 1.447935400 0.471807637 -0.218328912 -0.460297233 0.719622469
10097.293564443 11.101270170 36.006215099 1.443209950 0.474497258 -0.211694897 -0.449534336 0.726606154
10097.326935992 11.077645966 35.982941150 1.437770979 0.475706225 -0.207291895 -0.440712919 0.732465549
10097.360294812 11.061138361 35.965366234 1.433260706 0.475817738 -0.204799687 -0.435447577 0.736233643
10097.393679976 11.041124344 35.936098605 1.427547191 0.476552576 -0.199873696 -0.428218697 0.741334537
10097.427030773 11.019154307 35.902134770 1.424820768 0.479264456 -0.191646486 -0.420335764 0.746254012
10097.460393814 11.004203719 35.877572872 1.425559316 0.480675872 -0.186150609 -0.415599451 0.749383582
10097.493757294 10.985014281 35.841525645 1.427250767 0.481445218 -0.179112797 -0.409472657 0.753963694
10097.527122238 10.974283629 35.803665499 1.433198292 0.481229631 -0.173432007 -0.403794534 0.758478316
10097.560490916 10.958735786 35.779756531 1.436781869 0.479771322 -0.170679081 -0.400222073 0.761912345
10097.593856356 10.942372149 35.747562507 1.440645525 0.476676461 -0.167455712 -0.395028486 0.767261775
10097.627240505 10.923069424 35.715004421 1.446549440 0.475268929 -0.162658236 -0.388443612 0.772511038
10097.660592269 10.911050878 35.692675167 1.451927035 0.474670535 -0.159620463 -0.383884380 0.775784747
10097.693955039 10.893193435 35.661398428 1.458304890 0.473383621 -0.156943072 -0.377780416 0.780101773
10097.727322878 10.875080438 35.631159677 1.463356466 0.472683238 -0.154968685 -0.371440179 0.783956285
10097.760702446 10.863696912 35.612833335 1.465001893 0.472690359 -0.154098545 -0.367465125 0.785994176
10097.794051304 10.841300876 35.579785706 1.466711098 0.473382833 -0.153349974 -0.360671492 0.788865358
10097.827420022 10.815502692 35.542820744 1.466397060 0.475331624 -0.152580214 -0.353262933 0.791191775
10097.860783850 10.800952697 35.518279807 1.464902806 0.477498108 -0.151230184 -0.348051044 0.792455336
10097.894154694 10.777089366 35.481567468 1.462781896 0.481648766 -0.148113031 -0.340195237 0.793942187
10097.927525519 10.755265166 35.443235925 1.458498637 0.485666147 -0.146170285 -0.332855669 0.794965248
10097.960885204 10.738953714 35.415720863 1.454792080 0.487953437 -0.146120091 -0.328282455 0.795475324
10097.994259262 10.716312149 35.373921780 1.449397482 0.491173927 -0.146270143 -0.321739117 0.796138907
10098.027636382 10.694028714 35.331663710 1.445474417 0.495100412 -0.145117777 -0.314511847 0.796805316
10098.060994109 10.678445382 35.301606988 1.444435348 0.497590864 -0.144108012 -0.309130432 0.797542845
10098.094352955 10.657091913 35.261174147 1.446588345 0.501009216 -0.141820624 -0.301360480 0.798785664
10098.127718545 10.635169991 35.217436893 1.454166699 0.502941948 -0.141504328 -0.293708096 0.800475781
10098.161083424 10.623629437 35.196071671 1.458105694 0.501877843 -0.144167304 -0.291043595 0.801640845
10098.194464866 10.603318687 35.157934173 1.464736965 0.498263896 -0.148784375 -0.285604850 0.805000726
10098.227822465 10.591309727 35.125422832 1.469985489 0.498207380 -0.142073073 -0.276506431 0.809412652
10098.261189092 10.583697263 35.101720492 1.474199227 0.499430389 -0.132551684 -0.268072966 0.813102837
10098.294562965 10.575310923 35.070028603 1.478802253 0.500875833 -0.119110076 -0.256342691 0.818061498
10098.327922474 10.564309351 35.038325438 1.480827916 0.500723512 -0.109649185 -0.246692888 0.822432757
10098.361279036 10.556296694 35.015065254 1.481111066 0.499965408 -0.105096097 -0.240877026 0.825207646
10098.394655097 10.545560061 34.982823092 1.479425432 0.498997783 -0.099310208 -0.233395965 0.828652532
10098.428009125 10.534157744 34.947146295 1.475730387 0.498373016 -0.093856205 -0.227314856 0.831350291
10098.461383951 10.527238101 34.922744860 1.472440405 0.497979823 -0.090616264 -0.223965808 0.832852991
10098.494751299 10.517218221 34.885197383 1.466140928 0.497476882 -0.087164761 -0.220547114 0.834432758
10098.528103839 10.507512139 34.846259902 1.457570779 0.496484360 -0.085437548 -0.218799133 0.835661801
10098.561480190 10.501821280 34.818137574 1.450908234 0.495361558 -0.084645930 -0.218379138 0.836518109
10098.594854257 10.493667769 34.776574230 1.442298093 0.494625830 -0.080918042 -0.217474785 0.837557328
10098.628199148 10.489449643 34.732273237 1.437993121 0.495119467 -0.073710392 -0.216005000 0.838310999
10098.661566831 10.486674513 34.704681232 1.437724016 0.495153646 -0.069536153 -0.215644520 0.838740145
10098.694945509 10.482390470 34.654716660 1.440353530 0.494582574 -0.064552210 -0.216428906 0.839273268
10098.728302053 10.474763784 34.608619629 1.445986413 0.492089559 -0.066108049 -0.219248941 0.839885405
10098.761671794 10.467475534 34.579081233 1.448377082 0.488944098 -0.070231103 -0.222112402 0.840635083
10098.795051044 10.455308007 34.535240036 1.451797742 0.483970721 -0.076367800 -0.226108894 0.841911556
10098.828391757 10.444106009 34.491007607 1.457441620 0.481003144 -0.080173545 -0.229279247 0.842400858
10098.861771113 10.437310192 34.462412668 1.462782393 0.479191225 -0.083937457 -0.232108366 0.842292099
10098.895164209 10.425820163 34.419314564 1.470061758 0.476387247 -0.092123527 -0.237732500 0.841458083
10098.928492583 10.414543892 34.378143148 1.474886217 0.474754952 -0.099483726 -0.242915114 0.840061290
10098.961858053 10.405329694 34.348881332 1.476192155 0.474396789 -0.103957340 -0.246086293 0.838798006
10098.995241338 10.393301757 34.305778422 1.476847291 0.474916152 -0.109937263 -0.250279324 0.836497882
10099.028619285 10.381348296 34.263093619 1.475016405 0.476896685 -0.114527794 -0.253497044 0.833781857
10099.061956089 10.370816495 34.232016124 1.472899806 0.478823050 -0.117572161 -0.255272869 0.831709707
10099.095364914 10.354397269 34.187028049 1.468945741 0.481531392 -0.123059598 -0.257991095 0.828507362
10099.128704913 10.335982916 34.142394971 1.463972899 0.484045820 -0.129216965 -0.260460449 0.825325981
10099.162052021 10.324154400 34.116415391 1.461133914 0.485467047 -0.132282140 -0.261371794 0.823715950
10099.195442924 10.303801354 34.070645464 1.457982042 0.489177873 -0.133501844 -0.260794867 0.821503684
10099.228788728 10.278643956 34.017924133 1.457942559 0.495133636 -0.130084483 -0.257290041 0.819586813
10099.262160254 10.263503174 33.990517058 1.459031181 0.497293566 -0.129595822 -0.255630882 0.818875378
10099.295541930 10.235373750 33.939234233 1.464550375 0.499845908 -0.132122121 -0.252900218 0.817764815
10099.328896054 10.212565840 33.897577584 1.470787702 0.499747401 -0.137883931 -0.251637207 0.817263282
10099.362264051 10.200240853 33.875453034 1.473518971 0.498264161 -0.142701007 -0.251760412 0.817304070
10099.395719344 10.177073026 33.833495205 1.478927379 0.494784204 -0.149441263 -0.251595389 0.818263809
10099.428990119 10.164112336 33.797539013 1.484053224 0.494072059 -0.146252290 -0.248495121 0.820215364
10099.462361301 10.155873261 33.777365195 1.486548108 0.494424496 -0.142092073 -0.245999084 0.821485673
10099.495783384 10.135206702 33.732579294 1.491956145 0.495303021 -0.132814611 -0.241161329 0.823939567
10099.529087406 10.119168936 33.695672122 1.494550708 0.495859176 -0.126726011 -0.238293708 0.825397059
10099.562456865 10.109659874 33.670541276 1.495212539 0.496231692 -0.123425957 -0.236998742 0.826045844
10099.595842320 10.093713442 33.632202888 1.493206091 0.496954709 -0.119436538 -0.235746747 0.826555746
10099.629197581 10.080272500 33.592824353 1.490242873 0.497791519 -0.116571094 -0.235705990 0.826472909
10099.662558989 10.073129711 33.571601596 1.487569548 0.498209688 -0.115938841 -0.236351735 0.826125384
10099.695953203 10.058334988 33.528463075 1.480925560 0.498536382 -0.116812505 -0.238834311 0.825090593
10099.729292946 10.041145143 33.478786184 1.470670743 0.498114145 -0.119626639 -0.243052140 0.823709550
10099.762673351 10.032726609 33.448502200 1.463515456 0.497696504 -0.120776430 -0.245817414 0.822973294
10099.796055997 10.022476524 33.403392127 1.454701022 0.498561628 -0.118018181 -0.248328101 0.822095594
10099.829390899 10.012731955 33.355602317 1.450074033 0.501166786 -0.110923311 -0.248976877 0.821302859
10099.862764103 10.006505002 33.322336553 1.449361968 0.502276174 -0.106951683 -0.249862584 0.820882861
10099.896166222 9.995816425 33.275739937 1.451848929 0.502466742 -0.105311295 -0.252813296 0.820074474
10099.929494423 9.984584374 33.228052351 1.456853411 0.500384326 -0.109457383 -0.257666465 0.819293964
10099.962868413 9.975401228 33.196633137 1.459898070 0.497362579 -0.114503759 -0.261556089 0.819211674
10099.996243322 9.961644480 33.153191442 1.461643347 0.492064727 -0.121815016 -0.266618771 0.819724244
10100.029594231 9.944423395 33.108363734 1.464957526 0.488146255 -0.126399798 -0.270270811 0.820176818
10100.062966369 9.934897193 33.079116732 1.469880045 0.486528336 -0.128855945 -0.272610775 0.819981517
10100.096357499 9.920137742 33.037588686 1.477353361 0.483964279 -0.133995976 -0.277170229 0.819146092
10100.129698026 9.906664785 32.997394941 1.482685012 0.482149345 -0.138904714 -0.281935111 0.817771413
10100.163061440 9.897109304 32.973491514 1.484309540 0.481747104 -0.141214681 -0.284332566 0.816782182
10100.196459737 9.880292921 32.924846582 1.486130382 0.482168442 -0.145414997 -0.288572785 0.814305729
10100.229797513 9.864161809 32.880830641 1.485372114 0.483856571 -0.148491527 -0.291577660 0.811674537
10100.263169228 9.853912128 32.852822520 1.483637850 0.485492930 -0.150180353 -0.293138621 0.809822342
10100.296559745 9.834206656 32.805251274 1.478891244 0.488865337 -0.152817266 -0.294915228 0.806648978
10100.329895136 9.815013702 32.760102203 1.472334830 0.492209751 -0.155943479 -0.296271806 0.803513665
10100.363272693 9.803414866 32.735078798 1.468078480 0.493749114 -0.158491549 -0.297019305 0.801792850
10100.396684504 9.781772730 32.690132726 1.461390787 0.496465377 -0.162650406 -0.297652008 0.799043339
10100.429996616 9.755868704 32.637588422 1.458704975 0.501242309 -0.163338818 -0.295672261 0.796652052
10100.463369559 9.732339722 32.592396138 1.460855902 0.504224300 -0.165121164 -0.293555299 0.795184345
10100.496755783 9.715573955 32.562620710 1.464560308 0.505297278 -0.167453025 -0.292181077 0.794521468
10100.530100045 9.690911365 32.518037630 1.472225320 0.505422180 -0.171916486 -0.290163203 0.794228215
10100.563487119 9.669803941 32.480072413 1.478185201 0.502759735 -0.177435757 -0.289100295 0.795091328
10100.596869082 9.658235383 32.456974986 1.481441279 0.500330182 -0.179818513 -0.288129866 0.796439698
10100.630201986 9.643591300 32.421146764 1.486916990 0.498549621 -0.176134530 -0.283921131 0.799883550
10100.663573193 9.633368880 32.386666921 1.492660094 0.499004172 -0.165392793 -0.276922668 0.804334443
10100.696953320 9.625441242 32.362859086 1.495592964 0.499454655 -0.157397700 -0.271966537 0.807344545
10100.730300528 9.614170102 32.326837193 1.498501881 0.499962960 -0.145903115 -0.264622780 0.811618201
10100.763708554 9.603884166 32.293402431 1.498421225 0.499959675 -0.137750181 -0.259012291 0.814848356
10100.797048365 9.595867045 32.268348731 1.497005433 0.499874176 -0.133120265 -0.255742157 0.816701140
10100.830407881 9.585613674 32.230272124 1.493522516 0.499981749 -0.127526974 -0.251884167 0.818724305
10100.863792756 9.574189743 32.190458989 1.487637535 0.500124054 -0.123336978 -0.249335229 0.820058451
10100.897147890 9.568752488 32.167656791 1.483884408 0.500033922 -0.122054246 -0.248579259 0.820534698
10100.930502675 9.558641691 32.123072129 1.473707017 0.499239858 -0.120868199 -0.248391957 0.821250192
10100.963876484 9.551978310 32.082435568 1.463973992 0.498512531 -0.119235455 -0.248763316 0.821818092
10100.997242443 9.547968640 32.058185128 1.459804090 0.498446996 -0.117345904 -0.248826175 0.822110738
10101.030596509 9.540154821 32.007276281 1.455731416 0.499236593 -0.111950050 -0.248216372 0.822568322
10101.063978926 9.530884472 31.958253895 1.456571033 0.498935677 -0.108374491 -0.248419620 0.823168180
10101.097360341 9.527086733 31.931821525 1.458450584 0.498264631 -0.107848764 -0.248991080 0.823470973
10101.130708383 9.517844442 31.880208208 1.465103980 0.495449176 -0.110886492 -0.250782944 0.824222188
10101.164089516 9.507200169 31.835297826 1.470532820 0.491299574 -0.116661967 -0.252640895 0.825340713
10101.197451618 9.498431677 31.809131535 1.473023566 0.488651317 -0.120521544 -0.253428533 0.826116472
10101.230802134 9.482380889 31.757168170 1.478313326 0.484713955 -0.127987862 -0.254537324 0.826971729
10101.264194091 9.468172031 31.711329856 1.485601137 0.482611246 -0.135440399 -0.256108557 0.826529304
10101.297551227 9.459109007 31.681435535 1.490875511 0.481634675 -0.141023053 -0.257789785 0.825642153
10101.330911542 9.443195218 31.638879641 1.497012784 0.481265911 -0.148653861 -0.260448899 0.823681688
10101.364280955 9.425047038 31.594710698 1.500473389 0.482101615 -0.155501084 -0.262925371 0.821138049
10101.397690852 9.415288664 31.565611196 1.501444600 0.483396298 -0.159555900 -0.264591082 0.819061349
10101.431003931 9.398124790 31.516289192 1.499232848 0.486955415 -0.164465095 -0.266742150 0.815275586
10101.464398239 9.382288948 31.469764185 1.495332416 0.491777416 -0.167649541 -0.268155326 0.811259099
10101.497753264 9.369977573 31.436826549 1.491421411 0.495533492 -0.169674433 -0.269050172 0.808250673
10101.531103425 9.353671388 31.395485539 1.485225040 0.500249147 -0.172391518 -0.270132435 0.804400660
10101.564481384 9.332086395 31.342411821 1.476827171 0.506398598 -0.174836033 -0.270922496 0.799746099
10101.597846562 9.317872255 31.308469720 1.473032503 0.510895715 -0.174017209 -0.270194550 0.797307020
10101.631209515 9.295832863 31.254812225 1.470234867 0.518376767 -0.169590546 -0.267055980 0.794484536
10101.664639632 9.275532246 31.205954923 1.472011397 0.524287671 -0.165517511 -0.263514545 0.792645240
10101.697945725 9.259512116 31.172082557 1.475532803 0.526818969 -0.164491122 -0.261473905 0.791855948
10101.731309959 9.240134030 31.130097343 1.481607760 0.527501819 -0.166134866 -0.260211215 0.791474043
10101.764724615 9.222617564 31.091380207 1.487204554 0.525095112 -0.168139649 -0.259377374 0.792923426
10101.798076003 9.216223308 31.072547823 1.490432866 0.524047379 -0.166247303 -0.257698183 0.794561404
10101.831402212 9.203201721 31.031052651 1.497866728 0.523490768 -0.153924461 -0.250507512 0.799694105
10101.864787503 9.195840185 30.998014147 1.502778169 0.523233678 -0.140347974 -0.242982487 0.804666686
10101.898141861 9.189832563 30.976704515 1.504788177 0.522635274 -0.133384725 -0.238800692 0.807486913
10101.931509833 9.177824218 30.938348735 1.505592599 0.520415497 -0.123225837 -0.232091833 0.812475529
10101.964892025 9.166920449 30.903642447 1.503317902 0.517825001 -0.116786395 -0.227450776 0.816384928
10101.998245639 9.160559503 30.879341038 1.501043101 0.516226024 -0.112844310 -0.224667670 0.818719300
10102.031608637 9.149719058 30.842090443 1.496150897 0.514280869 -0.107755285 -0.221491292 0.821489862
10102.064993994 9.141477674 30.806154053 1.490031798 0.512313636 -0.104631101 -0.219729235 0.823593428
10102.098355014 9.136435274 30.784079075 1.485782518 0.510970075 -0.104103520 -0.219455858 0.824567260
10102.131712119 9.129715094 30.743180514 1.474120376 0.507724267 -0.105159622 -0.220307194 0.826209576
10102.165096292 9.121245846 30.704120409 1.464558099 0.505564288 -0.103755874 -0.220391825 0.827687690
10102.198447406 9.117541419 30.674918220 1.459375532 0.505362516 -0.099619911 -0.219269750 0.828616544
10102.231816363 9.111706050 30.634187472 1.455284471 0.505559582 -0.092872983 -0.217553979 0.829731513
10102.265182556 9.107629707 30.587224252 1.454311707 0.505115782 -0.086611944 -0.216710888 0.830898796
10102.298565008 9.103323674 30.556874559 1.456023309 0.504607402 -0.083779992 -0.216472218 0.831560017
10102.331909417 9.096681857 30.511108231 1.460165993 0.502646330 -0.081814087 -0.216572492 0.832916249
10102.365294725 9.088809759 30.469712264 1.462249065 0.499236835 -0.081575634 -0.217000550 0.834876494
10102.398703233 9.083693805 30.442624317 1.463648472 0.497161551 -0.080371982 -0.216510956 0.836357425
10102.432019268 9.076776948 30.400645467 1.468769395 0.495827919 -0.076526743 -0.214968683 0.837906199
10102.465380902 9.068645545 30.360912016 1.475146881 0.494616920 -0.075324841 -0.214762276 0.838783307
10102.498745253 9.062269473 30.334341088 1.478618935 0.493933121 -0.075882337 -0.215093686 0.839051041
10102.532110864 9.053937203 30.293694541 1.482003247 0.493745522 -0.077051605 -0.215168650 0.839035674
10102.565488965 9.044103895 30.253945523 1.482933039 0.494667527 -0.078512966 -0.214828562 0.838444059
10102.598853256 9.037465625 30.230872463 1.482651825 0.495653410 -0.079805673 -0.214668730 0.837780454
10102.632238081 9.020602076 30.182694762 1.480609867 0.498223151 -0.083455580 -0.214420427 0.835962163
10102.665588441 9.007343459 30.140722391 1.478005676 0.501172711 -0.087017182 -0.214125070 0.833909095
10102.698957245 8.998677506 30.116243888 1.475979121 0.502791746 -0.089778726 -0.214213029 0.832618171
10102.732331344 8.978483034 30.068659919 1.471547071 0.505105532 -0.098502072 -0.215837325 0.829807202
10102.765721243 8.959829301 30.027835497 1.467423188 0.506302054 -0.105520068 -0.217026668 0.827902876
10102.799054897 8.949730502 30.002253101 1.465596308 0.507584157 -0.106751145 -0.216480575 0.827102580
10102.832410102 8.928767339 29.951991959 1.464963264 0.510701449 -0.105718283 -0.214003088 0.825960261
10102.865785057 8.909900727 29.907085261 1.466206436 0.511902527 -0.105680715 -0.211744702 0.825803590
10102.899156258 8.897205976 29.878694944 1.468655687 0.512136134 -0.105534820 -0.209867452 0.826156544
10102.932517236 8.879016678 29.836469160 1.473045272 0.511201758 -0.105340907 -0.207054081 0.827468829
10102.965908256 8.865396793 29.799539215 1.476880604 0.508373639 -0.104285102 -0.203997471 0.830099929
10102.999253387 8.858261509 29.774944271 1.480228598 0.506943577 -0.099677651 -0.200317827 0.832433387
10103.032612955 8.849666255 29.739955590 1.486181457 0.505642848 -0.089272219 -0.193374179 0.836039597
10103.066002401 8.840873247 29.703176911 1.491148681 0.504117639 -0.078821833 -0.185929055 0.839692153
10103.099350682 8.835962324 29.683356438 1.492611492 0.503138947 -0.074075862 -0.182088176 0.841550868
10103.132718701 8.825098596 29.645874833 1.493476489 0.501248481 -0.066385371 -0.175143287 0.844788596
10103.166086472 8.816141438 29.611743804 1.492379695 0.500028622 -0.060751962 -0.169685498 0.847046285
10103.199457672 8.810064787 29.586784893 1.490603184 0.499503440 -0.057319639 -0.166469231 0.848232732
10103.232814272 8.802123100 29.552362737 1.487029285 0.499024797 -0.053677428 -0.162942600 0.849436693
10103.266190455 8.794708713 29.514380490 1.481665654 0.498760876 -0.050917093 -0.160600282 0.850207379
10103.299550591 8.790393827 29.489365695 1.476947761 0.498635408 -0.049613846 -0.159591490 0.850547913
10103.332917233 8.782154467 29.449908901 1.468532142 0.498199621 -0.048865576 -0.159049626 0.850948006
10103.366284585 8.776149177 29.411222302 1.459070839 0.497135726 -0.049738756 -0.159755312 0.851387318
10103.399654630 8.772009899 29.388292176 1.454556242 0.496503904 -0.049627834 -0.160206988 0.851677563
10103.433015620 8.767001709 29.339522954 1.450205773 0.496358097 -0.044617770 -0.159601512 0.852153303
10103.466403555 8.765777475 29.295526131 1.449150669 0.495580543 -0.039186676 -0.159385191 0.852913062
10103.499757949 8.765248515 29.263632814 1.450378589 0.494429825 -0.037438118 -0.160005955 0.853542986
10103.533132570 8.764828242 29.223126346 1.454301843 0.491312680 -0.039521201 -0.162257603 0.854823020
10103.566492092 8.759370047 29.181651824 1.457337249 0.486414463 -0.044688626 -0.165179733 0.856807769
10103.599855504 8.756058866 29.159427582 1.458352167 0.483371947 -0.047042560 -0.166374632 0.858171335
10103.633216522 8.749897785 29.115531477 1.462500383 0.479675879 -0.047435435 -0.166842585 0.860130503
10103.666601417 8.745438484 29.072176771 1.469819379 0.476787989 -0.048819816 -0.168539002 0.861327141
10103.699963471 8.742571964 29.044523720 1.473959761 0.475114178 -0.051838206 -0.170579516 0.861673921
10103.733314271 8.736864752 29.008220545 1.478968380 0.473704021 -0.055796325 -0.173383540 0.861643441
10103.766701610 8.732161697 28.968604285 1.481914589 0.474063053 -0.057848147 -0.174873312 0.861009372
10103.800065820 8.729972123 28.946516603 1.482515593 0.474851574 -0.058541406 -0.175242505 0.860452759
10103.833424855 8.723830477 28.904691120 1.482599252 0.477551105 -0.059732750 -0.175615772 0.858799185
10103.866791925 8.715064466 28.856856540 1.481171401 0.481796408 -0.061451931 -0.175412814 0.856344689
10103.900150224 8.708742024 28.825444770 1.479289333 0.484733483 -0.063038676 -0.175092278 0.854635752
10103.933515977 8.699583925 28.784768612 1.475499127 0.489193072 -0.066253332 -0.174687504 0.851930109
10103.966890427 8.687065480 28.739364561 1.470267841 0.493280890 -0.070752353 -0.174202559 0.849306503
10104.000255433 8.678408544 28.709267947 1.466938087 0.496006312 -0.072729065 -0.173415189 0.847711858
10104.033640541 8.668117761 28.667599490 1.464329389 0.500056654 -0.071815887 -0.171064524 0.845885778
10104.066994502 8.655148807 28.614171289 1.464164383 0.504752568 -0.068996537 -0.167010409 0.844139708
10104.100367758 8.646721468 28.580642399 1.466077382 0.506806220 -0.067967589 -0.164390795 0.843506685
10104.133721859 8.633458193 28.536499994 1.470928442 0.508709736 -0.067523066 -0.160929850 0.843063831
10104.167089912 8.621150372 28.491646636 1.477007273 0.507972149 -0.071155209 -0.158643757 0.843642928
10104.200455364 8.615592188 28.469423993 1.479596393 0.506491464 -0.073086955 -0.157408498 0.844598874
10104.233830633 8.606934925 28.429755047 1.484057825 0.504515821 -0.067900282 -0.151423399 0.847304132
10104.267192794 8.604889294 28.394856435 1.488072498 0.503759044 -0.055045307 -0.142533916 0.850224043
10104.300555811 8.603206044 28.371453574 1.491084355 0.503155125 -0.045822392 -0.136141525 0.852174110
10104.333923887 8.600411366 28.339654494 1.493905612 0.502219289 -0.035902544 -0.128317352 0.854412927
10104.367307875 8.595282136 28.298009433 1.495100208 0.500906284 -0.027906118 -0.120176123 0.856663203
10104.400684723 8.593092678 28.278306376 1.495033446 0.500190111 -0.024835777 -0.116473234 0.857687019
10104.434031728 8.590733103 28.237309871 1.493108248 0.499194108 -0.018997063 -0.109455135 0.859339239
10104.467392144 8.588207399 28.198225990 1.489289732 0.498768302 -0.014151741 -0.103965541 0.860361014
10104.500751758 8.588014637 28.176276912 1.486574667 0.498587112 -0.011911141 -0.101341446 0.860812946
10104.534122938 8.589053202 28.131629458 1.478979445 0.498218586 -0.009067160 -0.097536478 0.861500239
10104.567490628 8.590464970 28.092656288 1.469676513 0.497294917 -0.008371674 -0.095768966 0.862238938
10104.600861080 8.594381566 28.051408784 1.460740309 0.496593016 -0.005240005 -0.093907383 0.862872715
10104.634233808 8.599385717 28.022114582 1.456485393 0.496723345 -0.000471365 -0.091934549 0.863025918
10104.667593941 8.607023623 27.984309221 1.453297394 0.496817934 0.005829642 -0.089687448 0.863188344
10104.700958334 8.619482450 27.935637842 1.452640870 0.495836782 0.011464791 -0.088252835 0.863843667
10104.734338898 8.625789743 27.913331355 1.453913106 0.495091692 0.012789167 -0.088094337 0.864268501
10104.767703986 8.634934047 27.864831752 1.457722800 0.492623954 0.012383161 -0.088036757 0.865689221
10104.801066029 8.638648161 27.821298080 1.459628787 0.489221538 0.010120650 -0.088011869 0.867648414
10104.834439986 8.640491895 27.791279832 1.461686580 0.487191109 0.009262378 -0.087529405 0.868848453
10104.867798234 8.646468283 27.750117192 1.467687893 0.485456822 0.008453332 -0.086943077 0.869885692
10104.901159204 8.651383394 27.711172831 1.474281372 0.484274250 0.004890841 -0.087725943 0.870493360
10104.934536363 8.652548147 27.682967154 1.478067873 0.483963875 0.001711379 -0.088547947 0.870594797
10104.967892554 8.652676005 27.640142902 1.481925681 0.484542351 -0.002180614 -0.089155961 0.870209842
10105.001267312 8.654286859 27.594850241 1.483874739 0.486529797 -0.004660878 -0.088987192 0.869107768
10105.034635718 8.657393233 27.566613309 1.483670500 0.488662949 -0.005177116 -0.088306688 0.867976756
10105.067991627 8.660814713 27.522468092 1.481698126 0.492804514 -0.004946907 -0.086689683 0.865796823
10105.101355445 8.663613885 27.478510667 1.478416620 0.497645507 -0.004502164 -0.084741988 0.863219251
10105.134750732 8.666946458 27.449355382 1.476429327 0.501306628 -0.004558857 -0.083444794 0.861224621
10105.168097285 8.668306128 27.404752282 1.471311189 0.506257936 -0.006019439 -0.081968648 0.858456644
10105.201466198 8.669838212 27.358596518 1.465851264 0.510819853 -0.006478614 -0.079686996 0.855962083
10105.234866252 8.671389875 27.327119893 1.463442685 0.514048498 -0.003886180 -0.076982332 0.854290794
10105.268199278 8.674903973 27.278624364 1.462477780 0.518733710 0.001470996 -0.071681262 0.851924276
10105.301573124 8.677192516 27.233071599 1.464270060 0.521984973 0.005978773 -0.065797286 0.850392062
10105.334953128 8.679059798 27.200767431 1.467996234 0.523916281 0.010077617 -0.060627951 0.849549542
10105.368297187 8.681209967 27.157131359 1.473844906 0.525230513 0.014101389 -0.053179067 0.849179631
10105.401666197 8.682281896 27.117121941 1.478540313 0.523927407 0.013586709 -0.046715604 0.850372345
10105.435044360 8.683606316 27.092874747 1.481164507 0.522120974 0.015007553 -0.041306468 0.851738362
10105.468397844 8.688622351 27.059932427 1.485166717 0.519310590 0.024753283 -0.030426248 0.853684971
10105.501765327 8.695312494 27.029308375 1.489680436 0.516178546 0.038392821 -0.017957739 0.855431599
10105.535148258 8.699415514 27.007930932 1.492422611 0.513815081 0.046569567 -0.009794041 0.856580069
10105.568498328 8.704270332 26.977876149 1.495122839 0.510619889 0.055130472 0.000473256 0.858037141
10105.601873870 8.708933875 26.945554132 1.495517975 0.507665075 0.061735763 0.009818217 0.859283696
10105.635288974 8.712385381 26.926125929 1.494686719 0.506133914 0.065401371 0.014934175 0.859841899
10105.668651448 8.718352242 26.889553212 1.491029258 0.503683807 0.072263677 0.023639347 0.860535743
10105.701967075 8.726911436 26.855783883 1.486476217 0.501933413 0.078289825 0.030437865 0.860817686
10105.735361310 8.732656880 26.836147556 1.483128173 0.501082777 0.081287749 0.033795445 0.860910112
10105.768727538 8.745657630 26.800785144 1.475279422 0.499663058 0.085685113 0.039016242 0.861088046
10105.802078452 8.759727146 26.764073625 1.465331446 0.498075667 0.088910223 0.043102824 0.861485780
10105.835463717 8.768971552 26.744483870 1.460712554 0.497250867 0.091078907 0.045062591 0.861635405
10105.868793846 8.789965110 26.706060469 1.454920529 0.495911774 0.097014301 0.048988042 0.861545071
10105.902165526 8.810563494 26.671929996 1.452756373 0.494294453 0.101061704 0.051682024 0.861851782
10105.935570132 8.824674759 26.648236567 1.453195616 0.492980957 0.102783121 0.053028576 0.862318605
10105.968901264 8.845997017 26.610144095 1.456707776 0.490573056 0.102785874 0.054527962 0.863597037
10106.002260682 8.863048177 26.573620589 1.460236385 0.487541406 0.098359333 0.055136604 0.865787950
10106.035683025 8.873907143 26.553927143 1.461616090 0.485143765 0.094734097 0.055591612 0.867508243
10106.069000272 8.887146885 26.513131701 1.462713825 0.480530542 0.091148923 0.057835002 0.870308787
10106.102377132 8.899045123 26.475865508 1.466835439 0.477276993 0.091359907 0.060480351 0.871895732
10106.135771630 8.908234824 26.452996215 1.470843654 0.475558156 0.090019777 0.061344841 0.872913335
10106.169100663 8.923155700 26.419352950 1.476132330 0.473808062 0.086518164 0.061747705 0.874189767
10106.202465049 8.937902316 26.387267702 1.479359214 0.473295015 0.083571970 0.062153279 0.874725399
10106.235874773 8.946057621 26.367735660 1.480239886 0.473463992 0.082358779 0.062578393 0.874718712
10106.269202810 8.964329092 26.329478346 1.480024435 0.474938115 0.081287531 0.064000022 0.873916542
10106.302569936 8.982192773 26.293692232 1.478135665 0.477392580 0.082045922 0.066028662 0.872356009
10106.335953013 8.993354311 26.268483563 1.475895849 0.479361092 0.083154347 0.067659769 0.871045609
10106.369299324 9.011650481 26.231754431 1.472340261 0.482812915 0.084272838 0.070081875 0.868837331
10106.402688336 9.027501786 26.193008591 1.466880455 0.486057151 0.083747968 0.072051398 0.866915982
10106.436049661 9.038653212 26.166023184 1.462855888 0.487970347 0.083809806 0.073892816 0.865679334
10106.469401172 9.055187997 26.129239211 1.458118718 0.490042089 0.087341785 0.077795501 0.863815966
10106.502771387 9.074310596 26.083595143 1.456396931 0.492059308 0.094100385 0.084231344 0.861352329
10106.536194827 9.085141346 26.055600053 1.456938094 0.492827239 0.097126603 0.088344490 0.860164511
10106.569501066 9.100973138 26.013628502 1.460545074 0.493630998 0.100161765 0.094814202 0.858665433
10106.602874064 9.115185843 25.974256752 1.465476727 0.493538137 0.099693545 0.100712736 0.858101538
10106.636278043 9.123401597 25.949524524 1.467587832 0.492532650 0.097207083 0.104454196 0.858517148
10106.669613141 9.135890186 25.915572281 1.469862181 0.489318977 0.096731436 0.111765136 0.859487360
10106.702980175 9.151674788 25.885528856 1.472668957 0.484463588 0.106131805 0.122780435 0.859625521
10106.736372328 9.161494049 25.869493832 1.475010672 0.481295902 0.113784175 0.129887310 0.859381582
10106.769727839 9.177213449 25.837542730 1.478877658 0.475961520 0.126134112 0.142166014 0.858684832
10106.803073514 9.190901755 25.809174802 1.481497631 0.472512251 0.132545446 0.151392274 0.858046768
10106.836478126 9.199452167 25.791921925 1.482290374 0.470948752 0.134857589 0.156249607 0.857675209
10106.869811756 9.215204143 25.757054829 1.480406134 0.468567112 0.138685428 0.164894324 0.856750300
10106.903195642 9.231593948 25.725506235 1.476767912 0.466949479 0.142375482 0.171884898 0.855653545
10106.936568717 9.242163721 25.708548247 1.473867464 0.466241013 0.144365066 0.175412968 0.854990255
10106.969913818 9.264710727 25.673729771 1.466856663 0.465354490 0.147579398 0.181161804 0.853724733
10107.003284194 9.286479739 25.643309206 1.458753322 0.464852833 0.149728982 0.185016935 0.852796464
10107.036703365 9.303262433 25.622096775 1.452339611 0.464411124 0.151295548 0.187198226 0.852284453
10107.070017048 9.330224924 25.593952700 1.444575246 0.463459343 0.155509894 0.190115829 0.851397723
10107.103384875 9.356625517 25.561017307 1.440711539 0.462483273 0.161977334 0.192843604 0.850108175
10107.136760447 9.378275888 25.539952995 1.439600932 0.461825557 0.165855961 0.194260119 0.849395056
10107.170118506 9.407916342 25.510679114 1.442954774 0.460838017 0.170069809 0.195381031 0.848840877
10107.203484727 9.439177643 25.480043699 1.448938030 0.460131001 0.171935328 0.196247973 0.848648595
10107.236867270 9.455335939 25.465201571 1.452123736 0.459633209 0.171223021 0.196496502 0.849004779
10107.270218414 9.484461686 25.432203127 1.455166861 0.457995470 0.167097013 0.197048384 0.850582548
10107.303592468 9.509888515 25.399520836 1.455874990 0.455822817 0.165039842 0.198991778 0.851698117
10107.336963677 9.527582540 25.377518083 1.457891195 0.454517560 0.166379067 0.200963682 0.851672115
10107.370319552 9.554394717 25.347829489 1.463681577 0.453787212 0.168202856 0.202890787 0.851246318
10107.403719659 9.579579903 25.316765780 1.470017067 0.454786154 0.167400418 0.203002574 0.850844645
10107.437070765 9.595727045 25.295980049 1.473283292 0.456314839 0.165877028 0.202360248 0.850477460
10107.470416064 9.621163355 25.264468344 1.476557758 0.459659613 0.163097676 0.201073173 0.849518550
10107.503790301 9.648217899 25.233052279 1.477508170 0.464141440 0.160710310 0.199636978 0.847873809
10107.537176598 9.664064414 25.213324787 1.477385364 0.467079314 0.159766997 0.198869356 0.846618214
10107.570518960 9.696023809 25.176442044 1.475115061 0.473482328 0.158723584 0.197438264 0.843587245
10107.603901182 9.724941316 25.139786135 1.471461611 0.480156937 0.156979563 0.195815432 0.840513563
10107.637287808 9.740599376 25.118096875 1.468849628 0.484104580 0.155027311 0.194654309 0.838879603
10107.670620349 9.766547888 25.081611626 1.462525231 0.490852079 0.151430284 0.192614294 0.836081837
10107.704000571 9.794333661 25.039706333 1.457567993 0.496581007 0.151678548 0.192609826 0.832647811
10107.737385005 9.810036951 25.016282146 1.456217378 0.499066853 0.154008656 0.193879341 0.830436278
10107.770731212 9.838751919 24.973642866 1.456204645 0.501798735 0.159160301 0.198365820 0.826750887
10107.804094581 9.862243297 24.936591505 1.460079950 0.502043686 0.166189776 0.205237965 0.823535350
10107.837468762 9.875178369 24.916623647 1.462835203 0.501366692 0.169556808 0.209804333 0.822109525
10107.870823496 9.896174304 24.880976450 1.468249188 0.497912285 0.173529682 0.219555698 0.820832566
10107.904214988 9.913577562 24.853612504 1.472804303 0.492268576 0.180660373 0.230971318 0.819564353
10107.937581270 9.924070092 24.840522966 1.475796206 0.488018145 0.186522884 0.238662445 0.818588872
10107.970917397 9.939639976 24.810683184 1.480398529 0.478669153 0.198898853 0.254832524 0.816318242
10108.004292827 9.952966543 24.787633696 1.483067376 0.470373513 0.209435411 0.269037037 0.813943880
10108.037658437 9.962225417 24.772229578 1.484149278 0.464848411 0.216247848 0.278831525 0.812038056
10108.071020827 9.977019678 24.752023199 1.484814211 0.458004830 0.224266676 0.291912282 0.809149710
10108.104406893 9.992129262 24.730369020 1.483290746 0.452312263 0.230777633 0.304304517 0.805949168
10108.137771160 9.999414543 24.710845052 1.480898973 0.449178352 0.234874529 0.312028812 0.803561313
10108.171123940 10.015448906 24.686065913 1.478907349 0.444844634 0.241748974 0.323427083 0.799415791
10108.204520407 10.033886407 24.666904153 1.475454534 0.441295883 0.248243121 0.333933888 0.795060661
10108.237865533 10.047251576 24.652903918 1.472079270 0.439408181 0.252388797 0.340758987 0.791898768
10108.271225117 10.068810549 24.633997871 1.466799648 0.437337617 0.257422643 0.349861585 0.787442863
10108.304610370 10.092685793 24.615927356 1.461173571 0.435669188 0.261450379 0.358386391 0.783195539
10108.337963822 10.106173087 24.607675807 1.457852986 0.434694353 0.263539658 0.362673270 0.781060668
10108.371327614 10.135724030 24.587598850 1.452159252 0.431798499 0.268877430 0.371801232 0.776542869
10108.404732561 10.163007062 24.575247511 1.446695503 0.428222360 0.273911384 0.379486783 0.773038126
10108.438063670 10.179355167 24.567755443 1.444907400 0.425648331 0.277120954 0.383996668 0.771086268
10108.471431458 10.210692629 24.558440354 1.443099516 0.419394783 0.284602503 0.392649613 0.767421470
10108.504821631 10.241514628 24.547987396 1.443557081 0.412425182 0.292647145 0.401581664 0.763541279
10108.538178509 10.257153897 24.544166936 1.443417270 0.408661521 0.296193539 0.406068051 0.761822740
10108.571549569 10.287480794 24.538912702 1.443000234 0.400197315 0.305426446 0.415450976 0.757599684
10108.604907819 10.314409401 24.532565273 1.445176455 0.394087539 0.313065709 0.422731033 0.753646699
10108.638274213 10.329147318 24.527201849 1.446656903 0.391613999 0.316249116 0.426354692 0.751562804
10108.671643389 10.356828409 24.515378254 1.448708036 0.388330171 0.321705926 0.432946861 0.747169319
10108.705007397 10.384130784 24.505264754 1.449489870 0.386026957 0.327553154 0.439191094 0.742161238
10108.738387471 10.417263632 24.498340570 1.449734101 0.384557155 0.334382034 0.445869084 0.735870376
10108.771754734 10.437609665 24.492283601 1.449906196 0.384203035 0.338793971 0.449748932 0.731664247
10108.805101168 10.471240075 24.485013134 1.449482765 0.384403350 0.345630149 0.455474489 0.724787455
10108.838479132 10.504672119 24.474348404 1.448494174 0.386005636 0.351220100 0.460405489 0.718102274
10108.871839076 10.529570287 24.470445343 1.447214310 0.387896824 0.353855245 0.463246320 0.713950535
10108.905201788 10.564786680 24.462866424 1.443311303 0.391238833 0.355978638 0.466903868 0.708669290
10108.938567972 10.601867170 24.457144615 1.439245495 0.393872428 0.358171244 0.470822913 0.703493891
10108.971931855 10.628192690 24.453604846 1.436836834 0.394552082 0.361016663 0.474085046 0.699456212
10109.005316616 10.666614195 24.448916454 1.435743353 0.393979018 0.366283732 0.479660936 0.693211474
10109.038706704 10.705800816 24.445779168 1.437078541 0.391312542 0.372839953 0.486681486 0.686298766
10109.072043637 10.732539633 24.444591491 1.439992056 0.388405952 0.377850837 0.492293337 0.681187809
10109.105417157 10.768157364 24.443570129 1.445135224 0.384364468 0.383105249 0.500780182 0.674324502
10109.138780043 10.800654469 24.442078166 1.451128487 0.382279869 0.383531191 0.508947365 0.669132652
10109.172164019 10.820136247 24.440551856 1.453610041 0.380281944 0.382925010 0.515407178 0.665664721
10109.205520206 10.848505753 24.443061600 1.458507140 0.371828750 0.388265165 0.528083284 0.657359557
10109.238870356 10.873832024 24.447129861 1.461457839 0.357756559 0.400068982 0.543151700 0.645709908
10109.272237313 10.891237460 24.449621988 1.464608753 0.348198711 0.407655735 0.553168982 0.637635112
10109.305619546 10.917966091 24.451318630 1.467499217 0.336812394 0.415757474 0.566983110 0.626285309
10109.338975005 10.943265544 24.453460085 1.468867337 0.329145865 0.420102915 0.578425229 0.616928517
10109.372347691 10.961386227 24.455468053 1.468950833 0.324410175 0.422565687 0.585804130 0.610761656
10109.405735864 10.988542408 24.461348358 1.467585082 0.317472002 0.426407780 0.595878375 0.601927650
10109.439081095 11.015516560 24.468931555 1.464876094 0.310853727 0.430543670 0.604816979 0.593463167
10109.472437083 11.035043591 24.476002259 1.462066286 0.306688482 0.433280049 0.610486905 0.587806357
10109.505813234 11.063626285 24.486705304 1.457154332 0.302097382 0.436017080 0.617715840 0.580563018
10109.539172566 11.093967625 24.500628704 1.449750131 0.298375905 0.437748196 0.624449547 0.573943464
10109.572542447 11.113628565 24.508625414 1.445735537 0.296372559 0.438748689 0.628165746 0.570149708
10109.605925111 11.147960845 24.529185996 1.441713694 0.294036055 0.440076473 0.633471995 0.564436647
10109.639286354 11.180488599 24.549724754 1.442271954 0.292018192 0.441159635 0.637895107 0.559636833
10109.672642280 11.199543637 24.563418950 1.444635403 0.290250716 0.442229502 0.640493059 0.556737129
10109.706016991 11.237433776 24.592882933 1.451031883 0.286910591 0.444386151 0.645589134 0.550833850
10109.739385402 11.272364819 24.616112835 1.457101936 0.287014914 0.443550571 0.649950340 0.546305670
10109.772755501 11.295690792 24.628113594 1.460619136 0.289001485 0.441223738 0.652595403 0.543984369
10109.806116663 11.325441464 24.644297457 1.464257713 0.292100169 0.438459103 0.655660489 0.540870067
10109.839477046 11.362250771 24.664310717 1.471807394 0.294646075 0.437578959 0.659137557 0.535953382
10109.872840162 11.385022588 24.677900191 1.476912710 0.295748198 0.437974048 0.661062199 0.532642944
10109.906233126 11.417258119 24.697408159 1.483695302 0.297070251 0.439197110 0.663517408 0.527825552
10109.939590372 11.449897888 24.716424888 1.487959561 0.297630180 0.441500643 0.666121750 0.522278923
10109.972948164 11.472776037 24.730680328 1.489635534 0.297360240 0.443843831 0.668015184 0.518010864
10110.006330553 11.505945635 24.751031105 1.490248598 0.296907396 0.447611816 0.670698902 0.511519934
10110.039685270 11.539996225 24.769739179 1.489010691 0.296851663 0.451404437 0.673287545 0.504774213
10110.073044867 11.560859688 24.780556359 1.487059033 0.297061009 0.453521627 0.674820555 0.500689634
10110.106436608 11.600720926 24.800821345 1.482700398 0.298954164 0.455803172 0.677475179 0.493859553
10110.139784347 11.637778473 24.816751792 1.475860281 0.302416436 0.455700779 0.679858319 0.488542491
10110.173148325 11.663793573 24.827862728 1.471542593 0.304383901 0.455321022 0.681814507 0.484935237
10110.206538356 11.701656516 24.845128934 1.467376030 0.305490724 0.455563566 0.685118586 0.479322206
10110.239884705 11.739003233 24.862134956 1.466191020 0.306400251 0.455102172 0.688534927 0.474257897
10110.273247432 11.766129005 24.874188266 1.468868235 0.308145917 0.453646333 0.690550696 0.471583327
10110.306641227 11.802189399 24.888371471 1.475101750 0.313508459 0.448467443 0.692603699 0.469988845
10110.339978282 11.837781648 24.900618660 1.481130086 0.321944910 0.438632622 0.694359186 0.470975816
10110.373345372 11.859353988 24.910599360 1.484184743 0.325654882 0.432381807 0.696276642 0.471374276
10110.406738999 11.888019640 24.927181811 1.489599977 0.323909538 0.428220065 0.701067238 0.469270621
10110.440086721 11.913525188 24.943463309 1.494771389 0.316167062 0.428216673 0.707473292 0.464919790
10110.473449689 11.929609149 24.954126690 1.497252229 0.310060439 0.428844453 0.711766276 0.461891467
10110.506822725 11.955121146 24.972829016 1.499317331 0.301216399 0.429942748 0.717544651 0.457763682
10110.540198604 11.978378542 24.988361768 1.499474733 0.294402880 0.430862599 0.721669230 0.454838310
10110.573565339 11.995495850 25.000689562 1.498929174 0.290662478 0.431442480 0.723680627 0.453496484
10110.606929104 12.020444927 25.018958982 1.495269220 0.285893829 0.432276851 0.725887643 0.452204128
10110.640290576 12.045874471 25.040567692 1.490611465 0.281906231 0.433170889 0.727289175 0.451599727
10110.673654195 12.064305533 25.056854146 1.486387513 0.279711414 0.433833864 0.727821675 0.451470168
10110.707022336 12.092806722 25.081736516 1.478428438 0.276871881 0.434848819 0.728228436 0.451588098
10110.740388469 12.121463575 25.106551350 1.468784957 0.274275451 0.435958572 0.728449660 0.451745718
10110.773769995 12.141921146 25.124737117 1.462501253 0.271936055 0.437287019 0.728569615 0.451682589
10110.807125397 12.172846403 25.154239354 1.456433341 0.266137039 0.441245961 0.728952945 0.450666931
10110.840491833 12.204969656 25.183830660 1.455320110 0.259660390 0.445824695 0.729184488 0.449562905
10110.873854307 12.227370794 25.206160068 1.455930946 0.256298687 0.448075918 0.729049304 0.449473100
10110.907227749 12.260566422 25.238853691 1.460390510 0.253486487 0.450137539 0.728392513 0.450072376
10110.940587278 12.294790285 25.268965806 1.466786802 0.253992392 0.449519302 0.727530851 0.451795443
10110.973957198 12.314254451 25.285679663 1.469342402 0.255777075 0.447571386 0.727022644 0.453537229
10111.007326761 12.353897630 25.317479069 1.472995927 0.261363551 0.441801567 0.725728379 0.458059809
10111.040685517 12.390491154 25.345491852 1.478056633 0.267086737 0.437265004 0.723751848 0.462219919
10111.074049425 12.414694249 25.363613690 1.481956539 0.271537339 0.434416232 0.721829783 0.465308259
10111.107424513 12.450472917 25.390193204 1.487478310 0.278815017 0.430261289 0.718200927 0.470451739
10111.140794806 12.486153026 25.416040821 1.491058781 0.285416500 0.427303934 0.714197753 0.475258181
10111.174159707 12.511293153 25.434182551 1.492036234 0.289228039 0.426320313 0.711319262 0.478145416
10111.207526815 12.549929998 25.459755469 1.491622989 0.294264790 0.426384943 0.706686358 0.481869800
10111.240887373 12.589063434 25.486470107 1.488541449 0.298925028 0.427580318 0.701888130 0.484945308
10111.274254052 12.611715463 25.500067683 1.485613558 0.301603955 0.428701316 0.698974611 0.486502548
10111.307630378 12.658177912 25.527909659 1.479168421 0.307232049 0.431035318 0.693216408 0.489150318
10111.340989790 12.695510997 25.548307311 1.473616247 0.311528462 0.433135387 0.688881506 0.490699525
10111.374364466 12.725861868 25.564409256 1.468933990 0.314002829 0.435358810 0.685973106 0.491228896
10111.407748927 12.777454647 25.590753619 1.463496750 0.314605388 0.441667017 0.682725571 0.489734102
10111.441104568 12.822467005 25.610070629 1.463001980 0.313492116 0.447662848 0.681372637 0.486879860
10111.474470563 12.854148298 25.625310619 1.464458857 0.312628202 0.451311140 0.680950771 0.484652359
10111.507826708 12.898912876 25.644773675 1.469628060 0.311520975 0.455199236 0.681256752 0.481287415
10111.541186651 12.941517791 25.662168029 1.475836582 0.313371336 0.454820255 0.681574267 0.479993188
10111.574575707 12.966053673 25.672049087 1.478997465 0.314976318 0.452749343 0.682220937 0.479981817
10111.607919619 13.001170123 25.689464491 1.483837034 0.312402486 0.451688784 0.685220319 0.478387965
10111.641287530 13.030920079 25.707622589 1.488736504 0.303669113 0.454201262 0.690123402 0.474569250
10111.674664514 13.051023750 25.720578461 1.491664873 0.296821989 0.456297623 0.693650210 0.471739941
10111.708029925 13.074280731 25.734391341 1.493017051 0.289395217 0.458141123 0.697567979 0.468781436
10111.741402647 13.105629068 25.751380725 1.494234718 0.282776900 0.458652499 0.701458877 0.466508900
10111.774809530 13.121303521 25.758977535 1.494422456 0.280907973 0.458225614 0.702778451 0.466071288
10111.808124293 13.156153962 25.778344318 1.492620603 0.278438278 0.457028774 0.704474830 0.466167394
10111.841485929 13.187124722 25.795182234 1.488910886 0.276820139 0.456406713 0.704993911 0.466955146
10111.874881524 13.208804196 25.809919789 1.485459565 0.275936064 0.456116698 0.704977843 0.467785301
10111.908223244 13.237276282 25.828868789 1.479858334 0.275338301 0.455785099 0.704407192 0.469317880
10111.941582212 13.274940400 25.854386374 1.470798574 0.275740896 0.454873787 0.702887405 0.472235208
10111.974970812 13.294631554 25.869213054 1.465833644 0.275864625 0.454470900 0.701951089 0.473940480
10112.008320468 13.332652762 25.898751931 1.459015700 0.274508955 0.455197169 0.700182232 0.476639500
10112.041690185 13.363587123 25.924215914 1.457143873 0.272340560 0.456694130 0.698908814 0.478317427
10112.075075336 13.391234174 25.949003202 1.456978164 0.270373277 0.457467761 0.697876242 0.480198178
10112.108416733 13.426124922 25.978897921 1.460469148 0.269271666 0.457287496 0.696513857 0.482958967
10112.141784493 13.461511492 26.006251583 1.465148384 0.272186385 0.453298277 0.695174136 0.486999142
10112.175168005 13.486823742 26.024660644 1.467182798 0.275924444 0.448555713 0.694342992 0.490460277
10112.208518091 13.522907917 26.047957203 1.469198426 0.281247660 0.441070997 0.693648131 0.495185218
10112.241899005 13.559925085 26.070475231 1.473520749 0.285142454 0.435473677 0.692839474 0.499028977
10112.275274405 13.581659499 26.083989063 1.476557563 0.288044200 0.432243403 0.691840579 0.501550389
10112.308617084 13.618339242 26.105000291 1.482527757 0.294697877 0.425927375 0.689004547 0.506963279
10112.341985947 13.656902568 26.126412735 1.488621967 0.300503503 0.421177350 0.685413490 0.512362793
10112.375393319 13.681955793 26.140679013 1.490992726 0.303516169 0.419164659 0.682912898 0.515566580
10112.408720511 13.714489157 26.158027484 1.492191902 0.307597375 0.416949515 0.679306582 0.519691760
10112.442075191 13.758306887 26.179561702 1.492075471 0.314325184 0.413854367 0.673782093 0.525301754
10112.475470223 13.785044621 26.191470161 1.490460072 0.319099715 0.411562773 0.670218448 0.528770921
10112.508815946 13.826995697 26.207991972 1.486828833 0.327027756 0.407516578 0.664519630 0.534225370
10112.542189514 13.865773839 26.221611462 1.481685245 0.334468218 0.403137999 0.659489124 0.539151983
10112.575575373 13.894385875 26.230298186 1.477246935 0.339582657 0.399720021 0.656159271 0.542551873
10112.608907860 13.938636356 26.243505047 1.471126527 0.344852183 0.396212509 0.652000694 0.546797691
10112.642277473 13.990607765 26.256747624 1.466046696 0.349056827 0.393025961 0.648072920 0.551082040
10112.675746192 14.015262094 26.262055404 1.464149217 0.351368234 0.390466609 0.646280796 0.553531683
10112.709009000 14.065035610 26.271181006 1.464192226 0.355315252 0.384521918 0.642901405 0.559081165
10112.742386879 14.106394751 26.280181053 1.467616093 0.359203917 0.377555786 0.639537850 0.565168570
10112.775789928 14.128250543 26.284469296 1.469782020 0.362073400 0.371984989 0.637214362 0.569638375
10112.809109079 14.168099094 26.293783563 1.476064088 0.365229546 0.362484797 0.633033460 0.578343141
10112.842503048 14.203042434 26.303471930 1.481670520 0.365376033 0.356296675 0.629673938 0.585716454
10112.875870085 14.236717656 26.311537196 1.485589148 0.365644310 0.350489304 0.625709957 0.593252506
10112.909208260 14.260222588 26.315982389 1.486771932 0.366141870 0.346486181 0.622404308 0.598748975
10112.942572034 14.295380991 26.325217889 1.486574984 0.367406460 0.340871239 0.616533751 0.607211187
10112.975970422 14.332623685 26.333047515 1.484771886 0.369508755 0.335165551 0.609042960 0.616598740
10113.009305477 14.352939930 26.337639947 1.483907413 0.370839829 0.332408853 0.604364196 0.621873053
10113.042664936 14.397155983 26.347942124 1.481095292 0.374494020 0.327039112 0.592671334 0.633672107
10113.076048720 14.437237685 26.355159168 1.477260255 0.379735892 0.321376999 0.580217633 0.644875938
10113.109406829 14.461514082 26.359069964 1.474474314 0.383300697 0.317666241 0.572434309 0.651527204
10113.142772258 14.509991952 26.366616572 1.466861005 0.389352142 0.311329469 0.556928613 0.664311216
10113.176160544 14.555672947 26.373679535 1.459205092 0.392202992 0.308798496 0.543335946 0.674986186
10113.209501328 14.585513878 26.377695743 1.454994580 0.393278898 0.308436589 0.534392176 0.681633025
10113.242862107 14.631840826 26.381667434 1.450640886 0.395911469 0.306719679 0.519924715 0.691993813
10113.276266902 14.678802883 26.384399712 1.448031169 0.400221333 0.301385214 0.504486187 0.703195225
10113.309599470 14.713471241 26.385491841 1.448752355 0.403939660 0.296206556 0.493292745 0.711165730
10113.342961862 14.758627314 26.384683911 1.450611730 0.409807337 0.286514469 0.477921310 0.722190160
10113.376354919 14.811913768 26.380838751 1.453653753 0.417244979 0.270940140 0.458817188 0.736196208
10113.409716563 14.845381906 26.377321850 1.456540744 0.421256510 0.261492872 0.446731121 0.744711848
10113.443072228 14.890720995 26.369319869 1.462563223 0.427703651 0.247530368 0.428239692 0.756577207
10113.476463657 14.934400276 26.359900791 1.469531578 0.435839508 0.230063733 0.407289986 0.768914475
10113.509794221 14.964519843 26.352828772 1.472850651 0.441270191 0.217753520 0.392040212 0.777282764
10113.543165846 15.007247128 26.339926254 1.475116675 0.447652935 0.202950824 0.370520653 0.788119444
10113.576571879 15.050124772 26.324926375 1.476178778 0.453989955 0.188919388 0.348077709 0.798150671
10113.609899102 15.079931131 26.314203042 1.475917998 0.458549489 0.179443116 0.332410028 0.804385547
10113.643274052 15.120647984 26.294437218 1.475380442 0.465474419 0.166157170 0.309763722 0.812263379
10113.676654759 15.160339245 26.271353260 1.474188671 0.472572860 0.152742563 0.286888570 0.819170037
10113.709994606 15.188192162 26.252720985 1.472704668 0.477594765 0.143052981 0.270772394 0.823481267
10113.743363216 15.227041892 26.222920080 1.470165579 0.484642126 0.128804104 0.247513947 0.829016501
10113.776801785 15.263997175 26.190243687 1.465771067 0.490338037 0.116060424 0.226228161 0.833618262
10113.810088899 15.289287580 26.166231339 1.462470182 0.493310970 0.109096951 0.212836030 0.836327069
10113.843462828 15.324544760 26.129876388 1.458587097 0.496475634 0.102609168 0.196308678 0.839312937
10113.876848661 15.358636674 26.091295542 1.456094218 0.499011595 0.096124138 0.181259669 0.841957546
10113.910186013 15.381560961 26.062814963 1.456177969 0.500484102 0.090783001 0.171312760 0.843757103
10113.943559623 15.410297109 26.021540224 1.459576523 0.502161424 0.082576110 0.157783893 0.846238343
10113.976953808 15.437728901 25.980218559 1.463523158 0.503284758 0.071921191 0.144486991 0.848914191
10114.010292839 15.454298117 25.954601440 1.466201401 0.503459954 0.063765491 0.135075648 0.851009169
10114.043682429 15.479218611 25.919715239 1.470014024 0.503032609 0.056057783 0.123179187 0.853605651
10114.077043630 15.505003613 25.885766735 1.474247654 0.502310932 0.052876301 0.112575772 0.855695343
10114.110383328 15.522199584 25.862841808 1.476509577 0.502124301 0.051735876 0.105606416 0.856762435
10114.143759899 15.548280350 25.828373359 1.479115486 0.502567751 0.049594905 0.094333696 0.857943562
10114.177138403 15.572058065 25.794918223 1.479962197 0.503659221 0.046643167 0.082382177 0.858699587
10114.210480829 15.586208672 25.775121855 1.479929857 0.504613729 0.044957229 0.075318533 0.858877727
10114.243854037 15.612019285 25.738289756 1.477667583 0.506777948 0.042115896 0.062718224 0.858760029
10114.277223492 15.640192656 25.693721869 1.474395134 0.509966514 0.037079888 0.047160162 0.858099735
10114.310580152 15.657050152 25.665524842 1.471132807 0.512101525 0.033342346 0.037424054 0.857461227
10114.343951066 15.680853647 25.624242889 1.465387784 0.515074798 0.028370055 0.023924185 0.856341477
10114.377363931 15.705006141 25.581517418 1.457734697 0.517557842 0.025077887 0.011399956 0.855204666
10114.410688767 15.722069064 25.551284096 1.452540194 0.519077000 0.024135519 0.003493673 0.854379505
10114.444061135 15.747242486 25.506529633 1.447486188 0.521307471 0.025246278 -0.006244573 0.852972539
10114.477424531 15.773251725 25.459809980 1.445861563 0.523327101 0.026546573 -0.015152347 0.851583484
10114.510783455 15.787335116 25.433239933 1.446216493 0.523877267 0.026243706 -0.020172272 0.851150373
10114.544150960 15.813637333 25.380382163 1.450116849 0.524483374 0.023239628 -0.029821895 0.850580840
10114.577517649 15.832820002 25.333028449 1.455593436 0.523656524 0.015080749 -0.038970546 0.850904056
10114.610877745 15.843701882 25.300142680 1.459033981 0.521960364 0.006499293 -0.045702208 0.851719699
10114.644259706 15.858006721 25.253169380 1.461493538 0.518492964 -0.005866094 -0.054329321 0.853334026
10114.677625420 15.870911268 25.208800088 1.464731640 0.515685896 -0.014661433 -0.060972734 0.854479622
10114.710978048 15.878719468 25.178351980 1.468394363 0.514001039 -0.021307992 -0.066142711 0.854970200
10114.744368841 15.889144759 25.136062913 1.473632493 0.511556480 -0.032148877 -0.074707151 0.855391875
10114.777745556 15.898899443 25.095062265 1.478078226 0.509683715 -0.040161529 -0.082619343 0.855443514
10114.811077839 15.906370338 25.066748834 1.479840860 0.508849881 -0.043277095 -0.087376165 0.855315320
10114.844467775 15.917818380 25.023764169 1.480321114 0.508386504 -0.045909489 -0.093861017 0.854766395
10114.877809022 15.927461977 24.981303162 1.479313124 0.508654768 -0.047268631 -0.099764894 0.853863554
10114.911178496 15.933725962 24.951611704 1.477673535 0.509214209 -0.047895337 -0.103455487 0.853055618
10114.944571021 15.942154781 24.907162948 1.473916377 0.510378933 -0.049199218 -0.108815144 0.851617312
10114.977941893 15.947918444 24.861688936 1.468651380 0.511402357 -0.052960572 -0.114344587 0.850051835
10115.011266013 15.949992830 24.832284013 1.464952694 0.511545146 -0.057244600 -0.118134526 0.849169508
10115.044682012 15.949949783 24.786662262 1.459399922 0.510869455 -0.066045168 -0.123653156 0.848151126
10115.078007793 15.947946778 24.742464468 1.456397711 0.510069323 -0.072606464 -0.126768128 0.847636378
10115.111371605 15.945950074 24.715828027 1.456454008 0.509443084 -0.075348075 -0.127485887 0.847666067
10115.144754410 15.942830835 24.666017037 1.458862869 0.506993827 -0.080400118 -0.127347718 0.848690544
10115.178110483 15.938760093 24.623523925 1.465047719 0.502983479 -0.087681617 -0.127185397 0.850378403
10115.211471399 15.935723144 24.597063383 1.468884189 0.498666914 -0.094663880 -0.127546036 0.852116229
10115.244842810 15.932468845 24.562626900 1.472648405 0.491589616 -0.102313916 -0.126824234 0.855445571
10115.278208019 15.934551025 24.529266036 1.475692721 0.485403707 -0.101450212 -0.123212050 0.859598678
10115.311600546 15.937723201 24.507328589 1.477590589 0.481848785 -0.096422540 -0.119389922 0.862711127
10115.344950119 15.942829723 24.475575153 1.479461987 0.477018313 -0.086440300 -0.113109700 0.867287611
10115.378309823 15.948931244 24.443300094 1.479310025 0.472922602 -0.076225982 -0.107182911 0.871232251
10115.411672903 15.952922312 24.421510985 1.477908123 0.470567203 -0.069913413 -0.103618597 0.873465402
10115.445042476 15.958617055 24.388744946 1.475136356 0.467794028 -0.061813046 -0.099156176 0.876079875
10115.478403655 15.964621390 24.355346771 1.469903083 0.465578789 -0.054614661 -0.095141686 0.878180898
10115.511761049 15.968866987 24.331043883 1.464542250 0.464329775 -0.049933169 -0.092413835 0.879411293
10115.545144311 15.975846894 24.293592700 1.455766711 0.463131372 -0.043091189 -0.088443319 0.880812273
10115.578499016 15.983393196 24.256860486 1.445975700 0.462401746 -0.036823940 -0.084548756 0.881861741
10115.611851555 15.988544241 24.234005338 1.440343207 0.462025896 -0.033174086 -0.082235642 0.882422150
10115.645228485 15.998649817 24.186027113 1.431953985 0.462002571 -0.025198893 -0.077009904 0.883169358
10115.678595938 16.007252255 24.144196555 1.428941993 0.462452512 -0.019041821 -0.072236807 0.883491328
10115.711954847 16.012157453 24.119873714 1.429010269 0.462514694 -0.016745937 -0.069774114 0.883703177
10115.745328672 16.021101390 24.067567938 1.432288073 0.461995362 -0.015468348 -0.065223552 0.884345466
10115.778734428 16.026285124 24.021792373 1.437920320 0.460974362 -0.018435776 -0.061491361 0.885088454
10115.812062395 16.028487328 23.989045101 1.441592236 0.459571874 -0.022595861 -0.059299981 0.885870550
10115.845443433 16.030088650 23.946408943 1.445845975 0.457390461 -0.028803524 -0.056459781 0.887004293
10115.878789696 16.031330720 23.900923979 1.452547064 0.456352577 -0.033831331 -0.053244015 0.887560049
10115.912154607 16.032408808 23.873190586 1.457505872 0.456445928 -0.037449974 -0.052095407 0.887434890
10115.945517840 16.034094965 23.828739558 1.466397401 0.457275866 -0.043545040 -0.051895232 0.886740941
10115.978882665 16.037000273 23.787849085 1.471658651 0.459282237 -0.047969012 -0.052215787 0.885455991
10116.012250800 16.039208764 23.758687884 1.473798434 0.461228660 -0.050323552 -0.052627371 0.884288428
10116.045654151 16.043287093 23.716608506 1.473924326 0.464708462 -0.052417594 -0.053335807 0.882300251
10116.078983739 16.047401937 23.668045985 1.472484406 0.470044649 -0.053110712 -0.053833612 0.879397079
10116.112352395 16.049857091 23.635772885 1.470692334 0.474044753 -0.052747338 -0.053904881 0.877264814
10116.145732984 16.053343448 23.588415041 1.466431957 0.480176939 -0.051767277 -0.053870633 0.873984102
10116.179087268 16.055922724 23.540368538 1.460770563 0.486302703 -0.051360606 -0.053760490 0.870621375
10116.212441505 16.057491528 23.506305350 1.456594866 0.490356062 -0.050621175 -0.053280534 0.868417880
10116.245816179 16.060378301 23.456225279 1.452535653 0.496180104 -0.046327397 -0.050967823 0.865483309
10116.279172671 16.063099707 23.403795788 1.451576517 0.501894310 -0.041728796 -0.047988277 0.862587928
10116.312541186 16.063929836 23.375867404 1.452209958 0.504100324 -0.041843632 -0.047058960 0.861346288
10116.345930811 16.062802629 23.321967845 1.455741709 0.507333059 -0.043934827 -0.045227863 0.859440131
10116.379276595 16.062309218 23.270101720 1.461601296 0.508784169 -0.046092125 -0.043014154 0.858582534
10116.412659077 16.061676329 23.238981363 1.465062791 0.508368630 -0.048401973 -0.041878943 0.858757672
10116.446008475 16.062993032 23.197338609 1.468913684 0.506651623 -0.049298465 -0.039693137 0.859824546
10116.479375325 16.067535382 23.157341646 1.473097721 0.505029098 -0.042174106 -0.035000793 0.861360493
10116.512732024 16.071131021 23.135470339 1.476106689 0.504304169 -0.035032105 -0.031394321 0.862243848
10116.546103673 16.080281977 23.092586747 1.479588433 0.503665146 -0.020475605 -0.024386260 0.863311926
10116.579465770 16.086645899 23.055631470 1.481495510 0.503811456 -0.010623447 -0.019528844 0.863527523
10116.612835307 16.089830962 23.034142950 1.482150209 0.504115646 -0.006924712 -0.017460365 0.863431873
10116.646218942 16.096465405 22.990062378 1.480739775 0.505420846 -0.000937283 -0.014232117 0.862755085
10116.679569292 16.103299345 22.950387377 1.478070012 0.507126130 0.004296210 -0.011882150 0.861779233
10116.712942792 16.108223921 22.926341950 1.475966044 0.508318884 0.007091058 -0.010869726 0.861071122
10116.746316040 16.118639234 22.877610169 1.469790346 0.510943499 0.010833481 -0.010240656 0.859485023
10116.779687500 16.128937142 22.832967275 1.462658741 0.513327848 0.012214737 -0.011074513 0.858034193
10116.813030660 16.135153492 22.808388605 1.457983659 0.514617124 0.012767479 -0.011944594 0.857241817
10116.846396634 16.150773676 22.753972946 1.451190762 0.517507042 0.015357155 -0.014084564 0.855425183
10116.879760105 16.166306601 22.704556111 1.447939155 0.520658773 0.018678290 -0.016179232 0.853407169
10116.913124491 16.175987535 22.678922560 1.448192837 0.521921815 0.019180238 -0.018194313 0.852583547
10116.946504910 16.194137385 22.621128567 1.452083200 0.523573354 0.017136433 -0.023598623 0.851481292
10116.979867548 16.207948604 22.574282841 1.457867259 0.523716217 0.010991492 -0.029293525 0.851318037
10117.013233101 16.214425487 22.547999116 1.460999367 0.523074260 0.006088380 -0.032595839 0.851641804
10117.046626090 16.225751226 22.495428356 1.466088550 0.520448456 -0.004450533 -0.038593224 0.853008887
10117.079966540 16.234831387 22.452183398 1.471770642 0.518619981 -0.009772195 -0.041815745 0.853925795
10117.113320240 16.240893937 22.422306460 1.476914608 0.517715480 -0.013488733 -0.044570304 0.854284627
10117.146700823 16.249173939 22.380542948 1.483974255 0.516542775 -0.020423331 -0.049899076 0.854562187
10117.180055541 16.257703357 22.337576033 1.489165185 0.515978457 -0.026386798 -0.055400544 0.854400813
10117.213416174 16.266710725 22.295252361 1.490789859 0.516184886 -0.030799820 -0.060505213 0.853781971
10117.246790813 16.272629785 22.264981059 1.490763828 0.516861724 -0.033293031 -0.063894100 0.853031697
10117.280170789 16.280614416 22.221396459 1.488935949 0.518842200 -0.035832190 -0.068182202 0.851392984
10117.313513715 16.287902822 22.175055142 1.485163415 0.521804063 -0.037254876 -0.071789298 0.849222521
10117.346887177 16.292726364 22.142190233 1.481259400 0.524202351 -0.037943602 -0.073777475 0.847542956
10117.380250881 16.298141293 22.094632936 1.474783377 0.528093748 -0.039111114 -0.076235771 0.844852307
10117.413624329 16.301334432 22.046245648 1.468442918 0.532140616 -0.039857187 -0.077635063 0.842146404
10117.446983986 16.304374015 22.010727843 1.464391122 0.535143813 -0.038239894 -0.077283183 0.840348808
10117.480353763 16.307745771 21.960300427 1.461714545 0.539827104 -0.033081952 -0.074731246 0.837799214
10117.513721351 16.308880866 21.908599012 1.462256784 0.543422090 -0.030683863 -0.072248115 0.835781755
10117.547086014 16.308340120 21.875965333 1.464000345 0.544804468 -0.030741159 -0.070508702 0.835027901
10117.580460782 16.307064349 21.827478373 1.468920067 0.545492064 -0.031635518 -0.067135318 0.834823605
10117.613815756 16.304847805 21.784252345 1.474400420 0.543702091 -0.034601437 -0.063898417 0.836126646
10117.647185014 16.304894132 21.756186668 1.478165534 0.541491799 -0.035629995 -0.060996261 0.837733007
10117.680545352 16.304868584 21.721630738 1.483817595 0.537898470 -0.031756108 -0.054528121 0.840644675
10117.713917338 16.308255471 21.685910786 1.489249921 0.534189634 -0.023107811 -0.046045350 0.843793393
10117.747276508 16.310163493 21.664211935 1.491805399 0.531816047 -0.016728692 -0.040165433 0.845741439
10117.780660552 16.313416008 21.630186066 1.493761261 0.528763870 -0.009009634 -0.032359703 0.848104030
10117.814018041 16.316934538 21.594599534 1.493258592 0.526217631 -0.003592727 -0.025786547 0.849951264
10117.847382885 16.319255610 21.568991811 1.491934941 0.524773562 -0.000493942 -0.021819280 0.850962034
10117.880744558 16.323591099 21.531154035 1.488693000 0.523338602 0.003249844 -0.017013886 0.851948751
10117.914113802 16.329360573 21.490565134 1.483594181 0.522544722 0.005514943 -0.013640848 0.852484913
10117.947503519 16.334061870 21.461562878 1.479326933 0.522305118 0.006033446 -0.012276864 0.852648955
10117.980852281 16.342104414 21.419383856 1.471179822 0.522109214 0.006089012 -0.011313460 0.852781858
10118.014224557 16.351665442 21.380027898 1.463190866 0.522003187 0.007731375 -0.010691715 0.852841477
10118.047598159 16.361559889 21.342877169 1.457226458 0.522146872 0.010854932 -0.009956315 0.852728378
10118.080940572 16.375278707 21.298992239 1.452887807 0.522063666 0.014606533 -0.009899471 0.852723976
10118.114311652 16.391523362 21.255787618 1.450776888 0.521041592 0.019424473 -0.010746960 0.853242552
10118.147683967 16.401597400 21.231642829 1.451297188 0.520275381 0.022388529 -0.011061335 0.853633369
10118.181058157 16.419246340 21.185823823 1.454467026 0.518131867 0.026034286 -0.011774192 0.854823346
10118.214427235 16.432779833 21.144892318 1.456202709 0.515212579 0.026216637 -0.012558603 0.856569301
10118.247784367 16.441502803 21.114807847 1.456645885 0.512972704 0.026094899 -0.012809676 0.857912567
10118.281142367 16.454088559 21.071578803 1.459633080 0.510744165 0.026873864 -0.012856894 0.859216441
10118.314516466 16.466409126 21.030699041 1.465286600 0.509921746 0.026538240 -0.014008338 0.859697215
10118.347881787 16.474713724 21.001930621 1.469528850 0.509990542 0.024856704 -0.015642878 0.859678482
10118.381246901 16.486025751 20.960040873 1.474666590 0.511172404 0.021770111 -0.018162394 0.859010456
10118.414632110 16.497210005 20.917377973 1.478434891 0.513731629 0.019080325 -0.020421115 0.857495617
10118.447980600 16.504637479 20.888119857 1.479936622 0.516003280 0.017822674 -0.021681723 0.856126667
10118.481361015 16.515838757 20.842836884 1.480419074 0.520195763 0.016565521 -0.023120694 0.853573304
10118.514739050 16.525787560 20.798918306 1.478917681 0.524836087 0.015898434 -0.023965082 0.850717342
10118.548076060 16.532269901 20.767371590 1.476634071 0.528177863 0.014985569 -0.024539595 0.848646797
10118.581442901 16.540312162 20.723029100 1.471437584 0.532487211 0.012254525 -0.025560776 0.845963264
10118.614835959 16.548250189 20.676432574 1.464057173 0.536086786 0.010885114 -0.025116496 0.843718930
10118.648181242 16.554585118 20.644873838 1.459918229 0.538203704 0.013873854 -0.022686676 0.842395159
10118.681546371 16.564938992 20.599878947 1.457140030 0.540935562 0.022205296 -0.016824316 0.840602513
10118.714934618 16.574139132 20.556715381 1.456755839 0.541923446 0.028266357 -0.010674237 0.839884547
10118.748281921 16.579692044 20.526986662 1.458146671 0.541904687 0.032057036 -0.005706566 0.839808961
10118.781663031 16.587556439 20.485566997 1.461526165 0.540274659 0.036154900 0.001962768 0.840709381
10118.815047568 16.594875099 20.447844387 1.464185306 0.536105411 0.039476539 0.010444559 0.843162797
10118.848383574 16.601204315 20.423620334 1.465945096 0.532315539 0.045007879 0.017919268 0.845158777
10118.881748647 16.610343563 20.396405364 1.468931401 0.526994652 0.055684209 0.028654585 0.847558151
10118.915138581 16.623175792 20.363967236 1.473375929 0.519669446 0.071760344 0.043612917 0.850230577
10118.948476651 16.629758816 20.347811849 1.475313104 0.516113536 0.080052758 0.051289773 0.851227192
10118.981845471 16.642094494 20.314581639 1.477389212 0.509402956 0.095420162 0.066425688 0.852637818
10119.015240648 16.653820685 20.284534316 1.476725307 0.504444668 0.105773525 0.078227788 0.853362732
10119.048608972 16.661674700 20.264342791 1.474633650 0.502053231 0.110464346 0.084483657 0.853582271
10119.081948964 16.675556099 20.225599293 1.469719192 0.498757830 0.116411032 0.094616746 0.853660805
10119.115353055 16.690375618 20.192285371 1.464375156 0.496930811 0.119468402 0.102126286 0.853438511
10119.148679324 16.702003113 20.168867500 1.459593465 0.496071878 0.121070574 0.106706265 0.853152027
10119.182046289 16.720738908 20.132880931 1.450756384 0.494945424 0.124258479 0.113133035 0.852519662
10119.215444966 16.743018703 20.096689081 1.441975528 0.493671858 0.129536878 0.119333015 0.851626635
10119.248783574 16.759842973 20.072881785 1.437319547 0.492687894 0.134588505 0.123574816 0.850807756
10119.282158690 16.787253330 20.040810232 1.433334159 0.491039427 0.143672506 0.130045852 0.849309466
10119.315534707 16.816987627 20.009451580 1.432475154 0.488665950 0.152318333 0.135953321 0.848246078
10119.348884993 16.836223543 19.988697885 1.433642289 0.487050114 0.156726339 0.139517386 0.847793571
10119.382258488 16.865835480 19.956519483 1.437695183 0.484440573 0.160242546 0.144821266 0.847741976
10119.415704865 16.891162120 19.930736078 1.441145480 0.481363032 0.160238937 0.149829588 0.848624893
10119.448983172 16.907805196 19.911148397 1.442487562 0.478908394 0.160568619 0.153958744 0.849212090
10119.482344995 16.932703123 19.882435992 1.446198673 0.475435663 0.163635942 0.160830456 0.849304288
10119.515739217 16.956561368 19.856722065 1.451721168 0.473214728 0.164815521 0.166114418 0.849299515
10119.549082898 16.971833904 19.839358129 1.455724389 0.472545707 0.164185900 0.168517065 0.849320636
10119.582453966 16.996678666 19.811497838 1.460397655 0.472329109 0.163236963 0.171980871 0.848929612
10119.615837926 17.021534342 19.783069725 1.461957016 0.472964320 0.163298234 0.175465217 0.847850457
10119.649191547 17.036179124 19.765636406 1.461988374 0.473678084 0.164078168 0.177650828 0.846845683
10119.682558846 17.066007185 19.731278132 1.460238319 0.475715791 0.167590935 0.182717158 0.843932583
10119.715949145 17.094157831 19.700482519 1.457552122 0.477758708 0.173488592 0.188298676 0.840352268
10119.749292964 17.114349121 19.678010909 1.455013286 0.479359522 0.178172482 0.192403364 0.837526096
10119.782687247 17.142452622 19.646706265 1.450274624 0.482403215 0.182735929 0.197807887 0.833526699
10119.816048915 17.170765321 19.613863983 1.444725914 0.485995419 0.183954617 0.202487914 0.830040840
10119.849392409 17.190865227 19.589057147 1.441315869 0.488202941 0.185163624 0.206086778 0.827587192
10119.882749758 17.221421516 19.554614667 1.438160327 0.490911805 0.189311116 0.212821516 0.823330981
10119.916139965 17.252462663 19.519212329 1.438084008 0.492597204 0.193100340 0.220293542 0.819469956
10119.949485246 17.273554894 19.495434096 1.440571308 0.493070126 0.196018161 0.226080728 0.816912625
10119.982854315 17.303108661 19.464012150 1.446580121 0.492798672 0.198854863 0.234413775 0.814037096
10120.016254243 17.329615473 19.435474165 1.452685003 0.491317711 0.197865450 0.242490335 0.812806624
10120.049583518 17.344281074 19.421144775 1.455845361 0.489135275 0.198638418 0.248205442 0.812209037
10120.082966793 17.374881797 19.397372830 1.461246833 0.480896503 0.209844123 0.263982800 0.809331254
10120.116342735 17.401755968 19.379186193 1.465798520 0.471300759 0.224963497 0.279964495 0.805535164
10120.149697727 17.419999145 19.365962353 1.467619642 0.464977831 0.234114564 0.290428479 0.802893072
10120.183058916 17.445241229 19.347445056 1.469265595 0.457029441 0.243861707 0.304254810 0.799427651
10120.216460410 17.471052586 19.330170043 1.468001537 0.450199610 0.251233027 0.316501908 0.796259266
10120.249785421 17.490502779 19.316850429 1.465902128 0.445951767 0.256184573 0.324412551 0.793884741
10120.283158786 17.520142800 19.298706767 1.461781600 0.440539382 0.262617720 0.334686398 0.790532732
10120.316556327 17.550547954 19.282648553 1.456462375 0.436414975 0.267407832 0.342992232 0.787649256
10120.349888473 17.569373677 19.273683914 1.452757807 0.434333080 0.269895047 0.347274656 0.786073630
10120.383255852 17.606409213 19.258230186 1.443138452 0.430322153 0.274792275 0.354966473 0.783141656
10120.416663438 17.644172611 19.245605271 1.433702093 0.425750194 0.281468827 0.361916487 0.780082386
10120.449986308 17.666938578 19.237213735 1.429936875 0.423155315 0.286021983 0.365526779 0.778152413
10120.483364320 17.710153698 19.224844267 1.425297768 0.418824776 0.294127013 0.371562195 0.774607412
10120.516755535 17.758328836 19.214980592 1.424800751 0.415493130 0.299540030 0.376544505 0.771916747
10120.550087558 17.784074048 19.209233171 1.426409385 0.414202105 0.301100992 0.378711826 0.770942386
10120.583460416 17.829971953 19.202833388 1.432326947 0.412979724 0.300452298 0.382112882 0.770172649
10120.616841526 17.872400173 19.188727871 1.436567414 0.412757720 0.295234607 0.384911203 0.770915662
10120.650185408 17.894947902 19.181348899 1.438601398 0.412277629 0.292413300 0.386870616 0.771266974
10120.683562317 17.937535324 19.170639826 1.444390917 0.410544149 0.290089996 0.391438626 0.770763970
10120.716946416 17.974317663 19.160136066 1.451037179 0.410218545 0.286531499 0.394610699 0.770650921
10120.750289898 17.998931827 19.152044551 1.455299090 0.410662018 0.283430599 0.396419821 0.770632940
10120.783719673 18.031786378 19.138645726 1.459400531 0.411121553 0.280399748 0.398855169 0.770239965
10120.817052810 18.073080419 19.124328430 1.461975512 0.411470901 0.278478701 0.402513321 0.768846107
10120.850393422 18.095935132 19.114846964 1.462420914 0.411511515 0.278735510 0.404561191 0.767655542
10120.883763112 18.137677386 19.101051043 1.460392175 0.411461527 0.280977313 0.408965737 0.764524812
10120.917147391 18.175931155 19.089979996 1.457075536 0.411182914 0.285049892 0.413366128 0.760791439
10120.950487746 18.199336591 19.082878916 1.454317195 0.411174394 0.287847667 0.415965863 0.758321660
10120.983857433 18.239902497 19.070094179 1.448880506 0.412228067 0.291688066 0.420063396 0.754011165
10121.017246723 18.288619096 19.053384416 1.441917887 0.415570447 0.293223471 0.424037152 0.749342174
10121.050621575 18.314694698 19.043586594 1.439761837 0.417495550 0.293996267 0.426012047 0.746844962
10121.083970608 18.366543155 19.026032123 1.438509894 0.421329692 0.296572939 0.430150540 0.741280173
10121.117348292 18.412223512 19.009912032 1.440745784 0.425140622 0.297201252 0.433890413 0.736658657
10121.150687430 18.443731409 18.998759380 1.444151003 0.427224383 0.297487198 0.437074080 0.733448663
10121.184076573 18.479255300 18.985728610 1.449414690 0.428565065 0.298027884 0.441297860 0.729909285
10121.217435814 18.531108414 18.966126418 1.457096301 0.429277566 0.295652435 0.448462648 0.726079653
10121.250793413 18.552962129 18.958941217 1.459562885 0.428237174 0.294826605 0.452395886 0.724588268
10121.284166451 18.595078116 18.949045372 1.464209684 0.421601312 0.299092050 0.462504735 0.720337177
10121.317529965 18.632077627 18.943188185 1.468144308 0.412174505 0.307595986 0.473085671 0.715322888
10121.350888100 18.667712964 18.936423482 1.471457512 0.403009287 0.316131600 0.482865714 0.710271095
10121.384283692 18.692464444 18.931142990 1.472861093 0.397485614 0.321063421 0.488945204 0.707004989
10121.417690037 18.725611015 18.924576915 1.472970554 0.391162424 0.326554485 0.496070739 0.703041924
10121.450998741 18.766410200 18.918037211 1.470636431 0.384382039 0.332947755 0.503571059 0.698435702
10121.484360106 18.794448057 18.914003384 1.468158149 0.380439300 0.336935570 0.507730104 0.695665510
10121.517742642 18.836284110 18.909955628 1.462215511 0.375933972 0.341556445 0.512556164 0.692314252
10121.551090114 18.878247836 18.906953151 1.454167884 0.372830271 0.344751165 0.515941346 0.689890390
10121.584479955 18.903196706 18.906258225 1.449451949 0.371343033 0.346309324 0.517452618 0.688779349
10121.617831487 18.954445458 18.905837125 1.440304858 0.367705496 0.350452596 0.520254784 0.686520652
10121.651190562 19.002071407 18.909290232 1.436103376 0.363189946 0.356888414 0.522970462 0.683539040
10121.684611211 19.033232450 18.912980590 1.435517756 0.360864520 0.360343361 0.524514937 0.681772353
10121.717936358 19.082497943 18.917280374 1.437234228 0.359341011 0.361993282 0.525755058 0.680747031
10121.751289207 19.131792315 18.919866290 1.442032687 0.360984029 0.359185146 0.526279390 0.680960032
10121.784670230 19.164881985 18.920366474 1.445282663 0.363442061 0.354624718 0.526510457 0.681863561
10121.818029477 19.211424467 18.919069505 1.447943900 0.366540038 0.347578394 0.527607902 0.682984306
10121.851391644 19.261741594 18.914745675 1.452213842 0.367356305 0.344813408 0.529527805 0.682461254
10121.884766245 19.290914500 18.914693232 1.457071384 0.367889270 0.344162002 0.530141513 0.682026376
10121.918134128 19.337919355 18.912997478 1.465987055 0.371252335 0.340994442 0.529115148 0.682591865
10121.951492429 19.382785972 18.912586006 1.472976628 0.375471506 0.337995319 0.526781324 0.683580097
10121.984861670 19.409681967 18.912007746 1.476088279 0.377739647 0.337297358 0.525301232 0.683814205
10122.018270031 19.460643262 18.911728034 1.479842803 0.381771244 0.337417951 0.522263324 0.683842718
10122.051599777 19.507952561 18.912973876 1.480592536 0.386029594 0.338466608 0.519126492 0.683322174
10122.084962998 19.533841958 18.913294339 1.479766693 0.388445774 0.339174484 0.517432801 0.682886409
10122.118326851 19.588070078 18.911732347 1.476127227 0.393720385 0.340784485 0.513908748 0.681724278
10122.151695490 19.634305064 18.909059486 1.471163845 0.398204876 0.342038460 0.511307326 0.680446462
10122.185065965 19.672621296 18.905764662 1.465959345 0.401498697 0.343267118 0.509660927 0.679126072
10122.218427857 19.723575560 18.901161579 1.460188184 0.403784755 0.346753370 0.509102468 0.676413076
10122.251798070 19.774494422 18.896729633 1.458098639 0.403663293 0.353386893 0.510290233 0.672143978
10122.285184060 19.809770636 18.892396369 1.458824318 0.404735000 0.355655721 0.510898083 0.669837097
10122.318535952 19.857685716 18.885595260 1.461672629 0.407967207 0.354750401 0.511780163 0.667679546
10122.351893763 19.905524731 18.877318575 1.468330882 0.411261410 0.352003669 0.513069741 0.666120793
10122.385265621 19.936214963 18.872843824 1.472463170 0.413766300 0.347391363 0.513814123 0.666417089
10122.418643738 19.976661999 18.868405335 1.476988066 0.415654396 0.339939477 0.515717438 0.667613735
10122.451990861 20.014005164 18.867468876 1.481026907 0.411537899 0.338990423 0.520155228 0.667203559
10122.485366105 20.037625087 18.868351289 1.483509135 0.406005208 0.341737124 0.524282125 0.665960782
10122.518724491 20.074817351 18.869336049 1.487405711 0.396680682 0.347059242 0.530558544 0.663853862
10122.552092799 20.111348873 18.869478072 1.489716965 0.388681958 0.351631183 0.535452664 0.662247908
10122.585485173 20.137665112 18.869703298 1.490484293 0.384116618 0.354184209 0.537989388 0.661494814
10122.618837250 20.178569069 18.869223235 1.490065105 0.379426947 0.356614415 0.540298513 0.661013515
10122.652203280 20.219309252 18.869885050 1.487441999 0.376606614 0.358076311 0.541158256 0.661132782
10122.685592410 20.243289982 18.870774315 1.484973519 0.375374490 0.359016574 0.541258292 0.661241675
10122.718929675 20.290084818 18.876719113 1.478160804 0.373071013 0.361487776 0.540865330 0.661520447
10122.752295728 20.333935093 18.883709147 1.469779107 0.371227215 0.364128896 0.540165107 0.661681312
10122.785685231 20.362405747 18.887941764 1.463064324 0.369892987 0.366062576 0.539704214 0.661737659
10122.819041303 20.410379957 18.896946973 1.453228658 0.366807211 0.370742383 0.539143351 0.661307041
10122.852402265 20.457243396 18.907333836 1.447629494 0.362750992 0.377001255 0.539048537 0.660082151
10122.885773038 20.484573336 18.913593369 1.446214466 0.360568795 0.379990466 0.538963770 0.659632811
10122.919138445 20.536941678 18.927313663 1.447173893 0.357452360 0.383510926 0.538685670 0.659518710
10122.952493424 20.585113572 18.936973759 1.451615656 0.356676821 0.382962526 0.538661460 0.660276594
10122.985871976 20.610297304 18.940462217 1.454180701 0.357018985 0.381017266 0.538757063 0.661138499
10123.019229017 20.660770572 18.946758274 1.456842096 0.357730444 0.375418219 0.539917487 0.663007690
10123.052615557 20.702885891 18.952944714 1.460451095 0.355717776 0.374499755 0.542444228 0.662547400
10123.085979809 20.731867653 18.956837316 1.464263436 0.353886120 0.375386490 0.544043919 0.661714298
10123.119334107 20.773803475 18.963505082 1.470844479 0.353392135 0.374833570 0.545003194 0.661502315
10123.152711045 20.814994622 18.969523239 1.476056741 0.355174835 0.373050854 0.544745881 0.661767196
10123.186092116 20.845028301 18.971972116 1.478369125 0.356900688 0.372281632 0.544368593 0.661582286
10123.219458256 20.890185096 18.975153371 1.479920598 0.359703841 0.372287697 0.543658544 0.660643932
10123.252830630 20.933572339 18.980953646 1.479992347 0.362965827 0.373386306 0.542759701 0.658976769
10123.286177082 20.964067957 18.983864168 1.478630047 0.365611071 0.374348980 0.542109476 0.657501864
10123.319537401 21.011751833 18.987714313 1.475188689 0.370447842 0.375592077 0.540953310 0.655033208
10123.352897522 21.058611225 18.990148998 1.470382456 0.376263009 0.375330130 0.539579967 0.652998393
10123.386293759 21.090657875 18.991352642 1.466722642 0.380267593 0.374626336 0.538908383 0.651635957
10123.419667957 21.138120553 18.995382000 1.461825496 0.383807499 0.375763499 0.539298046 0.648576297
10123.453007782 21.186550788 18.998551628 1.460665614 0.384942946 0.378923518 0.541110508 0.644542717
10123.486374743 21.219142095 19.000421952 1.461331836 0.385429015 0.380118031 0.542940987 0.642004550
10123.519755926 21.267748515 19.003397726 1.465592311 0.384380185 0.382535287 0.547233356 0.637537671
10123.553111921 21.312456635 19.005692411 1.472096899 0.382724377 0.383004854 0.552255461 0.633911065
10123.586490134 21.340647109 19.006862231 1.475879049 0.382258073 0.380345003 0.555792148 0.632701772
10123.619836353 21.376943000 19.009266473 1.480008604 0.379419298 0.376544103 0.562135689 0.631077652
10123.653200494 21.410455408 19.015157930 1.484139694 0.370471460 0.378498488 0.571069626 0.627191576
10123.686580679 21.430794928 19.018295144 1.486585866 0.363667010 0.381341604 0.576787599 0.624212266
10123.719952884 21.467734412 19.026299999 1.490637701 0.350252749 0.387066930 0.587806708 0.618049737
10123.753319336 21.501002692 19.032371133 1.492948156 0.340958823 0.390222705 0.596172874 0.613230157
10123.786728463 21.523308273 19.037201264 1.492683753 0.335687796 0.391643880 0.601394022 0.610126221
10123.820056942 21.556993722 19.040836742 1.491375590 0.329562754 0.393626925 0.607376135 0.606251157
10123.853423420 21.599645137 19.050154186 1.486374588 0.322282167 0.396779814 0.614256523 0.601156309
10123.886780105 21.623574811 19.057869554 1.482422821 0.318719505 0.398499528 0.617580793 0.598506447
10123.920144825 21.664966104 19.068609592 1.474987459 0.314530560 0.400647230 0.621726189 0.594986445
10123.953509745 21.704547429 19.081971217 1.466505395 0.311836242 0.401999871 0.624708348 0.592362846
10123.986884524 21.727546262 19.090334599 1.461046443 0.310363176 0.402740140 0.626121964 0.591139886
10124.020258868 21.771157883 19.110478925 1.451429178 0.306322207 0.405964438 0.628740248 0.588256136
10124.053613758 21.815873979 19.134581637 1.446902809 0.300922327 0.411543910 0.631322985 0.584387416
10124.086990208 21.841477489 19.146072204 1.446009398 0.298768126 0.413734112 0.632350630 0.582833057
10124.120355861 21.888890913 19.174060993 1.448521080 0.296135797 0.416535140 0.633755208 0.580651705
10124.153721793 21.931688621 19.197069920 1.454641141 0.296483506 0.416452823 0.634757238 0.579437508
10124.187083439 21.961257981 19.211314422 1.458340905 0.298252628 0.414343577 0.635347415 0.579394885
10124.220447991 22.002838888 19.226394567 1.462934917 0.301778221 0.410142952 0.636021470 0.579818380
10124.253817246 22.053535164 19.244381105 1.470676249 0.305807714 0.406791563 0.636187949 0.579885471
10124.287191143 22.076147448 19.254961054 1.475169463 0.308103605 0.405525101 0.635809112 0.579972701
10124.320553407 22.115834579 19.273712192 1.483924709 0.312653489 0.403682068 0.634146855 0.580643049
10124.353914908 22.162476054 19.292178238 1.491545770 0.317454815 0.403178655 0.631620646 0.581140923
10124.387289603 22.186582009 19.301917267 1.494015136 0.319787943 0.403513549 0.630121714 0.581256494
10124.420657110 22.235498757 19.323347130 1.496129414 0.324642052 0.405278494 0.626554502 0.581193890
10124.454018626 22.279896023 19.341168198 1.494977673 0.328661969 0.408025661 0.623333187 0.580475760
10124.487390341 22.311059941 19.353306723 1.493108400 0.331232644 0.410425131 0.621194781 0.579614693
10124.520756036 22.357278165 19.371866621 1.488555236 0.334305633 0.414559866 0.618467866 0.577821218
10124.554129968 22.403812543 19.388480735 1.482895830 0.337666980 0.418175993 0.616000950 0.575892941
10124.587500786 22.436696349 19.398486997 1.478327767 0.340502317 0.419672927 0.614537901 0.574696420
10124.620869807 22.485870446 19.414237722 1.472622181 0.343028119 0.422641965 0.613688480 0.571919513
10124.654243590 22.535579244 19.428130376 1.471595907 0.343752735 0.427206762 0.613837873 0.567918573
10124.687593451 22.564676420 19.434819589 1.472291735 0.345515287 0.427757192 0.613809430 0.566463551
10124.720957602 22.618421095 19.445711552 1.474787996 0.350830167 0.424818459 0.614290791 0.564884320
10124.754327792 22.666392668 19.454024298 1.478192683 0.354871623 0.420375815 0.616071603 0.563742925
10124.787704857 22.694901836 19.459457577 1.479646063 0.357031311 0.415731210 0.617934073 0.563785141
10124.821058757 22.733078761 19.468531988 1.481105946 0.356451148 0.409457851 0.622562771 0.563650994
10124.854431424 22.763166372 19.480822552 1.484119323 0.348645466 0.409455414 0.628923545 0.561469302
10124.887805825 22.789416889 19.491605985 1.487748167 0.338877369 0.411855280 0.635131854 0.558699280
10124.921173788 22.818840552 19.504234193 1.491236514 0.327789557 0.414191812 0.641724926 0.556047003
10124.954540815 22.856093193 19.517918555 1.493729776 0.318067136 0.414694083 0.647719792 0.554365570
10124.987895758 22.878677624 19.522902331 1.494128273 0.314611400 0.414211460 0.649899972 0.554146695
10125.021267201 22.916002205 19.535703050 1.492005447 0.309601040 0.412851052 0.652998082 0.554341690
10125.054643934 22.960723636 19.550816580 1.487621342 0.304999425 0.411983511 0.655193410 0.554947325
10125.087994315 22.986794336 19.562129512 1.483657164 0.302481740 0.411850102 0.655885926 0.555605925
10125.121360902 23.028291391 19.578286908 1.476439783 0.299768676 0.411689308 0.656067446 0.556979498
10125.154742412 23.071322462 19.596161619 1.466849800 0.298048024 0.411391496 0.655366090 0.558945167
10125.188100717 23.097910590 19.609388543 1.460181897 0.297111231 0.411301838 0.654619614 0.560382793
10125.221475144 23.139191319 19.630596908 1.450218058 0.294507553 0.412770935 0.653433957 0.562058289
10125.254858208 23.184580076 19.653261060 1.443950889 0.289844826 0.416838889 0.652551335 0.562505176
10125.288201876 23.214619268 19.669439325 1.442066228 0.286930706 0.419146794 0.651779971 0.563178129
10125.321560633 23.253806005 19.690977385 1.442820261 0.284678891 0.420979757 0.650388847 0.564560289
10125.354950791 23.305482288 19.715049849 1.448440374 0.285726677 0.419814826 0.648252611 0.567348508
10125.388300952 23.337097779 19.727881368 1.451683487 0.288163267 0.416613223 0.646880111 0.570036381
10125.421670012 23.384078468 19.743732667 1.455591666 0.292796576 0.410365085 0.644870965 0.574466797
10125.455040342 23.432654606 19.757092827 1.461096678 0.297727072 0.405096609 0.642215877 0.578631226
10125.488404359 23.478915769 19.772758343 1.469452868 0.304840619 0.398993754 0.637843500 0.583979324
10125.521783674 23.509677595 19.782330728 1.474702372 0.310619749 0.394378660 0.633966846 0.588274495
10125.555167337 23.553057745 19.796330040 1.480552484 0.318003595 0.389337267 0.628171095 0.593878171
10125.588506601 23.595180407 19.811533290 1.484623426 0.324757449 0.386069550 0.621950984 0.598882189
10125.621868253 23.625663899 19.820653471 1.485346087 0.329395804 0.384521340 0.617477410 0.601966271
10125.655256842 23.673002083 19.834658349 1.485341712 0.337054927 0.382827349 0.609841897 0.606572384
10125.688604658 23.723227143 19.845311526 1.483121858 0.344842158 0.381903089 0.601934409 0.610662660
10125.721969074 23.753915809 19.851682518 1.480229932 0.349207394 0.381596950 0.597516632 0.612708608
10125.755371669 23.810141896 19.860852578 1.474414049 0.357978045 0.380766886 0.588806281 0.616583702
10125.788722505 23.862065623 19.867445049 1.468124708 0.364788192 0.380436647 0.581965802 0.619284538
10125.822081427 23.900506806 19.871463813 1.464241811 0.367689178 0.382179571 0.578243216 0.619982441
10125.855483979 23.955156342 19.876462603 1.461688993 0.370560867 0.385799645 0.573886456 0.620078716
10125.888809106 24.009502933 19.879353771 1.461118623 0.375239383 0.385287322 0.569711526 0.621432106
10125.922177434 24.062030208 19.879887873 1.463329396 0.380334154 0.382274129 0.566581443 0.623055287
10125.955570563 24.088957910 19.880004163 1.465621068 0.383275317 0.379295877 0.564980205 0.624525449
10125.988905656 24.138417020 19.880154221 1.469473924 0.388868917 0.369796194 0.562266425 0.629196478
10126.022271704 24.166132270 19.882514431 1.472324888 0.389634565 0.365177791 0.561695007 0.631924684
10126.055677836 24.203963098 19.888065431 1.477316953 0.385571671 0.364078257 0.562853363 0.634017036
10126.089006074 24.240091075 19.895238789 1.482453905 0.378733045 0.365601788 0.564821240 0.635510487
10126.122376113 24.265434699 19.899829097 1.485369097 0.373932813 0.366904633 0.565990981 0.636560642
10126.155809518 24.305186439 19.905873927 1.487360375 0.367848813 0.368380998 0.566757325 0.638567792
10126.189103519 24.341873844 19.912224087 1.487213311 0.363142755 0.369236696 0.566475789 0.641012311
10126.222472442 24.366169390 19.914986985 1.486224692 0.360890460 0.369819286 0.565920566 0.642437301
10126.255869450 24.412693334 19.923472817 1.482859913 0.357274583 0.370868171 0.563731319 0.645769828
10126.289213613 24.454211780 19.931929194 1.478363735 0.355827894 0.371054301 0.560511504 0.649255012
10126.322577871 24.477747153 19.936541413 1.474736723 0.355847684 0.370629066 0.558134959 0.651530420
10126.355959706 24.523632860 19.946067017 1.465333577 0.357112344 0.368595843 0.552833683 0.656492800
10126.389309333 24.567688658 19.955355414 1.454987318 0.357285878 0.367988443 0.548417363 0.660431452
10126.422678616 24.598571301 19.962979871 1.448736082 0.355794639 0.369780633 0.546029746 0.662211427
10126.456073413 24.643246430 19.976501935 1.442206059 0.352238298 0.374258225 0.543176711 0.663941280
10126.489412194 24.689364366 19.990997658 1.438504388 0.349405813 0.377332750 0.540064584 0.666232556
10126.522777984 24.717526706 19.999512347 1.437745472 0.348381758 0.377626218 0.538111865 0.668179774
10126.556156904 24.771642152 20.015315238 1.438625271 0.347989044 0.375673848 0.534329103 0.672506650
10126.589513405 24.821260861 20.027057720 1.440654107 0.349642736 0.369494656 0.530920639 0.677751379
10126.622880902 24.855268627 20.032871964 1.441349733 0.351239879 0.363799996 0.528904166 0.681572076
10126.656265895 24.902353421 20.039868648 1.443488545 0.353006578 0.356894873 0.526516086 0.686143729
10126.689613984 24.946844949 20.046408651 1.448691045 0.355219678 0.351213735 0.523465747 0.690254666
10126.723011803 24.971681046 20.050101571 1.452618084 0.357167244 0.347780770 0.520980589 0.692863134
10126.756392920 25.019931953 20.055772175 1.460608611 0.361387515 0.341748407 0.515362222 0.697860208
10126.789734985 25.063700105 20.060471283 1.465936176 0.364694955 0.338677151 0.510161279 0.701449105
10126.823083711 25.092973989 20.064704269 1.467424264 0.366636522 0.337875677 0.506872757 0.703205302
10126.856466726 25.137904947 20.069509179 1.468061239 0.369635285 0.338191933 0.501976697 0.704993169
10126.889814382 25.181733630 20.073395972 1.467165039 0.372977880 0.339570674 0.497480835 0.705756387
10126.923198633 25.214615255 20.074474296 1.465539608 0.375895930 0.340811859 0.494332787 0.705821948
10126.956585207 25.262298267 20.075713062 1.462459130 0.380821944 0.342264552 0.490108349 0.705424290
10126.989915622 25.309052518 20.073877822 1.458941289 0.387357384 0.342279785 0.485847325 0.704805777
10127.023285581 25.341295864 20.071282014 1.456027647 0.392783177 0.341008064 0.482984188 0.704387074
10127.056723326 25.389176313 20.066105112 1.452175357 0.399980116 0.339837373 0.479981697 0.702953795
10127.090015233 25.436989090 20.060304597 1.450934685 0.406055453 0.340859415 0.478478823 0.699994174
10127.123390212 25.464744105 20.056434879 1.451313600 0.409679263 0.340811543 0.477917477 0.698287389
10127.156778452 25.517768705 20.046965215 1.455421791 0.416395708 0.339664351 0.477895972 0.694879977
10127.190128396 25.563459948 20.036326199 1.463970575 0.422705267 0.337030552 0.478531854 0.691908902
10127.223500668 25.590992974 20.029618502 1.469217818 0.426971210 0.332829519 0.478681518 0.691219286
10127.256886578 25.632322330 20.020999140 1.475316747 0.431441162 0.326500943 0.480125498 0.690460110
10127.290216041 25.670337619 20.016247450 1.481561870 0.430368955 0.326346574 0.484566714 0.688095616
10127.323590465 25.690643675 20.014815374 1.484879241 0.428119889 0.328250205 0.487724299 0.686360089
10127.356986854 25.732656039 20.012570825 1.490593132 0.422150117 0.333101518 0.494651863 0.682753391
10127.390317970 25.769326849 20.011072156 1.493642130 0.416650462 0.337606991 0.500328513 0.679775912
10127.423707263 25.793298321 20.010571722 1.494302786 0.413704359 0.340030812 0.503229360 0.678224123
10127.457066310 25.836032267 20.008758959 1.493371375 0.409619809 0.343134301 0.507151593 0.676215739
10127.490427475 25.879067226 20.008435842 1.490754477 0.407186672 0.344736403 0.509425460 0.675160371
10127.523795702 25.905259371 20.008990747 1.488389186 0.406243159 0.345230290 0.510058026 0.674998780
10127.557177498 25.947742746 20.010100094 1.482635755 0.405127260 0.345967279 0.510108599 0.675253851
10127.590519650 25.989894897 20.013292893 1.475109213 0.403986652 0.346519884 0.509626023 0.676017804
10127.623894630 26.012982646 20.015651897 1.470144228 0.403403493 0.346523515 0.509171808 0.676706099
10127.657277441 26.057865567 20.021107913 1.459820938 0.402052535 0.346371063 0.507767646 0.678640452
10127.690622269 26.101836453 20.027374406 1.453337492 0.399976789 0.347347040 0.506351801 0.680423733
10127.723994034 26.126037933 20.031598210 1.451382581 0.399058968 0.347569570 0.505271301 0.681651118
10127.757374239 26.178185689 20.039810976 1.450770569 0.398108731 0.345958688 0.502155477 0.685318832
10127.790738375 26.221789980 20.047575084 1.453932664 0.398613005 0.343048164 0.498648354 0.689039512
10127.824110769 26.254895063 20.050861237 1.457451314 0.400642767 0.338551914 0.495560375 0.692306211
10127.857469843 26.302455819 20.053918183 1.462027120 0.405373743 0.328540825 0.490079309 0.698251621
10127.890823023 26.348009033 20.055104319 1.465718815 0.409893004 0.319281313 0.484982581 0.703447983
10127.924213134 26.375683617 20.055488013 1.469112176 0.412763249 0.314497204 0.481745529 0.706143933
10127.957569214 26.425799440 20.053900620 1.477414308 0.420086980 0.304676775 0.473559353 0.711646353
10127.990937215 26.466798916 20.053385731 1.484449746 0.427684989 0.295576995 0.464471957 0.716927885
10128.024295217 26.496941672 20.052173372 1.488083389 0.432409408 0.290704691 0.457957820 0.720269062
10128.057673232 26.542772990 20.049871035 1.492264861 0.438814472 0.285574686 0.448037261 0.724673423
10128.091025797 26.587608412 20.047565742 1.493004545 0.444857618 0.282497953 0.438075242 0.728276520
10128.124406879 26.619961615 20.044891619 1.492649497 0.449140595 0.281288896 0.430918676 0.730382350
10128.157790226 26.666602967 20.040433299 1.490912707 0.455419344 0.280333949 0.420337953 0.733022580
10128.191141003 26.714696201 20.033488035 1.487772478 0.462017162 0.279775083 0.409456848 0.735262629
10128.224496528 26.746619245 20.027010563 1.485002750 0.466840254 0.278652039 0.402000194 0.736755768
10128.257867722 26.796633648 20.016005419 1.478844939 0.474562246 0.275168517 0.390342597 0.739395442
10128.291222839 26.843921489 20.003007266 1.473156395 0.481206063 0.272063539 0.379932107 0.741669569
10128.324595723 26.876908041 19.992695436 1.470133965 0.484882078 0.271171375 0.373618141 0.742808818
10128.357964888 26.923542082 19.977516030 1.468302117 0.489981871 0.269457957 0.365000193 0.744368884
10128.391324022 26.969287857 19.959724767 1.468377884 0.494768364 0.265718799 0.357088010 0.746381899
10128.424737013 27.000530098 19.946815120 1.470349890 0.497668394 0.262281329 0.352264760 0.747960034
10128.458074307 27.035082229 19.928431818 1.475188379 0.502139739 0.253603418 0.344996233 0.751344520
10128.491426477 27.069808199 19.911537418 1.479042010 0.505967657 0.241295599 0.337235586 0.756336779
10128.524813556 27.095193569 19.901354188 1.481620144 0.507105815 0.234095264 0.332939733 0.759733002
10128.558162414 27.121052992 19.891267963 1.485734386 0.506153995 0.229187308 0.329451861 0.763375912
10128.591525625 27.158840989 19.880463687 1.489981346 0.502513734 0.227058821 0.326582157 0.767638152
10128.624901983 27.182408361 19.874177174 1.492012312 0.499910664 0.226905247 0.325110786 0.770004100
10128.658262323 27.219219455 19.865206209 1.492939813 0.496151587 0.227514089 0.322800200 0.773221167
10128.691625710 27.254772661 19.855893294 1.492958042 0.492875828 0.228238895 0.319736345 0.776369174
10128.725011750 27.279497500 19.849155621 1.492074799 0.490946000 0.228673881 0.317095331 0.778544047
10128.758374247 27.315983831 19.838662393 1.489418938 0.488758788 0.229040111 0.312546710 0.781645718
10128.791737534 27.348906562 19.829226208 1.485565336 0.487389242 0.229111790 0.308053546 0.784259222
10128.825112678 27.378688086 19.820409373 1.480837195 0.486477861 0.229034426 0.304021224 0.786418220
10128.858466743 27.416635554 19.809254271 1.472455743 0.485664028 0.228013444 0.298792464 0.789216944
10128.891827683 27.454229151 19.797650981 1.463115046 0.484774783 0.226691519 0.293863037 0.791990455
10128.925215477 27.477609337 19.790118914 1.457711229 0.484113848 0.226079778 0.290925130 0.793652496
10128.958561765 27.525191971 19.775657711 1.450246034 0.482701272 0.226064819 0.285694213 0.796412579
10128.991931753 27.569032308 19.763579992 1.446580652 0.481412177 0.226104745 0.281015328 0.798842504
10129.025312007 27.600762916 19.755568825 1.445123592 0.480310699 0.226005684 0.277662722 0.800703738
10129.058706969 27.650053079 19.742523241 1.447081591 0.478974294 0.225770777 0.272809724 0.803234733
10129.092029789 27.694070759 19.728917952 1.449729124 0.478681043 0.221453165 0.267191715 0.806493361
10129.125405078 27.720359400 19.719629285 1.451391127 0.478705038 0.217468805 0.263937581 0.808632029
10129.158781108 27.763255886 19.702034727 1.453415121 0.478436009 0.211370588 0.259013856 0.811993401
10129.192132217 27.804174832 19.683074944 1.457370933 0.479029805 0.205659258 0.254246837 0.814612338
10129.225514377 27.828846671 19.670553383 1.462134640 0.480320496 0.200693830 0.250311014 0.816307910
10129.258874718 27.866120457 19.650275977 1.470867152 0.483149734 0.192195810 0.243025828 0.818880670
10129.292229782 27.900965232 19.628908738 1.479444885 0.486188131 0.185412236 0.236085492 0.820674749
10129.325619919 27.924382941 19.615056150 1.482208417 0.488195950 0.181978719 0.231798992 0.821472877
10129.358968359 27.955780134 19.595157842 1.485008907 0.491283041 0.177649504 0.226014572 0.822191608
10129.392340576 27.989884031 19.571567300 1.485831128 0.495163606 0.173817907 0.219931535 0.822332328
10129.425723366 28.012875254 19.554276076 1.485848187 0.498026386 0.171787485 0.216033398 0.822063470
10129.459074474 28.052160310 19.524289693 1.483697033 0.503011238 0.169087431 0.210218174 0.821095277
10129.492435016 28.086934956 19.494034751 1.480155135 0.508180591 0.165899883 0.205051589 0.819868014
10129.525811161 28.109128442 19.473266806 1.476769174 0.511644607 0.162913314 0.201779953 0.819123860
10129.559179352 28.136313321 19.441588264 1.471520634 0.516551535 0.157448759 0.197668596 0.818114617
10129.592537171 28.167580330 19.407911834 1.466813872 0.520576678 0.153912549 0.195362579 0.816789025
10129.625927770 28.199882253 19.372104607 1.464640902 0.523892304 0.152443764 0.194974994 0.815035278
10129.659278140 28.217367319 19.349744233 1.464184166 0.525524675 0.151006717 0.195347513 0.814162230
10129.692637087 28.246039412 19.311256871 1.466636743 0.527224378 0.148604414 0.197623745 0.812955127
10129.726013134 28.270464514 19.275756090 1.471637693 0.527389539 0.145384339 0.200854745 0.812638320
10129.759370976 28.284212054 19.253864619 1.475341511 0.526803152 0.140639738 0.202413014 0.813466579
10129.792753753 28.305941924 19.221627541 1.480503124 0.524199157 0.130609153 0.204602745 0.816268467
10129.826110026 28.327599063 19.193865082 1.485110017 0.519166921 0.124931667 0.208848826 0.819292350
10129.859472939 28.341032115 19.178758871 1.487813753 0.515075567 0.124290985 0.212374656 0.821063893
10129.892841896 28.365378964 19.154797850 1.491118235 0.507498225 0.125051842 0.218213857 0.824130027
10129.926224546 28.389417887 19.133009411 1.492506539 0.500369982 0.127984326 0.223357919 0.826656599
10129.959582764 28.405328131 19.118281930 1.492192732 0.495850492 0.130869273 0.226386394 0.828103088
10129.992939060 28.431064722 19.095064178 1.490049331 0.489347260 0.136221832 0.230428610 0.829991281
10130.026317501 28.463716127 19.070924579 1.485077611 0.483996796 0.142527097 0.233186148 0.831298591
10130.059677670 28.482997434 19.054910735 1.481597462 0.481301634 0.146251342 0.234119562 0.831953913
10130.093044321 28.513940787 19.029648707 1.474621414 0.478231815 0.151205103 0.234341200 0.832775810
10130.126420247 28.543635662 19.003088677 1.466481144 0.476132654 0.155581698 0.233996767 0.833269190
10130.159792735 28.575602850 18.974700774 1.454764006 0.474400592 0.159948704 0.233512439 0.833566093
10130.193167638 28.597717428 18.955874309 1.447608690 0.473254428 0.162742386 0.233437680 0.833697794
10130.226524958 28.637424213 18.924124087 1.438086891 0.471040405 0.168686062 0.234201129 0.833556106
10130.259883024 28.662895892 18.903209100 1.433435525 0.469144421 0.173940032 0.235308459 0.833233645
10130.293247350 28.700997780 18.872540474 1.429894506 0.466264055 0.180060765 0.236738359 0.833145187
10130.326619913 28.739520574 18.840707280 1.430753836 0.463533154 0.183912840 0.237570445 0.833590646
10130.359983332 28.761613999 18.821021431 1.433238328 0.462426443 0.184125652 0.237630595 0.834141013
10130.393349757 28.797213722 18.784771345 1.437828663 0.461152525 0.178130626 0.236049359 0.836593407
10130.426781861 28.829685296 18.748058343 1.441179456 0.459899591 0.169207439 0.233522024 0.839838480
10130.460086744 28.850093046 18.724692411 1.444108376 0.459171487 0.164436228 0.231976424 0.841611080
10130.493450877 28.883972001 18.686985986 1.452136491 0.458949017 0.157468837 0.228695909 0.843959446
10130.526823974 28.910724769 18.654366291 1.458996431 0.459399965 0.151386845 0.224421669 0.845971991
10130.560193424 28.928676710 18.632466757 1.463007008 0.460037326 0.148174416 0.221318843 0.847011199
10130.593548959 28.957298752 18.596660603 1.467210755 0.462007044 0.143461241 0.216147638 0.848085233
10130.626927978 28.984952301 18.560153577 1.469626070 0.465191303 0.139240996 0.211224367 0.848288432
10130.660292575 29.004796438 18.533468498 1.470247260 0.468078574 0.136757318 0.207884039 0.847929308
10130.693667692 29.033478626 18.494246410 1.468599817 0.472954286 0.133774119 0.203253465 0.846821562
10130.727031960 29.056616618 18.458121084 1.466166019 0.478189839 0.130220870 0.199005513 0.845442966
10130.760387891 29.074437758 18.429307817 1.463626957 0.482557186 0.126754763 0.195625795 0.844276223
10130.793768392 29.103472471 18.377152782 1.458669018 0.490414160 0.119943632 0.189865549 0.842056144
10130.827156726 29.126994284 18.330952031 1.454313019 0.496218385 0.116777537 0.186872547 0.839767213
10130.860490654 29.141317050 18.303917677 1.452605345 0.498878062 0.117892296 0.186640463 0.838085570
10130.893857931 29.169000736 18.250482227 1.452393894 0.503363196 0.122380573 0.187751780 0.834504498
10130.927221074 29.194812894 18.200880110 1.455499561 0.506661677 0.125452460 0.189095570 0.831744246
10130.960596250 29.212059077 18.168847984 1.459802094 0.508566131 0.125720148 0.189461416 0.830457288
10130.993952327 29.238043208 18.122650098 1.466812653 0.510818810 0.121633758 0.188158119 0.829979454
10131.027318599 29.260852935 18.082622039 1.472850771 0.510847007 0.117552811 0.187122237 0.830783932
10131.060698671 29.276749071 18.058026151 1.477338363 0.509270316 0.119546225 0.188360857 0.831187483
10131.094058010 29.300038000 18.028373452 1.483093819 0.505645744 0.127174670 0.191959369 0.831444878
10131.127429275 29.326464282 17.995601232 1.488373595 0.501093482 0.137602094 0.196695685 0.831433577
10131.160813511 29.342488254 17.975583419 1.490820348 0.498703590 0.143611901 0.199441665 0.831199960
10131.194159634 29.366108263 17.944117536 1.492728632 0.496151133 0.150288909 0.202459072 0.830817442
10131.227522086 29.392607018 17.912443628 1.491850322 0.495055050 0.154224822 0.204025992 0.830366543
10131.260885896 29.410036108 17.889829632 1.490671573 0.494876890 0.155835479 0.204270001 0.830112001
10131.294278264 29.436303274 17.858297006 1.487310852 0.495213193 0.157437861 0.203854383 0.829711157
10131.327636924 29.469030883 17.824412047 1.480696888 0.495749176 0.159390954 0.202804262 0.829275413
10131.360985497 29.488398955 17.803035522 1.476058774 0.496016420 0.160816078 0.202099152 0.829012565
10131.394358615 29.522274107 17.770093608 1.466693298 0.496219608 0.163043529 0.200931981 0.828739553
10131.427755526 29.558618260 17.737331184 1.457824996 0.495877758 0.166578387 0.199855323 0.828501503
10131.461089422 29.582620709 17.717640958 1.453624575 0.495405421 0.170409478 0.199531533 0.828082874
10131.494474344 29.620162680 17.688530864 1.450745037 0.494694303 0.176660761 0.199218487 0.827272939
10131.527833190 29.662097351 17.657803456 1.451228219 0.493646863 0.182334565 0.198212572 0.826909098
10131.561191692 29.685981769 17.639930586 1.453450638 0.493244319 0.184436695 0.197461981 0.826862693
10131.594572169 29.724194335 17.608930184 1.458490655 0.493169285 0.182512019 0.194955621 0.827928575
10131.627934266 29.759444993 17.576958827 1.462940884 0.493145828 0.175627573 0.192010806 0.830116858
10131.661292170 29.781251800 17.556066547 1.465594415 0.492799184 0.171435967 0.190841307 0.831467540
10131.694681283 29.815415695 17.523497414 1.471824982 0.492433704 0.167043348 0.189626606 0.832854920
10131.728025704 29.849440919 17.491527873 1.479619243 0.493120873 0.161136075 0.187157626 0.834169643
10131.761392566 29.868219036 17.473129944 1.483700506 0.493908999 0.157098043 0.185212541 0.834907432
10131.794796724 29.903920688 17.437814760 1.488955414 0.495660895 0.150753137 0.181705210 0.835809180
10131.828126639 29.939381196 17.404211449 1.491564957 0.497647250 0.146861572 0.179074365 0.835889505
10131.861495844 29.962207788 17.380864581 1.492134884 0.499545783 0.144496049 0.176995122 0.835612129
10131.894881996 29.994962193 17.347975957 1.491720467 0.502582544 0.142864129 0.174629128 0.834568928
10131.928227931 30.026983228 17.314382585 1.489972153 0.506054773 0.142126917 0.172684150 0.832999814
10131.961599136 30.048376064 17.290651156 1.487681135 0.508851577 0.141172951 0.171201078 0.831763465
10131.994987465 30.079706412 17.255510742 1.483321804 0.513331466 0.138221588 0.168682486 0.830019167
10132.028334310 30.110523856 17.217452930 1.477495626 0.517920697 0.133382136 0.166084897 0.828482447
10132.061718273 30.131478669 17.191140561 1.473231056 0.520602092 0.130786088 0.164963615 0.827439101
10132.095090230 30.164398913 17.153019749 1.468935396 0.523674029 0.130236200 0.164745165 0.825628896
10132.128429569 30.196668199 17.114829927 1.468162108 0.526022604 0.130359583 0.165282812 0.824007398
10132.161800392 30.215176339 17.092825022 1.469425655 0.526858904 0.130758144 0.166050520 0.823255263
10132.195191474 30.249657532 17.052201343 1.474961532 0.527642323 0.131723053 0.168097505 0.822183584
10132.228527268 30.280019572 17.017112326 1.481800391 0.527600834 0.127047899 0.168184279 0.822927846
10132.261897427 30.298682497 16.995638104 1.485732491 0.526708933 0.122582126 0.168207016 0.824170930
10132.295293336 30.322141419 16.972124555 1.490289514 0.523975703 0.121457098 0.170430959 0.825621538
10132.328631491 30.353434588 16.946533136 1.496427202 0.518219955 0.128689469 0.177076009 0.826759449
10132.361994959 30.369780163 16.934125342 1.499423619 0.514774813 0.134220699 0.181263290 0.827124728
10132.395399139 30.401508445 16.910816962 1.501709586 0.508575782 0.144784154 0.189565345 0.827316869
10132.428754957 30.428725015 16.889323337 1.501822106 0.504125056 0.151694977 0.195822156 0.827345300
10132.462092975 30.444800915 16.876576423 1.500467095 0.502032676 0.154922073 0.198987566 0.827264342
10132.495482911 30.478768151 16.851038035 1.496293251 0.498707793 0.160765431 0.204362629 0.826850004
10132.528833612 30.513739370 16.825873978 1.491423593 0.496571673 0.165310122 0.208136906 0.826297867
10132.562204922 30.538631171 16.808172690 1.486917799 0.495440204 0.168049571 0.210260425 0.825886735
10132.595600101 30.575088798 16.783245394 1.478651916 0.493860739 0.172097699 0.213099283 0.825271257
10132.628933538 30.611948600 16.759481466 1.469975420 0.492169982 0.176112543 0.215773281 0.824739336
10132.662298715 30.636170463 16.744989244 1.464820452 0.490903378 0.179506630 0.217820351 0.824224204
10132.695714643 30.683694976 16.718550418 1.458033336 0.488191499 0.188435876 0.222499551 0.822590379
10132.729031845 30.727344158 16.695449262 1.455577812 0.486084149 0.194715052 0.226349543 0.821324621
10132.762399499 30.755091695 16.680906425 1.455660243 0.484803787 0.196618135 0.228097428 0.821144421
10132.795811411 30.802971671 16.653334274 1.459316636 0.483458797 0.197263673 0.230614935 0.821079404
10132.829132009 30.844171272 16.626948730 1.464356170 0.482698203 0.193881516 0.232580912 0.821777660
10132.862512249 30.866546317 16.611569285 1.466811969 0.482193549 0.190873542 0.233694006 0.822462026
10132.895896909 30.905978436 16.583301281 1.470415790 0.480752403 0.187633570 0.236977286 0.823111497
10132.929231978 30.945888134 16.554908271 1.476253735 0.479792104 0.187341972 0.240328942 0.822766384
10132.962608250 30.968328707 16.538862116 1.480378972 0.479824009 0.186530876 0.241245747 0.822663748
10132.995994284 31.002582356 16.514286750 1.486639296 0.480766421 0.184576322 0.241723485 0.822414121
10133.029336398 31.042294531 16.485126178 1.491100473 0.482623321 0.183221263 0.241864517 0.821587643
10133.062736761 31.062707911 16.469861052 1.492238329 0.483857525 0.183249790 0.242054883 0.820798905
10133.096094360 31.098205139 16.443290947 1.492126655 0.486625421 0.184381727 0.242622666 0.818738860
10133.129438369 31.138936787 16.410946578 1.490341492 0.490653173 0.186503594 0.243436817 0.815606762
10133.162811606 31.159749282 16.393767339 1.488605820 0.492851770 0.188143061 0.244131559 0.813694724
10133.196209295 31.197354384 16.362061074 1.483795506 0.497154067 0.190912608 0.245640171 0.809969824
10133.229534188 31.234702990 16.326755934 1.477294446 0.502245023 0.192309357 0.247203381 0.806013360
10133.262907584 31.254461876 16.307681553 1.473817837 0.504669488 0.192971594 0.248430708 0.803960730
10133.296291081 31.293439214 16.271766645 1.468563351 0.507816838 0.197824639 0.253064969 0.799340724
10133.329647268 31.332684072 16.235398970 1.467119027 0.509300047 0.205995569 0.260104126 0.794056126
10133.363013431 31.356423736 16.215163943 1.467822610 0.509645620 0.210101267 0.264286194 0.791373242
10133.396404627 31.397997982 16.177482686 1.474083792 0.509725249 0.216273460 0.272700342 0.786791258
10133.429763849 31.428522766 16.147346884 1.481746625 0.509420119 0.216743757 0.278889582 0.784687127
10133.463106992 31.444006734 16.131669945 1.485807912 0.508386447 0.216290068 0.282686248 0.784123914
10133.496503130 31.472677115 16.106652729 1.493078350 0.503393171 0.220467689 0.292371119 0.782629186
10133.529835380 31.501527258 16.086240858 1.499645090 0.494461846 0.231926671 0.305810046 0.779870321
10133.563214658 31.517764155 16.076173417 1.502441322 0.489002518 0.239194635 0.313467319 0.778074999
10133.596589982 31.547663172 16.057035704 1.505830708 0.478808952 0.252382031 0.327828882 0.774321330
10133.629939992 31.574656454 16.038723787 1.507332964 0.471269204 0.261004051 0.339149580 0.771206707
10133.663313924 31.589253790 16.028735552 1.507331873 0.468069802 0.264318432 0.344439642 0.769680297
10133.696697257 31.621474082 16.007412898 1.505916957 0.463026792 0.269887624 0.354099142 0.766407631
10133.730047149 31.652629539 15.988753383 1.503473209 0.459959705 0.274109261 0.361191791 0.763440681
10133.763419717 31.684872237 15.970577435 1.500089024 0.458041123 0.277586460 0.367177853 0.760476502
10133.796823699 31.707225878 15.958782354 1.496684482 0.457370578 0.279293168 0.370500173 0.758641617
10133.830144015 31.744362353 15.940397921 1.489565024 0.456943023 0.281299858 0.374928728 0.755977455
10133.863527987 31.785987777 15.922296104 1.480558616 0.456697648 0.282825122 0.378825127 0.753610464
10133.896897513 31.811701225 15.913033918 1.473670094 0.456287143 0.283809597 0.381171251 0.752304881
10133.930247351 31.853441064 15.900100769 1.466548124 0.454194556 0.288067896 0.385570691 0.749706232
10133.963627669 31.896492144 15.891333963 1.462599200 0.450236979 0.294186236 0.390458253 0.747183695
10133.997005728 31.923654563 15.886916984 1.462011516 0.447495211 0.297353137 0.393399284 0.746033613
10134.030349047 31.965146452 15.879549984 1.463933754 0.443421712 0.300411099 0.397743744 0.744936421
10134.063753311 32.003791584 15.871833268 1.466096279 0.439611287 0.300787918 0.401696980 0.744921527
10134.097116771 32.023162182 15.868064746 1.466387231 0.437131020 0.300246436 0.403939198 0.745386928
10134.130451138 32.062848160 15.861477872 1.468348609 0.431010129 0.302073865 0.408961571 0.745474401
10134.163836329 32.098481107 15.856470505 1.472851852 0.426001815 0.304868907 0.412824432 0.745086163
10134.197218879 32.118752860 15.854218439 1.476151878 0.424104952 0.305104929 0.414087343 0.745370810
10134.230550068 32.157312069 15.847894867 1.480181381 0.421998755 0.305338943 0.415637197 0.745607740
10134.263924310 32.196033495 15.841073758 1.481253850 0.420744695 0.306457568 0.417204738 0.744981790
10134.297298580 32.224560922 15.835000226 1.481380010 0.420607761 0.307214926 0.418047279 0.744274528
10134.330656726 32.267650846 15.825565360 1.479131305 0.421426135 0.308368898 0.419089575 0.742746635
10134.364035967 32.312356086 15.816614310 1.475213126 0.422241231 0.311330657 0.420492839 0.740250861
10134.397410936 32.342708039 15.811217780 1.471651718 0.422880447 0.313890097 0.421682009 0.738125611
10134.430761994 32.389015047 15.801188433 1.464851359 0.424726100 0.316555501 0.423180661 0.735063591
10134.464135111 32.432653532 15.791707281 1.457286714 0.427084432 0.317790434 0.424849560 0.732195998
10134.497501323 32.465153338 15.784365739 1.452384122 0.428185967 0.319496006 0.426821361 0.729659239
10134.530851431 32.510914418 15.775172801 1.448231487 0.428238964 0.323784479 0.431394821 0.725033454
10134.564235244 32.557605251 15.766285078 1.447474064 0.426911024 0.328334356 0.437853191 0.719880623
10134.597599245 32.589040557 15.759839392 1.449382499 0.425355941 0.331038459 0.443363103 0.716180857
10134.630948248 32.630943094 15.751056220 1.454381296 0.423112430 0.332409181 0.452076492 0.711411873
10134.664341145 32.668513430 15.743272218 1.459624865 0.420635512 0.330014354 0.461254949 0.708096155
10134.697708316 32.688908532 15.740653402 1.462818511 0.417367487 0.329888273 0.468035549 0.705635056
10134.731050401 32.724731256 15.739388328 1.468449766 0.405552657 0.337087533 0.484003323 0.698312123
10134.764442627 32.756201300 15.740955961 1.474406551 0.391431822 0.348073158 0.500063576 0.689610488
10134.797830612 32.776872700 15.742496394 1.478501950 0.381663780 0.355563146 0.511098145 0.683144416
10134.831149708 32.806641491 15.743505880 1.481013870 0.369713173 0.363828136 0.525711535 0.674217056
10134.864542235 32.838886961 15.743747122 1.480127242 0.359763321 0.370278748 0.538938499 0.665589435
10134.897900917 32.860702022 15.745262848 1.479856418 0.353530933 0.374470717 0.547446849 0.659613151
10134.931251697 32.897581763 15.747136215 1.476299852 0.346033753 0.380008022 0.558235619 0.651327520
10134.964647039 32.935417556 15.751950612 1.471395956 0.339876173 0.385138940 0.567638381 0.643380799
10134.997993767 32.960685626 15.756732480 1.467317592 0.336330054 0.388329775 0.573351472 0.638239901
10135.031348525 32.999058322 15.765400967 1.459759756 0.330958266 0.393639988 0.581027285 0.630810177
10135.064741438 33.039067063 15.779649266 1.452104025 0.324396297 0.400810269 0.588482626 0.622741014
10135.098086692 33.068400404 15.789076413 1.448499674 0.319922289 0.406171645 0.592877815 0.617389845
10135.131453538 33.110559217 15.808132476 1.447034562 0.314479361 0.413463598 0.598570804 0.609806180
10135.164829411 33.151971279 15.828078553 1.449138445 0.311488889 0.417766351 0.603039906 0.603977500
10135.198197366 33.180406581 15.842256185 1.452216662 0.310214594 0.419510270 0.605992983 0.600458611
10135.231548397 33.219133924 15.862558025 1.458467816 0.309615775 0.420252048 0.610357351 0.595810534
10135.264932182 33.262455982 15.878821938 1.462318330 0.310404133 0.418542876 0.615013890 0.591801530
10135.298288097 33.288962604 15.889769951 1.465129632 0.310038750 0.418133982 0.618482963 0.588658450
10135.331646460 33.330348075 15.906071899 1.470708206 0.307125999 0.420815129 0.623926951 0.582497560
10135.365023475 33.366368015 15.924386115 1.477681388 0.304433560 0.424081618 0.628386183 0.576719858
10135.398387585 33.390757145 15.937458804 1.481941542 0.303490309 0.426034859 0.630829926 0.573098190
10135.431765925 33.427185103 15.956034289 1.485612953 0.303146533 0.428773338 0.633692254 0.568057859
10135.465147396 33.465501770 15.975820262 1.487496562 0.303914247 0.432054477 0.635829185 0.562748884
10135.498494489 33.491987219 15.990187854 1.487689730 0.304629094 0.434901831 0.636911713 0.558932001
10135.531855940 33.532647588 16.010613171 1.486044875 0.305058776 0.440298629 0.638330852 0.552820028
10135.565235867 33.571079362 16.033195003 1.484273128 0.304591276 0.447031480 0.639609835 0.546155903
10135.598590701 33.600323490 16.048693429 1.481835128 0.304780800 0.451430543 0.640149891 0.541781548
10135.631957997 33.640532482 16.071237408 1.476511027 0.306834252 0.455705090 0.640390787 0.536735738
10135.665326067 33.684879288 16.093235470 1.469927505 0.309479777 0.458719472 0.640723095 0.532233623
10135.698692213 33.710126022 16.106753650 1.466122777 0.309605075 0.461122982 0.641433469 0.529219612
10135.732052695 33.759534112 16.133108502 1.461377285 0.307887107 0.466814738 0.643823946 0.522283694
10135.765431014 33.802247786 16.156849348 1.461668160 0.306090644 0.470118729 0.646923678 0.516513943
10135.798822022 33.830993394 16.172581345 1.464490743 0.304387324 0.471885062 0.649677869 0.512436837
10135.832153071 33.872577216 16.195996110 1.471473036 0.303771614 0.471001178 0.654105510 0.507963265
10135.865521157 33.907910630 16.215991791 1.477086101 0.305766165 0.465066192 0.658548606 0.506492076
10135.898890496 33.928846152 16.229438941 1.479855776 0.305172159 0.461181372 0.662624992 0.505083968
10135.932254976 33.955142524 16.251513741 1.484552055 0.296914769 0.460160004 0.670792508 0.500131785
10135.965644226 33.978934587 16.275641548 1.488754022 0.282811951 0.462964066 0.680297486 0.492825531
10135.999001377 33.991211402 16.293309849 1.492779980 0.272435595 0.465141344 0.686744309 0.487652162
10136.032354570 34.013599816 16.318524971 1.494336459 0.258268297 0.468050364 0.695207970 0.480533269
10136.065759788 34.036206821 16.343065371 1.493337324 0.247350756 0.469746550 0.701910320 0.474844906
10136.099097889 34.051407261 16.361701561 1.492082516 0.240629673 0.470770259 0.705790206 0.471521907
10136.132467461 34.074464313 16.389328266 1.487201504 0.232441028 0.472349257 0.710161294 0.467470089
10136.165832875 34.099214313 16.419697094 1.480508573 0.225794578 0.473857740 0.713308512 0.464399201
10136.199190505 34.116727853 16.440535686 1.475094514 0.222340795 0.474691497 0.714800383 0.462917883
10136.232552018 34.140014310 16.473430600 1.465101868 0.218293700 0.475369600 0.716536183 0.461462352
10136.265941301 34.164908791 16.507466701 1.454769267 0.214236903 0.476395753 0.717924836 0.460145157
10136.299287533 34.183751898 16.532286387 1.449069406 0.210036449 0.478458453 0.718804084 0.458566123
10136.332659098 34.208892758 16.569889945 1.444768809 0.203746450 0.482067650 0.719905718 0.455888058
10136.366044812 34.233467998 16.614136484 1.442909544 0.198654066 0.484010669 0.721062843 0.454245100
10136.399409513 34.251991490 16.639133247 1.443930225 0.197097115 0.484255584 0.721717587 0.453622069
10136.432774513 34.281576520 16.681798960 1.447502874 0.198243108 0.481640918 0.723116671 0.453678274
10136.466127828 34.310557248 16.716432625 1.450631955 0.201898333 0.476580840 0.725014287 0.454380952
10136.499497888 34.327404840 16.735512120 1.451962513 0.203498740 0.473802205 0.726436248 0.454301784
10136.532856839 34.358579929 16.772369149 1.456956154 0.204737453 0.470660402 0.728955958 0.452973037
10136.566225793 34.385814906 16.806915607 1.464305594 0.207255024 0.468236927 0.729853717 0.452894123
10136.599590810 34.401467266 16.825721649 1.468207810 0.209507272 0.466902080 0.729776247 0.453360540
10136.632956242 34.432006530 16.862796850 1.474644197 0.213582461 0.465667614 0.728929027 0.454091048
10136.666345988 34.459723574 16.896555997 1.478129347 0.216763557 0.466250936 0.727526734 0.454233946
10136.699707170 34.480692610 16.920178571 1.479374796 0.218654198 0.467595046 0.726261318 0.453971048
10136.733076407 34.512758921 16.956822238 1.479679221 0.221121476 0.470956544 0.723947233 0.452996281
10136.766443380 34.544276342 16.992872086 1.478460853 0.223360423 0.475172543 0.721444807 0.451484845
10136.799836603 34.568733539 17.016903862 1.476510624 0.225273446 0.478134042 0.719657020 0.450259354
10136.833159744 34.599239719 17.048418740 1.472399405 0.228615072 0.481477450 0.717224449 0.448891639
10136.866531705 34.637780782 17.087505840 1.464768349 0.234068461 0.484316646 0.714525611 0.447328173
10136.899899903 34.658028374 17.107370632 1.461060568 0.236125680 0.485805789 0.713613948 0.446085791
10136.933259130 34.700249648 17.149628096 1.456556542 0.236854384 0.490686040 0.712858549 0.441542637
10136.966652444 34.739279967 17.185247022 1.456446022 0.238028983 0.493178507 0.713123314 0.437689734
10136.999999329 34.761591093 17.205575756 1.458068554 0.239009049 0.493869996 0.713769644 0.435315974
10137.033362475 34.798818432 17.241095689 1.463730548 0.240598595 0.493951903 0.715799545 0.430992860
10137.066747592 34.834001354 17.274508444 1.469954747 0.245171280 0.489400056 0.718652469 0.428855754
10137.100094125 34.852245254 17.294845817 1.473275019 0.247877672 0.485004002 0.721300851 0.427846772
10137.133460358 34.874148709 17.322040798 1.478498967 0.245568263 0.481582782 0.726376927 0.424441765
10137.166837345 34.897634601 17.354003971 1.485174719 0.235502565 0.481374829 0.733642659 0.417834016
10137.200201326 34.909448682 17.371378413 1.488750133 0.229201821 0.481631341 0.737577642 0.414097814
10137.233561726 34.933958607 17.405025871 1.493385852 0.217780115 0.481820333 0.744617607 0.407388766
10137.266934966 34.955311681 17.434092409 1.494412973 0.209469887 0.481365620 0.749874562 0.402613522
10137.300312916 34.970369275 17.450437531 1.494464668 0.205222739 0.481235487 0.752408728 0.400221363
10137.333668932 34.994813738 17.487248949 1.489951533 0.197428968 0.481190731 0.756764090 0.395961356
10137.367035112 35.014665531 17.517662526 1.484876945 0.192266366 0.481225093 0.759375763 0.393452036
10137.400393727 35.031755802 17.544877498 1.478705378 0.188133169 0.481560025 0.761165033 0.391578403
10137.433768483 35.051362638 17.581166875 1.469605443 0.183396536 0.482097613 0.762971141 0.389644247
10137.467133135 35.072514443 17.619813363 1.458463987 0.178755502 0.482919237 0.764421118 0.387937927
10137.500505730 35.087694388 17.647683183 1.451839305 0.174645521 0.484360797 0.765275860 0.386324240
10137.533864162 35.106790751 17.689475620 1.444902644 0.167063957 0.487987131 0.766303517 0.383062808
10137.567234436 35.126835312 17.731541328 1.443234470 0.160139350 0.491513959 0.766953848 0.380198910
10137.600605164 35.141880028 17.764737042 1.444893299 0.155777354 0.493914442 0.767277459 0.378242304
10137.633958973 35.163550686 17.810139117 1.451474430 0.153289066 0.495650023 0.767620813 0.376286865
10137.667327880 35.188557411 17.850235683 1.457672190 0.156436163 0.493671710 0.768256519 0.376294952
10137.700695935 35.203665170 17.872467153 1.460326413 0.159527581 0.491411585 0.768860532 0.376721498
10137.734060252 35.230177710 17.910786540 1.465375962 0.165151491 0.487774441 0.769919686 0.376861721
10137.767435280 35.256250557 17.948552658 1.473377050 0.169787956 0.485749520 0.770295588 0.376648590
10137.800818207 35.274159419 17.973588460 1.478776518 0.173211780 0.484519419 0.770197542 0.376874460
10137.834161636 35.298614717 18.007780090 1.485418105 0.177430880 0.483688929 0.769657722 0.377081283
10137.867531525 35.325733430 18.044934918 1.489520369 0.181834537 0.483827927 0.768588701 0.376985606
10137.900905716 35.354009347 18.081401344 1.490267800 0.187117207 0.484502545 0.766872371 0.377029445
10137.934267221 35.374396882 18.107050912 1.489481116 0.191065247 0.485325106 0.765427915 0.376926675
10137.967635892 35.404486542 18.144128318 1.486878305 0.196446348 0.487181233 0.763163027 0.376358170
10138.000997059 35.436363742 18.182058100 1.481649452 0.201949366 0.489392745 0.760793882 0.375371635
10138.034367668 35.456541921 18.204514791 1.477966419 0.205246049 0.490747980 0.759406601 0.374622602
10138.067750698 35.492457743 18.244578813 1.469952930 0.210420653 0.493041511 0.757511866 0.372570785
10138.101110917 35.526179845 18.282737469 1.464273965 0.210540122 0.497046170 0.756985072 0.368227597
10138.134475672 35.549873543 18.309335015 1.462509827 0.208056888 0.500870177 0.757248514 0.363890210
10138.167838403 35.588632224 18.350698038 1.463035878 0.204704870 0.505567409 0.758290880 0.357060852
10138.201210238 35.626089136 18.387876187 1.467100833 0.203831700 0.508041333 0.759479337 0.351479414
10138.234588243 35.650364459 18.412377996 1.470928618 0.205831641 0.507402025 0.760405532 0.349227644
10138.267929155 35.682307673 18.443790496 1.476076087 0.210293958 0.503720590 0.762209813 0.347962957
10138.301291007 35.707160607 18.474293634 1.480268220 0.209363659 0.500767299 0.765581710 0.345374601
10138.334673096 35.721595970 18.496087355 1.483856979 0.203783397 0.500396797 0.768883220 0.341897597
10138.368026323 35.741189416 18.527541969 1.489150641 0.192362566 0.500672899 0.774302296 0.335826215
10138.401405860 35.759570406 18.557846122 1.492548935 0.180438792 0.501227556 0.779466204 0.329613738
10138.434819689 35.773015688 18.578659967 1.493289963 0.173115062 0.501424666 0.782694818 0.325566125
10138.468126319 35.793152754 18.611618223 1.493327955 0.164577670 0.501038826 0.786830029 0.320581958
10138.501487723 35.813097438 18.644383983 1.490020291 0.158017487 0.500717247 0.789914946 0.316776089
10138.534870057 35.826870250 18.667701879 1.487043945 0.154311792 0.500648531 0.791481122 0.314796050
10138.568228205 35.847240438 18.704509968 1.481437414 0.150102114 0.500501620 0.793075603 0.313047237
10138.601589331 35.868046666 18.741537297 1.473524388 0.147576734 0.500262051 0.793827102 0.312725951
10138.634969155 35.881064702 18.767161284 1.466982360 0.146018763 0.500152898 0.794094365 0.312953254
10138.668318705 35.900264052 18.808417456 1.456374679 0.142095800 0.500660668 0.794376724 0.313230426
10138.701689683 35.918730168 18.852143823 1.448042534 0.134217995 0.503238756 0.794557350 0.312113604
10138.735072927 35.928119277 18.876824525 1.445372924 0.129092236 0.505208848 0.794541623 0.311131522
10138.768410757 35.944849815 18.923541912 1.442709441 0.122048354 0.507527934 0.794395736 0.310572068
10138.801794115 35.964443362 18.976027654 1.443315497 0.117750687 0.508176021 0.794427078 0.311090863
10138.835178059 35.977387631 19.007956809 1.445812392 0.117248405 0.507447847 0.794777230 0.311574466
10138.868509025 36.000145164 19.051596229 1.448746548 0.119979230 0.504138389 0.795771118 0.313365278
10138.901874803 36.024466706 19.093737079 1.451077673 0.123233027 0.499838568 0.797569000 0.314418061
10138.935284247 36.036957416 19.115828215 1.453078447 0.123585288 0.498461770 0.798557578 0.313955944
10138.968612891 36.060152730 19.162628781 1.460673186 0.125026041 0.496514466 0.799751482 0.313431718
10139.001996262 36.080714101 19.201434877 1.468159646 0.129375042 0.494649698 0.799737841 0.314647677
10139.035390591 36.093447435 19.222744623 1.471740473 0.131801440 0.494113091 0.799457349 0.315196100
10139.068729445 36.116922852 19.265980357 1.476236759 0.136195122 0.494144956 0.798469463 0.315781835
10139.102070242 36.140126408 19.306866167 1.477386319 0.140215265 0.495416928 0.797040068 0.315640424
10139.135457714 36.157754195 19.335223462 1.476335543 0.143081955 0.496978484 0.795714507 0.315243342
10139.168807335 36.182933368 19.376629913 1.473412206 0.147458765 0.499781537 0.793511585 0.314346454
10139.202170881 36.209940489 19.418691061 1.468690119 0.151965417 0.503169003 0.791039793 0.313023182
10139.235572482 36.229626479 19.448196943 1.464430774 0.155577130 0.505574653 0.789186968 0.312048002
10139.268902383 36.259466170 19.491149918 1.457216226 0.160319318 0.509136658 0.786737889 0.310033987
10139.302275286 36.285417305 19.528682706 1.452218856 0.160616793 0.513577917 0.785226639 0.306364317
10139.335674596 36.309028904 19.564558333 1.449966200 0.158227388 0.518669912 0.784285753 0.301399192
10139.369001357 36.337437053 19.605437879 1.449902544 0.155463646 0.523456472 0.783902550 0.295501555
10139.402367657 36.370132204 19.650711930 1.453599114 0.151568481 0.528095086 0.784350238 0.287988333
10139.435807089 36.389114012 19.677573732 1.456955094 0.150305844 0.529541167 0.785068803 0.284009295
10139.469101006 36.413352486 19.716023717 1.462717216 0.149462915 0.528861185 0.787415749 0.279182955
10139.502470760 36.431133108 19.750105526 1.468207937 0.142168364 0.528729537 0.791294048 0.272189206
10139.535862239 36.440266776 19.769635148 1.471417396 0.134744249 0.529340011 0.794035029 0.266742409
10139.569202264 36.455758115 19.806470600 1.477669953 0.118181926 0.530577643 0.799669179 0.255048233
10139.602569798 36.469981519 19.839535693 1.482579170 0.104367120 0.531122479 0.804544990 0.244384481
10139.635959366 36.479737189 19.861355994 1.484291420 0.097175019 0.531002112 0.807452013 0.237939108
10139.669298094 36.494930075 19.893708715 1.484174924 0.088564662 0.530273929 0.811534944 0.228859990
10139.702662267 36.510127311 19.926306621 1.482053345 0.082089259 0.529598301 0.814848655 0.220926827
10139.736045910 36.519585706 19.949541271 1.480263302 0.078399299 0.529282080 0.816720079 0.216060970
10139.769390735 36.535294671 19.985179200 1.475312029 0.074023138 0.528865836 0.819108791 0.209481005
10139.802762951 36.549557754 20.022546065 1.469059235 0.071219967 0.528312504 0.821105162 0.203960602
10139.836153493 36.556555566 20.048740947 1.463250672 0.069734131 0.527841840 0.822364604 0.200590631
10139.869492635 36.570975186 20.088502463 1.454660362 0.065588642 0.527696030 0.824082887 0.195249648
10139.902854090 36.577224087 20.130403953 1.448730213 0.059047038 0.528420054 0.825481095 0.189384942
10139.936234008 36.580443456 20.159623082 1.447158535 0.055312458 0.528784999 0.826293260 0.185920429
10139.969578170 36.587526334 20.204429760 1.447071403 0.051897955 0.528341393 0.827628730 0.182188529
10140.002947381 36.591353234 20.250153911 1.450791643 0.051155575 0.526886037 0.829208310 0.179409559
10140.036325374 36.594669378 20.275433631 1.453702598 0.052224236 0.525579771 0.830225045 0.178227123
10140.069698899 36.604627935 20.320186422 1.457921157 0.057021377 0.521758554 0.832644340 0.176691758
10140.103047909 36.615674612 20.362735609 1.460805580 0.062523386 0.517499438 0.835274749 0.174932136
10140.136421991 36.620542904 20.390555438 1.464499024 0.064422225 0.515586175 0.836672711 0.173203486
10140.169791791 36.631937678 20.424641756 1.468766424 0.065702639 0.514209165 0.837840506 0.171158946
10140.203147276 36.638637847 20.469440940 1.477287526 0.066611684 0.513455984 0.838726725 0.168710751
10140.236536593 36.643132165 20.496478490 1.480576830 0.066683754 0.513733665 0.838880552 0.167064113
10140.269872992 36.648652858 20.536260680 1.483215212 0.066790695 0.514961601 0.838635426 0.164451131
10140.303244445 36.653881302 20.577599316 1.483113416 0.067690266 0.517124022 0.837755629 0.161759945
10140.336631196 36.658689726 20.607202923 1.481813666 0.068861100 0.519141666 0.836762400 0.159933627
10140.369977858 36.665062678 20.652410596 1.479147691 0.070716165 0.522687791 0.834955524 0.156990353
10140.403348771 36.670135087 20.698144592 1.475597214 0.072315513 0.526821588 0.832868186 0.153492884
10140.436757832 36.674371410 20.730041105 1.472212950 0.073842074 0.529780421 0.831320806 0.150949564
10140.470072601 36.681006304 20.778781310 1.467624110 0.076009101 0.534205151 0.829013077 0.146917634
10140.503447010 36.689062718 20.827205642 1.463471839 0.075028578 0.539022958 0.826913325 0.141560292
10140.536844843 36.692615554 20.855634066 1.462550624 0.072687005 0.541920255 0.825878003 0.137711873
10140.570170419 36.700576945 20.908294514 1.463090827 0.067538777 0.546374489 0.824646166 0.129892774
10140.603543738 36.706671728 20.959362790 1.467697287 0.062141872 0.549124730 0.824492149 0.121709139
10140.636920051 36.711692000 20.991237511 1.471819015 0.059851704 0.549436314 0.825153300 0.116874039
10140.670270552 36.718246688 21.032591587 1.476558044 0.060473553 0.547141947 0.827301004 0.112034317
10140.703655172 36.722765407 21.070501561 1.479960843 0.058606317 0.543109935 0.830826186 0.106417794
10140.737028831 36.722955743 21.093605970 1.482400238 0.051977407 0.540812789 0.833502736 0.100464253
10140.770373563 36.720206696 21.128405172 1.487156293 0.035616159 0.537903555 0.837561641 0.088779232
10140.803782478 36.715110508 21.162008343 1.492101888 0.020532389 0.535547065 0.840634945 0.078106666
10140.837124260 36.714378934 21.181728351 1.493615123 0.014079458 0.534250463 0.842055623 0.072942031
10140.870469020 36.713104992 21.217440187 1.494801345 0.006802539 0.531971136 0.844227172 0.065122338
10140.903841952 36.710824461 21.256380709 1.494085005 0.003131484 0.530175124 0.845865804 0.058442910
10140.937211125 36.708958712 21.281009016 1.492689186 0.001379190 0.529542176 0.846512859 0.054764595
10140.970567680 36.705815530 21.319242528 1.488643441 -0.001530066 0.529298428 0.846982948 0.049605629
10141.003942997 36.700266124 21.357534544 1.482909975 -0.004415744 0.529648088 0.846994290 0.045321924
10141.037324841 36.694627964 21.384402613 1.477946956 -0.006345467 0.530063032 0.846855002 0.042772913
10141.070677039 36.683922445 21.423728814 1.469038033 -0.009275383 0.530557169 0.846687490 0.039285517
10141.104039727 36.671301506 21.464533424 1.459745953 -0.014417926 0.531225222 0.846377834 0.035163166
10141.137407691 36.661320832 21.492436874 1.455964436 -0.018469196 0.531700271 0.846115363 0.032287824
10141.170764156 36.645582112 21.532774192 1.452671637 -0.022802919 0.531657029 0.846162776 0.028799066
10141.204144529 36.629040942 21.572652743 1.453278095 -0.025308404 0.530202656 0.847089428 0.026155876
10141.237510491 36.620298959 21.594926215 1.455255688 -0.025718109 0.528690844 0.848069355 0.024554826
10141.270861869 36.605538672 21.638017886 1.460744895 -0.024471767 0.524107213 0.851043814 0.020909054
10141.304247866 36.593301275 21.672234710 1.463515933 -0.022449201 0.518690515 0.854492956 0.017261838
10141.337609686 36.585002667 21.695560160 1.465129451 -0.021944554 0.514861614 0.856877647 0.014023319
10141.370952444 36.572250658 21.727308188 1.469268077 -0.023516767 0.510586945 0.859456248 0.009104435
10141.404344034 36.559078782 21.758977067 1.475580994 -0.025353335 0.507623914 0.861190686 0.005076707
10141.437720676 36.549848435 21.781271776 1.479631023 -0.026397553 0.506281276 0.861959836 0.002771219
10141.471062151 36.536844716 21.814175962 1.483720247 -0.027851492 0.505294723 0.862497064 -0.000593589
10141.504424325 36.525330023 21.847664268 1.485907112 -0.029137837 0.505423933 0.862370039 -0.003943439
10141.537787238 36.516102915 21.871572792 1.485825928 -0.030356338 0.506225566 0.861841903 -0.006534729
10141.571148848 36.503243258 21.907143931 1.484894827 -0.034175478 0.508082826 0.860559475 -0.011012194
10141.604530543 36.490377883 21.939000813 1.482701394 -0.039286404 0.510406373 0.858893094 -0.015638588
10141.637898168 36.477669771 21.970114934 1.479816065 -0.044102645 0.513035726 0.856995883 -0.020183080
10141.671268612 36.462275423 22.010149218 1.474147649 -0.048058898 0.516462979 0.854573738 -0.025691617
10141.704669240 36.447151376 22.050626852 1.468874115 -0.049520794 0.519487446 0.852478020 -0.031011449
10141.738010555 36.438633829 22.074445551 1.465598538 -0.050219882 0.521285407 0.851219312 -0.034134608
10141.771347091 36.422177508 22.121787813 1.461682697 -0.052070454 0.524586728 0.848798191 -0.040485344
10141.804753305 36.406586671 22.165073445 1.461169645 -0.053953883 0.526835468 0.846975999 -0.046529822
10141.838079917 36.398234744 22.188037407 1.462439510 -0.055758009 0.527423776 0.846269332 -0.050432366
10141.871444600 36.382297413 22.234753760 1.468732723 -0.060161422 0.527304601 0.845400928 -0.060230651
10141.904829453 36.370180937 22.272718047 1.474530656 -0.058659543 0.525536585 0.846013129 -0.068059840
10141.938192865 36.361684415 22.297633460 1.477685916 -0.055594694 0.523220191 0.847232070 -0.073127844
10141.971544476 36.348820603 22.328810832 1.481121529 -0.055869554 0.518991749 0.849016573 -0.081835296
10142.004931032 36.332144641 22.359733821 1.485876214 -0.066433087 0.513573235 0.850191952 -0.094883197
10142.038290491 36.320146649 22.379826369 1.489465228 -0.075502699 0.509935607 0.850594100 -0.103704854
10142.071642635 36.303529357 22.408374924 1.494090914 -0.086351457 0.505525776 0.850834595 -0.114313636
10142.105016801 36.286708145 22.437228203 1.494953714 -0.094797968 0.502313140 0.850601026 -0.123177711
10142.138380026 36.269139879 22.468119862 1.494651720 -0.102374432 0.499846247 0.849946726 -0.131391656
10142.171747486 36.257291485 22.489003568 1.492858978 -0.106778326 0.498734559 0.849299577 -0.136207401
10142.205124942 36.236470633 22.521095644 1.490179078 -0.112670333 0.497586760 0.848182816 -0.142473590
10142.238488164 36.214912044 22.553225160 1.485776566 -0.117527735 0.497190923 0.846942325 -0.147231506
10142.271834616 36.199067940 22.575921463 1.481368391 -0.120118732 0.497105702 0.846145286 -0.149985216
10142.305217603 36.175441700 22.608588708 1.473784208 -0.123302364 0.496928801 0.845183417 -0.153373029
10142.338570996 36.149145146 22.643013025 1.465976537 -0.127260975 0.496664917 0.844138197 -0.156714097
10142.371931358 36.131145100 22.666352216 1.462506146 -0.130264237 0.496452375 0.843407460 -0.158839931
10142.405313701 36.101704385 22.700836063 1.459613272 -0.134167997 0.496084024 0.842497889 -0.161545341
10142.438682114 36.075277036 22.730172087 1.460927000 -0.135360225 0.495423397 0.842432751 -0.162912021
10142.472031540 36.052478811 22.757314361 1.462795593 -0.134003519 0.494692508 0.842992736 -0.163357356
10142.505398955 36.023378247 22.793131537 1.467088940 -0.128691832 0.493273634 0.844695961 -0.163120409
10142.538766100 35.996947927 22.828355933 1.470354765 -0.121809324 0.490807988 0.847240068 -0.162647702
10142.572126322 35.979783448 22.852271737 1.471024895 -0.117739347 0.488556861 0.849136228 -0.162534016
10142.605516758 35.954068455 22.885395543 1.472544459 -0.114920381 0.485528612 0.851222984 -0.162710492
10142.638858237 35.927678005 22.918029664 1.478804988 -0.113432458 0.484010109 0.852628770 -0.160908275
10142.672228961 35.908934438 22.940756201 1.483732072 -0.111063897 0.484187483 0.853464726 -0.157560316
10142.705644119 35.881306223 22.974639624 1.490162390 -0.107006466 0.485590644 0.854430132 -0.150666822
10142.738960486 35.854586674 23.008112687 1.493495616 -0.105478659 0.487286349 0.854754574 -0.144294439
10142.772323722 35.835769869 23.031735420 1.494144057 -0.105726858 0.488621777 0.854581277 -0.140575359
10142.805713388 35.809053664 23.066219717 1.493743899 -0.105911535 0.491016825 0.853944194 -0.135884278
10142.839061349 35.783656751 23.103306662 1.491472695 -0.105172327 0.494153048 0.852939171 -0.131325235
10142.872428592 35.766278105 23.129516706 1.489917762 -0.104000432 0.496573586 0.852151588 -0.128203956
10142.905797062 35.742663308 23.170506109 1.486339352 -0.100969492 0.500369620 0.851008452 -0.123369443
10142.939168412 35.721298635 23.211506779 1.481995923 -0.095914362 0.503776037 0.850259911 -0.118609542
10142.972523832 35.707414125 23.241030854 1.478376511 -0.092157636 0.505704255 0.849919048 -0.115792006
10143.005911958 35.687832367 23.284118001 1.474519424 -0.089121109 0.507707558 0.849379922 -0.113332307
10143.039257366 35.668432028 23.328337510 1.473056505 -0.087185692 0.509062003 0.848992134 -0.111655220
10143.072640685 35.656090087 23.356545622 1.473607407 -0.085520144 0.509390041 0.849087339 -0.110719381
10143.106009834 35.638124075 23.400012031 1.476943110 -0.082503905 0.508678949 0.849945561 -0.109687623
10143.139360409 35.621980997 23.438197697 1.480680853 -0.076550511 0.506736500 0.851940606 -0.107495782
10143.172732629 35.612054628 23.464295779 1.482291733 -0.070349998 0.504316476 0.854192916 -0.105215173
10143.206085333 35.597209528 23.498985485 1.484905164 -0.064680719 0.499638775 0.857671568 -0.102844448
10143.239459946 35.579652891 23.530226532 1.488374556 -0.066838778 0.494087011 0.860731104 -0.102725699
10143.272820812 35.570288271 23.546037531 1.490213894 -0.069474106 0.491248914 0.862132987 -0.102832708
10143.306199482 35.550629963 23.578748316 1.493701117 -0.073765218 0.486793270 0.864412850 -0.101889304
10143.339544028 35.530847102 23.611039303 1.495909605 -0.075899612 0.483998411 0.866070230 -0.099534633
10143.372912254 35.517827988 23.632299074 1.496802393 -0.076185634 0.482959413 0.866870463 -0.097373274
10143.406288145 35.498602053 23.664846816 1.495997389 -0.075611401 0.482698922 0.867523138 -0.093210898
10143.439659575 35.477676839 23.699558776 1.494405215 -0.073726970 0.483603258 0.867769561 -0.087568333
10143.473032984 35.462218643 23.724509152 1.493616589 -0.071593746 0.484803331 0.867756203 -0.082699690
10143.506385356 35.440227944 23.760201831 1.489795012 -0.066781459 0.487165310 0.867565034 -0.074438629
10143.539746887 35.417512733 23.796101849 1.484247603 -0.061267325 0.489608629 0.867341725 -0.065176964
10143.573110322 35.400183940 23.822019023 1.479937283 -0.058223582 0.491317927 0.867055799 -0.058574308
10143.606479948 35.374880261 23.858320873 1.474000067 -0.055692089 0.493584271 0.866492874 -0.049629215
10143.639850885 35.347709279 23.894163282 1.471051804 -0.053819901 0.495942350 0.865729361 -0.040709671
10143.673207798 35.331505578 23.913562614 1.470165746 -0.051809853 0.497141209 0.865410392 -0.035088608
10143.706584804 35.299606408 23.953643854 1.470442266 -0.044515557 0.498878875 0.865223457 -0.022947816
10143.739946079 35.272275782 23.987889554 1.472946900 -0.035489614 0.499486856 0.865516987 -0.011563452
10143.773312131 35.257853818 24.006966355 1.474487635 -0.029389331 0.499327299 0.865900170 -0.005040911
10143.806694216 35.229823488 24.045258959 1.476027948 -0.016459056 0.497919391 0.867031463 0.007862688
10143.840043131 35.205757334 24.077147862 1.476978027 -0.007853036 0.496840665 0.867624600 0.017754920
10143.873406221 35.189532829 24.097854763 1.478645920 -0.004194400 0.496768589 0.867543985 0.023891634
10143.906783183 35.167742970 24.124725910 1.482167175 -0.000701496 0.497583359 0.866824157 0.032034192
10143.940144233 35.140554554 24.158403450 1.486815952 0.002682177 0.499863399 0.865069053 0.042248335
10143.973507322 35.124102870 24.177621382 1.489364679 0.003927849 0.501861731 0.863606328 0.047994640
10144.006881037 35.100770007 24.206947313 1.492253745 0.004802496 0.505635581 0.860963828 0.055234783
10144.040253873 35.079150731 24.235217999 1.494090658 0.005224157 0.509813450 0.858113932 0.060855842
10144.073608547 35.067265997 24.251020917 1.494730144 0.004983945 0.512372907 0.856417473 0.063231921
10144.106978023 35.044865591 24.281655126 1.495155327 0.003373880 0.517705315 0.853028647 0.065665442
10144.140345745 35.024927422 24.309755382 1.494894088 0.000664530 0.522637099 0.850031307 0.065549965
10144.173708414 35.012973696 24.327882085 1.494278979 -0.001009329 0.525640362 0.848254487 0.064540811
10144.207080913 34.995020256 24.356223850 1.492303970 -0.002832389 0.530052843 0.845714882 0.061662783
10144.240445976 34.980197676 24.380767221 1.489632347 -0.003916289 0.533620419 0.843739904 0.057765771
10144.273807422 34.968421657 24.401319011 1.487660066 -0.004751145 0.536294457 0.842300055 0.053817284
10144.307180326 34.954793925 24.424210730 1.486546240 -0.006211088 0.539161787 0.840804580 0.048100403
10144.340545357 34.937669070 24.451353916 1.485840245 -0.010206596 0.541730982 0.839583856 0.039016883
10144.373903257 34.928438748 24.465245682 1.486174569 -0.013779666 0.542624542 0.839240913 0.032301967
10144.407278526 34.911914284 24.489332943 1.487738587 -0.022499189 0.543484366 0.838956477 0.016448689
10144.440639439 34.898167572 24.509890271 1.491118046 -0.030884534 0.542963962 0.839187222 -0.001043137
10144.474009246 34.889597885 24.523073830 1.493825206 -0.036810780 0.541923456 0.839499575 -0.014296785
10144.507372471 34.877282268 24.540758864 1.497348233 -0.047739744 0.539356890 0.839956717 -0.035885597
10144.540748078 34.864260200 24.554714735 1.500451466 -0.064787197 0.535708323 0.839715116 -0.060809007
10144.574104656 34.856085045 24.561962341 1.502265348 -0.077724595 0.533195851 0.838934026 -0.076490332
10144.607473254 34.841308551 24.574274463 1.505568584 -0.103145910 0.528029714 0.836243874 -0.106027005
10144.640842673 34.829221356 24.583156079 1.507056424 -0.124012736 0.523117747 0.832856524 -0.131600434
10144.674208654 34.820773450 24.590980274 1.507315101 -0.137532748 0.519713050 0.829916797 -0.149067769
10144.707570147 34.809368448 24.600478119 1.505900266 -0.155377746 0.514897616 0.824978161 -0.173635349
10144.740930501 34.796313221 24.611552620 1.504109924 -0.171964086 0.510170476 0.819131787 -0.197933206
10144.774311956 34.787810522 24.619049581 1.502732310 -0.181029002 0.507557345 0.815428743 -0.211400110
10144.807682374 34.769896194 24.631651967 1.501185446 -0.197556753 0.502574336 0.807960877 -0.235774442
10144.841043025 34.754084533 24.642686826 1.498164388 -0.209977287 0.498464199 0.801810483 -0.254053008
10144.874425260 34.737623030 24.653137536 1.494509358 -0.221296559 0.494261339 0.795843164 -0.270863841
10144.907765731 34.713880923 24.666979617 1.489547340 -0.234947790 0.488650366 0.788243307 -0.291020352
10144.941128659 34.689288296 24.677835549 1.484165214 -0.247030633 0.483209479 0.780847968 -0.309452609
10144.974504665 34.670560073 24.685817963 1.481074598 -0.253759709 0.479976589 0.775962107 -0.321109470
10145.007865858 34.641878484 24.697459506 1.479002671 -0.260918941 0.476518450 0.769420829 -0.335921212
10145.041228587 34.610016662 24.708008788 1.480396133 -0.267235626 0.473795399 0.763003576 -0.349182737
10145.074604991 34.590221060 24.713090292 1.483579928 -0.270460783 0.472486392 0.759540279 -0.355958058
10145.107964438 34.549905394 24.723842994 1.493112166 -0.273096631 0.471715117 0.753765971 -0.367069394
10145.141326180 34.514457980 24.735264678 1.502338149 -0.271368276 0.472702753 0.750040648 -0.374633678
10145.174724813 34.490329511 24.743369851 1.507213887 -0.268972794 0.473638289 0.747926291 -0.379376688
10145.208065399 34.456436890 24.754788211 1.511841301 -0.264889988 0.474831839 0.745178615 -0.386104713
10145.241428230 34.421423336 24.766074623 1.515754541 -0.263498215 0.475327298 0.741687249 -0.393106442
10145.274811183 34.397974950 24.772654292 1.519049514 -0.264489605 0.475380374 0.739026582 -0.397364392
10145.308159953 34.360512396 24.779439205 1.522701862 -0.267137704 0.475913826 0.735192525 -0.402039087
10145.341519355 34.323775338 24.786028492 1.525989703 -0.269912820 0.477545313 0.731787632 -0.404455690
10145.374909372 34.296142057 24.791454880 1.526594500 -0.272319495 0.479026749 0.729551347 -0.405129978
10145.408253652 34.256907577 24.798474315 1.525744370 -0.276173866 0.481490905 0.726163094 -0.405686658
10145.441634325 34.215891356 24.806102853 1.524039636 -0.280512708 0.484518392 0.722335913 -0.405937651
10145.475009065 34.187264807 24.811937888 1.522343557 -0.283355451 0.486988926 0.719672996 -0.405736680
10145.508359688 34.146074592 24.822147024 1.519627357 -0.286818238 0.491019968 0.716022662 -0.404902750
10145.541715525 34.105442565 24.834961847 1.515671453 -0.288809683 0.495317356 0.712820937 -0.403900973
10145.575129382 34.079369886 24.842713890 1.511242421 -0.288915802 0.498080515 0.710872207 -0.403861566
10145.608460259 34.041419179 24.856956972 1.505157936 -0.289852707 0.500260319 0.708030267 -0.405485097
10145.641822413 34.002655553 24.871218549 1.500831173 -0.294127530 0.499181944 0.704249655 -0.410291124
10145.675212768 33.976427276 24.880880866 1.499591228 -0.297160830 0.497281803 0.701837822 -0.414523728
10145.708554550 33.940464528 24.894884673 1.500129065 -0.300569254 0.492972149 0.699127796 -0.421730849
10145.741942189 33.905624184 24.909776545 1.505005761 -0.302149051 0.487563637 0.697718950 -0.429157217
10145.775314068 33.883497731 24.918911514 1.509139739 -0.300095445 0.484325199 0.698295999 -0.433306500
10145.808665918 33.856274891 24.928302279 1.512950415 -0.295431783 0.479684265 0.700171181 -0.438615304
10145.842013538 33.829786651 24.934798748 1.516171725 -0.295289608 0.472419642 0.700772483 -0.445580135
10145.875419757 33.810020730 24.938446186 1.519199812 -0.298786659 0.465522550 0.700096819 -0.451530432
10145.908746525 33.780470121 24.942165172 1.521922768 -0.305314944 0.456024627 0.698312500 -0.459547578
10145.942112393 33.753782574 24.945546059 1.524190849 -0.310010064 0.449481665 0.696745953 -0.465193584
10145.975508311 33.730286901 24.949515586 1.524912365 -0.312542417 0.445710970 0.695559299 -0.468888292
10146.008852176 33.694859140 24.956088894 1.523956605 -0.314423332 0.443080942 0.694119994 -0.472244302
10146.042227109 33.660346429 24.960730666 1.521685782 -0.316497584 0.441749509 0.692503083 -0.474474584
10146.075664204 33.634268328 24.963823002 1.520251685 -0.318338485 0.441156889 0.691395260 -0.475409090
10146.108949248 33.595230280 24.967295473 1.516723483 -0.321170562 0.440929303 0.689982684 -0.475767501
10146.142313890 33.553589037 24.969875581 1.512112264 -0.324065244 0.441052510 0.688869952 -0.475302631
10146.175711467 33.525741524 24.969907261 1.508716373 -0.326000087 0.441020570 0.688318687 -0.474807525
10146.209048400 33.482293561 24.969165900 1.501982914 -0.328847966 0.440864776 0.687900410 -0.473592958
10146.242409210 33.440049287 24.966173457 1.496172692 -0.330980501 0.440882558 0.688196077 -0.471657331
10146.275797780 33.409746857 24.962838915 1.493105920 -0.332110453 0.440948342 0.688816785 -0.469892161
10146.309140559 33.366833509 24.957208451 1.490719564 -0.332784476 0.441259784 0.690321471 -0.466905303
10146.342502157 33.321736951 24.950364417 1.490401570 -0.331927298 0.441427711 0.692867256 -0.463573953
10146.375902691 33.278273478 24.944039212 1.492781397 -0.328456202 0.442043658 0.696192149 -0.460467611
10146.409243367 33.250076747 24.939550647 1.495197307 -0.324373761 0.442945738 0.698801059 -0.458538783
10146.442608436 33.209573212 24.936031421 1.497379523 -0.317555876 0.444114597 0.702526252 -0.456483687
10146.475996571 33.167990320 24.934374419 1.499058849 -0.311263266 0.445150330 0.705688204 -0.454929140
10146.509336695 33.139994088 24.934451908 1.501489571 -0.307744204 0.446236442 0.707495244 -0.453450132
10146.542702396 33.099842826 24.933633182 1.507454635 -0.302833758 0.448886257 0.710270728 -0.449786989
10146.576086704 33.061200828 24.932851837 1.513241289 -0.299499471 0.451667051 0.712706520 -0.445360931
10146.609436473 33.034466046 24.931664397 1.516429922 -0.298938580 0.452995157 0.713842080 -0.442561407
10146.642805219 32.995715474 24.929664822 1.518889855 -0.300506476 0.454376124 0.714366649 -0.439224870
10146.676207798 32.954749388 24.928729618 1.519513315 -0.302917441 0.456362147 0.714013178 -0.436073155
10146.709535032 32.929994764 24.927576050 1.519249576 -0.304338191 0.458340653 0.713357615 -0.434077210
10146.742899109 32.887073380 24.930366546 1.517817268 -0.306510521 0.462123477 0.711842320 -0.431014738
10146.776291076 32.845800579 24.934533857 1.515941285 -0.308222978 0.466572616 0.709962137 -0.428091526
10146.809650328 32.817100288 24.938151860 1.513857741 -0.308711895 0.470094857 0.708691550 -0.425986007
10146.842994488 32.778072923 24.944116267 1.510017498 -0.308021021 0.475346997 0.707124679 -0.423252845
10146.876377163 32.737446457 24.951687307 1.505582484 -0.308584051 0.479013584 0.704781148 -0.422617325
10146.909732459 32.711714230 24.955932162 1.503310104 -0.310763656 0.480070187 0.702361682 -0.423847417
10146.943104050 32.673586342 24.963376628 1.502027365 -0.313825254 0.481066612 0.698855726 -0.426250277
10146.976483773 32.636417594 24.972696673 1.502101774 -0.314439113 0.482060330 0.696168456 -0.429063355
10147.009828765 32.612361973 24.979145524 1.502797704 -0.314746683 0.481528179 0.694374926 -0.432329274
10147.043196666 32.578866692 24.988530869 1.505803500 -0.315504446 0.478255094 0.692002754 -0.439159651
10147.076635332 32.547803795 24.997598383 1.509710517 -0.312530017 0.474401508 0.691796415 -0.445741986
10147.109927918 32.529093187 25.002513955 1.511660345 -0.308669593 0.471845964 0.692781900 -0.449597273
10147.143293844 32.500642475 25.009089405 1.513543060 -0.304191257 0.465840380 0.694529477 -0.456167979
10147.176682763 32.471862389 25.012800879 1.515698508 -0.305459349 0.456217375 0.694973702 -0.464297154
10147.210029462 32.455332741 25.013440631 1.517376026 -0.308383737 0.449337105 0.694675422 -0.469490889
10147.243401553 32.423966095 25.015164715 1.519025256 -0.313748456 0.437955580 0.693953107 -0.477688079
10147.276789665 32.394944510 25.017146113 1.519442525 -0.317309900 0.430140517 0.693503168 -0.483059954
10147.310139784 32.374527884 25.018527383 1.519093142 -0.318616100 0.426390413 0.693484023 -0.485545988
10147.343499919 32.347439057 25.020824077 1.518103946 -0.318486044 0.423664650 0.693978064 -0.487308271
10147.376895939 32.313023662 25.023011420 1.516163841 -0.317877386 0.422184378 0.694859260 -0.487734484
10147.410231847 32.289574421 25.023882995 1.514537510 -0.317491398 0.421814774 0.695611517 -0.487233132
10147.443644779 32.254125732 25.024366341 1.510838193 -0.316682749 0.422171046 0.697094023 -0.485328308
10147.476984605 32.218351481 25.024006384 1.505069378 -0.315443951 0.423207683 0.699052497 -0.482406444
10147.510330550 32.192248592 25.023237360 1.500118748 -0.314579095 0.423999522 0.700682161 -0.479905103
10147.543702098 32.152973558 25.020281902 1.492860578 -0.313965454 0.424904642 0.703045483 -0.476034440
10147.577104361 32.112577287 25.015707347 1.486753104 -0.313661793 0.425927782 0.705958636 -0.470982173
10147.610423846 32.090283364 25.013328493 1.484701937 -0.313188109 0.426712210 0.707799084 -0.467814444
10147.643798756 32.042057176 25.007330529 1.482719252 -0.310587301 0.428871715 0.712685235 -0.460091661
10147.677165987 32.001473646 25.001097941 1.484377128 -0.306389543 0.431267962 0.717891668 -0.452509610
10147.710524624 31.973237014 24.997524839 1.487254346 -0.301923773 0.433559820 0.721956401 -0.446818614
10147.743895454 31.932213748 24.994547013 1.491525308 -0.292483667 0.437836882 0.728780425 -0.437757081
10147.777273389 31.891411864 24.991539640 1.493750460 -0.279930813 0.443065164 0.736755257 -0.427227915
10147.810636201 31.862134850 24.991824997 1.495334813 -0.271146626 0.447024368 0.742203226 -0.419264944
10147.844004194 31.820884150 24.991970556 1.499115797 -0.258554152 0.453663593 0.750044210 -0.405922133
10147.877390678 31.780241092 24.991793128 1.504498280 -0.246508768 0.461035821 0.758101391 -0.389822627
10147.910719378 31.751771181 24.990500245 1.508360279 -0.238617087 0.466194855 0.763843639 -0.377183164
10147.944106963 31.710129244 24.989592396 1.512724431 -0.228808506 0.473143661 0.771644902 -0.358253944
10147.977464435 31.667555850 24.988939512 1.514669756 -0.220585006 0.479708518 0.778888884 -0.338458416
10148.010821017 31.638450950 24.989255372 1.515526412 -0.215343081 0.483922188 0.783480099 -0.324970164
10148.044208454 31.595783493 24.990602353 1.515261078 -0.206744480 0.490857017 0.790041824 -0.303562227
10148.077565341 31.555050875 24.993892233 1.514185197 -0.197282559 0.497857534 0.796240266 -0.281458535
10148.110917102 31.526018237 24.996898332 1.512947827 -0.189831083 0.502753428 0.800483710 -0.265384589
10148.144307885 31.485848698 25.001976300 1.511147849 -0.177757537 0.509396299 0.806589674 -0.241517633
10148.177703611 31.446234726 25.008933327 1.508266685 -0.163927052 0.515399502 0.812819354 -0.216369991
10148.211023338 31.419539362 25.014219587 1.505873509 -0.154159852 0.518776466 0.816944596 -0.199266771
10148.244389163 31.380780090 25.022581513 1.502769040 -0.139989804 0.522769745 0.822503205 -0.174937491
10148.277769187 31.344148807 25.032381476 1.499804825 -0.125154524 0.525765961 0.827730837 -0.150891224
10148.311121021 31.325452439 25.038334588 1.498519251 -0.116335237 0.527150076 0.830491011 -0.137344788
10148.344510785 31.286258532 25.051185827 1.495887874 -0.098769680 0.528915457 0.835548560 -0.111137724
10148.377874638 31.254406710 25.062439408 1.494810215 -0.084087346 0.529638391 0.839201441 -0.090296372
10148.411217940 31.238273031 25.068793548 1.495247239 -0.075221641 0.529857666 0.841044936 -0.078968187
10148.444638149 31.209321598 25.081788526 1.498374604 -0.056982978 0.530354141 0.843810844 -0.058827588
10148.477962278 31.180094399 25.094952923 1.502077275 -0.035200779 0.530497783 0.846089207 -0.038289174
10148.511315148 31.165073669 25.101590160 1.503813303 -0.024107018 0.530356438 0.846968882 -0.028010951
10148.544693016 31.137498351 25.114966427 1.507769693 -0.006394487 0.530068902 0.847877280 -0.009496699
10148.578056966 31.112764045 25.125175130 1.511113526 0.003798688 0.529956093 0.848002661 0.004857584
10148.611419782 31.095320275 25.132326684 1.512897151 0.008327234 0.530079712 0.847790386 0.014057656
10148.644816752 31.071909427 25.141898874 1.516351720 0.012324941 0.530911690 0.846925095 0.026434017
10148.678165749 31.048627073 25.152164723 1.519527535 0.015142216 0.532410119 0.845475762 0.038482637
10148.711518729 31.032547703 25.159578024 1.520964816 0.017433753 0.533712884 0.844199155 0.046630564
10148.744887702 31.011476547 25.169734180 1.523294171 0.022116784 0.535605351 0.842161258 0.058328127
10148.778289583 30.992421534 25.179800134 1.526028008 0.027922610 0.537377858 0.840001243 0.069593663
10148.811625492 30.981949123 25.185394340 1.527062457 0.031636839 0.538257890 0.838755790 0.075936016
10148.844992435 30.962527637 25.195706180 1.528294855 0.039545139 0.539427688 0.836467445 0.088182567
10148.878352454 30.945683466 25.203465719 1.529311309 0.044991688 0.540162205 0.834625088 0.097987260
10148.911719291 30.934260945 25.208189003 1.529808338 0.046927724 0.540600782 0.833551689 0.103634771
10148.945102052 30.916897463 25.213080105 1.530010340 0.048400729 0.540925464 0.832330986 0.110824825
10148.978468589 30.900523037 25.217069738 1.529792607 0.049526204 0.540977575 0.831387010 0.116987427
10149.011827204 30.891685498 25.219367529 1.529815845 0.050079952 0.540912230 0.830966484 0.120002750
10149.045202858 30.874359281 25.221802372 1.529154896 0.051074044 0.540722510 0.830350701 0.124612692
10149.078557740 30.858908149 25.222716649 1.528690698 0.052127065 0.540545502 0.829927876 0.127722551
10149.111916360 30.850475616 25.222535321 1.528394353 0.052413939 0.540456020 0.829809788 0.128746980
10149.145289187 30.834075867 25.222726806 1.527931833 0.051923547 0.540492342 0.829769212 0.129054363
10149.178661399 30.817227806 25.221304579 1.527737065 0.050105491 0.540800132 0.829926477 0.127462546
10149.212015287 30.805942594 25.219824824 1.527312971 0.047940434 0.541184937 0.830153505 0.125162843
10149.245398285 30.790193342 25.216153723 1.527824528 0.043747977 0.542204229 0.830417452 0.120447269
10149.278761990 30.772975229 25.210650278 1.528210412 0.037374577 0.543705026 0.830801133 0.112948936
10149.312129539 30.763483608 25.207392594 1.528513435 0.033277674 0.544722647 0.830979302 0.107903819
10149.345487051 30.744416859 25.199774993 1.528334656 0.024487529 0.546996499 0.831204828 0.096403969
10149.378847387 30.727601980 25.192003218 1.527915835 0.016148133 0.549171886 0.831246596 0.084726468
10149.412212112 30.715693274 25.185801362 1.527517897 0.009591037 0.550890867 0.831097439 0.075526894
10149.445623590 30.698505378 25.175545773 1.528411703 -0.000956553 0.553584677 0.830563160 0.060892758
10149.478941748 30.681580530 25.165530276 1.529820943 -0.011212331 0.556111085 0.829768751 0.045810102
10149.512310494 30.670532699 25.158169878 1.530385325 -0.017975657 0.557683946 0.829121395 0.034974337
10149.545700796 30.655944027 25.146980128 1.531476025 -0.026989336 0.559550666 0.828123502 0.019649273
10149.579056596 30.639836363 25.135353745 1.530872441 -0.037429358 0.561225615 0.826815629 0.000875664
10149.612409886 30.630619857 25.128430726 1.530152884 -0.044509022 0.562014279 0.825846118 -0.011708371
10149.645787496 30.616045822 25.118509529 1.529369404 -0.056234178 0.562735703 0.824105720 -0.031874893
10149.679150590 30.601011276 25.110342836 1.530358105 -0.068470852 0.562705605 0.822180614 -0.051895880
10149.712511656 30.591567537 25.104696076 1.530815602 -0.077410511 0.562083168 0.820802105 -0.065985071
10149.745882482 30.577343153 25.097132731 1.532070818 -0.091048447 0.560039355 0.818926190 -0.086174222
10149.779243199 30.564200245 25.090077469 1.532662839 -0.105570633 0.557011171 0.816960548 -0.105682832
10149.812620065 30.552752741 25.084897675 1.532147709 -0.119061057 0.553597018 0.815017172 -0.122889443
10149.845993150 30.537890735 25.079653846 1.530310258 -0.136654385 0.548653388 0.812032735 -0.144595563
10149.879346956 30.524221980 25.076384763 1.527457687 -0.152063285 0.544009224 0.808781907 -0.163714838
10149.912722011 30.511799356 25.074473471 1.524749582 -0.164912494 0.539845850 0.805630606 -0.179804486
10149.946081195 30.496352614 25.075068361 1.521520772 -0.180274957 0.535094987 0.801007863 -0.198898714
10149.979448212 30.478849055 25.077389884 1.518643667 -0.193760510 0.531014412 0.795943395 -0.216690264
10150.012812892 30.465890423 25.080235415 1.517335991 -0.201492825 0.528822080 0.792399393 -0.227708258
10150.046181733 30.451445757 25.086629634 1.515189258 -0.210086963 0.526658486 0.787743917 -0.240736014
10150.079572604 30.428879793 25.096285982 1.512340296 -0.219763511 0.524196560 0.781592333 -0.256973521
10150.112907628 30.416644379 25.101855169 1.510876615 -0.224462497 0.522898824 0.778335008 -0.265307411
10150.146302347 30.391134099 25.115175006 1.508118577 -0.233757641 0.520109242 0.771722490 -0.281581499
10150.179659531 30.366460561 25.128785567 1.506713242 -0.241527976 0.517325442 0.765648512 -0.296346048
10150.213007118 30.350071661 25.138797949 1.506217782 -0.246187039 0.515263935 0.761628338 -0.306296089
10150.246374121 30.325631671 25.154582750 1.507132875 -0.252393028 0.511842419 0.755901167 -0.320824755
10150.279742113 30.299504949 25.170671673 1.511475096 -0.256890488 0.508290271 0.750741053 -0.334718014
10150.313105989 30.285473498 25.179559452 1.515289818 -0.257436223 0.506624661 0.748521824 -0.341720826
10150.346479766 30.257480983 25.196881077 1.522100925 -0.255137435 0.503752093 0.745594795 -0.353874441
10150.379845456 30.234192035 25.209760403 1.527137588 -0.254758823 0.499616993 0.743188857 -0.364898787
10150.413211768 30.217842020 25.216766739 1.530642932 -0.257866525 0.495138813 0.740780964 -0.373612064
10150.446604365 30.193692734 25.225392088 1.534974471 -0.265036779 0.487488805 0.736690244 -0.386519928
10150.479952262 30.168775875 25.234142805 1.537427023 -0.271842242 0.480780892 0.732527729 -0.397938004
10150.513303347 30.151497094 25.240310006 1.538643717 -0.275760289 0.476948258 0.729725017 -0.404941997
10150.546678113 30.127665084 25.248408160 1.539802909 -0.280508600 0.472909143 0.725880906 -0.413241792
10150.580041745 30.097678187 25.257831435 1.540154857 -0.284927289 0.470024170 0.721504892 -0.421099050
10150.613408566 30.069045599 25.265874087 1.539580532 -0.288662825 0.468490016 0.717630226 -0.426846269
10150.646774333 30.048666559 25.270828430 1.538752459 -0.291489230 0.467787528 0.715002142 -0.430093938
10150.680147345 30.015682827 25.277994227 1.536682690 -0.295985404 0.467348422 0.711086630 -0.433974537
10150.713507332 29.981336895 25.283831944 1.533266495 -0.299402657 0.468122075 0.707868585 -0.436052564
10150.746876151 29.964991971 25.286858518 1.530835339 -0.300140800 0.468984786 0.706716406 -0.436486760
10150.780249119 29.926184074 25.294019664 1.524411844 -0.299690495 0.471954970 0.705298602 -0.435887594
10150.813615067 29.884495128 25.300079446 1.517416483 -0.297975918 0.475197002 0.704847844 -0.434266828
10150.846976699 29.859389525 25.302039915 1.513985049 -0.297363634 0.476495656 0.704796769 -0.433345443
10150.880340868 29.822550335 25.304543192 1.510806483 -0.297045523 0.477383034 0.704974545 -0.432296527
10150.913708289 29.779448928 25.305597270 1.509369158 -0.296111434 0.477378334 0.706312284 -0.430756198
10150.947078973 29.755897788 25.305760841 1.510246702 -0.294949336 0.477224174 0.707619373 -0.429577467
10150.980437775 29.711247013 25.305971941 1.515503460 -0.291308474 0.476742575 0.710906145 -0.427163135
10151.013804287 29.673304141 25.306883654 1.521484090 -0.287589855 0.475578567 0.713886177 -0.426008953
10151.047178046 29.648208692 25.308810455 1.524848853 -0.285052787 0.474715202 0.715629978 -0.425751243
10151.080552841 29.613178071 25.312724184 1.528606352 -0.279201066 0.474506364 0.718339268 -0.425298920
10151.113907126 29.582403396 25.317257662 1.532808875 -0.271093765 0.475995468 0.721413614 -0.423673084
10151.147274957 29.561703801 25.320551537 1.536735695 -0.264946021 0.477692881 0.723438672 -0.422196169
10151.180634819 29.533087307 25.326599819 1.543580937 -0.257108958 0.480446296 0.725508613 -0.420361264
10151.214004307 29.503858573 25.334080003 1.551029594 -0.251157525 0.483089974 0.726488163 -0.419236118
10151.247372015 29.484725317 25.340282508 1.555512591 -0.247848925 0.484891576 0.726640117 -0.418861803
10151.280754761 29.459960822 25.349674466 1.560262141 -0.242963177 0.487926288 0.726612279 -0.418248046
10151.314117188 29.435179993 25.360020177 1.562193063 -0.237502714 0.491653537 0.726699644 -0.416865550
10151.347470726 29.417175688 25.367720867 1.562118106 -0.233829901 0.494281156 0.726831507 -0.415602787
10151.380844350 29.390562921 25.377898466 1.560022345 -0.230737402 0.496913609 0.726982501 -0.413924582
10151.414210407 29.360975254 25.386817766 1.556375598 -0.231177046 0.497780769 0.727039957 -0.412534096
10151.447585182 29.340096109 25.392444400 1.553570218 -0.232001943 0.498024908 0.727286571 -0.411339924
10151.480935210 29.308672183 25.401607866 1.548837169 -0.231874837 0.498964528 0.728449288 -0.408203496
10151.514315494 29.280595946 25.410857438 1.544074934 -0.230485970 0.500390573 0.730141816 -0.404200964
10151.547674301 29.261471670 25.417569576 1.541431341 -0.229633621 0.501047395 0.731399428 -0.401590319
10151.581048172 29.229775531 25.428652092 1.538146589 -0.228207659 0.501894794 0.733350665 -0.397768377
10151.614410361 29.200829573 25.440055996 1.535814095 -0.225402799 0.502613861 0.735733559 -0.394041894
10151.647777836 29.180540866 25.448359651 1.535566032 -0.222244817 0.503221362 0.737722564 -0.391332238
10151.681138033 29.152209347 25.459103632 1.536924889 -0.215372311 0.504558579 0.741535297 -0.386213427
10151.714519920 29.127114266 25.468797365 1.539286723 -0.205650777 0.506449293 0.746467418 -0.379477621
10151.747861777 29.111119630 25.474137108 1.540515497 -0.199271317 0.507394195 0.749707428 -0.375207737
10151.781226180 29.081759792 25.483131228 1.542253139 -0.188738436 0.507888178 0.755997206 -0.367281398
10151.814628761 29.054940546 25.488971187 1.543562127 -0.182457644 0.506967061 0.761299946 -0.360715953
10151.847961219 29.035448486 25.491799714 1.544869257 -0.179944648 0.505786750 0.764864831 -0.356063868
10151.881339040 29.005691455 25.495197319 1.546349593 -0.177900403 0.504216174 0.769758064 -0.348697604
10151.914720590 28.975219576 25.498306504 1.548073704 -0.175314258 0.503863413 0.774873317 -0.339054441
10151.948061648 28.953620990 25.500105818 1.549725315 -0.172358619 0.504559379 0.778683520 -0.330702761
10151.981425497 28.926749612 25.502580808 1.550422080 -0.167904867 0.506105542 0.783276195 -0.319599026
10152.014815469 28.885320710 25.506471801 1.551300409 -0.160315034 0.509220668 0.790137910 -0.301123702
10152.048156492 28.860726974 25.507727021 1.551542718 -0.156113523 0.511046045 0.793834054 -0.290323961
10152.081523426 28.823152750 25.509769371 1.549881251 -0.149486264 0.513865426 0.799349036 -0.273198278
10152.114920383 28.782905420 25.512625727 1.547711482 -0.142295340 0.516458831 0.804863045 -0.255377740
10152.148261404 28.757391445 25.512798307 1.546204500 -0.137737798 0.517765890 0.808323523 -0.244048898
10152.181650301 28.717561960 25.512251321 1.542407673 -0.130756083 0.519105743 0.813850176 -0.226008771
10152.215013970 28.678826687 25.509642083 1.538798325 -0.125887338 0.519164888 0.818822993 -0.210116882
10152.248361700 28.650750401 25.507256465 1.537424399 -0.123797839 0.518560132 0.821970018 -0.200336651
10152.281730067 28.610537938 25.503042608 1.533435994 -0.122097992 0.516888638 0.826379727 -0.187122323
10152.315125559 28.569315107 25.497534636 1.530297192 -0.121970856 0.514593057 0.830322749 -0.175730555
10152.348461117 28.547280789 25.494713664 1.529806232 -0.122553252 0.513458868 0.832027588 -0.170501563
10152.381822175 28.504297506 25.488468789 1.531273105 -0.124998564 0.511623568 0.834536983 -0.161755085
10152.415214344 28.464001618 25.484749389 1.533129590 -0.125758182 0.510872603 0.836180330 -0.154908098
10152.448587922 28.439628035 25.482163185 1.534293865 -0.124195832 0.510905558 0.837166220 -0.150677227
10152.481934151 28.406706589 25.481297711 1.535054039 -0.118545087 0.511998571 0.838349038 -0.144828923
10152.515323598 28.377751806 25.481327028 1.536041702 -0.110405980 0.514299257 0.838889214 -0.139898818
10152.548654418 28.359696582 25.482475367 1.537699306 -0.105439038 0.516313832 0.838627477 -0.137864395
10152.582019164 28.335883588 25.485832561 1.541107090 -0.102003750 0.519262231 0.837191593 -0.138102162
10152.615455143 28.313990645 25.488706320 1.544615179 -0.103971938 0.521647876 0.834707395 -0.142607481
10152.648753396 28.299008606 25.490370578 1.546002495 -0.107423906 0.523034809 0.832491071 -0.147828652
10152.682124461 28.285813269 25.493022055 1.547829418 -0.111400670 0.524506452 0.829807999 -0.154601288
10152.715518017 28.265339724 25.497786084 1.549902743 -0.117322285 0.527138780 0.824700758 -0.168014426
10152.748852165 28.254664483 25.500586875 1.550400847 -0.120388144 0.528569607 0.821662980 -0.176042077
10152.782222249 28.239600464 25.504955820 1.550521742 -0.125325196 0.530217843 0.817152575 -0.188213450
10152.815669434 28.224600362 25.509389602 1.550926641 -0.131830541 0.531083195 0.812396567 -0.201452642
10152.848954362 28.211879026 25.512428619 1.550633553 -0.137760666 0.531191072 0.808807425 -0.211396765
10152.882319531 28.193781629 25.516208706 1.549024251 -0.147425269 0.530686163 0.803389219 -0.226282455
10152.915739596 28.174226373 25.520666255 1.546625584 -0.156813654 0.529748733 0.797991089 -0.240802782
10152.949050699 28.160274621 25.523826282 1.544426125 -0.162939475 0.528913229 0.794302383 -0.250569847
10152.982412606 28.137849974 25.529072359 1.541232739 -0.172006727 0.527196384 0.788818654 -0.265033563
10153.015822615 28.115711395 25.534443153 1.537878250 -0.181218450 0.525025187 0.783225291 -0.279403957
10153.049155591 28.098975388 25.538864562 1.536159044 -0.187988957 0.523057756 0.779107409 -0.289935130
10153.082576130 28.073553879 25.545858030 1.534430419 -0.198746613 0.519553823 0.772334017 -0.306698183
10153.115911877 28.049149374 25.553997438 1.533842947 -0.209201064 0.515507530 0.765044972 -0.324334846
10153.149249588 28.034673022 25.559118032 1.534427896 -0.214867665 0.513140673 0.760455526 -0.335001387
10153.182617517 28.006594152 25.571970325 1.538196574 -0.223973444 0.509307033 0.750784400 -0.356040766
10153.216017239 27.982451221 25.584727691 1.544028169 -0.227609895 0.507414294 0.742216063 -0.373951583
10153.249350004 27.967710197 25.593421652 1.547372412 -0.227964686 0.506519280 0.737141952 -0.384827316
10153.282720890 27.945991946 25.605522539 1.549644068 -0.227333889 0.504737642 0.729962749 -0.400891009
10153.316097903 27.926961326 25.615097773 1.551616225 -0.228308099 0.501455443 0.723210710 -0.416394188
10153.349451588 27.912634060 25.620246043 1.553003334 -0.231065364 0.497906936 0.718483227 -0.427175997
10153.382822343 27.892178680 25.625828674 1.555210536 -0.238033172 0.491055056 0.711825324 -0.442164957
10153.416210165 27.869842022 25.629441946 1.557391878 -0.247413746 0.482677800 0.705270553 -0.456510708
10153.449553997 27.853932472 25.631565613 1.558306324 -0.253764269 0.477241163 0.701084663 -0.465107367
10153.482914551 27.830034948 25.634873267 1.558508244 -0.261659840 0.470693698 0.695763738 -0.475283486
10153.516296117 27.804756398 25.637581559 1.557312199 -0.267744535 0.465847549 0.691315732 -0.483095729
10153.549654021 27.786596729 25.638893432 1.555691377 -0.271491356 0.463102136 0.688595024 -0.487509742
10153.583033298 27.757380411 25.639889979 1.552530040 -0.276856348 0.459511193 0.685066315 -0.492832802
10153.616401292 27.725964363 25.640009105 1.548206759 -0.281834395 0.456599827 0.682130917 -0.496772971
10153.649748173 27.708648360 25.639198896 1.545242086 -0.284245418 0.455262270 0.680897170 -0.498317019
10153.683117947 27.670834371 25.638007636 1.537541080 0.288161142 -0.453078296 -0.679199798 0.500370710
10153.716517700 27.638732715 25.635834368 1.531934643 0.291181472 -0.451254573 -0.678347906 0.501424748
10153.749847890 27.611983316 25.632148497 1.528113876 0.293857082 -0.449504967 -0.677838580 0.502123650
10153.783215492 27.574116203 25.626992080 1.524413656 0.297107456 -0.447143864 -0.677416207 0.502888464
10153.816635441 27.538160473 25.620962050 1.522414211 0.299202433 -0.445079127 -0.677501673 0.503362651
10153.849948036 27.512138168 25.616604104 1.522265279 0.300150311 -0.443647939 -0.677790696 0.503672581
10153.883321514 27.476551436 25.609580255 1.523909925 0.300232725 -0.441909447 -0.678503313 0.504192032
10153.916706627 27.439667318 25.604319021 1.527130619 0.298332647 -0.440697458 -0.679730142 0.504727962
10153.950047359 27.417262466 25.601051217 1.529287529 0.296347453 -0.440017607 -0.680568256 0.505360803
10153.983417093 27.382779864 25.597717400 1.531250332 0.292461331 -0.439183295 -0.681827811 0.506651002
10154.016796433 27.350443532 25.595802132 1.533329463 0.288031213 -0.439592482 -0.682866062 0.507435131
10154.050140332 27.331413920 25.595469165 1.534922552 0.285556957 -0.440473046 -0.683447321 0.507287374
10154.083549947 27.296546617 25.595127620 1.538686242 0.281826458 -0.442968606 -0.684394271 0.505922072
10154.116886435 27.259533896 25.594838576 1.543106245 0.280191106 -0.445626812 -0.685176462 0.503431132
10154.150251087 27.240766096 25.594827983 1.544732567 0.280253763 -0.446892518 -0.685377527 0.501998557
10154.183612867 27.198618779 25.594951206 1.546850763 -0.281549491 0.449943462 0.685226891 -0.498743293
10154.216992738 27.161683576 25.596058144 1.547729316 -0.283336654 0.453285437 0.684490847 -0.495706500
10154.250338637 27.135076698 25.597740266 1.547682812 -0.284520075 0.456132249 0.683821487 -0.493335457
10154.283715468 27.096429491 25.600882535 1.546759951 -0.286136372 0.460620181 0.682611782 -0.489894049
10154.317104158 27.057081571 25.606084487 1.544853287 -0.287567338 0.465447456 0.681043543 -0.486665577
10154.350441649 27.035736560 25.609370762 1.543034990 -0.287969578 0.468062395 0.680247152 -0.485030853
10154.383837419 26.991501043 25.617792762 1.537808872 -0.287206521 0.473650565 0.678822012 -0.482045883
10154.417181095 26.954489745 25.626871003 1.532712884 -0.285629334 0.477700231 0.677705485 -0.480555563
10154.450553018 26.932679672 25.632207748 1.529973341 -0.285388421 0.479039415 0.676869627 -0.480543646
10154.483927076 26.890821494 25.642996690 1.526795927 -0.285997313 0.480140961 0.674844798 -0.481928099
10154.517277863 26.853679907 25.654328937 1.526019529 -0.286179186 0.479976400 0.673122414 -0.484386565
10154.550642542 26.834972829 25.660937622 1.526458634 -0.285943977 0.479540121 0.672282354 -0.486121128
10154.584038287 26.797510530 25.673848823 1.529357285 -0.283608594 0.477939891 0.671338471 -0.490351183
10154.617394763 26.766189592 25.685288073 1.533617055 -0.279142102 0.476246598 0.671886232 -0.493799307
10154.650735536 26.749647526 25.690731299 1.535712355 -0.276053541 0.474869107 0.672665680 -0.495796991
10154.684122274 26.718162355 25.700097269 1.538512740 0.271221189 -0.470466739 -0.674414404 0.500265255
10154.717482120 26.691611449 25.706432666 1.541219945 0.269867251 -0.464559601 -0.675555102 0.504956778
10154.750838026 26.663879172 25.711397613 1.543977757 0.270766362 -0.458385313 -0.676381682 0.508995386
10154.784218011 26.644880406 25.715419353 1.545407803 0.271816674 -0.454645555 -0.677205679 0.510691281
10154.817613977 26.616103023 25.719708067 1.547325834 0.272866895 -0.450932872 -0.678413305 0.511818904
10154.850951924 26.586746525 25.723833747 1.548645172 0.272747986 -0.449783791 -0.680098619 0.510655409
10154.884327617 26.567993435 25.726230778 1.548963935 0.272348240 -0.450037028 -0.681372116 0.508945134
10154.917698391 26.535502434 25.728972053 1.549729761 0.272206116 -0.451348424 -0.683636223 0.504806840
10154.951034140 26.503805687 25.730976319 1.550171872 -0.272506571 0.453239356 0.685843228 -0.499933317
10154.984409985 26.480001308 25.732276479 1.549490439 -0.272331116 0.455163385 0.687704607 -0.495705991
10155.017773327 26.446199640 25.733521470 1.547272732 -0.271200518 0.458785677 0.690844941 -0.488568572
10155.051137421 26.410808544 25.734411896 1.543819507 -0.269097189 0.462868427 0.694695652 -0.480351407
10155.084554608 26.386520641 25.734051804 1.540555335 -0.267208469 0.465478037 0.697693970 -0.474502850
10155.117881856 26.350229118 25.732526554 1.535480391 -0.264486713 0.468513576 0.702338369 -0.466114388
10155.151236470 26.314946222 25.729557315 1.530211676 -0.261303260 0.470781755 0.707787510 -0.457298575
10155.184626867 26.289781691 25.726761904 1.527210617 -0.258725985 0.471896195 0.712079116 -0.450908171
10155.217973847 26.251757987 25.722057750 1.523164172 -0.254536250 0.472892985 0.718927291 -0.441278906
10155.251359986 26.215914725 25.715853862 1.520185270 -0.248562763 0.473576679 0.726690988 -0.431117026
10155.284727641 26.189145105 25.710757189 1.518904552 -0.242740356 0.474193082 0.732768573 -0.423400824
10155.318076559 26.152793600 25.703653867 1.518188028 -0.232488900 0.474932681 0.742135912 -0.411852094
10155.351429153 26.116537718 25.697184800 1.518687226 -0.221802831 0.474787254 0.751597995 -0.400600827
10155.384806819 26.091787947 25.693432999 1.518661437 -0.214478000 0.474105079 0.758069302 -0.393134193
10155.418174637 26.054498410 25.687005941 1.517669731 -0.204231499 0.473155805 0.767230523 -0.381798903
10155.451531636 26.018203020 25.682445920 1.518433877 -0.194599594 0.473121836 0.775711413 -0.369538267
10155.484906841 25.992817649 25.679131211 1.520388506 -0.187603972 0.474089815 0.781512322 -0.359558184
10155.518264213 25.957561021 25.676144031 1.523688592 -0.177894492 0.476424138 0.789563870 -0.343456671
10155.551622824 25.921242544 25.672747607 1.527010093 -0.169179374 0.479028671 0.797346451 -0.325804404
10155.585003275 25.895368462 25.670679594 1.528801158 -0.163929176 0.480819273 0.802404933 -0.313187445
10155.618372038 25.856697732 25.668224379 1.530049385 -0.157346914 0.483523501 0.809234650 -0.294255423
10155.651720948 25.818447302 25.667175344 1.530356394 -0.151609112 0.486423753 0.815206505 -0.275399642
10155.685107111 25.790824179 25.667181670 1.530067211 -0.147548925 0.488603214 0.819029327 -0.262082383
10155.718465801 25.752036236 25.669218096 1.529414121 -0.141047733 0.492126942 0.824012855 -0.242733236
10155.751820437 25.712895391 25.673354337 1.528669602 -0.133537255 0.495941684 0.828603958 -0.222766981
10155.785201996 25.689324937 25.677094696 1.528002288 -0.128259124 0.498298883 0.831250269 -0.210406301
10155.818599726 25.650448086 25.683769491 1.525563204 -0.118683873 0.502028921 0.835260887 -0.190316453
10155.851917515 25.614864567 25.690842294 1.523083481 -0.108614037 0.505299204 0.838622056 -0.172013816
10155.885293212 25.590164512 25.696026712 1.521646840 -0.101498547 0.507436292 0.840654488 -0.159707501
10155.918657966 25.554812727 25.705022602 1.519905567 -0.091671442 0.510255791 0.843102841 -0.142873977
10155.952020987 25.519382643 25.714803997 1.518945310 -0.082021853 0.512653346 0.845201864 -0.126857290
10155.985400061 25.497298629 25.721498084 1.518842088 -0.076204818 0.513911912 0.846365511 -0.117272307
10156.018763515 25.461665930 25.731905479 1.519479883 -0.068536267 0.515520386 0.847741938 -0.104283835
10156.052116495 25.429388963 25.741825612 1.521067495 -0.062783650 0.516841803 0.848590875 -0.093948344
10156.085528882 25.408436965 25.747949835 1.523224589 -0.059707285 0.517669362 0.848915268 -0.088296889
10156.118865005 25.376255331 25.756158190 1.525962702 -0.055905878 0.518419479 0.849384848 -0.081615908
10156.152236942 25.345739151 25.763261555 1.528074147 -0.054257034 0.518698663 0.849695537 -0.077623228
10156.185593737 25.327023564 25.767401446 1.529962632 -0.055233236 0.518744271 0.849695754 -0.076621121
10156.218959412 25.297876907 25.772471127 1.532998446 -0.061425960 0.518903940 0.849022055 -0.078275813
10156.252318149 25.269461031 25.775775429 1.535751060 -0.072249922 0.519110041 0.847572055 -0.083224547
10156.285699890 25.250541046 25.777845066 1.537469408 -0.081161909 0.519351852 0.846123122 -0.088102560
10156.319057757 25.222329832 25.779824484 1.538489930 -0.094880510 0.519814294 0.843466368 -0.096722666
10156.352427260 25.195712888 25.780988196 1.537884687 -0.108390727 0.520245619 0.840371717 -0.106636408
10156.385789628 25.177615765 25.781126939 1.536891222 -0.117999182 0.520398710 0.837964438 -0.114354613
10156.419154093 25.150626103 25.781264141 1.534032042 -0.132288887 0.520215288 0.834201880 -0.126423602
10156.452519946 25.123506924 25.778970878 1.530366476 -0.147184688 0.519260801 0.830135882 -0.139926072
10156.485896961 25.105852536 25.775672749 1.527362505 -0.157565266 0.518251481 0.827087435 -0.150049872
10156.519260478 25.079282271 25.769999860 1.522675752 -0.172206380 0.515754137 0.822674663 -0.165979010
10156.552615062 25.055468673 25.761035503 1.517257893 -0.185279602 0.512278284 0.818513854 -0.182421214
10156.586011745 25.038762500 25.753889277 1.513599638 -0.193478058 0.509219845 0.815756772 -0.194428083
10156.619353271 25.015898920 25.741276553 1.509075704 -0.204068169 0.504350985 0.811805447 -0.212033446
10156.652730909 24.991715186 25.727544652 1.505969259 -0.213121738 0.498915881 0.807894630 -0.230148509
10156.686095357 24.975330602 25.718225417 1.505244989 -0.217825082 0.495339084 0.805439713 -0.241781503
10156.719451710 24.952527880 25.700696981 1.506133852 -0.223805978 0.490493614 0.801346609 -0.259172744
10156.752811318 24.929989712 25.686036170 1.510582210 -0.228027297 0.486941783 0.796747698 -0.275833933
10156.786179260 24.915883253 25.679266260 1.513991813 -0.229474487 0.485410139 0.793805609 -0.285641579
10156.819562074 24.889840647 25.670035058 1.519267751 -0.230617542 0.483419208 0.788009609 -0.303582402
10156.852911381 24.865691382 25.664491350 1.522496278 -0.230763556 0.482618111 0.782011003 -0.319822970
10156.886278493 24.853537931 25.662121599 1.524223789 -0.230736337 0.482664574 0.778601967 -0.327985714
10156.919655478 24.827690823 25.658842481 1.528927339 -0.230505265 0.483380624 0.771307376 -0.343941023
10156.953016470 24.804712489 25.656029223 1.532523073 -0.231780147 0.483709564 0.764994639 -0.356491547
10156.986392471 24.787911365 25.653848757 1.534503412 -0.234825511 0.483060798 0.760402883 -0.365098207
10157.019742203 24.761310545 25.650297077 1.535969048 -0.242482894 0.480758077 0.753438219 -0.377365299
10157.053111992 24.732526217 25.647532904 1.536147430 -0.251833448 0.477761166 0.746227461 -0.389189877
10157.086525737 24.711929835 25.645503149 1.535186975 -0.258228303 0.475808504 0.741500232 -0.396360715
10157.119842319 24.685989984 25.643941099 1.534477107 -0.265975891 0.473546413 0.735768877 -0.404542680
10157.153208691 24.649799381 25.640477024 1.531335729 -0.275742771 0.470867892 0.728628953 -0.413943475
10157.186594914 24.627848069 25.640582340 1.529381400 -0.281231036 0.469383472 0.724498086 -0.419154845
10157.219947647 24.593664384 25.641192963 1.525458608 -0.288127292 0.467686806 0.718628757 -0.426408752
10157.253313136 24.559407093 25.643916043 1.520588136 -0.292878184 0.466583166 0.713205937 -0.433427975
10157.286675141 24.535934186 25.646426886 1.516880341 -0.295288074 0.465862046 0.709692888 -0.438307553
10157.320040904 24.501130804 25.651915673 1.512057570 -0.298135738 0.464959219 0.704472672 -0.445697500
10157.353408621 24.466362971 25.659066964 1.509136005 -0.299516492 0.464730802 0.699485438 -0.452808209
10157.386771621 24.441405913 25.664154355 1.508028927 -0.299438768 0.464860463 0.696360485 -0.457518578
10157.420138996 24.401844122 25.673877975 1.507983934 -0.297761311 0.464943845 0.692259586 -0.464695695
10157.453530337 24.366366880 25.683343187 1.510928270 -0.295293624 0.464114361 0.688915491 -0.472011633
10157.486877601 24.341440032 25.689168011 1.514520135 -0.292351700 0.463502647 0.687536269 -0.476434318
10157.520243061 24.307141576 25.696726642 1.518596187 -0.284700667 0.463260939 0.687599708 -0.481187568
10157.553603918 24.276380886 25.702356360 1.521064809 -0.276556501 0.461888008 0.688698628 -0.485664667
10157.586984415 24.255969675 25.704537664 1.522628546 -0.273933639 0.459079114 0.689086051 -0.489251615
10157.620335151 24.224283808 25.705742609 1.524949656 -0.274500767 0.452659452 0.689032580 -0.494957426
10157.653699483 24.190588412 25.706111905 1.527491467 -0.277330952 0.445111942 0.689229659 -0.499925374
10157.687069338 24.167035008 25.705706085 1.528242453 0.279585226 -0.440632186 -0.689625198 0.502088103
10157.720430704 24.132348793 25.704479144 1.529443767 0.283588776 -0.434846982 -0.690228523 0.504053662
10157.753801093 24.095597860 25.703178790 1.529692265 0.288113955 -0.429984020 -0.690764634 0.504924065
10157.787169147 24.070711576 25.702500507 1.528717579 0.290571682 -0.427809446 -0.691280361 0.504656951
10157.820543064 24.031831104 25.701077981 1.527501557 0.292438186 -0.426307520 -0.692626641 0.503001135
10157.853894203 23.992670095 25.701439526 1.523960997 0.292861664 -0.426881236 -0.694126747 0.500192478
10157.887264274 23.964744148 25.701979241 1.520817618 -0.292541543 0.427830446 0.695258502 -0.497992140
10157.920623521 23.924625931 25.702704172 1.515038811 -0.292027719 0.429050685 0.697000834 -0.494798098
10157.953996980 23.881233766 25.703292162 1.507046120 -0.292153464 0.429599563 0.698681482 -0.491868637
10157.987362009 23.856312782 25.703212666 1.502512029 -0.292603302 0.429462653 0.699616039 -0.490390187
10158.020722590 23.806012455 25.701600149 1.494664430 -0.294824733 0.427898992 0.701665292 -0.487490151
10158.054097175 23.758781699 25.698679880 1.490765499 -0.298809788 0.425115887 0.703293158 -0.485147325
10158.087477949 23.726076647 25.695341893 1.490145364 -0.301812238 0.422810314 0.704893602 -0.482976005
10158.120823636 23.678230123 25.690483283 1.492534392 -0.304541034 0.420310054 0.707970224 -0.478928365
10158.154194866 23.633322693 25.686799895 1.496759701 -0.303871315 0.418662810 0.712580990 -0.473932493
10158.187571584 23.602957249 25.685081398 1.499220773 -0.301873325 0.417144225 0.716522548 -0.470593912
10158.220916349 23.563739159 25.683378716 1.502316602 -0.298429699 0.414170138 0.721636214 -0.467593825
10158.254290514 23.527529593 25.682135598 1.506124021 -0.295098352 0.411669050 0.726435201 -0.464475462
10158.287654672 23.502962632 25.682141135 1.509236376 -0.291707243 0.411006801 0.729950295 -0.461684806
10158.321034363 23.468290141 25.683167617 1.513095288 -0.285627076 0.411398931 0.735265687 -0.456675446
10158.354397606 23.435017465 25.684324919 1.516727978 -0.280360897 0.412276488 0.739683528 -0.451989097
10158.387755156 23.410187948 25.685644846 1.518229329 -0.277491709 0.413181002 0.742164699 -0.448855624
10158.421130394 23.377688289 25.687254827 1.521852602 -0.274256399 0.414789862 0.744864853 -0.444869810
10158.454519866 23.344178436 25.690209501 1.524047354 -0.271912400 0.417124138 0.746649740 -0.441118200
10158.487847595 23.318197063 25.693675003 1.524061731 -0.270825868 0.419075415 0.747366059 -0.438717585
10158.521216456 23.282931735 25.699315503 1.525047717 -0.269285767 0.422208201 0.747926719 -0.435696034
10158.554592290 23.245481731 25.707600089 1.522894140 -0.266941044 0.426269268 0.748126254 -0.432832645
10158.587949126 23.219344417 25.714256056 1.519839972 -0.264177570 0.429609110 0.748302803 -0.430916626
10158.621324300 23.186184583 25.723477716 1.515428820 -0.260380431 0.433324404 0.748437075 -0.429271402
10158.654688013 23.141155579 25.736102050 1.509520733 -0.258391759 0.436294346 0.747528213 -0.429048380
10158.688044664 23.115230375 25.743472552 1.507367440 -0.258817647 0.437099483 0.746475720 -0.429803986
10158.721424373 23.076703364 25.756163106 1.506568866 -0.258963692 0.438026214 0.745047321 -0.431248572
10158.754810589 23.040080028 25.768154158 1.507946719 -0.258735583 0.438200412 0.743705198 -0.433519176
10158.788146130 23.018186192 25.776772159 1.510628658 -0.258016247 0.437930072 0.742937934 -0.435531967
10158.821523883 22.987767771 25.788028063 1.513479580 -0.254217633 0.437299768 0.742813876 -0.438599879
10158.854899458 22.958445904 25.798542921 1.513859485 -0.247369209 0.436000321 0.743939183 -0.441889902
10158.888239092 22.942025113 25.803172524 1.513987750 -0.244285830 0.434509660 0.744697282 -0.443792459
10158.921616728 22.907472764 25.810526721 1.515985791 -0.242159144 0.429231273 0.745723000 -0.448348827
10158.955023386 22.879735268 25.814607182 1.518748427 -0.243635722 0.423472870 0.746667987 -0.451441336
10158.988341110 22.847708331 25.817484936 1.521380931 -0.245186365 0.418793185 0.747979109 -0.452794839
10159.021713950 22.830494478 25.819306678 1.522466917 -0.245769886 0.417043187 0.748799019 -0.452738525
10159.055114586 22.793950102 25.823414062 1.524332708 -0.246334450 0.415071123 0.750879476 -0.450794092
10159.088468174 22.760770357 25.827100257 1.525188118 -0.245753221 0.415404931 0.753066667 -0.447140575
10159.121799671 22.738296842 25.829978796 1.525643055 -0.244922710 0.416395092 0.754787515 -0.443760973
10159.155201988 22.702755225 25.833887328 1.527105663 -0.242730485 0.419101429 0.757862649 -0.437127108
10159.188563464 22.666873114 25.836873015 1.526910872 -0.239047336 0.422777663 0.761392205 -0.429415102
10159.221915406 22.632911525 25.838964417 1.525371341 -0.233739066 0.426913659 0.765447582 -0.420952225
10159.255299170 22.609668794 25.839732310 1.522975482 -0.229475306 0.429784234 0.768458255 -0.414847571
10159.288640100 22.574346991 25.840812234 1.518905338 -0.223411323 0.433555335 0.772923683 -0.405840033
10159.322002599 22.547504452 25.842128133 1.516275543 -0.220013855 0.435489334 0.776060860 -0.399590397
10159.355406566 22.509287130 25.842052755 1.512275018 -0.216362198 0.437438967 0.780486736 -0.390736490
10159.388729141 22.468138614 25.841062198 1.508581040 -0.213870773 0.438596261 0.784904412 -0.381860807
10159.422097095 22.440305725 25.838778596 1.506387277 -0.213163704 0.438997204 0.787663177 -0.376071016
10159.455532594 22.399050416 25.835078211 1.503746428 -0.212772308 0.439262964 0.791417419 -0.368014214
10159.488829287 22.357100814 25.830359352 1.502362070 -0.211700366 0.439901209 0.795260745 -0.359486062
10159.522196257 22.326111826 25.827733066 1.503069420 -0.210219189 0.440929978 0.797977994 -0.353015252
10159.555597324 22.281489010 25.824996494 1.506219434 -0.207068113 0.443227857 0.801866685 -0.343047638
10159.588924473 22.234770670 25.823224646 1.510778764 -0.203045266 0.446066460 0.805956575 -0.332011042
10159.622300477 22.205578109 25.822459411 1.513530821 -0.199547393 0.448066471 0.808992756 -0.323956781
10159.655701215 22.162662613 25.822587567 1.516998105 -0.193346081 0.451455151 0.813329911 -0.311929471
10159.689030897 22.120604191 25.824237809 1.520893434 -0.186245227 0.455496125 0.817412440 -0.299454334
10159.722391249 22.092228983 25.826879334 1.523760751 -0.180470152 0.458911836 0.820174290 -0.290076860
10159.755785820 22.052034959 25.832329979 1.528767645 -0.171042826 0.464802134 0.824081118 -0.274942973
10159.789122594 22.013893060 25.837694827 1.533573772 -0.162147208 0.470781721 0.827603914 -0.259122783
10159.822508199 21.987577546 25.843079780 1.536346713 -0.156945492 0.474500607 0.829958639 -0.247761870
10159.855892945 21.949094381 25.849926864 1.539076913 -0.150642306 0.479598494 0.832858313 -0.231601405
10159.889223573 21.913778100 25.857637070 1.541489839 -0.145012688 0.484225272 0.835416708 -0.215815036
10159.922588390 21.889332046 25.863419348 1.541932200 -0.141274421 0.487397189 0.836942317 -0.204970914
10159.955982992 21.854049274 25.872984630 1.541769952 -0.135817430 0.491915067 0.838789140 -0.189752394
10159.989321457 21.820726695 25.883780692 1.540569112 -0.130054582 0.496190534 0.840253015 -0.175657711
10160.022687742 21.798565917 25.891950037 1.539411593 -0.125400554 0.499055015 0.841187163 -0.166201534
10160.056078367 21.767377823 25.904693246 1.536598022 -0.118128329 0.502684202 0.842507510 -0.153412473
10160.089458234 21.738593982 25.918779462 1.533719799 -0.110139906 0.505745094 0.843846689 -0.141470375
10160.122793212 21.722630744 25.926638787 1.532579623 -0.105916648 0.507145445 0.844479424 -0.135792725
10160.156181941 21.691362598 25.943841410 1.530434038 -0.097616202 0.509631911 0.845615860 -0.125220641
10160.189541708 21.662520472 25.958507527 1.529925599 -0.091632438 0.511264515 0.846277639 -0.118432470
10160.222886656 21.643996409 25.968759676 1.531160363 -0.089062806 0.512152991 0.846403927 -0.115618005
10160.256274296 21.620017643 25.983096397 1.534175509 -0.088870529 0.512935934 0.846055478 -0.114842866
10160.289622059 21.596463744 25.997783258 1.538461383 -0.091643793 0.513359694 0.845110359 -0.117693336
10160.322992604 21.583372522 26.007353285 1.541361332 -0.094117871 0.513377945 0.844326869 -0.121231395
10160.356381513 21.563629464 26.020289857 1.545164829 -0.098605344 0.512779080 0.843052027 -0.128832764
10160.389722390 21.546039846 26.031201375 1.548000516 -0.105102080 0.511566564 0.841406956 -0.138879581
10160.423091170 21.534013841 26.038177217 1.550144938 -0.111753488 0.510345745 0.839830632 -0.147454699
10160.456531829 21.516462821 26.046008224 1.553142678 -0.124735526 0.508035257 0.836759736 -0.161784954
10160.489819457 21.498017770 26.052256876 1.555441267 -0.140463000 0.505387779 0.832516169 -0.178241877
10160.523193989 21.485196396 26.056317686 1.556869822 -0.151427216 0.503693191 0.829037891 -0.189892449
10160.556575359 21.467103037 26.061126350 1.557944341 -0.167020055 0.501439571 0.823279738 -0.207058281
10160.589916647 21.448995165 26.065192812 1.557755886 -0.182105219 0.499196902 0.816819209 -0.224603030
10160.623288424 21.434835606 26.067422779 1.556772519 -0.192456358 0.497589906 0.811890695 -0.237061881
10160.656670971 21.415981184 26.069428895 1.555129937 -0.207337413 0.494879655 0.804381161 -0.255100512
10160.690017318 21.396846847 26.069269692 1.553312335 -0.222571304 0.491456372 0.796155402 -0.273987638
10160.723391713 21.384960004 26.068296778 1.551452840 -0.231095665 0.489051131 0.791340830 -0.284962236
10160.756768515 21.362823999 26.065653848 1.547094964 -0.245629966 0.483705922 0.782625363 -0.305273718
10160.790119003 21.342967141 26.060638264 1.541956000 -0.256983793 0.477799093 0.775106897 -0.323846652
10160.823494450 21.329904929 26.055422192 1.537577057 -0.264167351 0.473050398 0.769984698 -0.336990352
10160.856865009 21.311305882 26.045502312 1.532387304 -0.273916746 0.465131049 0.762577465 -0.356508532
10160.890211480 21.292384964 26.033576992 1.528313213 -0.282819697 0.456382210 0.755340198 -0.375751890
10160.923588291 21.278818202 26.024392347 1.526529771 -0.288615005 0.450013550 0.750362368 -0.388774357
10160.956950751 21.255118106 26.010015737 1.526224289 -0.296707747 0.440142138 0.742766298 -0.408090233
10160.990321242 21.233798938 25.995334392 1.527802191 -0.301863016 0.431424287 0.735786193 -0.425876135
10161.023697595 21.220594677 25.988014447 1.529426353 -0.303706207 0.426757336 0.731742806 -0.436111433
10161.057064001 21.196333589 25.973761729 1.531458320 -0.306194288 0.417744540 0.723467522 -0.456431048
10161.090409821 21.175907440 25.962511485 1.531026246 -0.308333137 0.409448209 0.715590848 -0.474565675
10161.123786537 21.161447731 25.954978709 1.530175029 -0.310207020 0.403807492 0.709624903 -0.486973933
10161.157151389 21.141009500 25.944825032 1.530967920 0.313372327 -0.396563657 -0.700938268 0.503210288
10161.190506512 21.119939237 25.934270786 1.533672250 0.317326472 -0.390030982 -0.692186267 0.517743098
10161.223895365 21.104765313 25.927229653 1.535421153 0.320775771 -0.386058305 -0.686452148 0.526160944
10161.257251195 21.081086102 25.915680994 1.536755892 0.326920631 -0.380055766 -0.677735030 0.537917972
10161.290608824 21.055930321 25.903856781 1.536729718 0.334458914 -0.373631238 -0.668885639 0.548752161
10161.324000145 21.036855707 25.895260037 1.535233030 0.340652074 -0.368952350 -0.662250305 0.556106880
10161.357354506 21.008530904 25.883220922 1.532715149 0.349864284 -0.362579408 -0.652374736 0.566161072
10161.390706404 20.978983508 25.870923865 1.529606201 0.358578519 -0.357182283 -0.642058806 0.575849592
10161.424093198 20.957322505 25.863505879 1.527160304 0.363623994 -0.354650084 -0.635044945 0.581995555
10161.457449833 20.924630447 25.853046900 1.523528917 0.368988916 -0.352885767 -0.625386405 0.590093772
10161.490808487 20.891348755 25.842977476 1.518786945 0.372252163 -0.352842284 -0.616172258 0.597714312
10161.524191090 20.867281414 25.835701953 1.515714126 0.374152857 -0.352942130 -0.609612459 0.603170077
10161.557544620 20.831428652 25.824501681 1.512283997 0.377650691 -0.352440263 -0.599804581 0.611064874
10161.590905189 20.792901196 25.812700454 1.511839697 0.381096953 -0.351992118 -0.589645071 0.619019669
10161.624297576 20.767228933 25.805131209 1.512779305 0.383644008 -0.351248620 -0.582524119 0.624585729
10161.657651136 20.729380895 25.792732304 1.518054755 0.388688167 -0.348251306 -0.571545698 0.633228277
10161.691019007 20.692378733 25.779022772 1.524685157 0.393166717 -0.344203575 -0.560474698 0.642504432
10161.724413883 20.668595502 25.769860218 1.528116568 0.394059116 -0.342050172 -0.553606368 0.649029339
10161.757744698 20.635783540 25.756864296 1.531418293 0.393503197 -0.338647948 -0.543795629 0.659362658
10161.791105576 20.607400925 25.742571793 1.535521474 0.395989472 -0.331080893 -0.533151188 0.670319022
10161.824485240 20.589142683 25.731562924 1.539352098 0.399438639 -0.323788440 -0.525272760 0.678010581
10161.857843100 20.562756209 25.715135978 1.544811236 0.404628949 -0.313054332 -0.514670446 0.688031054
10161.891212122 20.534327605 25.696034672 1.548139178 0.409900745 -0.302271115 -0.503641312 0.697824463
10161.924587943 20.515192575 25.682736131 1.548735828 0.412950361 -0.295923772 -0.496834867 0.703602328
10161.957962762 20.486568835 25.663164818 1.546113967 0.416658718 -0.287862667 -0.487510750 0.711241075
10161.991303533 20.457761390 25.642673436 1.541271322 0.419762352 -0.281433486 -0.479527863 0.717389566
10162.024672261 20.437605211 25.626696300 1.537468915 0.421497170 -0.277665707 -0.474872963 0.720928263
10162.058035888 20.408205852 25.603347800 1.528813534 0.423645976 -0.272697152 -0.468916670 0.725449865
10162.091399394 20.376576043 25.576341142 1.518085086 0.426288340 -0.266568706 -0.463465443 0.729670583
10162.124785423 20.361122183 25.560479409 1.512944982 0.428084871 -0.262398393 -0.460580010 0.731953879
10162.158143763 20.328705236 25.524756362 1.503714827 0.432243289 -0.253414456 -0.454889192 0.736221892
10162.191519428 20.297439283 25.491155933 1.498774232 0.436093316 -0.246482720 -0.450475426 0.739013382
10162.224886877 20.276654407 25.466653826 1.497541022 0.438642095 -0.242227319 -0.447832673 0.740516668
10162.258250658 20.245815646 25.430275523 1.499434727 0.441660919 -0.237673699 -0.444985251 0.741913049
10162.291596771 20.211372624 25.393558394 1.504828889 0.442740069 -0.236769844 -0.443488192 0.742455046
10162.324983466 20.188454618 25.371020180 1.508074180 0.441425935 -0.238389313 -0.443515413 0.742703008
10162.358331161 20.153240883 25.340372962 1.509910811 0.438082408 -0.241990242 -0.443723808 0.743393374
10162.391694779 20.122032235 25.311498204 1.510977829 0.434968105 -0.245295557 -0.444043538 0.743947695
10162.425080297 20.099600615 25.290412883 1.513987805 0.433743031 -0.247160721 -0.444400356 0.743832564
10162.458455306 20.069936334 25.261037666 1.519179733 0.432622871 -0.250063474 -0.445635007 0.742775303
10162.491809160 20.039149899 25.230180736 1.523874494 0.432906673 -0.252354962 -0.447101396 0.740951501
10162.525178861 20.017707977 25.208808381 1.525819877 0.434098122 -0.253375189 -0.447708447 0.739538357
10162.558536564 19.986723592 25.177918462 1.527784617 0.436786091 -0.254653287 -0.448075091 0.737291209
10162.591892462 19.954558545 25.146613738 1.527938900 0.440388741 -0.255683753 -0.447724324 0.735001024
10162.625262305 19.931123474 25.124450350 1.527464097 0.443424272 -0.256408584 -0.446993997 0.733366157
10162.658633143 19.895801641 25.092640733 1.525352356 0.447575168 -0.258134639 -0.445632241 0.731064213
10162.691992009 19.858521908 25.061350352 1.520795627 0.450791620 -0.261653491 -0.444308324 0.728638785
10162.725406519 19.832080918 25.040948607 1.516203219 0.451785128 -0.265364681 -0.443611105 0.727104512
10162.758730240 19.797452803 25.015035672 1.508936299 0.451928727 -0.270506826 -0.442180476 0.725990985
10162.792090423 19.758142797 24.984820706 1.502522333 0.454379593 -0.271516726 -0.438229033 0.726479984
10162.825484488 19.737254714 24.968350309 1.499873028 0.456945119 -0.269949076 -0.434915571 0.727445600
10162.858837823 19.694412244 24.933447133 1.499761898 0.461105136 -0.265927683 -0.427825055 0.730499996
10162.892209390 19.657339733 24.903214942 1.504058718 0.464201029 -0.262349020 -0.421531599 0.733485861
10162.925566236 19.632555617 24.882701208 1.508601154 0.464809543 -0.261041214 -0.417935278 0.735621966
10162.958925061 19.605900179 24.859423432 1.512589983 0.463658379 -0.260480093 -0.414478905 0.738497303
10162.992291960 19.575739732 24.829388327 1.518571460 0.463435687 -0.255358737 -0.408805541 0.743570648
10163.025672941 19.557880869 24.809171410 1.522871118 0.466449142 -0.247234859 -0.403010724 0.747584429
10163.059034766 19.535719394 24.780234416 1.529973305 0.472839178 -0.232579156 -0.392476555 0.753851578
10163.092403266 19.512718210 24.751764155 1.536173103 0.478627249 -0.220762163 -0.382472871 0.758877149
10163.125774918 19.495454104 24.732258683 1.538821067 0.482023623 -0.214819131 -0.375957635 0.761683546
10163.159130619 19.468800874 24.701243557 1.540722521 0.486017953 -0.209219922 -0.366949211 0.765089439
10163.192493303 19.443114527 24.672020802 1.540175429 0.489579996 -0.205634567 -0.358473349 0.767803823
10163.225872801 19.416822547 24.640609141 1.537569557 0.493393485 -0.202426897 -0.350062919 0.770092314
10163.259221209 19.399074711 24.617655675 1.534020955 0.496281999 -0.200027503 -0.344615919 0.771319028
10163.292587748 19.377493852 24.584294338 1.528753262 0.499587546 -0.197371166 -0.337817747 0.772875201
10163.325970633 19.357291704 24.549877106 1.521058379 0.501293657 -0.196196487 -0.332432679 0.774403075
10163.359324257 19.342692557 24.525614141 1.513978569 0.502024010 -0.194676510 -0.328878158 0.775829947
10163.392698983 19.326818637 24.487403410 1.506760149 0.504341725 -0.189185316 -0.322749552 0.778255143
10163.426055826 19.314467939 24.447945065 1.504151203 0.506559527 -0.182084397 -0.316402760 0.781109475
10163.459421892 19.307223614 24.425220914 1.503608400 0.507240301 -0.177956001 -0.313228083 0.782896613
10163.492787260 19.294769349 24.380312818 1.505616700 0.507070588 -0.170345045 -0.307226954 0.787066441
10163.526156552 19.285113530 24.344683084 1.509144939 0.504537407 -0.165957223 -0.302174084 0.791575030
10163.559514856 19.276489166 24.320918366 1.511205129 0.501541539 -0.164382806 -0.298679733 0.795125647
10163.592881247 19.263491136 24.287958130 1.514704178 0.497187173 -0.162965734 -0.293340822 0.800123895
10163.626268931 19.250847818 24.255438583 1.521006899 0.494019012 -0.161878282 -0.288091318 0.804203973
10163.659628375 19.242197627 24.232551752 1.525882318 0.492323933 -0.161250157 -0.284484074 0.806650075
10163.693002023 19.228889290 24.199718362 1.530746682 0.490901189 -0.160185143 -0.278703307 0.809741446
10163.726348816 19.215877626 24.165494287 1.533107296 0.490859201 -0.158263733 -0.271452395 0.812602875
10163.759713362 19.207616820 24.143004731 1.532894996 0.491781731 -0.156371098 -0.265796842 0.814279342
10163.793080061 19.189966673 24.104529967 1.530735536 0.494749466 -0.152261212 -0.255937998 0.816416089
10163.826463578 19.172398090 24.066454247 1.527709948 0.499109792 -0.146638760 -0.245266663 0.818065250
10163.859807992 19.162973540 24.040195704 1.525551143 0.502754657 -0.141732060 -0.237239329 0.819064881
10163.893175729 19.147326899 23.997749784 1.521003123 0.508274134 -0.134628605 -0.225373366 0.820206919
10163.926551498 19.132124637 23.957588506 1.514969156 0.513208814 -0.128062729 -0.213012046 0.821487991
10163.959929106 19.123024747 23.929614854 1.511247461 0.516329863 -0.123277868 -0.204038503 0.822541384
10163.993288613 19.109871570 23.889179813 1.506754516 0.521083407 -0.115022590 -0.190236357 0.824046125
10164.026648250 19.097332309 23.848137255 1.505780513 0.525266090 -0.106350268 -0.175258597 0.825875039
10164.060020817 19.088308796 23.819677865 1.506878031 0.527836029 -0.098883203 -0.163255827 0.827622362
10164.093398476 19.076294953 23.779187152 1.511989511 0.531517012 -0.084954619 -0.143265899 0.830510241
10164.126758111 19.064901227 23.739999496 1.519517795 0.532999926 -0.071863734 -0.122400216 0.834125212
10164.160110847 19.058849947 23.716154577 1.524020932 0.532441244 -0.063446552 -0.108202844 0.837121856
10164.193489607 19.051344741 23.685030794 1.529063803 0.531035140 -0.046897307 -0.085950887 0.841673789
10164.226850532 19.046474233 23.656164139 1.533493611 0.529765024 -0.023428716 -0.060814214 0.845636887
10164.260212297 19.044394345 23.635350051 1.535821088 0.529055847 -0.006066083 -0.042768494 0.847486855
10164.293575984 19.040893289 23.603878643 1.542717926 0.527943830 0.015358076 -0.018420979 0.848940581
10164.326943034 19.036966194 23.573403749 1.546837337 0.527361152 0.031248733 0.002725997 0.849062012
10164.360304700 19.034546347 23.552383026 1.548397139 0.527262082 0.040596561 0.016633204 0.848569356
10164.393674006 19.032453780 23.522144874 1.549711253 0.527615565 0.052472964 0.035535815 0.847116054
10164.427045485 19.031859596 23.490391043 1.548293711 0.528491126 0.062652997 0.053168475 0.844952569
10164.460413084 19.034320199 23.468625925 1.546454778 0.529233379 0.068866498 0.064405252 0.843220848
10164.493781461 19.039283505 23.435836726 1.541471310 0.530292486 0.076840128 0.079467610 0.840577405
10164.527145073 19.047796118 23.404712213 1.534358865 0.531029445 0.083525098 0.092321164 0.838157556
10164.560516870 19.054113572 23.382578549 1.528218556 0.531182554 0.087801681 0.100377290 0.836696097
10164.593876460 19.067861918 23.351077492 1.521601182 0.530847494 0.095913631 0.111671131 0.834584371
10164.627251559 19.082494847 23.315384909 1.516897253 0.530239765 0.106661778 0.123173894 0.832044019
10164.660606244 19.096563158 23.294672021 1.517048129 0.529615585 0.112466640 0.129575070 0.830703851
10164.693970206 19.118937833 23.263066587 1.519887702 0.528290945 0.119099681 0.137669270 0.829319670
10164.727335167 19.137168611 23.230866293 1.522713518 0.526292153 0.123402194 0.144743969 0.828756690
10164.760693163 19.147715390 23.209592658 1.522792601 0.524294053 0.125198967 0.149480727 0.828912828
10164.794079657 19.163114114 23.178846446 1.521045220 0.519947174 0.127867602 0.157483201 0.829761324
10164.827446528 19.179240066 23.149314895 1.519790474 0.515126110 0.133987273 0.166681883 0.830005814
10164.860810253 19.192251295 23.131292801 1.521123043 0.512186341 0.139203187 0.172831562 0.829708910
10164.894194257 19.212131366 23.105549511 1.524775808 0.509111198 0.145411367 0.180292058 0.828948790
10164.927534025 19.231993643 23.078147677 1.527583033 0.507552572 0.150278382 0.186283427 0.827710867
10164.960893046 19.246249665 23.058759608 1.528079000 0.507265445 0.153324379 0.190027488 0.826476229
10164.994278754 19.267962545 23.028189695 1.528680271 0.508069029 0.157057822 0.195065553 0.824104443
10165.027629945 19.290682014 22.996542096 1.527706332 0.510290265 0.160449549 0.199684220 0.820966504
10165.060993617 19.307097454 22.973612774 1.526386414 0.512269140 0.163182316 0.203044226 0.818367217
10165.094380460 19.332322936 22.941163339 1.524594143 0.515225506 0.167958451 0.208308254 0.814211464
10165.127731953 19.359621700 22.908885421 1.522273119 0.518422989 0.172182226 0.213970731 0.809819370
10165.161103778 19.377530907 22.885448410 1.519320072 0.520843840 0.173308961 0.217580276 0.807059181
10165.194494308 19.403565645 22.848583517 1.514023536 0.524453921 0.173152102 0.222995070 0.803268096
10165.227834890 19.430894920 22.810709833 1.510211972 0.527388693 0.174533765 0.229582794 0.799181376
10165.261194973 19.446217857 22.789416964 1.510009248 0.528467106 0.176301627 0.233851259 0.796839910
10165.294571738 19.476191305 22.747761351 1.512165636 0.529074808 0.180476029 0.243530464 0.792591423
10165.327926215 19.503171921 22.711759742 1.518258792 0.527358137 0.186910743 0.254480567 0.788794910
10165.361309744 19.517401017 22.691581818 1.522806928 0.525748670 0.190112508 0.261040745 0.786958258
10165.394675718 19.545225505 22.653678577 1.530851214 0.522061170 0.190986601 0.273193296 0.785074313
10165.428029441 19.567967746 22.626313940 1.535322763 0.516923298 0.192012070 0.284415223 0.784238261
10165.461422009 19.584761349 22.610083039 1.538782088 0.511366038 0.197684567 0.294145696 0.782881789
10165.494784357 19.609857482 22.589108582 1.544078013 0.501836685 0.210701860 0.309534453 0.779713467
10165.528120937 19.635046497 22.569706857 1.548057956 0.493463371 0.222452451 0.323131510 0.776269822
10165.561489788 19.652651992 22.555408559 1.550668828 0.489057088 0.228442008 0.330949298 0.774021948
10165.594871219 19.679640631 22.533729799 1.551438996 0.484327147 0.235520051 0.340526339 0.770713522
10165.628226193 19.708584155 22.512938797 1.550227489 0.480931459 0.242338548 0.348527909 0.767140962
10165.661598750 19.730264106 22.499356936 1.548403984 0.479301046 0.246874611 0.353270138 0.764541459
10165.694977161 19.763476452 22.479707371 1.544811622 0.478241942 0.252248837 0.358566743 0.760976386
10165.728316025 19.800095902 22.460388443 1.539589417 0.478340306 0.256542020 0.362444827 0.757634801
10165.761688372 19.824167321 22.449285431 1.534114644 0.478571260 0.258794755 0.364417904 0.755774050
10165.795098899 19.864137632 22.432041610 1.525167991 0.479098150 0.261588566 0.366978444 0.753235160
10165.828440321 19.904394925 22.416739223 1.516313672 0.478924628 0.264596451 0.369246962 0.751183466
10165.861780640 19.933104773 22.408274323 1.511667256 0.478269856 0.267718609 0.370693324 0.749780735
10165.895172585 19.977636971 22.397582507 1.507994315 0.476930510 0.272597108 0.372330859 0.748062722
10165.928512410 20.023779220 22.389361185 1.507765256 0.475229288 0.276264140 0.372513447 0.747709155
10165.961889213 20.055832004 22.384120965 1.509857078 0.473770880 0.277958562 0.372361962 0.748082054
10165.995281773 20.100189904 22.377826948 1.514339601 0.471904606 0.277941520 0.371915850 0.749488595
10166.028612598 20.142447554 22.368073253 1.517041785 0.470324720 0.274737666 0.371833574 0.751700516
10166.061976842 20.170508232 22.363039465 1.517790290 0.469312100 0.271715770 0.372264011 0.753217232
10166.095430631 20.210715824 22.354460881 1.520927624 0.467804183 0.269506289 0.373041139 0.754563394
10166.128706307 20.252172302 22.345580695 1.526542197 0.467263055 0.268850695 0.373074241 0.755115985
10166.162072141 20.280761946 22.337021179 1.530975940 0.468053891 0.267756948 0.372008731 0.755540387
10166.195470883 20.321967704 22.324626453 1.535489999 0.470236043 0.266314373 0.369683870 0.755836328
10166.228813764 20.364689799 22.311616093 1.538785132 0.472632038 0.266471852 0.367364473 0.755417138
10166.262214638 20.394914788 22.302168157 1.538982128 0.474790357 0.267173201 0.365771434 0.754588534
10166.295560537 20.439111067 22.287134454 1.538078395 0.478349699 0.268138547 0.363718746 0.752988685
10166.328908531 20.484917729 22.271040476 1.535535638 0.482343293 0.269582007 0.362041346 0.750730679
10166.362291547 20.516449326 22.258778902 1.533224513 0.484997519 0.270837145 0.361484180 0.748834985
10166.395675358 20.557651202 22.241884553 1.528602756 0.488791933 0.271393821 0.361338642 0.746232019
10166.429003587 20.604687772 22.219651159 1.522361541 0.493320843 0.269573633 0.361765429 0.743700461
10166.462393156 20.629865976 22.207506113 1.519092760 0.495380111 0.268552602 0.362673437 0.742257384
10166.495757054 20.677199427 22.184613086 1.515566755 0.497655995 0.268289242 0.366367255 0.739009085
10166.529100865 20.723391250 22.160865286 1.515153360 0.498241359 0.267661902 0.371784540 0.736131041
10166.562468359 20.747241347 22.148632304 1.516387704 0.497646867 0.267365174 0.375372874 0.734818797
10166.595865122 20.791752743 22.128396881 1.521344988 0.495463402 0.264884365 0.382799848 0.733359780
10166.629201350 20.827202205 22.111771055 1.525692813 0.493119095 0.258430778 0.388292456 0.734354178
10166.662574035 20.845142418 22.105596246 1.527386134 0.490681193 0.255485891 0.391689631 0.735213002
10166.695969045 20.879830320 22.096356729 1.532458791 0.481713381 0.256796985 0.401141818 0.735590082
10166.729305127 20.913639935 22.088699926 1.538236991 0.469920266 0.264759699 0.411866674 0.734467895
10166.762670891 20.936375722 22.084179190 1.541576893 0.462062504 0.270850575 0.418570996 0.733441565
10166.796050857 20.968957348 22.078759558 1.544043713 0.452204132 0.278537498 0.426912721 0.731897407
10166.829420766 21.003157586 22.072375112 1.544450490 0.444406628 0.284032585 0.433717583 0.730559578
10166.862769551 21.026978928 22.067677087 1.542858442 0.440465328 0.286661445 0.437435708 0.729702345
10166.896167173 21.064301775 22.059617816 1.537903930 0.435509975 0.290273250 0.442698112 0.728073405
10166.929494861 21.102492833 22.053055084 1.531487154 0.431534236 0.294144893 0.447049573 0.726225629
10166.962867147 21.130207546 22.048760888 1.526059463 0.429520175 0.296307726 0.449470869 0.725044888
10166.996244810 21.171437722 22.043177182 1.517398075 0.427865120 0.298234214 0.452106501 0.723593466
10167.029594266 21.214701455 22.038559860 1.508008776 0.426817241 0.299912057 0.454247274 0.722176720
10167.062967221 21.240389807 22.036507448 1.503650836 0.426237552 0.301248434 0.455230760 0.721343112
10167.096387542 21.292183061 22.033423498 1.498372565 0.425428403 0.304592953 0.456377783 0.719689604
10167.129697111 21.339876095 22.030944715 1.497145001 0.425248571 0.306861783 0.456243402 0.718916864
10167.163082710 21.373741719 22.030998358 1.497677177 0.424943650 0.307821734 0.455544871 0.719129714
10167.196459673 21.420841191 22.031230063 1.500567939 0.424268170 0.308206652 0.454540767 0.719998521
10167.229792438 21.468296467 22.030618056 1.503884595 0.423727097 0.305721653 0.453746979 0.721874849
10167.263166154 21.493629647 22.029719938 1.504528252 0.423123280 0.303485718 0.453616724 0.723253051
10167.296546030 21.542424878 22.026094311 1.505490892 0.421447535 0.299918915 0.454146600 0.725383682
10167.329891184 21.585733820 22.023270827 1.510030014 0.420253733 0.298972361 0.453997389 0.726559494
10167.363268197 21.616412807 22.021386819 1.514887968 0.420838053 0.297916854 0.452428359 0.727632779
10167.396637228 21.653439086 22.019287394 1.521176564 0.423222995 0.295613526 0.448741034 0.729469961
10167.429989747 21.704236454 22.015144548 1.526105979 0.426768472 0.294251103 0.443399763 0.731219262
10167.463386365 21.749502397 22.012530026 1.527707934 0.429423635 0.295892743 0.439782655 0.731186736
10167.496767373 21.781391760 22.010466251 1.527871750 0.431755546 0.297427911 0.437574449 0.730515152
10167.530086829 21.828955422 22.003608580 1.526340154 0.436763794 0.298346319 0.434559959 0.728961250
10167.563457212 21.878452743 21.993653407 1.523695717 0.443397048 0.297409984 0.431677102 0.727049682
10167.596828022 21.911874475 21.986274839 1.521361079 0.448315556 0.296053469 0.429869967 0.725656473
10167.630186681 21.960091537 21.973589330 1.516726992 0.455883127 0.292587513 0.427469785 0.723762879
10167.663566648 22.006170335 21.960571772 1.510991240 0.462855434 0.288217091 0.425852501 0.722042522
10167.696936118 22.039953200 21.951008209 1.507417216 0.466315110 0.286955438 0.425819116 0.720336640
10167.730284715 22.091862570 21.936336279 1.506009254 0.470226773 0.286558440 0.426668707 0.717443278
10167.763671393 22.141400880 21.921247505 1.507034702 0.474220821 0.283753427 0.427190872 0.715616213
10167.797035320 22.174988779 21.910673425 1.509233399 0.475946906 0.281760876 0.428306606 0.714589954
10167.830390824 22.221644235 21.897448823 1.513863717 0.476100644 0.279985992 0.431905678 0.713017185
10167.863758607 22.263428189 21.887348178 1.518191096 0.475203267 0.275810727 0.435994520 0.712754569
10167.897123250 22.288666746 21.881655515 1.520740642 0.473339137 0.273281059 0.439362333 0.712901301
10167.930481045 22.329422968 21.875797275 1.525972042 0.466085537 0.275137662 0.447405804 0.711963191
10167.963861457 22.368991149 21.870239773 1.531169217 0.456889100 0.281234296 0.456085332 0.710032247
10167.997232151 22.395065366 21.868384686 1.534834769 0.451305580 0.284973317 0.461023898 0.708922032
10168.030583915 22.432068263 21.866158699 1.537792927 0.444876145 0.289154201 0.466268395 0.707862166
10168.063965453 22.470901717 21.864832543 1.537932272 0.438996835 0.293537556 0.470463182 0.706952527
10168.097337979 22.496777763 21.864393491 1.536462581 0.435449019 0.296740827 0.472876288 0.706199016
10168.130676929 22.538835777 21.863477473 1.532563676 0.431131797 0.301248268 0.475566901 0.705131887
10168.164060467 22.580382521 21.863733497 1.527130562 0.428357309 0.304619386 0.476968646 0.704427396
10168.197418304 22.611409718 21.862915712 1.521096696 0.427026808 0.306640449 0.477323141 0.704118142
10168.230776128 22.656915299 21.862505128 1.511366111 0.425703746 0.309128063 0.477230739 0.703894156
10168.264156880 22.704945407 21.863392716 1.500660095 0.424143863 0.311827185 0.477121317 0.703719432
10168.297528234 22.732601108 21.864478907 1.495066378 0.422849515 0.314109599 0.477129235 0.703477889
10168.330875308 22.788335863 21.866909170 1.487565946 0.419366010 0.321048100 0.477497269 0.702179909
10168.364270835 22.842127505 21.869431909 1.485781865 0.416511479 0.327197606 0.477266201 0.701196754
10168.397620295 22.871394907 21.872260201 1.486291588 0.415441911 0.329798185 0.476542965 0.701104827
10168.430976012 22.930848128 21.876484140 1.491339522 0.415707424 0.330711446 0.474195103 0.702108454
10168.464398473 22.983117732 21.877017860 1.497245517 0.418055109 0.325761863 0.471676663 0.704719987
10168.497725360 23.015839015 21.876097833 1.500136781 0.419809929 0.320696144 0.470493178 0.706788353
10168.531075694 23.061188856 21.873277543 1.504733165 0.422329732 0.313066946 0.469181986 0.709573779
10168.564448396 23.105731547 21.869884519 1.511756408 0.425452184 0.306084947 0.467038702 0.712163812
10168.597831274 23.136583689 21.868138374 1.517414183 0.428356343 0.300960380 0.464350640 0.714361377
10168.631173004 23.180506153 21.864751228 1.524783918 0.432922676 0.293864077 0.459452757 0.717722108
10168.664559719 23.227704783 21.860050877 1.529218938 0.437212841 0.288098229 0.454626956 0.720526664
10168.697918083 23.257104864 21.857973528 1.531188466 0.439504069 0.285483178 0.452183475 0.721710214
10168.731278713 23.302925390 21.853867824 1.531705373 0.443004988 0.282426498 0.449275153 0.722588189
10168.764646036 23.348238975 21.848945373 1.530033719 0.446826647 0.279440133 0.446907694 0.722864214
10168.798011956 23.378906099 21.844348529 1.527662163 0.449703269 0.277203467 0.445328606 0.722916068
10168.831386782 23.428675614 21.835586497 1.521476822 0.454732859 0.273245657 0.442708461 0.722885922
10168.864757711 23.476225138 21.826365544 1.514113515 0.459498822 0.269267408 0.440434204 0.722754182
10168.898120887 23.509883738 21.819476556 1.509091104 0.461816740 0.267814928 0.439659022 0.722288313
10168.931475299 23.560859549 21.810663464 1.504283789 0.463055446 0.269837074 0.440331427 0.720330370
10168.964841286 23.612256187 21.801241006 1.503028165 0.464410342 0.272555031 0.441236120 0.717877062
10168.998223002 23.648099127 21.794720606 1.504878524 0.465427560 0.273625019 0.441954280 0.716367887
10169.031565699 23.700052381 21.785550445 1.509479086 0.465311371 0.276710813 0.444711593 0.713546112
10169.064941693 23.746367399 21.777701404 1.514987058 0.464844086 0.276793149 0.447593583 0.712015107
10169.098302859 23.776725158 21.773042873 1.517762141 0.464375338 0.274410119 0.449409389 0.712099595
10169.131663678 23.812796611 21.769775231 1.521363190 0.461503305 0.273624589 0.452954146 0.712023051
10169.165043313 23.858099899 21.768428231 1.526919244 0.454202880 0.278432183 0.459810480 0.710457307
10169.198420973 23.881669978 21.768171033 1.529937242 0.450303703 0.281412474 0.463260649 0.709523196
10169.231767673 23.925233764 21.768524714 1.534739404 0.444109843 0.286293406 0.468460415 0.708058877
10169.265163349 23.963906237 21.768777314 1.535741985 0.438869095 0.290962123 0.472474108 0.706755387
10169.298517733 23.986908422 21.769578215 1.535237404 0.436176786 0.293739442 0.474518804 0.705902866
10169.331866139 24.033412521 21.771548606 1.531990264 0.432009643 0.298168157 0.477504454 0.704594149
10169.365242430 24.077430536 21.774016558 1.526913231 0.429833986 0.300895457 0.478718461 0.703941264
10169.398596912 24.100582099 21.775610627 1.523335227 0.429052456 0.302072643 0.479003659 0.703719833
10169.431960977 24.152237511 21.779626592 1.513678739 0.427862731 0.304061697 0.479137712 0.703496283
10169.465359849 24.196535022 21.784360449 1.502890681 0.426480350 0.305425724 0.479666897 0.703384181
10169.498704281 24.228006754 21.787989591 1.495540500 0.424963331 0.307247697 0.480366835 0.703031097
10169.532058530 24.277319401 21.795702029 1.488538208 0.422396444 0.311324038 0.481120365 0.702269024
10169.565432209 24.328535011 21.805205462 1.485813332 0.420422254 0.314781442 0.480963280 0.702020011
10169.598802189 24.362965508 21.812193241 1.485926871 0.418883418 0.316858379 0.480480084 0.702336343
10169.632168176 24.414618434 21.822228356 1.488897493 0.416501832 0.319329957 0.480204085 0.702821911
10169.665533092 24.462591037 21.830038514 1.492681895 0.415045192 0.318685366 0.480619666 0.703691597
10169.698897991 24.489097425 21.832097799 1.493979007 0.414830097 0.316736771 0.480951605 0.704470980
10169.732257623 24.540867010 21.833986232 1.498843842 0.416750963 0.311019902 0.480655666 0.706084547
10169.765642445 24.587448114 21.834351340 1.506860654 0.421475099 0.304509825 0.478196890 0.707785449
10169.799006251 24.612838104 21.834420259 1.512119220 0.424853842 0.300747962 0.475941597 0.708893132
10169.832371095 24.665850517 21.834972307 1.520341451 0.431260531 0.294796453 0.470921436 0.710874396
10169.865742414 24.712293590 21.836120287 1.524183283 0.435324652 0.292519501 0.467809074 0.711392619
10169.899100762 24.737829386 21.836971783 1.525183747 0.437006378 0.292360641 0.466868092 0.711044911
10169.932451010 24.790628425 21.836526367 1.523641769 0.439618573 0.293207904 0.466629562 0.709240077
10169.965845623 24.837497841 21.834528212 1.520017496 0.442496314 0.292987086 0.466890645 0.707367447
10169.999184006 24.870589155 21.832056871 1.516858070 0.445417117 0.291570314 0.466794209 0.706182349
10170.032548094 24.916019363 21.826135975 1.512163109 0.450564006 0.287898099 0.466139973 0.704854798
10170.065935888 24.963074059 21.819894772 1.506556902 0.455266130 0.283972651 0.465989322 0.703524155
10170.099322470 24.989592287 21.816164651 1.502917276 0.456498305 0.283290268 0.467001476 0.702328658
10170.132659635 25.043638867 21.810154438 1.499297855 0.456144020 0.285993513 0.471029493 0.698764310
10170.166025548 25.096447380 21.803054783 1.499177732 0.456435750 0.287154701 0.474589925 0.695681671
10170.199401601 25.124410083 21.799256448 1.499735343 0.456609893 0.286766077 0.476645724 0.694320874
10170.232767315 25.177165100 21.791696604 1.503487729 0.454200466 0.288188190 0.482858006 0.691012048
10170.266135202 25.223323228 21.786219066 1.507786861 0.451140304 0.287330729 0.489236356 0.688884073
10170.299484464 25.246612872 21.784268849 1.510075551 0.449442672 0.285472914 0.492328495 0.688563108
10170.332853698 25.290864984 21.781853326 1.514749099 0.443242295 0.284435355 0.499960918 0.687511365
10170.366219571 25.328254375 21.782109845 1.520296041 0.435538060 0.286789039 0.507292263 0.686085422
10170.399600088 25.350119817 21.782659352 1.523874506 0.431313921 0.287804601 0.511022270 0.685560393
10170.432952890 25.391644317 21.782838914 1.527834578 0.424600182 0.289269556 0.517242516 0.684469129
10170.466333427 25.432254065 21.783194386 1.528604714 0.419138257 0.290456923 0.522115738 0.683632251
10170.499681097 25.453947904 21.783841136 1.527401733 0.416631135 0.291109831 0.524290571 0.683222482
10170.533041399 25.502113854 21.787024737 1.523456969 0.412240480 0.292572583 0.527761910 0.682588044
10170.566411115 25.542737442 21.791023126 1.518779821 0.409341404 0.294088138 0.530122655 0.681851709
10170.599782254 25.567617766 21.793133176 1.514905929 0.408000955 0.295098552 0.531149559 0.681419263
10170.633140289 25.615101558 21.799554205 1.506505020 0.405720163 0.296878667 0.532980352 0.680577807
10170.666515695 25.663321164 21.806222591 1.495485304 0.402651744 0.300076249 0.535233003 0.679228570
10170.699890488 25.695675596 21.811064748 1.489674338 0.400246813 0.303364645 0.536759270 0.677983678
10170.733237739 25.745201554 21.818810002 1.485039715 0.397665223 0.308327887 0.538224979 0.676099221
10170.766603217 25.794882301 21.826766778 1.483374015 0.396671040 0.311392501 0.538447247 0.675100999
10170.799971451 25.824975753 21.831964784 1.483874220 0.396396021 0.312753325 0.538139869 0.674878533
10170.833347921 25.883576527 21.841261104 1.486951960 0.395957048 0.314232947 0.537513452 0.674948117
10170.866700766 25.933406865 21.846054101 1.489853090 0.397412850 0.311711757 0.536910545 0.675740981
10170.900065605 25.960649339 21.846794007 1.490926293 0.399126555 0.308535197 0.536298756 0.676673976
10170.933431837 26.015277978 21.847227829 1.495839285 0.404389761 0.301242881 0.533682217 0.678899800
10170.966806733 26.062512619 21.848166244 1.503755962 0.410378248 0.295610073 0.529323864 0.681190594
10171.000184657 26.089270581 21.849065498 1.509263413 0.413793930 0.293131460 0.526046143 0.682732734
10171.033531387 26.140451072 21.851819259 1.517681744 0.419917704 0.289868950 0.519289358 0.685553555
10171.066901193 26.192991205 21.854639199 1.521874013 0.424392174 0.289592245 0.513441327 0.687317698
10171.100266813 26.219790031 21.855817368 1.521985355 0.426159047 0.290440668 0.511115016 0.687600266
10171.133633752 26.276246847 21.856611021 1.518860067 0.429843990 0.293065395 0.507152611 0.687126660
10171.166999352 26.324912400 21.855881466 1.515209552 0.434739127 0.294540915 0.503398582 0.686175931
10171.200367459 26.354177667 21.854231377 1.512215219 0.438170316 0.294949238 0.500964570 0.685599169
10171.233733096 26.407205682 21.849758535 1.506448843 0.445065587 0.295355051 0.496281548 0.684387786
10171.267098148 26.466021287 21.843780609 1.499024987 0.452279608 0.295689142 0.491741683 0.682789283
10171.300475836 26.494875482 21.840544436 1.495530995 0.454765783 0.296944687 0.490365003 0.681582057
10171.333847209 26.554420710 21.834296553 1.492120107 0.457286281 0.302058900 0.489708472 0.678111563
10171.367201268 26.610969775 21.827210962 1.492416764 0.459201015 0.306028475 0.489871951 0.674912195
10171.400561254 26.640195293 21.823194484 1.493849289 0.460456110 0.306646429 0.489917557 0.673742477
10171.433939228 26.697266256 21.814086046 1.499977755 0.463861646 0.304290029 0.489494890 0.672781320
10171.467320073 26.740481087 21.807440845 1.504980370 0.465996071 0.299252432 0.489022381 0.673908565
10171.500674734 26.770037358 21.804870078 1.508588202 0.465331555 0.296916312 0.489708473 0.674902111
10171.534036671 26.808093478 21.804008928 1.514740271 0.460022697 0.299119552 0.493087602 0.675108309
10171.567403347 26.851599992 21.805195382 1.521610194 0.452178453 0.305367155 0.497518839 0.674359364
10171.600771302 26.874054343 21.806237221 1.525041156 0.448075472 0.308804788 0.499461945 0.674096239
10171.634147206 26.919776038 21.807556154 1.529309015 0.441434504 0.314690499 0.501987501 0.673879825
10171.667497724 26.961564973 21.808585742 1.529964825 0.436786484 0.319275516 0.503001740 0.673995521
10171.700865264 27.004839895 21.810723053 1.528940475 0.433179882 0.323380174 0.503064442 0.674319375
10171.734242863 27.033178555 21.811883198 1.527841564 0.431736166 0.325353939 0.502622011 0.674625683
10171.767600037 27.080650211 21.814070282 1.523897840 0.430543733 0.327710998 0.501040647 0.675422731
10171.800957855 27.125773190 21.816514645 1.518978424 0.430804599 0.328395733 0.498872907 0.676527504
10171.834358307 27.157882892 21.817814078 1.513682512 0.431433212 0.328067648 0.497271147 0.677464691
10171.867698896 27.201877746 21.820489926 1.505111560 0.431776734 0.327391551 0.495413051 0.678932642
10171.901069996 27.249027391 21.824312216 1.496978890 0.431481000 0.327510759 0.493666589 0.680333851
10171.934445272 27.281700956 21.827398821 1.493493830 0.431022874 0.327744269 0.492335820 0.681475177
10171.967788987 27.328642857 21.833350178 1.490828568 0.429463282 0.328570052 0.490614742 0.683300948
10172.001157113 27.373904105 21.841351643 1.490235488 0.426677691 0.329150616 0.489347305 0.685671376
10172.034539888 27.404951529 21.846351159 1.491519787 0.424966854 0.328006555 0.488783727 0.687681133
10172.067892476 27.447628561 21.851500445 1.493718942 0.422661628 0.323926017 0.488927083 0.690926473
10172.101253476 27.490177034 21.854273997 1.494859039 0.420405448 0.318059706 0.490239443 0.694091183
10172.134647392 27.518541848 21.855129504 1.496471356 0.419604062 0.313818137 0.490861439 0.696064405
10172.167987187 27.556022501 21.855841944 1.501390711 0.420261250 0.307776712 0.490129957 0.698875241
10172.201361005 27.601036272 21.856119994 1.508912251 0.423094667 0.300463520 0.486930931 0.702574441
10172.234776789 27.625670590 21.855725152 1.512967920 0.424819794 0.297483611 0.484769828 0.704293872
10172.268092303 27.675593504 21.856890329 1.518666381 0.427657739 0.294408126 0.480329120 0.706906394
10172.301453835 27.719900966 21.857422872 1.520766359 0.430361306 0.293670828 0.476563144 0.708120160
10172.334859267 27.746785057 21.857430228 1.520795020 0.432371896 0.293609065 0.474208270 0.708501783
10172.368188858 27.790546686 21.856227101 1.519872319 0.436326986 0.293603984 0.470406236 0.708613742
10172.401567149 27.844434924 21.853146015 1.516794026 0.441227896 0.294528573 0.466135684 0.708017223
10172.434930270 27.871689677 21.850959109 1.514642187 0.443730502 0.295160760 0.464133159 0.707505321
10172.468322886 27.927349769 21.845773303 1.508788032 0.449330303 0.295241902 0.460080140 0.706583868
10172.501677847 27.976114297 21.838938270 1.502004692 0.453976799 0.294209463 0.457284551 0.705858837
10172.535062499 28.011628779 21.834533195 1.498075834 0.456088168 0.294706019 0.456450264 0.704829839
10172.568386622 28.061602902 21.826604442 1.495638889 0.457951916 0.296787532 0.456592373 0.702652551
10172.601750314 28.111746515 21.817919582 1.496240555 0.459670459 0.297001228 0.457398833 0.700913437
10172.635154360 28.144956106 21.811399726 1.498072432 0.460637616 0.296331339 0.458535915 0.699818218
10172.668485041 28.191728058 21.800859975 1.503053257 0.462003134 0.292814745 0.460727532 0.698958347
10172.701857740 28.232690508 21.791149866 1.507283659 0.463261930 0.285819177 0.462720931 0.699703596
10172.735242146 28.258710923 21.785752345 1.509944755 0.462815655 0.281471259 0.464649541 0.700482979
10172.768584970 28.295314180 21.781527686 1.514839072 0.458551438 0.280744631 0.469500060 0.700344718
10172.801977639 28.333384279 21.779187276 1.520846447 0.451885564 0.284841483 0.475659714 0.698865226
10172.835400551 28.359607816 21.777658039 1.524189770 0.448175120 0.287507876 0.478941222 0.697920904
10172.868688401 28.398962063 21.774825896 1.527796362 0.443977582 0.291100836 0.482354777 0.696762570
10172.902048396 28.439801105 21.772344437 1.529057913 0.441258611 0.294119711 0.484184879 0.695952180
10172.935436095 28.468078045 21.770943761 1.528687869 0.439874357 0.296101023 0.484789888 0.695567034
10172.968799820 28.506810994 21.768967676 1.526462632 0.438623643 0.298746728 0.485031055 0.695057241
10173.002161604 28.555176516 21.768082383 1.522442518 0.437694801 0.301836835 0.484363683 0.694773063
10173.035542585 28.585994026 21.768343424 1.519015764 0.437461397 0.303399386 0.483492400 0.694846341
10173.068882156 28.631098815 21.767881394 1.511871400 0.437444974 0.304635565 0.482008476 0.695346602
10173.102242080 28.677112483 21.768154956 1.502908337 0.436930771 0.305391855 0.480749598 0.696209121
10173.135638198 28.702505221 21.768619929 1.497345657 0.435962923 0.306309523 0.480492993 0.696589757
10173.168977318 28.755501682 21.770871642 1.489150621 0.432389529 0.310132110 0.480628855 0.697031760
10173.202344192 28.804365216 21.774889341 1.486173785 0.428852679 0.313391246 0.480804258 0.697637851
10173.235734976 28.829822966 21.777023300 1.485730588 0.427132353 0.314430981 0.480360556 0.698530491
10173.269092848 28.883565021 21.780472236 1.490201369 0.425707143 0.313309471 0.478628157 0.701088933
10173.302465761 28.930804969 21.780349667 1.495462226 0.426088568 0.308333877 0.476858202 0.704262031
10173.335847832 28.955753142 21.779138570 1.497521822 0.426658159 0.304265312 0.475923652 0.706315873
10173.369179765 29.006088987 21.774722314 1.500967595 0.429367894 0.293923381 0.473536740 0.710644224
10173.402541461 29.048344902 21.771142398 1.507151782 0.432510885 0.286590767 0.470512709 0.713735145
10173.435942014 29.077901921 21.768497988 1.512799935 0.434758648 0.283066910 0.467988110 0.715433555
10173.469295994 29.121393853 21.765357357 1.519564641 0.437776083 0.280049804 0.463882238 0.717452074
10173.502641307 29.163203073 21.762414148 1.524741687 0.440666615 0.279511919 0.459710814 0.718576362
10173.536030879 29.195293825 21.759852196 1.526043299 0.442876164 0.279996171 0.456960967 0.718783363
10173.569370637 29.243813975 21.754885250 1.526140247 0.447271399 0.280737510 0.452542764 0.718567877
10173.602741080 29.289448349 21.748361082 1.525169833 0.452315675 0.281343933 0.448544702 0.717679435
10173.636130117 29.322460479 21.742799248 1.523493987 0.455995499 0.281970620 0.446052754 0.716657251
10173.669471451 29.369465561 21.733429864 1.519795915 0.461844718 0.281835127 0.442534449 0.715144517
10173.702843525 29.406786549 21.724560515 1.515656648 0.467163113 0.280025794 0.439473483 0.714287924
10173.736237416 29.448306609 21.712924536 1.510808732 0.473475826 0.276436291 0.436237176 0.713512961
10173.769576623 29.495867327 21.699025587 1.505068563 0.478533122 0.273870649 0.434613449 0.712118016
10173.802945189 29.543217887 21.685788719 1.502354536 0.480441770 0.275175159 0.435901700 0.709537911
10173.836334390 29.576654714 21.676303057 1.502309663 0.480697062 0.276745861 0.437909976 0.707514605
10173.869677172 29.620090933 21.662392077 1.505558330 0.480186470 0.278504042 0.441644580 0.704845031
10173.903041016 29.665350407 21.649028790 1.511788043 0.478879188 0.278992417 0.446222789 0.702654380
10173.936426694 29.693881533 21.641150784 1.516072349 0.478098982 0.277394725 0.448920496 0.702099650
10173.969771449 29.734153792 21.630333940 1.520655115 0.476218153 0.272941118 0.453126207 0.702421566
10174.003144902 29.770686819 21.623306096 1.525149911 0.471476277 0.272345635 0.458598936 0.702299788
10174.036534711 29.790170686 21.620753554 1.527561424 0.467499865 0.274801098 0.462499516 0.701443106
10174.069866337 29.828211185 21.616871022 1.532949804 0.459106167 0.281455069 0.469778189 0.699509131
10174.103269027 29.868858411 21.613511733 1.536623572 0.451484045 0.288673357 0.475752149 0.697488167
10174.136638804 29.890752198 21.611911795 1.537113936 0.448141064 0.292459957 0.478322839 0.696307419
10174.169971788 29.932468474 21.609332951 1.537095101 0.443220263 0.298922384 0.481679716 0.694396038
10174.203343560 29.976747120 21.606875101 1.535260906 0.441374198 0.302765589 0.482847378 0.693094672
10174.236724099 30.002289952 21.605087766 1.533376303 0.441200696 0.304158967 0.482854616 0.692589841
10174.270076234 30.050980345 21.602889137 1.528716873 0.441703222 0.306383230 0.481985863 0.691893928
10174.303444744 30.096184716 21.601260349 1.521918032 0.443080834 0.306824279 0.480301927 0.691988652
10174.336829654 30.122256022 21.600139186 1.516614239 0.443904042 0.306340476 0.479215326 0.692428614
10174.370168164 30.171535676 21.601037038 1.504963644 0.444089837 0.305901690 0.477498941 0.693688067
10174.403536392 30.217397157 21.604875651 1.497075875 0.442225029 0.308091419 0.476470078 0.694617136
10174.436909862 30.248895592 21.608683495 1.493871471 0.440213727 0.310327089 0.475740642 0.695399032
10174.470271933 30.297724564 21.616262623 1.492138381 0.436511981 0.313246234 0.474290144 0.697411604
10174.503651075 30.344185040 21.624471320 1.494578185 0.432997467 0.315001634 0.472302754 0.700155178
10174.537026875 30.368176386 21.628938224 1.497110451 0.431599053 0.314352403 0.471266616 0.702006126
10174.570368924 30.414237524 21.633402992 1.501195382 0.429816050 0.310217194 0.469806350 0.705907536
10174.603749525 30.460009475 21.634045484 1.504726738 0.430232837 0.302317417 0.468076362 0.710217154
10174.637112291 30.484083826 21.633197012 1.507960380 0.431607778 0.297234044 0.466509997 0.712555311
10174.670466063 30.530442188 21.631997749 1.516833342 0.435458376 0.286902593 0.462193663 0.717244674
10174.703836922 30.570432521 21.631025778 1.523696894 0.438497535 0.280422831 0.458199781 0.720510866
10174.737205766 30.599077569 21.630683232 1.527077308 0.440287358 0.277505033 0.455521999 0.722244908
10174.770569307 30.640604614 21.630291788 1.529157004 0.443278326 0.274225628 0.451398983 0.724253815
10174.803956877 30.684243026 21.628755494 1.529762471 0.447080549 0.271527739 0.446871320 0.725739412
10174.837336373 30.714902063 21.627227484 1.528713420 0.449847042 0.270106275 0.443775495 0.726459599
10174.870659135 30.760981514 21.623607425 1.527289393 0.454607658 0.268177906 0.438729425 0.727275037
10174.904035098 30.807064313 21.618659910 1.524123087 0.459577407 0.266433563 0.433918612 0.727678777
10174.937402072 30.832556140 21.615337479 1.521645566 0.462507609 0.265195601 0.431264287 0.727852402
10174.970763916 30.884037462 21.606279815 1.515446447 0.468776028 0.261352333 0.426229588 0.728198003
10175.004139351 30.931907191 21.597450845 1.509035678 0.473811379 0.258202420 0.422899495 0.728004330
10175.037498379 30.965879267 21.591174224 1.505780353 0.476251634 0.257826390 0.421805782 0.727179356
10175.070862984 31.014550740 21.581593278 1.503573107 0.478928547 0.258729037 0.421538778 0.725252916
10175.104262271 31.063983740 21.570268356 1.503460910 0.481531100 0.258679872 0.421998945 0.723276858
10175.137624248 31.091416467 21.563557248 1.504369694 0.482656043 0.258457489 0.422841595 0.722113465
10175.170974163 31.144770506 21.550149953 1.508609680 0.484559955 0.257070952 0.425256204 0.719912034
10175.204328814 31.190299972 21.539747573 1.513472321 0.487043569 0.251108264 0.426047768 0.719872559
10175.237698632 31.219550042 21.534318496 1.517145492 0.488177574 0.246423000 0.426131842 0.720673307
10175.271058332 31.259531737 21.529439711 1.522847009 0.486770775 0.244228176 0.428102494 0.721203900
10175.304448844 31.298648335 21.526305151 1.528197121 0.482585705 0.247325940 0.431889687 0.720702584
10175.337814443 31.326554725 21.524575227 1.531334761 0.479559504 0.250164512 0.434306170 0.720290601
10175.371157074 31.367059251 21.523216971 1.535209408 0.475916433 0.253772233 0.436545831 0.720090925
10175.404544572 31.408089620 21.521924381 1.535764678 0.472525905 0.257849554 0.438087626 0.719938962
10175.437902056 31.431162671 21.522027707 1.535067003 0.470647503 0.260500605 0.438661209 0.719865756
10175.471263625 31.475260823 21.522035209 1.532120086 0.467729847 0.264965743 0.438898070 0.719993354
10175.504644176 31.524030424 21.522681423 1.527795219 0.465412856 0.268801689 0.437947039 0.720651730
10175.537996318 31.557013312 21.523156310 1.523191395 0.464319309 0.270817121 0.436933129 0.721217794
10175.571354635 31.602101267 21.524563623 1.514835638 0.462731581 0.273308434 0.435653590 0.722071973
10175.604730193 31.650487303 21.525666350 1.505191275 0.461271938 0.275040564 0.434479890 0.723054709
10175.638094143 31.684002309 21.527305904 1.499285628 0.460353701 0.276213645 0.433432474 0.723820960
10175.671450657 31.730787266 21.529418922 1.495938983 0.459161692 0.278095826 0.431898090 0.724773959
10175.704842289 31.786303579 21.532992064 1.493395584 0.457529695 0.280637223 0.429898359 0.726014276
10175.738197562 31.822483918 21.536683125 1.493155130 0.456380991 0.281748082 0.428072700 0.727384474
10175.771567228 31.873939220 21.540069008 1.497128005 0.455760230 0.281744570 0.425358204 0.729364798
10175.804926128 31.914900345 21.541218758 1.500813167 0.455698766 0.279822857 0.423465607 0.731241877
10175.838315841 31.953372258 21.540627225 1.504481967 0.456128259 0.276457109 0.421932974 0.733137807
10175.871653912 31.997704302 21.537079154 1.509206828 0.458161602 0.270995959 0.419547986 0.735274523
10175.905025648 32.044612991 21.532201549 1.517521445 0.462798708 0.263284729 0.415084945 0.737701156
10175.938389545 32.088414648 21.526793927 1.525996838 0.467881478 0.256444014 0.409621781 0.739954990
10175.971750473 32.118396936 21.523577330 1.530327024 0.471183917 0.252734829 0.405544382 0.741380184
10176.005150426 32.164416638 21.518016056 1.534727948 0.474987737 0.249706893 0.400037119 0.742969327
10176.038501382 32.205562461 21.513173341 1.537063003 0.478330391 0.248843958 0.395080326 0.743766265
10176.071861941 32.230373463 21.509505933 1.538423587 0.480456811 0.248920896 0.391993477 0.744003195
10176.105248227 32.278245301 21.502445596 1.536884264 0.483956635 0.249651139 0.387148569 0.744027062
10176.138588143 32.322888409 21.494364595 1.534531873 0.487266288 0.250617954 0.383195877 0.743588008
10176.171950285 32.355024324 21.487529852 1.531774040 0.489630365 0.250964898 0.380678499 0.743211010
10176.205337142 32.398796396 21.475896002 1.526434385 0.493379310 0.250044932 0.377165366 0.742832872
10176.238693089 32.444855558 21.463269842 1.519761183 0.496842451 0.248044941 0.374579289 0.742503631
10176.272064942 32.475954393 21.453769258 1.515287145 0.498297492 0.247710508 0.374080149 0.741891607
10176.305434514 32.521979141 21.438976344 1.511441629 0.498844098 0.250343105 0.375814988 0.739760766
10176.338793118 32.568015963 21.423906968 1.511825310 0.498805075 0.253375833 0.378844189 0.737205036
10176.372151035 32.600485996 21.413099194 1.514871324 0.498910992 0.254703067 0.381125486 0.735498153
10176.405515917 32.644062530 21.397882435 1.522010949 0.498860936 0.254180124 0.384163425 0.734131252
10176.438883103 32.682829265 21.383894255 1.528854043 0.498779160 0.249359049 0.386169981 0.734787153
10176.472263900 32.705373599 21.377027633 1.531655480 0.498379411 0.245025047 0.387306048 0.735917601
10176.505636857 32.743187827 21.367525850 1.536317740 0.495073060 0.241428033 0.390843420 0.737466332
10176.538990708 32.778434454 21.361200202 1.541723603 0.488744046 0.245093177 0.396464046 0.737478713
10176.572355227 32.804647227 21.357679132 1.544659282 0.483855421 0.249275975 0.400322661 0.737215835
10176.605721033 32.841509504 21.352725932 1.547524912 0.477688863 0.254723698 0.404413736 0.737142264
10176.639087914 32.878449648 21.347704102 1.548038667 0.472462357 0.259813900 0.407074700 0.737269453
10176.672443710 32.904494385 21.344447646 1.547095024 0.469505636 0.263314419 0.408095111 0.737352260
10176.705816263 32.944112107 21.339489829 1.545117784 0.466306886 0.267754755 0.408352397 0.737640562
10176.739178733 32.985021962 21.334731021 1.541330721 0.464430352 0.271179897 0.407441123 0.738076990
10176.772547179 33.012751703 21.331376893 1.537366800 0.463633100 0.273035997 0.406511085 0.738406684
10176.805917630 33.055857104 21.326532247 1.530146451 0.462929630 0.275325388 0.404831308 0.738920632
10176.839309352 33.097178053 21.322654485 1.521652779 0.462284916 0.276764602 0.403374107 0.739583221
10176.872654583 33.122314452 21.320608250 1.516789548 0.461785071 0.277480772 0.402723338 0.739981677
10176.906033244 33.173851107 21.317303553 1.509678588 0.460289396 0.279561246 0.401728073 0.740671139
10176.939384863 33.219564399 21.315770787 1.507032720 0.457915743 0.282741600 0.401543680 0.741035109
10176.972756237 33.245663413 21.315323306 1.506491901 0.456158297 0.284405160 0.401730532 0.741381072
10177.006110974 33.299204972 21.315043155 1.507000977 0.452608248 0.284961876 0.401816528 0.743294006
10177.039475842 33.342037169 21.313389250 1.508162830 0.450683926 0.279816162 0.401435129 0.746616871
10177.072839624 33.368501578 21.311077171 1.508750072 0.449538995 0.274514504 0.401589130 0.749187993
10177.106242289 33.408517650 21.306138937 1.509436424 0.447437158 0.266614215 0.402675107 0.752708183
10177.139584278 33.447081540 21.301194456 1.513601988 0.445617842 0.260746188 0.403430939 0.755433413
10177.172945217 33.468359038 21.298568339 1.517624438 0.445017722 0.258006578 0.403133032 0.756885454
10177.206313161 33.512736828 21.293521735 1.526173446 0.445092004 0.252663023 0.400960305 0.759792958
10177.239683270 33.551533415 21.289029913 1.531464929 0.445632320 0.249535451 0.398657377 0.761719233
10177.273045243 33.572233566 21.286466171 1.533642601 0.445810926 0.249005095 0.397713300 0.762281583
10177.306421191 33.617477635 21.280678778 1.534322842 0.446159992 0.250688723 0.396822941 0.761989488
10177.339781070 33.659350257 21.273685617 1.533263769 0.447399302 0.253722832 0.396688794 0.760326633
10177.373145069 33.687140924 21.268137938 1.531278906 0.448891714 0.255700606 0.396615564 0.758821140
10177.406512709 33.731919060 21.257587274 1.528183032 0.452392749 0.257900351 0.396215970 0.756201769
10177.439881797 33.774469211 21.245341814 1.523682271 0.457248795 0.258282694 0.395247867 0.753652913
10177.473275698 33.803782525 21.236184640 1.520016670 0.460874967 0.257519245 0.394419823 0.752137692
10177.506608458 33.842358544 21.223989523 1.514589550 0.464968450 0.256912492 0.394125813 0.749976770
10177.539972142 33.894825559 21.207886296 1.510615926 0.468212205 0.259820915 0.396055267 0.745929386
10177.573339244 33.921055896 21.199342943 1.510203671 0.469452912 0.261726475 0.397796130 0.743553263
10177.606713507 33.973818181 21.182929317 1.513386201 0.471103062 0.264758055 0.402154933 0.739078133
10177.640079488 34.018756880 21.168707213 1.519367914 0.471222619 0.267910533 0.407676382 0.734828659
10177.673441577 34.048032193 21.159648774 1.524279577 0.471083804 0.268551746 0.411559600 0.732515328
10177.706816107 34.087992662 21.146802467 1.530832919 0.470957641 0.265671864 0.416862114 0.730645836
10177.740185854 34.124616610 21.137075948 1.535682229 0.468526465 0.263877274 0.423351713 0.729126233
10177.773552626 34.143431847 21.133663761 1.538047938 0.465562515 0.265642133 0.427740485 0.727821324
10177.806909452 34.184740112 21.128416606 1.544146159 0.456870870 0.274652271 0.439198681 0.723145668
10177.840281349 34.220378153 21.124326052 1.547867183 0.449838977 0.283148872 0.448233751 0.718719775
10177.873637005 34.240148698 21.122188602 1.549215692 0.446520953 0.287371771 0.452692145 0.716314405
10177.907005821 34.276310472 21.118422155 1.549687833 0.441429577 0.294504376 0.459715642 0.712087515
10177.940371714 34.318079829 21.115900528 1.548701085 0.436473989 0.303011974 0.466928695 0.706860520
10177.973737281 34.343337838 21.114417217 1.546791322 0.434187848 0.307699846 0.470631177 0.703781225
10178.007110070 34.379830957 21.113528899 1.543061146 0.431185787 0.314353807 0.475712754 0.699255230
10178.040469609 34.417774347 21.112566814 1.537095742 0.428791421 0.320212583 0.480341791 0.694891059
10178.073842185 34.443215113 21.112552254 1.531883830 0.427349764 0.323613221 0.483278873 0.692161970
10178.107204131 34.484890385 21.113848327 1.523250723 0.424481435 0.328759378 0.487897039 0.688250872
10178.140568281 34.524580569 21.118115687 1.515869629 0.420447023 0.335037129 0.492311188 0.684546651
10178.173951993 34.552158246 21.122338575 1.512871385 0.417353212 0.339587894 0.495032266 0.682231203
10178.207308928 34.594774343 21.129422449 1.510834877 0.413063088 0.345225844 0.498305149 0.679624882
10178.240669900 34.636677288 21.137894268 1.511605650 0.409352426 0.348626355 0.500307500 0.678662406
10178.274038598 34.660813410 21.142736813 1.513463055 0.407667748 0.349191735 0.500915280 0.678937421
10178.307403707 34.709236436 21.151090421 1.517201073 0.404713176 0.347846039 0.502466673 0.680248206
10178.340774706 34.749368537 21.156505671 1.519387125 0.401434893 0.345750630 0.504770186 0.681552337
10178.374147915 34.771687864 21.158795149 1.520902940 0.399898078 0.344436089 0.506082195 0.682148166
10178.407501691 34.814645782 21.162955765 1.528047361 0.399443427 0.340430971 0.506766896 0.683914480
10178.440865261 34.855456326 21.164945003 1.536459258 0.402486690 0.334749073 0.504639982 0.686502740
10178.474290123 34.882489889 21.165400807 1.541173081 0.405069251 0.330946000 0.502704123 0.688245749
10178.507602262 34.924041408 21.167368407 1.546154656 0.407666732 0.328208762 0.500252990 0.689807067
10178.540965151 34.961612943 21.171657977 1.547619312 0.406996458 0.330334320 0.500051644 0.689334080
10178.574345219 34.988943154 21.174859181 1.547084833 0.405561639 0.333860516 0.500595334 0.688085187
10178.607705836 35.029832240 21.178383212 1.544695152 0.404181807 0.339501608 0.501245450 0.685659335
10178.641075639 35.071326371 21.180192502 1.541349446 0.405018507 0.343921516 0.500947846 0.683175860
10178.674446591 35.094234201 21.180555400 1.539528282 0.406511944 0.345490102 0.500327343 0.681951010
10178.707799339 35.142918720 21.178844338 1.534493672 0.411428024 0.347018982 0.498479690 0.679575460
10178.741160797 35.185338280 21.175962875 1.528758808 0.415358196 0.348148440 0.497674182 0.677193209
10178.774548789 35.215253098 21.174548594 1.525434651 0.416592179 0.350559289 0.498134344 0.674849106
10178.807896199 35.260476959 21.173282626 1.523309483 0.417515437 0.355104426 0.499497032 0.670883315
10178.841276605 35.305656224 21.170601237 1.523616102 0.419172396 0.357623857 0.500757325 0.667564065
10178.874656835 35.336113302 21.168228695 1.525420507 0.420332144 0.358422756 0.501680816 0.665710430
10178.907996614 35.378302320 21.164889966 1.530606130 0.421028660 0.359174683 0.503406865 0.663558545
10178.941370884 35.421193733 21.162478181 1.536770567 0.420766199 0.358165916 0.505503668 0.662675655
10178.974765757 35.446212995 21.161905269 1.539543050 0.419903271 0.356360144 0.506915424 0.663117971
10179.008089525 35.476915836 21.163161777 1.542509799 0.416262592 0.355918677 0.509715925 0.663503599
10179.041454854 35.515175669 21.168235658 1.546679175 0.406725389 0.361103625 0.515770706 0.661935955
10179.074841060 35.538764167 21.172558443 1.549598467 0.400138336 0.365415489 0.519713202 0.660499070
10179.108209792 35.569838379 21.178152291 1.552570139 0.391370269 0.370868324 0.524720381 0.658752245
10179.141558467 35.600390383 21.184030252 1.553846050 0.384699937 0.374189180 0.528465650 0.657808842
10179.174944952 35.621087611 21.187499109 1.553543333 0.380924621 0.375446854 0.530455688 0.657687506
10179.208288709 35.652859754 21.193593529 1.551357941 0.375078637 0.377309662 0.533279496 0.657697813
10179.241665768 35.683554918 21.200416809 1.547171124 0.368300907 0.380205894 0.536571078 0.657182926
10179.275070824 35.700429135 21.204813372 1.544390806 0.364228906 0.382009642 0.538590609 0.656754211
10179.308380960 35.735980802 21.213445023 1.537429960 0.356605155 0.384850764 0.542508610 0.656054160
10179.341749225 35.770421457 21.220705714 1.530093258 0.351113350 0.386108093 0.545362963 0.655910966
10179.375144234 35.789609016 21.225385812 1.526129538 0.348801748 0.386061683 0.546532819 0.656197832
10179.408506964 35.832069805 21.234488572 1.517827513 0.346667880 0.383412692 0.547477937 0.658091176
10179.441847468 35.867764592 21.243606704 1.513060809 0.346297521 0.379992816 0.547295665 0.660417248
10179.475283292 35.891046677 21.248154509 1.511447981 0.345919548 0.378817649 0.547126517 0.661429837
10179.508576934 35.935245511 21.262168274 1.511453832 0.343516713 0.379270154 0.546876308 0.662628645
10179.541949185 35.977750748 21.275681100 1.515420218 0.340959682 0.380820976 0.546282402 0.663549106
10179.575346860 36.003629550 21.284283159 1.519258584 0.340281774 0.380839271 0.545442343 0.664576869
10179.608673365 36.044886618 21.295513971 1.526002652 0.340804523 0.378765689 0.543196777 0.667327574
10179.642036878 36.084582112 21.304618275 1.532830753 0.343352768 0.374130872 0.539781574 0.671394682
10179.675422516 36.110573875 21.309823908 1.537450895 0.347036203 0.368816020 0.536379584 0.675157433
10179.708776410 36.148268461 21.315256915 1.543136009 0.355133284 0.358310464 0.529857542 0.681722045
10179.742145642 36.186606198 21.319110585 1.548360177 0.365365319 0.345789143 0.521713931 0.689022950
10179.775530084 36.213390018 21.321076733 1.550721314 0.371927141 0.338222304 0.516026494 0.693536251
10179.808876198 36.250929117 21.325696547 1.553038687 0.379107186 0.330895374 0.508819355 0.698490413
10179.842284444 36.291972847 21.330224507 1.552657231 0.383187368 0.328568014 0.503136933 0.701472542
10179.875626433 36.314925810 21.333409512 1.552565736 0.384247191 0.329379765 0.500542603 0.702367546
10179.908970598 36.361938881 21.341207255 1.552613483 0.385005485 0.334044810 0.495940287 0.703013565
10179.942334343 36.406001007 21.345877905 1.551321043 0.385646156 0.339560270 0.491765831 0.702952511
10179.975719250 36.430749191 21.347415109 1.550386101 0.386288832 0.342673098 0.489429230 0.702719799
10180.009072017 36.482649903 21.350476168 1.548620953 0.388154033 0.349129914 0.484917159 0.701641005
10180.042433871 36.529801710 21.350768777 1.547150835 0.389831483 0.355726239 0.481523243 0.699732538
10180.075832493 36.580660373 21.349712232 1.547402451 0.391286797 0.363579075 0.478781932 0.696758753
10180.109187942 36.616738256 21.348753106 1.548700333 0.392012033 0.369533767 0.477419180 0.694148606
10180.142529570 36.670441609 21.346593127 1.552902851 0.392153197 0.379178983 0.476197883 0.689691776
10180.175933649 36.724896579 21.343910542 1.559716915 0.391177634 0.389861550 0.475654898 0.684646221
10180.209270194 36.763134792 21.342074738 1.565176274 0.391624478 0.395595345 0.474481240 0.681910657
10180.242628650 36.809241134 21.335281054 1.573356584 0.399800792 0.390821074 0.468062221 0.684350767
10180.276012541 36.848024561 21.326184197 1.580572461 0.413534266 0.375085111 0.457947410 0.691798193
10180.309367258 36.874713221 21.322832122 1.584930245 0.420647443 0.366456148 0.452003142 0.696030732
10180.342738682 36.909488848 21.320935522 1.591285024 0.426927130 0.358496036 0.445760454 0.700365216
10180.376137468 36.941732296 21.322478606 1.597074955 0.429145407 0.354889329 0.441018373 0.703839881
10180.409461510 36.963835387 21.325169377 1.600759078 0.429150059 0.353961019 0.438136693 0.706100603
10180.442826688 36.994979728 21.330583983 1.604823295 0.427433816 0.354419140 0.434192382 0.709340808
10180.476277786 37.025311928 21.336839970 1.606030974 0.424747843 0.356630327 0.430246935 0.712244097
10180.509561914 37.048518842 21.342337357 1.606151436 0.423167131 0.358467811 0.426974570 0.714229042
10180.542930071 37.081388898 21.349194907 1.606280973 0.422535661 0.359930837 0.421188715 0.717295946
10180.576315279 37.115919001 21.356187231 1.605511112 0.423994080 0.359424111 0.413675147 0.721052148
10180.609658411 37.141296845 21.360718924 1.604353209 0.426404711 0.357516297 0.407364022 0.724165501
10180.643028553 37.178454248 21.367369649 1.602417676 0.431807906 0.352327117 0.396366716 0.729589584
10180.676422704 37.214493460 21.373527064 1.600176630 0.438715117 0.344994293 0.384011783 0.735556207
10180.709761819 37.240611106 21.377778316 1.598622899 0.443909714 0.339318865 0.374813674 0.739811857
10180.743172775 37.277864570 21.384345293 1.596432270 0.451033548 0.331813451 0.361388929 0.745564628
10180.776516793 37.317174760 21.391607213 1.595090463 0.456965567 0.326456491 0.348593238 0.750394153
10180.809863671 37.348274578 21.396581122 1.596390899 0.460239478 0.324254722 0.340176424 0.753205482
10180.843246622 37.389289851 21.405980318 1.597900109 0.464137533 0.323044560 0.328447566 0.756532060
10180.876616489 37.431032239 21.414684786 1.601519268 0.467284277 0.322941268 0.317597190 0.759266993
10180.909960497 37.457152287 21.422113142 1.603140051 0.469567172 0.322054551 0.310033356 0.761358559
10180.943334498 37.490710826 21.432142565 1.603557040 0.473117174 0.319766954 0.299129681 0.764480653
10180.976735613 37.524442780 21.438361334 1.605291861 0.477805674 0.316310613 0.288491309 0.767086761
10181.010058581 37.545128878 21.441485966 1.606574142 0.480858651 0.314627367 0.282372195 0.768147461
10181.043447564 37.573871672 21.445781645 1.607657670 0.484373849 0.315740238 0.275993561 0.767800515
10181.076814474 37.600253379 21.450958536 1.607171243 0.485241540 0.324077386 0.274221712 0.764406272
10181.110163387 37.620119038 21.455009796 1.606646738 0.484754746 0.333115457 0.276578964 0.759967766
10181.143536979 37.645367480 21.461242183 1.605441412 0.481963735 0.349546013 0.284109498 0.751538646
10181.176903357 37.666159103 21.467702274 1.604011829 0.477628135 0.369305079 0.295431974 0.740408720
10181.210265378 37.681041397 21.473367263 1.600851436 0.474040235 0.383791612 0.304900507 0.731454397
10181.243637052 37.697121650 21.479815585 1.597657297 0.466858114 0.406935648 0.320736713 0.716641361
10181.277009958 37.709536624 21.486897738 1.594550924 0.457695564 0.431671558 0.338555762 0.699681665
10181.310359831 37.719021800 21.492758587 1.592197385 0.450466699 0.448663281 0.351739054 0.687066700
10181.343752841 37.726806511 21.500061436 1.591813139 0.439328355 0.471136031 0.371176330 0.668767202
10181.377100896 37.727328659 21.508450900 1.590670171 0.427333363 0.491474799 0.390925441 0.650396816
10181.410457822 37.725878011 21.514035266 1.589836234 0.418927133 0.503521298 0.404270961 0.638381821
10181.443830739 37.717447709 21.521231957 1.588374059 0.406292096 0.518596383 0.423083508 0.622081080
10181.477218628 37.703571141 21.527518425 1.586538676 0.392721402 0.531586427 0.441524888 0.606829089
10181.510559401 37.692497803 21.530891579 1.584912722 0.382599017 0.539660539 0.454239608 0.596699986
10181.543945136 37.671522741 21.535817241 1.581359703 0.366133191 0.550706915 0.472778780 0.582364667
10181.577309346 37.646444389 21.539566234 1.576893923 0.347945523 0.561197428 0.490959939 0.568286634
10181.610658168 37.625699765 21.541599892 1.573378614 0.333715363 0.568736186 0.503841197 0.557958113
10181.644041938 37.595746422 21.544699654 1.567235211 0.311133132 0.579894828 0.522438272 0.542195919
10181.677394931 37.562095465 21.546576509 1.561760487 0.286740637 0.590928648 0.540723199 0.525548821
10181.710757966 37.538303241 21.548915711 1.556924067 0.269039927 0.598503989 0.553097120 0.513316734
10181.744129619 37.504917259 21.549818303 1.551072347 0.242168737 0.608886802 0.570959389 0.494587243
10181.777496645 37.469828116 21.548834781 1.546062423 0.215390157 0.618108200 0.587902378 0.475310558
10181.810863732 37.445423499 21.547355354 1.542733025 0.196289887 0.624175520 0.599537774 0.460900919
10181.844292883 37.409841231 21.544544983 1.538109355 0.168363098 0.632525306 0.615649757 0.438794919
10181.877608701 37.372701289 21.540144750 1.533963483 0.138654826 0.640917363 0.631574329 0.413658845
10181.910957600 37.348290837 21.537600767 1.531061889 0.118677529 0.646253773 0.641537852 0.395854633
10181.944344288 37.311392201 21.532099081 1.527370549 0.087908951 0.653652607 0.655980993 0.367013927
10181.977697231 37.276139026 21.524838009 1.524165485 0.058648902 0.659441489 0.669118763 0.337605256
10182.011059963 37.253339637 21.517194747 1.523012916 0.039162091 0.662382621 0.677726743 0.316862834
10182.044438663 37.220674252 21.506201732 1.521865477 0.013189040 0.664851814 0.689442194 0.287171683
10182.077792886 37.189716731 21.492552302 1.522404745 -0.009682509 0.665101307 0.700753113 0.257859604
10182.111184774 37.170005130 21.482415894 1.523819141 -0.023476946 0.664336239 0.708011725 0.238381190
10182.144548686 37.143206323 21.467400759 1.526838194 -0.042145900 0.662591118 0.717572664 0.210442877
10182.177911358 37.117560459 21.451953838 1.530405993 -0.060622747 0.660299442 0.726072804 0.182065409
10182.211263951 37.101846938 21.439420740 1.531951078 -0.073514952 0.658279222 0.731423581 0.162122059
10182.244643491 37.079103179 21.422636671 1.534867958 -0.091703626 0.654902116 0.738072733 0.133948888
10182.277990967 37.057425268 21.405559183 1.536378568 -0.109804290 0.651053547 0.743533332 0.105973962
10182.311355908 37.043647512 21.393978913 1.537768415 -0.122093520 0.648278687 0.746437110 0.087518902
10182.344743085 37.024514373 21.378645306 1.539854000 -0.140012155 0.644267022 0.749322300 0.061908733
10182.378096983 37.005605395 21.364827878 1.541195451 -0.158168156 0.640482236 0.750582028 0.037308971
10182.411454868 36.993583190 21.356290874 1.542221402 -0.170276040 0.638054235 0.750622129 0.021430889
10182.444851187 36.974260672 21.345365764 1.543655735 -0.187857034 0.634551229 0.749702080 -0.001123884
10182.478236462 36.952525869 21.336460326 1.544791852 -0.204177944 0.631193168 0.747944527 -0.022034876
10182.511551844 36.939213526 21.330691791 1.545710727 -0.213745309 0.629048019 0.746584933 -0.034963861
10182.544926239 36.920387588 21.323154873 1.547033487 -0.225348510 0.626170605 0.744606593 -0.051859850
10182.578289894 36.901640093 21.317435284 1.548077819 -0.234907537 0.623564871 0.742589680 -0.067423049
10182.611653557 36.887946240 21.314053894 1.548527622 -0.240843117 0.621884948 0.741073769 -0.077867673
10182.645039255 36.867393013 21.312649740 1.549663882 -0.249319865 0.619779575 0.738254607 -0.093236356
10182.678389230 36.848345331 21.311556418 1.549596877 -0.258230527 0.617938259 0.734568639 -0.108987237
10182.711752157 36.834430414 21.313528588 1.548407049 -0.265195277 0.616717513 0.731312255 -0.120471405
10182.745163666 36.814100157 21.317715351 1.545762839 -0.275779205 0.614985941 0.725855455 -0.137375331
10182.778491737 36.792764507 21.321039174 1.542265002 -0.286690579 0.613095122 0.719756364 -0.154511035
10182.811847728 36.781053930 21.330306253 1.539522380 -0.292694424 0.612166163 0.715900694 -0.164525864
10182.845247362 36.764040489 21.353421807 1.533511728 -0.302446255 0.610858747 0.708441415 -0.182998950
10182.878581639 36.747258581 21.382457898 1.532619154 -0.308429356 0.610673145 0.702255492 -0.196943816
10182.911954796 36.729797862 21.391758962 1.529475180 -0.311255167 0.610735520 0.698535787 -0.205353595
10182.945337883 36.705406003 21.407015680 1.525257322 -0.313351611 0.611801228 0.693547337 -0.215643494
10182.978685911 36.683344113 21.428292206 1.521564827 -0.313490516 0.614028790 0.688783483 -0.224208953
10183.012060940 36.668831254 21.438628927 1.520060194 -0.313129432 0.615442946 0.686406995 -0.228090719
10183.045422920 36.644403450 21.461038905 1.517158565 -0.311952327 0.618254497 0.681748197 -0.235937532
10183.078795930 36.624416613 21.477688070 1.512830689 -0.311336456 0.619883087 0.678181562 -0.242660953
10183.112150973 36.610353126 21.490203734 1.511162461 -0.311148154 0.620668221 0.675738656 -0.247659148
10183.145526034 36.600851820 21.509945582 1.507235225 -0.311893057 0.621084124 0.672000066 -0.255720831
10183.178884882 36.584338430 21.525710164 1.503719625 -0.314771932 0.620405905 0.667743499 -0.264827799
10183.212251694 36.572541664 21.536327869 1.500587983 -0.318352863 0.619176127 0.664362217 -0.271836758
10183.245620428 36.554868992 21.551126701 1.496165335 -0.325991928 0.616247832 0.658546075 -0.283345972
10183.278990565 36.542748023 21.568347519 1.488717754 -0.336368094 0.612046937 0.651401577 -0.296531681
10183.312348764 36.528016154 21.577943489 1.484753272 -0.344852915 0.608355706 0.645935804 -0.306180894
10183.345724180 36.504416525 21.591652703 1.479504088 -0.357933523 0.602545615 0.637432836 -0.320158952
10183.379114065 36.476672780 21.606614445 1.474986833 -0.371141268 0.596538227 0.628637423 -0.333483573
10183.412459462 36.465890210 21.614934543 1.468817986 -0.377472375 0.593556524 0.624161940 -0.340039896
10183.445834387 36.436942672 21.632624829 1.462929024 -0.388018266 0.588467576 0.616235116 -0.351286235
10183.479184430 36.412269750 21.649095647 1.458001135 -0.394199001 0.585241610 0.611126636 -0.358641381
10183.512548549 36.394426276 21.663234892 1.453708396 -0.396631024 0.583954392 0.608604748 -0.362327698
10183.545938144 36.369545389 21.681137096 1.448435544 -0.397399301 0.583707136 0.606591342 -0.365248844
10183.579294059 36.343314402 21.700453495 1.442006386 -0.396029109 0.584808591 0.605878272 -0.366157585
10183.612646002 36.324789148 21.713956083 1.437505242 -0.394584701 0.585964371 0.605749101 -0.366082909
10183.646021972 36.298715609 21.731714798 1.429943141 -0.393195925 0.587219102 0.605489087 -0.365996798
10183.679382966 36.272654414 21.747953912 1.421532051 -0.393402994 0.587295812 0.604747559 -0.366876141
10183.712744973 36.258228685 21.756236964 1.416472110 -0.394176693 0.586893697 0.604074916 -0.367796165
10183.746122553 36.227982472 21.773406192 1.406260790 -0.396852786 0.585557425 0.602105189 -0.370269780
10183.779485118 36.203774642 21.787365006 1.396897357 -0.400064021 0.583822792 0.599785160 -0.373306160
10183.812856148 36.188033886 21.796328328 1.391556825 -0.402815916 0.582027309 0.597941473 -0.376097786
10183.846236181 36.166610880 21.809088534 1.382351159 -0.407144259 0.579009944 0.595131301 -0.380525652
10183.879594258 36.146995554 21.821801781 1.372960052 -0.411156506 0.576143153 0.592370236 -0.384846589
10183.912946356 36.136732499 21.829138987 1.366833244 -0.412914031 0.574861611 0.591028973 -0.386937829
10183.946348440 36.116470830 21.844366167 1.356080938 -0.415505747 0.573059954 0.588453962 -0.390741855
10183.979692524 36.100340089 21.857493714 1.346759774 -0.416757795 0.572283202 0.586645837 -0.393257598
10184.013049573 36.089402138 21.866953337 1.340112283 -0.417290858 0.572058604 0.585410012 -0.394857458
10184.046420495 36.071610495 21.882012410 1.330665467 -0.417859026 0.572184905 0.583437502 -0.396987343
10184.079785311 36.052714705 21.897743525 1.321070599 -0.418983921 0.572224981 0.580782637 -0.399628044
10184.113168295 36.040714632 21.907604312 1.314726646 -0.420487926 0.571778377 0.578492744 -0.402001912
10184.146532164 36.023047097 21.922297497 1.305673639 -0.424157158 0.570206206 0.573930618 -0.406889708
10184.179893172 36.007027196 21.936231555 1.298318921 -0.429197120 0.567459164 0.568255006 -0.413359621
10184.213255142 35.995186258 21.946004466 1.293831956 -0.433956595 0.564650676 0.563351383 -0.418911096
10184.246625090 35.982133215 21.955528588 1.288137394 -0.442752834 0.558996636 0.555001712 -0.428329066
10184.280002000 35.968037290 21.964511888 1.283129282 -0.452741698 0.552060388 0.545823149 -0.438556008
10184.313355984 35.958991348 21.969670219 1.280492598 -0.459455324 0.547290373 0.539545383 -0.445269394
10184.346716947 35.946067563 21.977651774 1.277736954 -0.466695003 0.542448735 0.531980365 -0.452705241
10184.380084949 35.932798036 21.986394069 1.276026340 -0.470749499 0.540453282 0.526575788 -0.457190441
10184.413463978 35.920897808 21.993973843 1.274971345 -0.473816037 0.539377888 0.521949105 -0.460585484
10184.446833028 35.917251382 21.996360949 1.275032898 -0.475824529 0.538619424 0.519042478 -0.462682439
10184.480195062 35.907908150 22.001023081 1.273107943 -0.479267228 0.537054428 0.514621563 -0.465875640
10184.513547059 35.899559313 22.004154780 1.270309894 -0.482596948 0.535535092 0.510605629 -0.468598168
10184.546915065 35.895408474 22.004679873 1.268491810 -0.484712848 0.534681120 0.508202173 -0.470000113
10184.580284058 35.888689509 22.005364299 1.265257614 -0.486885514 0.534375971 0.505630401 -0.470874416
10184.613649071 35.881259799 22.006094661 1.261903853 -0.487688250 0.535487220 0.504362524 -0.470140459
10184.647020010 35.878435074 22.005864440 1.260671398 -0.487727865 0.536358260 0.504073120 -0.469416272
10184.680383847 35.868464558 22.006392403 1.255859592 -0.488193534 0.537965746 0.503633985 -0.467560412
10184.713758672 35.860510577 22.006211011 1.251534572 -0.488661796 0.539210941 0.503509385 -0.465767657
10184.747119463 35.855783315 22.005759685 1.251007089 -0.488359170 0.540235468 0.504178212 -0.464171618
10184.780497350 35.847443754 22.005138953 1.250705981 -0.489341942 0.542305032 0.503268434 -0.461704017
10184.813874325 35.837963063 22.004136994 1.250360666 -0.490896906 0.543437675 0.501837799 -0.460276595
10184.847263231 35.830683483 22.003127301 1.249793174 -0.492896285 0.543671258 0.500213747 -0.459631399
10184.880581139 35.820935190 22.001128254 1.248950829 -0.496642519 0.543134121 0.497364470 -0.459325722
10184.913960127 35.811673879 21.998951083 1.247927005 -0.500548164 0.542071053 0.494342143 -0.459604562
10184.947314299 35.806542688 21.997717216 1.247518623 -0.502881889 0.541534203 0.492235910 -0.459950347
10184.980682340 35.797300363 21.995023035 1.246666956 -0.507209684 0.540083927 0.488764918 -0.460604541
10185.014061275 35.789438427 21.993521408 1.245984624 -0.510788038 0.539256354 0.485452616 -0.461122459
10185.047419227 35.784159746 21.992881175 1.245780720 -0.512850564 0.538912126 0.483554412 -0.461230040
10185.080793247 35.776349796 21.992835295 1.244957491 -0.514803903 0.539300050 0.481301729 -0.460956661
10185.114171330 35.768702870 21.992909344 1.244211177 -0.516197475 0.540049969 0.479789050 -0.460096366
10185.147517216 35.764574514 21.992984483 1.243815613 -0.516662146 0.540873155 0.479123013 -0.459301204
10185.180881158 35.755256138 21.993445229 1.242843725 -0.517137535 0.543058753 0.478454383 -0.456877844
10185.214273092 35.748059838 21.993698097 1.241784326 -0.516923912 0.545636290 0.478433309 -0.454061976
10185.247619109 35.742212281 21.994203534 1.241127314 -0.516372928 0.547839446 0.478753831 -0.451692052
10185.280980124 35.734810482 21.994756335 1.240040832 -0.515268554 0.551134999 0.479686672 -0.447938865
10185.314368136 35.728361136 21.994910583 1.239058821 -0.513963997 0.554362838 0.480911474 -0.444124991
10185.347718159 35.725143571 21.994520501 1.238419440 -0.513233403 0.556211184 0.481799633 -0.441689604
10185.381089189 35.720120286 21.993816848 1.237559919 -0.512124139 0.558732525 0.483219633 -0.438230097
10185.414473202 35.716556765 21.992820747 1.236971830 -0.511166162 0.560473832 0.484637324 -0.435551264
10185.447813198 35.714463662 21.992022693 1.236678942 -0.510627456 0.561406216 0.485599839 -0.433907200
10185.481183200 35.712239684 21.990911995 1.236352754 -0.509815965 0.562572341 0.486920960 -0.431865746
10185.514576219 35.710496819 21.990086982 1.236097226 -0.508923519 0.563696371 0.488273944 -0.429920700
10185.547920211 35.709415062 21.989879404 1.235924540 -0.508252867 0.564511725 0.489063280 -0.428745430
10185.581285215 35.708030251 21.989731374 1.235690457 -0.507401208 0.565630779 0.490041112 -0.427159859
10185.614661240 35.706987192 21.989645441 1.235441108 -0.507131048 0.566136602 0.490340125 -0.426466892
10185.648017235 35.706463161 21.989486101 1.235330312 -0.507442552 0.566016982 0.490074089 -0.426560921
10185.681386236 35.705752544 21.988963977 1.235191496 -0.509051912 0.564824421 0.488515546 -0.428009446
10185.714794246 35.705182339 21.988037693 1.235100192 -0.512171733 0.562265124 0.485458214 -0.431124540
10185.748116246 35.704705210 21.987474688 1.234967438 -0.514556174 0.560265058 0.483054569 -0.433581931
10185.781485262 35.703730324 21.986382859 1.234841625 -0.518152033 0.557307662 0.479552620 -0.436985041
10185.814878274 35.702314910 21.985351077 1.234659544 -0.520867967 0.555298433 0.477059400 -0.439038198
10185.848228277 35.701306493 21.985025961 1.234458070 -0.522092830 0.554565889 0.475855411 -0.439815165
10185.881580288 35.699616107 21.984754843 1.234119752 -0.522875522 0.554453823 0.475057883 -0.439888799
10185.914981330 35.697629838 21.984472897 1.233746014 -0.523024221 0.555090851 0.474879848 -0.439100149
10185.948320350 35.696364729 21.984018481 1.233527137 -0.523123187 0.555634772 0.474722797 -0.438463678
10185.981689321 35.694750278 21.982856384 1.233180552 -0.523956871 0.555567001 0.474075416 -0.438254498
10186.015093284 35.693220316 21.981430889 1.232825417 -0.525679831 0.554610989 0.472535996 -0.439063889
10186.048426252 35.692111752 21.980426884 1.232642956 -0.527202613 0.553661261 0.471136989 -0.439939257
10186.081787203 35.690141678 21.979298246 1.232261128 -0.529296535 0.552414597 0.469131354 -0.441133838
10186.115200185 35.688018295 21.978475289 1.231827736 -0.530746576 0.551774204 0.467685798 -0.441727625
10186.148519178 35.686962427 21.977974915 1.231590057 -0.531456659 0.551562732 0.466980048 -0.441884608
10186.181886177 35.684146845 21.977132644 1.231008154 -0.532922368 0.551064605 0.465498525 -0.442303826
10186.215271181 35.681702063 21.976208646 1.230484872 -0.534414977 0.550463510 0.463999429 -0.442826249
10186.248614193 35.680165709 21.975495621 1.230247229 -0.535486536 0.550029716 0.462923575 -0.443196621
10186.281982218 35.677525217 21.974468409 1.229623353 -0.537099659 0.549348604 0.461365044 -0.443714283
10186.315363230 35.674935554 21.973743406 1.228974785 -0.538350772 0.549039069 0.460069359 -0.443926494
10186.348716252 35.673215073 21.973379301 1.228528918 -0.539027914 0.548984895 0.459311365 -0.443956713
10186.382087270 35.670757398 21.973069060 1.227915403 -0.539774714 0.549098349 0.458447640 -0.443801783
10186.415479286 35.668498638 21.972964135 1.227317365 -0.540235045 0.549383399 0.457807043 -0.443550096
10186.448822304 35.667020995 21.973027087 1.226937047 -0.540463153 0.549668886 0.457462322 -0.443274092
10186.482186327 35.664628461 21.973322868 1.226378096 -0.540772005 0.550112467 0.456926676 -0.442899451
10186.515565347 35.662482497 21.973799106 1.225803197 -0.541210900 0.550435386 0.456143155 -0.442769770
10186.548916361 35.661068344 21.974223959 1.225404234 -0.541531946 0.550637884 0.455513397 -0.442773777
10186.582291375 35.658931063 21.974946074 1.224848746 -0.541901858 0.550940130 0.454756831 -0.442722909
10186.615684389 35.656923804 21.975989140 1.224333024 -0.541839580 0.551650115 0.454360731 -0.442321541
10186.649017405 35.655808008 21.976804260 1.224026368 -0.541375589 0.552485660 0.454478680 -0.441725250
10186.682379422 35.653951517 21.978318069 1.223608457 -0.540485710 0.553883401 0.454884880 -0.440645119
10186.715769443 35.652541502 21.979746232 1.223267409 -0.539952597 0.554758119 0.454916622 -0.440165298
10186.749114462 35.651665594 21.980729182 1.223021879 -0.539861651 0.555077996 0.454619216 -0.440180855
10186.782484484 35.650396440 21.982223873 1.222688078 -0.539753659 0.555566083 0.454177107 -0.440153917
10186.815867497 35.648965195 21.983881716 1.222316204 -0.539361422 0.556397363 0.454025756 -0.439740655
10186.849252508 35.647915927 21.984980065 1.222078524 -0.539004888 0.557061123 0.454016053 -0.439347310
10186.882584508 35.646374611 21.986328484 1.221725095 -0.538662228 0.557857575 0.453935283 -0.438840163
10186.915977507 35.644966087 21.987295836 1.221392357 -0.538673509 0.558250780 0.453586431 -0.438686981
10186.949319511 35.644031489 21.987652305 1.221178267 -0.538955599 0.558259436 0.453143464 -0.438787266
10186.982720525 35.642672694 21.987995764 1.220819347 -0.539766655 0.557937475 0.452127548 -0.439247551
