# timestamp tx ty tz qx qy qz qw  (localization: SE2 map-aligned cam0)
10001.329501215 59.756584254 48.659545847 1.152992703 0.640867198 0.252092253 0.262678454 0.675824503
10001.363247212 59.758605956 48.660611557 1.161113225 0.640786826 0.252403683 0.262021371 0.676039515
10001.396530065 59.758217786 48.662744402 1.171639705 0.638547729 0.254392346 0.263114329 0.676987579
10001.429888725 59.758240818 48.663917140 1.178091805 0.637316957 0.255838458 0.263759097 0.677351399
10001.463211671 59.757072641 48.664517819 1.185050680 0.634325992 0.258746978 0.266909017 0.677820119
10001.496615194 59.758249167 48.666694781 1.192339454 0.631699364 0.262777693 0.268937248 0.677920759
10001.530082682 59.758690308 48.667625311 1.197354152 0.630784334 0.264612757 0.269651115 0.677775397
10001.563590123 59.759098777 48.668975135 1.203280342 0.629602925 0.266931235 0.270525994 0.677616085
10001.596966701 59.760045034 48.670753810 1.209987441 0.628603439 0.269570949 0.271241891 0.677212711
10001.630373507 59.761248543 48.671769603 1.213873508 0.628312895 0.271183163 0.271521705 0.676726356
10001.663805027 59.763454975 48.672024540 1.218379843 0.627984959 0.274258653 0.273163731 0.675128624
10001.697262260 59.766444308 48.673802285 1.222011528 0.627364943 0.278195023 0.274648282 0.673490221
10001.730616767 59.768942753 48.675337427 1.223952174 0.626791731 0.281553413 0.276100547 0.672032953
10001.764148400 59.771765604 48.678872543 1.225996158 0.625330995 0.286763775 0.278978400 0.669999057
10001.797614990 59.775600557 48.685804271 1.226674185 0.623253425 0.292868483 0.281921020 0.668059697
10001.831090343 59.778420220 48.688334156 1.227064479 0.622524016 0.296995443 0.284257468 0.665924356
10001.864511990 59.782441594 48.694421699 1.229727825 0.621039278 0.302397067 0.287099086 0.663656797
10001.897855256 59.786962718 48.700515843 1.227448866 0.619661575 0.308992680 0.291139244 0.660137105
10001.931012301 59.789745009 48.703502157 1.227053262 0.618970502 0.313143136 0.294177774 0.657477247
10001.964470584 59.794042915 48.708379104 1.226742833 0.617977947 0.318652864 0.298497182 0.653806578
10001.997838993 59.797145670 48.712153333 1.225460679 0.617105623 0.323689305 0.303536027 0.649824411
10002.031246623 59.798973214 48.713288415 1.224334758 0.617241223 0.326098093 0.306513843 0.647087761
10002.064360403 59.801456050 48.715997611 1.228159246 0.617822889 0.328263727 0.309859997 0.643835838
10002.097683598 59.803068000 48.715008312 1.227972030 0.620017226 0.328337639 0.313183502 0.640069628
10002.130970357 59.803542340 48.712674116 1.226428551 0.621984343 0.327160608 0.314688953 0.638022160
10002.164213253 59.805928937 48.711379879 1.226869867 0.624911182 0.324363501 0.315826184 0.636025279
10002.197428432 59.803533642 48.704590656 1.225607707 0.629053916 0.319984283 0.317183169 0.633479334
10002.230597283 59.793709072 48.693175104 1.223829394 0.631857928 0.315936175 0.320070001 0.631264672
10002.263773162 59.790980655 48.683091377 1.223023653 0.636348205 0.310824714 0.321113483 0.628756782
10002.296903442 59.780965292 48.675444019 1.221808012 0.639778774 0.305278242 0.322905398 0.627072898
10002.330064268 59.777106655 48.667755803 1.221667777 0.642610099 0.301391417 0.323492438 0.625754039
10002.363294432 59.772432013 48.655803297 1.223405441 0.646188174 0.295695279 0.322788641 0.625150093
10002.396540876 59.756448339 48.644999446 1.224018851 0.649648009 0.287881894 0.322965006 0.625120056
10002.429839430 59.749963981 48.637593359 1.224653023 0.651993237 0.283137393 0.322260589 0.625208884
10002.463163964 59.740043993 48.627867464 1.225600976 0.655296957 0.275912624 0.320540432 0.625868959
10002.496567304 59.729851682 48.615752165 1.226839509 0.658474778 0.268674332 0.318541648 0.626702712
10002.529941655 59.722242557 48.608257661 1.227881041 0.660489968 0.263690594 0.316728812 0.627617027
10002.563445139 59.712090569 48.599837118 1.229903627 0.662559541 0.257540512 0.314436678 0.629140140
10002.596742766 59.699006258 48.591024840 1.232658840 0.664508840 0.250537234 0.311297911 0.631468690
10002.630066612 59.690624196 48.584536026 1.234090438 0.665483434 0.246738168 0.309691520 0.632726827
10002.663415635 59.680434587 48.577570980 1.236353406 0.666373209 0.242311685 0.307368915 0.634630715
10002.696736556 59.666641354 48.569433637 1.238968740 0.666882738 0.237467879 0.304881842 0.637121246
10002.730114841 59.658017051 48.564640987 1.240822544 0.667101165 0.234529541 0.303041003 0.638856855
10002.763513100 59.645804264 48.563027816 1.243627737 0.666861832 0.230787506 0.299778239 0.642001115
10002.796988647 59.635553056 48.559669318 1.246889837 0.667389308 0.226396100 0.295417424 0.645030901
10002.830363840 59.628026381 48.557284300 1.249333016 0.667442456 0.223597612 0.292543679 0.647257964
10002.863754579 59.621122955 48.557084902 1.253235655 0.667234165 0.221357934 0.288679873 0.649971665
10002.897167472 59.614833848 48.557320185 1.257235207 0.666135447 0.220940817 0.286088871 0.652381698
10002.930518835 59.610924054 48.557333222 1.259744840 0.664935043 0.221848185 0.285221902 0.653676708
10002.963818820 59.609278703 48.558679169 1.263431999 0.663240142 0.224230624 0.284034325 0.655101247
10002.997136838 59.612240288 48.562315846 1.268000356 0.661519687 0.227703300 0.282198184 0.656435143
10003.030436265 59.611952453 48.563752813 1.270467123 0.660423995 0.229565694 0.281082526 0.657367746
10003.063801647 59.615296761 48.566732730 1.273897566 0.659764838 0.231297795 0.278051317 0.658710220
10003.097235628 59.618832926 48.568234765 1.277408211 0.659916183 0.232036783 0.274025939 0.659984354
10003.130612734 59.620304237 48.569931312 1.279283232 0.660156381 0.231776803 0.271558659 0.660854720
10003.163987574 59.627616366 48.572342992 1.282694875 0.661133416 0.231965592 0.266892401 0.661712186
10003.197378139 59.635114885 48.575357580 1.285200037 0.661433299 0.233595534 0.264251663 0.661898916
10003.230745632 59.639310209 48.577749401 1.286453158 0.661175904 0.235241505 0.263804693 0.661751421
10003.264124084 59.648856904 48.581288722 1.287878845 0.660866576 0.238748813 0.263233360 0.661031445
10003.297500677 59.660531581 48.585864206 1.289266050 0.660017496 0.244003840 0.264050295 0.659633590
10003.330833600 59.665730950 48.589184429 1.290053322 0.659380680 0.246553999 0.264821765 0.659012653
10003.364211434 59.674287416 48.592251920 1.292335430 0.659184400 0.249145275 0.266136857 0.657703377
10003.397583061 59.680900293 48.595830245 1.293882782 0.659179938 0.250463088 0.266672505 0.656989974
10003.430900909 59.684448301 48.598280314 1.295104832 0.659293749 0.250628943 0.267005412 0.656677238
10003.464346345 59.689280060 48.600050078 1.297463018 0.659504635 0.250872374 0.268365245 0.655817645
10003.497800302 59.695018099 48.602194132 1.301148207 0.659301670 0.252227589 0.271772064 0.654096703
10003.531222755 59.697850844 48.603001774 1.303453193 0.658993641 0.253525300 0.274297338 0.652850116
10003.564631529 59.701183287 48.603787283 1.306909523 0.658567031 0.255100315 0.277868644 0.651154599
10003.597939108 59.704751222 48.604416990 1.312694343 0.658309407 0.256231500 0.282196887 0.649106355
10003.631304626 59.706042864 48.604812007 1.316871752 0.658429172 0.255977001 0.283996265 0.648300024
10003.664704523 59.707686152 48.605999820 1.323662430 0.658650474 0.255262238 0.286464861 0.647270134
10003.698047688 59.708562750 48.608112714 1.330903585 0.658393402 0.254985580 0.289095942 0.646470431
10003.731431116 59.709235289 48.610086599 1.336223918 0.657840548 0.255460240 0.291340412 0.645837939
10003.764810592 59.710156552 48.613849239 1.343763553 0.656316984 0.257464442 0.295702502 0.644608492
10003.798137615 59.710999594 48.618627489 1.350967135 0.653913423 0.261049255 0.301176445 0.643073302
10003.831436699 59.712031772 48.621796726 1.355467520 0.652154499 0.264008466 0.305034738 0.641831635
10003.864870575 59.713180868 48.627067182 1.360736539 0.649244364 0.268812725 0.310914350 0.639963860
10003.898263640 59.714761589 48.632274802 1.364897957 0.646260577 0.273917039 0.316795654 0.637932000
10003.931770841 59.716297144 48.636723999 1.367649343 0.643773891 0.278203486 0.321550927 0.636209870
10003.965161671 59.717642551 48.641567726 1.368989338 0.641598362 0.281996722 0.325728018 0.634610627
10003.998560440 59.718967452 48.647625015 1.368296794 0.639751806 0.285051881 0.329279619 0.633275599
10004.031938914 59.719706772 48.650070320 1.367433458 0.639318475 0.285740400 0.329995045 0.633030475
10004.065299903 59.720145518 48.656194683 1.363281341 0.638680858 0.286674521 0.331261185 0.632590316
10004.098634312 59.720672377 48.661732211 1.358489411 0.638027694 0.287595215 0.332076057 0.632404259
10004.131994368 59.721289399 48.667427170 1.353720295 0.637200236 0.288911125 0.332820269 0.632247491
10004.165359795 59.721006249 48.674593690 1.346772266 0.635948790 0.290786876 0.333844021 0.632107822
10004.198701106 59.719210805 48.682764485 1.338500983 0.634641732 0.292583095 0.334482740 0.632254934
10004.232027870 59.718838283 48.688952990 1.334293728 0.633906273 0.293869327 0.334363040 0.632459496
10004.265376406 59.716714513 48.696509060 1.328212001 0.633158843 0.295183461 0.333784529 0.632901645
10004.298635631 59.714552619 48.705434388 1.322768867 0.632560976 0.296582754 0.332535544 0.633502481
10004.331865107 59.713409434 48.711630090 1.319913515 0.632156463 0.297729786 0.331699248 0.633806587
10004.365099578 59.711885670 48.719780437 1.316201982 0.631213764 0.300651445 0.331344046 0.633552694
10004.398365525 59.712307448 48.725833837 1.314259219 0.629963197 0.304602396 0.332112458 0.632506969
10004.431686882 59.713369091 48.732498736 1.312461606 0.628195255 0.310461193 0.333681306 0.630588103
10004.464978207 59.715651439 48.739496905 1.310895153 0.626174240 0.317924783 0.335943249 0.627671719
10004.498234492 59.718343599 48.744537033 1.309847024 0.624918960 0.324502120 0.337534219 0.624696182
10004.531548000 59.720789223 48.749931770 1.308641526 0.623830890 0.329964324 0.338756250 0.622256192
10004.564834426 59.724195670 48.755940528 1.307600878 0.623468421 0.335871442 0.339181849 0.619219812
10004.598122834 59.727544454 48.760880257 1.306458400 0.623841107 0.340252829 0.338715778 0.616702446
10004.631495480 59.730175415 48.763893206 1.305542413 0.624215730 0.343352856 0.338397764 0.614776782
10004.664854541 59.733872417 48.767595048 1.304026697 0.624657278 0.347852338 0.338510534 0.611729233
10004.698161941 59.737724200 48.769362930 1.302110957 0.625505746 0.351948395 0.338584672 0.608469644
10004.731504847 59.739460619 48.769897963 1.300984591 0.626271587 0.353547825 0.338459768 0.606821902
10004.764926313 59.742126853 48.768299669 1.299195274 0.628618446 0.354489660 0.337070949 0.604614840
10004.798311986 59.743362954 48.764667045 1.297810231 0.632121825 0.352916082 0.334285291 0.603428192
10004.831671726 59.743483644 48.760365094 1.297053376 0.635373742 0.350179828 0.331434082 0.603179696
10004.865066901 59.743251165 48.753058223 1.296878970 0.640434130 0.344788058 0.326741107 0.603494465
10004.898469648 59.742371405 48.743175299 1.297348816 0.646079604 0.337465980 0.321330647 0.604520035
10004.931818555 59.740559633 48.736125503 1.297733298 0.650026587 0.331891902 0.317178430 0.605566714
10004.965159991 59.737348858 48.724900748 1.298605912 0.655570637 0.323141370 0.311157114 0.607443862
10004.998518017 59.735259294 48.714561190 1.298038389 0.660329149 0.313640637 0.304971668 0.610399253
10005.031863720 59.731945962 48.706205534 1.298814308 0.663777085 0.306906049 0.300552044 0.612272103
10005.065221951 59.726397307 48.694790164 1.300178928 0.668058097 0.297539994 0.294575103 0.615137252
10005.098603485 59.719092765 48.680749934 1.302114860 0.672993859 0.285187335 0.286642271 0.619341311
10005.131964941 59.714152609 48.672177903 1.303430973 0.676016396 0.276700991 0.280922285 0.622511898
10005.165337059 59.706086557 48.659797741 1.305640738 0.680033566 0.263813206 0.272067413 0.627643422
10005.198709286 59.697804774 48.648327602 1.308033539 0.683537428 0.250445665 0.262754807 0.633256239
10005.232078381 59.691941257 48.639962512 1.310183090 0.685580425 0.241102137 0.256273076 0.637317308
10005.265428763 59.683208593 48.629096447 1.313568067 0.687612337 0.228486374 0.247396616 0.643255910
10005.298807421 59.675792413 48.621243988 1.316682263 0.688236587 0.219378413 0.240812157 0.648238396
10005.332171213 59.670022450 48.614885985 1.320597180 0.688056696 0.212249071 0.235878031 0.652602383
10005.365531184 59.664218070 48.608612123 1.325093495 0.686857101 0.206360337 0.231904411 0.657162900
10005.398885887 59.658586070 48.603201093 1.331725659 0.684131237 0.201799035 0.228713974 0.662519070
10005.432235121 59.656467488 48.601183871 1.336351416 0.681888504 0.200479549 0.227722447 0.665566305
10005.465607865 59.654894553 48.599224237 1.343592710 0.678021899 0.200082619 0.227188282 0.669804997
10005.498970992 59.655130488 48.598268415 1.350556885 0.673833377 0.200936855 0.227156550 0.673775083
10005.532324492 59.656347779 48.598892743 1.355517531 0.670893955 0.201995602 0.227239315 0.676358907
10005.565661679 59.658691531 48.601413619 1.362873317 0.666588052 0.203551883 0.227036563 0.680206879
10005.598978374 59.662444034 48.605458654 1.370345719 0.662258346 0.205280210 0.226552669 0.684067107
10005.632334360 59.665986707 48.608702602 1.374267218 0.659430352 0.206830408 0.226684603 0.686284842
10005.665677870 59.670210994 48.612733142 1.378667298 0.655797673 0.209128539 0.227085949 0.688931519
10005.699017188 59.677548824 48.619867502 1.383353317 0.650922384 0.213372999 0.228899983 0.691647895
10005.732369512 59.684067104 48.626215275 1.386095843 0.647066254 0.217874681 0.231452867 0.693011874
10005.765724113 59.692865510 48.633731668 1.388825590 0.642179535 0.224784259 0.235866586 0.693861971
10005.799090997 59.702295877 48.642620112 1.390850014 0.636909661 0.233373768 0.241833806 0.693829358
10005.832467973 59.708520216 48.648856989 1.391605255 0.633555017 0.239557400 0.246736403 0.693066692
10005.865822923 59.717736170 48.657073583 1.392581766 0.628854293 0.248994408 0.254653038 0.691155477
10005.899161513 59.725432624 48.663536496 1.393632976 0.625199366 0.256898747 0.261382961 0.689062939
10005.932545297 59.733345074 48.671291254 1.393413140 0.621606664 0.265368089 0.269200650 0.686087416
10005.965872229 59.742133229 48.679598827 1.392831463 0.618148730 0.274397094 0.278303798 0.682015673
10005.999252583 59.750309633 48.688418818 1.392384727 0.615227843 0.283071380 0.287040434 0.677475523
10006.032622812 59.758434038 48.696539194 1.391205661 0.612729783 0.291242686 0.296166322 0.672328358
10006.065990435 59.762111329 48.700871050 1.389914256 0.611563028 0.295161092 0.300777343 0.669629437
10006.099349768 59.770983527 48.711253092 1.387048426 0.608848237 0.304984358 0.312113272 0.662475411
10006.132737597 59.777999390 48.720400244 1.383684778 0.606497910 0.313457240 0.322101440 0.655862414
10006.166093088 59.782183860 48.725830721 1.381452162 0.605099347 0.318634217 0.328234415 0.651605083
10006.199452521 59.788296275 48.736452395 1.375979375 0.602833190 0.327249994 0.338106406 0.644347456
10006.232757444 59.794100443 48.745704173 1.370758531 0.600862274 0.334991558 0.347057926 0.637413508
10006.266166205 59.798241947 48.751800175 1.367366228 0.599546318 0.340299861 0.353069676 0.632520371
10006.299512076 59.803428598 48.760314876 1.362242606 0.597884266 0.347363249 0.360708899 0.625909154
10006.332860181 59.809494512 48.771881391 1.355602024 0.595697845 0.356063017 0.369338502 0.618022877
10006.366241614 59.813883530 48.778901013 1.352554498 0.594189613 0.361872980 0.374773886 0.612805993
10006.399598304 59.819992940 48.790742669 1.347737021 0.591673750 0.370754464 0.382410854 0.605165465
10006.432959864 59.824734047 48.801011490 1.344783071 0.589369537 0.378222093 0.388539009 0.598856440
10006.466327010 59.830268233 48.813080235 1.342691624 0.586288212 0.387125594 0.395529330 0.591571176
10006.499694865 59.835487292 48.827539250 1.340258576 0.582597920 0.396697401 0.402537146 0.584101602
10006.533057469 59.841552161 48.846380678 1.338612503 0.577223480 0.409186146 0.411781194 0.574296091
10006.566440524 59.845436227 48.858922679 1.337789005 0.573461347 0.417171696 0.417575955 0.568102263
10006.599813589 59.849674391 48.874184654 1.336810735 0.568898008 0.426311415 0.424141385 0.560997076
10006.633199571 59.855980330 48.898068140 1.335599909 0.561910467 0.439823496 0.433889244 0.550047310
10006.666588391 59.859599959 48.912267004 1.334691664 0.557746556 0.447158434 0.439213565 0.544113553
10006.699940619 59.862762955 48.929293836 1.333670188 0.553199074 0.454963763 0.445153944 0.537416714
10006.733299350 59.866194071 48.953590984 1.332101688 0.547086821 0.464860147 0.453327249 0.528294860
10006.766655805 59.868200791 48.967373892 1.330687873 0.543635844 0.469968194 0.457731729 0.523518509
10006.799944935 59.868732411 48.984111813 1.328939560 0.539597318 0.475348925 0.463517371 0.517715927
10006.833271052 59.870601065 49.001702666 1.326674484 0.535104834 0.481109027 0.469248542 0.511862020
10006.866636341 59.870715599 49.016675447 1.324602753 0.531281040 0.485589114 0.474814614 0.506453108
10006.899982794 59.870422239 49.030547980 1.322688888 0.527617078 0.489538182 0.480153904 0.501422791
10006.933382373 59.869887310 49.042663814 1.320948009 0.524439186 0.492643656 0.484909769 0.497119990
10006.966758575 59.868790128 49.052738413 1.319416204 0.521829018 0.494885864 0.489314112 0.493309393
10007.000089715 59.869393607 49.058747177 1.319393523 0.520313252 0.496429642 0.492187735 0.490492573
10007.033433252 59.868959801 49.064274735 1.317924091 0.519445828 0.496750182 0.495829121 0.487410269
10007.066807891 59.868285034 49.065165593 1.317414286 0.519731190 0.495961946 0.497316881 0.486391980
10007.100139867 59.869951263 49.062179055 1.317653265 0.520756914 0.494940310 0.498033042 0.485602116
10007.133495998 59.870579829 49.053812657 1.317757114 0.523661930 0.491542294 0.498287447 0.485668587
10007.166867102 59.871276561 49.049040275 1.318000629 0.525331877 0.489681486 0.497805819 0.486238448
10007.200223664 59.873209639 49.029921371 1.319766255 0.531295608 0.483494893 0.494957683 0.488850240
10007.233584804 59.874180703 49.013137556 1.321546193 0.537570247 0.476644598 0.490833337 0.492859811
10007.266993406 59.873954056 49.001789628 1.322442706 0.542751606 0.470716138 0.486979457 0.496687044
10007.300344583 59.875331020 48.984547467 1.323910987 0.549859559 0.462517778 0.480859257 0.502499896
10007.333704994 59.874697864 48.962931662 1.325390673 0.558424115 0.452086406 0.472863771 0.510078664
10007.367111606 59.873340760 48.949493156 1.326068178 0.563561112 0.445446244 0.467570494 0.515125567
10007.400439646 59.871113613 48.931279038 1.326618499 0.569539401 0.437265986 0.460675444 0.521729302
10007.433810091 59.868753148 48.910408321 1.326304377 0.575050487 0.428917460 0.452977340 0.529299801
10007.467183407 59.866372589 48.897699627 1.326376562 0.578179818 0.423818396 0.448035341 0.534181991
10007.500528804 59.862986724 48.879710489 1.325948100 0.581908525 0.417273052 0.440924225 0.541157552
10007.533901434 59.860215687 48.862700226 1.324954706 0.584925418 0.411426392 0.433491880 0.548338736
10007.567370698 59.857930094 48.851900453 1.324638849 0.586824834 0.407650605 0.428371881 0.553132110
10007.600638050 59.855328107 48.838359954 1.324373070 0.588939815 0.403194517 0.421732062 0.559219226
10007.634010695 59.853076602 48.823522221 1.324608980 0.590844575 0.398815762 0.414034608 0.566060085
10007.667447120 59.851884251 48.814539374 1.325550858 0.591780254 0.396563079 0.409472226 0.569970483
10007.700748011 59.851195894 48.802576050 1.327965113 0.592258034 0.394625380 0.403875053 0.574792286
10007.734125855 59.851456119 48.793779688 1.331280068 0.591587552 0.394608258 0.400524374 0.577831045
10007.767512388 59.852339784 48.786101642 1.337001802 0.589656752 0.396590068 0.398713853 0.579696901
10007.800897751 59.853532751 48.780831942 1.343955814 0.586759520 0.399927986 0.398626760 0.580402945
10007.834262590 59.855909762 48.775187176 1.357981465 0.580742813 0.407016593 0.400530136 0.580216243
10007.867666997 59.857747392 48.773052143 1.367754578 0.576969442 0.411466080 0.402110524 0.579749130
10007.900999295 59.859729596 48.771536827 1.380116377 0.572960552 0.415965900 0.403793954 0.579343609
10007.934394127 59.862665722 48.770782478 1.401840890 0.567049867 0.421757515 0.406168965 0.579311504
10007.967781661 59.864668242 48.771184203 1.414681913 0.563789934 0.424610019 0.407574188 0.579422578
10008.001137816 59.865842553 48.772263199 1.429980117 0.560069995 0.427617082 0.409669732 0.579340955
10008.034503196 59.868461429 48.775559358 1.453751746 0.553602655 0.432610516 0.413770981 0.578935071
10008.067896143 59.870223617 48.777941552 1.466979631 0.549599307 0.435626817 0.416665644 0.578411289
10008.101246826 59.871977013 48.781474819 1.484271373 0.544258324 0.439282880 0.420979410 0.577572303
10008.134604068 59.872995326 48.785874627 1.503458508 0.537664711 0.443121547 0.426899365 0.576469327
10008.168003504 59.873511032 48.789032944 1.513872267 0.533393107 0.445372402 0.430911179 0.575717615
10008.201366547 59.874275791 48.792803620 1.524268091 0.528951654 0.447338186 0.435411078 0.574905113
10008.234729150 59.873629716 48.799041418 1.536225270 0.521632657 0.450215358 0.443304173 0.573312229
10008.268125814 59.872562180 48.802037814 1.540143610 0.517783418 0.451460484 0.447785072 0.572339316
10008.301475420 59.870704796 48.806853376 1.542293312 0.512816224 0.452534599 0.453917110 0.571131522
10008.334831151 59.867022303 48.811999245 1.540942551 0.506883462 0.453787310 0.461679969 0.569208081
10008.368218270 59.864339645 48.814780611 1.538122141 0.503238627 0.454721189 0.466792198 0.567524950
10008.401569638 59.861458159 48.818652231 1.533191168 0.499337126 0.455760990 0.472537101 0.565378671
10008.434933714 59.858492001 48.822854060 1.525189015 0.494931646 0.457176961 0.479395475 0.562327192
10008.468319204 59.855483852 48.826018957 1.516796289 0.491781972 0.458331739 0.485278574 0.559094996
10008.501666169 59.853267317 48.829416470 1.506820896 0.489668365 0.459021929 0.490491837 0.555825079
10008.535011337 59.851258457 48.831750853 1.496849014 0.489352425 0.459047982 0.494163224 0.552821727
10008.568353971 59.850058507 48.833011045 1.489359186 0.490196819 0.458688375 0.495890910 0.550821440
10008.601655232 59.849500166 48.835121646 1.479458584 0.491838198 0.458367635 0.497397449 0.548260956
10008.634988649 59.850164797 48.838700626 1.466245590 0.493958212 0.459032783 0.498983564 0.544343266
10008.668352578 59.850191905 48.840666075 1.458088101 0.494991694 0.460289032 0.500099954 0.541310692
10008.701699381 59.851186271 48.843303278 1.448493342 0.495762742 0.462318212 0.501485617 0.537581018
10008.735045367 59.852997792 48.848152255 1.432595037 0.496958512 0.465808915 0.503374063 0.531666102
10008.768414637 59.853287155 48.851124748 1.423452060 0.497607327 0.467879113 0.504353858 0.528302252
10008.801753624 59.854404338 48.856255074 1.409636406 0.498494906 0.471041836 0.505668004 0.523375857
10008.835125005 59.856055073 48.861791904 1.398855055 0.498648059 0.474105303 0.506599989 0.519548579
10008.868475943 59.856616972 48.868398278 1.387321718 0.498589094 0.477786265 0.508013968 0.514831048
10008.901838579 59.857216788 48.877125543 1.375360120 0.497695816 0.482635406 0.509884911 0.509292959
10008.935233454 59.857773616 48.884948851 1.366747790 0.496573542 0.486912410 0.511516046 0.504660635
10008.968578409 59.858623404 48.894911524 1.358024792 0.494869832 0.492280358 0.513501035 0.499079739
10009.001948175 59.859137117 48.904772039 1.351241870 0.493078958 0.497101491 0.515173054 0.494327800
10009.035314063 59.860219207 48.920711008 1.342394209 0.490276925 0.504596229 0.517749652 0.486771487
10009.068674761 59.860390147 48.930420628 1.338524363 0.488175405 0.509016632 0.519520358 0.482374792
10009.102033983 59.860750027 48.941666003 1.334502821 0.485526973 0.514274827 0.521643885 0.477150520
10009.135405565 59.860310898 48.960071939 1.329946504 0.480258298 0.522818672 0.525919736 0.468423990
10009.168767306 59.859551195 48.970298189 1.327994638 0.477080409 0.527358314 0.528505237 0.463648258
10009.202120897 59.858181837 48.982534376 1.326111919 0.473273160 0.532591316 0.531714454 0.457863238
10009.235473900 59.854652884 49.000338580 1.324034261 0.467430498 0.539612769 0.536551894 0.449932056
10009.268834617 59.851918263 49.011366426 1.322759682 0.463993244 0.543571717 0.539484976 0.445192114
10009.302197497 59.848030356 49.024056777 1.321363849 0.459928717 0.547785383 0.542986476 0.439957312
10009.335550718 59.842336776 49.039000011 1.319845133 0.455361081 0.552304829 0.547272838 0.433702780
10009.368912457 59.838811345 49.047240533 1.318389245 0.452806930 0.554592216 0.549744870 0.430318412
10009.402262760 59.834455056 49.056189384 1.316774658 0.449976164 0.557016900 0.552769002 0.426262896
10009.435628033 59.829664446 49.064992801 1.314205336 0.447160333 0.559501911 0.556394031 0.421225510
10009.468976778 59.827610929 49.069115023 1.311861835 0.445828515 0.560814708 0.558305189 0.418352858
10009.502316580 59.825988479 49.072193786 1.308742796 0.444990908 0.561919697 0.560364989 0.414994488
10009.535689556 59.826040518 49.072817396 1.303934246 0.445717333 0.562257867 0.561780137 0.411831553
10009.569073143 59.827111866 49.070812971 1.300933046 0.447683978 0.561503135 0.561594880 0.410979898
10009.602384310 59.829717967 49.066171989 1.297186595 0.451702426 0.559527155 0.560167130 0.411226297
10009.635780279 59.834086118 49.056957867 1.292799385 0.458763323 0.555596141 0.556738448 0.413390181
10009.669134958 59.837905785 49.050199590 1.290176260 0.463706121 0.552712205 0.553908262 0.415537590
10009.702487792 59.843123530 49.039694234 1.286880311 0.470706572 0.548501660 0.549454770 0.419142825
10009.735844716 59.849732205 49.023879396 1.283306983 0.480210467 0.542429052 0.542722638 0.424995023
10009.769214733 59.852822824 49.012834988 1.281636529 0.486671350 0.537982559 0.537774861 0.429562524
10009.802557299 59.857199861 48.995827913 1.279411671 0.496367819 0.530708283 0.529792265 0.437364679
10009.835946742 59.861097559 48.977763061 1.277101764 0.506115732 0.522773863 0.520929254 0.446303783
10009.869282350 59.862660047 48.964880120 1.276230780 0.512484945 0.517249944 0.514662038 0.452697099
10009.902631130 59.864124097 48.946020248 1.275296122 0.520668288 0.509620235 0.505784911 0.461923559
10009.936055494 59.864735668 48.927744604 1.274552393 0.526938600 0.503138560 0.497952347 0.470351742
10009.969354799 59.865143476 48.914852041 1.274124783 0.530586095 0.499070033 0.492722366 0.476058996
10010.002692848 59.864995751 48.896774709 1.273252629 0.535438003 0.493004300 0.485349443 0.484446925
10010.036050851 59.863910738 48.882567324 1.273526539 0.539195860 0.488114452 0.479238889 0.491265909
10010.069397884 59.862814459 48.865983326 1.273652004 0.543859971 0.481821138 0.471452619 0.499797110
10010.102756406 59.861135285 48.848231787 1.274166918 0.549174031 0.474268688 0.462202705 0.509750679
10010.136119477 59.858897750 48.833766047 1.275320810 0.553140375 0.468245995 0.454828165 0.517602893
10010.169480371 59.857842700 48.820589275 1.276418466 0.556133188 0.463186469 0.447893320 0.524943564
10010.202840077 59.857156230 48.807355653 1.278234403 0.557559706 0.459626234 0.441663516 0.531793416
10010.236210084 59.857022622 48.795426977 1.280681222 0.556943124 0.458516395 0.437349808 0.536937816
10010.269584472 59.857556104 48.789440064 1.282360653 0.555572679 0.459068120 0.435229453 0.539602430
10010.302969449 59.858119552 48.782392925 1.285444307 0.553168565 0.460460169 0.432769465 0.542855010
10010.336304987 59.858872547 48.777770134 1.288383032 0.551050630 0.461806200 0.430821778 0.545408866
10010.369672325 59.859581898 48.776208407 1.291135272 0.548695592 0.463449423 0.429124384 0.547722596
10010.403016724 59.860321956 48.776647646 1.294389086 0.545605108 0.465814099 0.427724728 0.549894398
10010.436381724 59.861600861 48.779620265 1.297131909 0.541630839 0.469319625 0.427406350 0.551088864
10010.469755186 59.862703368 48.783888215 1.298512514 0.538249447 0.472725784 0.428196792 0.550876913
10010.503119994 59.864789392 48.792196388 1.300026927 0.532135949 0.479323544 0.430927051 0.548982831
10010.536467447 59.867046516 48.802536992 1.301156451 0.524530041 0.487869669 0.435644051 0.545037323
10010.569848042 59.868382099 48.811755219 1.301786233 0.518316403 0.494952524 0.440264610 0.540867061
10010.603219815 59.870218082 48.826820715 1.302452449 0.508073940 0.506526768 0.448312442 0.533204894
10010.636567688 59.871669354 48.840072958 1.302834342 0.499254284 0.516381940 0.455766408 0.525710789
10010.669950759 59.872132485 48.854634318 1.303048240 0.490362840 0.526054776 0.463673161 0.517511214
10010.703305315 59.872576386 48.872507708 1.302442455 0.480209919 0.536763350 0.472924184 0.507568967
10010.736674834 59.872357660 48.890911961 1.302249220 0.470397526 0.546861107 0.482335910 0.497012241
10010.770030896 59.871667651 48.903855086 1.302068884 0.463516845 0.553687196 0.489324021 0.489024157
10010.803396457 59.870098366 48.923746027 1.301284978 0.452371135 0.564249409 0.500366638 0.476042213
10010.836760003 59.867864691 48.943618909 1.300835909 0.440287771 0.575001909 0.512190484 0.461714620
10010.870138023 59.865095192 48.964402970 1.301071810 0.426808111 0.586425359 0.524568499 0.445834077
10010.903536529 59.862770711 48.979224424 1.300608064 0.416809137 0.594082715 0.533527007 0.434378641
10010.936953440 59.859153455 48.999354047 1.300004156 0.403481748 0.603628792 0.545007147 0.419287455
10010.970287067 59.853951183 49.022054243 1.299694876 0.389304019 0.612775937 0.556915387 0.403476496
10011.003655583 59.850738392 49.036769874 1.299883749 0.380705883 0.617818071 0.563978562 0.394071115
10011.037035419 59.846543289 49.056623920 1.300069280 0.369970709 0.623850060 0.572496940 0.382334973
10011.070443809 59.842153345 49.080692606 1.300399960 0.357987003 0.630300804 0.581557362 0.369265808
10011.103818979 59.840182618 49.095662481 1.300760411 0.350897859 0.633865672 0.586977272 0.361306912
10011.137187691 59.838278743 49.115716900 1.301077892 0.342429001 0.638038213 0.593455655 0.351368758
10011.170540016 59.837076956 49.139653357 1.301504949 0.333057649 0.642454474 0.600724031 0.339787419
10011.203904359 59.836706799 49.149768250 1.301680701 0.329195247 0.644190792 0.603715889 0.334926617
10011.237274468 59.837172198 49.176251943 1.301840831 0.319831664 0.648345289 0.610985077 0.322572982
10011.270625735 59.838951629 49.198931919 1.301802895 0.313079386 0.651229153 0.616423962 0.312895170
10011.303996340 59.841290794 49.213878476 1.301632311 0.309413210 0.652730211 0.619587609 0.307112247
10011.337364536 59.845964214 49.237410758 1.301112100 0.305576373 0.654261403 0.623541008 0.299602583
10011.370741286 59.852274193 49.261284444 1.300564300 0.304285638 0.654665934 0.626237650 0.294362313
10011.404108333 59.857394419 49.276731101 1.300052894 0.304711233 0.654401957 0.627354244 0.292122914
10011.437463534 59.867428708 49.303154812 1.299471466 0.307366033 0.653140618 0.628282909 0.290162096
10011.470811451 59.876600566 49.328812319 1.299405758 0.311662175 0.650927389 0.628514435 0.290051423
10011.504169272 59.884334642 49.346202100 1.299808087 0.315004329 0.649248285 0.628372720 0.290511038
10011.537528437 59.894616874 49.372267761 1.300902661 0.319746452 0.646821256 0.628119180 0.291291546
10011.570886720 59.906932202 49.397992782 1.302731457 0.324627264 0.644502083 0.627457810 0.292456665
10011.604262007 59.916391810 49.415829669 1.304522279 0.328754778 0.642516034 0.626621009 0.294006042
10011.637639022 59.929963715 49.437222977 1.306800511 0.335807384 0.639097327 0.624802460 0.297338013
10011.671010459 59.946753884 49.461351386 1.310395384 0.346078645 0.633800698 0.622009730 0.302704712
10011.704346150 59.956847583 49.475954067 1.312733002 0.351895860 0.630487247 0.620556921 0.305882727
10011.737718891 59.968384096 49.492706748 1.315613286 0.356928924 0.627228474 0.619973674 0.307926660
10011.771076282 59.983825884 49.514483839 1.319388790 0.358332010 0.625515411 0.621441526 0.306820910
10011.804439229 59.993261806 49.528744581 1.321663326 0.356331425 0.625838376 0.623612438 0.304075270
10011.837805529 60.008890835 49.548480534 1.323871146 0.351531382 0.627462908 0.627310511 0.298659520
10011.871164839 60.024546409 49.568568883 1.325794496 0.346919739 0.628881409 0.630620586 0.294062143
10011.904526603 60.033103766 49.580275409 1.326409621 0.345345855 0.629167433 0.631887979 0.292578474
10011.937920203 60.051603748 49.598816102 1.326573433 0.343771260 0.629118268 0.633485146 0.291080911
10011.971273455 60.071780338 49.622935223 1.326976774 0.343367469 0.628332054 0.634359689 0.291350985
10012.004629236 60.083371022 49.636603399 1.326847688 0.342639802 0.628102439 0.634970668 0.291371829
10012.037991284 60.099294207 49.657180996 1.326698989 0.340098056 0.628536842 0.636359998 0.290380274
10012.071354506 60.119174684 49.682449816 1.325896885 0.333819865 0.630558528 0.639265112 0.286880388
10012.104730295 60.131423290 49.698423142 1.325178922 0.328281310 0.632534518 0.641758560 0.283332694
10012.138091465 60.147118489 49.719474304 1.323949241 0.319638468 0.635858412 0.645279820 0.277721593
10012.171454538 60.167227462 49.747049541 1.322576672 0.307068857 0.640414691 0.650319428 0.269559609
10012.204822332 60.179040916 49.763324535 1.321964808 0.299828344 0.642928716 0.653108496 0.264943243
10012.238197527 60.196228640 49.786168005 1.321828473 0.290635218 0.645969932 0.656534447 0.259261521
10012.271555993 60.212074870 49.806711799 1.321651123 0.282639298 0.648455846 0.659438279 0.254482219
10012.304919089 60.228540874 49.828935515 1.322282768 0.274144871 0.651038606 0.662424852 0.249372490
10012.338293848 60.245108207 49.853685514 1.323278416 0.263076232 0.654574768 0.665942500 0.242576497
10012.371654697 60.260121061 49.879561418 1.324985428 0.249649439 0.658812666 0.669951642 0.234106441
10012.405031488 60.269364486 49.897833373 1.326038384 0.240133619 0.661826619 0.672529328 0.228091372
10012.438390357 60.281150368 49.923845424 1.327681104 0.226907886 0.665821447 0.675878498 0.219961061
10012.471760014 60.290975555 49.948640839 1.329395216 0.214359894 0.669338110 0.678903300 0.212430316
10012.505125950 60.296780018 49.965894873 1.330435562 0.205814119 0.671689911 0.680844552 0.207180861
10012.538499866 60.305142745 49.992498968 1.330887885 0.193409161 0.675249406 0.683326944 0.199237104
10012.571870288 60.310516765 50.017642268 1.331485289 0.179837958 0.678958680 0.686011810 0.189897908
10012.605226245 60.314657680 50.037219675 1.330892938 0.169760018 0.681903832 0.687618871 0.182671806
10012.638586593 60.319128357 50.064731900 1.330025194 0.155025768 0.686031416 0.689807572 0.171736489
10012.671972188 60.320797254 50.089943182 1.329637774 0.140502773 0.689787441 0.691814285 0.160764585
10012.705327888 60.322290877 50.109416961 1.328255623 0.130783403 0.692251833 0.692987336 0.153139330
10012.738693888 60.322574411 50.129981834 1.326872580 0.120006570 0.694755880 0.694265798 0.144594924
10012.772057861 60.323064943 50.163765559 1.323410114 0.104387664 0.698085541 0.696016923 0.131682327
10012.805438543 60.322687124 50.183234825 1.321133449 0.095639501 0.699755722 0.696973200 0.124190876
10012.838800610 60.321103022 50.210113084 1.318205551 0.082850628 0.701822416 0.698418129 0.113106975
10012.872175211 60.319642246 50.231953033 1.315913315 0.072497195 0.703139785 0.699687152 0.103809870
10012.905545249 60.316957940 50.254777900 1.313502525 0.060607868 0.704238157 0.701224194 0.093058774
10012.938930521 60.312816859 50.280095108 1.311483780 0.046172612 0.705180768 0.702988405 0.079971717
10012.972272573 60.306965055 50.302228249 1.310455527 0.032813889 0.705460794 0.704759370 0.067546621
10013.005649677 60.304969604 50.320154465 1.309576412 0.024034832 0.705674738 0.705665045 0.059011313
10013.039008664 60.297762912 50.341138536 1.309632692 0.010810840 0.705715001 0.706896191 0.046338304
10013.072383605 60.290310558 50.364440090 1.309159598 -0.003479057 0.705931403 0.707533296 0.032332424
10013.105763896 60.284464644 50.380612283 1.308714623 -0.013448699 0.706049176 0.707673246 0.022633409
10013.139115431 60.275820018 50.403615550 1.308072011 -0.027212593 0.706283618 0.707348921 0.008968298
10013.172476639 60.266210179 50.425604075 1.307715847 -0.039585664 0.706481977 0.706614278 -0.003528947
10013.205850334 60.259434284 50.443631573 1.307189040 -0.048165621 0.706649487 0.705810356 -0.012582376
10013.239206050 60.250451351 50.466352994 1.305209305 -0.058264912 0.706714572 0.704694143 -0.023788213
10013.272574018 60.240811162 50.489012073 1.303317083 -0.067882726 0.706570198 0.703510790 -0.034972272
10013.305974261 60.233761957 50.503939381 1.301639807 -0.074859049 0.706271186 0.702655643 -0.043036980
10013.339297880 60.222533054 50.525028769 1.298949809 -0.086455073 0.705479146 0.701216426 -0.055858919
10013.372678924 60.210892263 50.547315110 1.295955146 -0.099827854 0.704383972 0.699243206 -0.070260647
10013.406048963 60.201253789 50.561517356 1.294402098 -0.109634351 0.703172125 0.697874442 -0.080625897
10013.439399895 60.187237736 50.582975399 1.291865402 -0.123471749 0.701134483 0.695722582 -0.095578516
10013.472775454 60.173414663 50.604738128 1.289974146 -0.135445928 0.698965881 0.693737156 -0.108765141
10013.506163503 60.164373855 50.619830814 1.288472944 -0.142549473 0.697427441 0.692514297 -0.117040854
10013.539505942 60.152626612 50.641238082 1.287220046 -0.150227996 0.695361250 0.691187429 -0.127138586
10013.572866704 60.141609470 50.662390119 1.287254018 -0.156293743 0.693421481 0.690078980 -0.136124638
10013.606245704 60.133990287 50.677121815 1.287736641 -0.161081361 0.691937371 0.689086523 -0.142951857
10013.639606552 60.121650518 50.698127300 1.288901986 -0.170107197 0.689324337 0.687084658 -0.154305451
10013.672983205 60.108823733 50.717973916 1.290725087 -0.179279387 0.686527602 0.684902882 -0.165670742
10013.706355195 60.100531632 50.731747544 1.291658504 -0.184174178 0.684888889 0.683601111 -0.172327026
10013.739702195 60.089816445 50.750799394 1.293012691 -0.187305306 0.683324101 0.682675585 -0.178714692
10013.773071195 60.079617733 50.770017328 1.294223443 -0.186849537 0.682535806 0.682661491 -0.182223524
10013.806468544 60.073079054 50.782183329 1.295071826 -0.185990948 0.682134589 0.682790958 -0.184109419
10013.839810879 60.062531124 50.800290429 1.296292621 -0.186247436 0.681115571 0.682643428 -0.188126079
10013.873170451 60.051406385 50.818049177 1.296748199 -0.189172753 0.679542260 0.681722311 -0.194140868
10013.906554451 60.042451137 50.830548142 1.297424962 -0.192071910 0.678197276 0.680886477 -0.198872928
10013.939919280 60.031181162 50.848928133 1.297717183 -0.195075947 0.676691847 0.679725949 -0.204954026
10013.973265043 60.020540444 50.869937465 1.296073657 -0.195299327 0.676111469 0.679068292 -0.208800644
10014.006663718 60.013195502 50.883313480 1.297127615 -0.193718509 0.676240808 0.679077270 -0.209822714
10014.040001718 60.002747225 50.904225866 1.296540791 -0.189594711 0.676964648 0.679558495 -0.209697311
10014.073369718 59.992553057 50.925383293 1.295774677 -0.184221317 0.678022133 0.680391458 -0.208364962
10014.106767718 59.985359751 50.940887902 1.294938054 -0.179787738 0.678896368 0.681159214 -0.206877296
10014.140098718 59.976716741 50.962649240 1.293043189 -0.172236970 0.680255940 0.682627264 -0.203976225
10014.173463718 59.968412116 50.986074824 1.291697613 -0.162896174 0.681765159 0.684668850 -0.199723985
10014.206857718 59.963688065 51.001917791 1.291229472 -0.155566816 0.682852782 0.686343740 -0.196069670
10014.240198632 59.957789494 51.025855606 1.290613075 -0.143232427 0.684632816 0.689109548 -0.189447645
10014.273572827 59.954848569 51.047362590 1.290191164 -0.129414856 0.686589850 0.691955501 -0.181779420
10014.307002720 59.953363205 51.062836467 1.290218905 -0.119473235 0.687723212 0.694045416 -0.176249510
10014.340299530 59.951827814 51.084709748 1.290816618 -0.106184952 0.688987237 0.696789085 -0.168838131
10014.373661530 59.952625770 51.103302061 1.293401238 -0.095484354 0.689775754 0.698923445 -0.163089439
10014.407049925 59.952744591 51.117176428 1.294215012 -0.089106368 0.690170299 0.700156851 -0.159704094
10014.440397925 59.953333882 51.137750109 1.295703836 -0.080932269 0.690701776 0.701644159 -0.155166036
10014.473765925 59.955388564 51.157075098 1.296550173 -0.073197902 0.691311314 0.702959587 -0.150261621
10014.507145925 59.956797397 51.172101612 1.297219282 -0.067426606 0.691821536 0.703897725 -0.146166369
10014.540499925 59.959698799 51.194377358 1.298553287 -0.058341226 0.692816014 0.705184696 -0.138984954
10014.573871925 59.963274585 51.216333410 1.299503261 -0.049464377 0.693778991 0.706389301 -0.131294107
10014.607248794 59.966052171 51.231525830 1.299798830 -0.044086745 0.694317190 0.707133428 -0.126262876
10014.640603794 59.969268561 51.254283811 1.299738723 -0.038754003 0.694688721 0.708112358 -0.120343663
10014.673987794 59.972252232 51.277731833 1.299138798 -0.036388226 0.694666828 0.708949416 -0.116209378
10014.707348794 59.973433386 51.294077160 1.298508744 -0.036392729 0.694473601 0.709438585 -0.114362932
10014.740709794 59.974413751 51.320820941 1.297008561 -0.037834791 0.694126585 0.710039795 -0.112251067
10014.774065794 59.975947549 51.346538747 1.295526543 -0.039796674 0.693783723 0.710577539 -0.110272085
10014.807440794 59.977177192 51.365331390 1.294409356 -0.040938263 0.693593788 0.710958137 -0.108582888
10014.840797794 59.979191851 51.393069860 1.292830097 -0.042200256 0.693394245 0.711515099 -0.105687386
10014.874168794 59.981980291 51.421795756 1.291538571 -0.043281203 0.693148901 0.712155998 -0.102494747
10014.907560794 59.984807829 51.440582406 1.291058356 -0.044036208 0.692905569 0.712641597 -0.100422304
10014.940920794 59.987018867 51.471456024 1.291381718 -0.045874598 0.692527194 0.713220075 -0.098075131
10014.974286794 59.989484744 51.501003325 1.292860679 -0.049444616 0.691965454 0.713644418 -0.097214638
10015.007653794 59.990207094 51.531423851 1.295251749 -0.055709853 0.691088116 0.713909877 -0.098113787
10015.041016794 59.990039282 51.550601445 1.297014574 -0.060521258 0.690402020 0.714044128 -0.099112114
10015.074367794 59.989239090 51.579018331 1.300245242 -0.067013194 0.689423097 0.714308844 -0.099839373
10015.107742944 59.988537566 51.604963344 1.304159764 -0.071201914 0.688662697 0.714777939 -0.098825480
10015.141096944 59.987675970 51.622723603 1.306960630 -0.073060325 0.688292521 0.715175711 -0.097156044
10015.174476944 59.986128152 51.647905488 1.310689944 -0.073905744 0.688103149 0.715761405 -0.093475175
10015.207861944 59.984200129 51.673598424 1.313950113 -0.073042144 0.688216707 0.716365806 -0.088558689
10015.241196944 59.982760974 51.690847661 1.315786975 -0.071655251 0.688370564 0.716812793 -0.084799240
10015.274565944 59.980595640 51.714890366 1.317937780 -0.068718014 0.688640297 0.717498545 -0.079045642
10015.307971944 59.977389493 51.739201799 1.319447469 -0.065635861 0.688876295 0.718147087 -0.073526491
10015.341298944 59.975176304 51.755386832 1.320733061 -0.064001308 0.689021730 0.718480052 -0.070280177
10015.374669944 59.964967634 51.785915329 1.319029877 -0.063842351 0.689175656 0.718631927 -0.067299501
10015.408036944 59.957676612 51.811203256 1.319636457 -0.067331571 0.688981782 0.718454854 -0.067773053
10015.441399944 59.951754742 51.828897622 1.319565705 -0.072084313 0.688693491 0.718039692 -0.070172135
10015.474772944 59.944777087 51.855022007 1.319019674 -0.079906388 0.688205673 0.717187056 -0.075037644
10015.508148944 59.935169018 51.881134518 1.318602467 -0.086587836 0.687780598 0.716382778 -0.079095577
10015.541514944 59.928252336 51.899438659 1.318577483 -0.089964962 0.687573478 0.715946862 -0.081050040
10015.574872944 59.917875099 51.926429580 1.319177500 -0.093225586 0.687424307 0.715445441 -0.083033923
10015.608238944 59.907335038 51.952323821 1.320581029 -0.095455062 0.687267758 0.715122169 -0.084567388
10015.641594944 59.899605716 51.969958546 1.322077284 -0.097057825 0.687024147 0.714975743 -0.085949327
10015.674992944 59.889468874 51.996094166 1.324592748 -0.100683393 0.686343348 0.714712173 -0.089343007
10015.708338226 59.876369993 52.019809628 1.328746764 -0.106849040 0.685167227 0.714234325 -0.094860332
10015.741698259 59.867768305 52.034726397 1.332041618 -0.111229487 0.684266842 0.713881731 -0.098892692
10015.775084771 59.855535303 52.056549811 1.337639286 -0.116448936 0.682911018 0.713556537 -0.104447381
10015.808443771 59.844227031 52.077085367 1.343479642 -0.120164738 0.681816637 0.713294281 -0.109076936
10015.841824809 59.836391258 52.091150387 1.347624678 -0.122768109 0.681098933 0.713001056 -0.112524347
10015.875178809 59.824509098 52.111032941 1.353599842 -0.128372431 0.680029823 0.711974930 -0.119044774
10015.908559809 59.811275497 52.131018185 1.359489361 -0.137114372 0.678577315 0.710125566 -0.128273755
10015.941932809 59.801860323 52.144143984 1.363197418 -0.144627541 0.677324373 0.708404078 -0.135934652
10015.975277150 59.787805789 52.162265662 1.368044970 -0.156880589 0.675184150 0.705378547 -0.148175405
10016.008647548 59.773250835 52.179813943 1.372245072 -0.170062636 0.672801219 0.701739096 -0.161181457
10016.041999548 59.762724872 52.191982487 1.374717083 -0.179903201 0.671007055 0.698737406 -0.170734906
10016.075387140 59.747373719 52.209224813 1.377506560 -0.194869264 0.668196081 0.693745789 -0.185085784
10016.108740178 59.731182938 52.226566940 1.379599660 -0.212015846 0.664738356 0.687552617 -0.201105936
10016.142105178 59.720309245 52.238202033 1.380629139 -0.224375676 0.661977835 0.682747790 -0.212829410
10016.175480182 59.703585130 52.247979144 1.382219915 -0.243284520 0.657354964 0.674918481 -0.230612526
10016.208834182 59.688692028 52.263615264 1.383194590 -0.263110915 0.651870262 0.665933459 -0.249740737
10016.242200182 59.678589715 52.274298544 1.383893763 -0.277445093 0.647453923 0.658969237 -0.263793827
10016.275596153 59.664532606 52.289004874 1.385050163 -0.298665381 0.640030316 0.648090377 -0.284849167
10016.308968153 59.652063255 52.302197410 1.386194459 -0.318631667 0.632034827 0.637140700 -0.305053382
10016.342305164 59.644378084 52.310705895 1.386934823 -0.331451476 0.626265139 0.629712955 -0.318423442
10016.375677164 59.634507398 52.321738619 1.387931647 -0.348292013 0.617954555 0.619508420 -0.336205532
10016.409053270 59.625464479 52.331115943 1.388767243 -0.363969598 0.609410758 0.609656272 -0.352794401
10016.442415586 59.619397485 52.336456519 1.389214083 -0.374760982 0.603015897 0.602872066 -0.363966079
10016.475788841 59.610875151 52.342560718 1.389580005 -0.390386036 0.593107545 0.592967524 -0.379752153
10016.509139711 59.603290906 52.346402422 1.389462680 -0.405208485 0.582852442 0.583511551 -0.394465949
10016.542505711 59.598223144 52.347650307 1.389159775 -0.415655954 0.575221201 0.576852732 -0.404464612
10016.575875711 59.591188222 52.347505281 1.388434891 -0.430394544 0.563975558 0.567344671 -0.418105406
10016.609240713 59.584518299 52.345439461 1.387333208 -0.444469971 0.552654394 0.558011495 -0.430862782
10016.642602713 59.580547122 52.343160047 1.386423654 -0.452954308 0.545522134 0.552188134 -0.438550181
10016.676019987 59.574847361 52.338276777 1.384729578 -0.465347126 0.534767151 0.543429690 -0.449622418
10016.709346987 59.569606675 52.332055093 1.382785082 -0.477288082 0.524080730 0.534504952 -0.460260721
10016.742714987 59.565887016 52.326651350 1.381260528 -0.486095381 0.516050612 0.527608532 -0.468008850
10016.776083513 59.563368469 52.337873391 1.374395892 -0.497372538 0.505484287 0.517860599 -0.478462740
10016.809437513 59.566009747 52.310159196 1.373608517 0.508857106 -0.494335623 -0.507957230 0.488544972
10016.842803513 59.566248837 52.326401206 1.376442512 0.512202355 -0.491002682 -0.504476813 0.492004328
10016.876178334 59.561832783 52.319476230 1.374216186 0.523425876 -0.479811010 -0.492898257 0.502849933
10016.909537334 59.559462093 52.311304501 1.371886960 0.530005044 -0.473008066 -0.485314919 0.509732726
10016.942922334 59.558600832 52.308505411 1.371165674 0.532068142 -0.470849463 -0.482709616 0.512050488
10016.976275334 59.555757790 52.297546331 1.368817831 0.539615512 -0.462861413 -0.472862116 0.520553389
10017.009647334 59.553694585 52.289055558 1.367261795 0.544745991 -0.457316836 -0.465559838 0.526656580
10017.043024334 59.556342956 52.270487663 1.372415832 0.546855089 -0.454935353 -0.462630921 0.529108653
10017.076373334 59.549031396 52.260933653 1.375072251 0.550030826 -0.451518519 -0.457438134 0.533242413
10017.109747334 59.543948441 52.250621607 1.374487617 0.552619517 -0.448516100 -0.451334985 0.538276611
10017.143104334 59.557892163 52.220773926 1.375711047 0.553144185 -0.447469835 -0.450047119 0.539684952
10017.176478334 59.562938780 52.203190439 1.375777675 0.554476941 -0.445143349 -0.445153617 0.544280239
10017.209846334 59.563740705 52.194957304 1.375020196 0.556470820 -0.441907719 -0.440268311 0.548836596
10017.243203334 59.571119066 52.183831843 1.377179048 0.557419135 -0.440253880 -0.438391725 0.550702392
10017.276579334 59.575174460 52.170303690 1.377201143 0.562199565 -0.432803610 -0.429434225 0.558747646
10017.309975334 59.577787931 52.161228248 1.377154374 0.566069377 -0.426539401 -0.422324136 0.565041524
10017.343312334 59.609370371 52.158436605 1.386459060 0.567208552 -0.423629272 -0.419512189 0.568174465
10017.376677334 59.618729247 52.149962599 1.388306527 0.570969880 -0.417014791 -0.412364355 0.574497779
10017.410041334 59.626748277 52.134361064 1.387717587 0.577278758 -0.405899042 -0.401038998 0.584091539
10017.443402334 59.630125059 52.129285992 1.387965225 0.580026433 -0.400901775 -0.396062083 0.588202286
10017.476776334 59.635692662 52.129731671 1.391358448 0.584534302 -0.392366943 -0.387452147 0.595187925
10017.510152485 59.639578198 52.124592177 1.391703544 0.589191328 -0.383538615 -0.378688752 0.601952273
10017.543521485 59.645307848 52.115704078 1.389516276 0.594234612 -0.373692106 -0.368998567 0.609162945
10017.576880485 59.653899500 52.109817027 1.389828046 0.598311123 -0.365095588 -0.360506130 0.615438333
10017.610251485 59.661119886 52.104052182 1.390677277 0.601855741 -0.357370075 -0.352746065 0.620988333
10017.643636879 59.667771135 52.098749014 1.391597122 0.605130843 -0.349962038 -0.345316164 0.626178873
10017.676993879 59.674628817 52.093194769 1.393163447 0.608801258 -0.341563694 -0.336580412 0.631988052
10017.710343206 59.681494667 52.088841853 1.394314062 0.612510051 -0.333049340 -0.327833279 0.637522482
10017.743707206 59.687591981 52.085283537 1.395205289 0.616032304 -0.324968498 -0.319422943 0.642548566
10017.777076206 59.694050451 52.081798275 1.396331390 0.620045362 -0.315811627 -0.309905141 0.647893177
10017.810449206 59.700586237 52.079211824 1.397764670 0.624016787 -0.306503285 -0.300213247 0.653093249
10017.843808206 59.709092209 52.078769552 1.397012980 0.627638731 -0.297737719 -0.291251140 0.657719277
10017.877179206 59.718792209 52.079206762 1.395845499 0.631407923 -0.288336676 -0.281718961 0.662435221
10017.910552206 59.724725849 52.078651913 1.397259721 0.634604506 -0.280161544 -0.273339633 0.666387331
10017.943926206 59.731199821 52.077993667 1.399121374 0.638134488 -0.271011362 -0.264000744 0.670552626
10017.977275206 59.735347492 52.077549130 1.400426627 0.640511859 -0.264783903 -0.257731578 0.673207603
10018.010655206 59.742214549 52.078760630 1.401954389 0.644208948 -0.254603251 -0.247525582 0.677423872
10018.044043206 59.746760518 52.080293486 1.402757720 0.646560762 -0.247801896 -0.240819087 0.680117320
10018.077380206 59.751874799 52.082544192 1.403444119 0.649060032 -0.240142100 -0.233362779 0.683077345
10018.110764235 59.757854143 52.085465315 1.404015636 0.651890773 -0.231100645 -0.224908239 0.686328781
10018.144129235 59.763534791 52.088557980 1.404391030 0.654439075 -0.222662067 -0.217093945 0.689203395
10018.177477235 59.769244077 52.091814365 1.404610931 0.656836686 -0.214424508 -0.209674152 0.691826892
10018.210855548 59.778733327 52.097428496 1.404744867 0.660445549 -0.201492207 -0.198191087 0.695652830
10018.244212904 59.783076251 52.099879135 1.404778947 0.661979264 -0.195822304 -0.193314544 0.697184743
10018.277573473 59.790762304 52.103876311 1.404798863 0.664539144 -0.186160024 -0.185127292 0.699614220
10018.310955400 59.801911763 52.108528945 1.404577114 0.668037252 -0.172911844 -0.174193983 0.702484292
10018.344313534 59.807348232 52.110277786 1.404337108 0.669645468 -0.166745251 -0.169284850 0.703643097
10018.377671829 59.820925444 52.113737438 1.403394673 0.673387930 -0.152427209 -0.157892063 0.705963694
10018.411038495 59.832912943 52.115922909 1.402382307 0.676279260 -0.141417942 -0.149328240 0.707353098
10018.444402893 59.841084731 52.117064123 1.401658152 0.678043745 -0.134763779 -0.144117321 0.708043503
10018.477768396 59.854111197 52.118125661 1.400635499 0.680736589 -0.124934937 -0.136439739 0.708782869
10018.511151091 59.867479827 52.118477425 1.399838300 0.683392403 -0.115119843 -0.128684404 0.709339530
10018.544496450 59.877070405 52.118392662 1.399414614 0.685291864 -0.108078736 -0.122984642 0.709625835
10018.577857710 59.890427338 52.117218281 1.397291910 0.688053157 -0.097891263 -0.114546838 0.709844472
10018.611216708 59.904791554 52.116530970 1.396917181 0.690615738 -0.087686689 -0.105690607 0.710063689
10018.644578850 59.914461822 52.116003365 1.396747993 0.692250343 -0.081085259 -0.099698509 0.710123124
10018.677963346 59.928180554 52.115181348 1.396541090 0.694362140 -0.072209387 -0.091290845 0.710149987
10018.711315220 59.941428887 52.113589272 1.395784111 0.696233659 -0.064145801 -0.083181316 0.710087936
10018.744671265 59.950776112 52.112573414 1.395491657 0.697394065 -0.058893713 -0.077662325 0.710029303
10018.778042496 59.963302148 52.111033542 1.395883603 0.698843771 -0.052038218 -0.070045743 0.709931688
10018.811401490 59.976717970 52.108699822 1.395272506 0.700124446 -0.045833159 -0.062754828 0.709779482
10018.844767323 59.985777253 52.106859369 1.394845372 0.700859038 -0.042142235 -0.058156031 0.709674937
10018.878137876 59.998514306 52.103830622 1.394238700 0.701737347 -0.037644891 -0.052184744 0.709524003
10018.911497404 60.011016956 52.100167346 1.393609712 0.702438772 -0.033960891 -0.046826359 0.709389682
10018.944874421 60.019785164 52.097096029 1.393126443 0.702850716 -0.031649960 -0.043417412 0.709305350
10018.978240169 60.032376357 52.091756924 1.392242735 0.703368642 -0.028903287 -0.038968371 0.709167554
10019.011606280 60.044429880 52.085755418 1.391056567 0.703685318 -0.026717324 -0.035064018 0.709142914
10019.044966892 60.052943648 52.081131234 1.390039168 0.703821690 -0.025153498 -0.032428716 0.709190178
10019.078329011 60.065399958 52.073831272 1.388373793 0.703928785 -0.022731017 -0.028623547 0.709329444
10019.111693011 60.078219635 52.065702443 1.386541902 0.703922864 -0.020328131 -0.025063085 0.709542958
10019.145061011 60.087465453 52.059407287 1.385202801 0.703874867 -0.018953473 -0.022972870 0.709699362
10019.178431323 60.106980937 52.049428438 1.384625898 0.703680364 -0.017508222 -0.021027733 0.709989607
10019.211790552 60.120985282 52.038314567 1.382926054 0.703481185 -0.017953553 -0.020788616 0.710182882
10019.245155022 60.134563224 52.026263205 1.381397312 0.703211454 -0.020534870 -0.022496632 0.710328003
10019.278540500 60.095692890 51.962958144 1.397025022 0.704107089 -0.023434608 -0.024336744 0.709289608
10019.311890714 60.049403671 51.908679560 1.401201423 0.704728961 -0.027786362 -0.026996898 0.708418081
10019.345252860 59.993795496 51.907320843 1.392981194 0.704473406 -0.031861933 -0.028621840 0.708436891
10019.378621308 59.967143221 51.895254719 1.397803468 0.704357919 -0.034333692 -0.030220354 0.708369854
10019.411986212 59.966943705 51.881905544 1.389483305 0.704153501 -0.037757805 -0.033428570 0.708254704
10019.445348418 59.974460692 51.866163064 1.387222496 0.703914869 -0.041600622 -0.037284259 0.708084126
10019.478713575 59.974113845 51.856699001 1.386590095 0.703734540 -0.044238771 -0.039750195 0.707969314
10019.512074454 59.973219053 51.843643753 1.375999512 0.703540267 -0.046421232 -0.041920312 0.707897486
10019.545448167 59.979221444 51.827284981 1.374203588 0.703609426 -0.046085702 -0.042389014 0.707822757
10019.578811481 59.984129195 51.814898047 1.373254052 0.703755608 -0.044472368 -0.041668436 0.707823420
10019.612187494 59.986791063 51.797090782 1.372384207 0.704341620 -0.041293324 -0.039704221 0.707545983
10019.645562840 59.975622002 51.780048840 1.377134508 0.705007645 -0.038668509 -0.037752524 0.707137691
10019.678937717 59.970469254 51.762972061 1.380596054 0.705537106 -0.036642984 -0.035604012 0.706828861
10019.712282534 59.974107243 51.740975811 1.379034477 0.706533919 -0.033435545 -0.033166444 0.706110383
10019.745642019 59.974410198 51.720019598 1.377965634 0.707375675 -0.030019464 -0.030815789 0.705527373
10019.779000604 59.973584905 51.706840928 1.376667678 0.707927912 -0.027202781 -0.028688699 0.705177310
10019.812363346 59.974924053 51.686191331 1.375035962 0.708550932 -0.021640908 -0.024035436 0.704918113
10019.845739515 59.974374130 51.665544105 1.373076172 0.708867338 -0.014103186 -0.017959637 0.704972091
10019.879103008 59.968795227 51.655595055 1.371360624 0.708960755 -0.007981017 -0.013505424 0.705073439
10019.912461226 59.970434758 51.635591266 1.369176849 0.708702988 0.001901055 -0.005360427 0.705484037
10019.945836368 59.973327218 51.616122268 1.367868146 0.707925268 0.012657718 0.003518971 0.706165146
10019.979192414 59.976300222 51.601582630 1.367038068 0.707277130 0.019789701 0.009215585 0.706599251
10020.012567214 59.979636798 51.583824149 1.367060110 0.705964722 0.029981946 0.017486168 0.707396019
10020.045958856 59.978382934 51.570224018 1.368021864 0.704107900 0.040154660 0.025338751 0.708503786
10020.079305621 59.981363626 51.559810807 1.368744219 0.702726402 0.045552145 0.029615016 0.709382518
10020.112667620 59.984881166 51.545941381 1.370177400 0.700720976 0.051731971 0.034415347 0.710724631
10020.146047843 59.988286164 51.534046003 1.371110266 0.699441155 0.055892924 0.037592347 0.711508867
10020.179393143 59.993145033 51.519422458 1.372748973 0.698053716 0.061025213 0.041682564 0.712221522
10020.212760173 59.999356139 51.501845511 1.374461537 0.696736850 0.067649672 0.047089685 0.712575501
10020.246155147 60.002980633 51.484997862 1.375438781 0.695663495 0.074672566 0.052812318 0.712521697
10020.279471210 60.006348927 51.474005793 1.376741669 0.694907152 0.079460904 0.057068776 0.712413623
10020.312822794 60.013678314 51.456315508 1.377938635 0.694081471 0.084976940 0.062463576 0.712129295
10020.346202878 60.020549643 51.438257515 1.379167400 0.693532432 0.089272979 0.066994592 0.711726651
10020.379549941 60.026617333 51.423993750 1.379595231 0.693379684 0.091562336 0.069634186 0.711331169
10020.412911507 60.028585462 51.408945276 1.381335247 0.692790883 0.095520659 0.073687522 0.710975911
10020.446298807 60.031719262 51.393044430 1.380541490 0.692864221 0.096250958 0.074758916 0.710694048
10020.479649322 60.038513279 51.375364718 1.380795147 0.692888083 0.095901118 0.075700697 0.710618382
10020.513012270 60.045290746 51.356979228 1.380955452 0.692875683 0.094531618 0.075983622 0.710783758
10020.546399661 60.055022428 51.336196809 1.383125648 0.692956124 0.090799314 0.075066930 0.711289147
10020.579752771 60.058777839 51.324517717 1.384341482 0.692941209 0.088433166 0.073980124 0.711715531
10020.613113884 60.064152238 51.306651349 1.385073033 0.693020708 0.084068047 0.071960373 0.712373895
10020.646493100 60.062041289 51.296415325 1.385333218 0.692726250 0.078948154 0.068944829 0.713543371
10020.679846022 60.066090221 51.284352758 1.385475026 0.692706097 0.076957222 0.068508833 0.713822379
10020.713168376 60.072311330 51.266557692 1.384603240 0.692766937 0.077241381 0.070138129 0.713574371
10020.746541235 60.080205206 51.245937236 1.383810280 0.693027512 0.080047535 0.073256966 0.712698167
10020.779891717 60.087240105 51.232011493 1.384254922 0.692897900 0.085134527 0.077914940 0.711740033
10020.813263786 60.100133652 51.207792642 1.382683554 0.693152131 0.093997459 0.085150690 0.709544898
10020.846677115 60.112228192 51.182880793 1.381889178 0.693776657 0.099883074 0.089824068 0.707551382
10020.879990829 60.120175931 51.166745092 1.381595067 0.694309417 0.102928998 0.092469739 0.706250240
10020.913352261 60.132455786 51.140667773 1.379854055 0.695421506 0.105583032 0.094536301 0.704488496
10020.946756986 60.144399407 51.112462645 1.377713811 0.696573646 0.107763429 0.096481640 0.702754219
10020.980093619 60.152312991 51.094415758 1.376497025 0.697125829 0.110269135 0.098853235 0.701487230
10021.013460238 60.162429937 51.070049606 1.374416635 0.697360924 0.115246464 0.103322615 0.699807425
10021.046835880 60.176510052 51.033521384 1.369486279 0.697211053 0.123752057 0.110855196 0.697347332
10021.080159782 60.184913691 51.014494371 1.368114530 0.696507327 0.130233810 0.116924063 0.695877477
10021.113481734 60.199121112 50.979754880 1.364711594 0.695257440 0.140060602 0.125759094 0.693674831
10021.146810535 60.211905895 50.949512040 1.363402140 0.693453326 0.149430259 0.134388356 0.691905233
10021.180113366 60.220516845 50.930486648 1.363530249 0.691961577 0.155687549 0.140351468 0.690834299
10021.213440539 60.233994181 50.901200641 1.362708015 0.690069004 0.163066697 0.146836832 0.689675987
10021.246801597 60.249239573 50.871188514 1.363696319 0.687188671 0.171934300 0.154727659 0.688672403
10021.280151258 60.258983686 50.854553363 1.364847416 0.685204578 0.177281883 0.159518923 0.688200213
10021.313513223 60.272380820 50.830906136 1.366353929 0.682757546 0.183187871 0.164441227 0.687926900
10021.346887413 60.285999083 50.803757763 1.369402109 0.680417889 0.187521774 0.168427006 0.688112944
10021.380244814 60.296732893 50.787746269 1.371391769 0.679089820 0.189927552 0.170586269 0.688233148
10021.413624132 60.310034984 50.767533162 1.375292156 0.676997244 0.193565703 0.174225227 0.688369538
10021.447014169 60.324980164 50.744778966 1.377582277 0.674753279 0.198054781 0.178827522 0.688115567
10021.480387251 60.336693386 50.729397974 1.378742812 0.673291771 0.201634776 0.182324321 0.687589594
10021.513733665 60.351815625 50.706001677 1.380101016 0.671103847 0.206428146 0.188108985 0.686747448
10021.547119942 60.368332591 50.682513411 1.380446568 0.669345778 0.209534623 0.192200137 0.686389524
10021.580473880 60.377471024 50.669779151 1.380243983 0.668687316 0.210350912 0.193675430 0.686366953
10021.613844511 60.392233542 50.646486956 1.379653598 0.667880345 0.209441938 0.195158319 0.687010298
10021.647236766 60.409683492 50.617040533 1.378605372 0.667902321 0.203937291 0.194130273 0.688933602
10021.680595575 60.419904289 50.598694819 1.377400864 0.668492100 0.199027990 0.192028540 0.690384828
10021.713907796 60.432949546 50.575659264 1.376644419 0.669396714 0.190678058 0.188569953 0.692814037
10021.747292258 60.446629055 50.554361401 1.376269632 0.669971394 0.183029132 0.186514626 0.694874782
10021.780622920 60.456865674 50.535514541 1.376260625 0.670549835 0.177723744 0.184614251 0.696200235
10021.814002825 60.473092314 50.508190653 1.378221622 0.670792633 0.171910144 0.183601041 0.697692485
10021.847357481 60.485371230 50.484301550 1.381365834 0.670878748 0.165891598 0.182945415 0.699237197
10021.880719854 60.493267071 50.464436896 1.383660651 0.671453394 0.160626471 0.181689303 0.700241725
10021.914070593 60.503120533 50.434883702 1.387000926 0.672965892 0.151402809 0.178746209 0.701600948
10021.947464344 60.515194156 50.402560508 1.390639334 0.674942040 0.142842556 0.175634951 0.702283141
10021.980807925 60.525151143 50.376017908 1.393083444 0.676570599 0.136634614 0.173401104 0.702506416
10022.014185613 60.540729241 50.336135479 1.396742436 0.678965240 0.128955111 0.170306025 0.702404898
10022.047554729 60.556102178 50.296510649 1.399312504 0.680899797 0.123475990 0.168702025 0.701903678
10022.080890565 60.569819474 50.266311822 1.400349955 0.681806274 0.122494926 0.169323379 0.701045498
10022.114260369 60.589139686 50.225785804 1.401719867 0.682147193 0.125709517 0.173358669 0.699155988
10022.147650239 60.607282495 50.189581398 1.402240734 0.681501596 0.133270122 0.180404559 0.696598051
10022.181012195 60.620990390 50.162524930 1.402397833 0.680221017 0.141337760 0.187346988 0.694423582
10022.214386137 60.641706982 50.128803310 1.402675576 0.676769992 0.157064310 0.200547520 0.690719822
10022.247756040 60.661546472 50.099471672 1.402327885 0.671525924 0.176273683 0.216154315 0.686482217
10022.281133232 60.677080531 50.078483273 1.401973282 0.667016250 0.191229456 0.228012252 0.683030768
10022.314480220 60.699215739 50.053124190 1.402156763 0.660216705 0.212186153 0.244333326 0.677784748
10022.347836924 60.722215169 50.026870482 1.402608215 0.654365015 0.229638196 0.257045030 0.673053176
10022.381170040 60.737735110 50.008808496 1.402943251 0.651731675 0.237831660 0.262505210 0.670651131
10022.414550704 60.758367999 49.987617457 1.404305274 0.650014231 0.243609628 0.265302901 0.669141405
10022.447907842 60.778339732 49.967909327 1.405489462 0.650250874 0.244102707 0.263285003 0.669528697
10022.481263929 60.792412907 49.954859655 1.405688647 0.650957594 0.243162398 0.260716291 0.670188984
10022.514638146 60.812413839 49.936849688 1.405576623 0.651880881 0.242336692 0.257220259 0.670941117
10022.548011575 60.841828192 49.912657579 1.404976289 0.652197941 0.243793511 0.254076484 0.671302994
10022.581367917 60.859616384 49.900323215 1.403577343 0.651852427 0.246197546 0.253271827 0.671065245
10022.614734790 60.880616010 49.886731231 1.401889050 0.651053959 0.249786036 0.252962858 0.670630652
10022.648099692 60.916380870 49.865160041 1.397575153 0.649427202 0.256481133 0.252948509 0.669685590
10022.681479329 60.935785985 49.854954765 1.394459721 0.648498851 0.259704177 0.252617665 0.669467920
10022.714844650 60.960579958 49.843382010 1.389988245 0.647493035 0.263031532 0.251601808 0.669524991
10022.748210327 60.990189019 49.835166242 1.384495754 0.646347133 0.266186653 0.249746977 0.670079470
10022.781572377 61.011220116 49.825690922 1.379878326 0.645809852 0.267704996 0.248394975 0.670495046
10022.814967649 61.044089696 49.811713921 1.373113140 0.644880493 0.269775548 0.246562867 0.671235470
10022.848315060 61.076100244 49.797693889 1.366866423 0.644297011 0.270633024 0.243982632 0.672392448
10022.881660502 61.101691632 49.785845914 1.361626719 0.644238533 0.269425148 0.240634079 0.674138000
10022.915030976 61.134897643 49.771092032 1.356652707 0.645303906 0.263366978 0.233457121 0.678025424
10022.948398801 61.166980508 49.758178244 1.354516377 0.646642702 0.255065320 0.225371036 0.682643974
10022.981756592 61.190447199 49.752763224 1.354560865 0.647150930 0.249786347 0.220791241 0.685604611
10023.015138778 61.221251727 49.744998642 1.355852325 0.647177831 0.242691300 0.215301433 0.689860190
10023.048504050 61.253683790 49.736467674 1.358780930 0.645816112 0.238799564 0.213344091 0.693094955
10023.081848376 61.274135656 49.730825382 1.361454094 0.644235478 0.238617742 0.214028070 0.694416451
10023.115238756 61.301433870 49.722191171 1.365306411 0.641304851 0.241387054 0.217511043 0.695089436
10023.148581762 61.334537159 49.709036844 1.370643904 0.636519487 0.248325939 0.224794420 0.694726305
10023.181936075 61.357929665 49.703393679 1.374299730 0.633187767 0.254199577 0.230594045 0.693745063
10023.215307483 61.389154258 49.694354853 1.378915914 0.628492477 0.262468279 0.238639092 0.692213112
10023.248676891 61.413229327 49.683830500 1.381940781 0.625179412 0.268097389 0.244599114 0.690974505
10023.282042354 61.444267078 49.673964599 1.385257225 0.621650742 0.273871974 0.250981462 0.689603366
10023.315437821 61.477782553 49.663804750 1.387648759 0.618501030 0.278686309 0.256965155 0.688301770
10023.348765300 61.502586694 49.654795576 1.388874842 0.616480623 0.281600023 0.260996065 0.687411174
10023.382123339 61.534738886 49.644039392 1.389619623 0.613892682 0.285971014 0.266969280 0.685626544
10023.415496531 61.569820653 49.629955655 1.389357658 0.611020738 0.291481287 0.273894506 0.683135504
10023.448865282 61.598173497 49.619700367 1.388471622 0.608305619 0.296786669 0.280477215 0.680598618
10023.482227561 61.632282698 49.608179016 1.387545739 0.604898248 0.303472405 0.288873391 0.677166725
10023.515593606 61.668721934 49.596424021 1.386886375 0.601257861 0.310412432 0.298073495 0.673264657
10023.548950706 61.694852272 49.588016758 1.387268613 0.598562293 0.315399168 0.304827751 0.670318273
10023.582315917 61.729478406 49.578159922 1.388516560 0.594718840 0.323130589 0.314205241 0.665711041
10023.615682916 61.769440590 49.568873489 1.390457390 0.589702247 0.333681250 0.325482919 0.659521761
10023.649037868 61.808513533 49.562029795 1.392843334 0.584495862 0.344408066 0.336468956 0.653097476
10023.682417022 61.837433008 49.558099827 1.393837807 0.581001947 0.351542070 0.343482567 0.648748515
10023.715769165 61.877148315 49.553742283 1.395007042 0.576618049 0.360192655 0.352257211 0.643185614
10023.749134552 61.916110733 49.551401834 1.396549600 0.573245172 0.366999199 0.359259165 0.638462538
10023.782509772 61.943252605 49.549861408 1.396800322 0.571507643 0.370641182 0.363204042 0.635678340
10023.815870894 61.982911790 49.550601667 1.396432831 0.569459424 0.375067781 0.368285435 0.631985730
10023.849218204 62.020549777 49.551147284 1.395702560 0.568033580 0.378436399 0.372391093 0.628847055
10023.882580523 62.044837891 49.554895566 1.394648368 0.566971381 0.380670121 0.375257012 0.626750259
10023.915941043 62.082269128 49.559102157 1.392347359 0.565562229 0.383781249 0.379175615 0.623760508
10023.949328310 62.110974612 49.562252979 1.390148336 0.564475179 0.386076871 0.382433392 0.621334952
10023.982671617 62.159790156 49.565448729 1.386201428 0.562960895 0.389432977 0.387470219 0.617481835
10024.016039073 62.188224963 49.566858681 1.384133794 0.562297510 0.390920686 0.390092061 0.615492252
10024.049407483 62.215693051 49.573957546 1.382577003 0.561721135 0.392027406 0.392859707 0.613551245
10024.082768092 62.266084775 49.577083212 1.381572617 0.561831011 0.392658105 0.396245407 0.610864228
10024.116143881 62.294507162 49.578110794 1.381496739 0.562444354 0.392319740 0.397578603 0.609649756
10024.149506542 62.329803196 49.579941015 1.381584072 0.563460512 0.391554173 0.398935998 0.608315420
10024.182871975 62.379787687 49.581788997 1.381776087 0.565745851 0.388806957 0.400160422 0.607151068
10024.216249358 62.407082049 49.582464898 1.381801900 0.566944129 0.387245403 0.400880185 0.606556204
10024.249601942 62.447192597 49.584610684 1.381829460 0.567815514 0.386079025 0.402683942 0.605288503
10024.282966386 62.490373736 49.588206844 1.381597149 0.567441810 0.386934031 0.405737310 0.603049818
10024.316351354 62.519353425 49.590973772 1.381062420 0.566422385 0.388541101 0.408299352 0.601242991
10024.349713639 62.557124117 49.593745530 1.380349590 0.564551598 0.391175194 0.411936323 0.598808757
10024.383061926 62.602240772 49.597683164 1.378337168 0.561677005 0.395057555 0.416598720 0.595729785
10024.416436663 62.632824109 49.602413642 1.376401432 0.559467255 0.398142238 0.419888057 0.593441798
10024.449787580 62.671451076 49.608485357 1.373166548 0.556497122 0.402205301 0.424032819 0.590540445
10024.483149563 62.718412941 49.616039834 1.368549663 0.553051695 0.406861091 0.428836347 0.587109243
10024.516520712 62.749927336 49.622599186 1.365330718 0.550973309 0.409671248 0.431671916 0.585027554
10024.549894528 62.794333846 49.631791511 1.361240704 0.548332740 0.412877353 0.435306268 0.582556393
10024.583253248 62.837880041 49.641776596 1.357983208 0.545437766 0.416051803 0.439387877 0.579945544
10024.616618517 62.868544018 49.650659498 1.356481451 0.542707489 0.419218964 0.442827004 0.577605649
10024.649995986 62.913804076 49.663855497 1.355615903 0.537505928 0.425498434 0.448917500 0.573159261
10024.683357684 62.962620824 49.678691128 1.355520575 0.530651907 0.433773032 0.456395283 0.567408897
10024.716718838 62.993789045 49.691084014 1.355877556 0.525649186 0.439724652 0.461439392 0.563390496
10024.750077677 63.038551767 49.707770230 1.356582059 0.518485742 0.448009394 0.468336893 0.557781922
10024.783439271 63.079362842 49.717895726 1.355320322 0.513202738 0.454067896 0.473161571 0.553681699
10024.816814647 63.119159586 49.737311235 1.356072722 0.507246921 0.460426608 0.478321662 0.549469096
10024.850184656 63.158021333 49.756234252 1.356478179 0.502173966 0.465723367 0.482462764 0.546033639
10024.883540573 63.206188628 49.781422036 1.356712832 0.496826144 0.471420546 0.486593816 0.542358654
10024.916913110 63.235961032 49.797542017 1.356750324 0.494157669 0.474358526 0.488478932 0.540537252
10024.950294737 63.275509729 49.821008629 1.357104886 0.491165575 0.477835387 0.490609284 0.538267826
10024.983631931 63.317633565 49.844034630 1.357190560 0.488568366 0.480921801 0.492639246 0.536024016
10025.017001469 63.346841147 49.860833438 1.356657446 0.486631944 0.483143145 0.494220363 0.534329753
10025.050390320 63.386211155 49.884025244 1.356008140 0.483323262 0.486715259 0.497160654 0.531355027
10025.083729007 63.432932596 49.911278851 1.355151838 0.478625519 0.491763752 0.501453061 0.526906873
10025.117095973 63.461935125 49.928470325 1.355027456 0.475819102 0.494678537 0.504280323 0.524014010
10025.150460719 63.505970449 49.952740431 1.355480709 0.472285972 0.498249623 0.508091138 0.520131397
10025.183807097 63.538225966 49.971257318 1.356608255 0.469830126 0.500689693 0.510923335 0.517229959
10025.217174716 63.578445028 49.994221039 1.359075534 0.467401565 0.502904522 0.514234280 0.513990199
10025.250524701 63.615375663 50.016103626 1.361988395 0.465704089 0.504001120 0.517044081 0.511632672
10025.283879470 63.658815058 50.041337197 1.365873084 0.464145852 0.504250787 0.520431787 0.509362863
10025.317245951 63.684057259 50.058384447 1.368544978 0.462903389 0.504473406 0.522753705 0.507893296
10025.350611768 63.716438369 50.081575646 1.372240964 0.460492007 0.505308683 0.526388818 0.505494866
10025.383969428 63.757150714 50.111132079 1.375338794 0.455618179 0.507796310 0.531996997 0.501531831
10025.417340513 63.780997856 50.130856094 1.376583905 0.451630961 0.510223615 0.535997043 0.498405967
10025.450711234 63.815286834 50.159284493 1.377390974 0.445074140 0.514561474 0.541955968 0.493375341
10025.484074128 63.842190776 50.180499345 1.376914892 0.439931228 0.518040219 0.546440327 0.489385139
10025.517444869 63.876325006 50.209068904 1.375402380 0.433087192 0.522736289 0.552123108 0.484089176
10025.550805674 63.905491794 50.232472977 1.373290970 0.427766903 0.526335269 0.556524544 0.479861536
10025.584168670 63.955330560 50.272628132 1.369234520 0.419557942 0.531566359 0.563525911 0.473124600
10025.617534661 63.979204244 50.295366293 1.367010289 0.415000645 0.534222200 0.567562846 0.469311753
10025.650894963 64.005724245 50.320075602 1.364775476 0.409625968 0.537335652 0.572208420 0.464816617
10025.684272697 64.046308613 50.360412017 1.361539778 0.399522862 0.543020202 0.580825845 0.456236650
10025.717628505 64.067776461 50.384100930 1.360621631 0.393198453 0.546448179 0.586126731 0.450826817
10025.751004863 64.095003875 50.415464337 1.361551766 0.384804072 0.550962540 0.592976487 0.443559456
10025.784358532 64.130099167 50.457091955 1.362859863 0.373675381 0.556852328 0.601652645 0.433931204
10025.817729572 64.148172576 50.482817290 1.363701547 0.367199605 0.559969232 0.606574554 0.428562970
10025.851096305 64.171153688 50.516561205 1.364831646 0.359282842 0.563610015 0.612483936 0.422046227
10025.884463726 64.194762187 50.549970220 1.366703422 0.351648484 0.567102581 0.617948447 0.415785669
10025.917828227 64.215035735 50.587833110 1.368337702 0.343697987 0.570563041 0.623431850 0.409465796
10025.951206950 64.234265416 50.629963472 1.370150934 0.335728129 0.573834204 0.628825971 0.403210650
10025.984547686 64.249131722 50.672195054 1.371595340 0.328141089 0.576813667 0.633806235 0.397365165
10026.017911495 64.260760717 50.700387237 1.370356460 0.323372557 0.578719609 0.636791160 0.393714138
10026.051277761 64.274933003 50.737927862 1.368077025 0.317776424 0.580828431 0.640377031 0.389324718
10026.084625516 64.291737885 50.788495320 1.363321964 0.311134561 0.583212175 0.644655636 0.384028585
10026.117988866 64.301824515 50.816804486 1.358829178 0.308062561 0.584178483 0.646819341 0.381389170
10026.151349540 64.321666537 50.855299173 1.353244368 0.305046406 0.585198289 0.649059435 0.378432957
10026.184705296 64.348632380 50.908320456 1.345125096 0.302494915 0.586181889 0.651264422 0.375156330
10026.218050224 64.359231857 50.937922464 1.339641319 0.302468920 0.586090979 0.651929506 0.374162846
10026.251402600 64.373899462 50.977000435 1.334419220 0.303522559 0.585608136 0.652114070 0.373743771
10026.284757906 64.387232649 51.021314020 1.331006033 0.305060191 0.585152236 0.651949518 0.373492927
10026.318120648 64.399716226 51.062206302 1.328588269 0.306878999 0.584774850 0.651411493 0.373532759
10026.351482924 64.413157054 51.109970893 1.328284356 0.308388653 0.584929106 0.650703910 0.373281129
10026.384847547 64.429731887 51.161762559 1.330288087 0.308885024 0.585839762 0.650131211 0.372439557
10026.418202266 64.437788048 51.195332482 1.331698991 0.308936310 0.586683160 0.649828440 0.371596857
10026.451551401 64.449539349 51.233106336 1.333780937 0.308778566 0.587671387 0.649514543 0.370714171
10026.484924976 64.462338640 51.295362690 1.336917588 0.307837977 0.589333511 0.649427417 0.369006535
10026.518286520 64.467139119 51.328682686 1.338347138 0.306913672 0.590207900 0.649684057 0.367925616
10026.551647748 64.474357481 51.377521427 1.339476613 0.304583298 0.591990310 0.650365345 0.365788745
10026.585024702 64.479749233 51.417472425 1.340032848 0.301857071 0.593895615 0.651217971 0.363435637
10026.618393589 64.483001442 51.462167895 1.340475596 0.297508496 0.596622769 0.652555399 0.360140830
10026.651754631 64.486866166 51.507092640 1.339586356 0.292683786 0.599677255 0.653890146 0.356582485
10026.685162249 64.492943932 51.564941351 1.336831800 0.286737925 0.603683555 0.655258206 0.352113918
10026.718482445 64.494791852 51.602143618 1.335635733 0.282792746 0.606327715 0.656033789 0.349305929
10026.751845642 64.498058587 51.655585276 1.332414106 0.276778237 0.610561565 0.657039851 0.344828968
10026.785238798 64.503506873 51.698356866 1.328696212 0.272059043 0.614076600 0.657622986 0.341212273
10026.818587808 64.507136461 51.751382616 1.323863170 0.265959423 0.618444921 0.658411639 0.336579232
10026.851967529 64.511869177 51.810172121 1.317611403 0.259717998 0.622917455 0.659173345 0.331678923
10026.885330735 64.516615638 51.856479352 1.312339840 0.255182152 0.626140059 0.659762777 0.327938673
10026.918678966 64.519242892 51.908432996 1.308273272 0.250070959 0.629552261 0.660492969 0.323847966
10026.952053394 64.521687240 51.965617334 1.304847811 0.245393386 0.632505570 0.661295904 0.320010183
10026.985455830 64.522830938 52.007133454 1.303594714 0.243517733 0.633800556 0.661619319 0.318207238
10027.018791905 64.525140991 52.060172576 1.303652660 0.243217039 0.634171316 0.661904314 0.317103915
10027.052153919 64.528604716 52.113830740 1.305086892 0.244704878 0.633720327 0.661918776 0.316830558
10027.085536341 64.531875221 52.166548344 1.306714365 0.246986037 0.632724192 0.662009271 0.316862304
10027.118886478 64.533588343 52.203223443 1.309295474 0.248363305 0.632064824 0.662250127 0.316598321
10027.152255289 64.537084600 52.257303531 1.313289127 0.248267696 0.632230333 0.663076841 0.314606198
10027.185635994 64.539687858 52.300226242 1.317781576 0.245940478 0.633510140 0.664264699 0.311336783
10027.218995472 64.540353221 52.350818274 1.321766277 0.240700041 0.636312422 0.666263734 0.305389307
10027.252361143 64.538884973 52.403149056 1.325062313 0.232758666 0.640418445 0.668800717 0.297309971
10027.285756952 64.537410937 52.453613262 1.327308337 0.224411964 0.644440188 0.671355640 0.289167285
10027.319099136 64.536451196 52.494507271 1.328457769 0.218209377 0.647368691 0.673200149 0.283019443
10027.352456659 64.535749195 52.547942470 1.328531519 0.211970689 0.650145634 0.675323719 0.276255238
10027.385855520 64.535645379 52.598566183 1.328014155 0.208803099 0.651422914 0.676799534 0.272014419
10027.419193236 64.534756590 52.634296633 1.327077371 0.207616755 0.651705364 0.677748231 0.269875411
10027.452560775 64.535436292 52.684913097 1.325491945 0.207109343 0.651458901 0.678918957 0.267910565
10027.485959578 64.537641734 52.744466246 1.325083491 0.208653224 0.650448792 0.679773036 0.266999664
10027.519294508 64.537236376 52.778935101 1.325275322 0.210942913 0.649216774 0.680102362 0.267360142
10027.552657231 64.538565994 52.830006654 1.327365847 0.215351618 0.647201452 0.680213343 0.268446958
10027.586062470 64.540137819 52.869815054 1.329524717 0.218327168 0.646089477 0.680209120 0.268732559
10027.619395278 64.542923198 52.916030138 1.334380939 0.221786417 0.644979136 0.680222436 0.268533307
10027.652762322 64.546721734 52.965732640 1.340540764 0.224170982 0.644460755 0.680519515 0.267041003
10027.686160640 64.548034502 53.001397011 1.344946075 0.225110555 0.644539193 0.680867770 0.265167018
10027.719490559 64.551027668 53.046418390 1.351560616 0.225636643 0.644907166 0.681394927 0.262457245
10027.752864010 64.554097870 53.086414551 1.357328414 0.225601325 0.645628515 0.681776898 0.259707765
10027.786239339 64.555906675 53.124280854 1.362730733 0.224991384 0.646918948 0.682011808 0.256387686
10027.819596179 64.560152034 53.170850809 1.367553185 0.223113234 0.648924886 0.682312165 0.252125142
10027.852972513 64.562787665 53.216912668 1.370472829 0.220166726 0.651533539 0.682652843 0.247013676
10027.886345823 64.562573289 53.246036068 1.371513975 0.217707859 0.653595505 0.682910420 0.243001157
10027.919691795 64.566784286 53.294266306 1.369851525 0.213800980 0.656358226 0.683388943 0.237618546
10027.953076824 64.571649498 53.345558878 1.365446627 0.209864459 0.658838359 0.683953437 0.232586803
10027.986431852 64.576765421 53.387436323 1.360705520 0.207026947 0.660448613 0.684418495 0.229169799
10028.019798649 64.580414174 53.433047142 1.354015576 0.204004510 0.662102690 0.684942568 0.225512450
10028.053163614 64.584588419 53.487967700 1.345873678 0.200143070 0.664199815 0.685448920 0.221226435
10028.086541463 64.588203580 53.531288384 1.340683291 0.196493200 0.666072132 0.685846150 0.217608354
10028.119901621 64.591946324 53.587636255 1.334583903 0.191012390 0.669100958 0.686097923 0.212338916
10028.153258694 64.597147169 53.648213251 1.331098926 0.185376842 0.672302268 0.686077109 0.207227623
10028.186653780 64.601039029 53.708071457 1.329960579 0.179507692 0.675581271 0.685931726 0.202149950
10028.219992726 64.602997621 53.749721335 1.330513676 0.174536655 0.678015784 0.686011980 0.198038168
10028.253357632 64.606307258 53.800945715 1.332449828 0.167403456 0.680990144 0.686483337 0.192273590
10028.286733898 64.606966469 53.856149244 1.334933024 0.157983919 0.684324562 0.687421274 0.184913403
10028.320086389 64.604110887 53.910475107 1.338153452 0.147807722 0.687277509 0.688689994 0.177506606
10028.353454964 64.600770957 53.967434379 1.342495111 0.137630658 0.689802703 0.689993028 0.170703409
10028.386834282 64.600158252 54.014271905 1.346748376 0.130059147 0.691446954 0.690990077 0.165886835
10028.420189031 64.593839283 54.080046092 1.350721575 0.120340614 0.693616393 0.691998587 0.159851155
10028.453566095 64.589289437 54.119353512 1.351564725 0.115645706 0.694617369 0.692381570 0.157291268
10028.486939849 64.583190692 54.174240008 1.351438004 0.111032872 0.695368855 0.692815438 0.155372539
10028.520289397 64.577898119 54.213243414 1.350755944 0.109230218 0.695294147 0.693196833 0.155283479
10028.553659209 64.571736045 54.263913095 1.348351874 0.108394287 0.694746711 0.693648390 0.156299701
10028.587036027 64.565001794 54.311035717 1.345264209 0.108455576 0.693851645 0.694174979 0.157887243
10028.620397120 64.555637815 54.368489328 1.341018981 0.108923652 0.692395806 0.695014285 0.160246154
10028.653760703 64.550519658 54.404835659 1.338580013 0.109628032 0.691265009 0.695635409 0.161943692
10028.687149865 64.541840947 54.448643809 1.336380430 0.110880017 0.689520129 0.696546243 0.164593268
10028.720485830 64.528956294 54.498096690 1.335132797 0.112384311 0.687088606 0.697903374 0.167958015
10028.753854667 64.522634035 54.533540308 1.334820567 0.112882700 0.685588870 0.698888836 0.169646080
10028.787226425 64.512058249 54.584936776 1.335314158 0.112433724 0.683629284 0.700475388 0.171300588
10028.820586718 64.500357463 54.633442514 1.336041320 0.111055980 0.681715021 0.702297162 0.172365586
10028.853954502 64.492614002 54.667550817 1.336768695 0.109762826 0.680325734 0.703734044 0.172821912
10028.887319025 64.480959126 54.709894977 1.337546035 0.107546922 0.678597196 0.705652159 0.173189305
10028.920681615 64.465862282 54.764515642 1.338455650 0.103895999 0.676637979 0.708058499 0.173262313
10028.954088597 64.456352623 54.797107649 1.338567734 0.101055377 0.675730912 0.709428022 0.172879803
10028.987434933 64.441616476 54.848311512 1.338581790 0.095846456 0.674837940 0.711300893 0.171634062
10029.020784987 64.427607967 54.902574557 1.338527507 0.089834372 0.674596313 0.712791264 0.169641426
10029.054169515 64.417090991 54.939652901 1.337742638 0.085106312 0.674791563 0.713637864 0.167732708
10029.087525254 64.402799765 54.995569653 1.336437987 0.077845685 0.675457391 0.714612994 0.164394742
10029.120875388 64.394121853 55.041827723 1.335721227 0.072173307 0.676101988 0.715278852 0.161410285
10029.154244631 64.380477958 55.093449989 1.334039894 0.065400318 0.676879631 0.716071534 0.157474828
10029.187611816 64.366228181 55.149917201 1.332414140 0.058370386 0.677621734 0.716959933 0.152938346
10029.220974058 64.354847465 55.193026423 1.331125828 0.052900043 0.678094596 0.717734755 0.149151354
10029.254356247 64.340730462 55.244356884 1.331218569 0.046169138 0.678586400 0.718801377 0.143921815
10029.287719875 64.325392481 55.297745810 1.332108805 0.037351026 0.679304633 0.720106909 0.136367720
10029.321074205 64.312539434 55.339876864 1.332438612 0.028479114 0.680208789 0.721068108 0.128707917
10029.354457395 64.295700086 55.390461449 1.333229087 0.016041298 0.681460915 0.722103239 0.117985634
10029.387813773 64.276044717 55.441798182 1.334059362 0.002955236 0.682307870 0.723228595 0.106712868
10029.421186647 64.260822085 55.478629767 1.334803013 -0.005967079 0.682571154 0.724064461 0.098952869
10029.454540024 64.239825485 55.525197607 1.336054592 -0.015293672 0.682527267 0.725066733 0.090558635
10029.487899065 64.216592730 55.573701949 1.337460038 -0.022650081 0.682077062 0.726147614 0.083471542
10029.521266594 64.198737263 55.605723523 1.339090971 -0.026639240 0.681599406 0.726927416 0.079304047
10029.554665163 64.175793189 55.650128230 1.339985804 -0.031064688 0.681144848 0.727700540 0.074354593
10029.588006387 64.151793136 55.696351221 1.340438656 -0.035792184 0.680871466 0.728298453 0.068660978
10029.621368948 64.133761891 55.731495316 1.340213633 -0.039599965 0.680706858 0.728679131 0.064005780
10029.654731478 64.110822702 55.774125604 1.339591738 -0.044612711 0.680459921 0.729160932 0.057518145
10029.688133075 64.085480697 55.818188801 1.338681903 -0.050260497 0.680081738 0.729692668 0.050113097
10029.721456922 64.061722926 55.863475920 1.338112995 -0.054878719 0.679632760 0.730213694 0.043308195
10029.754836004 64.044643628 55.895001266 1.337916350 -0.057284297 0.679224480 0.730643779 0.039144390
10029.788187483 64.019288293 55.938848328 1.338782072 -0.060817416 0.678776141 0.731072836 0.033116459
10029.821533270 63.992357776 55.983391022 1.340592359 -0.065359367 0.678563085 0.731154832 0.026323061
10029.854945115 63.971729603 56.015823812 1.341745366 -0.069258907 0.678363392 0.731153285 0.021004419
10029.888265488 63.941050563 56.060424931 1.342958359 -0.075201816 0.677908670 0.731167402 0.013369878
10029.921638202 63.909256193 56.104027320 1.344368483 -0.081266335 0.677317734 0.731164466 0.005915527
10029.955017050 63.885846656 56.135392654 1.345111151 -0.085669722 0.676937482 0.731037539 0.000678548
10029.988328209 63.850471341 56.177272363 1.346122255 -0.092457774 0.676390956 0.730683393 -0.006972277
10030.021681912 63.813022081 56.218474520 1.346941006 -0.099414384 0.675914067 0.730096442 -0.014701692
10030.055060008 63.784893692 56.251157826 1.346639769 -0.104870972 0.675687307 0.729404138 -0.020453511
10030.088413031 63.745165094 56.296671225 1.345275168 -0.112741629 0.675322428 0.728286302 -0.028775084
10030.121771944 63.705206735 56.339250333 1.343598209 -0.120575383 0.674870861 0.727067448 -0.037199793
10030.155126011 63.674393351 56.373024766 1.340713191 -0.126713617 0.674426748 0.726070388 -0.043749429
10030.188477261 63.632133115 56.421252097 1.335008067 -0.135299037 0.673748056 0.724543770 -0.052858802
10030.221833657 63.585309510 56.467093189 1.329506277 -0.144115789 0.672888509 0.722895870 -0.062235479
10030.255182972 63.554417022 56.496600507 1.325255450 -0.149896356 0.672120227 0.721860475 -0.068577977
10030.288546604 63.508071092 56.538946803 1.319586569 -0.158710517 0.670676662 0.720340195 -0.078190731
10030.321904263 63.469119003 56.573406160 1.315537202 -0.167568326 0.669086709 0.718784620 -0.087134964
10030.355273130 63.424034757 56.607632838 1.311809884 -0.180041508 0.666610621 0.716471028 -0.099421334
10030.388613145 63.370891054 56.646649676 1.307792306 -0.196342669 0.663357498 0.712910547 -0.114738566
10030.421960966 63.327122358 56.677960547 1.306081016 -0.208806565 0.660751008 0.709827979 -0.126301875
10030.455315853 63.275707041 56.713212219 1.305042484 -0.220886491 0.658112355 0.706489342 -0.137731973
10030.488689085 63.218725486 56.753061320 1.305336026 -0.229772545 0.656192671 0.703668629 -0.146513540
10030.522048045 63.161908148 56.786063204 1.307134788 -0.233899198 0.655531045 0.701901815 -0.151340860
10030.555405966 63.117719784 56.810148812 1.308498865 -0.234763578 0.655880882 0.700905704 -0.153093190
10030.588749828 63.055573397 56.845853287 1.311570867 -0.233617253 0.657272563 0.699871826 -0.153607237
10030.622111762 63.008273344 56.871571755 1.314122116 -0.231986099 0.658640128 0.699165735 -0.153436980
10030.655465248 62.949535608 56.905740639 1.316401106 -0.229939074 0.660279820 0.698292235 -0.153448808
10030.688841019 62.887732497 56.943193541 1.317622221 -0.229207502 0.661469656 0.697021460 -0.155186657
10030.722200885 62.823826389 56.982305279 1.317329152 -0.231142214 0.661757497 0.695070957 -0.159770639
10030.755554024 62.779823570 57.007711969 1.316586518 -0.234750738 0.661312659 0.693100001 -0.164833391
10030.788926103 62.717338585 57.045352757 1.315120882 -0.242767841 0.659685974 0.689458280 -0.174715401
10030.822290582 62.656836402 57.079544545 1.314133328 -0.252383855 0.657085861 0.685559689 -0.185872195
10030.855644870 62.609723155 57.104000599 1.313809388 -0.260223344 0.654631413 0.682566035 -0.194538255
10030.889006726 62.543990595 57.135898246 1.314682479 -0.269371494 0.651326507 0.679250321 -0.204528191
10030.922376791 62.476170468 57.167187495 1.316411236 -0.274519627 0.648781315 0.677689619 -0.210851986
10030.955768510 62.430350390 57.188334339 1.317509122 -0.275373421 0.647699134 0.677770041 -0.212798218
10030.989117496 62.364917258 57.217397805 1.319211797 -0.274246348 0.646911022 0.678813482 -0.213324464
10031.022488778 62.313418851 57.239250948 1.319423730 -0.272471333 0.646547745 0.679983585 -0.212973496
10031.055859102 62.248550514 57.265391753 1.319344973 -0.270797660 0.645903402 0.681307311 -0.212832727
10031.089222371 62.177763665 57.293099152 1.317953838 -0.273159693 0.644056371 0.681163932 -0.215849187
10031.122551325 62.103251085 57.320388111 1.315135152 -0.281262359 0.640251270 0.679004496 -0.223433860
10031.155920442 62.053188141 57.337315729 1.312879645 -0.288915292 0.636466596 0.676970753 -0.230540291
10031.189282966 61.980862852 57.358948621 1.309881130 -0.302110629 0.629901089 0.673181047 -0.242448064
10031.222651733 61.907252449 57.381099251 1.307024306 -0.315828285 0.622902733 0.668871957 -0.254666419
10031.256019546 61.855609967 57.396870477 1.305338064 -0.323915827 0.618455413 0.666264224 -0.262075223
10031.289379728 61.779373111 57.419944426 1.303866061 -0.331634935 0.613563644 0.663985280 -0.269595015
10031.322745530 61.705004974 57.441533153 1.303033304 -0.333300998 0.611392146 0.664187307 -0.271965641
10031.356113196 61.653893904 57.457841968 1.302257027 -0.331233834 0.611408830 0.665603775 -0.270988937
10031.389488861 61.579054352 57.481184471 1.301243073 -0.325738411 0.612956725 0.668346722 -0.267378385
10031.422845028 61.502903004 57.505769494 1.299982252 -0.317844393 0.615385943 0.671817450 -0.262557415
10031.456193488 61.453538038 57.521479136 1.298729053 -0.312941184 0.616668250 0.673987926 -0.259862197
10031.489547572 61.378013737 57.545138944 1.296318925 -0.307709187 0.617774497 0.676099289 -0.257991237
10031.522916146 61.308737133 57.565712995 1.294828209 -0.306870871 0.617141031 0.676445064 -0.259594476
10031.556274720 61.252400964 57.582718972 1.293205709 -0.309249772 0.615669256 0.675311656 -0.263192160
10031.589651125 61.178842977 57.605283157 1.291401466 -0.314701057 0.612687563 0.672907578 -0.269763946
10031.623010236 61.108770927 57.624754632 1.290648446 -0.320842530 0.609422969 0.670205980 -0.276564025
10031.656366878 61.053996600 57.638582480 1.291227556 -0.324647594 0.607189220 0.668555753 -0.280995366
10031.689746015 60.981178030 57.656625721 1.293133194 -0.326724014 0.605546335 0.667655085 -0.284256473
10031.723083835 60.908345199 57.674478165 1.295348010 -0.325141607 0.605672394 0.668268206 -0.284361551
10031.756459000 60.856757751 57.689223629 1.296002054 -0.322270514 0.606866633 0.669221831 -0.282836961
10031.789806409 60.781660170 57.708700193 1.295128314 -0.317471367 0.609091980 0.670716433 -0.279925629
10031.823169413 60.721562288 57.724909423 1.295281903 -0.315257906 0.610454223 0.671001440 -0.278774394
10031.856549079 60.645046004 57.744094217 1.294935506 -0.317153812 0.610692784 0.669124085 -0.280607808
10031.889906102 60.565334446 57.763618979 1.294096643 -0.323736249 0.608889027 0.665156240 -0.286384656
10031.923254928 60.484786791 57.781632127 1.293427286 -0.333729044 0.605304767 0.659720314 -0.294957914
10031.956643713 60.428286059 57.793497901 1.292756151 -0.341628830 0.602168128 0.655466972 -0.301738854
10031.989991271 60.348602987 57.809367911 1.292380964 -0.351194059 0.598250904 0.649869876 -0.310528153
10032.023351911 60.286971686 57.821686249 1.293374332 -0.355737837 0.596460152 0.646776373 -0.315224051
10032.056717538 60.211218094 57.838598559 1.296292792 -0.356581787 0.596917649 0.644823209 -0.317398454
10032.090092959 60.133442583 57.856485837 1.300897766 -0.352220158 0.600268583 0.644916168 -0.315755799
10032.123439869 60.057830571 57.875468655 1.306630566 -0.344736757 0.605140786 0.646241049 -0.311983499
10032.156784868 60.005175818 57.888663082 1.310729643 -0.339726294 0.608234342 0.647023544 -0.309834735
10032.190150208 59.927502360 57.908291865 1.315458810 -0.335017126 0.611372426 0.646818861 -0.309212941
10032.223491553 59.850823901 57.927979151 1.318185958 -0.333960761 0.612468250 0.644914495 -0.312150840
10032.256848168 59.796501252 57.941329408 1.319096245 -0.335350480 0.612067886 0.642607123 -0.316178817
10032.290205798 59.721029650 57.960011851 1.319959207 -0.339822773 0.610064233 0.638130371 -0.324240257
10032.323574237 59.645321760 57.977167243 1.321069039 -0.346761887 0.606514189 0.632465265 -0.334491286
10032.356912938 59.592986079 57.988153632 1.322264690 -0.352066334 0.603657953 0.628372792 -0.341751383
10032.390246681 59.517244339 58.004541621 1.324272769 -0.358883868 0.599786331 0.622776994 -0.351578643
10032.423610137 59.442043386 58.022041675 1.327423924 -0.362244699 0.597390656 0.619136271 -0.358571415
10032.456982618 59.389514975 58.035109635 1.329236312 -0.362719318 0.596796115 0.617526917 -0.361841955
10032.490351444 59.316829498 58.051410274 1.331953687 -0.361078564 0.597064377 0.616436676 -0.364886591
10032.523698629 59.246120925 58.068720014 1.333833430 -0.359620340 0.597376698 0.615239514 -0.367824187
10032.557061269 59.189646743 58.082776880 1.334599341 -0.360127417 0.596958776 0.613162532 -0.371456824
10032.590424959 59.113547065 58.099846795 1.335878799 -0.363781139 0.594632883 0.608938643 -0.378508583
10032.623767317 59.034366542 58.118689472 1.337586401 -0.369712414 0.590795457 0.603679100 -0.387098182
10032.657139225 58.978764748 58.129829406 1.339241277 -0.374390444 0.587679728 0.599743755 -0.393410423
10032.690513433 58.896528928 58.148800532 1.342341807 -0.380802155 0.583244420 0.594525801 -0.401689852
10032.723864664 58.812175642 58.165948030 1.346515722 -0.386297455 0.579467886 0.589997278 -0.408527181
10032.757214999 58.751393482 58.177742457 1.349568687 -0.389327423 0.577527229 0.587391845 -0.412137451
10032.790555040 58.667087155 58.194161715 1.354514872 -0.392266950 0.576019728 0.584562928 -0.415468526
10032.823923603 58.583215855 58.210778761 1.358967633 -0.393391365 0.575780285 0.583114329 -0.416770892
10032.857295963 58.524609724 58.222948163 1.361793214 -0.393206443 0.576214804 0.582921476 -0.416614625
10032.890655154 58.440777817 58.238756927 1.365368029 -0.392614355 0.576968833 0.583208470 -0.415726852
10032.924011559 58.364758244 58.253465530 1.368044582 -0.393307380 0.576638090 0.582962226 -0.415876016
10032.957391871 58.297391992 58.266266722 1.369376209 -0.396582576 0.574490749 0.581412337 -0.417902301
10032.990741608 58.215100032 58.279109853 1.370577857 -0.404536353 0.569047495 0.577327058 -0.423354172
10033.024119637 58.132557757 58.291344871 1.370660618 -0.413904555 0.562105396 0.572598986 -0.429942955
10033.057475581 58.075338362 58.299114199 1.371188541 -0.420233569 0.557314154 0.569516920 -0.434114223
10033.090838816 57.991143932 58.310112440 1.372125637 -0.427550866 0.551925858 0.566071939 -0.438338527
10033.124205481 57.911340490 58.321354312 1.372406694 -0.431017284 0.549426391 0.565296806 -0.439083435
10033.157560169 57.852792211 58.328879328 1.371737813 -0.431469482 0.549437598 0.566031874 -0.437676056
10033.190922732 57.770930908 58.339123920 1.370581588 -0.429395737 0.551532588 0.568980652 -0.433234490
10033.224313422 57.686778141 58.348443352 1.368352060 -0.425149615 0.555122954 0.573421427 -0.426935802
10033.257673033 57.619201429 58.354758264 1.366833647 -0.423068641 0.557079487 0.575943192 -0.423042326
10033.291034321 57.541098922 58.361893623 1.363704622 -0.422369054 0.558130628 0.577791082 -0.419823833
10033.324426700 57.454640758 58.368813938 1.360736540 -0.426376051 0.555907485 0.576778903 -0.420114779
10033.357770294 57.390661859 58.371208909 1.359796658 -0.432871697 0.551604755 0.573825557 -0.423176699
10033.391133430 57.308038656 58.377269364 1.357380620 -0.443258647 0.544514303 0.568530022 -0.428718509
10033.424501402 57.227657495 58.384027832 1.355676425 -0.453479113 0.537241425 0.563180853 -0.434229975
10033.457850607 57.157136799 58.388384494 1.354991024 -0.461259226 0.531873935 0.559035473 -0.437983314
10033.491211341 57.074545522 58.394559667 1.354989492 -0.466103948 0.528835298 0.556979752 -0.439151333
10033.524610872 56.989977790 58.401776535 1.355116069 -0.465909178 0.529980686 0.558193433 -0.436427774
10033.557963617 56.904233703 58.410521499 1.355670931 -0.459656311 0.535729240 0.563339045 -0.429370909
10033.591332901 56.846177339 58.418776471 1.355300848 -0.453065817 0.541062118 0.568312482 -0.423088729
10033.624713635 56.766704513 58.424806402 1.354177492 -0.442699364 0.549068783 0.575557504 -0.413852998
10033.658062558 56.677669233 58.433809069 1.351445680 -0.434885349 0.554678740 0.580719366 -0.407395688
10033.691450587 56.619727607 58.439567522 1.349292125 -0.432643123 0.556260662 0.582035754 -0.405744236
10033.724833733 56.530153140 58.449335095 1.345755748 -0.434749454 0.554879941 0.580390998 -0.407734536
10033.758172156 56.466462783 58.452615083 1.344237577 -0.439355509 0.551530725 0.577155115 -0.411913303
10033.791534255 56.382932477 58.459940480 1.341958387 -0.447712471 0.545517642 0.571292648 -0.419033120
10033.824926071 56.301061152 58.466187602 1.340721521 -0.454799822 0.540445026 0.566124475 -0.424946321
10033.858273501 56.215112244 58.475088793 1.339670695 -0.458058953 0.538550684 0.563235825 -0.427680443
10033.891638451 56.152589775 58.484103319 1.339359697 -0.457410665 0.539740169 0.562997373 -0.427188473
10033.925006129 56.061989780 58.492570283 1.338637866 -0.453195082 0.543937322 0.564746219 -0.424037871
10033.958388301 55.993080152 58.500667221 1.337598000 -0.449233551 0.547781037 0.566416938 -0.421066508
10033.991715634 55.910015278 58.510768846 1.335499734 -0.446248015 0.551017195 0.567025685 -0.419195221
10034.025102052 55.822384620 58.521256514 1.332691578 -0.447128296 0.551143319 0.564868461 -0.420999941
10034.058449945 55.732118964 58.528751690 1.329078283 -0.453069466 0.546939556 0.559424069 -0.427352187
10034.091821201 55.672327183 58.533442071 1.326369386 -0.459891234 0.541779696 0.553702960 -0.434036688
10034.125202942 55.575322634 58.538248409 1.323461691 -0.471398913 0.532480363 0.544218062 -0.445055534
10034.158560424 55.508619622 58.542375116 1.321604757 -0.478522570 0.526357486 0.538103146 -0.452116082
10034.191923356 55.426639923 58.546524169 1.319120237 -0.484837604 0.520857710 0.532259340 -0.458628104
10034.225306582 55.340924446 58.552608252 1.317531991 -0.486343806 0.519743825 0.529844480 -0.461086636
10034.258659750 55.275500466 58.555967843 1.317080037 -0.484283741 0.521806601 0.530476220 -0.460197902
10034.292040066 55.192198981 58.562664804 1.316237981 -0.478449012 0.527098419 0.533644459 -0.456593244
10034.325480306 55.114542433 58.571870144 1.315094139 -0.471534159 0.533048964 0.537692564 -0.452107339
10034.358755695 55.037622587 58.577434972 1.314110090 -0.465602691 0.538022706 0.540788545 -0.448657388
10034.392119355 54.958908889 58.585321352 1.311386796 -0.460836540 0.541952511 0.542899397 -0.446292958
10034.425497583 54.896385913 58.591002478 1.309308980 -0.459002770 0.543350700 0.543174877 -0.446147428
10034.458846782 54.790906910 58.599653238 1.304753923 -0.459556047 0.542312766 0.541129687 -0.449314773
10034.492206501 54.735548841 58.604704364 1.302274786 -0.461281096 0.540420500 0.539108199 -0.452247481
10034.525580648 54.652855336 58.608712469 1.299458302 -0.464522288 0.537122838 0.535724162 -0.456856348
10034.558936490 54.592993240 58.604310011 1.298326883 -0.466105003 0.535214355 0.533913480 -0.459595601
10034.592304919 54.515994866 58.610191686 1.295487588 -0.466187539 0.534768552 0.533045368 -0.461036234
10034.625675868 54.434661387 58.614062636 1.293185523 -0.463948524 0.536477568 0.533994650 -0.460210061
10034.659044496 54.372688657 58.619425703 1.291649517 -0.460995574 0.538927534 0.535671377 -0.458362705
10034.692434488 54.295715616 58.624674719 1.290555544 -0.458057369 0.541473646 0.537224782 -0.456485784
10034.725777742 54.209050868 58.630251337 1.290853318 -0.457475813 0.542412807 0.536957344 -0.456268604
10034.759146162 54.142816208 58.631462919 1.289862321 -0.459326358 0.541312611 0.535086997 -0.457910318
10034.792499552 54.063004915 58.636609242 1.288718600 -0.463635934 0.538347024 0.531323055 -0.461432567
10034.825880758 54.000887358 58.640162466 1.287814085 -0.468060931 0.535134410 0.527672961 -0.464877806
10034.859238880 53.908869348 58.645016429 1.286070936 -0.474416475 0.530663092 0.522276968 -0.469630131
10034.892600037 53.827732430 58.651480176 1.285203773 -0.478222505 0.528312826 0.518923079 -0.472130948
10034.925982469 53.753376613 58.658397055 1.284655085 -0.479715586 0.528324763 0.517408677 -0.472264928
10034.959345612 53.676392000 58.666846690 1.284559516 -0.478687547 0.530840634 0.517810527 -0.470041180
10034.992695438 53.591129452 58.676480251 1.285096687 -0.474764731 0.536132629 0.520442417 -0.465080578
10035.026079244 53.510845956 58.686483000 1.285563659 -0.469641036 0.542326529 0.523864149 -0.459222807
10035.059427023 53.424994431 58.693211135 1.286692820 -0.464508318 0.548273418 0.527335607 -0.453371193
10035.092806893 53.337579024 58.702560812 1.287267810 -0.459582739 0.554495388 0.530372007 -0.447240543
10035.126183524 53.270170323 58.704327874 1.287237271 -0.457661636 0.557987592 0.531225687 -0.443841123
10035.159545940 53.145767202 58.716729510 1.286727611 -0.457878803 0.561193903 0.530153572 -0.440846453
10035.192921340 53.080911731 58.724595144 1.286470579 -0.459396274 0.561781752 0.528551883 -0.440442090
10035.226297516 53.004469535 58.731405656 1.286062504 -0.461875975 0.561735200 0.526300939 -0.440603530
10035.259633277 52.883380915 58.745202336 1.287213183 -0.466469874 0.561116473 0.522606174 -0.440950050
10035.293004840 52.817929570 58.752208158 1.288278777 -0.468193625 0.561315548 0.521411832 -0.440283189
10035.326383876 52.718840907 58.761272059 1.289799691 -0.468651626 0.563260298 0.521384266 -0.437335040
10035.359739417 52.652969097 58.771259332 1.290514782 -0.467009295 0.566150570 0.522966527 -0.433453415
10035.393107012 52.561253994 58.779828783 1.290440544 -0.463824996 0.570563471 0.525962497 -0.427419174
10035.426488388 52.463035050 58.786778301 1.289107978 -0.461916537 0.573618321 0.528221395 -0.422584067
10035.459848476 52.383646846 58.791813516 1.287752342 -0.462992585 0.573709941 0.528052512 -0.421491773
10035.493223900 52.297806390 58.798637086 1.284988393 -0.467009519 0.570868184 0.526067257 -0.423396820
10035.526584512 52.226985466 58.804451960 1.282762578 -0.472194251 0.566584556 0.523101829 -0.427058552
10035.559940449 52.102665296 58.817341184 1.279366704 -0.483727578 0.556422991 0.515875093 -0.436204051
10035.593311387 52.037869815 58.822698765 1.278364691 -0.489531984 0.550775648 0.512250803 -0.441139136
10035.626677530 51.963925013 58.832457925 1.278080273 -0.494132798 0.545705257 0.509739588 -0.445201193
10035.660042124 51.846496432 58.841758461 1.279238763 -0.496787518 0.541409990 0.509622940 -0.447617966
10035.693442940 51.782893584 58.848128409 1.280931771 -0.494612656 0.542280264 0.512517098 -0.445664291
10035.726779521 51.693610049 58.858929083 1.284013581 -0.487192977 0.547248458 0.519881971 -0.439186594
10035.760143791 51.602019699 58.867604594 1.287616714 -0.476211052 0.554484785 0.529855717 -0.430142506
10035.793510848 51.536402933 58.870970154 1.290157269 -0.468981213 0.558852137 0.536261690 -0.424457667
10035.826875995 51.438475484 58.877024800 1.293277373 -0.461132619 0.562883026 0.543175355 -0.418903259
10035.860249022 51.348699119 58.882564594 1.294691394 -0.457301047 0.563692638 0.546721779 -0.417398680
10035.893601097 51.284999840 58.889508492 1.295279701 -0.457177605 0.562156368 0.547336469 -0.418797857
10035.926979953 51.194695533 58.897377050 1.296382808 -0.460441413 0.557113269 0.545670582 -0.424101553
10035.960370359 51.138078863 58.904061923 1.297369620 -0.464390872 0.552119550 0.543333229 -0.429294914
10035.993721542 51.052375959 58.912014653 1.297559596 -0.470083443 0.545096793 0.540104229 -0.436094560
10036.027083519 50.970970719 58.918301905 1.297296327 -0.473216362 0.539955068 0.538889675 -0.440582249
10036.060448701 50.915177328 58.922337628 1.296537949 -0.472450597 0.538802286 0.540153164 -0.441267594
10036.093819377 50.829308988 58.931943777 1.293830402 -0.467755926 0.540659678 0.544273174 -0.438928489
10036.127171605 50.729105997 58.947610919 1.289328451 -0.460113626 0.545206736 0.549989914 -0.434230539
10036.160515032 50.632666900 58.961483539 1.284080113 -0.453704883 0.549449972 0.554144733 -0.430325716
10036.193880782 50.557757124 58.970533249 1.279499670 -0.450287936 0.551338060 0.556236671 -0.428798185
10036.227250608 50.458425341 58.983311804 1.273657763 -0.450185770 0.550566128 0.555986030 -0.430219997
10036.260614123 50.391519225 58.988978362 1.269566186 -0.453515238 0.547531769 0.553529914 -0.433748227
10036.293999493 50.299795500 58.997004028 1.266531971 -0.460349650 0.541741364 0.548467421 -0.440202206
10036.327384845 50.215183657 59.004019164 1.265848970 -0.466643202 0.536488836 0.543748878 -0.445826209
10036.360733131 50.131837148 59.013230866 1.266649838 -0.471289928 0.532827123 0.540026072 -0.449836529
10036.394115706 50.039441205 59.022545098 1.268863412 -0.473071006 0.531962207 0.538295412 -0.451063280
10036.427462792 49.942883553 59.033946369 1.272199727 -0.471953285 0.533822326 0.538646388 -0.449615268
10036.460844969 49.842039034 59.045061068 1.275455266 -0.468420104 0.537375295 0.540787548 -0.446496613
10036.494198913 49.773711300 59.052794329 1.276787566 -0.465822760 0.539904252 0.542269195 -0.444360974
10036.527573524 49.682154921 59.061578566 1.277998879 -0.463046604 0.542967323 0.543328902 -0.442230745
10036.560927216 49.593269521 59.072026126 1.277438395 -0.461666530 0.544813303 0.543323365 -0.441409335
10036.594370043 49.519851636 59.080648448 1.277129855 -0.461575565 0.545302038 0.542541495 -0.441862435
10036.627665588 49.424353840 59.092696887 1.277134568 -0.462280212 0.544973945 0.541052461 -0.443353853
10036.661020768 49.353988418 59.101623297 1.278017983 -0.463149590 0.544529182 0.539777929 -0.444544951
10036.694399386 49.265190685 59.112431104 1.279830355 -0.463544265 0.544463040 0.538986356 -0.445174596
10036.727751749 49.173097353 59.119921154 1.281820291 -0.461916611 0.546001887 0.539918234 -0.443850520
10036.761112602 49.107864081 59.125750137 1.282915484 -0.459339727 0.548461457 0.541592066 -0.441446576
10036.794488283 49.016700911 59.136497246 1.283382077 -0.454519229 0.552896797 0.544643563 -0.437127890
10036.827852209 48.918303642 59.148605790 1.282585907 -0.450029975 0.557181854 0.547058903 -0.433298927
10036.861218870 48.831255093 59.158175094 1.281024402 -0.448970899 0.558873941 0.546845647 -0.432486865
10036.894597521 48.757652270 59.166984868 1.278364303 -0.450809062 0.557734224 0.544875891 -0.434527317
10036.927969846 48.664427283 59.179148637 1.274095137 -0.457650679 0.552429662 0.539301052 -0.441057479
10036.961343286 48.572564192 59.192078220 1.269875076 -0.467686012 0.544082715 0.531466075 -0.450319446
10036.994701551 48.506283308 59.203351917 1.266794537 -0.474636108 0.538030911 0.525971449 -0.456724577
10037.028061879 48.419669038 59.218229373 1.262501274 -0.481760699 0.531324539 0.520060599 -0.463829535
10037.061422691 48.350069522 59.227231800 1.260199191 -0.483645567 0.529431226 0.518232730 -0.466073364
10037.094789151 48.270486892 59.241703657 1.259097302 -0.481186107 0.531305027 0.519864944 -0.464666911
10037.128150322 48.173621905 59.261319504 1.259066687 -0.473117829 0.537780533 0.525782982 -0.458807012
10037.161522476 48.083231579 59.279275229 1.259372458 -0.462503286 0.546028775 0.533235526 -0.451224069
10037.194882374 48.012588658 59.294186697 1.259715325 -0.454015559 0.552572618 0.538778188 -0.445254353
10037.228258483 47.927459974 59.313701555 1.259087268 -0.444887142 0.559351676 0.544211267 -0.439357747
10037.261613247 47.848333987 59.322249703 1.258234878 -0.441052462 0.561990051 0.546190009 -0.437397281
10037.294983281 47.771619974 59.341184388 1.257332177 -0.438134617 0.563297291 0.547487494 -0.437025930
10037.328365233 47.689741735 59.362946086 1.256774884 -0.437607791 0.562427028 0.547541441 -0.438604184
10037.361711301 47.617866984 59.382823984 1.256652062 -0.438052355 0.560937216 0.547225964 -0.440458077
10037.395076887 47.559565898 59.398602943 1.256640539 -0.437853152 0.560024011 0.547584805 -0.441371279
10037.428442053 47.488168188 59.420239836 1.257155110 -0.436234975 0.559956336 0.549112592 -0.441161319
10037.461809417 47.444573160 59.434963985 1.257375132 -0.434276883 0.560799016 0.550623295 -0.440138659
10037.495182417 47.329006125 59.468448945 1.257824889 -0.430002125 0.563190112 0.553568816 -0.437580434
10037.528585009 47.271484882 59.487660339 1.257899633 -0.428583278 0.563948186 0.554449926 -0.436879956
10037.561919557 47.171445729 59.516475736 1.257435336 -0.428703317 0.563265823 0.554229536 -0.437920884
10037.595281563 47.066201715 59.548621304 1.256547791 -0.433093709 0.559084768 0.551412431 -0.442491122
10037.628644579 47.005299457 59.567003583 1.255672140 -0.437240672 0.555368569 0.548872979 -0.446234020
10037.662022235 46.902622487 59.595555164 1.253793400 -0.442691644 0.550322244 0.545776195 -0.450885663
10037.695401985 46.799978435 59.626689931 1.252068569 -0.445198201 0.547544065 0.544800148 -0.452975559
10037.728748259 46.739264937 59.645764484 1.252092372 -0.444743031 0.547679111 0.545652020 -0.452233458
10037.762116499 46.664838080 59.672060572 1.252477226 -0.442466028 0.549590643 0.547726428 -0.449632850
10037.795485466 46.543573226 59.710091716 1.255810389 -0.435912693 0.555521921 0.552790089 -0.442491396
10037.828854571 46.483340306 59.730725869 1.258842773 -0.431698946 0.559188032 0.556018339 -0.437936492
10037.862229908 46.389949103 59.759041587 1.262918952 -0.427328335 0.563091289 0.559517480 -0.432734195
10037.895588697 46.273424507 59.786923752 1.268203405 -0.425435081 0.565497525 0.561306077 -0.429130550
10037.928945511 46.211933116 59.807231638 1.270966802 -0.426582613 0.565132412 0.561081128 -0.428766369
10037.962323885 46.128755170 59.829741689 1.274310594 -0.430879188 0.562465268 0.559044564 -0.430633397
10037.995679879 46.034362146 59.861346848 1.277275700 -0.437383396 0.557464938 0.556005314 -0.434495914
10038.029041344 45.974657306 59.879708115 1.278473188 -0.441266836 0.554129431 0.554459217 -0.436805596
10038.062404686 45.905075576 59.903094357 1.280332547 -0.445030882 0.550602617 0.553391049 -0.438796785
10038.095774437 45.816444061 59.932144701 1.281230849 -0.446679822 0.548664937 0.554180077 -0.438552581
10038.129143326 45.757329938 59.948319522 1.280873211 -0.446083105 0.548861127 0.555785822 -0.436879212
10038.162503084 45.695040268 59.961123571 1.280754950 -0.444722382 0.549697953 0.558486388 -0.433759286
10038.195866811 45.595919062 59.979424577 1.277386191 -0.443662718 0.550491090 0.561462730 -0.429979716
10038.229236114 45.535763880 59.991145594 1.275573318 -0.444574345 0.549858600 0.562275174 -0.428784095
10038.262604339 45.484544318 59.995915315 1.273122486 -0.447828996 0.547719253 0.561530070 -0.429111630
10038.295971703 45.377030843 60.012647955 1.267273767 -0.457559735 0.540352964 0.557547076 -0.433357846
10038.329338755 45.315320098 60.020342585 1.263610014 -0.464846922 0.534578764 0.554106987 -0.437159389
10038.362704362 45.247311534 60.027369271 1.257676231 -0.475778666 0.525652454 0.548835369 -0.442836196
10038.396082970 45.161242248 60.031395693 1.252798674 -0.485493175 0.517410192 0.544361834 -0.447496663
10038.429449081 45.101192682 60.036276260 1.250035971 -0.490258390 0.513386591 0.542545166 -0.449138800
10038.462794073 45.047308482 60.036105387 1.246887454 -0.493947945 0.510316010 0.542502877 -0.448646438
10038.496184315 45.045000474 60.027989551 1.245883011 -0.493809835 0.510416673 0.545405838 -0.445150692
10038.529536353 44.983277874 60.030684141 1.245244550 -0.492191142 0.511758853 0.548403830 -0.441705779
10038.562893743 44.920906002 60.020835961 1.246679127 -0.488427307 0.514629379 0.553585769 -0.436048351
10038.596265560 44.897500711 60.017538023 1.247706328 -0.485309833 0.517018196 0.557508195 -0.431684102
10038.629636546 44.811346713 60.019583441 1.249607614 -0.482521327 0.519067285 0.561067318 -0.427721623
10038.663027802 44.721823395 60.022562211 1.251360806 -0.482587733 0.519011049 0.562176146 -0.426256486
10038.696377063 44.657483603 60.017699926 1.254027130 -0.484958315 0.517075828 0.561093403 -0.427343205
10038.729739666 44.576682049 60.016589349 1.255744456 -0.490505994 0.512302561 0.557760673 -0.431106701
10038.763095456 44.498236607 60.016276401 1.258423423 -0.496968030 0.506621974 0.553512489 -0.435867958
10038.796472371 44.424490886 60.014462856 1.258814368 -0.503194926 0.500982115 0.549290418 -0.440558536
10038.829826901 44.338654422 60.012897623 1.258847731 -0.508075201 0.496363084 0.545934345 -0.444341051
10038.863198380 44.272881347 60.012289888 1.257671871 -0.509800485 0.494522734 0.544957529 -0.445614209
10038.896565581 44.168947127 60.010906005 1.257062403 -0.508878400 0.495196811 0.545908745 -0.444754466
10038.929932078 44.105745901 60.008923609 1.256656704 -0.507231967 0.496765562 0.547059067 -0.443470501
10038.963309946 44.017391252 60.009259918 1.256374363 -0.505483164 0.498905211 0.547716529 -0.442252151
10038.996663171 43.927107550 60.007843968 1.255433834 -0.506371746 0.498855018 0.545866472 -0.443577638
10039.030039043 43.862149832 60.004908429 1.253734760 -0.509468842 0.496875672 0.542417714 -0.446474063
10039.063392657 43.765872006 60.000105064 1.251948787 -0.517241281 0.491136827 0.534617221 -0.453244416
10039.096763095 43.699124945 60.000807058 1.250416908 -0.524188788 0.485601648 0.527765736 -0.459217250
10039.130137483 43.612683765 59.992158459 1.248759162 0.533466690 -0.477918165 -0.518177573 0.467439324
10039.163508606 43.531283003 59.983995056 1.248618316 0.540398346 -0.472129455 -0.510553071 0.473707681
10039.196868350 43.434851801 59.969692329 1.250089785 0.544950502 -0.468749687 -0.504736494 0.478062499
10039.230241462 43.370144447 59.963611899 1.252095163 0.545329637 -0.469230670 -0.503160816 0.478818711
10039.263590314 43.305796578 59.955496959 1.255457075 0.543821640 -0.471725815 -0.503207616 0.478032294
10039.296963927 43.192209675 59.946350162 1.260874081 0.538964349 -0.478378093 -0.505141964 0.474872011
10039.330361427 43.127607551 59.939481773 1.263031265 0.537123036 -0.481205515 -0.505324450 0.473906422
10039.363702933 43.060057054 59.927648676 1.265232410 0.536674298 -0.482588635 -0.504011673 0.474406093
10039.397060159 42.940489469 59.909326840 1.266549624 0.540523969 -0.480099821 -0.497688243 0.479212285
10039.430425591 42.874381845 59.899852552 1.266633920 0.543879615 -0.476836846 -0.493101873 0.483396452
10039.463794812 42.793375719 59.882724854 1.268487452 0.548896567 -0.471310489 -0.486473035 0.489819323
10039.497165195 42.707241614 59.873208016 1.269198461 0.552703400 -0.466364855 -0.480861727 0.495776939
10039.530553767 42.644038894 59.862513419 1.269138547 0.554141747 -0.463742280 -0.478281201 0.499116335
10039.563923504 42.566965744 59.849648877 1.268657514 0.554402003 -0.461887082 -0.476583618 0.502162124
10039.597302508 42.470059687 59.831514508 1.268037078 0.553071202 -0.461142900 -0.476191559 0.504679176
10039.630636984 42.402424614 59.818422788 1.267385844 0.551832941 -0.460948186 -0.476194797 0.506207160
10039.664015997 42.313187591 59.802159471 1.267362772 0.551601584 -0.459169351 -0.474830672 0.509347654
10039.697398294 42.243125380 59.789931195 1.268642888 0.553672830 -0.455668292 -0.471562203 0.513265909
10039.730735641 42.155664279 59.773500133 1.268668885 0.558651824 -0.447802366 -0.464929004 0.520789978
10039.764110999 42.066725685 59.759713948 1.268819921 0.565423937 -0.437093959 -0.456107269 0.530293128
10039.797477825 42.003510409 59.753690380 1.267376419 0.570155800 -0.428993823 -0.449454551 0.537473042
10039.830845084 41.915709952 59.741461040 1.266188234 0.575170086 -0.419350665 -0.441647230 0.546142945
10039.864219252 41.824280110 59.731839736 1.264538857 0.577703488 -0.412111293 -0.436058407 0.553422107
10039.897587045 41.761073643 59.722620996 1.262371264 0.577788163 -0.409020141 -0.433748765 0.557427459
10039.930943538 41.675996828 59.715670451 1.261128628 0.576044128 -0.407366265 -0.432981190 0.561028678
10039.964351500 41.606513988 59.715046825 1.259740457 0.572114068 -0.409272273 -0.434616282 0.562397002
10039.997691330 41.504885447 59.712491929 1.261098310 0.563090663 -0.416455327 -0.440277390 0.561827097
10040.031056870 41.445318378 59.715674005 1.262560310 0.556163206 -0.422645250 -0.444698609 0.560621645
10040.064444584 41.368721213 59.718413163 1.264509950 0.546945275 -0.431060735 -0.450076434 0.558989009
10040.097803683 41.291101025 59.725869925 1.267764503 0.538028597 -0.439009103 -0.454570582 0.557818808
10040.131181890 41.210495328 59.735500735 1.270813082 0.529212476 -0.445827859 -0.458101771 0.557955593
10040.164572896 41.127816771 59.745009694 1.275208064 0.522110752 -0.450356802 -0.459637398 0.559743312
10040.197921971 41.071075712 59.761448409 1.278838467 0.517180746 -0.452917873 -0.459810013 0.562106955
10040.231293201 40.999228221 59.778335436 1.283079578 0.512334982 -0.454911431 -0.460036621 0.564743095
10040.264722512 40.935269827 59.797642512 1.287244519 0.507438108 -0.456582028 -0.460322909 0.567575756
10040.298057078 40.866123106 59.811078511 1.289998384 0.504745357 -0.457324786 -0.460282187 0.569408880
10040.331433159 40.784490856 59.826184969 1.292965618 0.502247955 -0.457781829 -0.459863654 0.571583946
10040.364817112 40.698520549 59.841190475 1.296121581 0.500478383 -0.458059157 -0.459455186 0.573240026
10040.398175271 40.627378901 59.851517582 1.298772416 0.499117613 -0.458425378 -0.459422261 0.574159358
10040.431539583 40.548689984 59.864344069 1.300973214 0.497045918 -0.459636876 -0.460231808 0.574339604
10040.464937853 40.463473606 59.877240495 1.302620143 0.494039757 -0.461877696 -0.462629057 0.573208573
10040.498281469 40.399641824 59.890661607 1.303045085 0.491292846 -0.464322431 -0.465417757 0.571333817
10040.531651225 40.328749607 59.901603711 1.303814442 0.488476329 -0.467111320 -0.468688744 0.568795879
10040.565042160 40.244632645 59.915866851 1.304802787 0.485591940 -0.470437213 -0.472868670 0.565052668
10040.598394841 40.166331244 59.931164080 1.305830592 0.482683153 -0.473999919 -0.477626644 0.560547803
10040.631761439 40.112073868 59.938996809 1.307104740 0.480434775 -0.476739820 -0.481291537 0.557009899
10040.665146555 40.032913948 59.953266013 1.309253013 0.476957490 -0.481425393 -0.486985664 0.550986485
10040.698508277 39.957829047 59.968218935 1.311322133 0.473749879 -0.486122574 -0.492378896 0.544801724
10040.731863255 39.895723597 59.981764863 1.312535247 0.471283901 -0.489514163 -0.496820469 0.539848859
10040.765271581 39.814265406 59.996000654 1.313976940 0.469673331 -0.492304286 -0.501665054 0.534205603
10040.798603550 39.748100426 60.004258613 1.316964487 0.469475204 -0.493394889 -0.504942205 0.530271521
10040.831970496 39.679832930 60.013477923 1.318277617 0.469221776 -0.494537249 -0.508684708 0.525836193
10040.865374771 39.601561972 60.023677582 1.320892830 0.469256567 -0.495693744 -0.513104325 0.520394021
10040.898735239 39.522449424 60.032618544 1.324333159 0.470083794 -0.496579537 -0.517459345 0.514456816
10040.932103482 39.465488260 60.036839451 1.325448269 0.471436712 -0.496857240 -0.520330243 0.510036026
10040.965501599 39.383466556 60.043286709 1.326351812 0.474636609 -0.496525993 -0.523977746 0.503616272
10040.998855031 39.310003678 60.043221963 1.325274856 -0.479939362 0.494481682 0.526096176 -0.498366219
10041.032217838 39.245105666 60.041439103 1.323970548 -0.486392984 0.491113522 0.526633905 -0.494859681
10041.065634210 39.160843754 60.034347640 1.320721726 -0.498305395 0.483859284 0.524801660 -0.492092617
10041.098965756 39.100500381 60.027147757 1.318162773 -0.508977195 0.476406101 0.521996761 -0.491425298
10041.132325033 39.014350960 60.013358462 1.312222251 0.525219500 -0.464611513 -0.516737702 0.491185063
10041.165715909 38.922949608 59.998277750 1.305352189 0.542059267 -0.452476714 -0.511358030 0.489846445
10041.199074821 38.843747341 59.984523378 1.298412183 0.553017850 -0.445190404 -0.509315548 0.486389179
10041.232432838 38.765888857 59.967193432 1.293701296 0.561673400 -0.440541972 -0.510031979 0.479909516
10041.265813716 38.680584861 59.939180677 1.288074304 0.568557266 -0.438384717 -0.513810481 0.469638440
10041.299174142 38.642806792 59.915562858 1.286071517 0.572382633 -0.437911928 -0.519212125 0.459380053
10041.332538397 38.566579000 59.890643213 1.282318589 0.576113093 -0.437712983 -0.524841449 0.448377634
10041.365932409 38.512797179 59.871537119 1.278750540 0.579872106 -0.436726766 -0.530015477 0.438294042
10041.399271108 38.430997227 59.839730136 1.272343801 0.586442168 -0.433653024 -0.535907072 0.425246104
10041.432639162 38.347318422 59.799921275 1.265465704 0.593875575 -0.428886184 -0.538859702 0.415931081
10041.466017982 38.314443348 59.782980923 1.261776546 0.597850182 -0.425941986 -0.539744304 0.412097889
10041.499381644 38.231598189 59.740570039 1.252833084 0.606704335 -0.419408207 -0.540471091 0.404842693
10041.532746241 38.162242215 59.706148948 1.243915720 0.612572996 -0.414674434 -0.542393864 0.398256620
10041.566123124 38.091270351 59.669950621 1.234599368 0.616505948 -0.410673843 -0.546172020 0.391105530
10041.599481645 38.036365864 59.644969345 1.226938092 0.619171642 -0.407054846 -0.549815188 0.385533511
10041.632850482 37.965278981 59.605333369 1.214117975 0.624603434 -0.400237712 -0.553131844 0.379111445
10041.666238376 37.920109245 59.572958547 1.206545207 0.629817729 -0.394505116 -0.552691360 0.377130749
10041.699609372 37.869040069 59.535191881 1.199475324 0.637561937 -0.386667507 -0.549613829 0.376732870
10041.732961400 37.787992535 59.469753173 1.187869292 0.655758078 -0.369908243 -0.538291156 0.378671185
10041.766340847 37.755249621 59.440426835 1.182813046 0.664153780 -0.362542876 -0.532074180 0.379946689
10041.799687929 37.673612211 59.363910337 1.171882832 0.684730518 -0.344549595 -0.514688320 0.384090650
10041.833075724 37.608588120 59.305417809 1.164300224 0.699766839 -0.330965898 -0.500646690 0.387480111
10041.866436832 37.570581604 59.267457387 1.160469339 0.707294005 -0.323732972 -0.493483461 0.389109530
10041.899792373 37.510382241 59.195181983 1.155754712 0.716995232 -0.313516788 -0.484326130 0.391220221
10041.933165573 37.458773294 59.134656692 1.153504047 0.723268323 -0.306268861 -0.478392529 0.392712243
10041.966565681 37.421805767 59.089465988 1.150642938 0.726874112 -0.301528830 -0.474918194 0.393937938
10041.999903534 37.379517640 59.022136735 1.150026901 0.731727324 -0.294628723 -0.469710152 0.396410661
10042.033266979 37.335151564 58.955321126 1.149448123 0.736141881 -0.287478196 -0.464275462 0.399874622
10042.066638722 37.317633778 58.921079097 1.150339506 0.737906469 -0.284222803 -0.461955644 0.401632200
10042.099997376 37.268220031 58.833366852 1.154822141 0.742581978 -0.274947550 -0.455142692 0.407211224
10042.133385042 37.227436238 58.756782458 1.160712729 0.746258576 -0.267442783 -0.449195408 0.412063078
10042.166755670 37.201958970 58.710285559 1.165136291 0.748651967 -0.262578230 -0.444897733 0.415498392
10042.200117173 37.172278599 58.646617638 1.172524625 0.751425076 -0.256905643 -0.439446353 0.419817520
10042.233498952 37.117905389 58.543316607 1.182670675 0.756481877 -0.247010400 -0.429485395 0.426923094
10042.266874753 37.092176252 58.496867492 1.187757007 0.758820497 -0.242013202 -0.424647863 0.430459355
10042.300225495 37.065731884 58.446536689 1.194147884 0.760289715 -0.237998012 -0.420676654 0.433990378
10042.333599986 37.018547951 58.354700436 1.202968469 0.762494170 -0.231729899 -0.414257980 0.439652386
10042.366964572 37.002422183 58.322145527 1.205881183 0.763393663 -0.229390927 -0.411681403 0.441733336
10042.400329378 36.970699724 58.251888863 1.210592277 0.765330101 -0.225319830 -0.406894930 0.444901479
10042.433705564 36.928345397 58.159792283 1.213048147 0.768680928 -0.219705610 -0.399802343 0.448349375
10042.467079719 36.906953195 58.110896487 1.212775237 0.771498185 -0.215687110 -0.394717241 0.449964356
10042.500441640 36.878258545 58.036814740 1.211643438 0.776713486 -0.208759885 -0.385949764 0.451860876
10042.533831249 36.848992545 57.962923232 1.207791438 0.782936035 -0.200472138 -0.375861684 0.453376314
10042.567184210 36.834694642 57.925146350 1.205037362 0.785973009 -0.196513087 -0.371071998 0.453800185
10042.600550089 36.803176485 57.837261532 1.196632747 0.792622993 -0.187570181 -0.360873429 0.454242870
10042.633918484 36.782105320 57.763750553 1.189370779 0.798198036 -0.179913481 -0.352768592 0.453944221
10042.667277726 36.769063071 57.708649554 1.183810328 0.802181332 -0.174536664 -0.347212886 0.453304837
10042.700649287 36.756951950 57.643948341 1.178201869 0.807182329 -0.167939438 -0.340592612 0.451939936
10042.734017131 36.741667570 57.549264917 1.169298948 0.813867510 -0.159132338 -0.332189901 0.449384519
10042.767384037 36.732832912 57.491647799 1.164109140 0.817506836 -0.154261880 -0.327982607 0.447563688
10042.800738752 36.724877638 57.407579524 1.160164711 0.821996195 -0.147806609 -0.323290111 0.444925798
10042.834125310 36.718523684 57.332476185 1.155207957 0.825766208 -0.142044683 -0.319996697 0.442194065
10042.867493488 36.712759231 57.275680547 1.153077593 0.827719203 -0.138704562 -0.318746598 0.440502636
10042.900849667 36.706939539 57.191570315 1.152606249 0.829304908 -0.135409493 -0.319257581 0.438169186
10042.934222241 36.698696682 57.112519882 1.152888367 0.829312643 -0.134392894 -0.322579317 0.436029442
10042.967599902 36.693195915 57.059848878 1.152998403 0.828369419 -0.134912395 -0.326438104 0.434788356
10043.000952836 36.686705432 56.995580382 1.153588233 0.826423024 -0.136177767 -0.332305653 0.433651419
10043.034342969 36.675994656 56.912487327 1.153809061 0.822646154 -0.139428923 -0.341511959 0.432645887
10043.067704710 36.671762701 56.881464031 1.153956789 0.820851471 -0.140982949 -0.345322190 0.432526596
10043.101068778 36.660383639 56.794260648 1.155645079 0.816549739 -0.144691954 -0.353354081 0.432956874
10043.134442888 36.653052395 56.720518850 1.156359015 0.815245024 -0.144744052 -0.354756490 0.434249402
10043.167803976 36.649159443 56.670962147 1.157145699 0.815691656 -0.143015799 -0.352717889 0.435641703
10043.201162639 36.645050831 56.601906662 1.155681142 0.817721232 -0.139072874 -0.346868923 0.437804376
10043.234532188 36.642127385 56.520162769 1.156250400 0.821630006 -0.132254292 -0.336380437 0.440773340
10043.267897458 36.640181851 56.484249550 1.157482738 0.823325906 -0.129315021 -0.331873426 0.441896036
10043.301260543 36.637112612 56.420240340 1.158483596 0.825928023 -0.124656949 -0.324304281 0.443993558
10043.334674173 36.630865288 56.334177659 1.160046358 0.826957881 -0.122306173 -0.319904445 0.445918164
10043.367995105 36.626669993 56.282243865 1.161423969 0.826586952 -0.122368740 -0.319748063 0.446700210
10043.401355413 36.622841305 56.219422045 1.162763042 0.825947073 -0.122881495 -0.319994665 0.447565621
10043.434739674 36.620858252 56.137679411 1.163809808 0.825566157 -0.123263163 -0.319355304 0.448618884
10043.468097214 36.618761551 56.087060848 1.164578995 0.825584961 -0.123240243 -0.318286855 0.449349300
10043.501454271 36.615841608 56.015277072 1.165367829 0.826180004 -0.122914195 -0.315438794 0.450352161
10043.534827652 36.616146751 55.968834815 1.164324838 0.827114251 -0.122236257 -0.312189296 0.451085531
10043.568196297 36.613464545 55.904947856 1.165086053 0.828666947 -0.121060001 -0.307091936 0.452051005
10043.601562564 36.613328913 55.838192919 1.165853326 0.829917409 -0.121174344 -0.302812165 0.452613152
10043.634940387 36.605595866 55.775369321 1.169352444 0.829126880 -0.124913866 -0.303005379 0.452915978
10043.668302229 36.598405555 55.731500340 1.172713711 0.827277504 -0.129972241 -0.306081252 0.452806156
10043.701682541 36.586366038 55.669447922 1.178159229 0.822893074 -0.139740267 -0.314101347 0.452393623
10043.735033576 36.570369501 55.610669037 1.183061691 0.816981342 -0.151861892 -0.324953155 0.451536156
10043.768396558 36.556739507 55.570477925 1.186961381 0.812233486 -0.161258158 -0.333441832 0.450654097
10043.801763105 36.533111724 55.509323651 1.192730924 0.805202638 -0.175216852 -0.345324538 0.449108817
10043.835146874 36.507190264 55.448254201 1.198886224 0.798940287 -0.187880570 -0.355041959 0.447594142
10043.868503454 36.488538200 55.406440893 1.202696165 0.795115532 -0.196172170 -0.360473662 0.446504769
10043.901886076 36.464566921 55.352152651 1.208030926 0.790617441 -0.207050081 -0.366090101 0.445008275
10043.935240972 36.438673672 55.297768276 1.213458602 0.786698724 -0.217759066 -0.370184714 0.443451672
10043.968625126 36.425021485 55.265693200 1.216452586 0.784590371 -0.224316164 -0.371953474 0.442437364
10044.001980001 36.398064021 55.213623341 1.220694538 0.782293633 -0.233263785 -0.372801910 0.441161437
10044.035334627 36.369544081 55.164033464 1.224050218 0.780212436 -0.242026240 -0.373285433 0.439715635
10044.068699885 36.351992867 55.134517315 1.225366381 0.778027575 -0.249178100 -0.374770257 0.438327071
10044.102062897 36.321122734 55.094000407 1.227212306 0.773598080 -0.260671466 -0.378934111 0.435896016
10044.135433176 36.293971284 55.054446190 1.227706103 0.769184228 -0.271799565 -0.382737490 0.433581172
10044.168794073 36.272884965 55.024205803 1.227199657 0.766488394 -0.278724592 -0.385027200 0.431928466
10044.202163317 36.239653773 54.979443548 1.226221670 0.762767269 -0.288527500 -0.388111180 0.429310713
10044.235528438 36.214138770 54.943904996 1.223901790 0.759114578 -0.298171683 -0.391241995 0.426343061
10044.268909237 36.189587343 54.917300270 1.221603746 0.756871977 -0.304662392 -0.393309543 0.423831619
10044.302286463 36.155755349 54.878685565 1.219061670 0.754398681 -0.313169956 -0.395597698 0.419892451
10044.335634371 36.119349178 54.842953370 1.216944835 0.751707079 -0.322064581 -0.398766683 0.414965066
10044.369002235 36.087627927 54.816788373 1.216386035 0.748417230 -0.330426855 -0.403234866 0.409989494
10044.402366091 36.042230167 54.785580285 1.216165711 0.741379545 -0.344246619 -0.413176307 0.401417458
10044.435737908 35.993113642 54.759204234 1.215704875 0.730509649 -0.361345848 -0.427974323 0.390669694
10044.469108702 35.959853993 54.742901269 1.214710237 0.721598187 -0.373911929 -0.439431466 0.382604119
10044.502471659 35.913787329 54.731463630 1.212144510 0.707992709 -0.391959662 -0.455728519 0.370709408
10044.535840702 35.864611114 54.718339993 1.209026649 0.695935876 -0.407894675 -0.468703969 0.360016361
10044.569202594 35.829999363 54.715102528 1.207483169 0.688933369 -0.417935896 -0.475151731 0.353456127
10044.602565697 35.780740746 54.704333904 1.204588345 0.681543849 -0.430379577 -0.480347156 0.345742695
10044.635936009 35.729081756 54.696068892 1.202507030 0.676031435 -0.441982117 -0.482278286 0.339176889
10044.669302515 35.692421677 54.687502923 1.201299147 0.672375104 -0.450220664 -0.482851444 0.334764926
10044.702683080 35.637869172 54.681889199 1.199997824 0.665860874 -0.463307441 -0.484474949 0.327505015
10044.736043732 35.583206172 54.676491735 1.198892500 0.658148015 -0.476795405 -0.487171516 0.319642372
10044.769396975 35.546509121 54.678293808 1.197641923 0.651726350 -0.486797214 -0.489826123 0.313610595
10044.802769804 35.491342274 54.682562403 1.196791716 0.640746836 -0.501745257 -0.495434749 0.303709727
10044.836127638 35.442078377 54.689775041 1.196514806 0.628642396 -0.516256128 -0.501955726 0.293817626
10044.869494677 35.400647616 54.700852824 1.196392489 0.618120801 -0.528315865 -0.507256304 0.285482161
10044.902857295 35.350489964 54.715081171 1.194189874 0.606775877 -0.541872393 -0.511526096 0.276655740
10044.936220620 35.298681955 54.726204071 1.188661779 0.598712117 -0.553311552 -0.512041996 0.270560754
10044.969610181 35.263547402 54.730069972 1.184251460 0.594284060 -0.560564115 -0.510812761 0.267702542
10045.002955222 35.212392806 54.739927241 1.176360156 0.588831928 -0.570302187 -0.508032390 0.264453145
10045.036321394 35.175132293 54.753834457 1.172356001 0.584243079 -0.577956193 -0.506031673 0.261836990
10045.069695503 35.127379728 54.774133713 1.168412059 -0.576829994 0.588304563 0.504977829 -0.257220317
10045.103053446 35.079092275 54.798675126 1.166095175 -0.565625964 0.600867204 0.506720692 -0.249519564
10045.136419613 35.032077104 54.829167811 1.166785604 -0.549932069 0.615308014 0.512184476 -0.237987035
10045.169794564 35.000562168 54.852740188 1.167164897 -0.536080056 0.626586897 0.517996844 -0.227346220
10045.203146694 34.959978053 54.891062743 1.169709358 -0.512634003 0.643477723 0.528579572 -0.209156488
10045.236518472 34.922211802 54.935451669 1.175343760 -0.485087492 0.661081698 0.540644048 -0.188056181
10045.269891413 34.899009810 54.963526181 1.177840032 -0.465795543 0.672493282 0.548305489 -0.173632911
10045.303249560 34.867372023 55.012449621 1.181509968 -0.439033500 0.687811779 0.556931939 -0.154891441
10045.336634099 34.837029007 55.061206235 1.186347431 -0.415784776 0.701420186 0.561703844 -0.140076891
10045.369984176 34.816963188 55.096840200 1.190432359 -0.401846601 0.709987682 0.562984678 -0.132231059
10045.403352488 34.787581313 55.147991812 1.194697207 -0.383173264 0.721895076 0.562918154 -0.123162090
10045.436725865 34.763462227 55.192396957 1.198872997 -0.367468977 0.731883297 0.561910751 -0.116489049
10045.470088688 34.743855678 55.232505481 1.202954805 -0.354060034 0.740218323 0.560676453 -0.111176627
10045.503446720 34.719320642 55.284325602 1.207341438 -0.337044868 0.750326853 0.559067629 -0.104181367
10045.536814926 34.696446940 55.341309020 1.211129240 -0.318463986 0.760250540 0.558119867 -0.095404503
10045.570184564 34.678325872 55.380768289 1.212197105 -0.302942605 0.767564477 0.558129658 -0.086958822
10045.603546591 34.657080379 55.434427623 1.211947585 -0.281840840 0.776423632 0.558714546 -0.074633372
10045.636917772 34.636410831 55.488446454 1.208186995 -0.259683907 0.784782283 0.559399388 -0.061264677
10045.670305376 34.621474518 55.526747588 1.203231610 -0.244611364 0.790364569 0.559226175 -0.052490124
10045.703662620 34.602967575 55.570229992 1.195324494 -0.227189978 0.796587061 0.558521478 -0.043445679
10045.737017208 34.586465048 55.620609826 1.186161862 -0.210881326 0.802289693 0.557272793 -0.036157269
10045.770396315 34.568409765 55.661287501 1.175875141 -0.197190261 0.806933145 0.555860808 -0.031522418
10045.803745563 34.558847058 55.697073245 1.171512782 -0.189828734 0.809579225 0.554628120 -0.030564336
10045.837115493 34.549768001 55.732079964 1.167587612 -0.183868862 0.811723233 0.553440859 -0.031636220
10045.870481223 34.535831141 55.780513087 1.162506780 -0.177610389 0.814266896 0.551574237 -0.034493970
10045.903848573 34.525461435 55.832998418 1.161168730 -0.170950111 0.816333746 0.550521205 -0.036078762
10045.937213084 34.515543453 55.881475872 1.158900008 -0.160609268 0.818294994 0.550878412 -0.033629464
10045.970603516 34.509974583 55.933218725 1.158769199 -0.147060769 0.820088440 0.552393181 -0.026265085
10046.003944472 34.509249076 55.973989631 1.161154883 -0.135192737 0.821215567 0.554063338 -0.018486029
10046.037316271 34.509766676 56.014890123 1.161708253 -0.121512407 0.821949084 0.556387799 -0.008188761
10046.070684813 34.516989646 56.080152261 1.164930336 -0.094146326 0.822158976 0.561243471 0.014030450
10046.104053374 34.522375570 56.109515219 1.164921860 -0.081743533 0.821588450 0.563663239 0.024375530
10046.137420048 34.534017750 56.167009847 1.166382997 -0.057686305 0.819783210 0.568105272 0.043407130
10046.170785003 34.542698277 56.214499038 1.168036373 -0.042391266 0.818142431 0.570974354 0.053237487
10046.204170406 34.549780175 56.250222333 1.170586463 -0.034040640 0.817054700 0.572724126 0.057008140
10046.237532802 34.555958532 56.278825345 1.171329830 -0.025359983 0.815896213 0.574605568 0.059149668
10046.270881965 34.570187624 56.328584105 1.173891590 -0.013288945 0.814335973 0.576898107 0.062200489
10046.304250605 34.579282834 56.364437454 1.176791706 -0.004677831 0.813292007 0.578245471 0.064547688
10046.337612659 34.594725958 56.419609333 1.181590813 0.006808572 0.812064846 0.579602833 0.067563928
10046.370985463 34.611581858 56.474246709 1.186800786 0.020161882 0.810263908 0.581216195 0.072481948
10046.404363480 34.620149374 56.502407131 1.189663341 0.028095796 0.809162604 0.581983518 0.075905808
10046.437722725 34.637185673 56.549323947 1.193723799 0.043129310 0.806549889 0.583702130 0.083120164
10046.471091422 34.660586176 56.609593386 1.197820133 0.063299551 0.802300400 0.586377277 0.092026758
10046.504476491 34.671938798 56.644840245 1.200155326 0.072697207 0.800136883 0.587763877 0.095024789
10046.537832781 34.689478492 56.694103837 1.203013493 0.083994297 0.797271738 0.589873599 0.096705067
10046.571207659 34.710105769 56.741082907 1.206431962 0.093481397 0.794809910 0.591911837 0.095806121
10046.604574737 34.723137004 56.777348889 1.208683737 0.099931263 0.793304316 0.593040713 0.094787746
10046.637930104 34.742924888 56.818236217 1.212425382 0.109306547 0.791224759 0.594245774 0.094273111
10046.671294942 34.770538035 56.868781288 1.217520769 0.123850300 0.788105187 0.595190397 0.096434998
10046.704715302 34.787965417 56.903237455 1.220802269 0.134325744 0.785727145 0.595541201 0.099599831
10046.738027109 34.811604731 56.942101019 1.225215323 0.148629030 0.782171702 0.595847972 0.105271239
10046.771396363 34.842922388 56.986953800 1.229567506 0.167519518 0.776898119 0.596171994 0.113778194
10046.804777550 34.861758759 57.017160423 1.232022556 0.177614616 0.773734179 0.596489264 0.118275216
10046.838133372 34.888322026 57.055946451 1.234881765 0.189340042 0.769445296 0.597485371 0.122945176
10046.871511266 34.921555226 57.102882370 1.237960642 0.200766526 0.764404044 0.599396949 0.126895852
10046.904903024 34.941292055 57.132623455 1.239027731 0.207050481 0.761282284 0.600733043 0.129225358
10046.938243954 34.963586013 57.164993592 1.240992619 0.214041122 0.757813753 0.602016927 0.132213209
10046.971626673 35.003143134 57.219653098 1.245011809 0.226917119 0.751451607 0.603764128 0.138917176
10047.004990807 35.023288434 57.249509896 1.247454961 0.234477540 0.747846720 0.604342938 0.143231211
10047.038344251 35.054127908 57.294456560 1.253488908 0.245782260 0.742531115 0.604747830 0.150062272
10047.071708244 35.085755212 57.339210988 1.260764342 0.256363503 0.737458732 0.604995360 0.156246559
10047.105096960 35.105832300 57.372488381 1.265310603 0.262660723 0.734148439 0.605411745 0.159724867
10047.138440929 35.130128937 57.412752485 1.271575259 0.268112617 0.730332298 0.606950774 0.162299467
10047.171807972 35.162991365 57.466339945 1.279180461 0.270653930 0.726210099 0.610990204 0.161419676
10047.205203179 35.180829475 57.500452900 1.281587292 0.270073014 0.723960880 0.614483843 0.159219406
10047.238542639 35.203969382 57.538815415 1.285409086 0.268232797 0.720873362 0.619687003 0.156143464
10047.271904305 35.233829464 57.592474357 1.289097760 0.265934894 0.716242771 0.626839352 0.152798403
10047.305310967 35.251980759 57.625960224 1.290625403 0.265246184 0.712915045 0.631104627 0.151998521
10047.338641591 35.274106816 57.666316891 1.292263783 0.265669635 0.708289239 0.635985626 0.152539446
10047.372005535 35.308737666 57.720434221 1.296758391 0.269862917 0.701277908 0.640889539 0.156983761
10047.405385464 35.330231364 57.754852935 1.299302322 0.275024665 0.696447404 0.642672755 0.162154794
10047.438744202 35.358233609 57.797494927 1.303668343 0.284103062 0.689778030 0.643652897 0.170887880
10047.472107750 35.392912661 57.849553464 1.309980664 0.298262545 0.680293564 0.643652454 0.184259709
10047.505524360 35.414961092 57.883996417 1.314834285 0.307108001 0.674178072 0.643479965 0.192619152
10047.538849388 35.449556103 57.934607212 1.322445301 0.319732664 0.664779268 0.643348432 0.204798299
10047.572207527 35.484722747 57.987567070 1.330055643 0.330351383 0.655714621 0.643645532 0.215932230
10047.605598860 35.507452806 58.021487603 1.334240147 0.336146259 0.649634821 0.644354647 0.223130859
10047.638944539 35.533164431 58.059510096 1.339040329 0.341617550 0.643106621 0.645315158 0.230823896
10047.672310660 35.577397063 58.119948902 1.345801336 0.352313693 0.630617907 0.646208551 0.246192254
10047.705713839 35.600582138 58.149740149 1.348720732 0.359046614 0.623363050 0.645969811 0.255395849
10047.739052650 35.640216903 58.195326556 1.353567689 0.370529959 0.611502618 0.644823059 0.270139447
10047.772418355 35.680200219 58.241110696 1.358205571 0.381619735 0.599919703 0.643361129 0.283811886
10047.805816066 35.705534542 58.273872320 1.360066364 0.388370300 0.592516022 0.642468835 0.292107975
10047.839155993 35.748668520 58.324530234 1.363356321 0.395933998 0.583667425 0.641786963 0.301128047
10047.872525624 35.793978085 58.378792002 1.366915744 0.398865073 0.577877494 0.643029748 0.305740082
10047.905917405 35.821706930 58.417049240 1.368361409 0.397485576 0.576106618 0.645346293 0.305997620
10047.939263816 35.852299654 58.460134653 1.369550533 0.393410109 0.575743207 0.648982105 0.304253962
10047.972652125 35.899562905 58.531387022 1.368968028 0.381964473 0.577535487 0.656966372 0.298246690
10048.006021657 35.926785498 58.572333815 1.367348610 0.374701296 0.579036568 0.661483106 0.294543192
10048.039383089 35.964409132 58.627747453 1.365602418 0.366194416 0.580614601 0.666515632 0.290766653
10048.072750109 36.005200615 58.681410082 1.365002087 0.363257972 0.580183442 0.668542158 0.290658224
10048.106143084 36.025564487 58.708942327 1.365015232 0.364209199 0.579278776 0.668209811 0.292033229
10048.139499032 36.079948326 58.774265745 1.368153441 0.371911587 0.575774092 0.664206991 0.298320364
10048.172849919 36.128201288 58.828672227 1.373734276 0.381016190 0.572991871 0.658737968 0.304255269
10048.206230851 36.162618589 58.867273009 1.377577305 0.387447748 0.571460475 0.654483572 0.308169468
10048.239605223 36.206073683 58.913767320 1.383381210 0.394490058 0.570252003 0.649411538 0.312177675
10048.272962537 36.265063988 58.970016875 1.390836769 0.401499541 0.569519861 0.643513072 0.316758855
10048.306339944 36.300052387 59.005051828 1.393000606 0.404475117 0.569273561 0.640553069 0.319404536
10048.339703198 36.348732781 59.050094171 1.395378256 0.407283975 0.569126849 0.637011828 0.323156811
10048.373080293 36.399547450 59.093460406 1.394128176 0.409931490 0.568630150 0.633517495 0.327523296
10048.406459089 36.433847054 59.122930705 1.391177203 0.412537522 0.567589158 0.630762744 0.331351326
10048.439823168 36.487467092 59.159447171 1.386754975 0.418579363 0.564623569 0.625587872 0.338572527
10048.473206900 36.539507415 59.200500047 1.380512786 0.426242424 0.560642943 0.619617626 0.346512459
10048.506571605 36.575639389 59.228651501 1.376194832 0.432329313 0.557478988 0.615140647 0.352009273
10048.539938411 36.629142837 59.272389922 1.370535568 0.441888257 0.552858704 0.608108397 0.359563902
10048.573310106 36.688686513 59.317815186 1.366856954 0.452154967 0.548347459 0.600374756 0.366634834
10048.606689569 36.726696176 59.345720018 1.364461921 0.458239858 0.545793159 0.595612637 0.370636812
10048.640062870 36.777952843 59.382319956 1.361955706 0.464711834 0.543483751 0.590028769 0.374879149
10048.673429855 36.849311271 59.428439606 1.359690780 0.470454136 0.542021746 0.583990426 0.379263122
10048.706841405 36.891949220 59.457460435 1.356392481 0.472892053 0.541311299 0.581005443 0.381821764
10048.740187363 36.943783604 59.494292269 1.351185340 0.474070845 0.541427829 0.578182838 0.384470214
10048.773549927 37.017801757 59.547203907 1.343562658 0.473273106 0.542663653 0.576468138 0.386281262
10048.806931184 37.058387501 59.576722541 1.339641479 0.472187187 0.543516817 0.576268614 0.386708178
10048.840301723 37.104582391 59.609289309 1.336931975 0.471183410 0.544311284 0.576234878 0.386865333
10048.873672093 37.170007031 59.651536535 1.335524258 0.470937400 0.544810788 0.575841891 0.387046880
10048.907039191 37.225600876 59.684608254 1.336857035 0.472756862 0.544208809 0.574426235 0.387778574
10048.940407287 37.273179006 59.707367172 1.339606630 0.476040650 0.542455742 0.572295038 0.389365454
10048.973825094 37.339768837 59.736474484 1.343170867 0.483311842 0.537846018 0.567633673 0.393603021
10049.007168904 37.403930852 59.762018600 1.345349490 0.492515824 0.531188875 0.561686665 0.399718192
10049.040536797 37.467046966 59.782562647 1.346934161 0.502611188 0.522870243 0.555078676 0.407279224
10049.073907877 37.514837240 59.800221246 1.347260648 0.509952360 0.516304826 0.550007838 0.413363393
10049.107266665 37.574972461 59.816361589 1.346418514 0.518547915 0.507535369 0.543636962 0.421870551
10049.140630385 37.626218000 59.825904354 1.345824764 0.524876200 0.500048364 0.538702035 0.429251355
10049.174006580 37.694776828 59.840189802 1.345218527 0.530329983 0.491646794 0.534435020 0.437507428
10049.207374360 37.741747123 59.846652845 1.345968879 0.531954512 0.487396341 0.533537963 0.441368832
10049.240740040 37.791892712 59.853660203 1.347221671 0.532093517 0.484219434 0.533977516 0.444157675
10049.274130926 37.858163661 59.858878802 1.349516045 0.532267492 0.480386847 0.534802033 0.447109136
10049.307484625 37.907038426 59.859562534 1.351171830 0.534204269 0.476325658 0.533965938 0.450133361
10049.340851872 37.973940922 59.861678590 1.351807475 0.540346045 0.468297851 0.529669952 0.456259812
10049.374220049 38.038028934 59.855705597 1.351770216 0.549401850 0.458090616 0.522681886 0.463804097
10049.407587038 38.087240036 59.858614777 1.351675019 0.556251035 0.450599936 0.517017498 0.469294567
10049.440956789 38.157243845 59.861487442 1.350488411 0.565387104 0.440267254 0.509334198 0.476530002
10049.474346582 38.225941332 59.867232725 1.347670187 0.571041168 0.433042929 0.504728315 0.481284879
10049.507713661 38.304529348 59.869933400 1.343561268 0.571308527 0.430963291 0.505218633 0.482318714
10049.541079182 38.356271755 59.876583950 1.340570641 0.567962417 0.433071937 0.508788306 0.480626518
10049.574439256 38.416446814 59.883873484 1.337925133 0.561289950 0.438284262 0.515299776 0.476787835
10049.607816253 38.503482025 59.898623628 1.336102083 0.550476155 0.447046013 0.525344425 0.470254293
10049.641193900 38.541552327 59.903584005 1.336197911 0.546193174 0.450511745 0.529157865 0.467658142
10049.674548440 38.631705697 59.916555783 1.337174085 0.539437711 0.455993697 0.534920901 0.463612267
10049.707940583 38.707355532 59.922443868 1.337947212 0.538793094 0.456534746 0.535473977 0.463190725
10049.741281224 38.745616292 59.920747599 1.337940319 0.540456654 0.455172428 0.534108577 0.464168819
10049.774696896 38.830703536 59.915376541 1.336491625 0.548282349 0.448812652 0.527322680 0.468918394
10049.808032739 38.903907890 59.909229923 1.333928949 0.557674547 0.440652042 0.518493305 0.475383603
10049.841406148 38.938646069 59.905512751 1.332170206 0.562259512 0.436388738 0.513849349 0.478944629
10049.874790608 39.006638062 59.904574801 1.327064770 0.569751595 0.429135630 0.505273257 0.485720771
10049.908134491 39.091782946 59.895848544 1.319997739 0.575442087 0.422704431 0.496637313 0.493496451
10049.941495096 39.138936168 59.890314875 1.317089976 0.577574215 0.419695460 0.492446960 0.497754697
10049.974891755 39.204468607 59.881750023 1.312913510 0.580598027 0.414830271 0.486665769 0.503962505
10050.008236634 39.272243716 59.875625955 1.309109989 0.584256340 0.408784621 0.480491039 0.510556583
10050.041609684 39.319221517 59.870229751 1.307207691 0.587233734 0.403893694 0.476145949 0.515083935
10050.075019358 39.377618199 59.869113133 1.305917577 0.590573055 0.398057666 0.471130258 0.520393929
10050.108363655 39.461230077 59.863814011 1.305987762 0.594068827 0.391012125 0.465772972 0.526542767
10050.141744384 39.498650673 59.860559250 1.306359627 0.595077869 0.388462056 0.464085944 0.528775754
10050.175103603 39.581473441 59.855835908 1.308122083 0.595691717 0.384584432 0.462315840 0.532456812
10050.208470661 39.671205137 59.850490571 1.310978854 0.594210809 0.382496102 0.462985221 0.535027973
10050.241838449 39.726566258 59.846615440 1.311473862 0.592390851 0.381732859 0.464470673 0.536302244
10050.275217207 39.788320828 59.847435384 1.312296692 0.589135551 0.381943791 0.467441399 0.537156198
10050.308590108 39.888533539 59.845825420 1.313149217 0.582338168 0.382871419 0.474005784 0.538154487
10050.341995801 39.941707341 59.845546403 1.312652913 0.579838767 0.381552239 0.476862955 0.539264885
10050.375333917 40.018880601 59.847094658 1.311840447 0.579651249 0.375226577 0.478740314 0.542233489
10050.408718138 40.090300464 59.842824311 1.310900448 0.582060613 0.366221949 0.479580605 0.545059052
10050.442112018 40.142974970 59.841842791 1.309716304 0.583583414 0.360583155 0.480918811 0.546010334
10050.475445442 40.201528996 59.837620173 1.310181033 0.584712862 0.355794181 0.483550517 0.545619159
10050.508809841 40.300154709 59.833834157 1.309428383 0.584110599 0.351892919 0.489939744 0.543088602
10050.542191117 40.355343741 59.832192194 1.309130027 0.583109639 0.350957637 0.493506092 0.541538201
10050.575550681 40.428434616 59.829839001 1.309299228 0.581483794 0.350589285 0.497804349 0.539587417
10050.608924813 40.515944825 59.828542262 1.308194322 0.579522894 0.350725605 0.501310694 0.538360802
10050.642294318 40.570085254 59.822799551 1.306982725 0.578476663 0.350738113 0.502610005 0.538266392
10050.675664411 40.645097551 59.817706281 1.306166406 0.576572011 0.352054203 0.503582956 0.538541327
10050.709051184 40.699573705 59.814790899 1.307225067 0.574353273 0.354633156 0.504444729 0.538413557
10050.742396066 40.770093301 59.810234057 1.309022644 0.569259410 0.361295813 0.506858548 0.537125192
10050.775772570 40.844647170 59.809583478 1.310370492 0.561062911 0.372844705 0.511056437 0.533869416
10050.809145784 40.921391917 59.819023132 1.313278542 0.551810442 0.386706923 0.515390039 0.529467751
10050.842517474 40.974591822 59.816915092 1.315011404 0.545982704 0.396061062 0.517545175 0.526484106
10050.875904221 41.051477666 59.823385274 1.316502214 0.540125390 0.407544950 0.517694906 0.523606399
10050.909254192 41.126161799 59.826370152 1.316725798 0.536581188 0.417093146 0.515301584 0.522090235
10050.942621458 41.178784313 59.826481116 1.315816617 0.534561653 0.423092760 0.513283395 0.521321889
10050.976013656 41.230461398 59.834197526 1.312675600 0.532200016 0.429941650 0.511059228 0.520318928
10051.009376304 41.323547036 59.842226609 1.308314070 0.527388777 0.442291268 0.507945117 0.517910484
10051.042738856 41.377200892 59.847490320 1.305687162 0.525747607 0.448368379 0.505272883 0.516966696
10051.076104569 41.454043475 59.854379464 1.301954425 0.527060503 0.454013769 0.498317441 0.517453816
10051.109468883 41.528923683 59.857400407 1.296925112 0.533338198 0.455330288 0.486863786 0.520757477
10051.142845344 41.584579237 59.860199347 1.295809091 0.539176735 0.454678533 0.477641507 0.523845846
10051.176209065 41.661387218 59.861709788 1.294351177 0.548538851 0.452953172 0.463630083 0.528190968
10051.209579669 41.743107334 59.866627306 1.294004741 0.557324320 0.452233886 0.450364863 0.531079660
10051.242955626 41.799721792 59.867463062 1.295335183 0.562394736 0.453269912 0.442122367 0.531776608
10051.276338376 41.883030537 59.866848472 1.296890992 0.568662887 0.456709270 0.431461309 0.530924008
10051.309701607 41.940249531 59.862453596 1.297597988 0.572016064 0.461073229 0.424926163 0.528816467
10051.343064938 42.018837231 59.860501738 1.297530152 0.574886296 0.468773389 0.418088006 0.524365975
10051.376435611 42.101862634 59.857184992 1.297963028 0.576483819 0.478730201 0.412603140 0.517921279
10051.409803985 42.161387707 59.851770068 1.298625943 0.577090691 0.486898831 0.409413726 0.512129147
10051.443170400 42.238007787 59.849890150 1.298100476 0.577904817 0.497493798 0.405400752 0.504158878
10051.476546660 42.324505353 59.851872185 1.296966949 0.580300041 0.507200487 0.399903388 0.496061295
10051.509911164 42.403672305 59.847678383 1.296785956 0.584521885 0.513764737 0.393132021 0.489721527
10051.543277460 42.466077224 59.841781797 1.296462341 0.588946635 0.517625142 0.386756825 0.485412435
10051.576652761 42.549508809 59.829052926 1.296124284 0.596750634 0.520347573 0.376124373 0.481308156
10051.610039298 42.614724008 59.823021517 1.295855042 0.604043842 0.520303520 0.366428416 0.479734822
10051.643389277 42.701256751 59.813906236 1.295103667 0.614060953 0.519148990 0.352849793 0.478445917
10051.676761676 42.775302411 59.799580010 1.293973355 0.622544847 0.517952628 0.341388798 0.477091895
10051.710147828 42.858499641 59.788656743 1.290223512 0.630150534 0.517744450 0.330498104 0.474996834
10051.743511421 42.938761211 59.781727623 1.283654501 0.635642546 0.519520455 0.322520643 0.471208537
10051.776888539 43.023233427 59.769709647 1.275821967 0.639331885 0.523923560 0.316964880 0.465072155
10051.810269012 43.090658022 59.763133458 1.267992313 0.640950165 0.528362483 0.314392389 0.459536068
10051.843629859 43.173363703 59.758671548 1.258010893 0.642229665 0.534060609 0.312280501 0.452549678
10051.877001061 43.259401368 59.755270015 1.248697723 0.643375467 0.539517040 0.310687108 0.445491743
10051.910379405 43.340872196 59.754246112 1.242898844 0.644615864 0.543815418 0.309391977 0.439331063
10051.943737042 43.405757476 59.751234684 1.239562733 0.646322417 0.546033696 0.307620586 0.435297727
10051.977136068 43.487980002 59.743097704 1.237209830 0.650415893 0.546011188 0.303181433 0.432333167
10052.010480303 43.562036969 59.737041512 1.237598942 0.655118544 0.543679032 0.297504819 0.432115362
10052.043852173 43.634060205 59.729947100 1.239076559 0.660699974 0.539432232 0.290581710 0.433648108
10052.077222009 43.707738952 59.714551081 1.240058818 0.666207809 0.534556776 0.284009647 0.435608459
10052.110589225 43.763707607 59.704723662 1.239957221 0.669379306 0.531362934 0.280726354 0.436780827
10052.143961808 43.834330797 59.696526132 1.239423141 0.672058391 0.528152023 0.279235324 0.437516392
10052.177339171 43.907043890 59.687340099 1.238682398 0.672763714 0.526516944 0.281787625 0.436766101
10052.210724437 43.950197821 59.676585139 1.238656457 0.671644817 0.526680998 0.286559671 0.435182629
10052.244069933 44.017511004 59.670535130 1.240194126 0.669106222 0.528042672 0.295256165 0.431615104
10052.277446562 44.091416460 59.664653563 1.243897796 0.665677555 0.530023013 0.306034607 0.426956459
10052.310808285 44.167985510 59.659653656 1.249933827 0.662331085 0.531506486 0.316764729 0.422467153
10052.344177624 44.221970258 59.655195622 1.254986864 0.660626052 0.531499515 0.323080598 0.420357482
10052.377547967 44.299276354 59.645405554 1.264278194 0.659425595 0.529767891 0.330636714 0.418548957
10052.410911496 44.348007923 59.631861997 1.272162907 0.659105738 0.527763752 0.335370796 0.417817518
10052.444281452 44.420291736 59.620484427 1.279444159 0.658359920 0.525214126 0.341480965 0.417256622
10052.477652904 44.496149805 59.612259049 1.284803347 0.656709332 0.523262393 0.349194240 0.415923916
10052.511021179 44.569907209 59.600897032 1.288060284 0.653421324 0.522792645 0.359298384 0.413077589
10052.544384665 44.619155400 59.592289413 1.288735157 0.650193122 0.523637127 0.367077373 0.410252685
10052.577763618 44.699798910 59.586616709 1.290715208 0.644764604 0.525406544 0.379302105 0.405409031
10052.611136340 44.769411035 59.583166181 1.293331599 0.640893395 0.526442236 0.388084219 0.401876681
10052.644503636 44.837010807 59.577390557 1.298598652 0.637788189 0.526773490 0.395609608 0.399035029
10052.677867817 44.919875566 59.571605247 1.305614564 0.636517428 0.525391281 0.400668695 0.397836853
10052.711291218 44.993836734 59.561910659 1.314069576 0.637904391 0.521959307 0.401518310 0.399273737
10052.744610207 45.052486920 59.550136797 1.320135433 0.640809652 0.517666216 0.399486767 0.402237494
10052.777972387 45.131203577 59.536467199 1.326538810 0.645846270 0.511074903 0.394280528 0.407710564
10052.811332649 45.199618279 59.519918536 1.329456698 0.651279400 0.504221821 0.387459266 0.414090347
10052.844700960 45.252115804 59.503349389 1.328134864 0.655886460 0.498376502 0.380928925 0.419913049
10052.878077984 45.322954001 59.484844817 1.324338345 0.660968927 0.491710449 0.372998484 0.426864197
10052.911429272 45.380002572 59.472970718 1.320404068 0.663919402 0.487592858 0.368028577 0.431299431
10052.944799436 45.450566506 59.459879015 1.315856223 0.666269806 0.484250244 0.364057654 0.434796817
10052.978186054 45.524712028 59.445141613 1.312211997 0.666406903 0.484080028 0.363087612 0.435586675
10053.011530856 45.599411177 59.429414474 1.311239501 0.664994789 0.486694201 0.364872282 0.433334631
10053.044902083 45.651411642 59.419778897 1.311661855 0.663783073 0.489360922 0.366951670 0.430423502
10053.078256036 45.731260543 59.408114586 1.311789266 0.662006664 0.493882927 0.370281399 0.425110006
10053.111611742 45.804627534 59.395923065 1.311363114 0.660899637 0.497921162 0.372544650 0.420115067
10053.144984003 45.868061082 59.385599584 1.310267072 0.660887114 0.500500450 0.373142417 0.416524020
10053.178345213 45.953387562 59.369283537 1.307207138 0.662663554 0.501951397 0.371030838 0.413833210
10053.211710687 46.039944857 59.351331504 1.302309292 0.665932824 0.501812996 0.366351525 0.412920998
10053.245073689 46.101245452 59.339502615 1.298299040 0.668400053 0.501534282 0.362476876 0.412692681
10053.278433398 46.189727094 59.322800379 1.292670677 0.672390849 0.500589065 0.356206796 0.412816972
10053.311801757 46.256455215 59.312450734 1.288664348 0.675265817 0.499883290 0.351475645 0.413034676
10053.345198941 46.365202676 59.294627182 1.283924615 0.678678898 0.500096295 0.345505620 0.412219013
10053.378521706 46.425705755 59.285439440 1.282685660 0.679348500 0.501551966 0.343722880 0.410835517
10053.411884779 46.512974961 59.271485232 1.281820005 0.679050395 0.504947102 0.342881540 0.407861784
10053.445250278 46.595663108 59.256261284 1.282106206 0.677897510 0.508811434 0.343070953 0.404806387
10053.478596734 46.654335402 59.247279231 1.282427090 0.676884000 0.511449228 0.343195488 0.403068970
10053.511951714 46.717284920 59.237505806 1.282768810 0.676041755 0.513486131 0.342483198 0.402498195
10053.545350831 46.797688739 59.223990490 1.281542043 0.676857821 0.512861062 0.337727862 0.405927224
10053.578681282 46.871132704 59.207879715 1.279400853 0.679616117 0.508664189 0.329492156 0.413300853
10053.612047512 46.950338381 59.188760829 1.275606889 0.682988496 0.502272986 0.319007326 0.423654208
10053.645429523 47.025071407 59.170346938 1.271498368 0.685878110 0.495242594 0.308759968 0.434710564
10053.678770298 47.080306381 59.158604500 1.268422109 0.687221110 0.490245439 0.302493276 0.442588267
10053.712155867 47.143912692 59.142664147 1.266371283 0.687398330 0.485386595 0.297390132 0.451046005
10053.745539623 47.217621129 59.125439055 1.266841366 0.685358171 0.482587805 0.296549647 0.457658710
10053.778869385 47.265617574 59.117119957 1.268030292 0.682655597 0.483040016 0.299289731 0.459433712
10053.812236339 47.338349965 59.108516864 1.270777272 0.676948721 0.486452655 0.307089047 0.459130221
10053.845617299 47.412413541 59.097138258 1.272544879 0.670864288 0.490861833 0.316196272 0.457182333
10053.878971393 47.467315145 59.090329023 1.274660489 0.666477249 0.494102353 0.322359855 0.455801564
10053.912335209 47.529795011 59.079947017 1.275038091 0.662575559 0.496536259 0.327659076 0.455065822
10053.945732522 47.631290940 59.064782849 1.275726682 0.655682645 0.500560270 0.335901569 0.454631523
10053.979097909 47.688053832 59.059734612 1.275387316 0.651128010 0.503707325 0.341142013 0.453798824
10054.012434470 47.760142477 59.053827221 1.275250470 0.643580163 0.509851245 0.349742943 0.451149815
10054.045838045 47.841808252 59.047279485 1.276359002 0.630320773 0.522420643 0.364873166 0.443441052
10054.079168619 47.899987515 59.048029842 1.277063600 0.618865202 0.533928814 0.377790726 0.434971322
10054.112532075 47.971321629 59.043927861 1.278847194 0.602033436 0.550707863 0.395969473 0.421289411
10054.145910711 48.066742740 59.041548720 1.284079711 0.578153137 0.572936640 0.419608667 0.401760031
10054.179267364 48.107756282 59.042221491 1.287417758 0.569715633 0.580207303 0.427017743 0.395524249
10054.212634919 48.186641261 59.034008654 1.294337792 0.559799268 0.587738343 0.434000030 0.390937838
10054.246028703 48.272942148 59.024655666 1.302547435 0.560666936 0.584529712 0.429278029 0.399622292
10054.279367093 48.326078553 59.016969801 1.306683081 0.565770207 0.577684108 0.421694245 0.410315864
10054.312729308 48.403227476 59.005049115 1.311277499 0.574320741 0.565436025 0.408969684 0.427997179
10054.346184169 48.476936061 58.993355229 1.313834068 0.580230659 0.554755142 0.398931252 0.443207593
10054.379461013 48.527658649 58.986001051 1.315459204 0.581777858 0.549677068 0.394987205 0.450970901
10054.412821777 48.599410723 58.975988240 1.318564988 0.579439711 0.547503344 0.395036974 0.456547367
10054.446209303 48.670502646 58.967264650 1.322765238 0.572574333 0.550824339 0.400919348 0.456086459
10054.479546765 48.722619585 58.962534549 1.325842652 0.566365618 0.555011985 0.406968127 0.453396766
10054.512924412 48.799351184 58.958803030 1.329959068 0.556721478 0.562096185 0.416939013 0.447516408
10054.546299815 48.877967739 58.951364808 1.332761562 0.547586573 0.569263827 0.426258611 0.440898216
10054.579640095 48.930427339 58.946759087 1.333307078 0.542058034 0.573667260 0.431821146 0.436588435
10054.613002461 48.996351569 58.939139935 1.332688687 0.535478625 0.578859054 0.438258583 0.431409612
10054.646377228 49.099721842 58.928186352 1.328417726 0.526579966 0.585490384 0.447123244 0.424258594
10054.679716155 49.155903761 58.925314671 1.323795093 0.522085003 0.588773060 0.451503797 0.420616043
10054.713109376 49.229292183 58.920741144 1.317633374 0.516331949 0.592846728 0.457044450 0.415986114
10054.746458908 49.302806423 58.920128212 1.311621051 0.511847219 0.595785167 0.461726585 0.412141991
10054.779817403 49.379847751 58.919687676 1.307288677 0.508076228 0.598306271 0.465982180 0.408348821
10054.813179901 49.460647925 58.920198456 1.304477993 0.504394215 0.601265402 0.470438615 0.403427692
10054.846580288 49.546046214 58.921012665 1.304592523 0.500875432 0.604761306 0.474679658 0.397576139
10054.879932954 49.604451218 58.922139434 1.305870182 0.498773368 0.607104674 0.477276768 0.393517383
10054.913277501 49.658616550 58.926081958 1.307571105 0.496738426 0.609425700 0.479657416 0.389589547
10054.946651936 49.765284734 58.924129185 1.311281636 0.494795817 0.611886502 0.482541401 0.384611239
10054.980019166 49.821759217 58.922853728 1.313486659 0.494007981 0.612895637 0.483642957 0.382628465
10055.013369474 49.904733427 58.918950110 1.315679548 0.492918564 0.613990473 0.484901099 0.380680854
10055.046737110 49.989443678 58.912711035 1.317604936 0.491448885 0.614933011 0.486089121 0.379542820
10055.080097102 50.045389349 58.909703253 1.318446412 0.490241519 0.615458174 0.486802684 0.379338420
10055.113467442 50.102132348 58.907207298 1.320237224 0.488650183 0.615940679 0.487730132 0.379417180
10055.146833579 50.183991161 58.902038555 1.322062547 0.486576284 0.616262309 0.488987254 0.379941774
10055.180182066 50.257044918 58.897940875 1.323736106 0.485555235 0.615833344 0.489711631 0.381009087
10055.213561427 50.335956264 58.893490414 1.327178963 0.486159898 0.613909549 0.489513257 0.383588830
10055.246907715 50.418101202 58.888089949 1.329451202 0.488889889 0.610339830 0.488266406 0.387385964
10055.280270663 50.476428305 58.885347031 1.331144354 0.491113472 0.607627114 0.487328294 0.390010234
10055.313660805 50.561990727 58.881700962 1.333341997 0.493852688 0.604224930 0.486579340 0.392762399
10055.347020512 50.632777018 58.878879267 1.334270946 0.494044461 0.602989234 0.487829355 0.392869666
10055.380352270 50.710024274 58.878215596 1.333869587 0.490564561 0.604467189 0.492399222 0.389241358
10055.413717616 50.791876263 58.879331424 1.331681252 0.483131377 0.608787035 0.499862459 0.382230220
10055.447090021 50.889151329 58.882956708 1.327904749 0.469939140 0.616460367 0.511768987 0.370440715
10055.480440772 50.946654701 58.885495041 1.325447172 0.460533830 0.621657664 0.519807273 0.362285439
10055.513817839 51.018001311 58.887888633 1.322644759 0.448578862 0.628053275 0.529445595 0.352155435
10055.547179925 51.116199813 58.893004897 1.320466240 0.435501479 0.634718300 0.539471134 0.341236043
10055.580537289 51.173042678 58.895978411 1.320555796 0.430998273 0.636651179 0.543023807 0.337699437
10055.613909781 51.259494531 58.901622231 1.322766916 0.428974168 0.636979184 0.544827156 0.336752213
10055.647273463 51.325731244 58.903692809 1.324699095 0.431267092 0.635055022 0.543729677 0.339222426
10055.680632300 51.405739391 58.905315759 1.329043292 0.437722071 0.630141327 0.539998915 0.346009348
10055.714009280 51.489322347 58.906795034 1.333387548 0.445408582 0.624159972 0.535370878 0.354137753
10055.747378338 51.576159379 58.907952748 1.337061199 0.451300592 0.619164341 0.531930319 0.360573752
10055.780737712 51.634285345 58.908199804 1.337741580 0.453543230 0.616972190 0.530731806 0.363273458
10055.814107671 51.701352663 58.909264691 1.338228491 0.453622339 0.615945967 0.531161908 0.364286105
10055.847463039 51.788593074 58.911895595 1.337735836 0.450270874 0.616814486 0.534039822 0.362763695
10055.880826048 51.846012456 58.916483797 1.337398731 0.446442691 0.618439528 0.536970787 0.360394017
10055.914192234 51.923298255 58.920588480 1.338562206 0.441808563 0.620510120 0.540520610 0.357225216
10055.947552830 52.005187593 58.924270511 1.341581291 0.441704014 0.619716728 0.541041242 0.357942894
10055.980933453 52.066199052 58.925098839 1.343682118 0.445034927 0.617231515 0.539176190 0.360913019
10056.014297240 52.155885727 58.925206981 1.347104611 0.453617354 0.611207339 0.534034969 0.368053714
10056.047645434 52.223971459 58.922389196 1.348517023 0.461370799 0.605826620 0.529339280 0.374046815
10056.080989768 52.308302952 58.920227124 1.348964560 0.469859706 0.599801881 0.524322981 0.380203855
10056.114354542 52.383183230 58.918352876 1.347367320 0.473531193 0.597276230 0.522724758 0.381822132
10056.147716331 52.466255531 58.919535772 1.341750210 0.471924134 0.598270047 0.525114802 0.378965708
10056.181080382 52.546208740 58.924261531 1.333778572 0.465293928 0.602867584 0.530845161 0.371827449
10056.214465088 52.635574450 58.932575919 1.324625256 0.454083007 0.610451560 0.539497653 0.360693496
10056.247815257 52.720993027 58.940706769 1.317246345 0.443016108 0.617743244 0.547356863 0.350043535
10056.281177808 52.791465567 58.945926721 1.313571610 0.435568915 0.622699892 0.552282124 0.342795888
10056.314576177 52.863077398 58.948991928 1.310686085 0.430475878 0.626433874 0.555445510 0.337270524
10056.347938922 52.984013126 58.955385257 1.308843542 0.428514117 0.628948123 0.556193316 0.333839641
10056.381280511 53.048062981 58.957566210 1.309112526 0.430446205 0.628503711 0.554564038 0.334899803
10056.414641008 53.138872460 58.959355010 1.310110873 0.435811168 0.626068004 0.550489447 0.339217996
10056.447998005 53.228135134 58.959542596 1.311105254 0.440972878 0.623423860 0.546516538 0.343809955
10056.481364449 53.288090598 58.959097934 1.310464734 0.443185614 0.622403225 0.544604144 0.345842541
10056.514760204 53.367299586 58.957310160 1.309648569 0.443832275 0.622289521 0.543602645 0.346792198
10056.548112499 53.445789050 58.954633928 1.308773202 0.442049440 0.623494990 0.544068783 0.346172571
10056.581491304 53.529676545 58.954938552 1.307366640 0.438266753 0.625732085 0.545632741 0.344480076
10056.614843103 53.612715131 58.955346301 1.306867532 0.435079162 0.627487566 0.546728177 0.343589549
10056.648205036 53.692576698 58.956648748 1.306355082 0.435410728 0.626945398 0.545732314 0.345735748
10056.681566911 53.770399609 58.955693102 1.305327128 0.439022115 0.624224013 0.542559003 0.351046568
10056.714946839 53.846577909 58.954670215 1.304674381 0.444772599 0.619970020 0.538042570 0.358224374
10056.748309703 53.947785295 58.949624085 1.304648856 0.452948425 0.613915939 0.531731096 0.367705025
10056.781679117 54.010022174 58.947877236 1.303360792 0.456353667 0.611114907 0.528979378 0.372103102
10056.815047557 54.102984062 58.944760803 1.300407278 0.457226436 0.610007389 0.527881266 0.374401310
10056.848400591 54.184135544 58.944837834 1.295018695 0.453378511 0.612084778 0.530194265 0.372416692
10056.881775296 54.251632662 58.946907631 1.290569001 0.447255038 0.615804848 0.533956701 0.368290052
10056.915145194 54.340135039 58.950866432 1.285609629 0.436769235 0.622290087 0.540243351 0.360728158
10056.948502947 54.405882553 58.950676853 1.281115918 0.427797711 0.627783605 0.545438672 0.354081232
10056.981894416 54.482075619 58.952883912 1.278449290 0.419838396 0.632575233 0.549695145 0.348453073
10057.015238101 54.564811526 58.951706780 1.276088906 0.415898515 0.634927153 0.551407280 0.346187733
10057.048609991 54.671434798 58.949078894 1.274610504 0.417830377 0.633925033 0.549375212 0.348917905
10057.081962780 54.736740969 58.946063295 1.274068143 0.422610091 0.631038517 0.545970386 0.353705299
10057.115333484 54.827958674 58.940905434 1.274397396 0.432657369 0.624551917 0.539092468 0.363485646
10057.148699751 54.891728807 58.935343684 1.273870194 0.441254476 0.618684365 0.533229697 0.371739471
10057.182054301 54.979142847 58.927517096 1.272888819 0.451776532 0.611507783 0.526008972 0.381144012
10057.215427367 55.060590588 58.918701670 1.270729831 0.458930519 0.606618691 0.521057931 0.387162983
10057.248793889 55.159441945 58.906013517 1.266969964 0.463732022 0.603569872 0.517904948 0.390423469
10057.282146870 55.222922710 58.900841100 1.264210899 0.463916724 0.603621459 0.517973775 0.390032787
10057.315520353 55.314484249 58.893789641 1.260692464 0.461704307 0.605722238 0.519911927 0.386809115
10057.348871924 55.388496742 58.887852752 1.258339436 0.459552328 0.607903829 0.521872145 0.383293695
10057.382232177 55.469408181 58.881752521 1.256110768 0.457918244 0.609922742 0.523508246 0.379795006
10057.415605621 55.564799373 58.875382769 1.254472370 0.457315102 0.611352724 0.524434325 0.376934189
10057.448977914 55.662672330 58.868220640 1.253185737 0.457058398 0.612833196 0.525106163 0.373893853
10057.482352638 55.736158033 58.862201418 1.252435430 0.456702130 0.613960614 0.525779516 0.371525812
10057.515708900 55.820493220 58.853674577 1.251373089 0.455732402 0.615764396 0.527143280 0.367780028
10057.549079242 55.904140042 58.848087272 1.248512754 0.454521739 0.617410862 0.528489108 0.364572461
10057.582440544 55.986467267 58.841937508 1.245641642 0.453120951 0.619016913 0.529936572 0.361478485
10057.615797220 56.082079452 58.834753136 1.242458381 0.451130545 0.621141492 0.531681159 0.357742398
10057.649160760 56.177176920 58.828858987 1.239913687 0.449049818 0.623364232 0.533297639 0.354069094
10057.682523832 56.244883667 58.824829277 1.238567498 0.447930658 0.624721692 0.534180307 0.351756071
10057.715924784 56.342199661 58.818829800 1.236752084 0.447310860 0.625942549 0.534797177 0.349429392
10057.749272212 56.431579630 58.816040517 1.234377482 0.447776775 0.626293058 0.534542382 0.348593470
10057.782637893 56.521510370 58.814727125 1.234498680 0.448986416 0.625964381 0.533745195 0.348849336
10057.815991468 56.612357743 58.810165394 1.236982920 0.450704794 0.624937741 0.532590322 0.350236432
10057.849357378 56.706980116 58.802161478 1.241383894 0.452908689 0.623150620 0.531111422 0.352813948
10057.882726348 56.805878295 58.800555488 1.247424205 0.454398504 0.621702509 0.530094362 0.354975995
10057.916108291 56.871099708 58.795626516 1.251909904 0.454466231 0.621362687 0.530052344 0.355546579
10057.949457145 56.943498946 58.790707268 1.255936502 0.453536773 0.621569330 0.530598555 0.355557501
10057.982829730 57.040307439 58.783295821 1.261388135 0.450943331 0.622749022 0.532070494 0.354590972
10058.016191708 57.130951289 58.776733667 1.266434192 0.448010033 0.624134659 0.533588311 0.353590797
10058.049560177 57.225124558 58.770142715 1.271190509 0.446639796 0.624444039 0.533842501 0.354393451
10058.082925492 57.327332101 58.763977811 1.274733201 0.448536810 0.622624631 0.531860311 0.358159054
10058.116290407 57.393864524 58.758421389 1.277066034 0.451979965 0.619874693 0.529098494 0.362662735
10058.149657708 57.484208508 58.749970769 1.278859988 0.458420083 0.614816227 0.524115491 0.370344416
10058.183021673 57.589701512 58.739486323 1.279707320 0.466344457 0.608235811 0.518020348 0.379772254
10058.216382164 57.656297003 58.733572012 1.279442831 0.470252737 0.604541038 0.515009342 0.384912814
10058.249757446 57.747055279 58.725131115 1.277231532 0.472340523 0.601923705 0.513397761 0.388593648
10058.283104380 57.829706301 58.721136289 1.273474099 0.470423228 0.602268493 0.514600399 0.388794390
10058.316475592 57.920717595 58.718146893 1.269318861 0.463849748 0.605873722 0.518969528 0.385267535
10058.349896877 58.006132958 58.717393577 1.266618184 0.454807506 0.611273316 0.524776026 0.379611890
10058.383225573 58.102082587 58.716145436 1.265776162 0.442961115 0.618256662 0.531968773 0.372227585
10058.416581984 58.163099523 58.715157672 1.266312172 0.436906619 0.621727103 0.535336566 0.368758427
10058.449932397 58.246486582 58.714845701 1.269529713 0.430541110 0.625037444 0.538311835 0.366309862
10058.483286370 58.331540694 58.714617239 1.273914230 0.427288362 0.626186888 0.539221926 0.366816510
10058.516659758 58.394118868 58.713278674 1.277358318 0.426782686 0.625693765 0.538723358 0.368972891
10058.550020240 58.479064854 58.710744436 1.281535257 0.428542338 0.623136954 0.536587281 0.374333930
10058.583385325 58.577519199 58.708073221 1.283517430 0.431967610 0.618977779 0.533512978 0.381620746
10058.616748072 58.640028366 58.705001085 1.283306781 0.434386422 0.616122009 0.531379787 0.386442271
10058.650126164 58.729848877 58.702053723 1.281181752 0.436986831 0.612674023 0.529001823 0.392211833
10058.683475413 58.785719739 58.701490987 1.280190005 0.438190544 0.610529141 0.527723087 0.395918626
10058.716853400 58.870370133 58.698725290 1.278142907 0.439051572 0.608548838 0.526458548 0.399679153
10058.750211973 58.954176117 58.698209841 1.277380407 0.438927443 0.607802907 0.525709251 0.401930478
10058.783581894 59.020251588 58.697770851 1.277485625 0.439027082 0.607346546 0.525026351 0.403401443
10058.816940457 59.107883769 58.695371207 1.277691200 0.439545862 0.606942616 0.523871866 0.404942421
10058.850307704 59.198257473 58.693817168 1.277009684 0.440501989 0.606580207 0.522318939 0.406449723
10058.883670034 59.292512606 58.690861106 1.275404980 0.442335014 0.605971678 0.520483793 0.407718877
10058.917036556 59.361517893 58.688218573 1.273160399 0.443844014 0.605395819 0.519209768 0.408557964
10058.950392637 59.462930025 58.683806570 1.268138109 0.445118892 0.605501619 0.518254983 0.408226327
10058.983764578 59.561016889 58.680004190 1.261802305 0.444033307 0.607497365 0.519065929 0.405403423
10059.017112909 59.631893376 58.677842875 1.256452645 0.441910158 0.610160274 0.520555763 0.401797896
10059.050483972 59.732999598 58.676782192 1.250065762 0.436852087 0.615493035 0.523953337 0.394716959
10059.083835587 59.833214333 58.676477698 1.245144346 0.430836982 0.621827302 0.527786285 0.386201941
10059.117207757 59.900607354 58.676978484 1.243378042 0.427329683 0.625814462 0.529942080 0.380666513
10059.150577193 60.002426933 58.678614261 1.242420695 0.424590378 0.630162367 0.531505274 0.374326790
10059.183935042 60.104168132 58.678569503 1.244025779 0.426152390 0.631752713 0.530480988 0.371311960
10059.217304633 60.178839620 58.676312240 1.245252753 0.429924956 0.630998410 0.528069636 0.371682658
10059.250687800 60.274713112 58.673158777 1.247446163 0.437041575 0.628222746 0.523548455 0.374470104
10059.284033461 60.374020198 58.668631978 1.249607554 0.445025250 0.624473666 0.518536135 0.378292801
10059.317400102 60.472681331 58.662401651 1.249691855 0.452883427 0.620789443 0.513742584 0.381556845
10059.350787199 60.581494917 58.656508606 1.248753757 0.458532726 0.618588135 0.510546214 0.382673518
10059.384129716 60.659818962 58.653305205 1.247942463 0.459925533 0.618676357 0.510168266 0.381361259
10059.417494343 60.759188440 58.649529173 1.247493631 0.458230567 0.621074402 0.512115750 0.376867077
10059.450856612 60.860345016 58.648052784 1.247177876 0.453588973 0.625521540 0.515896802 0.369905847
10059.484228007 60.966022204 58.647222085 1.246274010 0.448724588 0.630080857 0.519655789 0.362770202
10059.517594664 61.039757785 58.646474673 1.244727880 0.446930632 0.632116803 0.520975316 0.359535920
10059.550966614 61.141699729 58.647181389 1.241545404 0.447560115 0.632770068 0.520420498 0.358405482
10059.584339655 61.220261945 58.646618032 1.238404979 0.450532736 0.631526792 0.518230642 0.360043284
10059.617692346 61.320999011 58.644603389 1.233179931 0.456407563 0.628307038 0.514081845 0.364200850
10059.651059120 61.426170616 58.642610873 1.227161958 0.461898008 0.624948405 0.510410370 0.368199641
10059.684441190 61.527614016 58.642122194 1.221002311 0.463412149 0.624203986 0.509755384 0.368467112
10059.717804838 61.604269610 58.642893636 1.216576390 0.460885490 0.626149994 0.511916095 0.365325418
10059.751168093 61.709358793 58.646053725 1.211544679 0.452030433 0.632677199 0.518355786 0.355942872
10059.784536802 61.786333059 58.649290073 1.209288120 0.442512013 0.639460691 0.524799858 0.346205507
10059.817891538 61.885176653 58.654984077 1.207565952 0.428691954 0.649043676 0.533419256 0.332309211
10059.851248988 61.990182597 58.662158971 1.206335187 0.415903835 0.658051036 0.540641939 0.318903007
10059.884622060 62.095070070 58.668649398 1.205045881 0.408341619 0.663891789 0.544095582 0.310587848
10059.917974351 62.166348570 58.671545735 1.203236650 0.406625708 0.665848861 0.544260119 0.308353288
10059.951342212 62.267146236 58.675703909 1.202079125 0.409439726 0.665246918 0.541303647 0.311120572
10059.984733911 62.341815980 58.678483361 1.199971595 0.414879121 0.662765203 0.537143880 0.316376440
10060.018074302 62.442897837 58.679839805 1.195950079 0.424309460 0.657674037 0.530368904 0.325783930
10060.051442385 62.547928743 58.678528513 1.189581555 0.433738461 0.651953725 0.523673448 0.335549412
10060.084828914 62.646844094 58.680223009 1.183703612 0.440485705 0.647232200 0.518729902 0.343485243
10060.118173468 62.712042904 58.682864605 1.180179916 0.443312404 0.644907801 0.516609045 0.347394783
10060.151549658 62.807558250 58.687050527 1.176134095 0.445148968 0.642951229 0.515129584 0.350852711
10060.184929518 62.900114102 58.689753229 1.174667050 0.445846404 0.641538143 0.514377114 0.353646687
10060.218275026 62.971062755 58.694737365 1.174546193 0.446489210 0.640149147 0.513728409 0.356285807
10060.251644215 63.064948295 58.701302399 1.174598760 0.447408741 0.638401829 0.512932937 0.359399952
10060.285023006 63.139840880 58.706621127 1.174527554 0.447688671 0.637437839 0.512837319 0.360895745
10060.318371232 63.226360091 58.711802812 1.175024337 0.446175119 0.637601558 0.514286166 0.360418861
10060.351742035 63.321619504 58.718276174 1.175391921 0.440343377 0.640780524 0.518981557 0.355184704
10060.385132134 63.386492487 58.727919196 1.175999237 0.432195661 0.645520288 0.524907656 0.347825273
10060.418459694 63.472007933 58.736404708 1.176541463 0.418967269 0.653288205 0.533929171 0.335560113
10060.451829030 63.568029830 58.745327396 1.178067286 0.402390277 0.662587212 0.544318460 0.320589558
10060.485244283 63.658321331 58.756770116 1.180713638 0.387063693 0.670843252 0.552995139 0.307160226
10060.518564511 63.722181573 58.766453229 1.182934611 0.378666823 0.675219747 0.557325039 0.300130857
10060.551936889 63.832059790 58.773295523 1.184688052 0.372809199 0.678238405 0.559899497 0.295835293
10060.585306319 63.927431055 58.784099761 1.189974068 0.374615822 0.677317019 0.557910501 0.299400258
10060.618659171 64.001262618 58.789635958 1.192477169 0.379922195 0.674428956 0.554387950 0.305710174
10060.652036706 64.108842041 58.796107242 1.195483589 0.391742104 0.667622628 0.546889122 0.318952094
10060.685431262 64.210451148 58.802484957 1.197387157 0.405302488 0.659280469 0.538285632 0.333658111
10060.718781836 64.277851009 58.812634199 1.198112259 0.413571831 0.653798455 0.532709672 0.343112701
10060.752131255 64.383803231 58.822650564 1.197151855 0.421756500 0.647810167 0.526889997 0.353341723
10060.785520357 64.480010653 58.836687907 1.196270604 0.423788022 0.645601028 0.524679562 0.358209969
10060.818859079 64.554439405 58.845167661 1.194558509 0.422507797 0.645911168 0.524767477 0.359033452
10060.852222262 64.652492325 58.861594741 1.193976984 0.418410300 0.647974150 0.526039907 0.358251781
10060.885609006 64.752182359 58.878572924 1.194775669 0.414146737 0.650244932 0.527127809 0.357491653
10060.918966960 64.821392865 58.891429951 1.195710457 0.412160651 0.651127681 0.527286799 0.357945487
10060.952329761 64.922606861 58.907203587 1.198117249 0.411749921 0.651091453 0.525997303 0.360373085
10060.985771928 64.999789565 58.917396969 1.199788414 0.412918748 0.650265345 0.524266252 0.363039922
10061.019060286 65.102633965 58.928708133 1.201256824 0.414837393 0.648919037 0.522016983 0.366486412
10061.052426264 65.210189417 58.939038968 1.202610361 0.415263542 0.648400550 0.520905518 0.368497433
10061.085819640 65.312053011 58.949639807 1.202353430 0.412773320 0.649682723 0.521863493 0.367680624
10061.119157034 65.385832964 58.959998402 1.202323611 0.408671746 0.652178891 0.523877989 0.364968423
10061.152524845 65.494973236 58.975037120 1.202394620 0.400868557 0.656934874 0.527943266 0.359189196
10061.185910436 65.603500754 58.989753916 1.204565774 0.392773044 0.661630058 0.532078052 0.353366593
10061.219259547 65.686996021 58.997951052 1.206317903 0.388177558 0.664092959 0.534353075 0.350379105
10061.252626456 65.798896834 59.013002258 1.211331154 0.384932927 0.665579570 0.535498623 0.349387612
10061.286011810 65.880314388 59.018827345 1.214965281 0.385898479 0.664564302 0.534533985 0.351724425
10061.319356448 65.978054041 59.027466365 1.220955273 0.391490872 0.660420712 0.530921680 0.358749982
10061.352730888 66.082304500 59.034978570 1.226560621 0.400865839 0.653349754 0.525217228 0.369577517
10061.386110363 66.187013806 59.047488458 1.229441700 0.411034591 0.645577808 0.519077862 0.380575922
10061.419457593 66.258254192 59.052399259 1.229557270 0.417306352 0.640525759 0.515336290 0.387312109
10061.452827342 66.359896057 59.060827852 1.227233592 0.423239020 0.635407666 0.511986108 0.393695383
10061.486200264 66.450188585 59.069672446 1.225535731 0.423817876 0.633848705 0.512108990 0.395422064
10061.519546919 66.521540450 59.078749244 1.227113882 0.420459089 0.635475638 0.514580799 0.393181217
10061.552915538 66.625867250 59.092063219 1.230461994 0.413440785 0.639524180 0.519410807 0.387669904
10061.586301643 66.725620681 59.103817852 1.234470542 0.408458113 0.642166211 0.523020437 0.383711024
10061.619653757 66.795301981 59.111611239 1.238392285 0.407702889 0.642164686 0.523763881 0.383502630
10061.653014380 66.899628537 59.121523632 1.243766095 0.410940559 0.639334940 0.522236930 0.386842706
10061.686403596 66.985507729 59.127799082 1.247328583 0.415744245 0.635488607 0.519814333 0.391285079
10061.719765604 67.072959342 59.134088705 1.249187405 0.421064135 0.631153480 0.517200838 0.396047436
10061.753116785 67.176921794 59.141396072 1.248546054 0.425896429 0.627116446 0.515199398 0.399883453
10061.786491179 67.267112177 59.149671769 1.246868755 0.427471813 0.625476547 0.514984447 0.401046079
10061.819848211 67.337037685 59.156912425 1.245744311 0.426662632 0.625625431 0.516171036 0.400149072
10061.853241727 67.436147980 59.167728971 1.246951402 0.422886078 0.628063276 0.519256979 0.396328243
10061.886593788 67.527197873 59.179487635 1.249711258 0.417684904 0.631712803 0.522919384 0.391195058
10061.919952887 67.607296110 59.189304951 1.253498895 0.413051686 0.635254979 0.525921508 0.386323678
10061.953326923 67.703008457 59.204506824 1.259360821 0.408145347 0.639358711 0.528955385 0.380583782
10061.986705626 67.805100706 59.213918356 1.264290992 0.405794950 0.641831664 0.530317016 0.377023126
10062.020045720 67.886253759 59.220560871 1.268629687 0.405892400 0.642254977 0.530254580 0.376284448
10062.053416568 67.985553261 59.228762953 1.271931799 0.408554699 0.640777335 0.528609352 0.378232228
10062.086784013 68.049578988 59.232768039 1.272366696 0.411803408 0.638521650 0.526794066 0.381046017
10062.120147580 68.175416276 59.242398381 1.265618105 0.417822218 0.633955211 0.523163854 0.387072303
10062.153523154 68.241518529 59.247950320 1.260061241 0.421061098 0.631221279 0.521144729 0.390737021
10062.186895462 68.332290342 59.259134347 1.250743523 0.425659565 0.626847815 0.518149668 0.396732497
10062.220241511 68.410716048 59.269037662 1.242981321 0.431474791 0.621677643 0.514211038 0.403650123
10062.253625411 68.476469817 59.275225562 1.239154370 0.436581808 0.617250888 0.510506760 0.409610197
10062.286999058 68.527731980 59.282874843 1.236755114 0.442902866 0.611781891 0.505827664 0.416771333
10062.320346587 68.642776922 59.295006790 1.233421340 0.455183747 0.601846278 0.496439948 0.429110932
10062.353716405 68.691051250 59.301872874 1.231780335 0.460838383 0.597515869 0.491950462 0.434266640
10062.387086217 68.773038219 59.309862682 1.228116216 0.466996419 0.593398160 0.486850533 0.439055266
10062.420442148 68.833697551 59.319071497 1.223290315 0.468964345 0.593318089 0.484933370 0.439187563
10062.453819606 68.905738613 59.323076972 1.217473185 0.467754759 0.595582323 0.485544395 0.436730834
10062.487177022 68.987458063 59.327947753 1.209452873 0.462885601 0.601133602 0.488612077 0.430852122
10062.520534626 69.092395703 59.332324429 1.198708947 0.452665962 0.611193570 0.494853016 0.420305174
10062.553909256 69.161513269 59.340651193 1.193122471 0.445011693 0.618451543 0.499310992 0.412517655
10062.587278573 69.244101948 59.349247690 1.188016910 0.434382686 0.628378173 0.505014939 0.401761703
10062.620637941 69.346945779 59.355261199 1.184509530 0.426244141 0.636371023 0.508552832 0.393347012
10062.654015198 69.415901597 59.364491560 1.184693179 0.422465838 0.640707561 0.509456949 0.389191538
10062.687372116 69.502816487 59.369349878 1.184290763 0.420314156 0.644215038 0.508966462 0.386362699
10062.720749960 69.589452408 59.375960013 1.188870226 0.420033093 0.647057442 0.506656976 0.384951395
10062.754120457 69.686592936 59.385294403 1.193611121 0.421695050 0.648092774 0.503274491 0.385828754
10062.787479751 69.777457758 59.389959828 1.198323800 0.424662215 0.648333347 0.499176945 0.387489680
10062.820831549 69.877140006 59.397621683 1.201800426 0.427660387 0.648233356 0.495331936 0.389289586
10062.854209365 69.946402081 59.402640901 1.200761510 0.429073014 0.648510505 0.493159187 0.390031397
10062.887566223 70.049343474 59.409270741 1.198529578 0.429709191 0.649358813 0.491306315 0.390257926
10062.920937563 70.148050953 59.416879050 1.196832347 0.429395192 0.650250530 0.490322031 0.390356662
10062.954317187 70.214631087 59.422314396 1.195274487 0.429203611 0.650734846 0.489614739 0.390647961
10062.987676395 70.297749035 59.430250233 1.195853874 0.429930575 0.650529324 0.488219809 0.391934584
10063.021032240 70.418780048 59.439478577 1.197128858 0.432862811 0.648707403 0.485138242 0.395536823
10063.054422146 70.486773031 59.445815513 1.198640076 0.435413966 0.647044971 0.482663499 0.398476387
10063.087775379 70.563816278 59.456827092 1.200363948 0.438365673 0.645486845 0.479719973 0.401311621
10063.121130222 70.684996553 59.470426849 1.202202161 0.439944628 0.645338228 0.477900829 0.401992655
10063.154506839 70.756065846 59.476900629 1.202020771 0.438671463 0.647142872 0.478468516 0.399801614
10063.187865053 70.860003611 59.486377533 1.199676791 0.433637974 0.651737609 0.481826905 0.393749960
10063.221233027 70.947439265 59.493518038 1.196560082 0.427686288 0.656605276 0.485748165 0.387301783
10063.254601428 71.039386343 59.505681646 1.192111660 0.418301201 0.663725205 0.491837559 0.377609287
10063.287963984 71.140257744 59.520337417 1.187299808 0.407450965 0.671414780 0.498670331 0.366761237
10063.321324115 71.221636338 59.526084949 1.184591270 0.400253531 0.676310495 0.503080224 0.359599102
10063.354736776 71.315385528 59.542250057 1.182002796 0.392203209 0.681600693 0.507588724 0.352066507
10063.388060847 71.410309690 59.560297761 1.181040103 0.386404121 0.685236104 0.510499083 0.347180102
10063.421420765 71.516476379 59.578653007 1.182281051 0.383964492 0.686615523 0.511308114 0.345968792
10063.454790068 71.582810180 59.590689753 1.183082162 0.384712931 0.685830023 0.510535322 0.347831604
10063.488152631 71.671762945 59.609705995 1.184624963 0.388697742 0.682578932 0.507835971 0.353698593
10063.521521576 71.765547348 59.625474944 1.183985478 0.395031714 0.677427336 0.504132005 0.361791473
10063.554897281 71.831305830 59.634413806 1.182049373 0.399555862 0.673470205 0.501535581 0.367770387
10063.588267804 71.905105250 59.649566601 1.179698990 0.404248315 0.668716216 0.499025713 0.374666865
10063.621647987 71.979793605 59.668706983 1.177303281 0.405610975 0.665807105 0.498736604 0.378737949
10063.654995834 72.040993310 59.679177591 1.174972668 0.404859228 0.665037695 0.499698313 0.379625429
10063.688360295 72.117849890 59.698766506 1.175877980 0.401903603 0.665420128 0.501979968 0.379085293
10063.721770261 72.203159083 59.717598988 1.176375245 0.398868799 0.666056204 0.504290177 0.378106111
10063.755090670 72.268614788 59.734263579 1.177590806 0.397197779 0.666318689 0.505558329 0.377709021
10063.788451306 72.366283236 59.757167320 1.178962663 0.395801840 0.666437193 0.506687375 0.377452349
10063.821817462 72.434487081 59.776303409 1.180746491 0.394723900 0.666632175 0.507589372 0.377024687
10063.855190007 72.518420114 59.796837903 1.181126018 0.392476278 0.667596942 0.509402641 0.375214130
10063.888564691 72.609623940 59.820861242 1.180340343 0.387812710 0.670006089 0.512933650 0.370934244
10063.921923667 72.693183848 59.850442775 1.179836412 0.380263950 0.674016432 0.518153715 0.364167414
10063.955283579 72.752526549 59.868166769 1.177491967 0.374103378 0.677204613 0.522095444 0.358966463
10063.988701856 72.847288210 59.896732174 1.174098940 0.364112372 0.682157548 0.528135881 0.350935538
10064.022037617 72.938298080 59.925975108 1.172105605 0.354532472 0.686561812 0.533563892 0.343873782
10064.055383248 73.001588929 59.949497314 1.171688800 0.348154360 0.689355918 0.536858162 0.339647278
10064.088747236 73.083862481 59.977835748 1.172446512 0.341579612 0.691985072 0.540060145 0.335879544
10064.122110958 73.163115721 60.010035551 1.175424109 0.337133336 0.693367386 0.542054427 0.334304921
10064.155490482 73.240501227 60.046516188 1.180572083 0.335289343 0.693109921 0.542784525 0.335506563
10064.188855036 73.324657387 60.084005803 1.185806402 0.336495729 0.690854041 0.542297892 0.339712106
10064.222203449 73.379021248 60.121228802 1.193325935 0.339142334 0.687504247 0.541509814 0.345090581
10064.255579386 73.434552212 60.144891655 1.194434068 0.341126884 0.684874601 0.541156413 0.348896785
10064.288943035 73.444676988 60.181505607 1.199428507 0.341993453 0.681928214 0.541815473 0.352775258
10064.322305259 73.492114345 60.215361901 1.200768558 0.341060540 0.679571534 0.543874872 0.355049803
10064.355691317 73.543779151 60.239348632 1.199861396 0.339377100 0.678445254 0.545978663 0.355587571
10064.389045998 73.604908736 60.273811566 1.200703400 0.335767563 0.677430477 0.549643125 0.355303431
10064.422402809 73.654641957 60.301360627 1.202121107 0.332642025 0.676708352 0.552646580 0.354960346
10064.455787750 73.728200021 60.335710275 1.203217315 0.329641714 0.675532765 0.555928698 0.354873367
10064.489144198 73.808923294 60.376472871 1.205757694 0.326915860 0.674024674 0.559241256 0.355057710
10064.522504956 73.859533184 60.408200892 1.207995306 0.324930881 0.673260535 0.561521774 0.354730138
10064.555868624 73.927147437 60.446080407 1.212087988 0.321369560 0.672888900 0.565132916 0.352940393
10064.589237067 73.983086850 60.481830832 1.217414754 0.314719943 0.674127429 0.570349644 0.348144869
10064.622595160 74.038828195 60.514346140 1.218293984 0.307111295 0.676152180 0.575820382 0.341952878
10064.655970758 74.097449131 60.548126355 1.218701488 0.295688031 0.679596251 0.583163158 0.332623293
10064.689317571 74.163389270 60.586164432 1.216780736 0.280796289 0.684099833 0.592085381 0.320305735
10064.722694902 74.226815933 60.620930399 1.213768943 0.266518443 0.687846976 0.600448050 0.308701466
10064.756053855 74.268606868 60.644526037 1.211520416 0.257620364 0.689742343 0.605689967 0.301706665
10064.789424900 74.319720284 60.671592197 1.209812352 0.248419679 0.691043285 0.611434477 0.294779106
10064.822779152 74.368963617 60.698665610 1.208634061 0.241484597 0.691311538 0.616292795 0.289752891
10064.856147072 74.420764226 60.725566457 1.207207504 0.238052958 0.689819192 0.620423834 0.287323055
10064.889512557 74.468011292 60.746982136 1.207023783 0.238520274 0.686775900 0.623346007 0.287900499
10064.922904415 74.514306586 60.766361786 1.207793251 0.241285682 0.682581037 0.625817485 0.290201350
10064.956245288 74.558797979 60.784768017 1.209496002 0.245660051 0.677385170 0.628258723 0.293413441
10064.989631691 74.597612853 60.802716602 1.209787834 0.250052179 0.671934718 0.631085526 0.296156549
10065.022979659 74.642301919 60.817764206 1.211218932 0.252811939 0.667287646 0.634265018 0.297525138
10065.056345348 74.676089709 60.830788007 1.212491601 0.254440980 0.663691525 0.637107119 0.298107138
10065.089721830 74.715110658 60.842383169 1.213178108 0.256723004 0.659542278 0.639939789 0.299289742
10065.123090805 74.747643566 60.853578318 1.213469913 0.261270052 0.654575713 0.641955713 0.301929557
10065.156442854 74.790950324 60.867639896 1.215107569 0.270162657 0.647912859 0.642340589 0.307603044
10065.189810228 74.850756897 60.883035268 1.217979233 0.284963085 0.639211906 0.640078371 0.317023436
10065.223174989 74.916386095 60.901914863 1.222885248 0.300698532 0.630743193 0.636178989 0.327138673
10065.256543752 74.961047334 60.919598750 1.225971764 0.319536411 0.621179268 0.630318062 0.338721036
10065.289912615 75.027135954 60.946410212 1.231176250 0.339066499 0.611603516 0.623337386 0.349893629
10065.323281183 75.079496798 60.973121534 1.236550727 0.353248152 0.604931708 0.618032479 0.356804186
10065.356667905 75.116573852 60.994040154 1.239049026 0.358558032 0.602948730 0.616183363 0.358060092
10065.390023487 75.164606751 61.024336327 1.240276898 0.359138276 0.603957379 0.616783509 0.354729878
10065.423382409 75.224191247 61.062322882 1.241025066 0.352240808 0.609077967 0.620711570 0.345930035
10065.456748463 75.260780116 61.088395542 1.240053348 0.344612151 0.613920005 0.624630626 0.337907197
10065.490112850 75.300385691 61.117074292 1.238051777 0.335000578 0.619543733 0.629255361 0.328599858
10065.523479410 75.367354422 61.166655035 1.232982790 0.318235172 0.628581250 0.636797615 0.313210448
10065.556850172 75.402152765 61.194507388 1.230891667 0.310019854 0.632595774 0.640335957 0.306072115
10065.590228054 75.450479674 61.229146455 1.227025725 0.302512728 0.636244505 0.643485017 0.299342635
10065.623589394 75.515341268 61.273968467 1.221946268 0.298509305 0.638294162 0.645241898 0.295187484
10065.656953711 75.550634510 61.302027652 1.221024601 0.299485395 0.637837097 0.645112905 0.295468570
10065.690320195 75.602512227 61.341129404 1.219939053 0.304263860 0.635486553 0.643694370 0.298727135
10065.723695569 75.645439997 61.378867958 1.220358263 0.310805375 0.631957273 0.641722976 0.303680171
10065.757062345 75.677648344 61.406407419 1.221211256 0.315324183 0.629154552 0.640538269 0.307320573
10065.790421001 75.717680809 61.439175096 1.220752067 0.319484331 0.626215266 0.639693331 0.310767832
10065.823790290 75.761887978 61.478336236 1.221939398 0.322571284 0.622997196 0.639745752 0.313922973
10065.857158567 75.803872825 61.515197874 1.222366585 0.322680515 0.620937704 0.641157934 0.315008186
10065.890537594 75.837021435 61.544819871 1.222480059 0.321063869 0.619617201 0.643303534 0.314885820
10065.923892756 75.883299255 61.582249554 1.224028376 0.318424647 0.617758752 0.646501454 0.314667663
10065.957256810 75.917783051 61.609966392 1.223450873 0.317429400 0.615787454 0.648559933 0.315300494
10065.990647860 75.959781832 61.644441985 1.222959671 0.318357877 0.612169174 0.650285703 0.317845353
10066.023985710 75.999032530 61.676763541 1.225480931 0.321664938 0.607306819 0.650991585 0.322366331
10066.057352778 76.028151022 61.698757219 1.227133777 0.325138593 0.603507366 0.650904151 0.326171029
10066.090719931 76.074141291 61.730482778 1.228749641 0.330783721 0.597926217 0.650405838 0.331720688
10066.124089120 76.118694745 61.761645943 1.231172138 0.335745837 0.592868043 0.650015624 0.336544062
10066.157460432 76.149568167 61.783736378 1.231725870 0.337962603 0.590296836 0.650074436 0.338724301
10066.190820138 76.192574128 61.814351340 1.233013546 0.339160232 0.587745858 0.650935252 0.340306393
10066.224203608 76.220949012 61.836551368 1.231176299 0.338552095 0.586923944 0.652041197 0.340213228
10066.257564177 76.259611433 61.867334333 1.231390680 0.335799188 0.587036052 0.653962935 0.339057604
10066.290943848 76.296746772 61.900256386 1.229554226 0.331256679 0.588318110 0.656335024 0.336712267
10066.324301455 76.334575172 61.933322401 1.230361642 0.326651849 0.590004023 0.658220185 0.334574372
10066.357663946 76.368012949 61.966229425 1.232013605 0.323534012 0.591299969 0.659013842 0.333752671
10066.391035539 76.395496965 61.991592943 1.233739796 0.322464820 0.591824973 0.658822283 0.334234709
10066.424401551 76.425558627 62.022983503 1.238003509 0.322515077 0.592115118 0.657696724 0.335884996
10066.457769081 76.467306020 62.063833917 1.240932602 0.323589547 0.592710361 0.655269647 0.338534966
10066.491130328 76.493833810 62.091876729 1.242806410 0.323848542 0.593568255 0.653691857 0.339832024
10066.524508181 76.529149082 62.133755174 1.245499636 0.322526345 0.596023444 0.651811618 0.340403328
10066.557867080 76.564974877 62.181041089 1.248550635 0.318685456 0.600073320 0.650650158 0.339125290
10066.591240897 76.588865071 62.214079036 1.250643319 0.314776027 0.603547559 0.650268075 0.337339337
10066.624614617 76.629290289 62.270662386 1.252650276 0.307500550 0.609762765 0.649997459 0.333370792
10066.657974794 76.666952009 62.325639875 1.256379042 0.300029103 0.616078998 0.649794940 0.328931210
10066.691336616 76.689330483 62.363200770 1.258639854 0.295772051 0.620026870 0.649251817 0.326431697
10066.724745802 76.691661678 62.395114757 1.263683264 0.292693858 0.623579870 0.648120118 0.324682560
10066.758070987 76.744232035 62.471105967 1.265773520 0.289958120 0.628517436 0.645631533 0.322567892
10066.791443126 76.766250324 62.510575099 1.267901985 0.289238676 0.630649521 0.644282413 0.321748880
10066.824817655 76.803900781 62.556490681 1.269274216 0.289079676 0.632448874 0.642920342 0.321083785
10066.858178129 76.854472556 62.634954506 1.271650305 0.288650342 0.634816011 0.641364050 0.319909000
10066.891546933 76.874997523 62.675866610 1.272966146 0.287831648 0.635914143 0.641120280 0.318952869
10066.924928961 76.910999388 62.737284488 1.273914984 0.286328037 0.637094576 0.641411005 0.317362063
10066.958273390 76.949347100 62.799714507 1.274462412 0.284536566 0.637512323 0.642458266 0.316013222
10066.991655325 76.965413971 62.837603837 1.276293229 0.283150629 0.637363169 0.643668987 0.315093870
10067.025029581 76.994866272 62.893023451 1.279286398 0.280318213 0.636699399 0.646441621 0.313287097
10067.058377534 77.031047369 62.948548752 1.284462126 0.277144044 0.635659011 0.650111727 0.310618003
10067.091760648 77.043677148 62.985228751 1.287603028 0.274540202 0.634883479 0.653142100 0.308149384
10067.125128765 77.063359592 63.020796692 1.291325352 0.271380666 0.634031608 0.656867668 0.304764370
10067.158486000 77.085180313 63.087311433 1.297061496 0.263740985 0.633512448 0.664554709 0.295752785
10067.191847208 77.096179830 63.122902167 1.300228543 0.258403223 0.633752652 0.669300187 0.289175744
10067.225237380 77.115947788 63.165959577 1.303241040 0.251914280 0.634390874 0.674624918 0.281013583
10067.258574636 77.142725732 63.236388824 1.306537052 0.239467259 0.635869645 0.684059302 0.265307554
10067.291940908 77.153277451 63.271821999 1.308270380 0.232231195 0.636681389 0.689365159 0.255892865
10067.325340939 77.170365888 63.309002024 1.307616647 0.224470493 0.637497407 0.694945130 0.245481812
10067.358678561 77.187661319 63.364418220 1.306625714 0.213528168 0.638672499 0.702363026 0.230628143
10067.392049874 77.203129888 63.415793428 1.306352566 0.204821264 0.639370391 0.708509618 0.217411760
10067.425456095 77.219438992 63.469771159 1.303865771 0.198315735 0.639632740 0.713912662 0.204620474
10067.458784506 77.243462451 63.511833909 1.297364247 0.193191054 0.639816520 0.718706043 0.191764599
10067.492145723 77.254231170 63.549663560 1.295256629 0.188790131 0.640340566 0.721968419 0.181889657
10067.525554046 77.264315729 63.608073361 1.290053175 0.179882527 0.641946451 0.726861722 0.164982021
10067.558883329 77.276911270 63.659764168 1.283328566 0.168774790 0.644044103 0.731710463 0.146020755
10067.592249566 77.285234490 63.699640557 1.278951346 0.160897229 0.645355790 0.734996964 0.131937290
10067.625634112 77.292333401 63.751017465 1.270990944 0.149137172 0.646911225 0.739598991 0.110712708
10067.658986331 77.301137330 63.801622028 1.265278664 0.136889832 0.648235754 0.743804485 0.088354227
10067.692366935 77.305003120 63.841449021 1.260267511 0.129074044 0.648923522 0.746327971 0.072337504
10067.725770498 77.304344373 63.882481879 1.255836072 0.121538467 0.649446267 0.748624305 0.054859791
10067.759081779 77.313760846 63.951618129 1.245934287 0.111271475 0.650173665 0.751159661 0.025534835
10067.792448399 77.320333952 63.980358821 1.243756733 0.107793584 0.650438221 0.751724386 0.014869797
10067.825831582 77.329378024 64.038910322 1.238464854 0.100555114 0.651239761 0.752119799 -0.009552573
10067.859186719 77.347541552 64.111692341 1.233263275 0.093087329 0.652691188 0.750768549 -0.040933460
10067.892547348 77.355074319 64.154909741 1.230914592 0.090099092 0.653578468 0.749325184 -0.056825240
10067.925936941 77.366982030 64.204690661 1.227358849 0.088073437 0.655183310 0.746390448 -0.076675934
10067.959285062 77.376141753 64.281126530 1.224613274 0.087857603 0.657544236 0.741514641 -0.100362626
10067.992675462 77.386533554 64.328234037 1.221731678 0.088457445 0.659070471 0.738091168 -0.114117579
10068.026046943 77.397511513 64.366868266 1.223344094 0.089451423 0.660688991 0.734172473 -0.128371647
10068.059390882 77.413317650 64.455995090 1.218344668 0.089798544 0.663143433 0.726991339 -0.153820033
10068.092761332 77.423397365 64.503878320 1.214580018 0.089408968 0.664303696 0.722893142 -0.167726390
10068.126143309 77.438985235 64.575905558 1.208759580 0.087568434 0.665836097 0.716611340 -0.188314231
10068.159494621 77.457951445 64.645700772 1.200242352 0.084986156 0.667245162 0.709816939 -0.209096057
10068.192867264 77.465454638 64.697005441 1.194782001 0.083195233 0.668265417 0.704712088 -0.223340008
10068.226240881 77.479176877 64.773981649 1.187562457 0.081543733 0.670126117 0.696691029 -0.242699849
10068.259603758 77.489574556 64.853501770 1.178949759 0.080298459 0.672540147 0.687614148 -0.261588783
10068.292968521 77.495028591 64.909068918 1.173057997 0.078875953 0.674052470 0.681278854 -0.274392009
10068.326357858 77.506486143 64.989339607 1.167962193 0.075064014 0.675734792 0.672061293 -0.293396495
10068.359727132 77.521426617 65.058750691 1.162472163 0.068922001 0.676526626 0.662861587 -0.313330494
10068.393079940 77.523295446 65.114989903 1.158269060 0.063990993 0.676719761 0.656224270 -0.327605289
10068.426477554 77.528217686 65.191454616 1.153158574 0.056829871 0.676828684 0.646277704 -0.347848282
10068.459822266 77.535823418 65.263484230 1.147557159 0.050469339 0.676977007 0.636277904 -0.366477021
10068.493199693 77.533164940 65.317223277 1.142934825 0.046436713 0.677222578 0.629019010 -0.378877680
10068.526556011 77.536337097 65.379146635 1.136636037 0.041068352 0.677394563 0.619855470 -0.393991362
10068.559919133 77.531761601 65.445713477 1.129714500 0.034613192 0.677516238 0.609783927 -0.409801461
10068.593291387 77.521451672 65.515063273 1.122575425 0.027377986 0.677740847 0.599082727 -0.425461721
10068.626674197 77.514460843 65.576643423 1.115450870 0.020925179 0.678427672 0.588637607 -0.439094293
10068.660032425 77.504793318 65.662169571 1.104334610 0.013407181 0.680914759 0.574009040 -0.454630575
10068.693394166 77.493831235 65.716671676 1.099091020 0.009376919 0.683271524 0.564909524 -0.462524948
10068.726806668 77.484872164 65.766528038 1.095617247 0.005012529 0.686090890 0.555483962 -0.469778388
10068.760126418 77.462352224 65.858357531 1.088391048 -0.003534136 0.690823945 0.539921082 -0.480869018
10068.793507304 77.449320715 65.913621040 1.084781026 -0.009623350 0.692856805 0.531629423 -0.487059539
10068.826866417 77.442956494 65.983594727 1.079053385 -0.020062864 0.694585449 0.520203358 -0.496524926
10068.860229199 77.428468219 66.045844487 1.075770906 0.030933836 -0.695264573 -0.510495135 0.505019790
10068.893603056 77.416739102 66.099907116 1.072971598 0.039650645 -0.695521779 -0.503365569 0.511175494
10068.926986739 77.404467512 66.148687487 1.073513427 0.048323689 -0.696145128 -0.496109244 0.516645333
10068.960334371 77.389186520 66.219365057 1.069162106 0.057979254 -0.698738615 -0.487078947 0.520727235
10068.993734771 77.378248499 66.268949179 1.067426492 0.062429421 -0.701680641 -0.481879030 0.521094469
10069.027070097 77.367067394 66.323775642 1.063004486 0.066453076 -0.706436040 -0.476225445 0.519366379
10069.060429430 77.350518342 66.397184430 1.058648322 0.071741700 -0.713330825 -0.469392979 0.515443978
10069.093807831 77.339226319 66.429258209 1.059258949 0.076567896 -0.716392371 -0.465727913 0.513825689
10069.127171377 77.320199700 66.496038740 1.060358197 0.087147204 -0.717773875 -0.460076532 0.515301478
10069.160535787 77.303598683 66.541180525 1.064145038 0.098488055 -0.715964941 -0.455812923 0.519546807
10069.193910481 77.278976934 66.605280653 1.071613915 0.115067124 -0.711379716 -0.450075424 0.527380858
10069.227286323 77.252112360 66.670649366 1.080098197 0.132735573 -0.705646162 -0.443979420 0.536028950
10069.260667027 77.225523350 66.738097429 1.089323526 0.147227611 -0.701668784 -0.438647987 0.541823672
10069.294010568 77.209001085 66.783302676 1.094256691 0.154813311 -0.700680305 -0.435450467 0.543564935
10069.327377486 77.185148936 66.846665643 1.099162913 0.163468006 -0.700674833 -0.431515323 0.544175997
10069.360747105 77.161038498 66.901940000 1.102305596 0.171793279 -0.699624867 -0.427649488 0.546011016
10069.394126637 77.142184055 66.941941312 1.105367408 0.178944422 -0.697131274 -0.424168266 0.549607280
10069.427489191 77.113669875 66.999200982 1.110141619 0.190976755 -0.691157150 -0.418208156 0.557612420
10069.460843851 77.086886906 67.055540680 1.113847562 0.202550569 -0.684530693 -0.411827131 0.566382743
10069.494226138 77.064611540 67.100476435 1.116728526 0.210701092 -0.680248032 -0.406776033 0.572189587
10069.527588412 77.034866203 67.161834219 1.120214650 0.217884777 -0.678375823 -0.401028918 0.575767552
10069.560946558 77.018784532 67.209000523 1.118853535 0.220067711 -0.680120381 -0.397839373 0.575091561
10069.594314836 76.993497482 67.271158198 1.119651341 0.220318393 -0.685496551 -0.395018939 0.570538624
10069.627682270 76.971445831 67.334624948 1.118270112 0.218650885 -0.692624355 -0.393251058 0.563752516
10069.661044542 76.947618253 67.402199891 1.117878849 0.216967313 -0.699725331 -0.392028508 0.556438043
10069.694420907 76.930630919 67.447071889 1.119443941 0.215835828 -0.704070014 -0.391603073 0.551676847
10069.727798180 76.910057162 67.514037035 1.119437363 0.212897502 -0.710979523 -0.392248750 0.543436923
10069.761147692 76.891530740 67.578414208 1.119805889 0.208959977 -0.717874966 -0.394025239 0.534542208
10069.794545883 76.880937358 67.624924425 1.119628012 0.206273073 -0.721799415 -0.395510074 0.529177480
10069.827883331 76.864531681 67.689581467 1.120470421 0.204098471 -0.724954723 -0.397391723 0.524275006
10069.861263680 76.851492504 67.735991940 1.120962244 0.203989045 -0.724941592 -0.398450893 0.523531321
10069.894616594 76.837306632 67.795251808 1.120618944 0.205600068 -0.722301967 -0.399389205 0.525829576
10069.927987371 76.822289355 67.856808488 1.120091748 0.207898628 -0.718319914 -0.400398390 0.529599652
10069.961344400 76.812349894 67.895520582 1.116919040 0.208579846 -0.716262248 -0.401551935 0.531242772
10069.994737602 76.799052395 67.957773648 1.118887619 0.208553546 -0.714981423 -0.403580110 0.531441509
10070.028080987 76.784904183 68.024288283 1.122123419 0.208287623 -0.713800175 -0.405871849 0.531388388
10070.061447120 76.769756129 68.063847039 1.119379042 0.208718139 -0.711874817 -0.407190861 0.532791315
10070.094820340 76.756496935 68.127326920 1.124298698 0.210877250 -0.707846899 -0.408691601 0.536148047
10070.128191506 76.743672588 68.187951080 1.127643038 0.213228806 -0.702781449 -0.410299524 0.540634824
10070.161567707 76.735057545 68.246365337 1.132058629 0.214195564 -0.698832503 -0.412301171 0.543839257
10070.194925764 76.728088571 68.294533643 1.134886787 0.213488542 -0.696899414 -0.414463861 0.544952802
10070.228284984 76.717111940 68.355388043 1.136573864 0.210358005 -0.696749409 -0.417377439 0.544137707
10070.261652126 76.706561037 68.402808292 1.135687007 0.206865812 -0.697666370 -0.419531423 0.542643121
10070.295017187 76.694128953 68.457321043 1.135943552 0.203387503 -0.698733590 -0.421255329 0.541247487
10070.328381393 76.678272139 68.519501350 1.135331913 0.200245081 -0.699296041 -0.422620480 0.540628232
10070.361749524 76.666373642 68.573268107 1.136979143 0.198280130 -0.699425355 -0.423237278 0.540702662
10070.395123717 76.651478849 68.635950510 1.136559896 0.195876728 -0.699537666 -0.423857814 0.540947239
10070.428486918 76.636872778 68.703681794 1.135571677 0.192877200 -0.700161298 -0.424639719 0.540604895
10070.461849963 76.624021085 68.764704493 1.135036991 0.190369171 -0.700773695 -0.425426965 0.540081201
10070.495216932 76.613291189 68.822535379 1.135111259 0.188339151 -0.701212721 -0.426264588 0.539562401
10070.528579967 76.601463722 68.887008511 1.133711732 0.185526629 -0.702066275 -0.427772803 0.538231589
10070.561949030 76.592990279 68.951975451 1.132185916 0.181307574 -0.703973906 -0.430189280 0.535243390
10070.595319011 76.585335776 69.033099258 1.130514607 0.175350574 -0.706831448 -0.433797927 0.530528829
10070.628736125 76.581671719 69.080870433 1.128371535 0.171427339 -0.708474748 -0.436303547 0.527556076
10070.662062181 76.576014015 69.155742793 1.125335170 0.166085082 -0.710537495 -0.439825957 0.523550706
10070.695426207 76.571117831 69.225947815 1.120748951 0.160841719 -0.712166801 -0.443139079 0.520169343
10070.728815119 76.567903689 69.272696779 1.118278431 0.157410850 -0.713081250 -0.445358217 0.518066611
10070.762149231 76.563432794 69.338283456 1.114721153 0.152653773 -0.714142783 -0.448469830 0.515336515
10070.795517421 76.561436588 69.389645081 1.113216818 0.149794020 -0.714543320 -0.450312680 0.514011757
10070.828881959 76.556939226 69.453728628 1.113234811 0.147611382 -0.713899929 -0.452222459 0.513860505
10070.862247508 76.552308159 69.523952746 1.114550937 0.146848561 -0.711957096 -0.454039596 0.515170494
10070.895621732 76.548826027 69.589197184 1.115136035 0.146575619 -0.709419391 -0.455889396 0.517111761
10070.928997913 76.546051582 69.635679571 1.115700602 0.146491592 -0.707786850 -0.457233965 0.518184417
10070.962349856 76.545754561 69.685465825 1.115044862 0.145724885 -0.706329037 -0.459046945 0.518786518
10070.995740353 76.543563615 69.765526243 1.112408551 0.143629756 -0.704625555 -0.462474566 0.518643034
10071.029094174 76.541508815 69.811655052 1.110757955 0.142486352 -0.703741665 -0.464431257 0.518409988
10071.062476443 76.539839123 69.874499142 1.107774035 0.140926572 -0.702327681 -0.467086793 0.518368072
10071.095829017 76.538874504 69.938592492 1.104998779 0.139995271 -0.700577138 -0.469384021 0.518913903
10071.129193027 76.537085476 69.970555007 1.103439328 0.139823183 -0.699618340 -0.470358069 0.519371681
10071.162562991 76.533215836 70.044271472 1.100104624 0.139708816 -0.697342466 -0.472324226 0.520677210
10071.195935654 76.529580710 70.118020522 1.097401625 0.139534334 -0.695455383 -0.474161281 0.521577472
10071.229321477 76.527748016 70.166475030 1.095911713 0.139285907 -0.694463414 -0.475428536 0.521811949
10071.262674977 76.525339996 70.238789683 1.093674121 0.138650288 -0.693531747 -0.477282406 0.521527869
10071.296029847 76.525074121 70.293678996 1.092148768 0.137732405 -0.693446464 -0.478856600 0.520440335
10071.329415100 76.524566061 70.361079050 1.089031837 0.135779943 -0.694051673 -0.481148562 0.518027165
10071.362778167 76.528172461 70.411799693 1.086812351 0.134030009 -0.694457951 -0.483419025 0.515819889
10071.396130544 76.531291620 70.485641469 1.083304987 0.132268765 -0.694706775 -0.486404270 0.513126063
10071.429497935 76.534648544 70.550707358 1.081604018 0.130443914 -0.694744559 -0.489486015 0.510605350
10071.462862025 76.540229738 70.620476857 1.081487048 0.128712276 -0.694626854 -0.492728633 0.508079894
10071.496238252 76.545147343 70.689860620 1.083142461 0.127578833 -0.694159460 -0.495350085 0.506452938
10071.529606497 76.547701262 70.738057720 1.084608824 0.127140607 -0.693669450 -0.496796065 0.505817782
10071.562963880 76.551632207 70.807679340 1.087943934 0.126735627 -0.693038298 -0.498352248 0.505253436
10071.596335575 76.556743042 70.878262833 1.091890971 0.126245996 -0.692691772 -0.499434606 0.504782262
10071.629717052 76.558636446 70.929620466 1.094462907 0.125956562 -0.692648427 -0.499905057 0.504448248
10071.663074192 76.562905938 71.007404262 1.097935529 0.125612499 -0.692692128 -0.500459244 0.503924262
10071.696431235 76.566334973 71.063527858 1.099657665 0.125480126 -0.692658763 -0.500766403 0.503697911
10071.729807818 76.570281103 71.136780955 1.100324535 0.125328002 -0.692340011 -0.501281603 0.503661549
10071.763164993 76.575006227 71.210683350 1.099051742 0.124754371 -0.691984959 -0.501991787 0.503584561
10071.796535069 76.579526990 71.287540881 1.096578677 0.124220376 -0.690988278 -0.503082236 0.503996786
10071.829910326 76.582814079 71.334848557 1.095151060 0.124254171 -0.689806783 -0.503709178 0.504979768
10071.863264633 76.587401242 71.406177869 1.094058865 0.125617048 -0.686990946 -0.504118527 0.508063291
10071.896633892 76.590293030 71.458974403 1.093390472 0.127663015 -0.684217056 -0.503888515 0.511512990
10071.930004565 76.591901331 71.525010322 1.094403220 0.131429068 -0.680053638 -0.502889604 0.517064306
10071.963367350 76.593078292 71.594065317 1.095825683 0.134932643 -0.676444912 -0.501502414 0.522217188
10071.996758865 76.594629312 71.666191972 1.097337746 0.135432447 -0.676088958 -0.500159969 0.523833732
10072.030102260 76.595418847 71.718084343 1.098276396 0.133392384 -0.678200374 -0.499530993 0.522225537
10072.063472889 76.595344274 71.773425516 1.099391831 0.129489365 -0.682330116 -0.499094989 0.518229977
10072.096840821 76.597656521 71.870440590 1.098981668 0.120967569 -0.691291569 -0.498594645 0.508808602
10072.130209540 76.598627045 71.924930884 1.097309589 0.116388935 -0.696203858 -0.498298402 0.503440668
10072.163578472 76.600606137 71.991292008 1.094299587 -0.111135721 0.701799276 0.498198824 -0.496915043
10072.196945508 76.605769364 72.076468570 1.088026792 -0.104196381 0.708404031 0.498607687 -0.488566492
10072.230302620 76.610681228 72.128062081 1.083992746 -0.099498690 0.712149667 0.499379890 -0.483283134
10072.263674146 76.616774388 72.180754390 1.080453999 -0.094414161 0.715929921 0.500387568 -0.477642750
10072.297042163 76.627954050 72.267986426 1.077009815 -0.086206586 0.721317786 0.502055505 -0.469264687
10072.330406939 76.634174151 72.319273290 1.076440214 -0.082228344 0.723628215 0.502778975 -0.465632911
10072.363782241 76.642053894 72.374992563 1.077417158 -0.078352481 0.725601606 0.503543711 -0.462392613
10072.397143228 76.655495111 72.472288614 1.080687457 -0.072233509 0.728335858 0.504280744 -0.458268622
10072.430533069 76.662631429 72.524524903 1.083350824 -0.069112460 0.729570497 0.504452762 -0.456593658
10072.463880676 76.672849966 72.601445679 1.087421571 -0.065165566 0.730802149 0.504629474 -0.455006332
10072.497244810 76.681394587 72.662446624 1.090585452 -0.062680215 0.731194232 0.504806378 -0.454529104
10072.530612962 76.690876114 72.734437012 1.093028953 -0.060150302 0.731609111 0.504816727 -0.454191723
10072.563977104 76.698941033 72.795865495 1.093607966 -0.057372997 0.732255462 0.505053249 -0.453245510
10072.597345142 76.711403663 72.889870602 1.091914141 -0.050055378 0.735177987 0.505820225 -0.448501601
10072.630709466 76.718860423 72.939225752 1.090210391 -0.044926249 0.737338666 0.506719083 -0.444464954
10072.664079588 76.727247246 72.998648938 1.088449133 -0.038256558 0.740197271 0.507957545 -0.438889017
10072.697448427 76.736792522 73.077803645 1.086155765 -0.029960675 0.743637959 0.509315999 -0.432090451
10072.730830524 76.740693775 73.123483056 1.085589423 -0.026363087 0.744914699 0.510042255 -0.429259801
10072.764180062 76.746342027 73.192966195 1.085974761 -0.022569992 0.745829589 0.510852823 -0.426917102
10072.797547716 76.750291968 73.248743766 1.087669104 -0.020497067 0.745996894 0.511435280 -0.426031053
10072.830914254 76.755843883 73.311152062 1.089601272 -0.018214939 0.746285504 0.512078526 -0.424854970
10072.864292805 76.762835094 73.379448075 1.092074866 -0.015252429 0.747007197 0.512837942 -0.422782279
10072.897655781 76.768706869 73.432790182 1.093503011 -0.012460354 0.748044182 0.513530683 -0.420191479
10072.931017822 76.778707763 73.503830178 1.094756536 -0.007380260 0.750281712 0.514596398 -0.414986062
10072.964398448 76.790314131 73.576696718 1.093789995 -0.000176675 0.753836488 0.515795659 -0.407044661
10072.997779909 76.800123424 73.631001377 1.091873697 0.006836091 0.757280244 0.516773151 -0.399281117
10073.031138388 76.816774172 73.696969728 1.087391446 0.017520946 0.762013774 0.518677701 -0.387300230
10073.064496551 76.838308652 73.762727654 1.082236558 0.029291906 0.766456836 0.521145428 -0.374290456
10073.097852692 76.856150158 73.809601634 1.078453629 0.037527227 0.769015686 0.523281489 -0.365216465
10073.131221469 76.877056532 73.869001784 1.075152644 0.045918201 0.770816596 0.526257144 -0.356071218
10073.164599081 76.898495563 73.930070561 1.073343674 0.052807791 0.771407040 0.529535383 -0.348905136
10073.197963872 76.918179419 73.978713685 1.073723364 0.058297892 0.771300278 0.532608604 -0.343548122
10073.231332212 76.935229935 74.023665929 1.074743461 0.062482170 0.770971572 0.535048827 -0.339737496
10073.264709181 76.957379665 74.083617319 1.076387010 0.068262287 0.770454236 0.538098461 -0.334948618
10073.298063793 76.978048078 74.126782711 1.078510735 0.073313964 0.770041314 0.540453860 -0.331015199
10073.331435302 76.997975597 74.186489525 1.080765114 0.078896559 0.769620463 0.543008337 -0.326499038
10073.364834402 77.018653605 74.236342638 1.084652519 0.084704354 0.768771911 0.545926499 -0.322147760
10073.398164712 77.039983063 74.289589181 1.087413610 0.090200770 0.767286001 0.549297995 -0.318445797
10073.431534726 77.054886736 74.325471701 1.089075355 0.093863107 0.765914762 0.551893876 -0.316192100
10073.464921297 77.075696938 74.371351948 1.092141492 0.098267176 0.763021946 0.556430619 -0.313888575
10073.498264383 77.086977784 74.403669420 1.093887780 0.100952778 0.760647775 0.559851952 -0.312712793
10073.531629739 77.105830198 74.456265690 1.093692004 0.104500965 0.757511609 0.564277698 -0.311201526
10073.565029167 77.122781321 74.512540709 1.093434379 0.108134435 0.754229118 0.568775632 -0.309741283
10073.598368521 77.141135123 74.566495856 1.092654649 0.112633835 0.751519462 0.572720077 -0.307447281
10073.631741862 77.156059839 74.608683596 1.091524011 0.117869261 0.750185814 0.575240203 -0.304017748
10073.665130181 77.180074818 74.668391718 1.090028625 0.128526796 0.749688471 0.577683459 -0.296192303
10073.698472516 77.206570358 74.724165735 1.087986083 0.141797233 0.749964205 0.579393263 -0.285920762
10073.731858536 77.228698720 74.764396447 1.086410618 0.152034573 0.750170642 0.580298729 -0.278177787
10073.765220281 77.251222411 74.807922065 1.082771858 0.162854683 0.750144501 0.581227657 -0.270066640
10073.798575662 77.294990565 74.876765351 1.076796565 0.179841641 0.748761321 0.583262111 -0.258493285
10073.831940847 77.322066775 74.916457943 1.072350236 0.188855890 0.746986894 0.585133389 -0.252908976
10073.865318948 77.360695848 74.963862337 1.066125731 0.199594987 0.743042955 0.588929572 -0.247408503
10073.898676116 77.386911677 74.975464906 1.064861377 0.206152850 0.739308636 0.592466025 -0.244760601
10073.932048126 77.423475638 75.012865256 1.061254990 0.214204178 0.735561326 0.595735821 -0.241174081
10073.965435283 77.457375429 75.022453264 1.061742048 0.225116209 0.731937412 0.598520510 -0.235294532
10073.998790710 77.494930125 75.042506234 1.061207894 0.237498547 0.729143307 0.600061181 -0.227752183
10074.032138986 77.526212606 75.058753399 1.061822084 0.247872153 0.727095677 0.600781097 -0.221254030
10074.065540210 77.570350797 75.092348297 1.063362086 0.259491466 0.724384060 0.601569113 -0.214584517
10074.098879324 77.611092492 75.124525688 1.066795946 0.267094144 0.721416247 0.602987728 -0.211246578
10074.132243434 77.645846109 75.153900074 1.070233933 0.271030413 0.718467630 0.605021132 -0.210466646
10074.165626536 77.683908954 75.186391449 1.075128538 0.272981369 0.714843786 0.608069126 -0.211498161
10074.198985565 77.725813001 75.214666080 1.080854387 0.272993402 0.710306698 0.612364430 -0.214356716
10074.232346713 77.764622352 75.250654288 1.084295062 0.272457943 0.706177453 0.616614927 -0.216485809
10074.265733810 77.806301921 75.277779654 1.088025219 0.273056569 0.701592169 0.621293426 -0.217262556
10074.299074856 77.846648852 75.305467611 1.091362653 0.274655874 0.697350963 0.625761500 -0.216074827
10074.332437822 77.874624898 75.327925819 1.092600885 0.276908034 0.694907802 0.628292986 -0.213712451
10074.365839936 77.905701862 75.352382893 1.093697289 0.281395886 0.692792292 0.630163312 -0.209163563
10074.399179238 77.958528564 75.390331936 1.094239048 0.291706147 0.690393222 0.631557047 -0.198495390
10074.432544469 77.988955892 75.411131519 1.094325432 0.298366965 0.689429353 0.631637187 -0.191569270
10074.465929125 78.033678024 75.439579070 1.095323734 0.307749070 0.688298105 0.631368655 -0.181410721
10074.499283593 78.079399226 75.468232985 1.096093108 0.315423009 0.687248469 0.631143672 -0.172787536
10074.532644751 78.135073671 75.500633745 1.097352561 0.321802375 0.685766745 0.631646805 -0.164892438
10074.566034268 78.169382060 75.523009045 1.097645994 0.324091241 0.684638509 0.632635015 -0.161269699
10074.599387425 78.217481218 75.553820936 1.099930437 0.325415735 0.682839358 0.634856442 -0.157455737
10074.632743733 78.266127033 75.582132034 1.102177018 0.325852182 0.681060380 0.637433046 -0.153805808
10074.666129865 78.301204246 75.600765511 1.103480367 0.326462511 0.679821311 0.639237073 -0.150469860
10074.699481944 78.353171603 75.621440727 1.108302703 0.327471324 0.678104073 0.641829732 -0.144886141
10074.732872001 78.404416390 75.641796038 1.112533130 0.328074700 0.676592682 0.644473959 -0.138717878
10074.766235205 78.440915266 75.655762919 1.115533644 0.328764877 0.675765291 0.646012819 -0.133874440
10074.799577207 78.480263139 75.668853079 1.119135679 0.330035772 0.675031212 0.647302040 -0.128098873
10074.832946217 78.546588732 75.691079319 1.127539971 0.332433003 0.673898198 0.649238055 -0.117641255
10074.866337390 78.582338396 75.702998034 1.132392543 0.333203928 0.673304279 0.650354015 -0.112588385
10074.899677552 78.626985651 75.716322994 1.140118550 0.333444645 0.672599244 0.651959314 -0.106648856
10074.933045936 78.688591835 75.735806056 1.149924666 0.334090084 0.671696113 0.653767056 -0.098978703
10074.966425377 78.725956495 75.747467247 1.155540107 0.334098042 0.671140640 0.654959198 -0.094748029
10074.999800567 78.778453699 75.763642357 1.164373874 0.333401559 0.670272162 0.656967209 -0.089290065
10075.033153705 78.831147926 75.776502282 1.174072991 0.331433980 0.669492871 0.659369967 -0.084628951
10075.066536996 78.865478429 75.790252567 1.178343116 0.329698279 0.669178298 0.660854036 -0.082288477
10075.099887743 78.923256030 75.808070056 1.186554920 0.327075310 0.668791585 0.663039623 -0.078217742
10075.133252953 78.976580154 75.821407805 1.193024059 0.325453999 0.668428910 0.664723882 -0.073652212
10075.166627415 79.013409875 75.829603599 1.196758368 0.325176179 0.668249360 0.665434143 -0.070004624
10075.199983079 79.063896390 75.841568126 1.201964283 0.325947380 0.667798479 0.666057430 -0.064583257
10075.233357152 79.116949864 75.852893815 1.205156257 0.327165158 0.667298374 0.666457911 -0.059242649
10075.266731517 79.149653985 75.860114563 1.206456702 0.328197580 0.666963516 0.666555170 -0.056126839
10075.300084135 79.206452637 75.872344304 1.206379884 0.330816802 0.666320686 0.666334888 -0.050742532
10075.333458692 79.260273075 75.884523320 1.204535328 0.333373892 0.665578457 0.666151246 -0.045931279
10075.366856149 79.299599512 75.892363445 1.202112794 0.334572155 0.665008762 0.666311482 -0.043056115
10075.400187201 79.356125514 75.904620130 1.197950751 0.334514531 0.664163434 0.667350949 -0.040369210
10075.433557921 79.412199970 75.917159946 1.193725580 0.331819477 0.663415546 0.669471195 -0.039799096
10075.466947150 79.441082055 75.924750771 1.192122715 0.329479436 0.663059718 0.670958836 -0.040116719
10075.500283111 79.507442697 75.939546423 1.187875880 0.323910739 0.662421764 0.674264039 -0.040586276
10075.533662395 79.564105264 75.951682586 1.184790493 0.322721127 0.661724532 0.675673270 -0.037912391
10075.567026539 79.603749909 75.960214914 1.183187448 0.323776906 0.661157242 0.675912668 -0.034375594
10075.600389600 79.658738579 75.970605817 1.181891274 0.325925490 0.660034626 0.676254439 -0.028404240
10075.633789976 79.711267017 75.985910738 1.182989559 0.327548773 0.658565341 0.677100080 -0.023215829
10075.667132661 79.747517069 75.991775915 1.183439574 0.327999088 0.657475129 0.678038397 -0.020173888
10075.700487238 79.800156979 76.002453155 1.184964566 0.328207303 0.655903598 0.679556452 -0.016536802
10075.733878718 79.852975354 76.009845541 1.185530078 0.329363473 0.654296709 0.680628702 -0.012652610
10075.767232981 79.884412893 76.014289682 1.185704883 0.330471568 0.653300949 0.681088868 -0.010216024
10075.800591105 79.940079227 76.020390121 1.185916765 0.332664052 0.651566609 0.681730957 -0.006203674
10075.833964049 79.990925462 76.026193747 1.185999218 0.334226570 0.650193823 0.682297273 -0.003320102
10075.867329556 80.023936437 76.030344325 1.185563987 0.334807355 0.649471379 0.682705147 -0.002155399
10075.900695908 80.079134904 76.037095279 1.185010375 0.334126622 0.648574248 0.683891435 -0.001830092
10075.934069991 80.132048205 76.044705383 1.184938824 0.330602839 0.648022115 0.686114453 -0.004007316
10075.967438078 80.158133745 76.048473781 1.185298956 0.328022290 0.647825928 0.687524673 -0.005724396
10076.000816069 80.218803987 76.059371338 1.185976761 0.320908109 0.647488948 0.691132478 -0.010580410
10076.034177412 80.267531748 76.065891270 1.185873354 0.315247440 0.647111350 0.694025914 -0.013927755
10076.067530042 80.303069223 76.071028506 1.185845354 0.313112969 0.646623034 0.695424899 -0.014937551
10076.100895268 80.344290766 76.075195924 1.185781067 0.313313631 0.645842899 0.696081826 -0.013842328
10076.134261198 80.397273936 76.079197694 1.185074322 0.317461749 0.644424306 0.695591750 -0.009352431
10076.167626994 80.430123147 76.081549299 1.184930292 0.320880849 0.643489067 0.694926053 -0.005923048
10076.200997989 80.466418074 76.087440424 1.186118994 0.323714378 0.642747626 0.694317227 -0.002842497
10076.234373304 80.512636620 76.095027505 1.187346774 0.324301201 0.642306958 0.694454949 -0.001681067
10076.267732293 80.541190104 76.099736865 1.188123951 0.322989783 0.642307758 0.695063070 -0.002381737
10076.301095957 80.575058469 76.108391877 1.189059184 0.320515715 0.642609019 0.695922285 -0.003936723
10076.334499978 80.618691058 76.118968931 1.189676174 0.319144854 0.643067076 0.696124274 -0.004721553
10076.367827856 80.646877649 76.124876697 1.189293613 0.320544670 0.643329343 0.695244842 -0.003616866
10076.401194147 80.688022983 76.135043760 1.187570684 0.325294494 0.643657735 0.692739640 -0.000066218
10076.434574037 80.729290396 76.145508038 1.184450079 0.331577246 0.643946879 0.689467882 0.004794363
10076.467931315 80.758776005 76.151866618 1.181453639 0.335655712 0.644113906 0.687307237 0.007828235
10076.501292431 80.804233447 76.164113718 1.176260416 0.340039832 0.644385121 0.684848883 0.011078604
10076.534691712 80.845314131 76.173039992 1.170513627 0.342232987 0.644675184 0.683453334 0.012729096
10076.568034923 80.874351058 76.180090144 1.166894061 0.343050678 0.644806081 0.682906652 0.013410980
10076.601405542 80.914564423 76.188238738 1.162069797 0.344216765 0.644808387 0.682294379 0.014537628
10076.634764232 80.955244494 76.195920135 1.158563836 0.346838084 0.644537813 0.681160473 0.017168615
10076.668123689 80.981669319 76.200180511 1.156815965 0.350021112 0.644196402 0.679774235 0.020079967
10076.701496521 81.021602316 76.204912470 1.154497166 0.356425593 0.643139669 0.677243747 0.025943623
10076.734877400 81.062040342 76.208188097 1.153228365 0.363489853 0.641699991 0.674569798 0.032432020
10076.768227360 81.087314617 76.208755606 1.152068954 0.368274479 0.640764432 0.672628158 0.036962310
10076.801591477 81.126577369 76.207372964 1.150579092 0.374886533 0.639219717 0.670079153 0.043036835
10076.834978460 81.164456996 76.206045022 1.148569256 0.379883199 0.637976975 0.668112290 0.047959386
10076.868329349 81.189550075 76.206396106 1.147292014 0.381886360 0.637405413 0.667356115 0.050129460
10076.901695315 81.219785693 76.206273937 1.146063420 0.382990867 0.636999543 0.666980656 0.051830326
10076.935073326 81.260752923 76.210449085 1.144587830 0.384281008 0.636642342 0.666417484 0.053873674
10076.968427419 81.286628988 76.211003355 1.143154442 0.386343368 0.636261820 0.665402328 0.056119868
10077.001815543 81.318233095 76.209298911 1.141184297 0.390973301 0.635439057 0.663084559 0.060629612
10077.035159614 81.366567088 76.207341567 1.136194048 0.399972427 0.633720603 0.658543501 0.068852829
10077.068526583 81.396027159 76.205897015 1.132600445 0.404889982 0.632628463 0.656088489 0.073438584
10077.101891721 81.429333382 76.203153080 1.128444277 0.408442175 0.631707136 0.654363071 0.077006857
10077.135264624 81.486359978 76.201413116 1.121717369 0.409355464 0.630932092 0.654290077 0.079103070
10077.168636582 81.517104624 76.200263001 1.118794115 0.407189999 0.630868298 0.655805326 0.078235986
10077.201993584 81.567072871 76.203829436 1.115327403 0.401472357 0.631240921 0.659348201 0.074931948
10077.235365864 81.612317082 76.202990516 1.113782263 0.394185893 0.631547385 0.663917418 0.070562346
10077.268729962 81.642487100 76.201087867 1.113882127 0.389937037 0.631518537 0.666683114 0.068315966
10077.302094228 81.686870222 76.195357707 1.114504817 0.387652138 0.630681066 0.668834703 0.068024649
10077.335464804 81.728236966 76.188887022 1.116240396 0.390050473 0.628822695 0.668841912 0.071366260
10077.368827932 81.748057476 76.183511117 1.116750806 0.392482486 0.627744089 0.668134439 0.074102823
10077.402188926 81.789906261 76.174424645 1.117346738 0.399311914 0.625162203 0.665672082 0.081258198
10077.435564924 81.840764473 76.161741762 1.116982602 0.407484125 0.621862472 0.662685549 0.089953420
10077.468932731 81.867487559 76.155919512 1.117379236 0.410149708 0.620355076 0.661954825 0.093555360
10077.502290799 81.906062629 76.147478557 1.117267954 0.411394113 0.618794735 0.662241594 0.096353678
10077.535661925 81.943763828 76.139910496 1.118733573 0.410652558 0.617675524 0.663518260 0.097902718
10077.569039055 81.958573656 76.135501888 1.119572641 0.410302491 0.617240511 0.664049111 0.098512922
10077.602394924 82.005558167 76.124987022 1.122117745 0.410923457 0.615675639 0.664649494 0.101619243
10077.635762935 82.044848101 76.116375768 1.123741236 0.414564415 0.613975127 0.663185122 0.106566334
10077.669132252 82.072403840 76.110558125 1.124489137 0.418774809 0.612331506 0.661299122 0.111181192
10077.702494427 82.115633178 76.100112571 1.124258315 0.426331825 0.609600985 0.657693313 0.118605729
10077.735877162 82.158409220 76.089572424 1.124192194 0.433742353 0.606709239 0.654100892 0.126188327
10077.769231116 82.188940491 76.084145388 1.123681721 0.438137751 0.604790168 0.652008910 0.130952457
10077.802590134 82.234114755 76.073080919 1.122673917 0.443860177 0.602054647 0.649345512 0.137363569
10077.835959776 82.279997201 76.063957027 1.120768567 0.449609069 0.598927636 0.646817466 0.144099058
10077.869322560 82.313540373 76.057150339 1.118697957 0.454320298 0.596256986 0.644799965 0.149344163
10077.902691477 82.362345050 76.046071865 1.115138329 0.462341577 0.591675719 0.641215871 0.158121209
10077.936061710 82.410000662 76.033649924 1.110756499 0.471923738 0.586160168 0.636802118 0.167890754
10077.969437995 82.448228110 76.021947751 1.107578480 0.480201628 0.580996775 0.633032222 0.176406772
10078.002805057 82.490144949 76.004518002 1.104794977 0.489777440 0.574285204 0.628942804 0.186401481
10078.036183899 82.539958199 75.982176454 1.103605386 0.501344310 0.565260853 0.624275516 0.198529924
10078.069534661 82.568678374 75.963446276 1.103024264 0.509299053 0.558642621 0.621126606 0.206723576
10078.102888793 82.608090868 75.933028368 1.103226694 0.522541702 0.547247726 0.615635655 0.220142767
10078.136257422 82.642379340 75.898768215 1.102398406 0.537685928 0.534140815 0.608558966 0.235039183
10078.169614335 82.664453096 75.873875820 1.102334458 0.549466719 0.523876741 0.602486743 0.246270603
10078.202984699 82.695960684 75.836534017 1.101562609 0.567250986 0.507770407 0.592612125 0.263071096
10078.236353573 82.723349493 75.796783908 1.101146435 0.584979534 0.490581089 0.582123551 0.279752232
10078.269731086 82.740624094 75.767358086 1.101502280 0.596818254 0.478252334 0.574783494 0.291044004
10078.303082192 82.761500530 75.728598049 1.102433508 0.610819959 0.462595746 0.565785166 0.304616643
10078.336453555 82.786661010 75.676367000 1.104298225 0.628444964 0.441302275 0.553686464 0.322087766
10078.369814568 82.802099712 75.643493524 1.105896965 0.638530917 0.428134334 0.546345970 0.332393353
10078.403176708 82.830547904 75.594047694 1.107746441 0.652639636 0.408578517 0.535425110 0.347051945
10078.436546385 82.847049852 75.543068320 1.110068156 0.666043975 0.388083701 0.523984024 0.362239157
10078.469913191 82.854619250 75.509900768 1.111615521 0.674104242 0.374461539 0.516493817 0.372285057
10078.503281598 82.867312004 75.460014095 1.114855727 0.685181085 0.353774459 0.505148437 0.387550731
10078.536649877 82.875877157 75.411664495 1.118014614 0.694430031 0.333811588 0.494353180 0.402432217
10078.570016094 82.883966553 75.380621165 1.119907565 0.699804158 0.320215080 0.487052692 0.412935973
10078.603373989 82.898358352 75.338807675 1.123761308 0.705457192 0.302046169 0.477642891 0.427733013
10078.636751795 82.912797664 75.299609796 1.129295660 0.708116820 0.286066563 0.470359393 0.442152160
10078.670110183 82.920675785 75.276286854 1.134494992 0.707694578 0.277284130 0.467369804 0.451494588
10078.703469733 82.936871178 75.244019044 1.143827197 0.705322675 0.266652295 0.464472605 0.464415415
10078.736846228 82.948385513 75.221382892 1.152303883 0.702568208 0.258625747 0.462152105 0.475316808
10078.770197956 82.965159783 75.193468815 1.164941137 0.699763388 0.246045751 0.456394337 0.491423339
10078.803559696 82.975137999 75.178821869 1.172017719 0.699070073 0.237997096 0.451647866 0.500672169
10078.836926300 82.989990798 75.158085337 1.182672203 0.698207633 0.225563707 0.443629550 0.514606585
10078.870295611 83.000768322 75.144468795 1.190163327 0.696998731 0.217424778 0.438295337 0.524229370
10078.903658390 83.015886253 75.127565951 1.200029364 0.693918626 0.209356182 0.433540600 0.535433916
10078.937026229 83.043232689 75.105946589 1.209936858 0.688697284 0.204247921 0.431240507 0.545903345
10078.970391221 83.064965645 75.089201953 1.221116322 0.680313851 0.204315621 0.432474907 0.555332014
10079.003767131 83.080403418 75.078679054 1.227849081 0.673666433 0.206602972 0.434390208 0.561064966
10079.037121197 83.105121777 75.063103557 1.236705915 0.664091435 0.211232275 0.436651854 0.568945208
10079.070489746 83.133706026 75.045649868 1.244650374 0.655250707 0.215696698 0.437244470 0.577008423
10079.103851388 83.152563480 75.035511985 1.249334604 0.649932946 0.218615972 0.436247188 0.582651366
10079.137219670 83.182780105 75.019325443 1.255143000 0.644396077 0.220711542 0.432007424 0.591108870
10079.170586125 83.217595737 74.999864079 1.261165681 0.640782275 0.221153345 0.424516790 0.600228931
10079.203948570 83.238448209 74.989913716 1.264955280 0.639262287 0.220592353 0.418042432 0.606566787
10079.237317242 83.263401714 74.979477958 1.269831446 0.638277402 0.219343200 0.410287371 0.613314594
10079.270684076 83.305326866 74.960406476 1.278387436 0.637675642 0.216826822 0.395910103 0.624188350
10079.304048863 83.327110713 74.951434141 1.282696449 0.637566017 0.215315830 0.387610277 0.630005509
10079.337423327 83.362037321 74.934318650 1.289724377 0.637222132 0.214175452 0.376327425 0.637537841
10079.370785153 83.395521022 74.919343786 1.296111446 0.636082632 0.215215676 0.367002725 0.643731387
10079.404154882 83.421629324 74.908161413 1.300973097 0.634946253 0.217110140 0.361181214 0.647498706
10079.437517679 83.461330602 74.892834065 1.307247493 0.633403389 0.220581974 0.353160968 0.652243106
10079.470892560 83.491394977 74.881895546 1.311521230 0.633409867 0.221254307 0.346033982 0.655819301
10079.504265435 83.530529691 74.869101859 1.314876949 0.635371754 0.218690415 0.334491346 0.660751675
10079.537631336 83.572347341 74.855799294 1.317331678 0.639327563 0.212400658 0.320040679 0.666123255
10079.570983179 83.605190873 74.844098950 1.318142684 0.642731529 0.207116111 0.309488613 0.669489281
10079.604362981 83.645538648 74.832470055 1.316294498 0.645980857 0.201737856 0.297707020 0.673335800
10079.637715606 83.691535829 74.820177615 1.315012283 0.648387490 0.199178786 0.288475969 0.675798113
10079.671081310 83.728313993 74.814484464 1.315013438 0.649060185 0.200580776 0.284134141 0.676576691
10079.704454081 83.775772622 74.807392846 1.313337427 0.648542154 0.206202425 0.282621249 0.676016911
10079.737826857 83.832108815 74.799576361 1.311512975 0.645842690 0.218461116 0.286268690 0.673210367
10079.771188815 83.888055459 74.792733995 1.309450359 0.641378545 0.235021285 0.294450542 0.668354274
10079.804563382 83.926548463 74.789199607 1.307863968 0.637603620 0.247565039 0.301513725 0.664276034
10079.837914310 83.981644920 74.787521409 1.307296693 0.632148543 0.265096789 0.312175017 0.657767946
10079.871289088 84.038637192 74.787962835 1.306953507 0.626952891 0.281286179 0.322708009 0.650897610
10079.904663885 84.076061423 74.788359340 1.306431341 0.624020807 0.290559175 0.329062857 0.646444920
10079.938023482 84.130714716 74.789370196 1.305495548 0.620838302 0.301541577 0.337156705 0.640279498
10079.971383609 84.174623866 74.790411049 1.304260152 0.619016955 0.308596323 0.342719811 0.635711766
10080.004779832 84.228317600 74.791936884 1.303522833 0.617267963 0.315624485 0.349390295 0.630307757
10080.038111959 84.288667370 74.794369969 1.301152463 0.615619748 0.322172628 0.356954363 0.624340216
10080.071477122 84.335207934 74.795859984 1.297480223 0.614449689 0.326635411 0.362790822 0.619793277
10080.104868498 84.390275639 74.799689296 1.293627658 0.613060632 0.331657557 0.370846137 0.613704382
10080.138206577 84.449104002 74.803495690 1.288171095 0.611747373 0.336092942 0.379649506 0.607184436
10080.171572400 84.507249345 74.807981054 1.282785779 0.610707096 0.339520762 0.388772763 0.600514974
10080.204958271 84.552588800 74.810190238 1.278572483 0.609890226 0.341656001 0.395445738 0.595758136
10080.238311419 84.612917436 74.813796619 1.274913926 0.609402931 0.343271492 0.404791230 0.589013420
10080.271669387 84.656406218 74.814985197 1.273023563 0.609783601 0.342990658 0.411029729 0.584444976
10080.305049441 84.710152354 74.817829377 1.272895698 0.611034736 0.341032867 0.418205590 0.579169422
10080.338409141 84.766549344 74.819311544 1.274216229 0.612664700 0.338302495 0.425349489 0.573821574
10080.371783514 84.823725279 74.820982685 1.277252915 0.614000511 0.335955491 0.433053547 0.567980551
10080.405175542 84.862086685 74.821342200 1.279629398 0.614524058 0.335212156 0.438587469 0.563590298
10080.438501034 84.917698741 74.822783822 1.283328160 0.613999971 0.335818657 0.448256407 0.556143919
10080.471869698 84.969658861 74.823537231 1.286721254 0.612710671 0.337584926 0.458139600 0.548388692
10080.505285480 85.009375303 74.823472094 1.288676601 0.611312933 0.339376707 0.465825306 0.542334521
10080.538599764 85.061764906 74.824310312 1.290092003 0.609504058 0.341580361 0.476007310 0.534083047
10080.571969405 85.115723731 74.822869370 1.290687210 0.608294423 0.342685363 0.485367399 0.526272862
10080.605358988 85.152145226 74.821371237 1.290227990 0.607695239 0.342748034 0.491314958 0.521382675
10080.638706485 85.203978292 74.818020757 1.288063696 0.607420052 0.341693894 0.498844089 0.515209412
10080.672072100 85.252835423 74.814929002 1.284448583 0.607381938 0.339821887 0.505484512 0.509993799
10080.705486039 85.288938651 74.812163328 1.280809333 0.606987340 0.338401346 0.510708823 0.506189092
10080.738825879 85.337621941 74.809169891 1.274853699 0.605970838 0.336741557 0.518160294 0.500913543
10080.772164779 85.378317314 74.808346545 1.270077618 0.603900912 0.336487943 0.525043678 0.496395699
10080.805567841 85.422108413 74.806629413 1.265009599 0.600251916 0.337053588 0.534323362 0.490500827
10080.838903533 85.467073881 74.803507049 1.260455724 0.595533941 0.338213510 0.544490973 0.484231894
10080.872274497 85.511941306 74.797836736 1.256881585 0.591083110 0.339087989 0.554025981 0.478220979
10080.905668542 85.543032894 74.793795981 1.254588962 0.588913275 0.338902808 0.559642147 0.474475193
10080.939016702 85.585833849 74.787847699 1.252239162 0.587399780 0.337254474 0.565942968 0.470031355
10080.972378552 85.627968645 74.782429255 1.249958949 0.588111355 0.334114459 0.569983925 0.466487821
10081.005843512 85.658096815 74.777023808 1.248175393 0.590031778 0.330769808 0.571808519 0.464207767
10081.039098472 85.698858493 74.766725598 1.246018653 0.594457301 0.324885027 0.572483466 0.461879765
10081.072465520 85.737381213 74.755512688 1.243112001 0.600937865 0.317439527 0.571035569 0.460460865
10081.105858753 85.760855020 74.748423010 1.240686882 0.606284795 0.311711882 0.569170211 0.459673495
10081.139204208 85.799382572 74.736498465 1.235432901 0.614384871 0.303336792 0.565787941 0.458696007
10081.172572426 85.834878100 74.726518421 1.229075836 0.621221483 0.296321862 0.563059154 0.457429353
10081.205955446 85.861487964 74.723891771 1.224422984 0.624507159 0.292930970 0.562432707 0.455907562
10081.239301418 85.902274359 74.709859027 1.217906862 0.626657959 0.290312605 0.563819583 0.452908237
10081.272666175 85.943778027 74.694314359 1.212395552 0.625835827 0.290360840 0.567750291 0.449087638
10081.306055005 85.977221000 74.681633038 1.208313208 0.624757949 0.290869211 0.570957645 0.446183790
10081.339413837 86.023961825 74.660079902 1.203065222 0.625304285 0.289577921 0.573392929 0.443124957
10081.372766815 86.067152596 74.637989018 1.198273184 0.630242130 0.284371023 0.571116151 0.442441319
10081.406147388 86.095581477 74.623102792 1.194898564 0.636216981 0.278403757 0.566808944 0.443223333
10081.439499476 86.130733311 74.600627003 1.190969550 0.647195599 0.267167650 0.557745212 0.445734879
10081.472875411 86.165587443 74.578247457 1.187857489 0.658578881 0.255131882 0.547393300 0.448934466
10081.506258519 86.183214660 74.565105986 1.186026530 0.664978033 0.248003550 0.541335504 0.450837361
10081.539602300 86.216095914 74.542525081 1.183663026 0.672311587 0.239334432 0.534362207 0.452960474
10081.572968281 86.245532928 74.518475850 1.181194289 0.676768315 0.233079699 0.530169878 0.454508968
10081.606349281 86.266440894 74.501117842 1.179273509 0.678997266 0.229511828 0.528013870 0.455508932
10081.639707221 86.294195694 74.473762048 1.175550153 0.681612414 0.224303724 0.525291355 0.457341610
10081.673068263 86.325722078 74.447347894 1.169384529 0.684264184 0.218958878 0.522139551 0.459575702
10081.706444249 86.347794454 74.427627322 1.164894751 0.686400148 0.214964115 0.519216728 0.461583422
10081.739814263 86.376668385 74.400929370 1.158363540 0.690306097 0.208424498 0.513639547 0.464985094
10081.773170294 86.397785223 74.381162542 1.153706530 0.693447126 0.203303567 0.508818306 0.467870361
10081.806558337 86.425148569 74.355876558 1.147984249 0.696560390 0.197612561 0.503131956 0.471816843
10081.839901154 86.447115480 74.334190305 1.144305729 0.698151273 0.193516110 0.498937775 0.475602157
10081.873274025 86.472342130 74.309092521 1.142181530 0.699751362 0.189047903 0.494231322 0.479941998
10081.906656986 86.493402620 74.288234429 1.141238628 0.700777347 0.185295924 0.490179210 0.484046353
10081.940009113 86.512442903 74.263962404 1.142216816 0.701205588 0.181627922 0.486312385 0.488694471
10081.973392231 86.532368717 74.241502671 1.142718329 0.701626642 0.178201442 0.482566101 0.493045900
10082.006751261 86.542891507 74.224849013 1.143872287 0.702082759 0.175160878 0.479423164 0.496539924
10082.040105236 86.563881802 74.198811477 1.144520927 0.703268907 0.170527159 0.474357480 0.501316581
10082.073479302 86.582463589 74.172512055 1.145751309 0.705195309 0.165266954 0.468775992 0.505604074
10082.106863416 86.596857126 74.149322934 1.146124942 0.707613684 0.159827544 0.463231100 0.509072666
10082.140202182 86.613390482 74.119362234 1.146318231 0.711314580 0.151945152 0.455179680 0.513571512
10082.173571865 86.630233566 74.086195264 1.145814098 0.715064754 0.143829697 0.447122039 0.517761816
10082.206939450 86.640869173 74.062223221 1.144493561 0.717031116 0.139181519 0.442553731 0.520231755
10082.240296447 86.661061067 74.026131074 1.141367648 0.718711430 0.133851456 0.437577172 0.523511114
10082.273668621 86.677823471 73.998489571 1.138307545 0.719242125 0.130885735 0.435038168 0.525643874
10082.307031501 86.697824360 73.963742780 1.134809210 0.719594482 0.127487734 0.432343191 0.528213995
10082.340396422 86.717711913 73.927520520 1.131878396 0.720080196 0.123646532 0.429570695 0.530721268
10082.373786283 86.733322726 73.894345957 1.131101827 0.721146598 0.118964473 0.426061173 0.533166873
10082.407141455 86.744818153 73.867326394 1.130821723 0.722824260 0.114121610 0.422255066 0.534978510
10082.440513925 86.755255182 73.830995642 1.132402037 0.725851957 0.106399076 0.416227184 0.537190008
10082.473873162 86.761139867 73.804084161 1.133880999 0.727721025 0.101355635 0.412371868 0.538608009
10082.507249030 86.771036001 73.766458718 1.135406628 0.729571085 0.096143385 0.408616500 0.539921326
10082.540612591 86.779653686 73.727225269 1.137054678 0.730868924 0.092142530 0.406037477 0.540808596
10082.573969315 86.787465718 73.685642698 1.137988184 0.731890838 0.089094982 0.404387023 0.541173744
10082.607332164 86.793882182 73.654548584 1.137716479 0.732583008 0.087376837 0.403399936 0.541254021
10082.640696891 86.801211373 73.611707906 1.136799419 0.733555457 0.085309066 0.402257648 0.541116937
10082.674067575 86.805196542 73.580692874 1.135525859 0.734422820 0.083639394 0.401140286 0.541030539
10082.707444224 86.811006714 73.538537910 1.132683374 0.735838182 0.081380613 0.399239343 0.540857941
10082.740808453 86.816508684 73.498398334 1.129214418 0.737180670 0.079268677 0.397329325 0.540749983
10082.774165499 86.823522852 73.441374994 1.123686810 0.738797425 0.076811423 0.394979754 0.540619426
10082.807533147 86.827154703 73.408322465 1.121163850 0.739120290 0.076344803 0.394296509 0.540742943
10082.840892314 86.830930413 73.360705487 1.118361470 0.738933896 0.076597242 0.394456856 0.540845031
10082.874284034 86.833042747 73.325662437 1.116821999 0.738366546 0.077420757 0.395158488 0.540990425
10082.907634881 86.835825528 73.279836094 1.117565162 0.737229884 0.079152287 0.396702655 0.541159882
10082.941007844 86.838459108 73.237084073 1.119472611 0.736321795 0.080589814 0.397916494 0.541292860
10082.974392797 86.838626305 73.189138851 1.123859307 0.735644019 0.081615921 0.398874770 0.541355370
10083.007757329 86.840997016 73.142391392 1.128991291 0.734460654 0.083340143 0.400546045 0.541465451
10083.041097501 86.842245153 73.105096957 1.135360021 0.732650718 0.085829675 0.403335746 0.541457725
10083.074466791 86.842844068 73.063912229 1.143301379 0.729930269 0.089588730 0.407553724 0.541364595
10083.107826573 86.843400615 73.007473730 1.155645977 0.726155689 0.094313197 0.413274861 0.541301048
10083.141190252 86.844128481 72.974470969 1.161793699 0.724928124 0.095393657 0.415065479 0.541387027
10083.174584038 86.841728872 72.928931660 1.169546023 0.724498032 0.094959940 0.415564613 0.541656038
10083.207920624 86.840051533 72.878945470 1.175578776 0.725278464 0.092354929 0.414142776 0.542150788
10083.241287350 86.839362741 72.842990762 1.178066722 0.726193580 0.089860428 0.412686012 0.542455752
10083.274703587 86.836338452 72.788572334 1.180948388 0.727261317 0.086437163 0.410942921 0.542904697
10083.308028860 86.830305186 72.733351568 1.183419301 0.727648654 0.083904027 0.410525666 0.543098727
10083.341412208 86.829812677 72.695208840 1.183150417 0.727364035 0.083122627 0.411067497 0.543190301
10083.374770158 86.828307789 72.648698177 1.182575661 0.726428955 0.082987433 0.412757629 0.543180632
10083.408116679 86.828005590 72.599253630 1.181903047 0.724920646 0.083441014 0.415190386 0.543272121
10083.441482113 86.826295352 72.548102120 1.181673226 0.723344714 0.083660256 0.417609534 0.543484741
10083.474857491 86.824376561 72.491203412 1.181714272 0.722432410 0.082396747 0.418623490 0.544110800
10083.508218164 86.822474242 72.452603961 1.181375816 0.722800278 0.079668959 0.417706307 0.544733014
10083.541584153 86.818576260 72.397789129 1.182228249 0.724237579 0.074012604 0.414785985 0.545852223
10083.574952211 86.813410407 72.340430683 1.183656525 0.725534681 0.067950783 0.411771040 0.547198983
10083.608328179 86.808686762 72.297164346 1.185846579 0.725529841 0.064552730 0.411085221 0.548131678
10083.641685179 86.804293441 72.244558410 1.188012697 0.724115857 0.062775793 0.412620846 0.549053242
10083.675055844 86.799929084 72.188001525 1.190391741 0.721191705 0.063183240 0.416685131 0.549785326
10083.708415546 86.794965918 72.133965361 1.191257506 0.718196741 0.063714196 0.421031507 0.550333002
10083.741807236 86.790864398 72.095159743 1.191041199 0.716704647 0.063222849 0.423116522 0.550735626
10083.775152907 86.787813296 72.050150567 1.190033731 0.716125100 0.061177973 0.423883206 0.551130769
10083.808521681 86.779419465 71.973472412 1.185370425 0.717231829 0.054557039 0.421962251 0.551860391
10083.841885635 86.774228711 71.932186456 1.181411313 0.718560017 0.050041413 0.419780765 0.552224110
10083.875268767 86.766894113 71.870304921 1.174828293 0.720644515 0.043516870 0.416377418 0.552636961
10083.908634416 86.759538261 71.810485892 1.167827780 0.721901106 0.038511019 0.414313130 0.552919818
10083.941990104 86.755464943 71.768390270 1.163162855 0.722120433 0.036318569 0.414034291 0.552990640
10083.975356998 86.750426723 71.715456883 1.158661596 0.721404526 0.035351209 0.415642205 0.552781476
10084.008721903 86.745102297 71.648905255 1.155000778 0.718608751 0.037605837 0.421320464 0.551974936
10084.042080825 86.742408620 71.608168104 1.154660813 0.715827851 0.040790886 0.426725073 0.551209855
10084.075451471 86.739267048 71.553585298 1.155317016 0.711206227 0.046466392 0.435643366 0.549764891
10084.108819655 86.736748046 71.502996330 1.157219838 0.706999576 0.051523001 0.443960673 0.548083844
10084.142180617 86.735232714 71.464521130 1.158257463 0.704797337 0.054085435 0.448580170 0.546910697
10084.175555726 86.731053946 71.427789746 1.159648625 0.703554666 0.055374620 0.451868230 0.545673517
10084.208921107 86.727057744 71.358801532 1.158523018 0.705050244 0.053028056 0.452119228 0.543765007
10084.242281463 86.725163220 71.318539516 1.156700315 0.707657898 0.049648801 0.449723736 0.542682097
10084.275644495 86.723045192 71.276525122 1.153864284 0.710975792 0.045464026 0.446181824 0.541634772
10084.309009471 86.721486914 71.215667817 1.149196169 0.715707021 0.039814317 0.440705599 0.540330321
10084.342371716 86.720246698 71.156799387 1.143683792 0.720157965 0.034831437 0.435226098 0.539200815
10084.375742510 86.720640677 71.092452213 1.137551650 0.723785843 0.031520096 0.430737917 0.538149964
10084.409108472 86.721326511 71.032732297 1.132886192 0.724822039 0.032231608 0.429707726 0.537536423
10084.442473219 86.723243116 70.990302176 1.130502338 0.724484280 0.034420416 0.430483161 0.537235526
10084.475844477 86.726735892 70.943222829 1.128451436 0.724272661 0.037191955 0.430797938 0.537083799
10084.509216390 86.731087851 70.874349904 1.126875389 0.725553591 0.038701846 0.428779652 0.536863263
10084.542575758 86.733398395 70.832288040 1.127180367 0.726736937 0.039074440 0.426712917 0.536882389
10084.575942391 86.736902686 70.774597228 1.128706455 0.728265975 0.040290523 0.423914342 0.536937588
10084.609314078 86.741292634 70.714670563 1.131324784 0.729357669 0.042564139 0.422065106 0.536737115
10084.642678007 86.743029122 70.674092012 1.133754944 0.730075339 0.044474495 0.420853971 0.536557502
10084.676046809 86.745557138 70.616197205 1.137179761 0.731702456 0.046409492 0.418189264 0.536260585
10084.709432608 86.747518480 70.569775477 1.139374310 0.733643885 0.046860148 0.415106826 0.535963710
10084.742795241 86.748418220 70.514163693 1.141240005 0.736713652 0.046327920 0.409935081 0.535779758
10084.776147746 86.749220557 70.453729686 1.141966359 0.740757513 0.044376859 0.403112186 0.535546045
10084.809519722 86.750041400 70.405752802 1.142091805 0.743870836 0.042647587 0.397644250 0.535459067
10084.842869670 86.750956656 70.347991237 1.140989442 0.747591278 0.040829419 0.391056048 0.535271340
10084.876241441 86.752726285 70.287495536 1.139851061 0.750339017 0.040583451 0.386065089 0.535068304
10084.909610755 86.755308605 70.228926664 1.138891191 0.751462518 0.042506313 0.383675767 0.535060934
10084.942970909 86.757322785 70.185137309 1.138846753 0.751864207 0.044436112 0.382652850 0.535072371
10084.976345165 86.760413116 70.126261864 1.139380385 0.752000602 0.047327781 0.381981014 0.535112773
10085.009744454 86.762664161 70.079978542 1.141235675 0.751894035 0.049482728 0.381924674 0.535107806
10085.043067704 86.765267964 70.027068991 1.144116909 0.751596214 0.052209897 0.382371659 0.534947821
10085.076438221 86.768298138 69.976478900 1.148132996 0.750748478 0.055500026 0.384095179 0.534572131
10085.109821792 86.771429926 69.916067015 1.154452089 0.749144338 0.060176661 0.387468754 0.533881536
10085.143173084 86.773678456 69.878881279 1.158036664 0.748214262 0.062928109 0.389517131 0.533377798
10085.176535350 86.774599135 69.826935599 1.164037528 0.747434689 0.065438485 0.391443784 0.532757875
10085.209894055 86.773085290 69.790749437 1.167106131 0.747997626 0.065336924 0.390799263 0.532453354
10085.243258017 86.772096742 69.737963099 1.168329540 0.750601209 0.061864291 0.386505444 0.532338404
10085.276630063 86.765923033 69.685426738 1.168773249 0.755105617 0.054744686 0.378442164 0.532541130
10085.310000279 86.760652957 69.631256981 1.166347999 0.759984490 0.046151189 0.368967193 0.533063648
10085.343356829 86.755447001 69.589474072 1.163408816 0.763708025 0.039090751 0.361281430 0.533570702
10085.376724517 86.751316216 69.536794647 1.159398045 0.767322374 0.031263495 0.353278570 0.534259506
10085.410103353 86.744295715 69.471719352 1.154123362 0.770453271 0.022885355 0.344965005 0.535609151
10085.443448796 86.739114647 69.432035839 1.151096892 0.771776776 0.018228004 0.340954362 0.536449877
10085.476816875 86.731429443 69.375171039 1.147134711 0.773264091 0.011566863 0.335558184 0.537893631
10085.510186922 86.722982455 69.320235546 1.144199646 0.774350827 0.004742892 0.330451651 0.539592446
10085.543565930 86.716585971 69.282477336 1.142418954 0.774692672 0.000196204 0.327548648 0.540891032
10085.576921242 86.705919238 69.231284704 1.140847278 0.774480782 -0.005436115 0.324787522 0.542828733
10085.610300716 86.693611320 69.180795153 1.139609180 0.773732491 -0.011118049 0.322692691 0.545053986
10085.643645115 86.684237867 69.147184029 1.139187639 0.773294052 -0.015503751 0.321049227 0.546537589
10085.677020935 86.668410975 69.100308212 1.138805520 0.772967449 -0.023176553 0.317724760 0.548666699
10085.710385657 86.650691146 69.054207643 1.138677656 0.773270551 -0.032737750 0.312578751 0.550704476
10085.743757389 86.637284916 69.021987463 1.138203177 0.773859396 -0.040898904 0.307694050 0.552080869
10085.777113740 86.615619121 68.979019631 1.136647610 0.775129303 -0.054362389 0.298979651 0.553922795
10085.810480675 86.594664008 68.933706927 1.134708331 0.776155653 -0.068192224 0.289937909 0.555759149
10085.843843362 86.580328824 68.903158412 1.133191642 0.776508076 -0.077444104 0.284125139 0.557055225
10085.877211873 86.558478123 68.853849393 1.131097438 0.776028063 -0.090094794 0.276821923 0.559493518
10085.910579403 86.536618549 68.806587954 1.130347069 0.774156880 -0.099918368 0.272509910 0.562526261
10085.943954217 86.521415861 68.776090589 1.130649911 0.771850839 -0.104766419 0.271507679 0.565290951
10085.977334379 86.498372215 68.732222130 1.132082302 0.767409450 -0.109696472 0.272436288 0.569936741
10086.010703839 86.475518088 68.692041084 1.134138258 0.762313561 -0.113018075 0.274874792 0.574933734
10086.044049007 86.459272615 68.664938828 1.135742834 0.758215241 -0.114304881 0.277413541 0.578865935
10086.077409657 86.434502937 68.633595689 1.138745644 0.751951579 -0.115706561 0.281494578 0.584757742
10086.110773204 86.407136263 68.599604600 1.141771493 0.745775687 -0.118514889 0.284168111 0.590780273
10086.144143235 86.387420680 68.577877087 1.143298355 0.742426017 -0.122690358 0.283731527 0.594345948
10086.177507954 86.353314588 68.547297930 1.144379979 0.738757008 -0.133811537 0.278498732 0.598974968
10086.210874834 86.318300480 68.516573549 1.143324241 0.736684742 -0.150162191 0.268543329 0.602188830
10086.244254623 86.290553814 68.503200780 1.141101510 0.735600873 -0.163771199 0.259578379 0.603895203
10086.277605556 86.252501714 68.474111420 1.136458829 0.733788873 -0.184605118 0.245926228 0.605801230
10086.310971332 86.213185067 68.446431787 1.130270997 0.730531423 -0.204637140 0.233800476 0.608099349
10086.344350349 86.183917927 68.434232062 1.125685439 0.726980448 -0.214554848 0.228955370 0.610774168
10086.377712295 86.146043002 68.408231529 1.120981015 0.720320685 -0.222944014 0.226955424 0.616380819
10086.411077178 86.110362138 68.382018101 1.116918530 0.712023322 -0.228543778 0.227339218 0.623784747
10086.444451007 86.084197336 68.368193783 1.114911989 0.705828306 -0.231502618 0.227817841 0.629533138
10086.477807958 86.046641481 68.351153699 1.112556326 0.696779425 -0.236390661 0.226776282 0.638114728
10086.511184992 86.008007769 68.341412835 1.110822896 0.687826652 -0.243392993 0.222384041 0.646683605
10086.544557791 85.980772358 68.337145082 1.109775616 0.681469975 -0.249886282 0.216963858 0.652749725
10086.577911819 85.943108956 68.335017468 1.108933687 0.672897440 -0.260744339 0.206642929 0.660696696
10086.611271369 85.906839174 68.332983492 1.108619776 0.664525920 -0.273572009 0.193635459 0.667883947
10086.644650258 85.882321139 68.332365061 1.108823296 0.658680933 -0.282918627 0.183509743 0.672622222
10086.678004398 85.846794532 68.329737284 1.109975238 0.649790819 -0.295694107 0.168328586 0.679707565
10086.711368204 85.811697143 68.325406760 1.110767368 0.640816196 -0.305372923 0.154474577 0.687196905
10086.744763995 85.788318921 68.321596309 1.111921606 0.634323088 -0.310257191 0.145642354 0.692937948
10086.778108346 85.753493321 68.316320968 1.113598404 0.625075494 -0.314260728 0.134353298 0.701762077
10086.811477826 85.718875199 68.306497209 1.115905717 0.616181849 -0.315005639 0.124035542 0.711130481
10086.844866563 85.693953104 68.296818308 1.118658659 0.610183659 -0.313808853 0.117362220 0.717931762
10086.878196872 85.656981336 68.283014681 1.124478552 0.601853012 -0.308977623 0.108243350 0.728415512
10086.911562253 85.621440806 68.269599060 1.132034418 0.594509214 -0.301548417 0.099754799 0.738699077
10086.944946703 85.594415267 68.257952762 1.139739694 0.589796541 -0.295858273 0.093480381 0.745566456
10086.978298240 85.559532701 68.242995635 1.152927676 0.583926359 -0.288145408 0.082767893 0.754421438
10087.011673882 85.527090428 68.228003338 1.168644674 0.579088728 -0.282353422 0.069738846 0.761622796
10087.045044353 85.506484779 68.218434434 1.180199608 0.576154165 -0.279787083 0.059192539 0.765677353
10087.078399987 85.478632465 68.201695964 1.197506315 0.572643024 -0.277577156 0.042951807 0.770185712
10087.111756425 85.454517291 68.182768638 1.214917326 0.570139589 -0.275210020 0.027396621 0.773595320
10087.145157237 85.431614095 68.160010110 1.232351185 0.568717056 -0.272516607 0.011809529 0.775987206
10087.178489980 85.416037971 68.142105642 1.244355493 0.568313269 -0.270998144 0.000880054 0.776903636
10087.211857682 85.392750294 68.114013131 1.261698504 0.568704241 -0.268489768 -0.014788217 0.777348081
10087.245240367 85.368573214 68.085029577 1.277610281 0.570320168 -0.265040948 -0.029228075 0.776938814
10087.278588717 85.350269759 68.061861548 1.288434939 0.571943653 -0.262335028 -0.038962297 0.776236259
10087.311952866 85.323127595 68.027089775 1.302563001 0.574888063 -0.257824836 -0.052539523 0.774770720
10087.345340738 85.294609283 67.989255238 1.314895745 0.578680355 -0.252582571 -0.065854173 0.772654075
10087.378701673 85.276369336 67.962990359 1.322183203 0.581533903 -0.248992985 -0.074410736 0.770898084
10087.412049778 85.248308042 67.925629080 1.331020349 0.586384687 -0.242891342 -0.087041267 0.767841528
10087.445443697 85.219235713 67.882772169 1.339417702 0.591533114 -0.236384217 -0.099132049 0.764450073
10087.478778569 85.200623519 67.852890957 1.343378890 0.595321532 -0.231247106 -0.107227178 0.761983847
10087.512140175 85.176009662 67.809209988 1.346794512 0.601328957 -0.223087656 -0.118192484 0.758067227
10087.545536224 85.147639105 67.760422368 1.350356703 0.607691213 -0.215301598 -0.129734355 0.753342955
10087.578886763 85.128733571 67.727484060 1.351278151 0.612102702 -0.211284897 -0.138279637 0.749378220
10087.612236649 85.100932700 67.679798539 1.352163240 0.618172666 -0.208562911 -0.152220015 0.742423824
10087.645646381 85.072427764 67.630862141 1.352325466 0.623598032 -0.209442027 -0.168350362 0.734110133
10087.678977063 85.053284878 67.598169192 1.351792162 0.626929984 -0.211619352 -0.180821898 0.727653411
10087.712362149 85.026162030 67.551991977 1.351375824 0.631217530 -0.216008012 -0.199402295 0.717735114
10087.745756025 85.004934578 67.514718599 1.351759390 0.634612288 -0.219087316 -0.213264304 0.709779070
10087.779066243 84.979621522 67.467662189 1.350605744 0.639456853 -0.221072366 -0.229207043 0.699775730
10087.812428012 84.952359289 67.416198336 1.348994483 0.645570652 -0.219953712 -0.243114084 0.689749549
10087.845811195 84.926682863 67.360438843 1.345457789 0.653100986 -0.215369972 -0.254116990 0.680073108
10087.879170552 84.908942766 67.316894848 1.342933065 0.658824763 -0.210910415 -0.260525220 0.673493384
10087.912525702 84.881886650 67.255484161 1.338336630 0.667506073 -0.203423829 -0.268591405 0.664012835
10087.945903816 84.856749529 67.193284058 1.331331526 0.675874665 -0.196272626 -0.275852565 0.654657052
10087.979272888 84.838028849 67.148985369 1.325912674 0.681144885 -0.192179476 -0.281288151 0.648063014
10088.012652834 84.812026892 67.089353514 1.316522508 0.687942579 -0.188139795 -0.289783998 0.638250468
10088.046014323 84.785581931 67.029053773 1.308287912 0.693585252 -0.186201089 -0.299231533 0.628274735
10088.079357144 84.768763858 66.985637986 1.302501658 0.697291928 -0.185388716 -0.305836252 0.621191740
10088.112733188 84.743831027 66.921269352 1.294953707 0.703063415 -0.183245590 -0.314233799 0.611048285
10088.146116846 84.720704996 66.856575643 1.288378686 0.709924408 -0.178879637 -0.319502677 0.601604064
10088.179477922 84.705981450 66.811504988 1.283066317 0.715564274 -0.174148206 -0.321197429 0.595375834
10088.212831950 84.684562814 66.745098488 1.275572381 0.724811646 -0.165331513 -0.320844950 0.586832247
10088.246207157 84.666039197 66.673228224 1.267055609 0.734831016 -0.154962644 -0.318323120 0.578515642
10088.279559970 84.655514023 66.625512863 1.259399935 0.741311969 -0.148134995 -0.316210842 0.573169513
10088.312924047 84.636617088 66.558579115 1.248304086 0.750463982 -0.138809815 -0.312877339 0.565370160
10088.346313004 84.620840337 66.493455910 1.236387565 0.757505694 -0.132666740 -0.311636123 0.558092811
10088.379661679 84.609921053 66.445042673 1.228514218 0.761288832 -0.130546716 -0.312254698 0.553076733
10088.413026783 84.593468260 66.381889881 1.217432956 0.765070944 -0.130016615 -0.314896145 0.546445376
10088.446413053 84.577235092 66.317685623 1.207171065 0.767395715 -0.131870092 -0.319063337 0.540289443
10088.479755066 84.567368018 66.272618234 1.201088138 0.768410118 -0.134020663 -0.322014951 0.536554493
10088.513141237 84.552590615 66.209758198 1.193697627 0.769518151 -0.136871594 -0.325237446 0.532286188
10088.546524960 84.542533486 66.163953239 1.188777780 0.770903219 -0.137678484 -0.325559789 0.529871387
10088.579851889 84.528683685 66.106990541 1.183652462 0.773303695 -0.137163958 -0.323040528 0.528045700
10088.613234518 84.516477663 66.049238728 1.179422080 0.776687780 -0.134264798 -0.316840537 0.527580450
10088.646604615 84.512306024 66.006997620 1.177803346 0.779637334 -0.130346805 -0.310119934 0.528205418
10088.679959179 84.502288449 65.955559125 1.175811008 0.783078625 -0.125109586 -0.300463271 0.529959698
10088.713319666 84.494688568 65.904068999 1.175444274 0.786283951 -0.118998640 -0.289414597 0.532762670
10088.746701565 84.486848775 65.852585139 1.176571931 0.789171567 -0.112488136 -0.277468921 0.536251485
10088.780053516 84.481528657 65.817759555 1.178400734 0.791170237 -0.107434871 -0.268299452 0.539001677
10088.813423829 84.477341550 65.779322584 1.180478855 0.793286603 -0.101619248 -0.257810635 0.542128739
10088.846788520 84.466612111 65.722544732 1.183461877 0.796195492 -0.092389676 -0.241888274 0.546833566
10088.880158292 84.459490661 65.668192808 1.186572620 0.798421713 -0.083580206 -0.226750062 0.551472145
10088.913529213 84.452012127 65.612613074 1.190629586 0.799686838 -0.075526673 -0.212401692 0.556490974
10088.946889912 84.444363706 65.558288558 1.195949623 0.799806245 -0.069376320 -0.200291711 0.561587150
10088.980256915 84.438176856 65.522448760 1.200596383 0.799069965 -0.066573244 -0.193447894 0.565361040
10089.013656430 84.430903287 65.468972069 1.207292220 0.797168013 -0.063846364 -0.185139287 0.571113163
10089.046982907 84.425187151 65.426715506 1.211563059 0.795493083 -0.062104280 -0.179408240 0.575453296
10089.080341657 84.421299343 65.378921210 1.218037117 0.793206414 -0.060805349 -0.173452124 0.580552026
10089.113734158 84.417892958 65.322854385 1.223697918 0.790436328 -0.059899825 -0.167691966 0.586090289
10089.147092164 84.416553801 65.267351581 1.230670931 0.787737240 -0.058855313 -0.161830767 0.591453207
10089.180438662 84.416429112 65.231962074 1.234884876 0.786155398 -0.057573131 -0.157603666 0.594816029
10089.213814797 84.417269205 65.178334415 1.240313890 0.784139055 -0.054576845 -0.150287463 0.599634046
10089.247186893 84.417543735 65.132242161 1.242826079 0.782882318 -0.051468557 -0.144028920 0.603077055
10089.280549598 84.421726019 65.084923117 1.247504374 0.781724367 -0.046887757 -0.136124387 0.606777309
10089.313908337 84.425758388 65.034475886 1.250755447 0.780926948 -0.040560132 -0.126650128 0.610301338
10089.347272757 84.430274617 64.984243012 1.251992501 0.780407260 -0.033057795 -0.116826259 0.613370456
10089.380657939 84.435308157 64.947063195 1.252921956 0.780146702 -0.028400203 -0.110724585 0.615064727
10089.414028713 84.444081194 64.896749295 1.253800567 0.779591477 -0.023983064 -0.104691394 0.617010254
10089.447376407 84.446483793 64.859688482 1.253321693 0.778905123 -0.023327060 -0.102937918 0.618196120
10089.480734556 84.451381707 64.812560221 1.254183827 0.777774872 -0.026198128 -0.104694223 0.619208386
10089.514111477 84.455872860 64.760348179 1.253896893 0.776529402 -0.031986773 -0.109162129 0.619727814
10089.547481904 84.459603327 64.709188961 1.252792781 0.775496916 -0.038773627 -0.114580346 0.619655132
10089.580833976 84.461707336 64.669346566 1.251237489 0.774859220 -0.043964788 -0.118758589 0.619319533
10089.614195737 84.465414356 64.618740683 1.249435880 0.774293182 -0.050230645 -0.123902070 0.618542826
10089.647559192 84.469053097 64.566348669 1.247719058 0.774108225 -0.055295245 -0.128035620 0.617499613
10089.680925731 84.471610306 64.530069777 1.246009278 0.774309962 -0.057593745 -0.129813979 0.616664718
10089.714310931 84.477202113 64.476307268 1.243289665 0.775328735 -0.058581869 -0.130137035 0.615221805
10089.747684278 84.480522521 64.436113956 1.239826124 0.776739554 -0.057269288 -0.128348797 0.613940127
10089.781020070 84.484879120 64.384227695 1.235706182 0.778907028 -0.054209278 -0.124658184 0.612229968
10089.814393959 84.488707202 64.326909367 1.229910918 0.781556754 -0.050063252 -0.119729645 0.610186466
10089.847758695 84.490535803 64.283292296 1.224472579 0.783664410 -0.047180869 -0.116085415 0.608414525
10089.881121431 84.491816570 64.228556376 1.218054424 0.785893620 -0.044611348 -0.112759260 0.606355007
10089.914490954 84.492069842 64.170965986 1.210597832 0.787969631 -0.043691999 -0.111015406 0.604045072
10089.947853613 84.490724292 64.124869074 1.205388371 0.789242923 -0.044621123 -0.111387005 0.602243721
10089.981234414 84.488473498 64.070402713 1.200769323 0.790311293 -0.047409641 -0.113767833 0.600181028
10090.014639333 84.484901356 64.012860236 1.197511056 0.791017434 -0.051834746 -0.117838459 0.598095875
10090.047962047 84.482426242 63.954224956 1.195528099 0.791617698 -0.056293037 -0.122147150 0.596030693
10090.081326425 84.480378136 63.915301948 1.195589498 0.791908995 -0.059202379 -0.125003625 0.594768288
10090.114686696 84.478134795 63.859451730 1.196371451 0.792436747 -0.062481240 -0.128372908 0.593009691
10090.148053276 84.478614383 63.814800987 1.197847344 0.793090308 -0.063373564 -0.129613535 0.591770130
10090.181414033 84.479040737 63.763771099 1.200099729 0.794244861 -0.062269298 -0.128845586 0.590505251
10090.214783687 84.480044649 63.707662906 1.202361614 0.795928312 -0.058794486 -0.125673692 0.589277060
10090.248145535 84.480955372 63.653261019 1.203264832 0.797657924 -0.054592363 -0.121773937 0.588160369
10090.281510840 84.481287939 63.610156478 1.202755369 0.798882902 -0.051651028 -0.119046536 0.587321209
10090.314885268 84.480287848 63.555224822 1.200488427 0.800172594 -0.049103200 -0.116866858 0.586220805
10090.348250380 84.476611841 63.502262170 1.196850765 0.800927827 -0.048679587 -0.116993884 0.585198552
10090.381645395 84.473783186 63.465373330 1.193999075 0.801070239 -0.049991016 -0.118754923 0.584537971
10090.414975917 84.468275453 63.412163840 1.189801642 0.800587596 -0.054658087 -0.124203324 0.583648464
10090.448339388 84.461991914 63.362751629 1.187319967 0.799276535 -0.062487009 -0.132883931 0.582747163
10090.481704683 84.456245711 63.324168832 1.187033322 0.797502933 -0.071081597 -0.142099460 0.582017372
10090.515078278 84.448349367 63.273673747 1.188821019 0.794469776 -0.084167889 -0.155661128 0.580950218
10090.548438157 84.439295675 63.224291444 1.192483608 0.791255739 -0.097145836 -0.168413594 0.579753313
10090.581803959 84.432919075 63.190423372 1.196159506 0.789006766 -0.105491355 -0.176111476 0.579072229
10090.615174243 84.423425858 63.142500435 1.202685531 0.785887842 -0.116368245 -0.185307656 0.578359580
10090.648543874 84.413813845 63.096371824 1.209423326 0.783261314 -0.125100236 -0.191651915 0.578032169
10090.681901208 84.407481020 63.067594917 1.215284079 0.781768553 -0.129917662 -0.194455589 0.578053937
10090.715268591 84.398642564 63.026215691 1.223951608 0.780528455 -0.134447054 -0.195678949 0.578281133
10090.748638518 84.388603035 62.984325408 1.232279479 0.780371181 -0.136555603 -0.194042981 0.578550524
10090.781989747 84.379506836 62.955997401 1.237297983 0.780644780 -0.137456544 -0.191883116 0.578688427
10090.815362548 84.365361740 62.914914814 1.243949978 0.781222146 -0.138562615 -0.188563766 0.578736612
10090.848724243 84.348043796 62.872421337 1.248291713 0.781665584 -0.140382391 -0.185861704 0.578573355
10090.882085659 84.335096052 62.842450427 1.250375074 0.781763019 -0.142259926 -0.184561425 0.578399323
10090.915461219 84.315700372 62.799222242 1.252267028 0.781726993 -0.145679437 -0.183323443 0.577990419
10090.948830132 84.293924789 62.756779555 1.252951313 0.781464769 -0.149837175 -0.182765017 0.577458729
10090.982193251 84.279884228 62.727612761 1.253239214 0.781143796 -0.152791929 -0.182749468 0.577123581
10091.015577019 84.259554464 62.678578971 1.254054798 0.780359643 -0.158093873 -0.183611426 0.576482436
10091.048917528 84.240495891 62.632353185 1.255768164 0.779033526 -0.164440441 -0.185880107 0.575773126
10091.082283917 84.226158542 62.602145325 1.257178166 0.777829697 -0.169734354 -0.188442302 0.575031052
10091.115652330 84.206985454 62.556102831 1.260761036 0.775778616 -0.178312409 -0.193332086 0.573580794
10091.149019006 84.187168989 62.509250617 1.266029554 0.773554686 -0.187571547 -0.198969355 0.571700322
10091.182388778 84.172143604 62.479527121 1.270518864 0.772332758 -0.193197903 -0.202039505 0.570400490
10091.215754633 84.150751353 62.439030485 1.277709234 0.771353859 -0.199060438 -0.204118831 0.568967195
10091.249130454 84.128873200 62.398370400 1.284363403 0.771459306 -0.201978117 -0.203034871 0.568183263
10091.282502345 84.113238104 62.371360071 1.288434255 0.771953324 -0.202645222 -0.200787683 0.568073311
10091.315849915 84.090572935 62.330830682 1.292507198 0.772927088 -0.202454248 -0.196411399 0.568347215
10091.349214658 84.066582380 62.291817565 1.294200977 0.773929576 -0.201923481 -0.191830937 0.568736152
10091.382582402 84.049800280 62.265954683 1.294004890 0.774347880 -0.202137804 -0.189449890 0.568888749
10091.415953293 84.024893041 62.228282477 1.292021143 0.774395240 -0.203954473 -0.187832932 0.568712032
10091.449314388 84.001947918 62.195342842 1.289439614 0.773431423 -0.208226994 -0.189380081 0.567961739
10091.482680346 83.972685943 62.154518439 1.286708974 0.770698918 -0.217715306 -0.195901899 0.565902526
10091.516054391 83.952835041 62.128841642 1.286195585 0.768003909 -0.226273655 -0.202680510 0.563818092
10091.549433311 83.922072097 62.095345666 1.286884196 0.763249914 -0.240534569 -0.214270978 0.560071993
10091.582785057 83.890838279 62.057264502 1.288554444 0.758152437 -0.254959485 -0.226070121 0.555961190
10091.616154674 83.867970420 62.031497093 1.290101353 0.754695552 -0.264121036 -0.233366384 0.553366816
10091.649518424 83.835414879 61.996736187 1.292478971 0.750314443 -0.274984161 -0.241522869 0.550525796
10091.682888500 83.804989320 61.962421827 1.295826021 0.747372083 -0.282092230 -0.245923179 0.548981541
10091.716252987 83.783994625 61.938260323 1.298173665 0.745883165 -0.285600378 -0.247472467 0.548496223
10091.749644645 83.752617957 61.905431383 1.301602875 0.744334101 -0.289369074 -0.248323452 0.548240594
10091.782973472 83.727401085 61.877154194 1.302738123 0.743391890 -0.291833061 -0.248654227 0.548062986
10091.816347633 83.693005364 61.845252233 1.303422716 0.742016694 -0.295537535 -0.249615812 0.547504098
10091.849720087 83.653344739 61.811243016 1.301752082 0.739935501 -0.300807217 -0.252206299 0.546262258
10091.883070119 83.612485774 61.778220192 1.298027197 0.737192981 -0.307271357 -0.256252922 0.544486237
10091.916438437 83.582847178 61.755472573 1.293867980 0.734945566 -0.312338484 -0.259705332 0.543003524
10091.949803076 83.539281419 61.721771371 1.287116718 0.731664062 -0.319453122 -0.264706591 0.540876902
10091.983173066 83.495307491 61.687535804 1.279656943 0.728529082 -0.325784067 -0.269287428 0.539068084
10092.016551552 83.463914441 61.663264015 1.275129443 0.726705244 -0.329265454 -0.271702405 0.538202148
10092.049905410 83.419247312 61.625594735 1.270113697 0.724934242 -0.332410678 -0.273377018 0.537808974
10092.083285294 83.373911118 61.588474822 1.267667223 0.723552945 -0.333957630 -0.273833132 0.538478276
10092.116636851 83.343691415 61.562805677 1.267866890 0.722574275 -0.334734269 -0.274024332 0.539212437
10092.150010576 83.301874618 61.529349331 1.269252918 0.720622125 -0.336104193 -0.275234134 0.540355342
10092.183365564 83.260784687 61.496352615 1.272353042 0.717734334 -0.338305820 -0.277962750 0.541427103
10092.216735446 83.234024206 61.475599085 1.275254472 0.715251260 -0.340322526 -0.280683151 0.542045369
10092.250095852 83.196828118 61.445237570 1.280148399 0.711378208 -0.343440222 -0.285328995 0.542749688
10092.283459724 83.160270067 61.414878308 1.285538939 0.707687597 -0.346198397 -0.289894776 0.543402203
10092.316834469 83.134806616 61.393554632 1.289262050 0.705218320 -0.347797745 -0.292928344 0.543964002
10092.350199539 83.098530085 61.363270762 1.294275344 0.702029609 -0.349573288 -0.296806680 0.544847445
10092.383561964 83.061098432 61.331810174 1.297968433 0.699011056 -0.350882503 -0.300486473 0.545868934
10092.416929661 83.035081307 61.309804863 1.299369323 0.696949756 -0.351775555 -0.303051367 0.546511542
10092.450298359 82.998127958 61.277422717 1.299367881 0.693922379 -0.353164381 -0.307096178 0.547209822
10092.483660301 82.962235820 61.246838295 1.297289658 0.690743690 -0.354703564 -0.311689670 0.547638646
10092.517028631 82.936326762 61.224162694 1.295074797 0.688404082 -0.355974831 -0.315180097 0.547762034
10092.550393392 82.901063391 61.193207679 1.290277465 0.684711914 -0.358348147 -0.320951595 0.547490890
10092.583764181 82.864887294 61.161441842 1.285294106 0.679851469 -0.362554596 -0.328720109 0.546167771
10092.617142636 82.840884760 61.140217492 1.282265152 0.675561919 -0.366935967 -0.335628801 0.544359622
10092.650500406 82.806306238 61.109972314 1.279281426 0.667823615 -0.375659841 -0.347764400 0.540325111
10092.683860178 82.772152145 61.081081607 1.278093078 0.658900463 -0.386220657 -0.361219269 0.534980769
10092.717221700 82.747660488 61.061389411 1.278446296 0.652430674 -0.393888087 -0.370474288 0.530975698
10092.750601544 82.711756140 61.032559639 1.281117739 0.643050789 -0.404809803 -0.383210670 0.525132638
10092.783961162 82.676674433 61.005737209 1.285388851 0.634914322 -0.414155746 -0.393572310 0.520057361
10092.817320422 82.652413443 60.987958650 1.289351480 0.630165035 -0.419571708 -0.399260590 0.517148521
10092.850683741 82.616998019 60.963204830 1.295809313 0.625085176 -0.425449043 -0.404893283 0.514123588
10092.884058699 82.580810893 60.939744933 1.302397171 0.621795730 -0.429423997 -0.408008636 0.512341736
10092.917421268 82.556666546 60.924697413 1.306940606 0.620330503 -0.431408359 -0.409203668 0.511497071
10092.950803040 82.517301398 60.900251929 1.310846654 0.618706192 -0.434054117 -0.410171698 0.510449655
10092.984162453 82.477039034 60.877525298 1.312879120 0.617329177 -0.436682055 -0.410859628 0.509320956
10093.017550133 82.448250035 60.862229289 1.312759685 0.616460924 -0.438575477 -0.411195342 0.508474061
10093.050877229 82.404285253 60.839331574 1.312050067 0.615469184 -0.441272446 -0.411290754 0.507263470
10093.084252211 82.359007010 60.816896838 1.310507345 0.614459510 -0.444120544 -0.411269148 0.506017924
10093.117611152 82.325954302 60.799700090 1.308133318 0.613406902 -0.446563888 -0.411571544 0.504897544
10093.150980807 82.277030705 60.776356422 1.305819400 0.611063792 -0.450865990 -0.412828846 0.502884922
10093.184353907 82.232121715 60.753724552 1.303777139 0.608505115 -0.454863171 -0.414354129 0.501130399
10093.217714296 82.201725763 60.737038698 1.302756174 0.607143352 -0.456808178 -0.414952010 0.500517799
10093.251072643 82.160275567 60.710093303 1.301433178 0.606481109 -0.457657040 -0.414382287 0.501016984
10093.284454943 82.119968212 60.679045019 1.300912412 0.607448596 -0.456360001 -0.412134858 0.502878327
10093.317811757 82.089961627 60.655007842 1.301857577 0.609045370 -0.454315380 -0.409505740 0.504941899
10093.351173363 82.058068126 60.629908925 1.304791860 0.611183893 -0.451778365 -0.406321492 0.507201541
10093.384599619 82.014691247 60.591885265 1.307880946 0.614676170 -0.447759366 -0.401518119 0.510360614
10093.417910385 81.975617462 60.557274659 1.310290844 0.617773873 -0.444271126 -0.397587137 0.512740750
10093.451267295 81.942640004 60.529606987 1.312033784 0.620204114 -0.441693734 -0.394730066 0.514238930
10093.484655662 81.898216524 60.487580313 1.312544940 0.623636911 -0.438172572 -0.390993130 0.515951715
10093.518009318 81.856563881 60.447934990 1.311057360 0.626705048 -0.435055550 -0.388038465 0.517101152
10093.551370119 81.813630369 60.406068987 1.307507608 0.629630004 -0.432113767 -0.385650378 0.517800672
10093.584767874 81.782677478 60.375444668 1.302975094 0.631503132 -0.430255432 -0.384582599 0.517861258
10093.618104191 81.744935582 60.333864042 1.297200382 0.632719736 -0.428896196 -0.384927078 0.517247458
10093.651461889 81.706586524 60.287209473 1.290459490 0.632788237 -0.428627226 -0.387392784 0.515542993
10093.684844150 81.674064954 60.243381091 1.284265271 0.632103155 -0.428900601 -0.390942858 0.513472062
10093.718187873 81.647964383 60.207219153 1.280556148 0.631554960 -0.428899249 -0.393581690 0.512130080
10093.751564856 81.616039076 60.163002596 1.274574246 0.631399401 -0.427701352 -0.396362662 0.511178042
10093.784944808 81.581700436 60.111641685 1.271747152 0.632247719 -0.424537349 -0.397554191 0.511841309
10093.818289778 81.558560520 60.076366682 1.270701512 0.633550551 -0.421153711 -0.397158619 0.513330579
10093.851651163 81.529813909 60.029332024 1.270392002 0.636343213 -0.414933062 -0.395081023 0.516535434
10093.885048173 81.492417306 59.967192319 1.271165490 0.641282143 -0.404598377 -0.390347776 0.522193431
10093.918385811 81.468051452 59.927380085 1.272370688 0.644711012 -0.397435869 -0.386625289 0.526225548
10093.951752877 81.432971981 59.871471064 1.273874326 0.649874379 -0.386639681 -0.380694547 0.532207393
10093.985153068 81.394703508 59.816807085 1.275078394 0.655132954 -0.375774419 -0.374190499 0.538122541
10094.018495978 81.368450757 59.777936693 1.275087594 0.659151970 -0.367377071 -0.368958814 0.542606820
10094.051841106 81.330435624 59.723833032 1.273498067 0.664914468 -0.355190004 -0.361133904 0.548918131
10094.085227177 81.292794886 59.670246467 1.270643436 0.670214465 -0.343382257 -0.353457029 0.554949841
10094.118577887 81.267458931 59.634124147 1.267603759 0.673384021 -0.335576118 -0.348669714 0.558902550
10094.151941846 81.230565869 59.581134725 1.261811088 0.676777975 -0.325672887 -0.343342401 0.563936821
10094.185334267 81.195998773 59.525560503 1.257019926 0.678616262 -0.317598148 -0.340189517 0.568227488
10094.218675539 81.173339526 59.489102664 1.253917080 0.678824107 -0.313428303 -0.339629853 0.570624302
10094.252041418 81.151352230 59.450048988 1.251405767 0.678411645 -0.309879303 -0.339902904 0.572886091
10094.285452097 81.120513811 59.392484394 1.249809834 0.677458083 -0.305184411 -0.340654758 0.576079297
10094.318779203 81.094889851 59.343536301 1.248910653 0.677133137 -0.300186742 -0.340378928 0.579241591
10094.352141478 81.068538245 59.286200404 1.249514624 0.678085515 -0.291915652 -0.337673173 0.583919614
10094.385552254 81.045298719 59.233066847 1.250982776 0.680482182 -0.281516618 -0.332540205 0.589159915
10094.418873646 81.027503846 59.189829797 1.252920358 0.683430294 -0.271283066 -0.326541393 0.593884879
10094.452235649 81.008505031 59.142454366 1.255307446 0.687423653 -0.258430308 -0.318434684 0.599384558
10094.485620177 80.988041332 59.093021870 1.257107809 0.692188394 -0.243368652 -0.308490640 0.605376289
10094.518965390 80.968416185 59.041160514 1.257857103 0.696569043 -0.229198223 -0.298941179 0.610650403
10094.552328420 80.949055773 58.993870911 1.257304255 0.700169320 -0.216801154 -0.290645564 0.615049054
10094.585706732 80.923200807 58.929710905 1.254744837 0.703713916 -0.203236603 -0.281882068 0.619696786
10094.619081692 80.907204154 58.890229045 1.252352535 0.704810346 -0.197398933 -0.278530120 0.621849668
10094.652431953 80.884095640 58.834769997 1.248782524 0.704816523 -0.192883288 -0.277112309 0.623889794
10094.685809419 80.862364223 58.778342989 1.245668932 0.702804547 -0.192803228 -0.279753248 0.625004644
10094.719164240 80.847993582 58.742668004 1.244276518 0.700366064 -0.194871336 -0.283375035 0.625468727
10094.752544583 80.829042979 58.695993413 1.242994645 0.697034398 -0.198145397 -0.288324023 0.625899919
10094.785922405 80.810123416 58.644936788 1.242190286 0.693866680 -0.200570983 -0.292507662 0.626705336
10094.819260093 80.792056876 58.596939606 1.240035193 0.691933596 -0.200785306 -0.294278293 0.627943823
10094.852626792 80.772418678 58.543638557 1.237580030 0.691439310 -0.197608685 -0.292860261 0.630155026
10094.886003791 80.755263191 58.491452318 1.237214952 0.692408455 -0.191442972 -0.288653879 0.632928952
10094.919359723 80.743316279 58.452264120 1.237054477 0.693834076 -0.185622901 -0.284322834 0.635058218
10094.952723151 80.732087154 58.415474770 1.238804631 0.695867760 -0.178774436 -0.278851014 0.637220427
10094.986109224 80.710779228 58.345738147 1.239334824 0.701017696 -0.164369636 -0.266619110 0.640680156
10095.019476448 80.698264662 58.305297635 1.239222043 0.704578729 -0.155407712 -0.258565985 0.642309029
10095.052827105 80.680162958 58.247995097 1.237998710 0.709889182 -0.142405035 -0.246658550 0.644156592
10095.086207826 80.659793156 58.190558897 1.236624017 0.714868323 -0.130576547 -0.235332908 0.645392492
10095.119562711 80.645697475 58.149014923 1.234776908 0.717751829 -0.123871361 -0.228671898 0.645908168
10095.152927463 80.624004275 58.089459783 1.231117703 0.720865608 -0.116910261 -0.221394775 0.646273255
10095.186316183 80.606823338 58.036808413 1.229486861 0.722833545 -0.112909043 -0.216779993 0.646351027
10095.219662823 80.593066813 57.991504458 1.227824176 0.724024720 -0.110648180 -0.213849226 0.646385097
10095.253024228 80.577101272 57.933798764 1.226886660 0.725365344 -0.107845993 -0.210088400 0.646588914
10095.286399331 80.565906926 57.888311089 1.227400532 0.726825033 -0.104675364 -0.206092503 0.646756770
10095.319751797 80.552662195 57.832241779 1.227583571 0.729188741 -0.098636249 -0.199298672 0.647174404
10095.353127632 80.542735147 57.780166238 1.227896293 0.732100877 -0.090588182 -0.190765101 0.647634746
10095.386533919 80.531272533 57.708793007 1.228885302 0.736800070 -0.076184286 -0.175957888 0.648352090
10095.419848821 80.525492649 57.665402248 1.229275711 0.739664846 -0.066796237 -0.166349664 0.648661675
10095.453220088 80.517070394 57.603670590 1.228342140 0.743271597 -0.054185948 -0.153457432 0.648892929
10095.486586813 80.512197101 57.551662782 1.227991907 0.745576221 -0.045842761 -0.144764098 0.648889740
10095.519955227 80.507662362 57.508874615 1.226470694 0.746831624 -0.041802255 -0.140138573 0.648734366
10095.553341425 80.502388467 57.460130715 1.223769073 0.747645853 -0.040086168 -0.137474731 0.648474731
10095.586693705 80.494094177 57.391721965 1.219362425 0.748520990 -0.039527673 -0.135086370 0.648001206
10095.620056155 80.488751392 57.349793117 1.216875066 0.749095213 -0.038910332 -0.133140867 0.647777630
10095.653416102 80.483180725 57.292162082 1.214322061 0.749858740 -0.037343879 -0.129562237 0.647712074
10095.686785955 80.480265391 57.250553891 1.213256984 0.750209755 -0.036163908 -0.126898262 0.647899936
10095.720132543 80.476829305 57.182145425 1.213437134 0.750197439 -0.035455525 -0.123530846 0.648603761
10095.753513411 80.475132777 57.144054171 1.213389236 0.750098381 -0.035344052 -0.121704602 0.649069493
10095.786865676 80.476756260 57.106648404 1.214997505 0.749893788 -0.035130164 -0.119630974 0.649702708
10095.820225913 80.480390593 57.042822265 1.218792779 0.749149150 -0.035820008 -0.117111719 0.650981815
10095.853606543 80.481948009 57.004968981 1.219469479 0.748651535 -0.036546807 -0.115868642 0.651735888
10095.886968912 80.487125374 56.958340304 1.221482603 0.748072132 -0.036618353 -0.113499903 0.652813108
10095.920315542 80.495785741 56.901563923 1.225427865 0.747772052 -0.033644590 -0.108074800 0.654236072
10095.953690637 80.500647558 56.863946262 1.226850414 0.747859882 -0.029930774 -0.103067462 0.655123533
10095.987061352 80.509534066 56.820100605 1.229820430 0.748196283 -0.023415158 -0.095178791 0.656197417
10096.020438605 80.516961098 56.769001070 1.230686076 0.748638763 -0.015099884 -0.085563341 0.657260154
10096.053800575 80.524262037 56.712632939 1.229555240 0.748997679 -0.005564709 -0.074992728 0.658291426
10096.087154130 80.527606828 56.665906602 1.226507589 0.749189193 0.001649764 -0.067082563 0.658948223
10096.120515621 80.536556859 56.587738801 1.219762860 0.749036841 0.014048646 -0.053781832 0.660192366
10096.153886858 80.541450118 56.545925428 1.215089999 0.748655943 0.019966274 -0.047593549 0.660946655
10096.187257338 80.545982123 56.499398200 1.209167792 0.748037327 0.024933149 -0.042336585 0.661835410
10096.220610236 80.556440248 56.424935665 1.201306547 0.746356440 0.030545889 -0.036406706 0.663847547
10096.253996088 80.562601545 56.384776466 1.198163201 0.745207753 0.032270877 -0.034709873 0.665146014
10096.287348941 80.573036697 56.327440015 1.195627150 0.743478705 0.033734783 -0.033390696 0.667073040
10096.320726636 80.585109397 56.270192905 1.195353860 0.741676831 0.035255444 -0.032269874 0.669052455
10096.354085324 80.594530388 56.228950903 1.195561456 0.740511597 0.037428052 -0.030758952 0.670295160
10096.387445154 80.610552566 56.171098111 1.198109369 0.739064023 0.043256524 -0.026496661 0.671722539
10096.420812571 80.628747956 56.113372216 1.201002426 0.737872458 0.053063377 -0.019132170 0.672578972
10096.454195613 80.642439524 56.071095820 1.203231764 0.737136111 0.061945553 -0.012487045 0.672783157
10096.487547635 80.664489999 56.010919819 1.206617023 0.735975655 0.076172669 -0.001966926 0.672706244
10096.520930515 80.684359553 55.947693798 1.207769590 0.734797893 0.088291043 0.006415258 0.672484641
10096.554296919 80.699112654 55.905418163 1.208348814 0.733961790 0.094118762 0.010015717 0.672563331
10096.587654590 80.720358376 55.844002857 1.208053646 0.732841813 0.097757729 0.011089348 0.673248342
10096.621026346 80.742880296 55.786190764 1.207780349 0.731888155 0.095688503 0.007515841 0.674630974
10096.654413890 80.759353361 55.745541280 1.207791854 0.731207552 0.091270927 0.002714843 0.676016097
10096.687741770 80.781884109 55.684454043 1.207449970 0.729867275 0.081599631 -0.006661067 0.678668469
10096.721101112 80.806246389 55.628186665 1.209223106 0.728072615 0.071143342 -0.016256338 0.681604448
10096.754507081 80.824742423 55.589440195 1.211638917 0.726554941 0.065166135 -0.021482181 0.683673759
10096.787847373 80.851506834 55.530198976 1.214845471 0.724410095 0.060605331 -0.024814269 0.686251601
10096.821209703 80.883520703 55.474778914 1.221197190 0.722108354 0.062062446 -0.022161812 0.688633888
10096.854573045 80.905182353 55.438641065 1.225814165 0.720500497 0.065894527 -0.017556999 0.690093252
10096.887939883 80.939230810 55.384618338 1.233739507 0.717695075 0.074152772 -0.007814252 0.692354016
10096.921299113 80.971523623 55.334033215 1.242054483 0.714550091 0.081814777 0.002376373 0.694779722
10096.954672982 80.994947175 55.304167655 1.248679208 0.712075175 0.085448203 0.008476796 0.696832615
10096.988042321 81.025887383 55.253233785 1.255117513 0.708257253 0.088190905 0.015918412 0.700243267
10097.021416422 81.055080237 55.202290956 1.260338217 0.704141853 0.089015946 0.022549248 0.704096544
10097.054769629 81.075547527 55.167929440 1.263392194 0.701180774 0.089435662 0.027567484 0.706814557
10097.088139035 81.106203423 55.118135713 1.267078051 0.696582492 0.090848883 0.036113394 0.710784872
10097.121497949 81.136206014 55.067523496 1.269268350 0.691839959 0.093701850 0.046290374 0.714447084
10097.154870993 81.157277653 55.033223441 1.270487789 0.688376106 0.096253946 0.054355802 0.716881414
10097.188231608 81.188303081 54.987640166 1.272897561 0.683212781 0.100076950 0.066669000 0.720250057
10097.221596165 81.216953366 54.936153140 1.274810372 0.678000076 0.103591262 0.079457189 0.723374939
10097.254967208 81.238458404 54.900927297 1.277277556 0.674142022 0.105467671 0.088902230 0.725606986
10097.288335078 81.267476742 54.854337794 1.281594621 0.669110204 0.106493997 0.100810584 0.728551844
10097.321693086 81.295260637 54.807910419 1.286456252 0.664665953 0.104336215 0.111056874 0.731436598
10097.355068660 81.315090235 54.775963296 1.289758050 0.662124361 0.102369529 0.117729240 0.732974513
10097.388492815 81.347049785 54.728981848 1.294624571 0.658666448 0.102127849 0.129505799 0.734136677
10097.421798405 81.380311437 54.681761981 1.298387097 0.655230067 0.107090362 0.144914548 0.733624555
10097.455156180 81.405273605 54.650470148 1.300330303 0.652465273 0.113349212 0.157816931 0.732485386
10097.488525140 81.441839059 54.604363381 1.301523956 0.648236960 0.124159570 0.177458478 0.729987489
10097.521887724 81.478564654 54.558535506 1.302562608 0.644108871 0.132690969 0.195172041 0.727615794
10097.555255266 81.503479560 54.527287497 1.301970331 0.642286023 0.135722039 0.205706845 0.725763657
10097.588622399 81.538914377 54.479009808 1.298790687 0.640318099 0.136796614 0.217950378 0.723724431
10097.621992496 81.572229728 54.431045520 1.295113136 0.639962585 0.133469930 0.227348390 0.721766152
10097.655368559 81.593571813 54.397581192 1.293105755 0.640567682 0.129739403 0.233201300 0.720040197
10097.688723589 81.626379565 54.351100206 1.292268644 0.641439726 0.124637713 0.241443476 0.717443772
10097.722089299 81.658165959 54.302007056 1.292208930 0.642431435 0.119993254 0.250469603 0.714246769
10097.755474998 81.680562072 54.268053036 1.292675669 0.642392786 0.118844195 0.258026409 0.711779416
10097.788823754 81.715804633 54.220701680 1.293038701 0.640753711 0.122573137 0.272498175 0.707216553
10097.822189731 81.751988784 54.171116367 1.295210459 0.637263788 0.132161573 0.290194552 0.701580576
10097.855563345 81.780692117 54.137414054 1.297222744 0.633792539 0.141810556 0.304225349 0.696881425
10097.888925052 81.823005005 54.092342606 1.298361997 0.627488173 0.157178106 0.325233144 0.689765929
10097.922287001 81.866303330 54.049410854 1.298471961 0.620859505 0.171757695 0.345470038 0.682409864
10097.955656987 81.900255733 54.016530324 1.297100734 0.616361022 0.180643394 0.359411306 0.676971616
10097.989028867 81.944231860 53.970006469 1.293875310 0.611736676 0.188957164 0.375516016 0.670120251
10098.022416733 81.988403136 53.926108160 1.288558528 0.608367787 0.194239130 0.389263474 0.663802488
10098.055761669 82.018646916 53.893442456 1.284641916 0.606929757 0.196031713 0.397807389 0.659512789
10098.089120366 82.061737172 53.850304983 1.278092560 0.604752599 0.198606965 0.409910917 0.653301315
10098.122487136 82.105368186 53.806798481 1.270973908 0.601382124 0.202922021 0.423748937 0.646219029
10098.155859918 82.136167573 53.779113240 1.266907597 0.597584969 0.208216719 0.434788056 0.640700671
10098.189254040 82.179960674 53.740466618 1.261236865 0.589803306 0.219274364 0.453313600 0.631314180
10098.222585747 82.224665234 53.697854014 1.257755812 0.579877472 0.233479146 0.473719225 0.620338377
10098.255959237 82.255783986 53.673568766 1.255655656 0.571979754 0.244337274 0.488700248 0.611809223
10098.289328270 82.300964686 53.637136640 1.253780573 0.560086734 0.260580587 0.510754974 0.597938095
10098.322683119 82.347063100 53.600571417 1.255514954 0.548844033 0.276242722 0.531165306 0.583372611
10098.356055039 82.380289737 53.573519862 1.257454981 0.542857204 0.285060911 0.543562810 0.573224044
10098.389413114 82.426529824 53.537193379 1.258920638 0.538581352 0.292888645 0.557429510 0.559838111
10098.422776011 82.472989205 53.501798173 1.259584003 0.538611527 0.296419815 0.567292666 0.547916004
10098.456149413 82.505085115 53.476426778 1.259850622 0.540362873 0.297257455 0.572643639 0.540115944
10098.489508475 82.555005879 53.428071807 1.256553989 0.544172137 0.297642902 0.579122700 0.529057923
10098.522875973 82.605511057 53.379067274 1.251493482 0.548141331 0.297876421 0.584719190 0.518569367
10098.556249813 82.640799752 53.345589514 1.246627529 0.550238469 0.298533473 0.588885921 0.511203252
10098.589611890 82.690770502 53.298517551 1.240422425 0.551344341 0.300627120 0.595807584 0.500655646
10098.622983124 82.742493729 53.251932831 1.234971777 0.551094162 0.303605466 0.603344548 0.489994186
10098.656347243 82.776635697 53.222657686 1.232440332 0.551074575 0.305107575 0.607884490 0.483427996
10098.689711315 82.828241795 53.175678266 1.229816902 0.552337516 0.306247952 0.613423189 0.474180820
10098.723075779 82.877222488 53.132984477 1.229563856 0.554825267 0.305367874 0.617244504 0.466828241
10098.756461556 82.910336821 53.104747815 1.230100100 0.557208394 0.303847698 0.619109794 0.462491562
10098.789816516 82.956436550 53.064137951 1.229457115 0.560671208 0.301344908 0.621238195 0.457058146
10098.823173495 83.003152587 53.023751449 1.228795476 0.564162737 0.298576234 0.622695962 0.452573063
10098.856543333 83.034865208 52.997270021 1.228342189 0.566157118 0.297117335 0.623545919 0.449864307
10098.889918949 83.080750932 52.960712072 1.226438141 0.568844968 0.295566083 0.624381779 0.446322178
10098.923271640 83.128044628 52.927158793 1.224179057 0.571348157 0.294842235 0.624862210 0.442918231
10098.956646220 83.162010918 52.907681994 1.225665405 0.572772031 0.294943258 0.625171296 0.440569548
10098.990002882 83.213758049 52.874153734 1.223169339 0.575634527 0.295299331 0.624811357 0.437097203
10099.023381818 83.268518875 52.837907507 1.218355453 0.578781994 0.295934915 0.623863984 0.433852117
10099.056743935 83.307639454 52.814247476 1.215448705 0.580568069 0.296927217 0.623371841 0.431488695
10099.090136883 83.363419206 52.780982622 1.209916413 0.581588972 0.299722219 0.623745238 0.427624527
10099.123475692 83.418974550 52.745935269 1.203760577 0.581896772 0.302827709 0.624714533 0.423583849
10099.156842624 83.458941994 52.721864569 1.199755231 0.581619641 0.305115418 0.625859027 0.420622935
10099.190218257 83.516163610 52.689691739 1.193355910 0.578468625 0.310406044 0.629742468 0.415266856
10099.223583181 83.558958053 52.667480265 1.189804790 0.573706404 0.316650307 0.634420758 0.410004692
10099.256943120 83.613629839 52.642777452 1.185880217 0.565948124 0.325437583 0.641723979 0.402471658
10099.290302988 83.669478782 52.622584915 1.182875722 0.558203956 0.333948205 0.649070418 0.394454727
10099.323672009 83.725160894 52.603395522 1.181204761 0.551726823 0.341576660 0.655341431 0.386588291
10099.357041049 83.763937218 52.591993700 1.180269769 0.548850941 0.345901625 0.658501820 0.381431597
10099.390414993 83.820142557 52.575864613 1.177782496 0.548098300 0.350360147 0.660661173 0.374650285
10099.423774934 83.876712541 52.561887840 1.175769178 0.551485193 0.352298871 0.659763252 0.369407686
10099.457143878 83.914829415 52.550850031 1.173648472 0.555866927 0.352466916 0.657645710 0.366443929
10099.490516042 83.972529660 52.540401305 1.170887915 0.563222543 0.352006142 0.653690326 0.362713387
10099.523879959 84.031861733 52.531081780 1.167078227 0.570326251 0.351791828 0.649706210 0.358960051
10099.557256736 84.063979216 52.537083795 1.164770123 0.574067838 0.351961393 0.647732501 0.356387293
10099.590608659 84.125868403 52.521838760 1.159636416 0.578503250 0.352577989 0.645551693 0.352541860
10099.623981450 84.184778332 52.513530668 1.155625587 0.581469866 0.353540872 0.644255619 0.349050633
10099.657341365 84.227791423 52.504031629 1.153270585 0.583630544 0.353885024 0.643146005 0.347136851
10099.690709576 84.288441443 52.488616883 1.150402847 0.588471775 0.352653706 0.640169048 0.345716536
10099.724079619 84.348349312 52.473165150 1.149348608 0.595123404 0.349599309 0.635636933 0.345794948
10099.757453715 84.386685024 52.464337726 1.149717460 0.599842541 0.347051519 0.632359170 0.346216766
10099.790810706 84.442749165 52.446172662 1.151076780 0.606062461 0.343108219 0.628145119 0.346985234
10099.824184419 84.490006056 52.433499097 1.152295961 0.610651921 0.339822889 0.625336628 0.347244492
10099.857544155 84.530409528 52.423247112 1.153198835 0.613304883 0.337648073 0.624086865 0.346938732
10099.890909115 84.582437290 52.408784576 1.153822413 0.615216065 0.335786479 0.623880526 0.345730709
10099.924286100 84.638324183 52.393757793 1.153337056 0.615831502 0.334889812 0.624881540 0.343690901
10099.957651269 84.695532064 52.375364968 1.150816669 0.615782350 0.334545273 0.626452765 0.341245500
10099.991019326 84.736357691 52.366092764 1.148621488 0.615337719 0.334724257 0.627851531 0.339295768
10100.024413373 84.780178481 52.352413253 1.144802718 0.614822946 0.334916359 0.629311936 0.337328126
10100.057744463 84.840611377 52.337883126 1.139243474 0.613793931 0.335599288 0.631358451 0.334688863
10100.091124402 84.900226912 52.326701151 1.132955123 0.612542119 0.336275839 0.633468375 0.332307886
10100.124514362 84.963366901 52.315300324 1.127327948 0.609798067 0.337754872 0.636681122 0.329704583
10100.157838424 85.006688198 52.306852126 1.123679283 0.606502342 0.339508392 0.640069609 0.327413892
10100.191202269 85.065225309 52.299836585 1.121559295 0.600108338 0.343317383 0.645961838 0.323630130
10100.224595283 85.125693518 52.293698680 1.121880839 0.593229010 0.347423222 0.652117770 0.319560419
10100.257946373 85.186675337 52.285217203 1.123536174 0.588035126 0.350584368 0.656922955 0.315844143
10100.291308373 85.228261143 52.282312655 1.125231549 0.585549218 0.352328182 0.659282420 0.313597922
10100.324690141 85.286689702 52.277902538 1.127323128 0.583484998 0.354208255 0.661614149 0.310400527
10100.358041925 85.345597224 52.275157725 1.129337401 0.582101814 0.355998776 0.663510750 0.306880813
10100.391414985 85.388448123 52.272830721 1.129808570 0.581542047 0.357206626 0.664605506 0.304157517
10100.424810814 85.449765623 52.270566714 1.129500783 0.582205672 0.358201377 0.665195583 0.300405003
10100.458144498 85.494290649 52.266115199 1.127154985 0.584412625 0.357890932 0.664360246 0.298331072
10100.491505329 85.554864215 52.259303989 1.122730258 0.588750253 0.356660945 0.662014973 0.296483195
10100.524886281 85.609700492 52.252827267 1.117567732 0.593260699 0.355170501 0.659377276 0.295156342
10100.558244223 85.659206452 52.247563145 1.111982489 0.597158129 0.353760555 0.657026778 0.294230268
10100.591602279 85.718416103 52.240514579 1.105039288 0.601363141 0.351955381 0.654300662 0.293905471
10100.625007053 85.779966783 52.231424242 1.098621031 0.605735777 0.349266491 0.651258927 0.294887941
10100.658341796 85.822675764 52.224947816 1.094553099 0.609180934 0.346773123 0.648682548 0.296408406
10100.691704575 85.877318878 52.214770557 1.091008852 0.614912236 0.342327303 0.644001792 0.299927743
10100.725084462 85.932925922 52.201259328 1.088455628 0.621805420 0.336279782 0.638250831 0.304811095
10100.758450450 85.967472374 52.192509990 1.086706306 0.626271891 0.331519069 0.634529679 0.308627141
10100.791802185 86.015063909 52.179401142 1.086793547 0.629842558 0.326146230 0.631706866 0.312847287
10100.825194575 86.061679988 52.165272239 1.087550273 0.630964614 0.321334878 0.631250835 0.316464747
10100.858539010 86.105273386 52.149887779 1.088922936 0.630992853 0.316794065 0.631759913 0.319951485
10100.891906990 86.134746084 52.139478796 1.089741721 0.631527095 0.313136513 0.631539478 0.322919403
10100.925306799 86.177842130 52.121789751 1.090712559 0.633893572 0.306975632 0.629573577 0.327996971
10100.958632083 86.207716946 52.110081284 1.091562202 0.636678748 0.301859919 0.626958039 0.332331729
10100.992000930 86.248066102 52.094700430 1.092642351 0.640755102 0.295134373 0.622832063 0.338243733
10101.025403701 86.290021299 52.079695457 1.094413893 0.643868753 0.289015869 0.619151491 0.344317134
10101.058737503 86.340949287 52.061181416 1.096656416 0.645250776 0.284610014 0.616609131 0.349916785
10101.092107277 86.369604105 52.053952909 1.098909687 0.645625262 0.281899415 0.615194607 0.353887463
10101.125479034 86.414154622 52.040265187 1.102060997 0.646382721 0.277701162 0.612740567 0.360028389
10101.158832765 86.458435565 52.028246560 1.105872872 0.647274753 0.273317944 0.609934033 0.366487613
10101.192209578 86.492458137 52.015994797 1.107930463 0.647636447 0.270431018 0.608128450 0.370963455
10101.225604258 86.540341155 52.000376381 1.110827628 0.647884052 0.266354135 0.605817658 0.377209087
10101.258936550 86.581044817 51.989371769 1.113040371 0.649277968 0.261310885 0.602419081 0.383726456
10101.292302866 86.608014766 51.981956885 1.114131447 0.651657086 0.256678184 0.598581250 0.388792798
10101.325675272 86.652005927 51.967947034 1.113593612 0.656860160 0.248342878 0.591182671 0.396690805
10101.359032264 86.690822851 51.955907603 1.112932976 0.661666088 0.240426632 0.584091566 0.404017406
10101.392400109 86.720212016 51.947497327 1.112584840 0.663790065 0.236018453 0.580348152 0.408502218
10101.425770892 86.763837693 51.935530667 1.112392885 0.665129676 0.231470639 0.576653929 0.414118465
10101.459131776 86.809277688 51.921918689 1.111954116 0.665817906 0.227747661 0.573638308 0.419233361
10101.492496135 86.842200778 51.910628303 1.111738481 0.666746657 0.224885929 0.571032834 0.422843608
10101.525883522 86.890683738 51.891904372 1.111108079 0.669455664 0.219558115 0.565955189 0.428156597
10101.559229016 86.937371421 51.872898744 1.109592934 0.673393824 0.213017544 0.559661018 0.433524889
10101.592597205 86.970498015 51.859013357 1.108526299 0.676812883 0.207581504 0.554506576 0.437443365
10101.625968914 87.017825156 51.838302846 1.107545609 0.682213994 0.198852262 0.546430020 0.443233661
10101.659330142 87.061628709 51.818299879 1.107074695 0.688528167 0.188251094 0.537129004 0.449425101
10101.692724231 87.089863358 51.804985184 1.107422280 0.692835652 0.180479923 0.530613863 0.453712118
10101.726082196 87.127806838 51.786713997 1.108066055 0.698954354 0.168021676 0.520834354 0.460394508
10101.759436370 87.161833221 51.768454654 1.109483736 0.702782377 0.157125794 0.513704089 0.466386668
10101.792799420 87.186109141 51.755526600 1.110465472 0.703514294 0.151559924 0.511249947 0.469809237
10101.826178434 87.220300017 51.736026760 1.112631667 0.701956731 0.146738680 0.511051715 0.473867759
10101.859546503 87.258454488 51.712554942 1.115707735 0.698902726 0.144348729 0.512828956 0.477184332
10101.892894629 87.284481592 51.695669762 1.117288441 0.696923372 0.143192872 0.514113598 0.479041568
10101.926271314 87.323145544 51.671070573 1.119412519 0.694420379 0.142134700 0.515590520 0.481398462
10101.959628365 87.363669297 51.646023274 1.120623275 0.692412647 0.141804517 0.516638500 0.483260661
10101.992996295 87.394522944 51.627107533 1.121205939 0.691335110 0.142146037 0.517110575 0.484197194
10102.026382941 87.433869503 51.603903458 1.120712445 0.690135333 0.143169198 0.517600752 0.485082739
10102.059729930 87.481400988 51.574546473 1.119157692 0.688994728 0.144767745 0.518149471 0.485643584
10102.093100618 87.513228109 51.554433187 1.118120969 0.687899205 0.146258715 0.518960848 0.485883434
10102.126485046 87.558087029 51.526286323 1.117669115 0.685630241 0.149262153 0.520986279 0.486009547
10102.159829894 87.602294279 51.498095559 1.119074378 0.682409460 0.153382692 0.524142741 0.485865687
10102.193202700 87.635242505 51.476679161 1.121699440 0.679881206 0.156537292 0.526716727 0.485620337
10102.226567214 87.677604362 51.445537907 1.126280586 0.677221974 0.159704520 0.529317626 0.485476791
10102.259927988 87.717666999 51.412722848 1.130552698 0.676980751 0.159654873 0.529383485 0.485757666
10102.293302944 87.741013030 51.391001626 1.133079660 0.677831288 0.158149114 0.528219858 0.486330529
10102.326661972 87.778222935 51.358496077 1.134825149 0.680192354 0.154707855 0.525189548 0.487421562
10102.360025894 87.809052672 51.326591067 1.137894214 0.682812247 0.150486169 0.521893644 0.488618842
10102.393439591 87.828663913 51.304898479 1.140145009 0.684191649 0.147905833 0.519978849 0.489517772
10102.426771544 87.855283024 51.272595566 1.142815471 0.685847818 0.144209032 0.517290588 0.491148625
10102.460138628 87.878531248 51.240316283 1.144101244 0.688122433 0.139278165 0.513352968 0.493515796
10102.493498709 87.896137409 51.214558779 1.143587993 0.690739661 0.134094645 0.508857731 0.495944711
10102.526859765 87.912987250 51.181805006 1.140429080 0.696285830 0.123384721 0.499229477 0.500731647
10102.560224786 87.927474538 51.145101963 1.135485670 0.703953940 0.107779485 0.485465339 0.507105352
10102.593610538 87.932098544 51.122947371 1.131501617 0.709489788 0.095274657 0.474799403 0.511969245
10102.626976554 87.937404958 51.085574077 1.124034599 0.718395789 0.073046067 0.456475967 0.519809056
10102.660351531 87.931867073 51.053728275 1.115943998 0.726408448 0.048242042 0.437206818 0.528065972
10102.693707116 87.925608401 51.031041480 1.110639534 0.730936070 0.030317088 0.424070600 0.533832804
10102.727067572 87.908340955 51.002832943 1.104204013 0.734652693 0.006313497 0.408240912 0.541834770
10102.760439520 87.887093287 50.975109259 1.099287086 0.735162540 -0.015337425 0.396199950 0.549842161
10102.793791305 87.871418593 50.955897307 1.096748388 0.734331333 -0.029208842 0.389435866 0.555197301
10102.827160200 87.844365516 50.929671547 1.093469734 0.732380095 -0.049306140 0.379967053 0.562861742
10102.860523226 87.800630535 50.915305454 1.090182155 0.729978417 -0.070077532 0.369906655 0.570429414
10102.893911209 87.781195644 50.895453537 1.087954882 0.728299663 -0.085318039 0.362063065 0.575509139
10102.927267114 87.755421195 50.864391353 1.084921818 0.725559253 -0.107525873 0.350153982 0.582575442
10102.960643137 87.719338246 50.839961819 1.080599450 0.721581128 -0.129104394 0.338411741 0.590025614
10102.994009153 87.697096258 50.821559695 1.077746417 0.717935032 -0.142124288 0.331465726 0.595399403
10103.027388153 87.659892437 50.799372795 1.075675752 0.711285324 -0.157155168 0.323896516 0.603710600
10103.060725633 87.626879628 50.775485799 1.073794290 0.703050766 -0.168038428 0.318772033 0.613080010
10103.094123646 87.602930709 50.759480622 1.074206252 0.696778447 -0.173762734 0.315957621 0.620062166
10103.127466648 87.565183285 50.738439281 1.076610651 0.687745347 -0.180413791 0.311616701 0.630358813
10103.160825509 87.531572858 50.713079523 1.080779692 0.679867430 -0.187206250 0.305359006 0.639914038
10103.194213529 87.505530664 50.697670652 1.084265847 0.675250528 -0.193141110 0.299117917 0.645957977
10103.227563509 87.469320409 50.675799555 1.089105974 0.669355057 -0.203657105 0.287563580 0.654060225
10103.260929599 87.434415818 50.656277224 1.091711992 0.664027393 -0.215765066 0.273628133 0.661544180
10103.294323661 87.408063669 50.646706917 1.095535872 0.660367414 -0.224993252 0.262987642 0.666431103
10103.327670676 87.371950583 50.629770607 1.099122276 0.654988918 -0.238657409 0.246478095 0.673261247
10103.361024562 87.337274782 50.613150834 1.102286312 0.649817953 -0.251426115 0.229955897 0.679442287
10103.394427300 87.313982132 50.601644171 1.104323477 0.646452882 -0.259909263 0.218435728 0.683250817
10103.427765370 87.277957149 50.582903738 1.107191545 0.641571636 -0.273399700 0.199856754 0.688255561
10103.461123366 87.241439683 50.563798064 1.109175652 0.636870720 -0.287389140 0.180236655 0.692327897
10103.494508360 87.216512928 50.550978233 1.110963991 0.633629232 -0.296269672 0.167454863 0.694764094
10103.527872224 87.179035385 50.530947510 1.112855351 0.628479979 -0.308441137 0.148412403 0.698463127
10103.561232935 87.142443727 50.509654552 1.114445482 0.622922443 -0.317917628 0.131175687 0.702630025
10103.594596611 87.117528678 50.495014753 1.115454345 0.618791422 -0.323407915 0.119519333 0.705846743
10103.627960343 87.081362861 50.473729187 1.117308952 0.612615475 -0.331622555 0.101899590 0.710172680
10103.661330817 87.043091110 50.452870473 1.120537918 0.606085061 -0.342929388 0.081117320 0.713078056
10103.694696511 87.016767232 50.438852331 1.122514911 0.601438050 -0.352848361 0.064960457 0.713828022
10103.728051283 86.978516874 50.419249993 1.126704595 0.594297460 -0.369353044 0.039989068 0.713294982
10103.761444165 86.941866869 50.401961707 1.131620018 0.586374727 -0.386595674 0.014071731 0.711695476
10103.794793972 86.916513244 50.391035699 1.135301152 0.580137964 -0.398443087 -0.003866405 0.710399958
10103.828163533 86.883288695 50.377799508 1.141220684 0.571017265 -0.412593777 -0.027889862 0.709174036
10103.861539213 86.854022978 50.368288082 1.148504135 0.562735603 -0.421661403 -0.047693712 0.709405111
10103.894897725 86.830305195 50.357036917 1.153699860 0.556442199 -0.426838928 -0.062647987 0.710109737
10103.928254307 86.799456372 50.339735503 1.159841570 0.549110263 -0.431693840 -0.080480043 0.711084601
10103.961622853 86.767747882 50.319646705 1.165590105 0.542567592 -0.435587735 -0.097546684 0.711595656
10103.995001344 86.744136817 50.302885880 1.169614818 0.538491149 -0.437881189 -0.109170018 0.711596272
10104.028383805 86.707107115 50.280297226 1.174995551 0.533244972 -0.440249321 -0.125212402 0.711443736
10104.061716179 86.670758265 50.252370561 1.179866636 0.529231809 -0.441203919 -0.140035757 0.711085636
10104.095089948 86.645852871 50.232473092 1.183271869 0.526924108 -0.441019060 -0.149409057 0.711006404
10104.128464904 86.599539428 50.194343100 1.185653220 0.524441188 -0.438954805 -0.162186064 0.711319760
10104.161826809 86.560443486 50.159758223 1.192503611 0.523238669 -0.433103742 -0.172411941 0.713383884
10104.195189449 86.521086286 50.122708646 1.201627565 0.523550322 -0.423399709 -0.180562012 0.716955443
10104.228553130 86.493929516 50.096753808 1.208918303 0.523883941 -0.416905150 -0.185726619 0.719194922
10104.261920945 86.454790349 50.061322001 1.219301519 0.523781752 -0.409907059 -0.193381598 0.721271403
10104.295289541 86.419235578 50.026580812 1.231290551 0.523342339 -0.405005338 -0.201401222 0.722164123
10104.328650166 86.394635074 50.002794656 1.241108904 0.523019152 -0.402100571 -0.206733912 0.722514489
10104.362018330 86.355665571 49.967730710 1.252504298 0.523002925 -0.398267937 -0.213279239 0.722746538
10104.395405163 86.311090963 49.936500061 1.264063906 0.523569270 -0.394672883 -0.218197249 0.722840573
10104.428760477 86.281371105 49.912897241 1.269915813 0.524193945 -0.392498347 -0.221262512 0.722640060
10104.462113139 86.237825479 49.877202067 1.274744631 0.525025555 -0.390633190 -0.225442905 0.721754372
10104.495481810 86.192384706 49.842749233 1.276525040 0.525348594 -0.390870550 -0.229857081 0.719996382
10104.528842415 86.159519825 49.819542680 1.276034500 0.525215709 -0.392504811 -0.233212371 0.718122846
10104.562209208 86.111369001 49.785736517 1.272671201 0.524341270 -0.396908643 -0.238532575 0.714585175
10104.595578988 86.063234026 49.753785549 1.267386218 0.523078419 -0.402192813 -0.243359302 0.710919235
10104.628937634 86.028406972 49.730820155 1.263720528 0.522427734 -0.404844105 -0.245938116 0.709002790
10104.662304074 85.982353382 49.701207294 1.260630018 0.522342234 -0.406789549 -0.248062425 0.707209931
10104.695675662 85.936705094 49.666900059 1.256922869 0.522509758 -0.408033535 -0.249422848 0.705889814
10104.729049369 85.905419662 49.644111282 1.255808852 0.522507716 -0.409281432 -0.250501923 0.704785913
10104.762427148 85.863972526 49.615111257 1.253927798 0.521698149 -0.411789460 -0.252548369 0.703192579
10104.795799006 85.837854780 49.598397794 1.252156220 0.520873578 -0.413459049 -0.253821863 0.702365142
10104.829136845 85.798504361 49.570678065 1.251385576 0.520418120 -0.414387652 -0.254642881 0.701858146
10104.862502505 85.758498419 49.541261877 1.251077780 0.520889217 -0.413635552 -0.254255616 0.702092682
10104.895871162 85.717965815 49.510725423 1.251639256 0.522136451 -0.411729022 -0.252828162 0.702802005
10104.929230966 85.683827673 49.486816918 1.253693379 0.523563683 -0.409719794 -0.251325983 0.703452920
10104.962599685 85.638432987 49.454428950 1.256777566 0.526342170 -0.405988770 -0.248684602 0.704480665
10104.995973486 85.590322559 49.416222848 1.258452931 0.529912967 -0.400811222 -0.245480751 0.705890794
10105.029367122 85.554556029 49.389620700 1.260815336 0.532818915 -0.396078480 -0.242827911 0.707290921
10105.062699979 85.504569670 49.350262460 1.263725982 0.537155472 -0.388337396 -0.238720605 0.709697498
10105.096069790 85.449473143 49.307164344 1.266456050 0.541295556 -0.380588732 -0.234669971 0.712096442
10105.129432406 85.411793518 49.280412330 1.268702228 0.543890555 -0.375176345 -0.231883208 0.713901921
10105.162808909 85.360473078 49.240928472 1.273305702 0.547617646 -0.366146046 -0.227077802 0.717277951
10105.196172023 85.310992183 49.200077859 1.278047164 0.551461630 -0.355739330 -0.220722142 0.721540945
10105.229535749 85.278848478 49.172460111 1.280967596 0.553952854 -0.347370494 -0.215823918 0.725182744
10105.262914105 85.232867936 49.130922877 1.284926415 0.557305170 -0.334685308 -0.207812219 0.730897239
10105.296266360 85.191615701 49.093422202 1.290171122 0.560104744 -0.321980430 -0.199656223 0.736714782
10105.329650399 85.163327560 49.066097923 1.293512486 0.561721349 -0.314359888 -0.194700403 0.740093737
10105.363001728 85.118460221 49.026701457 1.297315827 0.562449940 -0.308618361 -0.190570639 0.743025978
10105.396368139 85.073866174 48.990677423 1.299898076 0.561299436 -0.309802402 -0.190692237 0.743371970
10105.429727009 85.044307642 48.967900597 1.300917286 0.559600019 -0.313393842 -0.192898722 0.742578078
10105.463095201 85.001569397 48.931531524 1.299874092 0.556792835 -0.319865540 -0.197404400 0.740742383
10105.496461855 84.952990684 48.892877565 1.296773257 0.553960959 -0.326111518 -0.202106830 0.738871682
10105.529827095 84.919243463 48.863903982 1.293325698 0.551979014 -0.329691797 -0.205191094 0.737915376
10105.563193918 84.870019045 48.826037612 1.288766854 0.549029368 -0.333807249 -0.209358017 0.737094766
10105.596567755 84.821514043 48.787229916 1.285006881 0.546446525 -0.336021746 -0.212936766 0.736982711
10105.629936760 84.790830780 48.762063234 1.283928590 0.544856845 -0.337073327 -0.215261365 0.737004163
10105.663301558 84.749294343 48.725983941 1.283679273 0.542258451 -0.338961350 -0.219147132 0.736909432
10105.696672515 84.714925943 48.691163939 1.283845480 0.540019690 -0.340564035 -0.222821604 0.736712566
10105.730040004 84.685833314 48.666179103 1.284858914 0.538268800 -0.342124102 -0.225721233 0.736388296
10105.763422553 84.641653976 48.631141268 1.286419740 0.535453355 -0.345838967 -0.230490083 0.735227472
10105.796764283 84.596781141 48.598385557 1.288307978 0.532409774 -0.350881181 -0.236037398 0.733286149
10105.830134713 84.565309131 48.576887392 1.289812640 0.530875553 -0.353996885 -0.239393201 0.731811620
10105.863491962 84.514963773 48.544750806 1.292210857 0.529880810 -0.356905306 -0.243280844 0.729835160
10105.896861882 84.468557890 48.506100966 1.293680141 0.530564526 -0.357214964 -0.245367425 0.728487186
10105.930229486 84.433893539 48.475493708 1.294795405 0.532243728 -0.355818392 -0.245692054 0.727836040
10105.963588838 84.384833661 48.434782595 1.295956525 0.536283683 -0.350808974 -0.244361310 0.727750249
10105.996959878 84.332127172 48.389099559 1.296189561 0.541957720 -0.342632143 -0.241205904 0.728494857
10106.030356589 84.293515157 48.360367502 1.295936818 0.545859700 -0.336804213 -0.238851642 0.729074758
10106.063688409 84.242828369 48.318219230 1.295486763 0.551120073 -0.328837996 -0.235847197 0.729731689
10106.097060626 84.187028007 48.269811942 1.294020397 0.556079590 -0.322262296 -0.233723749 0.729585986
10106.130457468 84.148234674 48.240010912 1.293255694 0.558939159 -0.319416406 -0.233447857 0.728740196
10106.163790804 84.097727779 48.200145657 1.293146316 0.561649203 -0.318695270 -0.235075224 0.726445550
10106.197166668 84.049973346 48.160464868 1.293184785 0.563089159 -0.321150401 -0.238697735 0.723060447
10106.230522412 84.017081166 48.132071953 1.294122795 0.564001505 -0.323060502 -0.241569179 0.720540454
10106.263901384 83.974276156 48.090445700 1.296223087 0.566289714 -0.322932611 -0.244120600 0.717938452
10106.297250580 83.933964084 48.047732534 1.298952348 0.570794337 -0.316640596 -0.242754593 0.717636931
10106.330617540 83.906102044 48.016595979 1.300419794 0.575537936 -0.308069755 -0.239089509 0.718808262
10106.363990205 83.865394604 47.968064940 1.301407820 0.583909933 -0.291930382 -0.231228440 0.721359308
10106.397359003 83.821788690 47.920290845 1.300655688 0.591670323 -0.277025493 -0.223733133 0.723274907
10106.430719818 83.795915556 47.889282088 1.299554757 0.596210557 -0.269080714 -0.220076928 0.723667525
10106.464089473 83.746586698 47.838334755 1.296031609 0.600735459 -0.263819607 -0.218601635 0.722308417
10106.497453318 83.702086108 47.792410665 1.291814757 0.602525989 -0.266438925 -0.222270082 0.718727168
10106.530819251 83.674167994 47.765291309 1.289287489 0.602143581 -0.272115582 -0.227391085 0.715310780
10106.564204212 83.635229993 47.725088844 1.285465342 0.600028076 -0.284584842 -0.237672398 0.708865013
10106.597553967 83.590756460 47.682567346 1.282835657 0.596971402 -0.298289166 -0.248619978 0.702023379
10106.630913924 83.563451574 47.654257028 1.282083174 0.594853696 -0.306715885 -0.255550081 0.697688041
10106.664291568 83.524609354 47.615005151 1.281729078 0.592922821 -0.315193885 -0.262911588 0.692800722
10106.697657572 83.488435661 47.573705178 1.282428912 0.592400847 -0.318573469 -0.267186505 0.690060543
10106.731016432 83.461882678 47.544646470 1.283824517 0.592835962 -0.318193994 -0.268482900 0.689358425
10106.764419159 83.428125097 47.503088093 1.286763191 0.594104096 -0.315115223 -0.268925851 0.689508235
10106.797757587 83.395010090 47.460172677 1.290336027 0.595258797 -0.311521692 -0.269353497 0.689978183
10106.831115314 83.369119957 47.426502250 1.292261831 0.595559393 -0.309951049 -0.270515771 0.689971430
10106.864497650 83.331601788 47.377961621 1.294091097 0.595044687 -0.309975667 -0.273733641 0.689134820
10106.897846661 83.292632405 47.328255058 1.294364007 0.593123857 -0.313374330 -0.278977162 0.687147992
10106.931216441 83.269918642 47.295603216 1.294098350 0.590955340 -0.317392494 -0.283602557 0.685276135
10106.964600280 83.232617473 47.251168007 1.292527609 0.586646082 -0.325247127 -0.291230701 0.682088967
10106.997958138 83.194270263 47.205323063 1.289692431 0.581406679 -0.334149993 -0.299158990 0.678832789
10107.031331978 83.159228617 47.169349918 1.287824826 0.577656520 -0.340161369 -0.304088941 0.676855305
10107.064707796 83.132772834 47.126252301 1.286470644 0.572807516 -0.346647675 -0.309558821 0.675203877
10107.098047777 83.085110733 47.072727359 1.284761784 0.569338954 -0.350064599 -0.312210735 0.675153604
10107.131414730 83.072084924 47.044145592 1.285731777 0.567667248 -0.350020234 -0.312319746 0.676532415
10107.164807815 83.041748401 46.997382302 1.287721521 0.566486958 -0.347958167 -0.310334589 0.679492519
10107.198150761 83.008140912 46.947592111 1.290089827 0.566310199 -0.344416085 -0.306254671 0.683285003
10107.231513472 82.981418913 46.910527456 1.292818412 0.566346459 -0.342324460 -0.303343624 0.685600684
10107.264898050 82.933287321 46.850671162 1.296422586 0.566391123 -0.340834835 -0.299212194 0.688116831
10107.298250512 82.895401454 46.796022386 1.300808559 0.566070534 -0.341366937 -0.295577795 0.689685822
10107.331614888 82.869144422 46.761600400 1.302279972 0.565554062 -0.342724332 -0.293145545 0.690473985
10107.365000830 82.825452326 46.705671328 1.302717312 0.565161723 -0.344686962 -0.289078159 0.691532315
10107.398352903 82.785679783 46.648730724 1.300565279 0.565357267 -0.345408017 -0.283394175 0.693362966
10107.431710627 82.760938072 46.612410649 1.297737049 0.565886748 -0.344941692 -0.278799002 0.695024124
10107.465121707 82.722661146 46.556620520 1.291862082 0.566822112 -0.343231816 -0.271085779 0.698152644
10107.498450035 82.686992938 46.503688128 1.286600008 0.567702231 -0.341406514 -0.263238305 0.701328286
10107.531809862 82.661535576 46.466039248 1.283412512 0.568029002 -0.340969799 -0.258427417 0.703063240
10107.565200790 82.622047152 46.409192023 1.279863294 0.567463251 -0.342769548 -0.253122788 0.704573169
10107.598546594 82.582627814 46.352192459 1.277058483 0.565433273 -0.347793389 -0.249709840 0.704960970
10107.631911289 82.556660723 46.315323020 1.275615379 0.563566735 -0.352378083 -0.248042139 0.704767564
10107.665376531 82.520817346 46.262813679 1.274003935 0.560736229 -0.358518359 -0.245445742 0.704837467
10107.698646245 82.485353223 46.211372971 1.272289280 0.558276120 -0.362544670 -0.241595034 0.706060178
10107.732008787 82.464343170 46.176614665 1.271287374 0.556998900 -0.363764383 -0.237994194 0.707662675
10107.765416741 82.430115049 46.123839499 1.270087715 0.555803829 -0.363692674 -0.231847554 0.710673240
10107.798744775 82.397246045 46.070321912 1.268589744 0.555396154 -0.362115394 -0.224632598 0.714106260
10107.832109789 82.372095253 46.031792022 1.267197778 0.555519669 -0.360845109 -0.219524409 0.716238604
10107.865495619 82.341747291 45.978373014 1.265233391 0.556097485 -0.359542255 -0.212507127 0.718558053
10107.898849232 82.309474432 45.920727947 1.262834053 0.556864989 -0.359564207 -0.206167228 0.719798611
10107.932205799 82.276838458 45.873641627 1.259756713 0.557419363 -0.360721629 -0.202176633 0.719922336
10107.965602422 82.240745080 45.811263386 1.256020584 0.558177750 -0.363126476 -0.196647183 0.719657312
10107.998939124 82.205855199 45.755421773 1.249893223 0.558971247 -0.365442636 -0.190722463 0.719463527
10108.032319227 82.184604721 45.718023689 1.245184680 0.559962807 -0.365655291 -0.185596272 0.719924918
10108.065692273 82.148425187 45.659630159 1.238084746 0.562345706 -0.362745319 -0.176334065 0.721865249
10108.099039314 82.105010078 45.593861365 1.230984338 0.565126441 -0.356595982 -0.165568914 0.725298797
10108.132405884 82.081642708 45.550012311 1.226521748 0.567140642 -0.351072213 -0.157742753 0.728160022
10108.165785867 82.053658089 45.491502231 1.220566203 0.569899456 -0.343129391 -0.146793907 0.732071295
10108.199142824 82.026008370 45.430554163 1.215951304 0.571950809 -0.338971368 -0.138609380 0.734001447
10108.232504875 82.010506044 45.392997946 1.213059033 0.572941879 -0.338994799 -0.134758097 0.733934864
10108.265915477 81.984085967 45.331584600 1.209650037 0.574193588 -0.342377460 -0.130882415 0.732085509
10108.299240184 81.963020622 45.275929230 1.206804602 0.575375619 -0.347726782 -0.127941135 0.729150224
10108.332604185 81.948696524 45.237614070 1.204685141 0.576325290 -0.351389738 -0.126053232 0.726969735
10108.365984535 81.926946863 45.178957767 1.201246661 0.578236864 -0.355643618 -0.122090880 0.724053564
10108.399338868 81.921871345 45.142010917 1.198541279 0.580804192 -0.357157162 -0.116364153 0.722194320
10108.432701101 81.937249754 45.133510265 1.197970586 0.582907611 -0.356365760 -0.111213989 0.721701885
10108.466073700 81.916006602 45.073420565 1.195215911 0.585943577 -0.353800466 -0.103437694 0.721661970
10108.499433563 81.897476385 45.021932021 1.192555915 0.588388419 -0.351105174 -0.097086395 0.721871496
10108.532820425 81.870233409 44.938469485 1.189467917 0.592405529 -0.345792715 -0.086068838 0.722547744
10108.566182630 81.856264601 44.894064990 1.188141686 0.594581942 -0.342560216 -0.079793005 0.723019978
10108.599530776 81.853347164 44.862750409 1.187068417 0.596508519 -0.339543969 -0.073608905 0.723511720
10108.632897399 81.829483347 44.787617069 1.183547835 0.599222535 -0.336912902 -0.064391105 0.723378073
10108.666272274 81.816307676 44.748617276 1.180909473 0.600334519 -0.337031574 -0.060697921 0.722719825
10108.699640926 81.801972607 44.703116760 1.179013002 0.601638560 -0.338507174 -0.056653853 0.721272679
10108.733006030 81.776290663 44.633430932 1.174428027 0.603648306 -0.341628418 -0.051953848 0.718470281
10108.766387780 81.764861060 44.602423551 1.172403877 0.604799669 -0.342454749 -0.049665840 0.717269413
10108.799731259 81.736437848 44.526621885 1.169287001 0.608214038 -0.341791737 -0.042461082 0.715158128
10108.833100696 81.711947893 44.459525923 1.166380573 0.611765626 -0.337719412 -0.034148285 0.714508441
10108.866477536 81.700762637 44.426721159 1.164696689 0.613621250 -0.334445128 -0.029285668 0.714673189
10108.899825557 81.680634059 44.367258779 1.162482422 0.617149981 -0.326670947 -0.019364940 0.715567601
10108.933193455 81.651498281 44.280632154 1.160321887 0.622055679 -0.312572762 -0.004096991 0.717863647
10108.966573974 81.635487686 44.231938076 1.159250730 0.624753104 -0.303904479 0.004709899 0.719238100
10108.999936502 81.614501483 44.169020240 1.157366303 0.627604298 -0.294206427 0.014443441 0.720657208
10109.033326245 81.594728347 44.109658666 1.156259786 0.629804592 -0.289123331 0.020988390 0.720634001
10109.066666641 81.574069257 44.047969037 1.153700706 0.631890586 -0.289527712 0.023917294 0.718551289
10109.100027564 81.549899124 43.979792800 1.151037881 0.634001154 -0.294268252 0.023955452 0.714755111
10109.133407473 81.527083476 43.912160042 1.148454587 0.636178305 -0.300645545 0.023022623 0.710182638
10109.166775380 81.512472097 43.866074239 1.147314448 0.637772116 -0.304382327 0.023113106 0.707151972
10109.200131329 81.491554407 43.800598570 1.147074642 0.639991577 -0.305207125 0.025998575 0.704686786
10109.233495352 81.468789536 43.718937750 1.149420579 0.642907538 -0.296991612 0.035558632 0.705125140
10109.266873924 81.457274516 43.668284342 1.152315453 0.644695411 -0.286631812 0.044784079 0.707251311
10109.300225663 81.445504709 43.612870645 1.155902914 0.646337446 -0.272717577 0.056023202 0.710446641
10109.333614479 81.432279319 43.538232040 1.162334771 0.647991539 -0.251853671 0.071732803 0.715214023
10109.366961362 81.419989652 43.468671408 1.167601785 0.649078695 -0.235369824 0.083314858 0.718579521
10109.400342729 81.409318711 43.399800410 1.172755842 0.650214217 -0.226252880 0.089015912 0.719796689
10109.433712674 81.396243143 43.345398424 1.175138949 0.651183022 -0.226930375 0.087765019 0.718860611
10109.467065314 81.379721065 43.280509654 1.175975263 0.652805750 -0.235405010 0.080471676 0.715509220
10109.500424829 81.369791033 43.237749602 1.176274560 0.654135409 -0.245114841 0.072576388 0.711869545
10109.533798216 81.353065919 43.172774385 1.175622123 0.655997966 -0.256722359 0.062810726 0.706976033
10109.567158344 81.337433578 43.112215866 1.174356762 0.657432273 -0.260974954 0.058714246 0.704434182
10109.600524131 81.324638914 43.046463020 1.174593130 0.658926596 -0.257477415 0.060262698 0.704194241
10109.633909307 81.311512519 42.979501104 1.173672815 0.660411778 -0.249343073 0.065853568 0.705228774
10109.667266809 81.301811255 42.932819174 1.173791288 0.661348891 -0.242252354 0.070870804 0.706334744
10109.700630350 81.290402151 42.874983522 1.174124404 0.662462058 -0.232428827 0.077432386 0.707901891
10109.734018309 81.276501251 42.808499093 1.174878386 0.663556858 -0.223695401 0.082540553 0.709111925
10109.767383610 81.263096665 42.741921985 1.175413005 0.664724540 -0.216416291 0.085879725 0.709880235
10109.800722633 81.253610100 42.676666167 1.177994120 0.666013216 -0.211989828 0.086165643 0.709973373
10109.834096770 81.242172907 42.606982443 1.181571455 0.667038615 -0.209433110 0.084320672 0.709991044
10109.867453949 81.234503348 42.557428461 1.184532555 0.667646166 -0.207261609 0.082978901 0.710215266
10109.900821488 81.238670175 42.502302563 1.192358022 0.668150560 -0.200767962 0.082337391 0.711679428
10109.934206259 81.237287407 42.443282211 1.198113206 0.668472412 -0.191378991 0.083864047 0.713782556
10109.967560252 81.242799606 42.404839267 1.204378349 0.668593555 -0.182706615 0.085986384 0.715686588
10110.000920776 81.239345946 42.338636948 1.209961905 0.668833341 -0.170970836 0.088957455 0.717995478
10110.034333760 81.236245523 42.273955804 1.215811196 0.669491412 -0.163456746 0.089727933 0.719035492
10110.067655530 81.229848214 42.221138862 1.219161610 0.670227349 -0.160952150 0.089114303 0.718991201
10110.101029683 81.221626973 42.150190443 1.223281597 0.671559371 -0.159930378 0.087358716 0.718191298
10110.134389876 81.213716262 42.084604777 1.226790781 0.672977458 -0.159047965 0.086700826 0.717138796
10110.167752652 81.209463988 42.037765246 1.229414597 0.674160555 -0.158119034 0.086942400 0.716203139
10110.201119804 81.200341564 41.969600889 1.231182954 0.675901418 -0.156109686 0.088278621 0.714838390
10110.234503647 81.189461169 41.899924299 1.231530373 0.677568799 -0.155683854 0.088707459 0.713298007
10110.267862073 81.180620246 41.849435861 1.231155958 0.678800378 -0.157576666 0.087542230 0.711853917
10110.301227128 81.166138413 41.774680343 1.230173749 0.680420997 -0.162991265 0.083760513 0.709538787
10110.334583016 81.146301875 41.701142802 1.230434799 0.681442524 -0.167589087 0.080425723 0.707871237
10110.367953158 81.130434250 41.626526545 1.228132933 0.682562756 -0.171369370 0.077443071 0.706217526
10110.401304822 81.111990134 41.540211537 1.226698957 0.683455099 -0.169646573 0.078434191 0.705660857
10110.434687044 81.103516589 41.465206070 1.226062679 0.684066915 -0.161055732 0.084571087 0.706371883
10110.468047929 81.097528065 41.418141637 1.225988637 0.684334181 -0.153371832 0.090327251 0.707110174
10110.501411796 81.091656794 41.350151862 1.226688693 0.684578465 -0.140211486 0.100133149 0.708284136
10110.534780127 81.083610123 41.280346379 1.227754163 0.685037723 -0.129675127 0.108300189 0.708645714
10110.568153769 81.075211561 41.224878321 1.228678205 0.685588333 -0.124555368 0.112147921 0.708433089
10110.601509886 81.065192951 41.152280558 1.229416233 0.686755433 -0.120790789 0.114757648 0.707536037
10110.634880538 81.052478235 41.083362052 1.229962542 0.687952185 -0.120235229 0.114984247 0.706430396
10110.668249697 81.043830705 41.015933530 1.230626486 0.689353647 -0.120237853 0.114724105 0.705104806
10110.701614580 81.034761051 40.946944827 1.231577315 0.690387947 -0.119208702 0.115285213 0.704175466
10110.734972279 81.025308574 40.856914684 1.233229914 0.691094783 -0.114049868 0.118660257 0.703775797
10110.768350210 81.021091462 40.802844898 1.234340397 0.691209838 -0.108956353 0.122255905 0.703854364
10110.801701477 81.018724559 40.729720698 1.235720153 0.691083724 -0.099648017 0.128675338 0.704213189
10110.835073509 81.013632828 40.650374530 1.238411856 0.690877764 -0.088960744 0.135793306 0.704509815
10110.868446817 81.013591243 40.601188180 1.239838639 0.690875351 -0.081360980 0.140981657 0.704411678
10110.901803983 81.011625003 40.528143439 1.242315073 0.691003940 -0.069913633 0.148783216 0.703909932
10110.935173619 81.011304751 40.457367716 1.246706353 0.691664629 -0.059245663 0.155817566 0.702716784
10110.968540541 81.009883081 40.407195424 1.249774945 0.692504842 -0.053177835 0.159751984 0.701490175
10111.001905722 81.010637379 40.359701861 1.254569144 0.693826760 -0.048278475 0.162536058 0.699896882
10111.035291851 81.006728521 40.265452836 1.261212218 0.696711351 -0.041904175 0.165545337 0.696729557
10111.068635308 81.002892375 40.212262690 1.263823833 0.698687998 -0.040232833 0.165581564 0.694837496
10111.101999962 80.997314228 40.137065190 1.267036873 0.701606932 -0.040351190 0.163674855 0.692336650
10111.135373101 80.992063636 40.049701554 1.268653420 0.705865047 -0.044902527 0.157399638 0.689176067
10111.168746382 80.987263969 39.994482484 1.267427237 0.708698575 -0.050195864 0.151383107 0.687248034
10111.202105503 80.982073264 39.910466964 1.264836794 0.712643187 -0.058019224 0.142194939 0.684510085
10111.235464010 80.976849181 39.832064892 1.260038328 0.715611759 -0.061985373 0.136068311 0.682307144
10111.268826203 80.975589769 39.778034422 1.257361478 0.717107979 -0.060765533 0.135039565 0.681049200
10111.302193040 80.972490054 39.697066703 1.253273363 0.718494180 -0.052989748 0.138514000 0.679538132
10111.335569158 80.972919060 39.620637738 1.251930637 0.719112282 -0.039838065 0.146437341 0.678119871
10111.368930094 80.972286958 39.568128239 1.251503681 0.719382236 -0.030730939 0.152209164 0.677035581
10111.402295873 80.971174507 39.492594286 1.251887078 0.720260732 -0.020193109 0.158389524 0.675077384
10111.435661946 80.967435590 39.421051988 1.252696192 0.721979475 -0.016558128 0.159205826 0.673145579
10111.469029065 80.963626558 39.361623617 1.253552978 0.723862917 -0.016956512 0.157100363 0.671605860
10111.502397048 80.958698957 39.279847772 1.255856655 0.726408874 -0.019158952 0.152936431 0.669756322
10111.535766606 80.959516563 39.219760381 1.258000483 0.728137882 -0.020344213 0.150272255 0.668445650
10111.569128852 80.958295202 39.148145215 1.259695174 0.729588976 -0.020926056 0.148046850 0.667341110
10111.602495162 80.960397582 39.066810044 1.260216546 0.730629960 -0.020363776 0.146680856 0.666520746
10111.635865218 80.966574774 39.006744532 1.260284374 0.730984330 -0.018948316 0.146791349 0.666149511
10111.669229055 80.970054601 38.935797618 1.257695214 0.731024623 -0.016413717 0.148333946 0.665830783
10111.702595017 80.978812529 38.856870894 1.255194308 0.730439845 -0.010194267 0.153370783 0.665455568
10111.735963563 80.982706836 38.792730113 1.251923948 0.729853381 -0.003497476 0.159285753 0.664778052
10111.769357250 80.989738907 38.717802771 1.248037711 0.728606665 0.007781865 0.169615283 0.663552882
10111.802695158 80.994778681 38.649559810 1.245137130 0.727377664 0.018346210 0.179343956 0.662133593
10111.836059122 81.002786730 38.577311302 1.242839811 0.726432280 0.028753471 0.189465343 0.659978988
10111.869429136 81.008325543 38.507337449 1.241544505 0.726466270 0.034919853 0.195828175 0.657783162
10111.902792087 81.008779472 38.443412149 1.239620843 0.727302652 0.036333267 0.198029595 0.656121197
10111.936158060 81.020011210 38.374386945 1.239531185 0.729446642 0.034798861 0.198304091 0.653737045
10111.969526921 81.023647573 38.292947357 1.238152800 0.731615885 0.032606953 0.197889146 0.651548056
10112.002892252 81.031302233 38.215535612 1.237211063 0.733401240 0.030904413 0.198125604 0.649548908
10112.036283689 81.046423040 38.147144878 1.237321289 0.734555661 0.030650448 0.199594342 0.647804469
10112.069627302 81.049507816 38.086559899 1.236565717 0.734949396 0.031475305 0.201500260 0.646727404
10112.102986019 81.053961627 38.012547130 1.236308055 0.734800465 0.034568661 0.205549180 0.645463260
10112.136353678 81.060482792 37.940823783 1.237395976 0.733855410 0.040464303 0.211845337 0.644158699
10112.169720348 81.065522671 37.858887979 1.238087511 0.731989023 0.049431161 0.220808130 0.642644848
10112.203089138 81.069715546 37.775460727 1.238938822 0.729418825 0.060234856 0.231176136 0.640997297
10112.236457536 81.075626331 37.689950205 1.240615914 0.726282675 0.072055177 0.242162150 0.639280080
10112.269823963 81.079439292 37.633946555 1.241130981 0.724221193 0.079724989 0.249105306 0.638039290
10112.303184676 81.082955902 37.553426775 1.241190410 0.721127738 0.090674455 0.258883714 0.636185626
10112.336552683 81.084541212 37.473297885 1.240322684 0.719081492 0.099059601 0.266337183 0.634171514
10112.369935254 81.087088410 37.417629205 1.241431517 0.718126817 0.103344933 0.269920793 0.633053288
10112.403283547 81.089355541 37.348871438 1.242770068 0.717948489 0.105796441 0.271818322 0.632037879
10112.436652393 81.095228640 37.244749882 1.244778935 0.718900383 0.105718383 0.270996636 0.631321381
10112.470017352 81.097760000 37.188818347 1.245099998 0.719412427 0.105579493 0.270203672 0.631101185
10112.503385236 81.107582168 37.110075389 1.247241925 0.719032256 0.108325682 0.271333072 0.630584274
10112.536751836 81.113499000 37.024413263 1.249448325 0.717019077 0.116044043 0.276157155 0.629408174
10112.570115060 81.117976903 36.972062893 1.250070418 0.714903020 0.123720473 0.281395281 0.628031537
10112.603479611 81.123933273 36.895131910 1.251803163 0.711414084 0.136370171 0.289720495 0.625583897
10112.636852347 81.132753611 36.821268529 1.254594648 0.708623520 0.148464908 0.296895470 0.622626660
10112.670237761 81.137938976 36.741256871 1.257526684 0.707529733 0.156759716 0.300436352 0.620133911
10112.703582713 81.140684292 36.687381423 1.259030708 0.707989060 0.160091127 0.300665193 0.618645912
10112.736953582 81.143690370 36.613600098 1.261992069 0.709802774 0.161876357 0.298427497 0.617184815
10112.770342669 81.147356399 36.549941916 1.264459748 0.712140908 0.161835729 0.294688765 0.616297863
10112.803685104 81.153223012 36.500479491 1.266803056 0.714741480 0.160307177 0.289920716 0.615948216
10112.837045372 81.161933479 36.407212371 1.267527275 0.719955169 0.155240344 0.279089677 0.616176876
10112.870409799 81.167620049 36.327256818 1.266074726 0.723083581 0.152736205 0.271403719 0.616572630
10112.903785148 81.169059991 36.269297708 1.264068077 0.724406808 0.153031485 0.267613517 0.616602909
10112.937148616 81.172169004 36.185332688 1.260796757 0.724678187 0.157538762 0.265423569 0.616095279
10112.970509784 81.174091953 36.102973566 1.257640980 0.723408361 0.166498656 0.266837694 0.614618732
10113.003885837 81.175920074 36.047280969 1.256151199 0.722090535 0.174171729 0.269315145 0.612959070
10113.037253640 81.176719840 35.974935051 1.254742627 0.720319424 0.184283241 0.272853758 0.610516537
10113.070603091 81.177384230 35.915544525 1.252657730 0.719109300 0.192715990 0.275729179 0.608042582
10113.103978330 81.178768874 35.837699015 1.253507276 0.717854777 0.202047065 0.279678743 0.604682812
10113.137339545 81.179631309 35.753382567 1.253615294 0.716048848 0.212237878 0.284826537 0.600918442
10113.170717843 81.183078757 35.674928542 1.253349131 0.714487429 0.221073211 0.289564637 0.597316223
10113.204076903 81.184412512 35.633594531 1.252456221 0.713880905 0.224636303 0.291449952 0.595793177
10113.237434039 81.187304455 35.544473515 1.247312954 0.713193411 0.230131627 0.293739662 0.593389926
10113.270809357 81.191866953 35.460698297 1.239026782 0.713108663 0.233364978 0.294466226 0.591866930
10113.304177255 81.192772863 35.404711482 1.233090035 0.713038306 0.235451057 0.295271028 0.590723449
10113.337528327 81.197322819 35.332279306 1.224334396 0.712173631 0.240303715 0.298523605 0.588172170
10113.370893600 81.201710889 35.253638408 1.217421650 0.710142608 0.247582330 0.304707798 0.584425893
10113.404297503 81.202409784 35.197451896 1.213809752 0.708342830 0.253252048 0.310220113 0.581272153
10113.437625276 81.203042692 35.135594514 1.210270263 0.706606251 0.258686937 0.315945944 0.577898638
10113.470991248 81.205123961 35.029248735 1.207350110 0.704391365 0.266021043 0.325078335 0.572179767
10113.504384840 81.205404655 34.970594077 1.207363362 0.704033109 0.268169938 0.328824212 0.569470722
10113.537725830 81.205907230 34.882244365 1.208468457 0.704553122 0.268895709 0.332674656 0.566239852
10113.571084841 81.206615687 34.813713090 1.209934275 0.706229654 0.266566794 0.333138977 0.564978090
10113.604470717 81.205384397 34.726641177 1.211765202 0.709601465 0.260539911 0.331230470 0.564686719
10113.637818932 81.210750040 34.661120205 1.213814334 0.712900341 0.253864589 0.328419229 0.565213840
10113.671179862 81.208232470 34.550186246 1.214876566 0.717117955 0.244763113 0.324771863 0.566000083
10113.704566814 81.205801440 34.486211708 1.215340581 0.718395353 0.241568403 0.324483217 0.565918250
10113.737922106 81.205721500 34.404680305 1.215982919 0.718450707 0.240778008 0.326809295 0.564845304
10113.771309605 81.203583066 34.305632292 1.218052639 0.716344927 0.244455291 0.334476267 0.561442057
10113.804686668 81.202748785 34.265598268 1.218860193 0.715048687 0.246906326 0.338399288 0.559668262
10113.838007144 81.203076972 34.159464789 1.221639591 0.710892559 0.254955356 0.350643781 0.553785586
10113.871376986 81.203951475 34.070156054 1.223030639 0.708006013 0.260194205 0.359371366 0.549434875
10113.904763010 81.204025486 34.006198937 1.223254957 0.706825197 0.262042150 0.363669194 0.547244708
10113.938104567 81.206071930 33.922226537 1.221790749 0.706767159 0.261329771 0.366089315 0.546045371
10113.971480794 81.204902935 33.832340518 1.216479554 0.708692369 0.256550461 0.364572459 0.546830787
10114.004869830 81.205136659 33.768882855 1.212151505 0.710891311 0.251633126 0.361773943 0.548118535
10114.038225902 81.205030057 33.677629181 1.205511262 0.713949058 0.244452706 0.357455935 0.550222565
10114.071571420 81.207176412 33.620775039 1.201930295 0.715640928 0.240624508 0.355660677 0.550875114
10114.104967540 81.207204219 33.536972813 1.197831967 0.716181472 0.238686068 0.356422043 0.550523740
10114.138304109 81.208759730 33.446252188 1.195641830 0.714649847 0.240904771 0.361264111 0.548387390
10114.171669864 81.209527596 33.379361249 1.196163752 0.712908467 0.243927050 0.366263039 0.545996793
10114.205060515 81.212127111 33.297897834 1.196340138 0.710312337 0.248539744 0.373237742 0.542566095
10114.238401567 81.214951536 33.205593210 1.197642170 0.708472958 0.252020010 0.379023556 0.539345090
10114.271769851 81.214660317 33.105693680 1.198300403 0.709608621 0.250682462 0.379747220 0.537964642
10114.305149084 81.217180245 33.040897583 1.198117303 0.712466961 0.246450798 0.376758532 0.538243293
10114.338498405 81.218372362 32.970670294 1.197828792 0.716674681 0.239568869 0.371091131 0.539699482
10114.371870395 81.220677159 32.879382934 1.195425537 0.723690137 0.227513275 0.360214778 0.542913997
10114.405336649 81.222699996 32.791105478 1.192410423 0.730577496 0.214964911 0.348433667 0.546480181
10114.438608308 81.223391005 32.701271365 1.189670723 0.735857316 0.204441641 0.338322374 0.549777770
10114.471970538 81.224907784 32.609359680 1.186686735 0.737780542 0.199851983 0.334123882 0.551452889
10114.505371627 81.226587887 32.549989748 1.186522284 0.737162737 0.200541295 0.334977652 0.551510889
10114.538702212 81.230672065 32.464464207 1.187745643 0.734061919 0.205901442 0.340547302 0.550259239
10114.572066155 81.234785975 32.382281934 1.190455598 0.730370015 0.212764395 0.347616324 0.548136703
10114.605442125 81.239509775 32.316314831 1.193312587 0.727308183 0.218411282 0.353428597 0.546266918
10114.638801913 81.246942105 32.230611211 1.196368726 0.723935800 0.224545459 0.359659346 0.544188799
10114.672166625 81.255781143 32.147061325 1.197963139 0.722246224 0.227542211 0.362391493 0.543375874
10114.705544681 81.260001794 32.084350057 1.197807505 0.722573274 0.226922416 0.361435089 0.543837069
10114.738899060 81.268638095 32.001678592 1.197644960 0.724960308 0.222610415 0.356291456 0.545832898
10114.772301185 81.275375711 31.937419058 1.196361325 0.727403301 0.218108487 0.351112085 0.547753074
10114.805641156 81.280575617 31.854742690 1.194121001 0.730184899 0.212927788 0.345163501 0.549867191
10114.838998158 81.284718946 31.779073744 1.192765411 0.731170796 0.211264664 0.342736958 0.550715795
10114.872358844 81.291446708 31.707339861 1.192925507 0.730591475 0.213089543 0.343701195 0.550180363
10114.905734598 81.298160004 31.630592565 1.194800530 0.728461796 0.218181814 0.347846722 0.548400188
10114.939092622 81.305175863 31.548232744 1.198260574 0.726080089 0.224183698 0.352811801 0.545960811
10114.972464859 81.311414718 31.490186514 1.201532319 0.725152122 0.227157490 0.354983247 0.544555570
10115.005843919 81.317646318 31.407535410 1.205408004 0.725596101 0.228016068 0.354658420 0.543816491
10115.039215192 81.324324093 31.320428102 1.208668627 0.728344178 0.224459669 0.349715766 0.544822447
10115.072555897 81.331272689 31.233074886 1.211478421 0.732451089 0.217883290 0.341700163 0.547067887
10115.105933012 81.335546463 31.165988389 1.213100733 0.735537419 0.212578126 0.335348239 0.548941530
10115.139284194 81.341502125 31.070527743 1.215664500 0.739702955 0.204989597 0.326091225 0.551800069
10115.172660253 81.347510792 30.979322507 1.218063085 0.742669935 0.199231054 0.318799522 0.554179772
10115.206034809 81.352899416 30.913246289 1.219976793 0.743722790 0.197001584 0.315547458 0.555424693
10115.239378726 81.359253200 30.825112610 1.222935485 0.743851595 0.196694657 0.313828484 0.556334161
10115.272760484 81.365713018 30.742136292 1.226320866 0.742684897 0.199264514 0.315026482 0.556301279
10115.306131600 81.370655914 30.675386016 1.229110996 0.741621049 0.201760524 0.316623583 0.555914038
10115.339488769 81.375545418 30.587985144 1.233109416 0.740418822 0.204883066 0.318781656 0.555140661
10115.372859568 81.379633909 30.506889235 1.235991152 0.739700989 0.206806900 0.320210138 0.554561827
10115.406242595 81.383868046 30.438902491 1.237225536 0.739592400 0.207298829 0.320446740 0.554386296
10115.439583156 81.389873813 30.350267295 1.236636451 0.739781839 0.206787319 0.319585469 0.554821561
10115.472955646 81.396008857 30.267067019 1.234036953 0.740390832 0.205314586 0.317720345 0.555626781
10115.506318789 81.400245533 30.200328610 1.231110944 0.740857176 0.203970022 0.316008303 0.556476080
10115.539679392 81.402393209 30.114540778 1.227758817 0.741398361 0.202556159 0.314085749 0.557359502
10115.573054148 81.404275770 30.049811436 1.225330382 0.741498565 0.202368778 0.313551998 0.557594746
10115.606421184 81.406843135 29.967638801 1.223354098 0.740953955 0.203815006 0.314508177 0.557253341
10115.639799079 81.406796571 29.890379790 1.223014468 0.739874264 0.206837332 0.317095469 0.556106874
10115.673151109 81.406405431 29.797596117 1.224089611 0.738123638 0.211546484 0.321314255 0.554237070
10115.706517057 81.404181101 29.725110185 1.225383841 0.737337823 0.214171133 0.323713045 0.552877495
10115.739884121 81.401556322 29.636427291 1.228112115 0.737636195 0.214986065 0.324158417 0.551901401
10115.773279951 81.397305386 29.545208784 1.230743912 0.740199051 0.210882986 0.319718688 0.552642463
10115.806617764 81.392276561 29.480886765 1.232066855 0.743437122 0.204833366 0.313359870 0.554211268
10115.839981702 81.387814970 29.385481925 1.233285129 0.749187490 0.192772263 0.300908163 0.557683815
10115.873357746 81.385271587 29.313599629 1.233796554 0.753447727 0.182951073 0.290807691 0.560603526
10115.906721549 81.380153802 29.235835871 1.234229170 0.757099177 0.173422172 0.280987140 0.563712527
10115.940090388 81.376979576 29.137079100 1.234977422 0.759116455 0.167057232 0.274278778 0.566220135
10115.973456312 81.370976369 29.050116783 1.236462914 0.759374058 0.164658665 0.271603493 0.567864515
10116.006814215 81.365121631 28.982201836 1.237138209 0.758833107 0.164719601 0.271664730 0.568540275
10116.040195781 81.355313948 28.890265719 1.238611727 0.757191447 0.166737710 0.274226066 0.568910989
10116.073550552 81.345337107 28.806410250 1.240642005 0.754252629 0.171316521 0.279877047 0.568702435
10116.106912486 81.340948523 28.750238468 1.242417900 0.751454933 0.175826784 0.285803638 0.568081601
10116.140281673 81.336173031 28.689226335 1.244916517 0.747138910 0.182771032 0.294646791 0.567063901
10116.173676019 81.331467596 28.605850774 1.247470316 0.740346039 0.192694276 0.307618610 0.565798064
10116.207024620 81.329944288 28.555400237 1.248344755 0.735380193 0.198841704 0.316034575 0.565508706
10116.240380161 81.326750509 28.498830183 1.248188710 0.730973615 0.202384555 0.322684606 0.566209070
10116.273753025 81.319902868 28.409608466 1.246099751 0.726516840 0.202508457 0.327501693 0.569127619
10116.307112788 81.315276267 28.359211997 1.245491474 0.724155151 0.201704624 0.329597686 0.571209180
10116.340475305 81.312656597 28.319736978 1.244691862 0.721548711 0.200958670 0.331857238 0.573457797
10116.373864295 81.311957124 28.244434007 1.242625877 0.716391897 0.200305889 0.336719313 0.577304343
10116.407215279 81.307898470 28.197868646 1.241599696 0.713313967 0.200187950 0.339836551 0.579326409
10116.440576290 81.306296742 28.150440164 1.242042020 0.709004595 0.201084118 0.344606072 0.581484580
10116.473967243 81.304483278 28.065104547 1.244276920 0.702186925 0.204664336 0.352321720 0.583879643
10116.507319928 81.302340379 28.016815973 1.246530737 0.698335780 0.206205806 0.356492307 0.585422530
10116.540691288 81.299387713 27.951774522 1.250846929 0.693197824 0.207233008 0.361096834 0.588336921
10116.574049959 81.297090952 27.891575215 1.256111228 0.688861209 0.207217126 0.363965151 0.591659248
10116.607407871 81.295053549 27.843609634 1.261376722 0.685600942 0.206545878 0.365431144 0.594769054
10116.640770749 81.287636321 27.782324909 1.268683527 0.681589719 0.205052834 0.366681220 0.599110735
10116.674147757 81.280752156 27.727665389 1.274240272 0.677987312 0.203209353 0.367345717 0.603403918
10116.707513686 81.273742085 27.681414314 1.277674549 0.675129710 0.200976480 0.367323285 0.607356513
10116.740876172 81.264353843 27.620052422 1.280623139 0.670916359 0.198486322 0.367923654 0.612459471
10116.774262966 81.257738465 27.569346962 1.282368118 0.666169177 0.198377030 0.370090350 0.616358917
10116.807614748 81.251471111 27.518892697 1.283051367 0.661466407 0.199354587 0.372811915 0.619460424
10116.840970264 81.241824772 27.443838131 1.283446757 0.656344594 0.199665607 0.375004107 0.623472003
10116.874340094 81.232141520 27.366159258 1.284185921 0.653895478 0.195899075 0.373484666 0.628134906
10116.907702055 81.220001153 27.285689467 1.285603871 0.654099764 0.188677277 0.368175552 0.633246514
10116.941069771 81.215321384 27.237387006 1.286511258 0.654713597 0.183311404 0.364229225 0.636462180
10116.974440524 81.208712069 27.164344651 1.288834910 0.654305832 0.178845849 0.360726777 0.640136105
10117.007807780 81.205764168 27.106040745 1.290620465 0.652539414 0.178623427 0.360678582 0.642025657
10117.041204820 81.198814688 27.033438422 1.292237659 0.648800719 0.181226638 0.363030111 0.643757463
10117.074548667 81.192162762 26.953167571 1.292651976 0.644361752 0.184924071 0.366263282 0.645331101
10117.107907722 81.189135501 26.896492631 1.292046535 0.641802654 0.186531343 0.367635950 0.646636853
10117.141302295 81.181489163 26.826080803 1.291196746 0.640225781 0.185969287 0.367029567 0.648703068
10117.174637446 81.173533798 26.752789043 1.289874736 0.641398826 0.181275507 0.362583018 0.651368016
10117.208004422 81.166544322 26.680115095 1.289466527 0.644053528 0.174532840 0.356033435 0.654196862
10117.241367470 81.163804159 26.631474514 1.289124538 0.645665838 0.170612485 0.351987902 0.655828882
10117.274743690 81.159698815 26.556530419 1.290467450 0.647152260 0.167304047 0.347625515 0.657540728
10117.308112814 81.158888808 26.505272998 1.292066047 0.647341562 0.166774371 0.345970693 0.658361216
10117.341465807 81.152833669 26.434614472 1.295802970 0.647238773 0.167409406 0.344593221 0.659023196
10117.374843139 81.148695619 26.367880918 1.300058889 0.647071199 0.168513074 0.343575525 0.659437689
10117.408221522 81.141997772 26.282419705 1.305701664 0.646738438 0.170800266 0.342703560 0.659629389
10117.441566967 81.138333830 26.227250392 1.309116267 0.646604106 0.172331911 0.342140915 0.659654786
10117.474934416 81.131779762 26.147331133 1.311778479 0.646962481 0.173235480 0.340223035 0.660058560
10117.508304449 81.124198115 26.066417905 1.311051537 0.648773863 0.170654483 0.335764953 0.661234767
10117.541667120 81.117800691 26.012339697 1.308873795 0.651251731 0.165926667 0.330478731 0.662663815
10117.575072909 81.109055716 25.931465892 1.303865956 0.656478306 0.155356811 0.320138965 0.665140239
10117.608403892 81.101006312 25.845741176 1.297104987 0.662633814 0.142276903 0.307747296 0.667806344
10117.641776205 81.096526274 25.789522588 1.293132553 0.666482505 0.133754842 0.299681555 0.669403972
10117.675134868 81.090438800 25.706783102 1.287765774 0.670656888 0.124266078 0.290249948 0.671216991
10117.708500504 81.085536091 25.632353186 1.284354281 0.672657565 0.119634027 0.284865593 0.672362323
10117.741860200 81.083819495 25.577865092 1.283048823 0.672740420 0.119346443 0.283703998 0.672821518
10117.775244482 81.079999897 25.502198589 1.282893156 0.671130540 0.122660380 0.285351431 0.673136532
10117.808595426 81.078777124 25.425304986 1.284949777 0.667710673 0.130194911 0.290483330 0.672927319
10117.841956278 81.076068245 25.372806865 1.287005475 0.664547593 0.136740748 0.295575867 0.672542468
10117.875342430 81.073648347 25.302280055 1.289695129 0.659123312 0.146613604 0.303864390 0.672106645
10117.908698179 81.067621025 25.233412132 1.290415007 0.653782257 0.155000246 0.311362583 0.672009692
10117.942056503 81.064077420 25.181021894 1.289503818 0.650600798 0.159192581 0.315355839 0.672255174
10117.975428720 81.057903527 25.111203851 1.288858668 0.648271865 0.160509705 0.317419906 0.673219746
10118.008799274 81.051605339 25.042607357 1.288025672 0.647412168 0.158370462 0.316917634 0.674788481
10118.042175189 81.044887982 24.972701840 1.288460807 0.647020005 0.155406367 0.315678020 0.676432822
10118.075528695 81.039177168 24.894774034 1.289520189 0.646114290 0.153719046 0.315221600 0.677895362
10118.108895174 81.035572146 24.831644660 1.289455455 0.644908983 0.154214687 0.316042844 0.678547827
10118.142255509 81.031799423 24.762410784 1.291255077 0.642443925 0.157122229 0.318588099 0.679028741
10118.175622855 81.029427113 24.686290062 1.293124594 0.638785140 0.162407172 0.322500230 0.679390209
10118.209001564 81.028560083 24.634423225 1.294470101 0.635950125 0.167102655 0.325566119 0.679448926
10118.242357138 81.027447217 24.563844616 1.296188843 0.632092869 0.173772858 0.329787638 0.679339174
10118.275725396 81.026568798 24.491649654 1.296958247 0.628672589 0.179534375 0.333092160 0.679402529
10118.309088420 81.024968149 24.418556991 1.296657178 0.626769054 0.182005446 0.333934074 0.680090144
10118.342454438 81.021786546 24.368944721 1.296139737 0.626910627 0.180770844 0.332383028 0.681048082
10118.375827263 81.017374423 24.294501055 1.295110557 0.629548615 0.174288454 0.326668431 0.683066477
10118.409186335 81.014219069 24.220158461 1.294216263 0.634007491 0.164740580 0.318745995 0.685051848
10118.442553262 81.013228218 24.170955263 1.294284541 0.637364392 0.157966088 0.313146617 0.686114089
10118.475929686 81.013366516 24.097085843 1.294266767 0.641895864 0.149901988 0.306152612 0.686854914
10118.509301364 81.015785655 24.026607382 1.295093598 0.645572487 0.144715021 0.301143862 0.686735831
10118.542653113 81.018840906 23.972231940 1.295597154 0.647214235 0.143585644 0.299433846 0.686175101
10118.576023419 81.023105828 23.898465909 1.296981210 0.647371412 0.147422662 0.300934213 0.684554901
10118.609385828 81.028743756 23.843668692 1.299232349 0.645896784 0.154422898 0.305361377 0.682440725
10118.642755794 81.031361840 23.772039388 1.300843902 0.642703223 0.165523806 0.312916894 0.679424355
10118.676125244 81.035471721 23.696541731 1.300502248 0.639058241 0.176240489 0.320581933 0.676587820
10118.709491870 81.039836678 23.636186593 1.299714102 0.637056230 0.181797881 0.324736580 0.675022254
10118.742851003 81.041365565 23.567229054 1.298194091 0.636508558 0.183588849 0.326265365 0.674316618
10118.776250912 81.044347246 23.491092905 1.295643786 0.638981697 0.179155814 0.323274665 0.674610315
10118.809611260 81.046489205 23.413857471 1.291432345 0.644353337 0.168739411 0.315776431 0.675737400
10118.842950529 81.049918223 23.355593815 1.289769329 0.649117831 0.159296339 0.308840298 0.676674507
10118.876318638 81.056180596 23.269573827 1.288333577 0.656433777 0.145025197 0.298018543 0.677677900
10118.909680772 81.063035966 23.187000367 1.286801072 0.662781854 0.132602694 0.288327692 0.678235860
10118.943050248 81.068638474 23.131610455 1.286551465 0.666243788 0.125942156 0.282950795 0.678377945
10118.976412224 81.076572801 23.054770855 1.285851106 0.669480461 0.120374822 0.278334254 0.678111980
10119.009788922 81.084188720 22.979238575 1.285516587 0.670123809 0.120679190 0.278575767 0.677322786
10119.043155662 81.091176485 22.927969579 1.284572903 0.669089981 0.124642141 0.281655493 0.676352805
10119.076520253 81.100386260 22.853200735 1.282865267 0.665907249 0.133229312 0.288326185 0.675044811
10119.109887690 81.110585334 22.781865064 1.281877300 0.662352750 0.141461653 0.294472590 0.674213118
10119.143243786 81.117816134 22.730574439 1.281690822 0.660781922 0.144847159 0.296690578 0.674063241
10119.176611146 81.127620252 22.658415217 1.281697565 0.661487615 0.142966319 0.294290833 0.674824179
10119.209985115 81.136223075 22.582025103 1.281856692 0.665871921 0.132742981 0.284753337 0.676690050
10119.243341221 81.143364401 22.530452255 1.283159639 0.670075306 0.122856814 0.275786869 0.678120115
10119.276707987 81.151062728 22.448012188 1.284557632 0.676942792 0.106038040 0.260451715 0.680197982
10119.310077752 81.158894329 22.369530745 1.285604721 0.682313454 0.091752955 0.247029861 0.681913479
10119.343437688 81.164096175 22.315894870 1.285923441 0.684538692 0.085936050 0.240950919 0.682615872
10119.376809152 81.173666017 22.239660644 1.287839192 0.685002654 0.085480490 0.239026007 0.682884338
10119.410187619 81.184253567 22.168082595 1.289368881 0.682392255 0.093259193 0.244289874 0.682617017
10119.443545253 81.189077107 22.116810893 1.290367734 0.679413799 0.101076546 0.250113241 0.682366315
10119.476905916 81.197349494 22.043289885 1.290017420 0.674770531 0.112439896 0.258972571 0.681890907
10119.510271625 81.204275436 21.969649571 1.288707288 0.671181628 0.120252397 0.265242175 0.681689938
10119.543638640 81.208575214 21.917260411 1.287345783 0.670109977 0.121837377 0.266554690 0.681950782
10119.577010632 81.213288584 21.842596086 1.285400159 0.671151781 0.117602334 0.263247509 0.682953678
10119.610369925 81.219540553 21.767751947 1.282836758 0.675145478 0.106075608 0.253887815 0.684446876
10119.643744169 81.222157891 21.715170156 1.281171999 0.678963259 0.095263744 0.245022678 0.685490772
10119.677109745 81.225921292 21.640529601 1.278114362 0.684821625 0.078468960 0.230931544 0.686682304
10119.710472043 81.228232314 21.566188051 1.275567676 0.689854866 0.062877641 0.217797512 0.687539752
10119.743843920 81.230302659 21.513828315 1.272885320 0.692267614 0.054505523 0.210601384 0.688071039
10119.777220908 81.233817855 21.437021450 1.269940687 0.693984781 0.047732261 0.204921543 0.688559305
10119.810569326 81.240590934 21.364846671 1.267164479 0.693992414 0.046778884 0.204133633 0.688851019
10119.843941029 81.243744868 21.314526956 1.264137096 0.693496562 0.047308954 0.204623535 0.689168768
10119.877307438 81.246887146 21.244836797 1.261704255 0.692537804 0.048217499 0.205627431 0.689770847
10119.910671400 81.248107122 21.178712148 1.259689749 0.692110475 0.047785736 0.205580035 0.690243771
10119.944044800 81.248946638 21.126650369 1.258924083 0.692233005 0.045888715 0.204174506 0.690666681
10119.977400451 81.250976728 21.053246665 1.258267225 0.693272683 0.041131196 0.199941012 0.691161923
10120.010780055 81.253220299 21.003417984 1.258344533 0.694352179 0.036783782 0.195947099 0.691467092
10120.044197694 81.255141612 20.935067900 1.259253773 0.696015329 0.031158088 0.190448205 0.691607776
10120.077497673 81.258019875 20.859576235 1.260778163 0.697315840 0.027134694 0.186166270 0.691633174
10120.110865704 81.261044978 20.789720411 1.263212912 0.697354630 0.029347894 0.186864840 0.691315234
10120.144248753 81.264274810 20.731566946 1.265318173 0.696337189 0.035939224 0.191506139 0.690759213
10120.177600946 81.268766680 20.652389725 1.268130614 0.693223896 0.049744015 0.202244673 0.689973373
10120.210965527 81.271152430 20.579747855 1.270697378 0.689137266 0.064047668 0.213880253 0.689378678
10120.244342838 81.271719834 20.527422727 1.271373827 0.686533607 0.072068554 0.220501062 0.689098695
10120.277692075 81.271282095 20.458274781 1.272026397 0.684165917 0.077900582 0.225802469 0.689102127
10120.311059087 81.273179709 20.387598256 1.271950729 0.684204560 0.075637499 0.224760747 0.689656215
10120.344446632 81.272686414 20.335890019 1.271148957 0.685463810 0.069921467 0.220588680 0.690355697
10120.377791919 81.270056124 20.264078445 1.269874323 0.688191751 0.058084756 0.211723280 0.691513939
10120.411158107 81.266484936 20.197058355 1.268763671 0.691185174 0.044715282 0.201458687 0.692587898
10120.444535926 81.263959577 20.155977201 1.268593599 0.693131074 0.035014500 0.193913632 0.693354745
10120.477888249 81.261317306 20.099494342 1.268151536 0.695485767 0.021433022 0.183114376 0.694484917
10120.511256787 81.258431119 20.038964755 1.267987441 0.697045965 0.009190600 0.173199234 0.695733053
10120.544649535 81.257134429 20.007715896 1.268429670 0.697327789 0.003182430 0.168386073 0.696684977
10120.577996708 81.254531325 19.947710567 1.267753885 0.696644389 -0.002080139 0.164257172 0.698356535
10120.611358108 81.251497534 19.887250608 1.265300988 0.694822319 -0.004130913 0.162835045 0.700492418
10120.644757942 81.247176280 19.843394611 1.263137662 0.693284538 -0.005204964 0.162149209 0.702166000
10120.678086268 81.242890149 19.773917391 1.259126377 0.691206290 -0.007832967 0.160259864 0.704619958
10120.711450625 81.236698133 19.712921248 1.255692882 0.690011577 -0.011877792 0.157068690 0.706450542
10120.744838333 81.234717754 19.658025920 1.252640232 0.689214726 -0.018193674 0.151864439 0.708229655
10120.778195113 81.230311590 19.597910740 1.250027718 0.688927172 -0.026684832 0.144570955 0.709765110
10120.811547832 81.227056136 19.542405951 1.249177246 0.688901219 -0.034820842 0.137433485 0.710854878
10120.844949596 81.225895167 19.495535770 1.248569538 0.689010816 -0.039498938 0.133157997 0.711317705
10120.878285630 81.224151143 19.424212905 1.249386675 0.688813308 -0.043329084 0.129340960 0.711989981
10120.911646777 81.223912060 19.352137759 1.250740533 0.687848259 -0.040374987 0.130910884 0.712809212
10120.945047071 81.224568713 19.300634085 1.251888184 0.686473235 -0.034287218 0.135339542 0.713626018
10120.978380967 81.224280735 19.237464751 1.253826165 0.683365598 -0.023286383 0.143832846 0.715388927
10121.011744738 81.221271087 19.175671551 1.255640428 0.679664271 -0.013301598 0.151554916 0.717572752
10121.045149105 81.217809114 19.103055632 1.255475142 0.676783913 -0.008538892 0.155200082 0.719585685
10121.078479631 81.215843794 19.058248635 1.256057932 0.675438317 -0.008994726 0.154845771 0.720919525
10121.111847096 81.212927578 18.989769347 1.256518342 0.674885957 -0.014833134 0.150249806 0.722311511
10121.145271182 81.210234399 18.938230701 1.256964135 0.675321655 -0.021613701 0.144896053 0.722826842
10121.178581748 81.205605860 18.868910333 1.258043236 0.676346473 -0.031708930 0.136769821 0.723079531
10121.211944810 81.204006298 18.795261656 1.259399674 0.677484781 -0.041436131 0.128779941 0.722989036
10121.245336784 81.201646701 18.721898607 1.259553772 0.678144104 -0.048592448 0.123006865 0.722930605
10121.278677630 81.198410439 18.674667685 1.260523603 0.678160304 -0.051568762 0.120611335 0.723112834
10121.312044928 81.194706441 18.605314071 1.261425388 0.677510977 -0.052044233 0.120094953 0.723773083
10121.345419228 81.189445563 18.542540543 1.262574505 0.675995963 -0.048953445 0.122822014 0.724946736
10121.378774763 81.185698316 18.499343508 1.262428129 0.674629439 -0.045967722 0.125366787 0.725978827
10121.412144390 81.176683354 18.433241378 1.261550125 0.672396352 -0.042228506 0.128887190 0.727659255
10121.445525243 81.170389447 18.387080746 1.261682265 0.671025521 -0.041583090 0.129969430 0.728768512
10121.478876149 81.159206911 18.327917475 1.260590087 0.669541802 -0.043757716 0.129185044 0.730144001
10121.512245937 81.147227800 18.265916403 1.259360512 0.668714221 -0.050052313 0.125266452 0.731180123
10121.545625645 81.139504261 18.227006352 1.258718241 0.668513369 -0.056859798 0.120579294 0.731653930
10121.578980643 81.126035226 18.168024246 1.257551218 0.668629301 -0.066558648 0.113587892 0.731848751
10121.612337803 81.113025166 18.111273596 1.256850289 0.668955709 -0.075379212 0.106909673 0.731701138
10121.645716556 81.097437172 18.048399358 1.256025316 0.669162320 -0.081879250 0.101947261 0.731521930
10121.679071566 81.085749636 18.006465449 1.255691200 0.669029949 -0.084381198 0.100131048 0.731609536
10121.712441204 81.065979511 17.936020146 1.254403669 0.668473103 -0.083433822 0.100917131 0.732119007
10121.745830157 81.045767863 17.869503337 1.253601142 0.667290876 -0.078756962 0.104705068 0.733182839
10121.779187603 81.029657988 17.833975630 1.253215518 0.665858931 -0.075991193 0.107243393 0.734408658
10121.812542948 81.008076477 17.792228776 1.251773939 0.663864388 -0.075352926 0.108224190 0.736134183
10121.845918666 80.983536499 17.738359457 1.248743514 0.662354833 -0.080956440 0.104461664 0.737441449
10121.879272604 80.965490240 17.701075521 1.246558855 0.661731813 -0.089349254 0.098398383 0.737865487
10121.912652872 80.941195438 17.647171452 1.243856518 0.661149354 -0.107173375 0.085066820 0.737671360
10121.946023341 80.918489916 17.597116612 1.242127959 0.660514936 -0.127488047 0.069538831 0.736635031
10121.979380481 80.903349548 17.566962683 1.241865910 0.659971180 -0.141622763 0.058544060 0.735495498
10122.012744391 80.881594724 17.524696143 1.241967623 0.658762801 -0.160295201 0.043667591 0.733778006
10122.046146470 80.857973380 17.478730491 1.242495399 0.657114031 -0.175941993 0.030778903 0.732323852
10122.079472338 80.843509921 17.451323142 1.243210950 0.655693115 -0.184726296 0.023360884 0.731708278
10122.112843749 80.818429701 17.416655055 1.244108588 0.653212449 -0.194393007 0.014689095 0.731648198
10122.146211756 80.791472766 17.372722867 1.243573270 0.650487498 -0.201008136 0.008431834 0.732386953
10122.179573738 80.769287548 17.338339988 1.241769409 0.648300086 -0.205082496 0.004545498 0.733230869
10122.212946588 80.738096905 17.302752877 1.238824005 0.644893791 -0.211661297 -0.001670375 0.734376404
10122.246316640 80.707005801 17.292630368 1.236460947 0.640845038 -0.221577509 -0.010483071 0.734922547
10122.279678619 80.685515752 17.283996957 1.234182671 0.637945168 -0.230565350 -0.018222391 0.734529459
10122.313049696 80.652523329 17.271519765 1.230376612 0.633017992 -0.248381920 -0.033481384 0.732443609
10122.346414272 80.623923411 17.280803410 1.227852343 0.627733848 -0.269362556 -0.051442894 0.728524302
10122.379778000 80.604622929 17.288562166 1.225754765 0.623872014 -0.284763601 -0.064987293 0.724893132
10122.413158564 80.577763030 17.298519385 1.222639379 0.618412875 -0.305904527 -0.084170177 0.718959886
10122.446510453 80.545976570 17.258315572 1.219414840 0.613292460 -0.324618537 -0.102452852 0.712740189
10122.479873622 80.533366700 17.254422573 1.218132412 0.610288194 -0.334764605 -0.113287384 0.708975986
10122.513250950 80.505930896 17.238753044 1.217006730 0.606278120 -0.346534656 -0.127262295 0.704375526
10122.546607852 80.477687979 17.208224763 1.216353543 0.603031796 -0.354842727 -0.139079818 0.700782488
10122.579974245 80.456100700 17.186566669 1.216609210 0.601226699 -0.358389526 -0.145798032 0.699161167
10122.613347940 80.423908172 17.154971197 1.217477508 0.598917309 -0.362051817 -0.154189372 0.697454067
10122.646717229 80.401641851 17.134975180 1.217919716 0.596557041 -0.365903270 -0.161164817 0.695888206
10122.680074788 80.372844564 17.112929436 1.218735748 0.592180876 -0.373997999 -0.172375050 0.692628435
10122.713458721 80.342927273 17.086674123 1.218420438 0.586032963 -0.386635330 -0.186544277 0.687226106
10122.746812249 80.314464311 17.068477716 1.220136305 0.578951223 -0.401295641 -0.201554821 0.680553410
10122.780190312 80.292982360 17.055219042 1.222964642 0.573385083 -0.412332230 -0.212636379 0.675275832
10122.813559438 80.261927343 17.035775630 1.227757034 0.566291698 -0.425389474 -0.225918786 0.668818518
10122.846916787 80.229276781 17.015219760 1.231499928 0.560937110 -0.434146711 -0.235606804 0.664346013
10122.880273752 80.207726383 17.000319269 1.237606391 0.558357906 -0.437630050 -0.240212571 0.662581549
10122.913645545 80.172661764 16.977681009 1.242306156 0.555607556 -0.440443181 -0.245177213 0.661209635
10122.947018009 80.138373982 16.955521738 1.247204391 0.552857225 -0.443077204 -0.249780186 0.660031317
10122.980385855 80.115320089 16.942072251 1.250890234 0.550304506 -0.445921618 -0.253811956 0.658709612
10123.013744373 80.084688719 16.923365816 1.252966995 0.545146282 -0.452724519 -0.261415826 0.655376081
10123.047110693 80.054850865 16.901596204 1.254274125 0.538233564 -0.462248356 -0.270918220 0.650564682
10123.080472361 80.035127256 16.887261220 1.254817008 0.532763768 -0.469882700 -0.278305149 0.646466751
10123.113839266 80.006151480 16.867082876 1.254030365 0.524381104 -0.481431329 -0.288993003 0.640102630
10123.147202129 79.976683153 16.847253284 1.253113326 0.515655180 -0.492840221 -0.299449819 0.633670307
10123.180572140 79.957998002 16.833674139 1.253019330 0.510292920 -0.499328613 -0.305671135 0.629950180
10123.213957783 79.925475805 16.815619299 1.252713769 0.503718546 -0.506536824 -0.313308021 0.625720509
10123.247317685 79.893480266 16.798529015 1.254007485 0.499872780 -0.509403887 -0.318132562 0.624040509
10123.280679600 79.869930990 16.786685517 1.255725877 0.498882893 -0.508849920 -0.319969948 0.624345137
10123.314052746 79.834466840 16.768242751 1.260565549 0.499637946 -0.504813110 -0.320757765 0.626610008
10123.347402820 79.804763073 16.759090382 1.267027625 0.501469224 -0.500009113 -0.320568354 0.629090959
10123.380767864 79.769083287 16.745108702 1.271526232 0.504176370 -0.493875419 -0.320065513 0.632021619
10123.414148827 79.731631240 16.733440213 1.277638812 0.506963884 -0.487763919 -0.320295391 0.634416931
10123.447508648 79.693923671 16.723568536 1.284883267 0.509770662 -0.481913185 -0.321153806 0.636202631
10123.480865408 79.666331011 16.716245550 1.289267157 0.511902611 -0.477643751 -0.321861461 0.637351837
10123.514239207 79.627394363 16.705353661 1.294852470 0.514444330 -0.472284127 -0.323556369 0.638440296
10123.547610749 79.587260892 16.693881771 1.300031546 0.515789156 -0.469329516 -0.327687601 0.637426222
10123.580983921 79.559234398 16.684091411 1.303260306 0.514964565 -0.469867022 -0.332190304 0.635362951
10123.614335650 79.521187323 16.670804840 1.306972237 0.513246955 -0.471969201 -0.340123604 0.630982227
10123.647704209 79.484049442 16.654700133 1.309878273 0.511545310 -0.474400594 -0.349002530 0.625669806
10123.681065096 79.456988844 16.641401836 1.311550117 0.509976052 -0.476521843 -0.355626439 0.621595685
10123.714441202 79.422005389 16.624293368 1.315734041 0.508870605 -0.477387516 -0.364275825 0.616810336
10123.747812369 79.387143366 16.605384245 1.318753550 0.511567630 -0.472413583 -0.369227991 0.615462961
10123.781181516 79.363249541 16.590433887 1.321565349 0.516005798 -0.465056200 -0.370249388 0.616746413
10123.814543559 79.329425340 16.568723892 1.324694451 0.525297957 -0.449831736 -0.368874654 0.621003185
10123.847903342 79.296508870 16.544237988 1.326631824 0.536214681 -0.431856848 -0.365800054 0.626229830
10123.881265323 79.275929167 16.529242649 1.325742484 0.543595725 -0.419303948 -0.363848878 0.629525124
10123.914637229 79.246009947 16.506175980 1.323903910 0.553079179 -0.402502589 -0.362455317 0.633025459
10123.947997736 79.219614917 16.485523846 1.319990005 0.560716066 -0.388129873 -0.362746306 0.635112441
10123.981366794 79.204122270 16.474116083 1.316413417 0.565108460 -0.379045464 -0.364056278 0.635955967
10124.014735663 79.181990480 16.458264371 1.311214558 0.570348347 -0.367513214 -0.366936026 0.636391981
10124.048119469 79.162287387 16.441666231 1.306544677 0.575260649 -0.355192965 -0.370520363 0.636889161
10124.081465686 79.153229195 16.434741713 1.302978262 0.578481052 -0.346674780 -0.372671010 0.637410847
10124.114840114 79.140757073 16.423302557 1.298952356 0.583558609 -0.332851526 -0.375535468 0.638468734
10124.148211880 79.129810569 16.411714954 1.296226057 0.589123453 -0.317593037 -0.377278390 0.640100958
10124.181583171 79.124939102 16.404646525 1.294642029 0.593579389 -0.305643849 -0.377552773 0.641637943
10124.214940278 79.115225867 16.387474430 1.294868503 0.600802104 -0.287012038 -0.376808370 0.643953705
10124.248298423 79.103622526 16.367634431 1.295867702 0.608928653 -0.267011142 -0.374714966 0.646142120
10124.281665121 79.103166483 16.362892401 1.294131107 0.614587997 -0.253327768 -0.373111045 0.647220815
10124.315037026 79.093085590 16.340255721 1.295777688 0.622547810 -0.234401917 -0.370554926 0.648212167
10124.348402929 79.081061342 16.314210033 1.297835322 0.630100339 -0.216493170 -0.368209385 0.648479852
10124.381773009 79.070678372 16.293056403 1.299110544 0.635103002 -0.204807398 -0.366670687 0.648267471
10124.415137950 79.059819574 16.264487100 1.300073522 0.641808119 -0.189010824 -0.364926968 0.647445407
10124.448511035 79.049886566 16.236968901 1.299861873 0.648019828 -0.174397866 -0.363848551 0.645964332
10124.481868060 79.043626830 16.219275258 1.298987054 0.651780513 -0.165546885 -0.363575595 0.644662065
10124.515237285 79.035693010 16.195442975 1.297320428 0.656259008 -0.155160656 -0.364173188 0.642360627
10124.548605419 79.027666078 16.172961133 1.295400949 0.659556168 -0.147509524 -0.366163355 0.639649122
10124.581963395 79.022209702 16.157094070 1.294050587 0.661447793 -0.143140178 -0.367849699 0.637718045
10124.615337388 79.011822383 16.137698146 1.292598843 0.664293273 -0.137551951 -0.370005586 0.634735987
10124.648713248 79.004708396 16.121911316 1.291191869 0.667475948 -0.131973751 -0.371043912 0.631969306
10124.682070284 78.997833729 16.110613531 1.289107860 0.669955051 -0.128193322 -0.371087128 0.630096060
10124.715440495 78.993145668 16.096302656 1.286368113 0.673994686 -0.122435373 -0.370159671 0.627473155
10124.748809580 78.983362315 16.076853430 1.283196799 0.678643748 -0.116408784 -0.368163153 0.624778002
10124.782173568 78.971830292 16.062046861 1.281296626 0.681859589 -0.112670843 -0.366722636 0.622805981
10124.815538565 78.958579126 16.039981220 1.279451934 0.685856669 -0.109237661 -0.365714495 0.619613324
10124.848901525 78.944750482 16.019539436 1.278501270 0.688034056 -0.109135100 -0.366908931 0.616503450
10124.882267531 78.934118752 16.002743507 1.278545322 0.688718481 -0.111753202 -0.369807491 0.613531170
10124.915659589 78.922780072 15.983421813 1.280470136 0.688166490 -0.117634224 -0.375756716 0.609422647
10124.949032590 78.913614474 15.968310412 1.283395568 0.687161188 -0.123688600 -0.381640482 0.605690659
10124.982377842 78.903077815 15.951660748 1.285790284 0.685906862 -0.130336967 -0.388165403 0.601557704
10125.015734726 78.889465361 15.930504603 1.288640955 0.683928759 -0.138997704 -0.396719573 0.596267282
10125.049109655 78.875852656 15.909339543 1.290881545 0.681628541 -0.147706048 -0.405236697 0.591057252
10125.082466751 78.868114374 15.896463913 1.291714764 0.680466014 -0.153130639 -0.410364647 0.587467333
10125.115837780 78.856698646 15.874020023 1.292429530 0.680410994 -0.158070298 -0.415438817 0.582636465
10125.149198809 78.842919664 15.849929569 1.292369025 0.682443763 -0.160296576 -0.418032205 0.577775557
10125.182568727 78.831674213 15.832659561 1.291840564 0.684263201 -0.161140849 -0.419360733 0.574416290
10125.215942438 78.813687166 15.806849046 1.291452112 0.686623032 -0.162697776 -0.421920304 0.569264001
10125.249303859 78.796775016 15.783806623 1.291534161 0.688063714 -0.165746315 -0.426122680 0.563485533
10125.282666237 78.779413826 15.762545633 1.292025132 0.687926480 -0.171294703 -0.433009584 0.556702778
10125.316035261 78.770630334 15.751774787 1.292828982 0.686996458 -0.176041630 -0.438908436 0.551728735
10125.349402589 78.756753027 15.733307855 1.294457196 0.685157946 -0.183524062 -0.448653949 0.543679264
10125.382765708 78.749374271 15.718867762 1.295837730 0.683620540 -0.190400637 -0.457914047 0.535467347
10125.416163663 78.737012627 15.706527832 1.297391128 0.682608218 -0.195004202 -0.464523641 0.529374318
10125.449502730 78.725902435 15.693866268 1.297813333 0.682062790 -0.199049784 -0.470671698 0.523103897
10125.482867195 78.704131474 15.670483245 1.298150579 0.682291863 -0.204866027 -0.480129416 0.511843207
10125.516241289 78.690163434 15.657605083 1.297526635 0.683318820 -0.206866819 -0.484027506 0.505963321
10125.549607344 78.675546937 15.635584827 1.294736211 0.685800624 -0.208239012 -0.488367306 0.497806581
10125.582968293 78.655057071 15.617099970 1.290185479 0.688364913 -0.209507383 -0.492509906 0.489585943
10125.616334749 78.646204763 15.609689554 1.287715058 0.689346124 -0.210195201 -0.494311135 0.486082711
10125.649702918 78.619131027 15.588783583 1.278871312 0.691730964 -0.212559281 -0.500133111 0.475598252
10125.683069072 78.596164641 15.573156105 1.270959584 0.693268704 -0.214839614 -0.504890371 0.467234586
10125.716439083 78.586924442 15.567113621 1.267570817 0.693886946 -0.215822907 -0.506761365 0.463825719
10125.749802204 78.560853971 15.549423715 1.258529745 0.695439028 -0.218306797 -0.511451642 0.455108689
10125.783181974 78.535562374 15.535702850 1.249245623 0.697043136 -0.221165011 -0.515966251 0.446089377
10125.816538039 78.517229044 15.527583072 1.244125811 0.698107653 -0.222885195 -0.518352526 0.440770409
10125.849915165 78.498936370 15.518531775 1.237756396 0.699469886 -0.225018719 -0.521119296 0.434215538
10125.883272223 78.473001400 15.508349507 1.230714621 0.700617664 -0.228278698 -0.524880286 0.426056816
10125.916641259 78.453917595 15.502448995 1.227497164 0.700516519 -0.231065374 -0.527823360 0.421055698
10125.949998292 78.437223916 15.498218828 1.223497824 0.699328431 -0.235399296 -0.532201977 0.415075864
10125.983369327 78.404132198 15.490505810 1.220400111 0.696155844 -0.242563277 -0.539271978 0.407082093
10126.016738405 78.387158921 15.488115544 1.218435146 0.693742124 -0.247486102 -0.543608014 0.402446049
10126.050117272 78.362923870 15.484446325 1.216303406 0.690742688 -0.253806460 -0.548650499 0.396786403
10126.083465429 78.342127405 15.482447497 1.213938929 0.688783231 -0.258914334 -0.551614126 0.392763140
10126.116840560 78.321576056 15.477102013 1.212433753 0.688539765 -0.261734396 -0.552307464 0.390339036
10126.150213785 78.304293147 15.471840801 1.210646448 0.689328810 -0.264296764 -0.551685818 0.388092477
10126.183570867 78.266150741 15.459053659 1.207466240 0.690806924 -0.267884057 -0.550203817 0.385096983
10126.216937247 78.257388210 15.458084376 1.206934228 0.691088190 -0.269586899 -0.549856441 0.383898310
10126.250303426 78.222825994 15.451071640 1.206424756 0.690237826 -0.275423784 -0.550688697 0.380072942
10126.283680904 78.197791875 15.448504829 1.208425934 0.687912785 -0.281459226 -0.553084603 0.376369666
10126.317036189 78.177400825 15.446715350 1.210059646 0.685555757 -0.286246220 -0.555545391 0.373424321
10126.350404350 78.155404939 15.444392591 1.212059832 0.682502179 -0.291723685 -0.558520640 0.370327911
10126.383782376 78.120240378 15.444821610 1.215608035 0.677267139 -0.300767447 -0.563530510 0.365077430
10126.417143537 78.101392295 15.445486788 1.217106745 0.674679829 -0.305330461 -0.565826874 0.362519497
10126.450508582 78.078947014 15.448490569 1.218918470 0.672295338 -0.310410889 -0.567654991 0.359766411
10126.483880897 78.064936251 15.452716080 1.219583871 0.671909083 -0.313882628 -0.567110388 0.358331812
10126.517238977 78.044844846 15.454633905 1.220014546 0.672924129 -0.315283053 -0.565413593 0.357878726
10126.550607073 78.028134466 15.460021197 1.220171027 0.674800117 -0.315908063 -0.562626085 0.358188199
10126.583978187 77.997955780 15.461132540 1.219902561 0.678024396 -0.316371378 -0.558004334 0.358919535
10126.617340249 77.969223343 15.466418936 1.219943468 0.679892097 -0.317451974 -0.554697577 0.359557476
10126.650709325 77.939697311 15.473100235 1.220524915 0.679735842 -0.319629903 -0.553564462 0.359669705
10126.684090543 77.904617427 15.481771359 1.221411569 0.677461640 -0.323538514 -0.554262203 0.359391105
10126.717449966 77.881746546 15.486601714 1.221941741 0.675341102 -0.326457010 -0.555254405 0.359211308
10126.750817295 77.855884079 15.494523818 1.222678008 0.673176521 -0.329542615 -0.555931290 0.359409846
10126.784224401 77.819604528 15.503601719 1.223276982 0.671996327 -0.332002480 -0.555047947 0.360717433
10126.817541566 77.801338805 15.510514713 1.223605119 0.672209380 -0.332535664 -0.553525509 0.362165836
10126.850907811 77.769579631 15.519307794 1.223847489 0.673268411 -0.332591199 -0.550576714 0.364634094
10126.884293535 77.737662351 15.525961054 1.224113273 0.674631082 -0.331981305 -0.547662508 0.367051895
10126.917642458 77.715838184 15.536562827 1.224889149 0.676973375 -0.330091955 -0.543545498 0.370546411
10126.951007735 77.686345609 15.543396675 1.225994824 0.678413410 -0.328935510 -0.540592343 0.373251383
10126.984386759 77.656596074 15.559342186 1.228227412 0.679112844 -0.327614766 -0.537741866 0.377237320
10127.017741636 77.643195491 15.569323328 1.230240494 0.678270258 -0.327602875 -0.537631161 0.378917601
10127.051116069 77.623375814 15.583727146 1.233247510 0.675483040 -0.328487103 -0.539240166 0.380839768
10127.084498697 77.608297800 15.600494764 1.236539090 0.671352884 -0.330056098 -0.542267191 0.382484732
10127.117850601 77.598018861 15.611929478 1.238408771 0.668272933 -0.331231060 -0.544590528 0.383560202
10127.151219651 77.584893587 15.629718567 1.241194694 0.664000917 -0.332628552 -0.547584649 0.385502375
10127.184586814 77.572844825 15.646676808 1.243508635 0.661458557 -0.332596271 -0.548678571 0.388335066
10127.217952981 77.563437299 15.657895474 1.245063934 0.660831632 -0.331686089 -0.548141749 0.390930320
10127.251313926 77.554267711 15.675047285 1.247582221 0.661153898 -0.329231145 -0.546074927 0.395328408
10127.284693036 77.537773092 15.689454733 1.250065404 0.661973796 -0.326275865 -0.543290795 0.400212274
10127.318049573 77.529214884 15.700584864 1.252514207 0.662329644 -0.324435348 -0.541573391 0.403434517
10127.351410651 77.519825556 15.711105992 1.254431725 0.662323907 -0.322830526 -0.540172404 0.406597182
10127.384816562 77.499773147 15.730590429 1.258199376 0.661737602 -0.320327391 -0.538236661 0.412061896
10127.418149410 77.492433261 15.742714133 1.260086396 0.661578342 -0.318786917 -0.537059938 0.415036892
10127.451511753 77.480151602 15.756347597 1.261310732 0.661685219 -0.316727137 -0.535338454 0.418651802
10127.484892026 77.459493944 15.773812782 1.261555732 0.662257684 -0.313567738 -0.532829226 0.423300188
10127.518250142 77.452855282 15.786547087 1.261252288 0.662584497 -0.311681369 -0.531453007 0.425903991
10127.551613162 77.439091395 15.803776239 1.259936692 0.662537477 -0.309486120 -0.530274250 0.429035725
10127.585026938 77.424186852 15.822083461 1.258403781 0.662084989 -0.307892014 -0.529653855 0.431639628
10127.618350009 77.414796420 15.835256327 1.257592662 0.661869556 -0.306710696 -0.529188692 0.433378088
10127.651719038 77.403759547 15.856019344 1.257209181 0.661244687 -0.305304142 -0.528831995 0.435754019
10127.685111081 77.391123925 15.872004986 1.257184020 0.659873983 -0.305096461 -0.529443478 0.437232296
10127.718449446 77.384647414 15.893502694 1.257805730 0.657141585 -0.305910949 -0.531359890 0.438451932
10127.751813586 77.374466509 15.917010900 1.258645345 0.652443934 -0.308145392 -0.535128802 0.439318217
10127.785222635 77.364934584 15.940648190 1.259009656 0.647257706 -0.310937550 -0.539251270 0.439981101
10127.818547592 77.361702100 15.959349131 1.258792541 0.644472967 -0.312127455 -0.541218034 0.440810714
10127.851918565 77.355538237 15.978126590 1.257292388 0.642901270 -0.312300451 -0.541859099 0.442193513
10127.885296576 77.348901736 16.004675239 1.254376949 0.643760975 -0.309914265 -0.539720309 0.445226845
10127.918648488 77.346668785 16.031864253 1.251193507 0.647357811 -0.305340114 -0.534626475 0.449299246
10127.952011410 77.340028910 16.058692104 1.247210049 0.652428644 -0.299510282 -0.527885238 0.453836567
10127.985408448 77.339926694 16.085890214 1.242533525 0.657227282 -0.293951859 -0.521513483 0.457895502
10128.018750565 77.341104338 16.107333720 1.239871367 0.659578689 -0.291158288 -0.518137027 0.460126966
10128.052131548 77.340627082 16.128761425 1.236874995 0.660971412 -0.289418052 -0.515864806 0.461776445
10128.085492318 77.343909089 16.171746121 1.231975579 0.661009129 -0.288853544 -0.514635302 0.463444784
10128.118848753 77.346389743 16.196508673 1.229809255 0.660416472 -0.289235979 -0.514753384 0.463919806
10128.152211495 77.348209263 16.232543601 1.226601177 0.659968609 -0.289541988 -0.514502145 0.464644397
10128.185589357 77.351458504 16.270779131 1.223046152 0.661327540 -0.288277001 -0.512433671 0.465783200
10128.218949912 77.356016285 16.297656316 1.220847463 0.663370963 -0.286286384 -0.509771165 0.467025086
10128.252314024 77.362083883 16.336501813 1.217297477 0.666927075 -0.282939824 -0.505386284 0.468762239
10128.285701160 77.365006154 16.366673398 1.214230326 0.669341897 -0.281040102 -0.502532550 0.469530534
10128.319053351 77.368388803 16.404339570 1.211000521 0.670480851 -0.280508177 -0.501128870 0.469723798
10128.352412460 77.368955339 16.446027126 1.207226566 0.669331652 -0.282679423 -0.502521526 0.468571871
10128.385797720 77.369497128 16.480627020 1.204255926 0.666685258 -0.286510126 -0.505771823 0.466516428
10128.419150790 77.369252606 16.519634156 1.202141241 0.662595227 -0.291777672 -0.510668072 0.463736430
10128.452517743 77.368564503 16.561644657 1.201284769 0.657303601 -0.298673488 -0.516838204 0.460026515
10128.485898788 77.365484932 16.591683911 1.200972627 0.653224330 -0.304158321 -0.521357002 0.457135173
10128.519248883 77.361478509 16.632423019 1.201627238 0.648058476 -0.311210791 -0.526720378 0.453578768
10128.552633025 77.356563932 16.674586793 1.202416571 0.643757473 -0.317972833 -0.530740092 0.450316053
10128.586007192 77.350393854 16.714410473 1.203099692 0.640976353 -0.323473378 -0.532839165 0.447880244
10128.619348354 77.346922312 16.741165089 1.203077611 0.639753498 -0.326705601 -0.533329435 0.446697465
10128.652720456 77.343205359 16.771188621 1.202216948 0.638691275 -0.330151819 -0.533380667 0.445621247
10128.686091449 77.335212506 16.813022974 1.200035892 0.637466014 -0.334893060 -0.532894862 0.444417355
10128.719446410 77.327570505 16.846782783 1.196888954 0.636501311 -0.338817448 -0.532187521 0.443672469
10128.752816404 77.317492407 16.884508693 1.192002574 0.635349075 -0.343382980 -0.531244128 0.442943967
10128.786209361 77.304674233 16.919462582 1.186330916 0.634100538 -0.347655715 -0.530292106 0.442540725
10128.819549296 77.297072292 16.944207151 1.182400660 0.633087296 -0.350798150 -0.529520815 0.442435126
10128.852920227 77.286048271 16.974003601 1.178335639 0.631339422 -0.355115634 -0.528865991 0.442271619
10128.886291163 77.267971154 17.011812100 1.173303814 0.627251302 -0.362252344 -0.529451726 0.441599268
10128.919647050 77.260538859 17.035451617 1.170395919 0.623806133 -0.367368846 -0.530471925 0.441027863
10128.953014999 77.249358885 17.071455341 1.166054709 0.617940883 -0.375299016 -0.532281470 0.440427235
10128.986386990 77.238525152 17.105892926 1.162272739 0.612739615 -0.382394869 -0.532952323 0.440779026
10129.019747000 77.231615660 17.129243724 1.159119714 0.609780160 -0.386616576 -0.532403366 0.441862462
10129.053149987 77.218416738 17.161029063 1.154415498 0.607141637 -0.391366087 -0.529527626 0.444760735
10129.086493003 77.205894359 17.191708407 1.149742531 0.607008589 -0.393979389 -0.523392933 0.449867372
10129.119849070 77.197524256 17.211139186 1.147135739 0.608491254 -0.394293486 -0.517310610 0.454599576
10129.153222063 77.186761230 17.236447155 1.144147460 0.612382795 -0.392930154 -0.506271931 0.462905971
10129.186583110 77.178761543 17.260255954 1.141616584 0.617257450 -0.390264857 -0.493478283 0.472404240
10129.219952290 77.171391294 17.275243817 1.140205309 0.620471315 -0.388437720 -0.484304964 0.479145267
10129.253315454 77.160350079 17.295897312 1.138543214 0.623934945 -0.386297894 -0.471950824 0.488611851
10129.286685642 77.150885241 17.314748729 1.138511130 0.626021886 -0.385330209 -0.460303062 0.497733181
10129.320049796 77.143614981 17.329896082 1.138426710 0.626467314 -0.385643417 -0.453158873 0.503452971
10129.353429542 77.130683502 17.349368529 1.138936977 0.625501080 -0.388003247 -0.444476157 0.510531903
10129.386795535 77.115672857 17.368466642 1.139113402 0.623579940 -0.391673954 -0.436450694 0.516962633
10129.420155535 77.098634934 17.386919772 1.138375450 0.622384887 -0.394593516 -0.426988542 0.524036062
10129.453514535 77.084810535 17.397061266 1.137338491 0.622597476 -0.395488633 -0.419280857 0.529305854
10129.486882535 77.067608651 17.409120937 1.134849720 0.623675029 -0.395645575 -0.408143254 0.536575364
10129.520249535 77.043187782 17.421393791 1.130986128 0.625252390 -0.395423312 -0.394276564 0.545202572
10129.553615535 77.028545552 17.430464120 1.127940776 0.626099581 -0.395467335 -0.385602624 0.550377614
10129.586983535 77.002746168 17.436927783 1.125267544 0.626985347 -0.396220854 -0.374087922 0.556737493
10129.620344535 76.969318683 17.441952114 1.122594630 0.627234235 -0.398161870 -0.363628993 0.561977130
10129.653734441 76.950442395 17.448152985 1.119986421 0.626926104 -0.400286801 -0.357159090 0.564952671
10129.687086442 76.917935982 17.453388193 1.116254839 0.626331137 -0.403929432 -0.348761632 0.568256672
10129.720468442 76.883572747 17.457575035 1.112240910 0.625863560 -0.407702006 -0.340836432 0.570880378
10129.753824442 76.858058417 17.459527871 1.109408610 0.625667308 -0.410233801 -0.335482277 0.572451125
10129.787198442 76.826471426 17.469003260 1.103950957 0.625409841 -0.413667020 -0.327887901 0.574657856
10129.820552432 76.791137951 17.471133665 1.100476180 0.625571327 -0.416439791 -0.320794745 0.576479963
10129.853922432 76.765564752 17.471355197 1.098434520 0.625827689 -0.418114673 -0.316189902 0.577532485
10129.887281440 76.730487795 17.470804003 1.096066102 0.626148959 -0.420305146 -0.310261094 0.578808361
10129.920649440 76.695675250 17.469284300 1.094300231 0.626446292 -0.422230590 -0.305236212 0.579756179
10129.954038377 76.670443523 17.467582126 1.093342677 0.626694526 -0.423612630 -0.302271077 0.580033195
10129.987387354 76.635542150 17.464458737 1.092220584 0.627040625 -0.425611439 -0.298795725 0.579996614
10130.020744393 76.601470739 17.460008652 1.091928352 0.627733941 -0.427294259 -0.296067040 0.579408339
10130.054138526 76.576018669 17.455738087 1.092034487 0.628484450 -0.428233804 -0.294495309 0.578701666
10130.087482521 76.538577257 17.446239300 1.092959509 0.629914040 -0.429422089 -0.292695332 0.577177974
10130.120847475 76.500792391 17.435345917 1.093449204 0.631621008 -0.430493014 -0.291556541 0.575087342
10130.154220475 76.474178617 17.424788568 1.094726811 0.632949510 -0.430863527 -0.291006310 0.573626068
10130.187588475 76.433908347 17.410004966 1.095644477 0.635530293 -0.430340229 -0.289856393 0.571744528
10130.220948556 76.395871626 17.393793543 1.097133616 0.638966648 -0.427674792 -0.287563607 0.571071858
10130.254325344 76.368549211 17.381516686 1.098880182 0.642112787 -0.424186132 -0.284884720 0.571487524
10130.287685344 76.332737524 17.359527917 1.103026266 0.647770291 -0.416629707 -0.279543733 0.573296292
10130.321061336 76.296445209 17.337631646 1.107559856 0.653903480 -0.407667276 -0.273513946 0.575680252
10130.354416327 76.271906847 17.323021934 1.110903361 0.657476197 -0.402386629 -0.270280685 0.576852150
10130.387783278 76.238150976 17.302614181 1.115711778 0.661205254 -0.396991106 -0.268059967 0.577364294
10130.421151278 76.208099457 17.281660073 1.120310158 0.663494867 -0.393949713 -0.268351278 0.576685162
10130.454519907 76.187686204 17.267223342 1.122971598 0.664776477 -0.392253951 -0.269140360 0.575996997
10130.487885921 76.159933933 17.245837734 1.126231013 0.666916637 -0.388874312 -0.269484146 0.575653771
10130.521244921 76.133326702 17.222889377 1.129097587 0.670068970 -0.383122943 -0.267756296 0.576654968
10130.554619644 76.116129895 17.206839489 1.130890327 0.672801643 -0.377819906 -0.265156364 0.578171401
10130.587994511 76.092571094 17.183691896 1.133464699 0.677317468 -0.368727364 -0.259648527 0.581260546
10130.621361509 76.069954005 17.160271505 1.136471253 0.682221437 -0.358462246 -0.252785097 0.584960190
10130.654730517 76.054465805 17.143751143 1.138828791 0.685686789 -0.351002914 -0.247539885 0.587668773
10130.688088522 76.031867285 17.119396943 1.142455541 0.690466588 -0.340339357 -0.239720700 0.591573325
10130.721450423 76.009475739 17.094802397 1.146574999 0.694783801 -0.330455931 -0.232227875 0.595100464
10130.754819450 75.993720901 17.077554701 1.148943040 0.697502027 -0.323976781 -0.227346679 0.597363754
10130.788211365 75.970841736 17.052647360 1.151999094 0.700879269 -0.315450581 -0.220927566 0.600375043
10130.821543790 75.947893546 17.027646906 1.154631116 0.703634632 -0.307874541 -0.215503357 0.603050474
10130.854928248 75.931726438 17.010289902 1.156533253 0.705072489 -0.303629801 -0.212824911 0.604472734
10130.888286016 75.907431980 16.985752883 1.159796575 0.706235305 -0.299665713 -0.211026810 0.605722577
10130.921647868 75.883859708 16.963339216 1.163632611 0.706207223 -0.298597856 -0.212189353 0.605876519
10130.955014533 75.867240287 16.949013743 1.166459400 0.705472970 -0.299652191 -0.214779791 0.605298352
10130.988379489 75.843705350 16.930859830 1.171431540 0.703212307 -0.304194894 -0.221231563 0.603336153
10131.021746453 75.818433395 16.915218292 1.176988855 0.699480982 -0.312154044 -0.230771472 0.600025613
10131.055135496 75.802487082 16.905050751 1.180922794 0.696962168 -0.317458805 -0.237344781 0.597604467
10131.088494506 75.781487734 16.888215522 1.188375346 0.693936685 -0.323395202 -0.245861170 0.594491132
10131.121857424 75.764110333 16.870991697 1.196708474 0.692151690 -0.326275451 -0.251590684 0.592598089
10131.155214291 75.751038937 16.859477963 1.202271981 0.691857624 -0.326129853 -0.253556658 0.592183560
10131.188590193 75.733186689 16.841657882 1.209821066 0.693075495 -0.322570461 -0.253194150 0.592863709
10131.221950860 75.716033752 16.821953349 1.217107283 0.696372878 -0.314620081 -0.248770003 0.595140744
10131.255309528 75.704835242 16.808107913 1.221677343 0.699473437 -0.307396087 -0.243908796 0.597288084
10131.288673436 75.691811427 16.786318529 1.227925090 0.704362935 -0.295827050 -0.236129392 0.600501559
10131.322040736 75.684486348 16.763933105 1.235465623 0.708941091 -0.284824823 -0.229331716 0.603062446
10131.355417778 75.675158336 16.749782049 1.238647705 0.711593261 -0.278539556 -0.225735744 0.604230188
10131.388786901 75.662601442 16.729740868 1.242406785 0.714527736 -0.271798159 -0.222915677 0.604883854
10131.422163955 75.649566885 16.709840776 1.245945311 0.716664292 -0.267270736 -0.222373949 0.604572967
10131.455515979 75.639531882 16.697398619 1.248711478 0.717720993 -0.265349467 -0.223041159 0.603919595
10131.488897987 75.627732763 16.679172064 1.250717050 0.718852670 -0.263503435 -0.225224455 0.602570098
10131.522263071 75.619907331 16.663987476 1.258362191 0.719893226 -0.261635466 -0.227116292 0.601430641
10131.555609387 75.614498356 16.651230289 1.259674151 0.721004419 -0.259333102 -0.228038334 0.600747441
10131.588978956 75.607035573 16.631742386 1.261000829 0.723651325 -0.253625461 -0.227111975 0.600352427
10131.622340424 75.602960839 16.617208935 1.268537559 0.727158057 -0.245634533 -0.223365781 0.600843211
10131.655713475 75.597524188 16.604359599 1.270134168 0.730122778 -0.238986854 -0.219895355 0.601208820
10131.689090299 75.591267263 16.584369390 1.271952503 0.734812342 -0.228369709 -0.213948789 0.601767409
10131.722447868 75.590127818 16.564271998 1.274276865 0.739430937 -0.217461154 -0.207850451 0.602287910
10131.755806357 75.590965428 16.550655888 1.275563539 0.742372398 -0.210375837 -0.204089521 0.602472155
10131.789198040 75.594003817 16.531340219 1.277164081 0.745888424 -0.201759965 -0.200310260 0.602344732
10131.822534746 75.601591098 16.515101005 1.280721681 0.747949468 -0.196477472 -0.199337142 0.601857873
10131.855907519 75.613336863 16.508549563 1.282204199 0.748317940 -0.194834155 -0.200817942 0.601441656
10131.889272445 75.622369585 16.496769489 1.283945427 0.747687086 -0.195709509 -0.205608097 0.600322514
10131.922640475 75.624023588 16.481386838 1.283011430 0.746231765 -0.198932181 -0.212323746 0.598734305
10131.956011464 75.620836169 16.469622591 1.281314646 0.744842707 -0.201895854 -0.217343491 0.597669820
10131.989389439 75.622909308 16.457522643 1.280669796 0.742112933 -0.207059017 -0.225460188 0.596290753
10132.022737486 75.620801028 16.447282300 1.279274448 0.738853270 -0.212999581 -0.233816331 0.595026846
10132.056133434 75.621822006 16.445947413 1.278035657 0.736271217 -0.217585319 -0.239931641 0.594133092
10132.089470434 75.619319189 16.443291917 1.277262167 0.732282703 -0.224645238 -0.248566218 0.592883965
10132.122837448 75.619477340 16.441556404 1.277876107 0.729364012 -0.229021550 -0.254565991 0.592261280
10132.156206451 75.630647689 16.445248481 1.279896825 0.728771606 -0.228695096 -0.255283003 0.592807800
10132.189584365 75.635815660 16.437518082 1.283321901 0.730400051 -0.222681025 -0.251041774 0.594900793
10132.222938365 75.641485694 16.431615248 1.283610641 0.734335450 -0.210265375 -0.240760798 0.598810619
10132.256305300 75.644346926 16.425823351 1.283392672 0.737723268 -0.199954090 -0.231829418 0.601695822
10132.289676892 75.659065143 16.427633532 1.285033024 0.741905619 -0.185454147 -0.219062027 0.605965873
10132.323035774 75.668000815 16.425790706 1.285321747 0.744777057 -0.174171862 -0.209879244 0.609033661
10132.356406555 75.672876016 16.426226241 1.285481640 0.745367539 -0.170023868 -0.207201372 0.610398811
10132.389770616 75.679019868 16.431162004 1.285195625 0.744787292 -0.168238047 -0.207262897 0.611579872
10132.423137616 75.684597115 16.436979687 1.285696415 0.743004716 -0.169133760 -0.210654653 0.612341718
10132.456502511 75.688629192 16.441025299 1.286205861 0.741770542 -0.169811387 -0.213239172 0.612755752
10132.489866731 75.696764932 16.447599585 1.286969877 0.740695641 -0.168217920 -0.214494800 0.614055926
10132.523234734 75.706150476 16.455346789 1.287094590 0.740789850 -0.162667020 -0.211881971 0.616340709
10132.556608707 75.713601569 16.462161587 1.286901223 0.741355600 -0.156874644 -0.208044866 0.618465483
10132.589983686 75.724743898 16.473200226 1.285860280 0.742555239 -0.146605524 -0.200800304 0.621930684
10132.623334676 75.737083869 16.486807402 1.282706348 0.744010423 -0.134609414 -0.192096548 0.625641841
10132.656704474 75.745950536 16.497325104 1.281099953 0.744847562 -0.125623113 -0.185715797 0.628435029
10132.690073487 75.760346495 16.514686192 1.278635629 0.745932417 -0.111932523 -0.176107435 0.632488823
10132.723441478 75.775675016 16.533213509 1.277757630 0.746632992 -0.098554293 -0.167236649 0.636284630
10132.756806449 75.787709351 16.547416924 1.276142530 0.747059082 -0.089537465 -0.161679675 0.638549491
10132.790220445 75.801415058 16.568453863 1.274813464 0.747236370 -0.078094019 -0.155794957 0.641301071
10132.823538455 75.818450573 16.591869588 1.274012484 0.747087223 -0.067763513 -0.151328913 0.643714492
10132.856910525 75.827878101 16.608012412 1.273132126 0.746847274 -0.061827556 -0.149176842 0.645091290
10132.890282302 75.843738189 16.633449983 1.272251979 0.746582930 -0.052662772 -0.145518407 0.647043239
10132.923642269 75.858745563 16.659947791 1.270641097 0.746847315 -0.041974664 -0.139995768 0.648736002
10132.957006272 75.871899945 16.678918646 1.268421429 0.747688263 -0.032041445 -0.133830171 0.649634583
10132.990368273 75.891103384 16.707044211 1.266021808 0.749175841 -0.014768163 -0.122448384 0.650787104
10133.023741983 75.911911644 16.736663161 1.263669653 0.750769617 0.003923855 -0.110030320 0.651323970
10133.057133969 75.925655067 16.757350176 1.262413319 0.751547080 0.014672176 -0.103180879 0.651394980
10133.090471969 75.944340292 16.787887204 1.260942315 0.751935647 0.025548386 -0.097264318 0.651521078
10133.123837839 75.960528432 16.818754322 1.259075824 0.751748371 0.031238564 -0.095592219 0.651736655
10133.157206839 75.971292710 16.840443349 1.257144887 0.751522969 0.033871299 -0.095435528 0.651888044
10133.190582832 75.987005440 16.871048896 1.253053283 0.751478422 0.038889738 -0.093822556 0.651893471
10133.223952832 76.004105544 16.901361679 1.247224868 0.752121688 0.047251717 -0.088675609 0.651319336
10133.257305718 76.017255352 16.921349270 1.242680045 0.752945187 0.055788973 -0.082526593 0.650500190
10133.290672729 76.036558176 16.948857948 1.236130515 0.754427115 0.071251031 -0.070662217 0.648667765
10133.324045729 76.056430152 16.975368525 1.229886459 0.755863064 0.088583552 -0.057147615 0.646187383
10133.357403749 76.070346830 16.993446154 1.225733718 0.756652650 0.100724802 -0.047783428 0.644242210
10133.390765686 76.094887655 17.019837122 1.219443180 0.757341681 0.117898336 -0.035387830 0.641312141
10133.424182734 76.118244035 17.045120605 1.213265729 0.757478640 0.132264819 -0.026039064 0.638791120
10133.457508346 76.134263658 17.061781448 1.208192657 0.757409506 0.140744891 -0.021020931 0.637243938
10133.490870106 76.158457575 17.085381161 1.201155322 0.756919433 0.151650633 -0.015479521 0.635480481
10133.524249092 76.185118526 17.108523684 1.194552733 0.756125635 0.162960502 -0.010275050 0.633728903
10133.557601089 76.204709661 17.123617023 1.188991292 0.755360279 0.171603702 -0.005831794 0.632415218
10133.590964008 76.235106501 17.146000701 1.181767270 0.753824502 0.185981282 0.002046490 0.630202662
10133.624359823 76.266798686 17.167765028 1.174764874 0.751715163 0.201860716 0.011219665 0.627734565
10133.657704558 76.301474564 17.188639927 1.167960413 0.749255687 0.218316361 0.020623537 0.624922837
10133.691070302 76.326443687 17.203079949 1.163494933 0.747296569 0.229346607 0.026609742 0.623088994
10133.724452231 76.363933749 17.225771676 1.159672567 0.744100820 0.242990765 0.032871442 0.621441008
10133.757821115 76.398626741 17.244387579 1.156560077 0.741497630 0.251275407 0.034469578 0.621171299
10133.791196348 76.422236573 17.257065852 1.155686879 0.739839122 0.254601375 0.033577855 0.621843020
10133.824575390 76.454846320 17.274799709 1.154981420 0.737421354 0.258568285 0.032113901 0.623153982
10133.857901468 76.486964273 17.292150210 1.154894674 0.734869349 0.264462415 0.033333372 0.623630947
10133.891264900 76.510060509 17.301509907 1.156365940 0.735142057 0.276427557 0.048657149 0.617078960
10133.924656385 76.537904186 17.311397334 1.161505084 0.736087741 0.289980753 0.076861076 0.606777039
10133.958002680 76.561406658 17.321473895 1.165382674 0.738160256 0.291884219 0.094808609 0.600778134
10133.991373332 76.576895433 17.327067449 1.169228442 0.740556206 0.288751681 0.102446204 0.598083396
10134.024754347 76.601705600 17.337987650 1.175839274 0.742918894 0.282875150 0.109727075 0.596668363
10134.058124437 76.629122835 17.352501335 1.183765467 0.744864198 0.277516086 0.116381563 0.595497674
10134.091467773 76.647367106 17.362521666 1.188511032 0.745637930 0.275468695 0.121445438 0.594467897
10134.124887590 76.676531626 17.377952479 1.194182561 0.746741063 0.273379516 0.128554225 0.592549776
10134.158209847 76.705820156 17.394360635 1.198194431 0.747073552 0.272363536 0.134581811 0.591258783
10134.191565559 76.721374978 17.397716747 1.200805305 0.747510970 0.271107361 0.137909398 0.590516000
10134.224965460 76.749451313 17.413504340 1.202450416 0.747779163 0.268207506 0.139877998 0.591037395
10134.258303334 76.779617072 17.430164528 1.202104463 0.747668489 0.265699046 0.141076791 0.592024650
10134.291667434 76.800684188 17.441485416 1.200545619 0.747094388 0.265631879 0.142819517 0.592361600
10134.325054522 76.828646219 17.454091242 1.198543098 0.745777659 0.267204058 0.146544630 0.592403871
10134.358399055 76.860402912 17.470104534 1.194433794 0.743887743 0.269873251 0.150227433 0.592647596
10134.391763582 76.883135791 17.481495771 1.191723650 0.742307697 0.272111153 0.152622408 0.592993426
10134.425184004 76.920522853 17.495393491 1.185286127 0.739933477 0.276044234 0.155484370 0.593399226
10134.458502695 76.958667037 17.514504476 1.183202127 0.737254721 0.279974436 0.157359684 0.594396939
10134.491859294 76.982612971 17.527322572 1.183241326 0.735386416 0.282369742 0.158107854 0.595378917
10134.525249097 77.015523911 17.535722985 1.184167965 0.732806586 0.285823532 0.158594850 0.596780604
10134.558603034 77.053732646 17.557463958 1.185904900 0.729305043 0.291206603 0.160141454 0.598053161
10134.591980161 77.079847116 17.573188466 1.187463833 0.726455583 0.296221975 0.162183579 0.598507573
10134.625352008 77.119311575 17.597757914 1.190159336 0.721780183 0.304756459 0.165839938 0.598877268
10134.658716391 77.155734131 17.621867302 1.193302622 0.716912530 0.314005130 0.170259437 0.598706043
10134.692061810 77.182828214 17.640694593 1.195103398 0.713247352 0.320975848 0.173933827 0.598330798
10134.725443414 77.221517954 17.668118293 1.196974042 0.708378303 0.330024947 0.178522580 0.597840616
10134.758799981 77.265498172 17.697262745 1.197315604 0.704661958 0.336237319 0.180686341 0.598120754
10134.792180885 77.293986237 17.715690932 1.198083510 0.702770964 0.338854639 0.181068216 0.598752709
10134.825534739 77.332622209 17.741645245 1.198710044 0.700337795 0.341853728 0.181205337 0.599856339
10134.858892558 77.367947548 17.767712122 1.199507297 0.697417681 0.346608563 0.183551684 0.599816523
10134.892265053 77.397816043 17.790831121 1.198910201 0.694399219 0.352466920 0.187595600 0.598652391
10134.925644950 77.432609928 17.820177338 1.198955418 0.688469974 0.365279016 0.197434239 0.594642797
10134.959001872 77.466870184 17.851728833 1.198993186 0.680860948 0.381569159 0.210520164 0.588654913
10134.992360914 77.482536334 17.869758574 1.198854530 0.675428948 0.392835584 0.219871013 0.584065645
10135.025754068 77.509899197 17.900566640 1.199199792 0.667613402 0.407377824 0.231659242 0.578506395
10135.059133225 77.540766633 17.934604761 1.199104866 0.660336005 0.419664842 0.241303777 0.574116947
10135.092460165 77.558351981 17.957801716 1.199376317 0.654844131 0.428349858 0.248484037 0.570921401
10135.125834143 77.580860971 17.991421597 1.199843647 0.645613717 0.443060282 0.260948095 0.564611907
10135.159195910 77.603297963 18.027358715 1.200325341 0.634077846 0.460962603 0.276756867 0.555755702
10135.192566696 77.615100671 18.051288718 1.201074480 0.625420065 0.473476773 0.288282241 0.549147373
10135.225933231 77.642361351 18.090603460 1.201169565 0.613126180 0.490047849 0.303477315 0.540213766
10135.259292652 77.665475835 18.127370660 1.202246194 0.601850384 0.503699151 0.317175096 0.532412659
10135.292662923 77.682409854 18.153188496 1.203786298 0.594070091 0.512253009 0.326423921 0.527375583
10135.326041871 77.703686417 18.188935114 1.206096769 0.582020084 0.524817101 0.340702228 0.519366560
10135.359391506 77.724449986 18.224815338 1.208221226 0.567428905 0.539631149 0.357631440 0.508844194
10135.392761596 77.737141173 18.248913037 1.209883851 0.556006824 0.550466547 0.370827502 0.500329846
10135.426134096 77.751864508 18.281211130 1.212096625 0.537386780 0.567078802 0.391505774 0.486169014
10135.459498195 77.766553244 18.314047628 1.214189934 0.515497378 0.585119438 0.414062649 0.469520840
10135.492862935 77.770140616 18.333732059 1.216047174 0.498161523 0.598318046 0.430871640 0.456289649
10135.526262484 77.784580571 18.370721753 1.218683804 0.469407406 0.618564344 0.456140653 0.434707424
10135.559605223 77.799974767 18.409385219 1.221820802 0.439418503 0.637430391 0.479941668 0.412613466
10135.592969579 77.809155587 18.436463928 1.224724821 0.418360332 0.649000669 0.495345418 0.398002113
10135.626346950 77.819917528 18.472393149 1.230020838 0.390620419 0.661771308 0.514911672 0.379921563
10135.659709510 77.831173382 18.507075994 1.236167271 0.365590578 0.670857309 0.531775032 0.365389267
10135.693071088 77.838086101 18.531726702 1.240899021 0.349116084 0.675759860 0.542668723 0.356338644
10135.726434511 77.846518293 18.566554765 1.248962273 0.326990860 0.680521721 0.557225306 0.345640165
10135.759801583 77.847073965 18.596054720 1.257794313 0.306945896 0.683634211 0.570022148 0.336902407
10135.793195369 77.845609055 18.616873441 1.263941332 0.292726073 0.685533717 0.578773409 0.330720893
10135.826539660 77.844026111 18.648026805 1.272778273 0.271646031 0.688087709 0.590973806 0.321704365
10135.859897549 77.841829844 18.681498175 1.281265176 0.250853117 0.689987732 0.602558946 0.312909507
10135.893286702 77.842492885 18.707584698 1.286123418 0.237895049 0.690859692 0.609417382 0.307781231
10135.926643444 77.838469008 18.739848132 1.294879996 0.217910848 0.691608203 0.619862630 0.299938786
10135.959998757 77.831781648 18.770984290 1.303455021 0.197045790 0.693096139 0.629419070 0.290899179
10135.993374432 77.826523098 18.793982398 1.308839871 0.181171959 0.694754873 0.635809308 0.283264740
10136.026732450 77.819091072 18.829079776 1.314771551 0.156575777 0.698163157 0.644155161 0.270400370
10136.060117996 77.810807870 18.862367927 1.320559681 0.132649526 0.701137856 0.651446872 0.257733937
10136.093488160 77.806922554 18.886148818 1.323207470 0.119133014 0.702331485 0.655397243 0.250982595
10136.126843554 77.805495018 18.921179368 1.327502288 0.105695987 0.702140076 0.659840602 0.245841517
10136.160193977 77.803066187 18.952120222 1.331739464 0.100234904 0.699598990 0.663275440 0.246129858
10136.193561978 77.802165043 18.974869977 1.334693063 0.099196509 0.697099862 0.665198211 0.248441492
10136.226940738 77.799591779 19.006699668 1.336942165 0.100351172 0.692967961 0.667692120 0.252808783
10136.260293307 77.798570805 19.037581157 1.338065104 0.102780120 0.688211313 0.670447854 0.257490020
10136.293664039 77.798465816 19.059134528 1.339081795 0.102997303 0.685987767 0.672528406 0.257910609
10136.327028377 77.798944617 19.092579877 1.341278148 0.095122714 0.685560658 0.676290780 0.252168663
10136.360392318 77.793366062 19.125331935 1.343215383 0.077401140 0.689147606 0.680396452 0.236950012
10136.393762717 77.788796787 19.147154660 1.344033968 0.060320049 0.693274443 0.683125913 0.221519808
10136.427147613 77.780127423 19.180188761 1.343405549 0.030022786 0.699954858 0.686618532 0.194208191
10136.460495266 77.771467255 19.213312459 1.341685839 -0.002203587 0.706145996 0.688604387 0.164854403
10136.493858542 77.765203927 19.236696825 1.339597851 -0.024415164 0.709562775 0.689281790 0.144274677
10136.527217541 77.756239652 19.269985086 1.336596170 -0.053221542 0.712870631 0.689470668 0.116675315
10136.560587636 77.746343396 19.303124539 1.333978576 -0.077259940 0.714467324 0.689167760 0.092817796
10136.593957202 77.739905512 19.324612590 1.332007995 -0.090013297 0.714474338 0.689323667 0.079100630
10136.627320272 77.730045427 19.354802592 1.328952867 -0.101966504 0.713230569 0.690521581 0.063913487
10136.660685196 77.720223423 19.384670834 1.326458203 -0.107013726 0.711785904 0.692014590 0.054997241
10136.694099080 77.713699474 19.405132699 1.324080030 -0.107318231 0.710214863 0.693868744 0.051223162
10136.727428943 77.701476616 19.433947677 1.320051787 -0.105930703 0.707970729 0.696626511 0.047619711
10136.760786891 77.685553691 19.462864807 1.315236186 -0.105343313 0.705811421 0.699166014 0.043587949
10136.794165715 77.672824724 19.481035380 1.311632608 -0.107300303 0.704309504 0.700643337 0.039162241
10136.827520613 77.648699471 19.507214224 1.305232855 -0.116303683 0.702341016 0.701710393 0.028161596
10136.860884451 77.625393402 19.538095949 1.299683447 -0.130557627 0.700613639 0.701370433 0.013219317
10136.894253392 77.609229274 19.559224444 1.296060891 -0.142426472 0.699293021 0.700500262 0.001831515
10136.927619514 77.578961047 19.588546721 1.291794581 -0.160720252 0.697229048 0.698445393 -0.014652214
10136.960986253 77.545300482 19.618799453 1.289105833 -0.176651530 0.695221668 0.696161122 -0.028648918
10136.994355187 77.524117617 19.645777835 1.289165953 -0.184829252 0.694238047 0.694708051 -0.035389342
10137.027723024 77.492126274 19.680167210 1.289525162 -0.190712548 0.693400026 0.693688585 -0.040265052
10137.061118072 77.460448644 19.714373688 1.290648326 -0.189676202 0.693501555 0.693930759 -0.039225415
10137.094452134 77.436259303 19.736927310 1.291878405 -0.185626440 0.694007018 0.694704893 -0.035807744
10137.127815986 77.404478583 19.771045518 1.293335120 -0.177113881 0.695100237 0.696170618 -0.028509725
10137.161186845 77.369905913 19.806663454 1.293879370 -0.168036919 0.696163030 0.697628364 -0.020863721
10137.194550647 77.345516565 19.829660643 1.293850159 -0.163251979 0.696652128 0.698384773 -0.016831883
10137.227945525 77.310033810 19.862775111 1.293064538 -0.160134626 0.697005256 0.698814861 -0.014084221
10137.261287384 77.273081160 19.895836093 1.290898645 -0.162160467 0.696953458 0.698372182 -0.015367362
10137.294666288 77.242928178 19.914799643 1.288452289 -0.166893043 0.696673837 0.697453433 -0.018734604
10137.328024217 77.200442784 19.945803555 1.284076322 -0.176891090 0.696016429 0.695415206 -0.025852740
10137.361382220 77.156996959 19.984172808 1.278407475 -0.188604895 0.695377711 0.692620363 -0.033986266
10137.394750146 77.126585787 20.008147163 1.275356052 -0.195855088 0.695077678 0.690672031 -0.038470135
10137.428113166 77.081926915 20.044670575 1.271507921 -0.202802475 0.695288134 0.688276946 -0.041477861
10137.461483154 77.033354231 20.080131819 1.268770677 -0.204854963 0.696211528 0.686814742 -0.040118108
10137.494848090 76.999570085 20.103485217 1.267901703 -0.203935967 0.697170759 0.686286403 -0.037067860
10137.528225228 76.948100096 20.142169114 1.267657655 -0.202501832 0.698726867 0.685361317 -0.032459811
10137.561581252 76.894871091 20.179444338 1.268731633 -0.203295488 0.700188423 0.683750894 -0.029863558
10137.594958279 76.855316311 20.207207312 1.269918608 -0.205932163 0.701000743 0.682123380 -0.029959922
10137.628336298 76.798461035 20.245690642 1.272083690 -0.211894950 0.701776633 0.679375887 -0.032534468
10137.661709326 76.737948907 20.285887388 1.273745988 -0.220040458 0.702030899 0.676266748 -0.037391172
10137.695052314 76.698292910 20.312347453 1.274620366 -0.225076219 0.701969006 0.674476552 -0.040762611
10137.728418306 76.640390023 20.350319171 1.274929936 -0.232421324 0.701290585 0.672355147 -0.045939084
10137.761778123 76.585058459 20.385095805 1.274592801 -0.238192672 0.700323140 0.671035920 -0.050224942
10137.795164019 76.544267636 20.411121432 1.273476313 -0.241431951 0.699381315 0.670671300 -0.052691514
10137.828524091 76.490792314 20.441656920 1.272243895 -0.244073103 0.697990129 0.670987145 -0.054903110
10137.861881024 76.432439165 20.472201836 1.270894804 -0.245712344 0.696222230 0.672089341 -0.056532892
10137.895265658 76.390448432 20.495300179 1.270229462 -0.246955825 0.694836284 0.672958537 -0.057811469
10137.928619407 76.336736978 20.525151281 1.269783078 -0.248558368 0.692916417 0.674173236 -0.059799875
10137.961983230 76.280842381 20.555197066 1.270206095 -0.249782398 0.690884006 0.675643235 -0.061597591
10137.995349182 76.223667464 20.587327062 1.270454105 -0.248935065 0.688979573 0.677864165 -0.061956877
10138.028713244 76.188075200 20.606813437 1.272290771 -0.246465557 0.687775938 0.680084075 -0.060865739
10138.062102761 76.131013893 20.639348115 1.275374328 -0.240866251 0.686055820 0.684024512 -0.058492123
10138.095449732 76.075868376 20.671845819 1.277764216 -0.236731914 0.684426714 0.687165807 -0.057630098
10138.128824825 76.037449683 20.695421269 1.278867135 -0.235239213 0.683213887 0.688818523 -0.058398123
10138.162187278 75.984109771 20.725940093 1.280121828 -0.234603364 0.681299527 0.690676656 -0.061302309
10138.195553187 75.931253272 20.745574901 1.280486417 -0.235524873 0.679164656 0.692035683 -0.065954656
10138.228914048 75.893169786 20.766851959 1.280606295 -0.236772891 0.677781497 0.692609946 -0.069586654
10138.262279956 75.840320495 20.791673016 1.280446099 -0.238689051 0.676018189 0.693117617 -0.074932730
10138.295646838 75.785705865 20.819328233 1.280108113 -0.240673554 0.674732789 0.693115377 -0.080018609
10138.329014357 75.744330750 20.842081527 1.279869910 -0.241830752 0.674139743 0.692921735 -0.083144232
10138.362376147 75.682865628 20.875992903 1.279042719 -0.242886148 0.673772725 0.692469700 -0.086731474
10138.395745428 75.637077343 20.900141140 1.278514466 -0.243164088 0.673829120 0.692055111 -0.088799026
10138.429121384 75.574534582 20.936372957 1.277404121 -0.243575873 0.674283970 0.691142583 -0.091289930
10138.462477187 75.508784896 20.975504847 1.276070342 -0.245223984 0.674827651 0.689574616 -0.094655630
10138.495847080 75.443742148 21.013771361 1.273880143 -0.247485615 0.675492519 0.687554652 -0.098637351
10138.529222110 75.408381105 21.034374989 1.272442468 -0.248398881 0.675726459 0.686713059 -0.100582913
10138.562579801 75.329615596 21.078682707 1.268580000 -0.249183773 0.676418190 0.685197273 -0.104262059
10138.595947757 75.267636805 21.114681327 1.264922763 -0.248123369 0.677257324 0.684503679 -0.105886850
10138.629313632 75.223632093 21.138512126 1.263059998 -0.247161623 0.677760766 0.684229075 -0.106686684
10138.662675816 75.156927013 21.171873680 1.260432729 -0.247328614 0.678063237 0.683529750 -0.108838802
10138.696048924 75.105509027 21.197936422 1.258394609 -0.249493181 0.677850482 0.682479179 -0.111776774
10138.729416902 75.038752711 21.226746887 1.256302013 -0.254276742 0.677320543 0.680354862 -0.117036238
10138.762777210 74.965192089 21.258062257 1.254127419 -0.261997861 0.676140315 0.677284176 -0.124408764
10138.796160428 74.911863444 21.280825874 1.252192905 -0.268125554 0.675177729 0.674812241 -0.129892879
10138.829517441 74.844406523 21.308504140 1.250786619 -0.273770402 0.674133132 0.672517220 -0.135332465
10138.862874331 74.776972393 21.337335541 1.250032105 -0.274200204 0.673920498 0.672277774 -0.136704076
10138.896245482 74.712376308 21.366145631 1.250585463 -0.268955568 0.674660599 0.674236688 -0.133794121
10138.929607637 74.666057713 21.385386223 1.251719379 -0.263700362 0.675390748 0.676205099 -0.130599082
10138.962995725 74.599074678 21.414628986 1.253755427 -0.256281816 0.676463445 0.678801517 -0.126274857
10138.996348366 74.534939933 21.442924163 1.255926474 -0.251549464 0.676788568 0.680628336 -0.124198111
10139.029728324 74.486449944 21.463075422 1.257361948 -0.250302004 0.676393283 0.681416285 -0.124550714
10139.063100320 74.422464307 21.488520612 1.259732072 -0.251731197 0.675061902 0.681671241 -0.127464318
10139.096443311 74.358149807 21.512462313 1.261889878 -0.256537153 0.672903685 0.681001805 -0.132762422
10139.129811239 74.312129108 21.525873193 1.263214123 -0.261776618 0.670992855 0.679901031 -0.137754054
10139.163174209 74.251393681 21.549004038 1.263869321 -0.270181735 0.668310727 0.677749984 -0.144974349
10139.196545341 74.187915314 21.572020161 1.264063335 -0.278344029 0.665760991 0.675535978 -0.151453117
10139.229907238 74.144034871 21.587701153 1.263613336 -0.283007071 0.664264918 0.674263275 -0.155010170
10139.263279804 74.079205816 21.613304565 1.263096706 -0.286623264 0.662828217 0.673522367 -0.157713287
10139.296642292 74.012677567 21.641215078 1.263170226 -0.287188705 0.662116905 0.673862054 -0.158220678
10139.330013774 73.962092070 21.663830537 1.263172722 -0.286274465 0.661931564 0.674540141 -0.157762904
10139.363375853 73.892587359 21.695820193 1.263395595 -0.283887918 0.661692207 0.676089087 -0.156443661
10139.396747296 73.827133322 21.729739014 1.263508814 -0.282507006 0.661259576 0.677170811 -0.156093748
10139.430117089 73.777060328 21.751194404 1.263864595 -0.282934770 0.660599197 0.677440121 -0.156944255
10139.463476103 73.704180796 21.781541791 1.264456079 -0.285773916 0.658891732 0.677195925 -0.160001979
10139.496840367 73.650063077 21.802112621 1.264915374 -0.289729306 0.657018628 0.676464266 -0.163644580
10139.530203332 73.586722592 21.823935192 1.265410517 -0.295911399 0.654381819 0.675028981 -0.168987438
10139.563584578 73.513615304 21.848019404 1.266301366 -0.303292141 0.651220034 0.673219611 -0.175219006
10139.596943431 73.460138625 21.864662446 1.266437316 -0.307717004 0.649227673 0.672190310 -0.178812361
10139.630307780 73.393256681 21.886945634 1.265383095 -0.312055711 0.647088742 0.671287443 -0.182402199
10139.663679536 73.321913355 21.910572003 1.262662514 -0.313916953 0.645755557 0.671301935 -0.183873924
10139.697043952 73.250239227 21.935604202 1.259383520 -0.312226722 0.645430482 0.672728578 -0.182675199
10139.730408217 73.203126064 21.950840407 1.257146055 -0.308997010 0.645673599 0.674645448 -0.180222005
10139.763776633 73.136965470 21.974046242 1.254934709 -0.302841405 0.646454153 0.677894769 -0.175621165
10139.797148574 73.065141898 21.997498498 1.254324449 -0.297597602 0.647154479 0.680559932 -0.171653508
10139.830507517 73.016198636 22.011577960 1.254651255 -0.295636628 0.647279551 0.681631426 -0.170313726
10139.863888719 72.943571765 22.034705357 1.256221998 -0.294569748 0.647145837 0.682373441 -0.169698015
10139.897247308 72.890823148 22.051005433 1.258049187 -0.295223038 0.646638668 0.682362170 -0.170539321
10139.930612201 72.830541413 22.070063417 1.260256625 -0.296446407 0.646032170 0.682065144 -0.171898522
10139.963982067 72.762184960 22.092202000 1.263032794 -0.297817607 0.645266410 0.681770106 -0.173566861
10139.997333487 72.696007025 22.115242574 1.264941352 -0.299389882 0.644590140 0.681233416 -0.175471600
10140.030705594 72.651390210 22.127789998 1.265874359 -0.301207609 0.644011168 0.680488722 -0.177365978
10140.064090164 72.585930337 22.148562085 1.265861395 -0.305386142 0.642983786 0.678583394 -0.181206325
10140.097440051 72.539602926 22.164716242 1.265140780 -0.310031093 0.641896353 0.676437729 -0.185153429
10140.130798082 72.478082940 22.187068116 1.262343047 -0.316210707 0.640462700 0.673499842 -0.190305760
10140.164197317 72.410353244 22.213915618 1.258490603 -0.322191306 0.638925224 0.670569786 -0.195712755
10140.197535224 72.347556679 22.237990568 1.255048638 -0.325122496 0.637980273 0.669056379 -0.199098204
10140.230907782 72.304340103 22.255368956 1.253032604 -0.324902490 0.637934656 0.668959577 -0.199927063
10140.264293891 72.243490196 22.282194561 1.251116793 -0.321053596 0.638901814 0.670281105 -0.198626033
10140.297640214 72.198253136 22.302665588 1.251245713 -0.315950228 0.640104844 0.672254514 -0.196252671
10140.330999185 72.136834036 22.328972870 1.253181887 -0.307334686 0.642093730 0.675617314 -0.191839195
10140.364392234 72.066590008 22.358487723 1.256825580 -0.299748213 0.643721604 0.678452605 -0.188349593
10140.397731965 71.998263337 22.384327516 1.261408504 -0.296275441 0.644269368 0.679632888 -0.187715163
10140.431098698 71.947250023 22.402415753 1.265656518 -0.296406190 0.643947612 0.679451855 -0.189261779
10140.464477720 71.874164901 22.427495078 1.272221761 -0.300631876 0.642399749 0.677596033 -0.194439333
10140.497837864 71.831829502 22.443637684 1.277141152 -0.305450085 0.640805518 0.675530999 -0.199314831
10140.531205644 71.775361356 22.462432627 1.282048992 -0.313035667 0.638347558 0.672174752 -0.206645030
10140.564625477 71.724458658 22.479640499 1.285528916 -0.320631893 0.635848810 0.668650412 -0.214004921
10140.597933931 71.694873100 22.490315854 1.285522600 -0.325058120 0.634472711 0.666385032 -0.218432113
10140.631295082 71.640484363 22.509173952 1.284653934 -0.328515328 0.633265427 0.664477047 -0.222537259
10140.664674912 71.579371139 22.531601608 1.282768715 -0.328008654 0.633458856 0.664164734 -0.223663603
10140.698028563 71.513653288 22.556857391 1.281320077 -0.323781453 0.635082559 0.665203959 -0.222124755
10140.731393887 71.463946846 22.576710646 1.281654347 -0.318733001 0.637021529 0.666524884 -0.219903217
10140.764779312 71.392502769 22.605080901 1.283988038 -0.310501099 0.640268141 0.668500417 -0.216224344
10140.798143187 71.331914278 22.628490558 1.286216051 -0.304317801 0.642898056 0.669613304 -0.213754038
10140.831491661 71.280867067 22.652749872 1.290060056 -0.296962906 0.646054917 0.670759430 -0.210968868
10140.864915891 71.229565400 22.679393721 1.295297203 -0.289857807 0.649317091 0.671386927 -0.208828546
10140.898229832 71.174469474 22.706873290 1.300880394 -0.284448928 0.652038649 0.671344117 -0.207921821
10140.931595923 71.129886039 22.728100490 1.304838328 -0.281478230 0.653960048 0.670636886 -0.208212463
10140.965001819 71.092092467 22.754798427 1.308149791 -0.280201347 0.655945369 0.668495445 -0.210562860
10140.998338508 71.064197079 22.772666955 1.309302439 -0.281239085 0.656832563 0.666205592 -0.213648473
10141.031695477 71.013478987 22.797537101 1.308432142 -0.285492907 0.657044559 0.662105894 -0.220004619
10141.065095411 70.973875928 22.815804545 1.305668655 -0.291010398 0.656518391 0.657950373 -0.226710955
10141.098424221 70.930852609 22.838007984 1.299313186 -0.300105150 0.655201674 0.651524370 -0.236988734
10141.131795155 70.890224473 22.856874766 1.294679892 -0.305135604 0.654372715 0.647930142 -0.242642008
10141.165213230 70.854316805 22.876630921 1.288399860 -0.309900497 0.653877923 0.644009665 -0.248308065
10141.198531194 70.786726090 22.908384317 1.282313740 -0.312821934 0.654393245 0.640404900 -0.252573716
10141.231891164 70.746677287 22.928594797 1.280093126 -0.312408641 0.655598550 0.639088805 -0.253292088
10141.265272227 70.689406848 22.957888882 1.278999567 -0.309590728 0.658239279 0.638122015 -0.252338911
10141.298626159 70.637825332 22.984142729 1.279270238 -0.306248863 0.660983825 0.637599456 -0.250557281
10141.331993162 70.592101218 23.006528030 1.280265252 -0.303922335 0.663159670 0.636994166 -0.249176440
10141.365375144 70.525374820 23.036588342 1.283190479 -0.303060500 0.665057816 0.635584351 -0.248766894
10141.398728755 70.476885210 23.058640111 1.285136748 -0.305340831 0.665384394 0.633488499 -0.250445417
10141.432090150 70.424747831 23.081584741 1.288144991 -0.310384422 0.664650331 0.630353571 -0.254078381
10141.465483618 70.377739978 23.101446831 1.290495612 -0.316409531 0.663308081 0.627052452 -0.258287866
10141.498831171 70.308469679 23.130796576 1.292370340 -0.324874057 0.661225731 0.622580458 -0.263876774
10141.532188140 70.255124096 23.153650468 1.292045704 -0.330426869 0.659839073 0.619739553 -0.267120514
10141.565571147 70.195745650 23.179425848 1.289823413 -0.334274136 0.659042424 0.617889177 -0.268583043
10141.598930255 70.137025970 23.203712829 1.285231595 -0.335735067 0.659213497 0.617311986 -0.267666663
10141.632291078 70.097736963 23.220155116 1.281781128 -0.335004491 0.659840361 0.617926865 -0.265610766
10141.665675748 70.051646534 23.238068169 1.277902640 -0.331933653 0.661327610 0.619928579 -0.261063975
10141.699025791 69.988266807 23.260916936 1.274046755 -0.324416400 0.664360772 0.624597763 -0.251508250
10141.732390636 69.948256508 23.276254769 1.272892933 -0.318638218 0.666375928 0.628116245 -0.244709607
10141.765777534 69.907103330 23.291160759 1.271906542 -0.313060697 0.668206127 0.631578783 -0.237911353
10141.799132684 69.842764343 23.315960660 1.272307607 -0.306094624 0.670241598 0.636158231 -0.228877668
10141.832488650 69.791574859 23.336526158 1.274066699 -0.302479749 0.670960443 0.639032972 -0.223506029
10141.865861389 69.739675144 23.357217169 1.276732078 -0.300733948 0.670724785 0.641390376 -0.219785670
10141.899222279 69.685910508 23.378437096 1.281200976 -0.299681182 0.669736038 0.643948515 -0.216737487
10141.932603949 69.646350647 23.394324234 1.285284844 -0.298730735 0.668707747 0.646214244 -0.214469227
10141.965980554 69.592208381 23.415933882 1.288983648 -0.296607874 0.667638647 0.649368560 -0.211193938
10141.999340148 69.547971474 23.436696783 1.292120763 -0.293540196 0.666763825 0.652831237 -0.207536818
10142.032691264 69.495912990 23.460917238 1.293379819 -0.290342259 0.665997021 0.656087764 -0.204201340
10142.066081687 69.457575279 23.478492583 1.293068959 -0.288646272 0.665274486 0.658083178 -0.202533255
10142.099420628 69.420328338 23.496701768 1.292656684 -0.287714013 0.664211912 0.659855845 -0.201577396
10142.132791546 69.349825942 23.530397251 1.290146457 -0.287295682 0.661918351 0.662472871 -0.201134240
10142.166157348 69.310490366 23.548990214 1.287975916 -0.286864557 0.660627092 0.663980460 -0.201023681
10142.199517297 69.258043934 23.574749445 1.285749830 -0.285573365 0.658834662 0.666419557 -0.200673157
10142.232893366 69.207780416 23.600867876 1.284392440 -0.283741504 0.657160797 0.668991186 -0.200202996
10142.266266496 69.168641148 23.620119345 1.283893815 -0.282409923 0.656014512 0.670729752 -0.200027985
10142.299618454 69.116048033 23.647373988 1.284817808 -0.280139751 0.654539540 0.673217727 -0.199693774
10142.332995419 69.075411984 23.668751926 1.287309279 -0.278540175 0.653456712 0.674957300 -0.199605459
10142.366365360 69.021179021 23.694359996 1.290775549 -0.277683901 0.651819969 0.676644301 -0.200436694
10142.399719472 68.966130555 23.719584990 1.295509168 -0.279834291 0.649342171 0.677236516 -0.203465518
10142.433101531 68.908544894 23.745751399 1.301398941 -0.286081986 0.645793695 0.676194186 -0.209449336
10142.466460309 68.867694629 23.762974155 1.304458392 -0.292729488 0.642733085 0.674459363 -0.215193391
10142.499821228 68.822397391 23.783326067 1.308235547 -0.301590581 0.638779299 0.671917249 -0.222556375
10142.533191088 68.757254360 23.811754871 1.309458845 -0.313355769 0.633559257 0.668265490 -0.232017382
10142.566563029 68.716519740 23.829134260 1.308212788 -0.319026542 0.630896883 0.666554794 -0.236423128
10142.599919017 68.659974571 23.853545394 1.305243787 -0.324634266 0.628052286 0.665078718 -0.240485381
10142.633297103 68.618362398 23.871757564 1.301607631 -0.326320498 0.626902718 0.665017127 -0.241371364
10142.666665090 68.562946963 23.895633223 1.296068788 -0.324251271 0.626937654 0.666805605 -0.239124604
10142.700023410 68.512827976 23.915468448 1.292083543 -0.318311271 0.628634533 0.669968874 -0.233748298
10142.733393408 68.444697933 23.946301959 1.288305420 -0.305596809 0.632645666 0.675843206 -0.222724070
10142.766754146 68.404325889 23.964644189 1.288018137 -0.296917686 0.635420361 0.679516733 -0.215262310
10142.800133076 68.356848997 23.985743295 1.288090611 -0.287808702 0.638428528 0.683081259 -0.207304507
10142.833499054 68.287705369 24.017371785 1.290151403 -0.278105119 0.641501102 0.686742742 -0.198792067
10142.866865939 68.264718497 24.027490179 1.290808624 -0.276180468 0.642094416 0.687475845 -0.197017949
10142.900220030 68.188152158 24.060921279 1.293409591 -0.274355234 0.642569814 0.688342136 -0.194982933
10142.933594505 68.130110838 24.086595748 1.295471343 -0.277062065 0.641750131 0.687458723 -0.196961638
10142.966954393 68.102134880 24.099093741 1.296340750 -0.279419785 0.641105270 0.686574828 -0.198805488
10143.000319275 68.046881127 24.125080223 1.297831276 -0.284930836 0.639741503 0.684281353 -0.203234489
10143.033704029 67.973309304 24.161945896 1.297421529 -0.293434944 0.637944292 0.680241043 -0.210226396
10143.067069739 67.933663190 24.182253553 1.296309816 -0.297328324 0.637318958 0.678075956 -0.213619782
10143.100416413 67.880947706 24.211212490 1.294199024 -0.300922827 0.637066604 0.675622013 -0.217086363
10143.133801107 67.815175485 24.247686153 1.291254659 -0.303442767 0.637508313 0.673136518 -0.219983787
10143.167156794 67.774972827 24.269714056 1.289141259 -0.304023015 0.638142948 0.671873034 -0.221201739
10143.200515837 67.732444562 24.293305389 1.287251157 -0.304007447 0.638947198 0.670788727 -0.222190084
10143.233883779 67.655436231 24.335452418 1.285756718 -0.303448019 0.640602575 0.668901418 -0.223871693
10143.267250716 67.615222245 24.357543589 1.286350750 -0.303182191 0.641504294 0.667768966 -0.225027571
10143.300619561 67.565420310 24.385250975 1.288545839 -0.303007601 0.642511257 0.666256921 -0.226864264
10143.333987213 67.495295805 24.421381918 1.293368394 -0.303703851 0.643584684 0.663686092 -0.230398560
10143.367353205 67.454974176 24.442144887 1.297039522 -0.304750371 0.644027608 0.661816275 -0.233141308
10143.400720202 67.397839839 24.468407348 1.303111479 -0.306675581 0.644382696 0.659214821 -0.236974363
10143.434130864 67.324741402 24.500016425 1.310526672 -0.310888087 0.644090784 0.655248229 -0.243198312
10143.467466265 67.284058875 24.518323013 1.314750365 -0.314586229 0.643444094 0.652394274 -0.247784005
10143.500816866 67.225515665 24.545531428 1.320193890 -0.320755531 0.642026413 0.648000962 -0.254975936
10143.534185033 67.164749951 24.571537058 1.323112712 -0.327555001 0.640042715 0.643521004 -0.262552398
10143.567548370 67.124159565 24.588616704 1.323810847 -0.332362571 0.638388358 0.640512689 -0.267841222
10143.600922853 67.071602882 24.609810100 1.323558011 -0.338009554 0.636261017 0.636990285 -0.274162061
10143.634284053 67.005321495 24.636504158 1.320621760 -0.344554415 0.633453018 0.633108800 -0.281412111
10143.667647978 66.965119163 24.652163523 1.318042131 -0.347539305 0.631973374 0.631428842 -0.284822231
10143.701015094 66.915035505 24.671822363 1.314461024 -0.349758911 0.630643399 0.630248273 -0.287653824
10143.734390199 66.845666421 24.692535069 1.311070177 -0.350198758 0.630068821 0.630086362 -0.288730475
10143.767757286 66.820768855 24.702068222 1.310472350 -0.349170559 0.630381348 0.630633471 -0.288098424
10143.801139451 66.744527584 24.732819858 1.309862827 -0.343775147 0.632540271 0.633248875 -0.284090333
10143.834488111 66.680710651 24.758251995 1.310946982 -0.338679419 0.634590199 0.635777876 -0.279960751
10143.867847123 66.640479666 24.773793275 1.312527664 -0.335580222 0.635682057 0.637462209 -0.277373698
10143.901215069 66.578504621 24.798972043 1.314209959 -0.332315550 0.636673996 0.639448923 -0.274440655
10143.934580594 66.528054385 24.818056919 1.315997831 -0.330643020 0.636523220 0.641291458 -0.272504402
10143.967952305 66.488408102 24.831875015 1.317359329 -0.330453903 0.635941024 0.642255887 -0.271820911
10144.001319910 66.453482163 24.842117386 1.318229043 -0.330853599 0.634953425 0.643118741 -0.271603257
10144.034688789 66.382028583 24.864628665 1.319269407 -0.333520697 0.632508687 0.643764678 -0.272513753
10144.068060532 66.358369353 24.872061399 1.319712164 -0.335111115 0.631516360 0.643594161 -0.273265774
10144.101411435 66.289333283 24.894298696 1.320039091 -0.340595192 0.628580425 0.642324000 -0.276227159
10144.134776383 66.215122377 24.918149645 1.320123435 -0.348175670 0.625016390 0.639778284 -0.280734684
10144.168149344 66.170567592 24.932412572 1.320052427 -0.353037592 0.622864933 0.637858091 -0.283797092
10144.201522091 66.125214086 24.947889635 1.321323046 -0.357087710 0.621032016 0.636205264 -0.286444524
10144.234881621 66.061946331 24.969148752 1.322135700 -0.360783312 0.619293711 0.634757505 -0.288779520
10144.268248248 66.004038928 24.989471345 1.324825429 -0.360849900 0.619169481 0.634922459 -0.288600025
10144.301611201 65.950991167 25.008024626 1.328589102 -0.358579772 0.620130514 0.636034359 -0.286912856
10144.334984914 65.879496605 25.033375067 1.333966847 -0.354849317 0.621619109 0.637731463 -0.284552678
10144.368351832 65.841220616 25.045602388 1.336562335 -0.353593082 0.621949788 0.638313752 -0.284087923
10144.401713908 65.796783722 25.058906794 1.339523024 -0.354165341 0.621230353 0.638149495 -0.285315583
10144.435084884 65.738410641 25.074955523 1.342973410 -0.359091822 0.618325694 0.635959967 -0.290312453
10144.468447882 65.681613498 25.088284272 1.344472325 -0.366329539 0.614392803 0.632593005 -0.296901064
10144.501813023 65.619351940 25.103257292 1.345555063 -0.374254227 0.609837057 0.629195002 -0.303555904
10144.535179956 65.565464348 25.122364604 1.346944603 -0.375211376 0.608318135 0.628844916 -0.306136476
10144.568544911 65.526763771 25.137050804 1.346718132 -0.373135095 0.608601135 0.629877621 -0.305988630
10144.601909914 65.482171230 25.153794171 1.346617985 -0.370452707 0.608991902 0.631510379 -0.305103747
10144.635296957 65.420140403 25.177110130 1.346638273 -0.365674406 0.610351348 0.633501458 -0.304021979
10144.668654973 65.384184664 25.192277728 1.345831769 -0.361938684 0.611637733 0.634757130 -0.303287090
10144.702010919 65.340150183 25.211933985 1.344528464 -0.356474224 0.613457311 0.636601012 -0.302217483
10144.735381824 65.284081809 25.237440972 1.342937291 -0.349871129 0.615670507 0.638344794 -0.301754775
10144.768743699 65.247786630 25.254339531 1.341706017 -0.345922064 0.617126253 0.639110193 -0.301713896
10144.802125529 65.216865485 25.270494879 1.341803251 -0.341391063 0.618867808 0.639852391 -0.301734479
10144.835482156 65.161809713 25.301010686 1.342876838 -0.333419308 0.622186975 0.640354672 -0.302755391
10144.868853723 65.127068406 25.319549927 1.344235849 -0.329799350 0.623811584 0.639949872 -0.304229613
10144.902208570 65.102884813 25.336064335 1.346895928 -0.326637357 0.625221522 0.638687593 -0.307382896
10144.935582600 65.068505113 25.359761230 1.351423246 -0.325874493 0.625836839 0.634876191 -0.314747975
10144.968942514 65.034476229 25.377141489 1.354282997 -0.326979127 0.625573874 0.631588845 -0.320682881
10145.002312088 65.018490592 25.389427506 1.358215577 -0.328890812 0.624995387 0.627278972 -0.328226587
10145.035673530 65.002440597 25.405276161 1.363011962 -0.330380958 0.624792295 0.621418140 -0.338116113
10145.069071978 64.966726646 25.422700374 1.364607896 -0.330451252 0.625171971 0.618219733 -0.343171004
10145.102408546 64.949926975 25.436123984 1.365463864 -0.329821287 0.625752734 0.615246529 -0.348027503
10145.135786065 64.896460296 25.465816656 1.365131928 -0.328794619 0.626455972 0.610674175 -0.355702215
10145.169148851 64.858291551 25.484063552 1.363682580 -0.327730459 0.626974640 0.608723184 -0.359098359
10145.202505714 64.820166629 25.503845532 1.361168747 -0.325612073 0.627680811 0.607401730 -0.362017562
10145.235878491 64.771835287 25.525917231 1.357603866 -0.322292325 0.628738620 0.607249776 -0.363404892
10145.269251367 64.718836822 25.549922314 1.353523873 -0.317805412 0.629912453 0.608277831 -0.363604320
10145.302605361 64.673698833 25.568911259 1.350744894 -0.315004173 0.630102794 0.609218825 -0.364136326
10145.335977238 64.612119471 25.591952260 1.349563096 -0.313943507 0.628350844 0.610156572 -0.366501908
10145.369345194 64.574059441 25.604131288 1.349872201 -0.314404062 0.626261446 0.610827212 -0.368560449
10145.402704122 64.538977605 25.616112780 1.350992703 -0.315270392 0.623893625 0.611451112 -0.370794905
10145.436075026 64.471529045 25.634383716 1.355173913 -0.317232276 0.619606218 0.612708463 -0.374219397
10145.469444874 64.432388449 25.644752757 1.358095833 -0.318708633 0.617301230 0.613194720 -0.375973714
10145.502809872 64.384374189 25.656663123 1.362174993 -0.321144693 0.614224537 0.613558277 -0.378339192
10145.536176747 64.334470515 25.668027875 1.365922419 -0.323945076 0.611013731 0.613927441 -0.380545538
10145.569541649 64.285212911 25.681472227 1.367473089 -0.326160989 0.608343142 0.614373030 -0.382208597
10145.602905602 64.246407329 25.691021552 1.368071046 -0.327537138 0.606352615 0.615044232 -0.383114242
10145.636272462 64.179308814 25.709469240 1.365205780 -0.328400741 0.603835604 0.616847558 -0.383450918
10145.669641319 64.141172456 25.721391647 1.362188070 -0.327507915 0.603086161 0.618508320 -0.382718049
10145.703005966 64.102222569 25.734470830 1.358196497 -0.325788700 0.602609701 0.620658892 -0.381452239
10145.736374494 64.036526074 25.752683578 1.352760960 -0.321110478 0.602087654 0.625574006 -0.378200582
10145.769736216 63.999172491 25.763103216 1.350667977 -0.317440649 0.602395517 0.628622543 -0.375745623
10145.803116301 63.954604011 25.775031079 1.350725720 -0.310611691 0.603870641 0.633253361 -0.371282653
10145.836473170 63.904457646 25.791637699 1.352670802 -0.298316134 0.607462401 0.640100434 -0.363687160
10145.869841176 63.869908308 25.804360733 1.354013571 -0.288880054 0.610330156 0.644831342 -0.358103276
10145.903201130 63.839155847 25.814944048 1.356487146 -0.278586952 0.613269720 0.649748003 -0.352302560
10145.936569895 63.779190864 25.839369187 1.358747202 -0.260477075 0.617986941 0.657863879 -0.342722848
10145.969938964 63.747326645 25.852540187 1.359658141 -0.251804244 0.619950320 0.661561858 -0.338514595
10146.003306032 63.711591424 25.867458117 1.360721231 -0.243896251 0.621494764 0.664813775 -0.335084349
10146.036684365 63.665294417 25.885524213 1.361981161 -0.234848725 0.623142197 0.668304932 -0.331524355
10146.070065499 63.617119003 25.903206636 1.362062422 -0.227912283 0.624435833 0.670596983 -0.329295563
10146.103402519 63.582187752 25.916603268 1.362052673 -0.223661760 0.625223195 0.671825016 -0.328211091
10146.136776726 63.516781953 25.940858324 1.359517051 -0.217429837 0.626737747 0.673017199 -0.327065609
10146.170142680 63.464100785 25.960595557 1.355095500 -0.213237245 0.627808541 0.673488767 -0.326801458
10146.203507026 63.424774464 25.974159077 1.351066188 -0.210981529 0.628313462 0.673495197 -0.327281542
10146.236877114 63.390009780 25.988344757 1.346848468 -0.209172363 0.628553239 0.673459939 -0.328054049
10146.270237193 63.319397038 26.014704559 1.339649451 -0.205560046 0.629324863 0.672963422 -0.329871970
10146.303618993 63.291084480 26.025318102 1.337440669 -0.203208278 0.629956805 0.672913767 -0.330223988
10146.336975398 63.244319356 26.043970992 1.334560518 -0.197336776 0.631777334 0.673046811 -0.330035737
10146.370341430 63.188823899 26.063007182 1.332684354 -0.189818916 0.633972724 0.673274437 -0.329770976
10146.403712045 63.133407377 26.080060601 1.331239250 -0.183680089 0.635771695 0.672726097 -0.330901155
10146.437074203 63.080975278 26.097787875 1.330478596 -0.180061198 0.636750358 0.670887216 -0.334719717
10146.470434415 63.040775873 26.110528737 1.329958486 -0.179411151 0.636669607 0.668868537 -0.339231971
10146.503812513 62.993758406 26.123686930 1.329418009 -0.180061274 0.636074853 0.666191679 -0.345217852
10146.537170438 62.922842157 26.144269618 1.328572065 -0.181410335 0.634959013 0.661614105 -0.355224039
10146.570535033 62.863214353 26.161225967 1.326608593 -0.181312053 0.634751134 0.657488412 -0.363216087
10146.603922184 62.821517769 26.172453676 1.324361453 -0.179676650 0.635558658 0.654514723 -0.367956480
10146.637271077 62.763666770 26.192055378 1.320154397 -0.173976864 0.638587856 0.650209866 -0.373047892
10146.670638801 62.710115951 26.209795695 1.314577567 -0.165309687 0.643130382 0.646004226 -0.376476506
10146.704021499 62.671067402 26.221756505 1.309133148 -0.158148252 0.646665619 0.642988548 -0.378653449
10146.737369210 62.637174076 26.233670432 1.304424880 -0.150558959 0.650185803 0.639675714 -0.381320604
10146.770734891 62.572902369 26.254117119 1.292573482 -0.138778283 0.654855555 0.633045292 -0.388791008
10146.804133581 62.536601330 26.264357915 1.285633964 -0.133636491 0.656553327 0.629253078 -0.393852233
10146.837469484 62.487682081 26.281021707 1.275207762 -0.127002275 0.658512951 0.622713152 -0.403062583
10146.870838178 62.449392788 26.296267965 1.265242213 -0.122051855 0.659460153 0.615545724 -0.413907132
10146.904213553 62.412481481 26.309054785 1.258487303 -0.119400286 0.659717204 0.610099309 -0.422250655
10146.937570639 62.372391387 26.325139082 1.252436098 -0.116847864 0.660013822 0.604141017 -0.430977915
10146.970939652 62.320804209 26.348482589 1.243381652 -0.112631372 0.661266536 0.595050653 -0.442668570
10147.004328863 62.268356634 26.372630893 1.233446878 -0.107556902 0.663731482 0.585901300 -0.452340248
10147.037670933 62.214802454 26.399998782 1.222443951 -0.102208510 0.667017090 0.575999353 -0.461374432
10147.071052973 62.165469105 26.422376769 1.212973280 -0.099153032 0.669338006 0.568500836 -0.467933873
10147.104426058 62.108217555 26.451824994 1.199956266 -0.096195556 0.671914310 0.558039058 -0.477357293
10147.137771202 62.060014213 26.475224435 1.189598060 -0.095646945 0.672993484 0.550012795 -0.485198267
10147.171138059 61.971675662 26.518284325 1.171663756 0.098696622 -0.671980675 -0.535324712 0.502123891
10147.204519819 61.925895261 26.539192780 1.162597959 0.102385774 -0.669760975 -0.527609278 0.512411788
10147.237871516 61.873140652 26.562885026 1.152144392 0.107921686 -0.666126564 -0.518534909 0.525118899
10147.271238462 61.791435882 26.597228139 1.141158226 0.115007736 -0.661912295 -0.506575506 0.540394848
10147.304625579 61.744874122 26.617040624 1.135846240 0.117420791 -0.661184984 -0.499873743 0.546967106
10147.337968380 61.683124165 26.643509672 1.130049427 0.117851904 -0.662738732 -0.492439109 0.551717342
10147.371334507 61.606164320 26.674237413 1.122767372 0.116762056 -0.666810536 -0.483535514 0.554908766
10147.404727642 61.561831266 26.690941543 1.118779618 0.116665535 -0.669210879 -0.478401459 0.556487193
10147.438071877 61.494196567 26.713540618 1.114169228 0.117501870 -0.671647944 -0.472321940 0.558564530
10147.471435244 61.416067085 26.740977367 1.109195646 0.121440804 -0.673658833 -0.463964933 0.562292138
10147.504831517 61.369223356 26.756590223 1.106879524 0.125223287 -0.674400580 -0.458887286 0.564734844
10147.538172921 61.298438657 26.780200540 1.107546272 0.130720576 -0.675517495 -0.452508365 0.567295712
10147.571535432 61.213410174 26.811195642 1.106451819 0.137787658 -0.677940859 -0.444797699 0.568828410
10147.604948070 61.163175667 26.828165831 1.104843848 0.142401733 -0.679960122 -0.440310050 0.568773275
10147.638284857 61.112161311 26.847046441 1.104052833 0.147058278 -0.682098751 -0.435990246 0.568355226
10147.671636320 61.040899526 26.870863954 1.102824963 0.153243213 -0.685734520 -0.430998383 0.566149343
10147.705036691 60.967867103 26.894513107 1.100240606 0.158720301 -0.689885722 -0.427157605 0.562496167
10147.738372200 60.915742756 26.910751252 1.099538178 0.162472766 -0.693468500 -0.425013503 0.558630076
10147.771744209 60.828880940 26.935822781 1.100648845 0.166853098 -0.701000482 -0.423506768 0.548999440
10147.805142537 60.781842813 26.948348994 1.100085152 0.168343878 -0.705733823 -0.423725848 0.542269780
10147.838478012 60.733630844 26.960599591 1.101063614 0.169702214 -0.710455979 -0.424473996 0.535046995
10147.871845091 60.646611464 26.983465724 1.103379652 0.172793576 -0.717312834 -0.426763861 0.522950557
10147.905242263 60.603033165 26.994119844 1.104823302 0.175392031 -0.719482245 -0.428142233 0.517954789
10147.938576400 60.541352628 27.008803952 1.109563655 0.180505109 -0.720714861 -0.430152076 0.512793512
10147.971940723 60.494059883 27.016915222 1.120925263 0.186638935 -0.720592310 -0.432018292 0.509188400
10148.005325112 60.449443703 27.027283249 1.123857661 0.191547880 -0.720086044 -0.433044168 0.507206316
10148.038680931 60.394741824 27.040346151 1.129389839 0.198140441 -0.719008060 -0.433993544 0.505388346
10148.072054711 60.335375575 27.055617626 1.134936646 0.205250223 -0.717753298 -0.434577176 0.503830553
10148.105424803 60.267813171 27.072499740 1.137721997 0.213181572 -0.716231413 -0.434831044 0.502481982
10148.138780241 60.219664687 27.084191907 1.140508906 0.218768239 -0.714949591 -0.434978833 0.501777794
10148.172150586 60.138946030 27.107062152 1.141215267 0.226463538 -0.712491453 -0.434647082 0.502147497
10148.205533894 60.067329543 27.125578114 1.142858382 0.234738213 -0.708467641 -0.433596435 0.504941288
10148.238890120 60.001528638 27.144731011 1.142113795 0.241535798 -0.704334725 -0.432166736 0.508728773
10148.272249034 59.908065063 27.167946583 1.145016078 0.251715356 -0.695938961 -0.429621028 0.517430299
10148.305628707 59.862558576 27.177255877 1.147827470 0.256179742 -0.691271403 -0.428291077 0.522573001
10148.338984435 59.803167661 27.190440492 1.150337756 0.260162389 -0.686232642 -0.426799840 0.528433713
10148.372350155 59.727628882 27.207875910 1.153702124 0.262609626 -0.681665954 -0.425161069 0.534420973
10148.405727867 59.688302517 27.216463263 1.156812646 0.262828265 -0.680030668 -0.424328859 0.537051778
10148.439083829 59.629863702 27.231591094 1.160688229 0.263309859 -0.677579650 -0.422237535 0.541543350
10148.472452845 59.574700896 27.246736476 1.163340099 0.264639788 -0.674438705 -0.418963697 0.547327723
10148.505837095 59.531437336 27.259541946 1.164731145 0.265936188 -0.672028273 -0.416109675 0.551823054
10148.539189311 59.474072612 27.279205883 1.164560552 0.267244734 -0.669449894 -0.412065924 0.557331827
10148.572571547 59.393675481 27.309839663 1.162066397 0.267539358 -0.667463073 -0.406309771 0.563762457
10148.605932586 59.351308957 27.327517420 1.160065027 0.266522056 -0.667451050 -0.403444268 0.566310703
10148.639289813 59.284642084 27.357242430 1.155193615 0.263006739 -0.668855065 -0.399580040 0.569030885
10148.672661015 59.222329737 27.387502365 1.148659638 0.257497672 -0.671633706 -0.396586542 0.570370255
10148.706041061 59.180645339 27.407665296 1.144620583 0.252978737 -0.674000683 -0.394973404 0.570719588
10148.739396286 59.139614844 27.428551048 1.140064478 0.247407474 -0.676977561 -0.393654395 0.570549858
10148.772757890 59.079656189 27.459994099 1.133125064 0.237305364 -0.682247947 -0.392717677 0.569207106
10148.806163620 59.031890474 27.486285331 1.126866062 0.227534313 -0.687070372 -0.392544468 0.567513243
10148.839487320 58.979314535 27.517458907 1.120838993 0.216109748 -0.692167941 -0.392875601 0.565551837
10148.872859395 58.951094804 27.537782544 1.117953555 0.207830763 -0.695464789 -0.393406778 0.564239495
10148.906226734 58.912034240 27.564978872 1.112070415 0.196864391 -0.699676721 -0.394112724 0.562469606
10148.939593175 58.873587325 27.592460547 1.106976853 0.186087222 -0.703789763 -0.394826259 0.560503113
10148.972964505 58.839394285 27.617604536 1.102628534 0.177215571 -0.706868755 -0.395230513 0.559217352
10149.006342011 58.814078171 27.637384718 1.099157926 0.171053490 -0.708431784 -0.395279509 0.559123619
10149.039701952 58.777483864 27.663194827 1.093659396 0.165429877 -0.708635574 -0.394935152 0.560798364
10149.073104725 58.751936840 27.682866651 1.089256662 0.162756944 -0.707149431 -0.394396794 0.563827127
10149.106438246 58.702317151 27.710689394 1.084262176 0.161042841 -0.703986905 -0.393638125 0.568785256
10149.139801506 58.663043121 27.732852565 1.079810885 0.160381026 -0.700661702 -0.393124418 0.573414595
10149.173173403 58.594245273 27.772274267 1.074897710 0.159558898 -0.694962714 -0.392246358 0.581128712
10149.206537970 58.556640137 27.793192140 1.074595536 0.158542088 -0.693160936 -0.392262697 0.583542886
10149.239901233 58.517361765 27.815553591 1.074994484 0.155823800 -0.693516374 -0.392905365 0.583420395
10149.273288693 58.470326446 27.844169266 1.077943382 0.150568937 -0.697020568 -0.394185017 0.579749511
10149.306644985 58.420992644 27.871467211 1.082266297 0.145372894 -0.701571734 -0.395523021 0.574652385
10149.340020035 58.379512512 27.894435718 1.086729472 0.141196507 -0.705954991 -0.396608577 0.569554856
10149.373375146 58.338025226 27.918063156 1.091764946 0.137990588 -0.709760310 -0.397601451 0.564899979
10149.406743472 58.288169326 27.943832892 1.096607616 0.136588528 -0.712329293 -0.398512629 0.561353932
10149.440113292 58.239006167 27.970044635 1.102143354 0.136189244 -0.714694292 -0.399466536 0.557755363
10149.473495447 58.190461073 27.997229246 1.106058434 0.135403536 -0.718108183 -0.400578108 0.552741982
10149.506838497 58.149564528 28.019583138 1.107854367 0.134138391 -0.721757789 -0.401694137 0.547461785
10149.540211684 58.105729415 28.044055630 1.110887687 0.132226762 -0.726666661 -0.403396367 0.540132408
10149.573577721 58.059544799 28.070846328 1.113713576 0.130303671 -0.731410165 -0.405380493 0.532660097
10149.606949859 58.005647315 28.100029944 1.114499160 0.128822181 -0.735335042 -0.407829663 0.525701615
10149.640314979 57.951692169 28.129595976 1.115602217 0.127571606 -0.738049021 -0.410770646 0.519881337
10149.673694053 57.907826240 28.152746145 1.117490062 0.126938615 -0.739079791 -0.413609430 0.516308909
10149.707048554 57.861051418 28.176330442 1.118922372 0.126083299 -0.739661712 -0.416990875 0.512954348
10149.740409955 57.819740388 28.197265070 1.120896705 0.124328027 -0.740521847 -0.420552027 0.509220903
10149.773792276 57.762161417 28.227713252 1.122586077 0.118562552 -0.743619267 -0.426201543 0.501323800
10149.807155794 57.730452939 28.247059841 1.122981186 -0.112970609 0.746520563 0.429986695 -0.495031447
10149.840510413 57.690317489 28.271871779 1.124512816 -0.103603754 0.750972039 0.435551190 -0.485388936
10149.873897717 57.661413057 28.290761692 1.125247913 -0.096474702 0.753768096 0.439574541 -0.478853330
10149.907252523 57.621659657 28.316703288 1.127067719 -0.089045397 0.755662749 0.444099172 -0.473096874
10149.940629760 57.578698051 28.344487626 1.129115900 -0.084961933 0.754799245 0.447771873 -0.471762568
10149.973992427 57.531976658 28.374952419 1.129760515 -0.085115212 0.750656217 0.450522817 -0.475709823
10150.007352639 57.497110808 28.395832970 1.130730780 -0.087217824 0.746358060 0.452055202 -0.480612934
10150.040722272 57.454221080 28.422024921 1.130614772 -0.090533432 0.740900104 0.453472821 -0.487065842
10150.074103022 57.392336112 28.461541201 1.130401204 -0.094718222 0.733901658 0.455330749 -0.495066383
10150.107452918 57.356000819 28.484847169 1.129823098 -0.095687877 0.731082540 0.456577796 -0.497894434
10150.140819455 57.317465314 28.510908750 1.128640726 -0.095447594 0.729139205 0.457981454 -0.499498512
10150.174211314 57.248725887 28.555741851 1.129170156 0.095181115 -0.726357323 -0.460235711 0.501526356
10150.207565150 57.211658044 28.580316824 1.130979641 0.095919648 -0.724542487 -0.461290317 0.503039611
10150.240925889 57.156862852 28.615989134 1.135326224 0.096520478 -0.722199005 -0.462954130 0.504763180
10150.274298414 57.102863734 28.648567321 1.138443502 0.096694582 -0.720467988 -0.464492736 0.505789022
10150.307660575 57.047058240 28.682839968 1.147370926 0.097406992 -0.718206247 -0.466758150 0.506782493
10150.341026868 57.014563692 28.702406079 1.152696511 0.097971036 -0.717108075 -0.468042806 0.507043999
10150.374398018 56.970070293 28.729326662 1.160289910 0.099476690 -0.715683131 -0.469320603 0.507582718
10150.407767058 56.912895571 28.763645893 1.169328092 0.103622990 -0.712896619 -0.470380913 0.509688614
10150.441139650 56.877209448 28.786156184 1.173536025 0.107184032 -0.710728265 -0.470799898 0.511590043
10150.474520296 56.825448195 28.820467692 1.179086449 0.112690641 -0.707571284 -0.471182319 0.514422900
10150.507883058 56.772665657 28.856480444 1.183898167 0.118250882 -0.704454818 -0.471655218 0.517012083
10150.541249748 56.735790664 28.882154651 1.185648509 0.121965966 -0.702229657 -0.472122951 0.518746308
10150.574604710 56.680923400 28.920707103 1.187549294 0.127695312 -0.698428456 -0.472987650 0.521703251
10150.607970004 56.637576602 28.950745660 1.188540082 0.131947029 -0.695030754 -0.473802788 0.524436032
10150.641335693 56.588382206 28.986025250 1.189711550 0.137996516 -0.689195808 -0.475361166 0.529148241
10150.674710609 56.542434624 29.016540874 1.191701048 0.143414693 -0.683460095 -0.477043266 0.533614324
10150.708075012 56.483613653 29.060195425 1.195928140 0.147926023 -0.677182814 -0.480515101 0.537258378
10150.741446429 56.454720072 29.084704438 1.198601673 0.147447092 -0.675852537 -0.483206945 0.536650494
10150.774809861 56.415252019 29.121188395 1.202884321 0.142205714 -0.677215894 -0.488237258 0.531771142
10150.808210216 56.381368705 29.157998159 1.208285172 0.133339290 -0.680987429 -0.493909578 0.523956186
10150.841556858 56.366006838 29.176464334 1.211518248 0.128612947 -0.682872645 -0.496855715 0.519882735
10150.874911375 56.330208938 29.215676870 1.219434387 0.120478170 -0.685116959 -0.502747073 0.513171652
10150.908274953 56.292803915 29.257999323 1.230931639 0.115947603 -0.683695473 -0.508973490 0.509963371
10150.941642500 56.268604215 29.282944121 1.238277268 0.116029301 -0.680828918 -0.512315379 0.510433285
10150.975017291 56.241338102 29.311699254 1.247004760 0.118872179 -0.675217086 -0.516098886 0.513413314
10151.008376519 56.207485611 29.344093872 1.254721508 0.124967888 -0.666716921 -0.519937287 0.519169329
10151.041746131 56.170151819 29.377601596 1.261055618 0.134123678 -0.655386560 -0.523579714 0.527582769
10151.075151773 56.144551559 29.403969861 1.264895935 0.142821661 -0.645208645 -0.526255884 0.535128510
10151.108486561 56.093662160 29.445598237 1.267223756 0.157046261 -0.629077713 -0.529821199 0.546705771
10151.141845806 56.055472423 29.477511335 1.269215491 0.170159330 -0.614563869 -0.532774622 0.556334661
10151.175219934 56.015597976 29.512972078 1.270267233 0.179411240 -0.604260699 -0.535547910 0.562022287
10151.208586390 55.962307148 29.560501966 1.274605378 0.187875666 -0.596191894 -0.539707468 0.563891664
10151.241951804 55.931903367 29.589233966 1.278608937 0.189480068 -0.596126679 -0.542447160 0.560786381
10151.275318976 55.881869063 29.633959812 1.284785201 0.187178179 -0.600857479 -0.547415057 0.551607989
10151.308682056 55.835022651 29.675641309 1.294270525 0.183078648 -0.608032073 -0.552680338 0.539744060
10151.342047854 55.803198917 29.704054215 1.300643041 0.180175808 -0.613762863 -0.556053754 0.530693932
10151.375422754 55.758960945 29.738890386 1.310601180 0.178262788 -0.619712916 -0.559827062 0.520357513
10151.408791318 55.699891770 29.784064300 1.321851307 0.180755929 -0.623833441 -0.564248532 0.509688852
10151.442150810 55.665924505 29.810674502 1.326702293 0.184953703 -0.624106295 -0.566251091 0.505611671
10151.475521340 55.616421308 29.849920477 1.332772646 0.194082643 -0.622102448 -0.568496539 0.502127631
10151.508885846 55.569957683 29.888615634 1.337020937 0.204649934 -0.618803847 -0.570117045 0.500166730
10151.542254267 55.536113372 29.916609684 1.338058382 -0.211506047 0.616807242 0.571360201 -0.498358846
10151.575624682 55.486847985 29.958733123 1.338710582 -0.219499505 0.615082374 0.573577797 -0.494471588
10151.608985831 55.437127281 30.004020658 1.338221847 -0.226137745 0.614111603 0.576419751 -0.489355627
10151.642356533 55.405551558 30.032642440 1.338367512 -0.229885494 0.613638157 0.578515298 -0.485716915
10151.675726043 55.361525772 30.071667794 1.339184100 -0.234466071 0.612999332 0.581694700 -0.480508851
10151.709107606 55.309686700 30.120258368 1.340171149 -0.237471810 0.614206437 0.586126211 -0.472031415
10151.742461351 55.277911272 30.151662394 1.341371745 -0.235985611 0.616984236 0.589630928 -0.464732841
10151.775824937 55.239884001 30.191410511 1.342380348 -0.231417050 0.621614358 0.594626402 -0.454379997
10151.809204999 55.189258372 30.244217483 1.344935315 -0.224367666 0.627404345 0.600837048 -0.441608175
10151.842556477 55.172949015 30.264283835 1.345711583 -0.221773403 0.629340758 0.602997939 -0.437195899
10151.875927400 55.126587609 30.317891367 1.348705639 -0.215692799 0.633248064 0.607757709 -0.427906616
10151.909296047 55.087861432 30.363412430 1.350601198 -0.210470786 0.636137584 0.611159655 -0.421325169
10151.942658492 55.062291790 30.393987885 1.352965510 -0.206742667 0.638146947 0.613364947 -0.416904529
10151.976029870 55.036535527 30.424708441 1.355302157 -0.202451016 0.640395880 0.615705213 -0.412084694
10152.009409150 54.992353072 30.483453693 1.358021010 -0.195059980 0.644069665 0.619036966 -0.404869246
10152.042765383 54.963686940 30.516366804 1.358381862 -0.192738623 0.645069112 0.620330306 -0.402402753
10152.076149812 54.920771234 30.564808630 1.356470761 -0.191392894 0.645057484 0.621587387 -0.401121830
10152.109495099 54.893894719 30.600436405 1.353091726 -0.191782867 0.643898131 0.622184855 -0.401871291
10152.142861441 54.852742715 30.644133415 1.349898312 -0.193593768 0.641598058 0.622562655 -0.404090491
10152.176234694 54.819719124 30.684211039 1.343905317 -0.194848731 0.638730684 0.623119332 -0.407160144
10152.209614111 54.786954131 30.725026233 1.338832393 -0.197564393 0.634283729 0.623543802 -0.412123269
10152.242964637 54.746626921 30.765215024 1.337050006 -0.202938132 0.628143926 0.622893042 -0.419828037
10152.276338774 54.709340921 30.805668382 1.336573866 -0.208297713 0.621280151 0.621914035 -0.428772632
10152.309709086 54.673618698 30.846392303 1.336476404 -0.211181914 0.616137314 0.621014042 -0.436025881
10152.343061552 54.645438527 30.875035002 1.337929345 -0.210677811 0.614368863 0.620665923 -0.439248873
10152.376430190 54.616324392 30.909720904 1.338230411 -0.207050992 0.614442485 0.620613894 -0.440940716
10152.409796780 54.570133485 30.958690251 1.340008708 -0.199740447 0.617353426 0.620649558 -0.440196123
10152.443166346 54.540929619 30.990693991 1.340078497 -0.194539113 0.620077908 0.620593650 -0.438772656
10152.476536544 54.499121631 31.033231271 1.339182611 -0.188411914 0.623758625 0.620116495 -0.436900059
10152.509903665 54.445945872 31.090357111 1.334719280 -0.182348082 0.627815471 0.618684987 -0.435690026
10152.543271857 54.415372911 31.124141459 1.330578005 -0.180310328 0.629362730 0.617418085 -0.436102795
10152.576637177 54.373503264 31.169973239 1.323530955 -0.178192283 0.631090165 0.615468674 -0.437231090
10152.610002591 54.332663347 31.215734403 1.315255904 -0.175708826 0.633071242 0.613488113 -0.438154706
10152.643365998 54.287385956 31.268499601 1.306182088 -0.171274827 0.636167146 0.611471013 -0.438245930
10152.676738495 54.247129398 31.315318129 1.299292343 -0.166281411 0.639761263 0.609831890 -0.437219722
10152.710102178 54.201308621 31.368532863 1.294085146 -0.158703457 0.645383773 0.608297227 -0.433898009
10152.743472709 54.161814548 31.418518616 1.291635726 -0.148787891 0.652419233 0.607139171 -0.428477929
10152.776836032 54.122163237 31.462641290 1.291522730 -0.140198684 0.658393580 0.606353029 -0.423318116
10152.810217115 54.067902249 31.532732233 1.294101325 -0.127214729 0.667539252 0.604502984 -0.415672830
10152.843581419 54.041667809 31.569181436 1.296829504 -0.122462502 0.671227392 0.603165546 -0.413095689
10152.876938118 53.994976133 31.623741210 1.301587101 -0.118825278 0.674821446 0.601067112 -0.411357383
10152.910306379 53.956288399 31.672215846 1.306570943 -0.118139972 0.676995378 0.598887300 -0.411162019
10152.943676433 53.925095249 31.710026629 1.309477321 -0.118206530 0.678581182 0.597274451 -0.410874709
10152.977041715 53.889492702 31.751893528 1.311314057 -0.118057803 0.680670551 0.595663795 -0.409798242
10153.010411191 53.850350410 31.795524263 1.311333935 -0.117793284 0.682973346 0.594260798 -0.408076286
10153.043788591 53.805633385 31.843761324 1.308460383 -0.117572608 0.685483439 0.592935510 -0.405852951
10153.077166719 53.757906227 31.893482096 1.302953330 -0.117908006 0.687737573 0.591615491 -0.403863645
10153.110507433 53.721132446 31.928573685 1.297975014 -0.119219012 0.688635526 0.590688906 -0.403304546
10153.143881449 53.673068558 31.975093219 1.291304818 -0.122315178 0.688857671 0.589508618 -0.403724778
10153.177243512 53.621657420 32.022502526 1.285931891 -0.127095918 0.688187363 0.588116793 -0.405417586
10153.210608667 53.569377355 32.069254036 1.283632831 -0.133460908 0.686594639 0.586527170 -0.408364870
10153.243986649 53.533231187 32.101046749 1.284052655 -0.138097835 0.685321396 0.585273771 -0.410753192
10153.277340050 53.480379622 32.145976196 1.287288373 -0.144590812 0.683906443 0.583140167 -0.413899770
10153.310705578 53.440783456 32.176952854 1.290477286 -0.148565093 0.683614923 0.581427206 -0.415381096
10153.344094452 53.394513724 32.214429651 1.295070483 -0.151248875 0.684730616 0.579321768 -0.415516607
10153.377443799 53.358782059 32.242720917 1.298426186 -0.152236676 0.687013601 0.577472314 -0.413958975
10153.410812258 53.318118486 32.275565691 1.300908136 -0.152406670 0.690247725 0.575349513 -0.411464729
10153.444235849 53.267635229 32.317375328 1.301457629 -0.152406647 0.694022126 0.573076648 -0.408275224
10153.477545151 53.215807253 32.360989637 1.298753752 -0.153200477 0.697480279 0.570535220 -0.405635842
10153.510915722 53.178307861 32.391741153 1.294301996 -0.154848390 0.699181958 0.568533096 -0.404890954
10153.544301344 53.126991952 32.435126679 1.287092701 -0.158560059 0.700339982 0.565744997 -0.405358133
10153.577648560 53.072203288 32.481576826 1.277403987 -0.162508049 0.701148537 0.562953822 -0.406281746
10153.611009840 53.034520949 32.514690520 1.268923954 -0.163823238 0.702344399 0.561421235 -0.405808438
10153.644396914 52.985590799 32.558359314 1.258284981 -0.163103667 0.704802997 0.560199712 -0.403517300
10153.677749611 52.934928775 32.602728248 1.249734038 -0.161230181 0.707650445 0.559644805 -0.400041709
10153.711115738 52.890285979 32.643343697 1.243919804 -0.156176620 0.711730180 0.560062585 -0.394181322
10153.744523602 52.863259815 32.669372651 1.241567877 -0.151304449 0.714969778 0.560779418 -0.389167862
10153.777851268 52.822946920 32.707732262 1.241021762 -0.144613118 0.718744658 0.561994950 -0.382955401
10153.811258650 52.781457408 32.746692407 1.242999179 -0.139490349 0.721083592 0.563004182 -0.378955389
10153.844607398 52.754005190 32.772528776 1.245459670 -0.136903391 0.722013707 0.563560471 -0.377297316
10153.877954325 52.715183572 32.810414977 1.249685545 -0.134196455 0.722780751 0.564062446 -0.376049006
10153.911321805 52.686022857 32.839421357 1.253078465 -0.132950577 0.722975670 0.564247251 -0.375839547
10153.944700939 52.642010069 32.880285740 1.256218838 -0.132242564 0.722907485 0.564169356 -0.376337096
10153.978059431 52.592147193 32.925646710 1.257499806 -0.132784896 0.722294555 0.563695725 -0.378028937
10154.011424641 52.547180607 32.966450076 1.256039289 -0.134169760 0.721247292 0.563037581 -0.380512156
10154.044828792 52.506826788 33.002516673 1.252409409 -0.135761050 0.720027157 0.562452196 -0.383115332
10154.078174325 52.453997947 33.049371880 1.245165030 -0.138066440 0.718187107 0.561566751 -0.387024187
10154.111523919 52.404847684 33.093603691 1.236186791 -0.140720328 0.715732935 0.560763971 -0.391749823
10154.144904652 52.373898368 33.123278550 1.230374447 -0.142775007 0.713657405 0.560208745 -0.395568663
10154.178260338 52.325248414 33.166952953 1.221938833 -0.146356022 0.709879841 0.559211769 -0.402408652
10154.211625168 52.273344424 33.210135492 1.216838814 -0.151781281 0.705019667 0.557996482 -0.410547972
10154.245021857 52.239998387 33.239038857 1.215228502 -0.154710861 0.702078229 0.557006179 -0.415806237
10154.278364996 52.190391157 33.281048733 1.214860238 -0.156586955 0.699278101 0.555964249 -0.421182166
10154.311729363 52.147649792 33.317372755 1.217489502 -0.156186197 0.698253803 0.555230015 -0.423989538
10154.345131201 52.102573533 33.354095279 1.222754838 -0.153812894 0.698915982 0.554419534 -0.424825875
10154.378463228 52.070432960 33.380111656 1.226613487 -0.152290970 0.699693483 0.553754306 -0.424961951
10154.411827367 52.037276233 33.405049489 1.231293970 -0.151428235 0.700391027 0.552841334 -0.425309721
10154.445227315 51.976306398 33.452218673 1.238438558 -0.153253962 0.700020927 0.550664468 -0.428080096
10154.478562663 51.942407444 33.478129885 1.241378130 -0.155966142 0.698975311 0.549119181 -0.430785565
10154.511925530 51.897755833 33.512986469 1.243493142 -0.160884418 0.696946411 0.546763402 -0.435237505
10154.545311787 51.859357122 33.544536151 1.242551338 -0.164193730 0.695622905 0.545056175 -0.438249882
10154.578663782 51.807373179 33.586905216 1.238422491 -0.167697070 0.694413599 0.543146549 -0.441202077
10154.612030498 51.758754593 33.628124767 1.231092292 -0.168269319 0.695157531 0.541912221 -0.441330474
10154.645418764 51.728722799 33.655453848 1.224717014 -0.165699025 0.697625291 0.541576934 -0.438813413
10154.678771426 51.681456021 33.698961987 1.215120843 -0.159411731 0.702288400 0.542163411 -0.432940803
10154.712135351 51.632863886 33.741915083 1.207083189 -0.152549064 0.707307131 0.543193699 -0.425894366
10154.745518399 51.599826672 33.770679616 1.203560878 -0.147097089 0.711063358 0.544229571 -0.420197002
10154.778872826 51.556219880 33.812692937 1.202056746 -0.139243958 0.716136790 0.545776157 -0.412174240
10154.812248207 51.512650378 33.855477245 1.203971153 -0.131725793 0.720564674 0.547571187 -0.404475785
10154.845611468 51.464835756 33.899677632 1.208486308 -0.125980023 0.723483319 0.549452673 -0.398500540
10154.878967732 51.437132147 33.927669207 1.212894589 -0.123477616 0.724518204 0.550547055 -0.395884567
10154.912336471 51.393171778 33.969962106 1.220131026 -0.121576392 0.725002484 0.551935960 -0.393646130
10154.945717593 51.351596353 34.009200393 1.226528596 -0.120919788 0.725076399 0.553214163 -0.391914161
10154.979070912 51.320447195 34.038467071 1.229806160 -0.120503163 0.725287578 0.554051592 -0.390466068
10155.012434989 51.276074551 34.080089686 1.232229310 -0.120015922 0.725708556 0.555149139 -0.388268855
10155.045818111 51.243233122 34.112152366 1.232694412 -0.120237844 0.725767682 0.555885227 -0.387034556
10155.079184202 51.196976120 34.154667471 1.230242742 -0.121736441 0.725222872 0.556624199 -0.386524936
10155.112539077 51.146538924 34.199552175 1.225582499 -0.125508139 0.723279280 0.557030014 -0.388371412
10155.145913935 51.100112805 34.242927134 1.220411423 -0.132457202 0.719285203 0.556817488 -0.393748869
10155.179271442 51.064083167 34.272609064 1.216932978 -0.139116189 0.715221906 0.556440341 -0.399347540
10155.212636141 51.012201368 34.314505103 1.213524957 -0.150162451 0.708093899 0.555376516 -0.409403461
10155.246020872 50.958677854 34.354342990 1.213129711 -0.161595007 0.700652957 0.553915271 -0.419702704
10155.279375689 50.922723766 34.381037748 1.214694704 -0.168245464 0.696142725 0.552962017 -0.425807208
10155.312742612 50.872751169 34.419988728 1.218115110 -0.174511923 0.691996083 0.551686234 -0.431658787
10155.346104379 50.838838612 34.443112974 1.221833291 -0.177022158 0.690496587 0.550935931 -0.433989883
10155.379468839 50.790392204 34.476168421 1.227656157 -0.179092829 0.689780808 0.549705604 -0.435834768
10155.412835045 50.741385910 34.507264431 1.234070239 -0.182395696 0.688697896 0.547549711 -0.438880771
10155.446205933 50.695171683 34.535097440 1.240764863 -0.188712566 0.685931526 0.544079203 -0.444818311
10155.479564801 50.658762953 34.557880990 1.244235437 -0.194834514 0.683037791 0.540934422 -0.450431837
10155.512936456 50.606408729 34.591502056 1.247284122 -0.204089761 0.678579610 0.535854278 -0.459061297
10155.546309039 50.554777097 34.628345652 1.246716130 -0.209960437 0.675896223 0.532026997 -0.464788323
10155.579678171 50.501576551 34.666762370 1.244739366 -0.215724536 0.673794572 0.527389182 -0.470451325
10155.613037925 50.440722802 34.715763354 1.239564910 -0.218230565 0.673976223 0.523346885 -0.473539342
10155.646403981 50.386955550 34.760229172 1.232158682 -0.217131191 0.676498197 0.520726319 -0.473337445
10155.679763860 50.349196985 34.791914961 1.226240966 -0.214397844 0.679371353 0.519714399 -0.471577218
10155.713169804 50.298324700 34.836897968 1.218377250 -0.209572644 0.683603785 0.518855862 -0.468565648
10155.746505440 50.244190416 34.884051343 1.212540041 -0.204677235 0.687634932 0.518585469 -0.465117771
10155.779866054 50.204951716 34.917650411 1.210622583 -0.199825922 0.691256521 0.519127770 -0.461237880
10155.813247392 50.156180737 34.964267935 1.210009668 -0.190344626 0.697785898 0.520914207 -0.453334482
10155.846607192 50.122202568 34.997439999 1.210853742 -0.182736490 0.702876371 0.522742140 -0.446444663
10155.879982088 50.081541790 35.040599746 1.213794915 -0.172079472 0.709653149 0.525439804 -0.436685328
10155.913337039 50.035327138 35.088375232 1.218226517 -0.161857525 0.715806144 0.528308451 -0.426982302
10155.946697757 50.004327701 35.119135542 1.221858775 -0.155255691 0.719562066 0.530273117 -0.420638236
10155.980064196 49.964893177 35.160260746 1.226224489 -0.148065544 0.723349023 0.532580555 -0.413764109
10156.013451454 49.917553539 35.206737898 1.228914668 -0.142650738 0.725776965 0.534495228 -0.408917370
10156.046807259 49.889785292 35.236089490 1.230065073 -0.139863868 0.726623465 0.535791556 -0.406674129
10156.080253776 49.847602836 35.278881195 1.229275913 -0.137147474 0.726965402 0.537304674 -0.404988348
10156.113537517 49.808922102 35.320084577 1.226584885 -0.134803317 0.726626970 0.538858380 -0.404317893
10156.146909108 49.770377296 35.358989573 1.222697153 -0.133363398 0.725516692 0.540206172 -0.404990154
10156.180259089 49.740229613 35.387962406 1.219727191 -0.133331185 0.723786331 0.541147730 -0.406835687
10156.213631679 49.704199511 35.421667179 1.216480689 -0.133789605 0.720970223 0.542240113 -0.410216941
10156.246998574 49.660638905 35.462025549 1.213474219 -0.135032249 0.716736332 0.543445659 -0.415598529
10156.280362516 49.629855817 35.489223524 1.213102843 -0.135974528 0.713874524 0.544025029 -0.419441128
10156.313743545 49.594571562 35.520005232 1.213524312 -0.136348821 0.710728352 0.544800408 -0.423635131
10156.347102439 49.563292750 35.547744692 1.214651751 -0.134714207 0.709302270 0.545604038 -0.425509818
10156.380459375 49.527670467 35.579560803 1.216723085 -0.129814790 0.710124272 0.546583755 -0.424402918
10156.413847329 49.496342118 35.609242044 1.219335081 -0.123834051 0.712172285 0.547216410 -0.421935973
10156.447217184 49.461954607 35.638364296 1.221525205 -0.120793452 0.713226114 0.547156969 -0.421113647
10156.480577965 49.418050911 35.675888899 1.224009244 -0.119171332 0.713406822 0.546533234 -0.422078576
10156.513929869 49.377152636 35.711002450 1.224882920 -0.119687660 0.712493628 0.545471636 -0.424839250
10156.547295673 49.340757913 35.742688555 1.224800678 -0.121070627 0.711053219 0.544254121 -0.428407138
10156.580656479 49.297663139 35.781903513 1.222479875 -0.122613916 0.709494002 0.542683630 -0.432525799
10156.614049090 49.251881108 35.824202320 1.217615519 -0.122768266 0.708740919 0.541224910 -0.435533992
10156.647394416 49.210346213 35.864403947 1.211744802 -0.120791699 0.709189404 0.540115750 -0.436731875
10156.680768031 49.178772129 35.894873202 1.206915324 -0.118441148 0.709835096 0.539429613 -0.437174476
10156.714175109 49.136760445 35.934483777 1.201472881 -0.115195537 0.710871787 0.538693329 -0.437265123
10156.747501911 49.102913658 35.965226525 1.198766570 -0.111388549 0.712565824 0.538534303 -0.435687207
10156.780856621 49.063907642 36.003875591 1.197309326 -0.104170939 0.716284905 0.538670480 -0.431182633
10156.814240522 49.021308855 36.046720465 1.198297753 -0.094975617 0.721133214 0.539081854 -0.424661364
10156.847585501 48.978649556 36.089709326 1.200937024 -0.085539719 0.725921780 0.539646177 -0.417735000
10156.880958371 48.950567244 36.118235580 1.203682021 -0.079725935 0.728758034 0.539947872 -0.413535728
10156.914330188 48.911427994 36.158171615 1.208037489 -0.073188173 0.731687285 0.540304934 -0.409081638
10156.947700867 48.871414854 36.196342200 1.212385761 -0.069320444 0.733096917 0.540386569 -0.407119077
10156.981075632 48.838302807 36.225667179 1.214821081 -0.068069244 0.733228832 0.540425279 -0.407041245
10157.014422039 48.793516393 36.263725485 1.216990421 -0.068218469 0.732134793 0.540590338 -0.408762733
10157.047788792 48.746698762 36.297670310 1.216690145 -0.070133738 0.730069318 0.540844886 -0.411784967
10157.081170655 48.713049489 36.323209993 1.215386740 -0.071853058 0.728342922 0.541040403 -0.414281315
10157.114527552 48.664015723 36.357458331 1.211720181 -0.074633826 0.725727886 0.541377147 -0.417922974
10157.147884391 48.629006476 36.380314352 1.208624916 -0.076863944 0.723656792 0.541610645 -0.420797684
10157.181257035 48.578453779 36.413023727 1.203805407 -0.080619945 0.720423810 0.541890609 -0.425258188
10157.214622062 48.534420862 36.438240075 1.200503538 -0.084509229 0.717290974 0.542121481 -0.429483583
10157.247989906 48.471473414 36.475155790 1.197932451 -0.088551953 0.714167493 0.542117351 -0.433857258
10157.281352689 48.432712511 36.497503409 1.198012773 -0.089958588 0.713143850 0.541915637 -0.435500566
10157.314730502 48.378265315 36.526511044 1.200222986 -0.091800234 0.712403821 0.541212937 -0.437197975
10157.348089395 48.330660590 36.547092564 1.204207944 -0.093593749 0.712268530 0.540131337 -0.438374144
10157.381455413 48.291035339 36.564032063 1.207808250 -0.095123600 0.712508464 0.538918397 -0.439147072
10157.414820392 48.233701773 36.586826874 1.213485159 -0.098675705 0.712541617 0.536638792 -0.441096764
10157.448188376 48.181792240 36.604472263 1.219078893 -0.104273329 0.711590643 0.534006452 -0.444525522
10157.481550341 48.134838409 36.620764452 1.223688353 -0.109881099 0.710383187 0.531602357 -0.447974112
10157.514925301 48.076089450 36.638620568 1.228608042 -0.116599663 0.709326401 0.528478732 -0.451631271
10157.548295170 48.027853843 36.655367498 1.231235822 -0.120423987 0.709332200 0.526329754 -0.453125681
10157.581651049 47.967027957 36.675475548 1.232007719 -0.124249684 0.710355452 0.523725087 -0.453507643
10157.615019942 47.912123133 36.689334563 1.230437687 -0.126064990 0.712733958 0.521597980 -0.451722780
10157.648387663 47.885593347 36.687046757 1.228974557 -0.126242876 0.715106981 0.520476661 -0.449209069
10157.681751363 47.827763835 36.702466327 1.223451234 -0.125890813 0.718432768 0.519311700 -0.445332706
10157.715124589 47.777578016 36.706984455 1.218660122 -0.127177800 0.720319854 0.518284300 -0.443110032
10157.748483162 47.731900308 36.706927781 1.215543064 -0.128728741 0.721734792 0.517727460 -0.441005758
10157.781854935 47.692941484 36.707579172 1.213676864 -0.128569424 0.723595840 0.517649865 -0.438083989
10157.815232173 47.641370654 36.709266496 1.213166513 -0.127369624 0.726530225 0.517819747 -0.433351499
10157.848608778 47.610169658 36.704593945 1.214172571 -0.126768898 0.728390024 0.517961457 -0.430224997
10157.881952984 47.557904190 36.706069350 1.216109170 -0.127397895 0.730026936 0.517655191 -0.427625481
10157.915321754 47.512165325 36.705101575 1.218997289 -0.130108038 0.730156882 0.516894183 -0.427508163
10157.948678121 47.460813232 36.704402771 1.223000056 -0.135081601 0.729103954 0.515678441 -0.429227365
10157.982047874 47.401116809 36.704419269 1.226712276 -0.142715354 0.726777587 0.513714139 -0.433040934
10158.015416747 47.339475042 36.699455865 1.230397943 -0.152780675 0.723211898 0.511076724 -0.438660687
10158.048777636 47.291567176 36.696055088 1.231696717 -0.160985081 0.720163215 0.508767781 -0.443400601
10158.082162252 47.223311953 36.692125914 1.231148353 -0.172496430 0.715862733 0.505315700 -0.449935075
10158.115524913 47.163103502 36.693465764 1.229147163 -0.181181547 0.712790263 0.502447535 -0.454587465
10158.148894634 47.090130003 36.687906984 1.224569148 -0.192549522 0.708752858 0.498470589 -0.460566107
10158.182248046 47.021298212 36.678996334 1.219326099 -0.203280044 0.704887873 0.494379958 -0.466260408
10158.215613713 46.949337243 36.670435015 1.213618905 -0.213950617 0.700732000 0.489785938 -0.472556380
10158.248976502 46.877895440 36.655097228 1.209419173 -0.227248697 0.694436657 0.483757444 -0.481761865
10158.282347337 46.830773555 36.645005024 1.208373163 -0.237126401 0.689125861 0.479013454 -0.489308418
10158.315709103 46.768626010 36.632495820 1.207705413 -0.249547773 0.682290675 0.472250167 -0.499184460
10158.349073875 46.705610219 36.614776940 1.208596479 0.262503060 -0.675210813 -0.464183414 0.509623644
10158.382441643 46.639949859 36.595896006 1.210145951 0.275817198 -0.668201908 -0.454574065 0.520378230
10158.415813335 46.572540168 36.576861714 1.211994351 0.288595296 -0.662180058 -0.443804913 0.530346609
10158.449182202 46.523219858 36.561537652 1.213297296 0.298077940 -0.657910967 -0.435166450 0.537524755
10158.482540103 46.457782196 36.542578222 1.215260158 0.311603894 -0.651616893 -0.422377970 0.547626961
10158.515912089 46.405979720 36.527891618 1.215894357 0.322047331 -0.646975562 -0.411733709 0.555142767
10158.549272858 46.320874126 36.502607580 1.215570771 0.337927745 -0.640983091 -0.393476024 0.565793368
10158.582637817 46.248712064 36.487600710 1.212357699 0.348571564 -0.638299845 -0.378956172 0.572244172
10158.616008675 46.200958480 36.477928781 1.208858257 0.354551546 -0.637443171 -0.369803903 0.575503674
10158.649374426 46.126486141 36.466402974 1.200811032 0.362268174 -0.637367219 -0.356385922 0.579235593
10158.682743327 46.054460808 36.457528511 1.192246483 0.367702121 -0.638916885 -0.344525638 0.581276568
10158.716112348 46.022836231 36.456854176 1.189740303 0.369299756 -0.640141147 -0.340014188 0.581573171
10158.749489242 45.932665329 36.448991637 1.177551078 0.372123359 -0.645791383 -0.328399027 0.580199771
10158.782849145 45.871929877 36.436236921 1.162968292 0.371680118 -0.653075504 -0.321336365 0.576271825
10158.816222859 45.826042184 36.433045737 1.157426317 0.369824510 -0.659805684 -0.318252868 0.571490510
10158.849572293 45.781647556 36.427950347 1.145086814 0.366564921 -0.668880793 -0.315709225 0.564407946
10158.882936283 45.712023024 36.425299868 1.136751922 0.361316075 -0.681657935 -0.313303084 0.553745728
10158.916308709 45.674650349 36.430620004 1.135987987 0.359214284 -0.686579724 -0.312393756 0.549530274
10158.949679407 45.613380520 36.432726897 1.131820659 0.355785334 -0.694885908 -0.310348954 0.542433312
10158.983035534 45.544305753 36.436028591 1.127824158 0.353020762 -0.702271604 -0.307752849 0.536170794
10159.016409390 45.503471536 36.438758290 1.125590891 0.351982674 -0.705511251 -0.306226589 0.533467289
10159.049784193 45.448473195 36.447513063 1.124325475 0.351071484 -0.708416042 -0.304573809 0.531159410
10159.083164272 45.364155240 36.460425584 1.124798465 0.350230119 -0.711201759 -0.302379481 0.529242450
10159.116512663 45.322341785 36.463222048 1.121455172 0.349985902 -0.712011884 -0.301199185 0.528987708
10159.149867827 45.231637378 36.480065324 1.123923955 0.350297712 -0.711437914 -0.299381435 0.530583042
10159.183235854 45.171178626 36.485719564 1.119270316 0.351313189 -0.708748947 -0.297241692 0.534697438
10159.216601381 45.130444748 36.489742012 1.116850787 0.352098171 -0.705950816 -0.295750985 0.538694421
10159.249971838 45.080093177 36.496444527 1.113733164 0.352925626 -0.702037104 -0.294047220 0.544172436
10159.283345641 45.036068308 36.504860780 1.110787867 0.352799176 -0.699049440 -0.293183683 0.548548949
10159.316706354 44.984818821 36.517739379 1.112380435 0.350232847 -0.698386815 -0.293738391 0.550736387
10159.350067226 44.929397547 36.535442495 1.116218853 0.345289854 -0.700437650 -0.295761066 0.550170343
10159.383432374 44.878479032 36.554217031 1.120955504 0.339594434 -0.703461429 -0.298060952 0.548613988
10159.416799919 44.844568186 36.566801958 1.124060157 0.335042373 -0.706012990 -0.300024607 0.547062611
10159.450164832 44.795619328 36.588139532 1.128180853 0.328127515 -0.709852841 -0.303200031 0.544528253
10159.483534999 44.745088214 36.611761025 1.131835298 0.321446184 -0.712906422 -0.306282438 0.542796326
10159.516909987 44.709187953 36.629633234 1.134385012 0.316972213 -0.714338055 -0.308411770 0.542339322
10159.550273823 44.657607082 36.657101680 1.136939502 0.310429118 -0.715697625 -0.311652587 0.542478882
10159.583638103 44.604623985 36.688297143 1.137224613 0.303760505 -0.716487460 -0.315065868 0.543239149
10159.617002698 44.566295876 36.711744336 1.136947356 0.298921171 -0.716766435 -0.317657816 0.544045515
10159.650377501 44.517395505 36.744227516 1.134546659 0.291728187 -0.716669806 -0.321684261 0.545708980
10159.683752386 44.469767909 36.777825125 1.130856082 0.284087780 -0.716704519 -0.326227793 0.546995606
10159.717100470 44.431126422 36.804652550 1.128551267 0.277344856 -0.717229015 -0.330536698 0.547181745
10159.750464406 44.399415865 36.831020844 1.125532265 0.270261043 -0.717912759 -0.335083693 0.547064126
10159.783847073 44.347818737 36.875255658 1.121316374 0.256261016 -0.720314539 -0.344439398 0.544829108
10159.817215596 44.321316700 36.899707436 1.119711512 0.247194845 -0.722912416 -0.350448161 0.541736499
10159.850567380 44.288052912 36.934006816 1.117784361 0.232377444 -0.728458388 -0.360055148 0.534517904
10159.883941482 44.268233412 36.959049159 1.116541337 0.218922100 -0.734391958 -0.368269989 0.526420727
10159.917305421 44.241205994 36.993284077 1.115674194 0.201660938 -0.742006407 -0.378701312 0.515116175
10159.950664111 44.209219445 37.028852571 1.115419788 0.184316191 -0.748726140 -0.389355010 0.503824756
10159.984049751 44.178864164 37.061898090 1.115668746 -0.168870790 0.753354461 0.399306546 -0.494463339
10160.017398113 44.158907135 37.085432041 1.117428569 -0.159650933 0.755016899 0.405861570 -0.489629910
10160.050768025 44.122144030 37.119604174 1.119396785 -0.150412752 0.755035052 0.413580830 -0.486054495
10160.084152249 44.089082149 37.157790041 1.124438022 -0.141441545 0.752417392 0.423230592 -0.484497909
10160.117506267 44.065353137 37.180992270 1.127205178 -0.137223910 0.749965616 0.429018819 -0.484421331
10160.150867405 44.038719785 37.211678460 1.131158366 -0.132328296 0.746973099 0.436328070 -0.483878319
10160.184258502 44.007316234 37.243742770 1.135219622 -0.127528831 0.743452756 0.444341888 -0.483295648
10160.217600376 43.974426160 37.274504333 1.140003362 -0.123725855 0.739085970 0.452732943 -0.483194292
10160.250963430 43.942591570 37.304787916 1.146164951 -0.120973646 0.734362747 0.460894797 -0.483376373
10160.284347557 43.902669774 37.342203620 1.154442070 -0.117600203 0.728737544 0.471460813 -0.482531331
10160.317694606 43.878413229 37.364789262 1.161219271 -0.114691387 0.726170495 0.477967026 -0.480697223
10160.351057846 43.853519334 37.388760323 1.171200257 -0.110398627 0.723975318 0.486017040 -0.476926953
10160.384443588 43.816386997 37.419885133 1.183946667 -0.103653504 0.722883210 0.496042342 -0.469720992
10160.417801207 43.794140472 37.437990921 1.191054404 -0.099068285 0.723345347 0.501471357 -0.464201962
10160.451167875 43.764458259 37.459830808 1.199050995 -0.093399667 0.724335079 0.507808993 -0.456886444
10160.484545277 43.723983186 37.492295031 1.209364634 -0.087600671 0.725096780 0.515419600 -0.448222509
10160.517899574 43.687704255 37.520755715 1.216455411 -0.084489329 0.724611145 0.521750959 -0.442239956
10160.551268631 43.652976347 37.549044463 1.221964289 -0.083465724 0.723084044 0.527163549 -0.438499181
10160.584676389 43.605392143 37.587189027 1.225834141 -0.084048424 0.719716622 0.533803777 -0.435886882
10160.617999676 43.576117634 37.610935654 1.225778070 -0.085216706 0.717096114 0.537545388 -0.435380560
10160.651368723 43.544170110 37.636190844 1.225264510 -0.086351996 0.714500356 0.541148720 -0.434960501
10160.684754783 43.490601594 37.681161819 1.220781620 -0.086274066 0.711029613 0.547364836 -0.432880365
10160.718099765 43.461820339 37.706677688 1.217156056 -0.084484907 0.710174006 0.550724787 -0.430368901
10160.751466697 43.420084147 37.742581957 1.213605182 -0.080773441 0.709798028 0.555518643 -0.425513158
10160.784880873 43.373930157 37.779654393 1.212580033 -0.074971660 0.710920461 0.560280434 -0.418398354
10160.818209454 43.345767166 37.805766919 1.212937659 -0.069873096 0.712483699 0.563485743 -0.412272418
10160.851569125 43.307591108 37.840780889 1.214522556 -0.061943814 0.715101950 0.567642450 -0.403204928
10160.884963747 43.270867384 37.878444188 1.216731683 -0.053849694 0.717493278 0.571548640 -0.394506983
10160.918306294 43.247346753 37.904324763 1.218638888 -0.049155618 0.718409410 0.574106770 -0.389708945
10160.951666395 43.215374685 37.938562098 1.221839869 -0.045328717 0.718319338 0.577167056 -0.385798945
10160.985059722 43.184481094 37.975912732 1.228355428 -0.043601942 0.717052057 0.580127023 -0.383911260
10161.018406780 43.158830444 38.003965667 1.230488495 -0.043335109 0.716154934 0.581682503 -0.383261849
10161.051768840 43.137634693 38.030300889 1.234474299 -0.043312451 0.715201865 0.583100366 -0.382889391
10161.085230324 43.101869298 38.074215490 1.237366716 -0.043687190 0.714009648 0.584726573 -0.382591803
10161.118512230 43.063133158 38.115786710 1.235229317 -0.044525176 0.712990611 0.585790761 -0.382767661
10161.151875527 43.033268590 38.152737967 1.234108132 -0.045779878 0.711929272 0.586410214 -0.383645637
10161.185258653 43.004585496 38.190852979 1.233959450 -0.048394100 0.710131149 0.586784215 -0.386077775
10161.218611041 42.963085061 38.236588941 1.229713790 -0.053336736 0.707065103 0.587003211 -0.390693438
10161.251976749 42.938400666 38.267944942 1.230218063 -0.057912682 0.704036689 0.586917095 -0.395609385
10161.285353375 42.884450638 38.327206208 1.228975298 -0.067998157 0.698031511 0.585960772 -0.405928854
10161.318720670 42.857516923 38.357887955 1.231243994 -0.072791728 0.695082996 0.585192672 -0.411230506
10161.352085356 42.822065242 38.397442352 1.234514455 -0.076580868 0.692852141 0.583842741 -0.416195789
10161.385478687 42.774136929 38.450004380 1.241374170 -0.078029652 0.692458277 0.581839538 -0.419375321
10161.418820836 42.746515910 38.481477714 1.245184342 -0.077161832 0.693712117 0.580409424 -0.419445407
10161.452182325 42.710997965 38.519516817 1.249766237 -0.075492737 0.695926339 0.578480999 -0.418744684
10161.485555800 42.658055634 38.574248593 1.254297828 -0.074679094 0.698771169 0.575526049 -0.418224406
10161.518917228 42.630545143 38.606060220 1.256582587 -0.075206239 0.700055147 0.573668981 -0.418534004
10161.552282321 42.586329476 38.656917907 1.258394675 -0.077137838 0.701493987 0.570936171 -0.419509033
10161.585663517 42.540582590 38.708372829 1.257512763 -0.080116055 0.702376787 0.568389468 -0.420929542
10161.619016667 42.510330053 38.745978493 1.257490333 -0.082662716 0.702695791 0.566720402 -0.422153392
10161.652384743 42.479012741 38.785122793 1.256637817 -0.085280250 0.702858735 0.565365532 -0.423176906
10161.685774778 42.430732000 38.845510092 1.255410405 -0.088511423 0.703378851 0.563751671 -0.423801810
10161.719117879 42.393682781 38.893659380 1.254237003 -0.090401456 0.703979922 0.562848268 -0.423605563
10161.752494974 42.352052842 38.946370426 1.254267984 -0.092376947 0.704664702 0.562302907 -0.422764235
10161.785866725 42.309798984 38.997973315 1.256540239 -0.092463234 0.706382051 0.562473638 -0.419640746
10161.819245557 42.281799112 39.033697106 1.258461719 -0.089889479 0.709043197 0.563006716 -0.414971160
10161.852587542 42.246925824 39.077485742 1.261729065 -0.083911435 0.713680193 0.564260365 -0.406484557
10161.885968303 42.205355638 39.133382239 1.266904307 -0.074061322 0.720418083 0.566102477 -0.393752069
10161.919329788 42.181630001 39.167138816 1.270595341 -0.067427729 0.724594521 0.567218171 -0.385590234
10161.952711196 42.147874287 39.215532820 1.276746532 -0.058824017 0.729701927 0.568706069 -0.375030986
10161.986083286 42.113344357 39.263113408 1.282505991 -0.053729042 0.732869686 0.569797350 -0.367894269
10162.019423821 42.089005156 39.295364846 1.286973056 -0.052800982 0.733735131 0.570302626 -0.365512966
10162.052798485 42.049277088 39.344960698 1.293609903 -0.055117879 0.733273149 0.570669943 -0.365524725
10162.086186833 42.008560838 39.393166599 1.297759041 -0.060534608 0.731062702 0.570960130 -0.368629105
10162.119528146 41.978772016 39.427503446 1.300119767 -0.065113213 0.729128364 0.571145996 -0.371381675
10162.152906441 41.935916027 39.476645236 1.302847011 -0.071481679 0.726068697 0.571886334 -0.375047514
10162.186274227 41.888871203 39.528594250 1.299793311 -0.076850516 0.723014555 0.573127167 -0.377980426
10162.219631779 41.858762289 39.561473112 1.296858742 -0.079913254 0.720894956 0.574275226 -0.379647598
10162.253016755 41.828560050 39.595777643 1.295110841 -0.082628359 0.718440748 0.575999714 -0.381103366
10162.286388841 41.774860289 39.654527608 1.289091618 -0.085148053 0.715518013 0.578794914 -0.381811771
10162.319737012 41.746992681 39.685809587 1.287318566 -0.085122804 0.714556460 0.580411149 -0.381164100
10162.353108213 41.709813358 39.725051625 1.286584246 -0.084454594 0.713752508 0.582512389 -0.379610452
10162.386472516 41.670052535 39.762916662 1.287708602 -0.084440810 0.713306297 0.583842747 -0.378406558
10162.419838122 41.642779201 39.788963111 1.290805218 -0.084899052 0.713077189 0.584358810 -0.377938957
10162.453224395 41.611091189 39.821065752 1.294780395 -0.086087235 0.712863265 0.584385059 -0.378033143
10162.486570824 41.566147146 39.863273153 1.302065433 -0.090205651 0.711931267 0.583879526 -0.379607048
10162.519937814 41.528138878 39.899650261 1.307903572 -0.093977607 0.711325339 0.583186854 -0.380890490
10162.553315318 41.485724624 39.944034170 1.313781459 -0.097960272 0.711093774 0.582302307 -0.381671918
10162.586685732 41.438630275 39.993240066 1.315780701 -0.101848297 0.711175851 0.581249532 -0.382105764
10162.620043120 41.408218834 40.025116264 1.316642326 -0.104310992 0.711118334 0.580883535 -0.382105025
10162.653413282 41.364268771 40.071145218 1.315145687 -0.107332224 0.711095824 0.580541793 -0.381829477
10162.686782011 41.319866926 40.117446343 1.310618855 -0.108948065 0.711374809 0.580583730 -0.380786990
10162.720144639 41.275848838 40.163064915 1.305560519 -0.108660929 0.711927698 0.581291702 -0.378750197
10162.753528985 41.246229395 40.192777108 1.302560261 -0.107570213 0.712461978 0.582090767 -0.376824785
10162.786888258 41.203473804 40.236174235 1.299549254 -0.103381539 0.714390676 0.583780377 -0.371697042
10162.820260338 41.162963997 40.280151621 1.298245175 -0.093902284 0.718731023 0.586008995 -0.362217524
10162.853619843 41.136067664 40.311688486 1.297769903 -0.084349960 0.722914475 0.587696834 -0.353400872
10162.886987368 41.101184600 40.356246362 1.298962010 -0.068751241 0.729014649 0.590327737 -0.339593979
10162.920342964 41.067437246 40.401353592 1.301834290 -0.053663013 0.734033449 0.592699476 -0.327142947
10162.953717004 41.045008533 40.433120795 1.304190943 -0.045232154 0.736222324 0.594089286 -0.320918467
10162.987083214 41.013564652 40.475505990 1.307902957 -0.037627810 0.737161828 0.595790893 -0.316559314
10163.020445829 40.990424305 40.504773248 1.310507820 -0.035591004 0.736264530 0.597025051 -0.316557910
10163.053820745 40.957332805 40.543400934 1.313620650 -0.036332120 0.733575846 0.598628464 -0.319672360
10163.087216884 40.919609003 40.586044531 1.314878357 -0.039214068 0.729837631 0.600309843 -0.324695829
10163.120551696 40.888096982 40.623873782 1.314603897 -0.042224208 0.726027093 0.602089294 -0.329530362
10163.153947409 40.860126800 40.655312077 1.311920163 -0.043451835 0.723756557 0.603394602 -0.331968882
10163.187294525 40.819500011 40.701878837 1.306019317 -0.044669042 0.720543665 0.605380315 -0.335165896
10163.220661858 40.778159176 40.747040728 1.298123688 -0.046533560 0.716858684 0.607499402 -0.338958304
10163.254028740 40.749806808 40.777753036 1.294154578 -0.047900420 0.713998572 0.608996835 -0.342102972
10163.287384021 40.708355047 40.821291683 1.289358924 -0.050886789 0.709574170 0.610847186 -0.347535245
10163.320749165 40.682629770 40.860661075 1.282920254 -0.053535196 0.705006741 0.612411861 -0.353625776
10163.354126296 40.654763278 40.890307178 1.282181879 -0.055252778 0.701951004 0.613490957 -0.357548269
10163.387489350 40.620152276 40.920653350 1.282077542 -0.057073756 0.698667348 0.614514297 -0.361909798
10163.420855314 40.572870296 40.966068311 1.283702468 -0.058058896 0.695269604 0.615611924 -0.366403196
10163.454250316 40.545015839 40.993787006 1.285098334 -0.057350811 0.694347292 0.615966172 -0.367666150
10163.487591619 40.510048095 41.026416950 1.288051988 -0.055408671 0.694388030 0.615988458 -0.367849645
10163.520950611 40.474583908 41.058280225 1.291742641 -0.053753254 0.695106020 0.615433615 -0.367667886
10163.554324593 40.447352889 41.088456069 1.293793419 -0.053491892 0.695630614 0.614734730 -0.367882968
10163.587685654 40.413362957 41.126777141 1.296373370 -0.054615554 0.695538266 0.613771767 -0.369496793
10163.621057616 40.371908398 41.173404123 1.295317603 -0.057391210 0.694676225 0.612648266 -0.372549720
10163.654423958 40.343922227 41.207209155 1.292154254 -0.058842158 0.694186278 0.612059578 -0.374200594
10163.687788837 40.309761734 41.248117219 1.286197548 -0.059094104 0.694328666 0.611387236 -0.374994984
10163.721149837 40.262422632 41.308001387 1.275788795 -0.054567400 0.696618485 0.611136531 -0.371829565
10163.754522995 40.239887907 41.339562863 1.270780390 -0.051040775 0.698257442 0.611152944 -0.369220074
10163.787896116 40.196046940 41.396320186 1.261404096 -0.043430684 0.701811421 0.611241131 -0.363261316
10163.821264128 40.152465529 41.448017147 1.255257563 -0.035140462 0.705826360 0.611264202 -0.356272892
10163.854621451 40.128163561 41.482283144 1.253045705 -0.028305052 0.709038117 0.611287637 -0.350415749
10163.888000697 40.103505205 41.512997862 1.252845116 -0.018826628 0.713235535 0.611327251 -0.342373512
10163.921352995 40.070864034 41.562007831 1.253888676 -0.004912498 0.718881962 0.611391611 -0.330733864
10163.954723160 40.052034847 41.594683202 1.255247312 0.003067183 0.721923309 0.611307767 -0.324222366
10163.988102348 40.008204555 41.653837429 1.254626720 0.012477694 0.725435912 0.611180227 -0.316300134
10164.021454462 39.973264281 41.708148022 1.256423221 0.019177473 0.727711193 0.610888561 -0.311261643
10164.054822455 39.952675152 41.743013009 1.257139000 0.021993386 0.728575349 0.610723284 -0.309372464
10164.088215726 39.925307333 41.788877990 1.257771072 0.024122794 0.729049042 0.610592689 -0.308353941
10164.121553182 39.911910361 41.813789442 1.258788564 0.024535440 0.728849151 0.610607122 -0.308765073
10164.154931522 39.881376233 41.862766915 1.254219487 0.024519456 0.728401997 0.610774640 -0.309489363
10164.188299868 39.852022803 41.911868453 1.249052811 0.023802704 0.727402440 0.611149931 -0.311150902
10164.221659788 39.827835911 41.953930433 1.244110184 0.021741044 0.725655889 0.611825193 -0.314039475
10164.255022149 39.803933557 41.989766178 1.239511457 0.019485395 0.723967629 0.612548766 -0.316662597
10164.288392017 39.772807640 42.037868622 1.235370998 0.015747530 0.721372224 0.613618107 -0.320697595
10164.321756189 39.746977321 42.077159806 1.233948860 0.013511719 0.719636186 0.614430978 -0.323134286
10164.355140506 39.715947644 42.124767419 1.234288986 0.011905230 0.717977905 0.615397475 -0.325041445
10164.388491584 39.689692386 42.163988281 1.235899948 0.011339993 0.717120919 0.615953018 -0.325900095
10164.421854629 39.655714877 42.215553270 1.240369370 0.011072884 0.716413418 0.616448503 -0.326527867
10164.455232669 39.625679993 42.260469428 1.244861221 0.011860350 0.716473696 0.616541574 -0.326192065
10164.488587722 39.593586824 42.309185008 1.249100707 0.013683668 0.717343170 0.616252259 -0.324753271
10164.521954762 39.574047197 42.340125477 1.251654015 0.015132246 0.718279049 0.615772215 -0.323528672
10164.555328797 39.543727319 42.389982771 1.253933338 0.016607432 0.719630306 0.614833651 -0.322235935
10164.588697793 39.518491956 42.434094365 1.253850914 0.017174417 0.720778197 0.613745230 -0.321715127
10164.622053037 39.492717634 42.479445286 1.251504105 0.017886592 0.722189538 0.612430908 -0.321015146
10164.655430227 39.463201260 42.535422185 1.246092706 0.020560801 0.724647175 0.610676924 -0.318649368
10164.688786336 39.434810399 42.591707920 1.238164709 0.025771498 0.727935588 0.608849404 -0.314241966
10164.722154422 39.406314899 42.650264168 1.227659337 0.033799491 0.731943447 0.606932435 -0.307813910
10164.755527625 39.388499597 42.685781775 1.220705245 0.040339371 0.734566582 0.605896678 -0.302776959
10164.788889739 39.362855461 42.737165430 1.211616880 0.048934199 0.737606305 0.604692413 -0.296461581
10164.822273111 39.339005826 42.786211722 1.206087858 0.056629565 0.739898685 0.603873888 -0.290997175
10164.855628935 39.323528904 42.819116762 1.203892316 0.062793174 0.741566269 0.603381953 -0.286472869
10164.889010181 39.301995247 42.868359301 1.202489899 0.073722074 0.744284314 0.602665790 -0.278208307
10164.922368276 39.286654488 42.911364372 1.201691892 0.087965706 0.747397260 0.601887499 -0.267190586
10164.955724560 39.274956030 42.945301788 1.201829903 0.098621680 0.749605399 0.601139018 -0.258838542
10164.989090596 39.259531554 42.989295162 1.202028642 0.113458649 0.752199619 0.600147741 -0.247276276
10165.022452110 39.252451425 43.016770406 1.202837628 0.122832187 0.753384241 0.599631544 -0.240346523
10165.055823987 39.237404723 43.061655496 1.203454804 0.131915559 0.753851511 0.599478111 -0.234376148
10165.089218006 39.224768684 43.105461156 1.204373237 0.136172708 0.752704520 0.600432016 -0.233182961
10165.122554035 39.202988658 43.160560241 1.204018462 0.136136144 0.750369751 0.602345334 -0.235780164
10165.155923844 39.186972077 43.198125160 1.201593618 0.134997067 0.748378434 0.603991152 -0.238537628
10165.189304104 39.169409275 43.248642998 1.198992387 0.133267145 0.745306792 0.606633550 -0.242390985
10165.222658985 39.148153154 43.307238032 1.194905493 0.131635754 0.742244960 0.609368076 -0.245794619
10165.256024905 39.131003725 43.345064748 1.190239929 0.130227396 0.739992242 0.611491250 -0.248053943
10165.289391021 39.113356733 43.397698926 1.188153020 0.128150292 0.736442215 0.614818916 -0.251451917
10165.322755784 39.087197179 43.453610446 1.186118832 0.124796495 0.732869094 0.618134309 -0.255418680
10165.356125745 39.070131180 43.488742857 1.186299637 0.121910636 0.730361399 0.620399257 -0.258485562
10165.389490809 39.056001880 43.524924105 1.189976311 0.118931937 0.727914640 0.622553192 -0.261577892
10165.422854706 39.032357304 43.575170992 1.195658407 0.115030293 0.725166336 0.624925157 -0.265274132
10165.456230614 39.008033287 43.623216440 1.201701676 0.111384156 0.723186555 0.626469513 -0.268571640
10165.489598589 38.984015087 43.675052065 1.209785951 0.106677780 0.721458436 0.627468438 -0.272765349
10165.522952448 38.966454135 43.710840907 1.214757465 0.102724803 0.720338274 0.627891135 -0.276248274
10165.556324377 38.942734920 43.760582300 1.219262208 0.098219879 0.719447758 0.627931559 -0.280088802
10165.589688387 38.919483950 43.815542920 1.222192463 0.096760382 0.719952431 0.627105269 -0.281149261
10165.623053464 38.897261573 43.871466019 1.220877508 0.099558538 0.722235024 0.625281825 -0.278365420
10165.656424573 38.882453554 43.911114485 1.217437971 0.103564378 0.724524788 0.623648940 -0.274591059
10165.689788554 38.862573628 43.967133709 1.211945559 0.110198066 0.728101875 0.621015579 -0.268446822
10165.723156550 38.840596961 44.025057583 1.202792624 0.116206634 0.731328292 0.618508359 -0.262873271
10165.756527387 38.825496467 44.064228398 1.196474467 0.119683801 0.733049903 0.617094705 -0.259822539
10165.789895697 38.802867716 44.120913592 1.188868447 0.122589449 0.734360349 0.615916134 -0.257553917
10165.823266772 38.780167307 44.176930389 1.185720352 0.123004559 0.734790587 0.615476092 -0.257180582
10165.856621313 38.764045675 44.215239094 1.184701535 0.123990350 0.735313909 0.615109715 -0.256085702
10165.889986906 38.742687278 44.268769855 1.185699058 0.129296577 0.737004083 0.614069822 -0.251049061
10165.923352756 38.726629013 44.316951838 1.188795318 0.139517227 0.739787681 0.612297206 -0.241539360
10165.956727653 38.714920930 44.346476267 1.188377073 0.148399496 0.741981043 0.610720897 -0.233370322
10165.990100558 38.699478597 44.396667039 1.190653746 0.161161382 0.744587762 0.608568538 -0.221946858
10166.023452502 38.686170490 44.440231989 1.192169909 0.170323002 0.745922099 0.607302566 -0.213948336
10166.056822144 38.674467165 44.475872367 1.194074953 0.174041352 0.746088000 0.607117624 -0.210880288
10166.090221573 38.655361075 44.527926988 1.195996464 0.175666518 0.745461366 0.607798109 -0.209785806
10166.123551305 38.638795301 44.567457614 1.195049676 0.175006116 0.744585366 0.608777719 -0.210606696
10166.156924212 38.616708895 44.619912075 1.194850173 0.172716635 0.743174499 0.610474403 -0.212559713
10166.190290142 38.592156089 44.677119174 1.193403991 0.169754014 0.741638972 0.612437844 -0.214651105
10166.223654425 38.565873610 44.734631449 1.190184661 0.166278548 0.740036634 0.614507146 -0.216975098
10166.257020208 38.547398226 44.776284057 1.188111510 0.163050255 0.738705982 0.616151553 -0.219283721
10166.290391097 38.517683141 44.835120241 1.184205463 0.156170930 0.736261879 0.618885944 -0.224742688
10166.323770016 38.487657717 44.891377948 1.182876221 0.146289079 0.733007508 0.622041622 -0.233160287
10166.357121941 38.465611044 44.931266721 1.182656853 0.138820016 0.730655783 0.623994060 -0.239796878
10166.390489846 38.434477475 44.979843014 1.184751122 0.128427684 0.727616098 0.626128371 -0.249087146
10166.423855718 38.403061439 45.025029139 1.189785457 0.120169544 0.725632157 0.627006487 -0.256671226
10166.457224661 38.380919544 45.054739981 1.193691307 0.115846129 0.724986808 0.626868869 -0.260785781
10166.490584596 38.346806438 45.102007490 1.200104804 0.110431383 0.724914852 0.625788301 -0.265880365
10166.523952460 38.310520482 45.143365721 1.205502231 0.103626812 0.725104149 0.624090470 -0.272023055
10166.557326569 38.285021038 45.171071036 1.208521827 0.097628178 0.725055412 0.622812610 -0.277250504
10166.590690533 38.246714007 45.213155735 1.212136678 0.087191653 0.724757995 0.620654861 -0.286200993
10166.624065510 38.208039191 45.254247454 1.214075694 0.075894334 0.724499741 0.617987743 -0.295687884
10166.657424485 38.180176517 45.285845215 1.214345337 0.068212569 0.724580498 0.615708055 -0.302049232
10166.690800452 38.135713558 45.341421764 1.213096622 0.058606772 0.725451402 0.611783375 -0.309849338
10166.724169490 38.095027856 45.386955050 1.208929396 0.052009223 0.727846550 0.607006191 -0.314766459
10166.757519491 38.067751457 45.417250263 1.204934321 0.049680162 0.730297187 0.603458399 -0.316284463
10166.790884502 38.029179296 45.457603733 1.198919023 0.047479393 0.734078932 0.598266381 -0.317728132
10166.824284557 37.990242895 45.493331505 1.193591809 0.044510023 0.737354942 0.593197870 -0.320066920
10166.857625467 37.959972607 45.521271634 1.191033339 0.042059794 0.739453290 0.589686113 -0.322040516
10166.890987453 37.913647781 45.565827550 1.188538548 0.039783400 0.742634271 0.584746048 -0.324011852
10166.924371440 37.870989086 45.600147799 1.187719500 0.038888450 0.745784919 0.580139791 -0.325162060
10166.957729394 37.832694766 45.618878267 1.189127947 0.037534284 0.748202976 0.575941625 -0.327222752
10166.991099079 37.803476860 45.642280699 1.189719459 0.035790312 0.749079630 0.573308402 -0.330024602
10167.024484948 37.762162614 45.669094785 1.191799780 0.030218142 0.748641339 0.569898845 -0.337399341
10167.057832470 37.718394557 45.695288708 1.194814408 0.021355284 0.746347945 0.566739541 -0.348303015
10167.091212268 37.685727520 45.714045638 1.196681776 0.014062826 0.744164328 0.564633352 -0.356666327
10167.124577174 37.634424290 45.746454329 1.198587595 0.002933064 0.740626808 0.561479095 -0.369059012
10167.157915126 37.585052219 45.768891392 1.201633983 -0.008575450 0.736939759 0.558122020 -0.381242790
10167.191295387 37.547674113 45.785752918 1.203207690 -0.016848938 0.734425861 0.555533725 -0.389508728
10167.224695302 37.491455814 45.806347743 1.204931440 -0.030308157 0.730183804 0.551389600 -0.402346289
10167.258035371 37.433561130 45.825797456 1.205814393 -0.045908454 0.724634834 0.546804184 -0.416895617
10167.291399575 37.392617918 45.836249140 1.206940997 -0.058767943 0.719539344 0.543198205 -0.428655073
10167.324780619 37.331944793 45.849295973 1.207926542 -0.078979867 0.710596160 0.537406861 -0.447223819
10167.358115554 37.271663747 45.857711118 1.209333807 -0.100491696 0.700042222 0.530861756 -0.466934796
10167.391480321 37.229244055 45.861634252 1.210345408 -0.115937132 0.692339902 0.525504597 -0.480696329
10167.424875094 37.168607249 45.865052834 1.211428470 -0.137102143 0.681300497 0.517245436 -0.499489534
10167.458242788 37.115673199 45.857388764 1.214190318 0.156102684 -0.671893799 -0.508501427 0.515380416
10167.491585716 37.081921220 45.843991147 1.217402923 0.168596375 -0.666146208 -0.501995899 0.525190070
10167.524990640 37.028985812 45.831568858 1.221821681 0.186663060 -0.658384245 -0.491628066 0.538506205
10167.558315446 36.973870494 45.816936507 1.228174595 0.207059559 -0.649322767 -0.479366840 0.552913842
10167.591682407 36.940135064 45.798867071 1.234885248 0.222153557 -0.642052469 -0.470005064 0.563481734
10167.625084337 36.888211936 45.777668237 1.244457318 0.244409774 -0.630859839 -0.455251524 0.578814112
10167.658422132 36.838900555 45.751689671 1.253986054 0.266546566 -0.619231526 -0.439301592 0.593733405
10167.691781273 36.804850043 45.732665478 1.259862711 0.281615911 -0.611079266 -0.427628453 0.603662584
10167.725164267 36.759061157 45.702287873 1.266829989 0.301639542 -0.600329020 -0.410870953 0.616282172
10167.758524256 36.716913469 45.668581680 1.271403266 0.319273983 -0.591560902 -0.394522345 0.626475811
10167.791888141 36.687282095 45.645015589 1.272426806 0.330338027 -0.586551268 -0.383311130 0.632381986
10167.825333068 36.644330610 45.616835978 1.270381654 0.344242887 -0.580960298 -0.368105601 0.639124584
10167.858624092 36.605527253 45.586536801 1.266929709 0.356505188 -0.576430651 -0.353693056 0.644618475
10167.891983079 36.579485471 45.562550734 1.264432876 0.365270155 -0.572915494 -0.342925067 0.648650868
10167.925366068 36.547988462 45.526136722 1.261019236 0.377147450 -0.567097990 -0.328118192 0.654597681
10167.958729123 36.518797054 45.487461875 1.257243766 0.389093783 -0.560001961 -0.312366921 0.661385469
10167.992083119 36.500315326 45.460648873 1.255175570 0.397741581 -0.553420508 -0.301138407 0.666965543
10168.025463160 36.477526502 45.418308314 1.253265907 0.410961561 -0.541172016 -0.284029556 0.676439691
10168.058816153 36.466118255 45.365228653 1.252911727 0.424918838 -0.526377325 -0.266191037 0.686668205
10168.092190262 36.458712593 45.326080344 1.255568067 0.434820593 -0.515219453 -0.253688906 0.693629516
10168.125567333 36.441350124 45.275516136 1.256117364 0.449616506 -0.498168722 -0.235341185 0.703055794
10168.158925925 36.435782484 45.230232190 1.259336080 0.460153942 -0.486231285 -0.222863804 0.708638986
10168.192286733 36.422808047 45.174071035 1.261593983 0.474237524 -0.471378752 -0.207137531 0.714139262
10168.225664627 36.418389060 45.106956821 1.266782550 0.488203966 -0.458260430 -0.192674741 0.717307960
10168.259028525 36.420332974 45.050989341 1.270482357 0.498673641 -0.448828005 -0.182579279 0.718709141
10168.292385457 36.408341735 44.999843033 1.269622168 0.512199096 -0.436631922 -0.169666700 0.719873504
10168.325764319 36.421501490 44.915702785 1.271579034 0.526789606 -0.422382186 -0.155647902 0.721012989
10168.359119142 36.425200238 44.864180267 1.270335081 0.537899463 -0.410103390 -0.144293245 0.722259536
10168.392483164 36.421140448 44.807583235 1.269043886 0.552642303 -0.390257325 -0.127344438 0.725306211
10168.425866220 36.423629084 44.741741886 1.268444452 0.568805768 -0.363117063 -0.105546882 0.730387467
10168.459239261 36.431312692 44.673088843 1.268747273 0.583988215 -0.333386061 -0.081689679 0.735621027
10168.492580253 36.435880643 44.631315128 1.268296815 0.592846926 -0.315361631 -0.066832340 0.737978999
10168.525956234 36.447117596 44.568569744 1.266124284 0.604515595 -0.292196842 -0.046779524 0.739590141
10168.559319254 36.455475712 44.525937282 1.264317601 0.612321941 -0.278978206 -0.034448897 0.738949440
10168.592699300 36.469632930 44.473069429 1.262012490 0.621181972 -0.266690016 -0.022263390 0.736555317
10168.626056336 36.486564424 44.418551248 1.259453546 0.630360703 -0.256018291 -0.011143658 0.732786352
10168.659416543 36.507353832 44.363203852 1.257699823 0.639660722 -0.244587751 0.000392910 0.728704905
10168.692782538 36.523149165 44.326254385 1.256628839 0.645950237 -0.235364799 0.009119945 0.726132584
10168.726161479 36.549017050 44.273971883 1.256173074 0.654558333 -0.219586426 0.023441367 0.723039206
10168.759542425 36.569943685 44.235521570 1.258116639 0.660999171 -0.205689307 0.035919100 0.720750874
10168.792885515 36.599811328 44.188099009 1.258917839 0.668209779 -0.188240189 0.051329234 0.717932192
10168.826277775 36.632864720 44.138422850 1.259938453 0.675376169 -0.170987167 0.067332659 0.714210566
10168.859616852 36.668491015 44.090426629 1.259433179 0.682144863 -0.155750283 0.082315404 0.709679090
10168.892992902 36.693086492 44.058969263 1.260367410 0.686376499 -0.147024861 0.091667767 0.706305891
10168.926356160 36.728707409 44.013327695 1.258440861 0.691975409 -0.136744385 0.103777272 0.701214150
10168.959716167 36.764327881 43.971802314 1.256053087 0.696966227 -0.129094673 0.114146581 0.696091375
10168.993093502 36.789573332 43.944717743 1.254412739 0.700050069 -0.124892446 0.120778583 0.692635772
10169.026463417 36.827854130 43.907154214 1.251789007 0.703848464 -0.118754385 0.130556961 0.688076752
10169.059826432 36.865393965 43.873489336 1.249684970 0.706506422 -0.110903239 0.141232668 0.684545455
10169.093208335 36.894351464 43.846884709 1.247436895 0.708037292 -0.103255099 0.150880280 0.682097295
10169.126553236 36.936510498 43.815461330 1.244489080 0.709010239 -0.091632020 0.164643080 0.679559203
10169.159919203 36.981884976 43.785466409 1.244658568 0.709464394 -0.078268911 0.179126668 0.677087800
10169.193291216 37.014306529 43.759419566 1.247102818 0.709727491 -0.068264963 0.189540758 0.675056356
10169.226655225 37.063992566 43.730427019 1.247552347 0.710202283 -0.052972526 0.204707822 0.671491873
10169.260022210 37.106071024 43.706756408 1.250105933 0.710945043 -0.041571372 0.215339283 0.668175097
10169.293409186 37.153302132 43.677958504 1.250676768 0.712340104 -0.029288206 0.226564144 0.663613190
10169.326761335 37.206421025 43.649720937 1.250563725 0.714579627 -0.016831762 0.237092283 0.657936089
10169.360132517 37.261051700 43.623678288 1.248513040 0.716886055 -0.003482234 0.247999124 0.651581685
10169.393503602 37.301249492 43.601612409 1.248673018 0.718121778 0.006966152 0.256219732 0.646996162
10169.426850652 37.360124947 43.569661724 1.249152062 0.719016369 0.023863920 0.269587807 0.640131540
10169.460220767 37.419295518 43.539673853 1.249238012 0.718905649 0.042086789 0.283251721 0.633381269
10169.493591902 37.460299238 43.517338540 1.249923440 0.718987548 0.053119974 0.292180382 0.628383480
10169.526951924 37.515375628 43.495320498 1.248362003 0.718893495 0.068982123 0.303874761 0.621364418
10169.560319885 37.577164596 43.470752529 1.250293832 0.717433322 0.087373527 0.316438944 0.614427937
10169.593708012 37.618763258 43.457137320 1.253397379 0.715833803 0.100183614 0.325352684 0.609664531
10169.627060163 37.682392984 43.439059325 1.260078334 0.712810941 0.119574652 0.338267196 0.602642323
10169.660442471 37.745711641 43.422614841 1.268423111 0.709714436 0.137863707 0.349591304 0.595890039
10169.693804654 37.791270899 43.416185783 1.275452199 0.707517223 0.150219544 0.357072877 0.591060426
10169.727153137 37.858628377 43.402285052 1.284910458 0.704078942 0.167821027 0.367021537 0.584297987
10169.760519194 37.930445954 43.387038761 1.296102659 0.700629635 0.185571805 0.376587937 0.576942584
10169.793914121 37.982115443 43.375878419 1.304715833 0.697694457 0.198421752 0.383449520 0.571679734
10169.827272412 38.057422776 43.360107241 1.316627039 0.692259381 0.218552263 0.394926457 0.563067448
10169.860629418 38.132798019 43.344346919 1.327531452 0.685746792 0.239290402 0.407189405 0.553794393
10169.894005670 38.183825852 43.335481096 1.333178233 0.681604011 0.252765397 0.414552844 0.547422657
10169.927358927 38.258642668 43.320144491 1.339389055 0.677437966 0.268840348 0.422004577 0.539179754
10169.960730088 38.325456115 43.308377589 1.342494569 0.675931595 0.279801348 0.425209431 0.532939606
10169.994088394 38.371387786 43.300631515 1.343524705 0.675850629 0.285546912 0.425769422 0.529536862
10170.027466727 38.434227718 43.290825749 1.344166499 0.676442111 0.291962405 0.424817221 0.526036457
10170.060823167 38.496580265 43.279036560 1.344633227 0.677202918 0.297189395 0.422781510 0.523765660
10170.094226473 38.538663788 43.273393267 1.344347568 0.677566435 0.300370646 0.421009436 0.522907503
10170.127562795 38.599309961 43.264780171 1.343516397 0.677153328 0.305029041 0.418744495 0.522564544
10170.160935822 38.657114911 43.259687291 1.342283774 0.675138270 0.310557040 0.418077111 0.522450161
10170.194306089 38.698232616 43.255996539 1.341722260 0.672241729 0.316040389 0.419053899 0.522114318
10170.227666855 38.758206135 43.249238702 1.342403179 0.666303649 0.325474647 0.422259546 0.521346887
10170.261032580 38.812750752 43.247799946 1.342775899 0.659483556 0.335808328 0.425972253 0.520443893
10170.294391540 38.855650506 43.247695974 1.343625338 0.653250285 0.344879534 0.429344375 0.519601367
10170.327757489 38.914882146 43.248431765 1.345344816 0.644577302 0.357337655 0.433486763 0.518574130
10170.361123808 38.971944976 43.251567168 1.346181785 0.636594205 0.368448000 0.436517937 0.518117728
10170.394494145 39.013846526 43.253455245 1.346996761 0.631435481 0.375738790 0.438015613 0.517930418
10170.427867374 39.077093956 43.256540265 1.349037850 0.623431934 0.386752143 0.440460798 0.517445348
10170.461273035 39.139254983 43.259146019 1.351189157 0.614150116 0.398937051 0.443925244 0.516332492
10170.494600327 39.180903882 43.263378385 1.351340651 0.606793570 0.408263692 0.447143710 0.514960993
10170.527970498 39.238705106 43.269706857 1.352641580 0.595216196 0.421943644 0.452358197 0.512887222
10170.561331513 39.296283401 43.277647890 1.353022086 0.583304201 0.435384645 0.457616703 0.510669534
10170.594694707 39.335305926 43.282618221 1.352704545 0.575646433 0.443595940 0.460386305 0.509802194
10170.628057966 39.387670289 43.290959357 1.352600566 0.566413621 0.452910270 0.462634674 0.509918676
10170.661425980 39.438911983 43.298942065 1.351131683 0.558794374 0.460005295 0.463133937 0.511518263
10170.694802789 39.471376569 43.304632413 1.349486541 0.554475399 0.463905182 0.462862642 0.512939752
10170.728171750 39.517386055 43.311994337 1.348944414 0.548456931 0.469159653 0.462657112 0.514813180
10170.761536057 39.564889300 43.316641376 1.349431470 0.541760703 0.475041797 0.463559147 0.515697150
10170.794900098 39.597063119 43.321556044 1.349178947 0.536609494 0.479894651 0.465008058 0.515285241
10170.828293167 39.644974235 43.329132865 1.348413701 0.528311764 0.487806437 0.468102672 0.513625786
10170.861626784 39.694384955 43.336286845 1.346725183 0.519664702 0.496220112 0.471976067 0.510835384
10170.894994688 39.728628743 43.337822725 1.343965038 0.513478410 0.502272392 0.474930138 0.508432622
10170.928361845 39.776744266 43.343389512 1.338538801 0.504689053 0.510606212 0.479431268 0.504693883
10170.961728529 39.828577978 43.346950697 1.333779830 0.496810184 0.517667600 0.483432928 0.501490280
10170.995101637 39.864016893 43.347693023 1.330411924 0.492416360 0.521404930 0.485594105 0.499861373
10171.028478727 39.914176593 43.347625772 1.327251326 0.488037920 0.524495425 0.487703683 0.498867372
10171.061837599 39.961107981 43.344218043 1.325931229 0.486272983 0.524837325 0.488389624 0.499559750
10171.095214617 39.991008932 43.343579513 1.324347684 0.485839186 0.523900067 0.488778103 0.500584629
10171.128564563 40.036204568 43.338166460 1.325622662 0.485372868 0.522791720 0.489283987 0.501700286
10171.161926571 40.081192061 43.332533957 1.328530058 0.483248474 0.523458027 0.491441949 0.500946520
10171.195303511 40.124833526 43.325949650 1.332065002 0.478864544 0.526558984 0.495417681 0.497981632
10171.228660439 40.170718683 43.320877675 1.334837037 0.471032281 0.533262846 0.501923062 0.491764748
10171.262032354 40.216071488 43.315315198 1.336352923 0.461449861 0.541368422 0.509664515 0.483969358
10171.295397461 40.262822874 43.310341783 1.336165940 0.452193380 0.548856626 0.517108184 0.476315733
10171.328774492 40.297645633 43.305907374 1.336053402 0.446631305 0.553138668 0.521690922 0.471589518
10171.362148505 40.348210765 43.304720911 1.334099831 0.440818136 0.557258418 0.526782671 0.466521643
10171.395499560 40.411040632 43.297318383 1.332907535 0.436521145 0.559399631 0.531212673 0.462962676
10171.428863606 40.446509070 43.290505892 1.330626663 0.435217511 0.559344076 0.533264120 0.461897500
10171.462233687 40.494837235 43.279956082 1.328552855 0.434544153 0.558173272 0.535300126 0.461592626
10171.495602767 40.552614405 43.268005635 1.326765643 0.434358491 0.556094469 0.537459618 0.461767042
10171.528961798 40.588211295 43.260033511 1.325920662 0.433705429 0.555304219 0.539206045 0.461295639
10171.562331021 40.631940747 43.247651016 1.326844303 0.432184985 0.555180259 0.541513712 0.460167273
10171.595701001 40.684562037 43.236760318 1.328512614 0.427995909 0.557126253 0.545785114 0.456671052
10171.629064039 40.732150980 43.227617381 1.331550320 0.421773812 0.560997502 0.551070276 0.451342670
10171.662427082 40.775236630 43.220575237 1.335457230 0.416293047 0.564749468 0.555222952 0.446638121
10171.695801212 40.840552007 43.208327735 1.341317511 0.406833118 0.571281890 0.562274692 0.438144939
10171.729162295 40.875604936 43.202381039 1.344247224 0.402936397 0.573871518 0.565247981 0.434520956
10171.762531544 40.920637850 43.202481438 1.348767948 0.400339373 0.575649305 0.567345185 0.431828329
10171.795898572 40.991739645 43.194127528 1.352890359 0.399149385 0.575968409 0.569283653 0.429949164
10171.829271667 41.030175823 43.188040493 1.352973110 0.399780202 0.575184228 0.569688913 0.429876070
10171.862627743 41.080736862 43.180994712 1.352955811 0.401493274 0.573387928 0.569651716 0.430727707
10171.896004772 41.147792866 43.174187445 1.351128085 0.404361426 0.570600834 0.569168558 0.432381404
10171.929368869 41.187236470 43.167937679 1.348819328 0.405891202 0.569051218 0.569035580 0.433164578
10171.962726912 41.229586074 43.159460359 1.348042518 0.406865376 0.567801490 0.569231905 0.433632417
10171.996096946 41.286273094 43.150311270 1.346956875 0.407242958 0.566935678 0.570036821 0.433353357
10172.029460962 41.339181958 43.141707432 1.347182794 0.406658962 0.566937999 0.571202742 0.432362372
10172.062848046 41.385028080 43.136318079 1.348942953 0.405487655 0.567367632 0.572445834 0.431253404
10172.096221040 41.435923278 43.126772991 1.350619789 0.404421363 0.567730957 0.573770683 0.430014099
10172.129564122 41.490583664 43.115996542 1.353816123 0.404241599 0.567504238 0.574545229 0.429447842
10172.162927224 41.539790575 43.104573898 1.357379486 0.404925277 0.566746621 0.574793346 0.429472231
10172.196300247 41.603253692 43.085952091 1.363060217 0.406342919 0.565580822 0.574715090 0.429774745
10172.229678261 41.641472115 43.075524572 1.366812696 0.407129747 0.564928536 0.574656258 0.429966631
10172.263033389 41.697592274 43.059151720 1.371607084 0.407741053 0.564538876 0.574734661 0.429794323
10172.296402665 41.753593406 43.039552863 1.375418160 0.407777680 0.564541782 0.574978045 0.429430072
10172.329762716 41.791735883 43.028691383 1.377028029 0.408107203 0.564316936 0.574850888 0.429582777
10172.363128792 41.841531602 43.015911127 1.377742413 0.408683946 0.563913616 0.574474151 0.430067804
10172.396498806 41.892705357 42.998780404 1.377091288 0.408865509 0.563620952 0.574279087 0.430539136
10172.429870920 41.943685535 42.983913403 1.375583285 0.408188388 0.564044057 0.574518821 0.430307642
10172.463229014 41.983352600 42.971185032 1.374627756 0.406422933 0.565184105 0.575387836 0.429320585
10172.496601047 42.035615923 42.954627632 1.374893307 0.402682970 0.567932189 0.577297393 0.426646428
10172.529976192 42.084756408 42.939691715 1.377538153 0.398914010 0.570838103 0.579087905 0.423873413
10172.563340514 42.122858664 42.927278433 1.379632671 0.396147531 0.573035714 0.580336506 0.421789930
10172.596700785 42.178432369 42.911940782 1.383478669 0.392480496 0.576124346 0.581768179 0.419029337
10172.630062794 42.225478142 42.897678012 1.387097037 0.390292957 0.578186288 0.582422390 0.417320242
10172.663431046 42.269485881 42.885370277 1.390002320 0.389042598 0.579715276 0.582527182 0.416218860
10172.696797147 42.329237864 42.866894601 1.392449079 0.388337908 0.581316784 0.582101553 0.415237579
10172.730171243 42.366074884 42.856592872 1.393368017 0.388082895 0.582284769 0.581771984 0.414581081
10172.763531584 42.414088534 42.844108356 1.393823436 0.387382680 0.583819861 0.581496112 0.413462574
10172.796900799 42.479882415 42.827471760 1.393076478 0.385401568 0.586622526 0.581672830 0.411091671
10172.830290925 42.504436846 42.821760563 1.391558451 0.384596086 0.587706110 0.581796978 0.410121513
10172.863634134 42.561661068 42.810930413 1.387732543 0.382750565 0.590121072 0.581991996 0.408098570
10172.896997925 42.634081302 42.797398036 1.382735739 0.380939581 0.592617044 0.581958258 0.406219966
10172.930369996 42.673916923 42.790347066 1.380595622 0.380595726 0.593404188 0.581656784 0.405824775
10172.963734203 42.713099648 42.783292710 1.379433998 0.380749652 0.593883612 0.581136473 0.405724485
10172.997106279 42.773074235 42.772236151 1.379291360 0.381478779 0.594397292 0.580086946 0.405789275
10173.030483695 42.825460380 42.762664246 1.381424464 0.381572616 0.595096694 0.579614690 0.405350559
10173.063842149 42.880722535 42.751169725 1.386030228 0.380357602 0.596787939 0.579882482 0.403619322
10173.097226096 42.937977357 42.739662876 1.391519617 0.378454444 0.598937021 0.580651768 0.401111211
10173.130569659 42.976893831 42.732748510 1.396016619 0.377025838 0.600512167 0.581316534 0.399133739
10173.163948637 43.033102060 42.727362897 1.402847270 0.375427265 0.602489735 0.582125023 0.396473133
10173.197306840 43.089824929 42.721299748 1.409192347 0.374915727 0.603686018 0.582607572 0.394423384
10173.230674944 43.129258068 42.715323927 1.413615225 0.375139956 0.604068772 0.582782954 0.393363650
10173.264049774 43.177195649 42.710380723 1.418273112 0.376133948 0.604016084 0.582721495 0.392585638
10173.297403958 43.231051206 42.702074056 1.420903067 0.378160428 0.603237750 0.582382004 0.392339278
10173.330785096 43.283477319 42.694365318 1.422951787 0.380813169 0.601890522 0.581823575 0.392670927
10173.364154182 43.336457531 42.685462654 1.423102888 0.383311969 0.600446822 0.581378387 0.393109043
10173.397503454 43.386983479 42.672719348 1.422936127 0.384994649 0.599497420 0.581380896 0.392909935
10173.430868461 43.440785649 42.665053635 1.422489308 0.385237085 0.599337049 0.582219406 0.391673401
10173.464286909 43.487346588 42.659498047 1.422357958 0.383759045 0.600148792 0.583822137 0.389489584
10173.497601309 43.550087836 42.652614709 1.421738894 0.379091902 0.602919906 0.586997996 0.384980869
10173.530968556 43.587769256 42.650782073 1.421517378 0.374872282 0.605344362 0.589488853 0.381486393
10173.564350707 43.641067541 42.647778493 1.421371899 0.367111103 0.609803018 0.593578951 0.375544600
10173.597708144 43.693407471 42.647873022 1.420978518 0.357856870 0.615187772 0.597929625 0.368731107
10173.631080119 43.729533949 42.648435441 1.421416682 0.351110490 0.619085573 0.600877630 0.363868865
10173.664462035 43.782940138 42.648335288 1.422528596 0.342186366 0.624274527 0.604446360 0.357539372
10173.697808037 43.821805524 42.651942031 1.424598381 0.336706672 0.627562062 0.606292387 0.353841796
10173.731178047 43.874250381 42.652638804 1.426330156 0.332125089 0.630578244 0.607325427 0.351026822
10173.764565649 43.929093673 42.654690608 1.428291734 0.330448863 0.632135070 0.606888063 0.350564802
10173.797905234 43.980679371 42.658982678 1.430623302 0.331888644 0.632014564 0.605073628 0.352552724
10173.831302182 44.022412312 42.660797746 1.431349020 0.334695187 0.630805422 0.603082982 0.355463878
10173.864654183 44.071512827 42.662544216 1.432666169 0.339785834 0.628292318 0.599969912 0.360319934
10173.898008221 44.126090508 42.662919347 1.434201373 0.346386602 0.624634618 0.596379104 0.366305719
10173.931370866 44.182158962 42.665476509 1.435406113 0.352824429 0.620858517 0.592949130 0.372103418
10173.964763089 44.232622981 42.664574810 1.437702489 0.357668117 0.617820718 0.590463717 0.376462052
10173.998111039 44.289993084 42.659109013 1.441165100 0.361056541 0.615574783 0.588711494 0.379637509
10174.031482036 44.343975582 42.662156429 1.443951950 0.362108616 0.614855250 0.588060276 0.380808986
10174.064856163 44.398498304 42.662276871 1.447129483 0.360053033 0.616151022 0.588913241 0.379342756
10174.098227225 44.466973371 42.659444524 1.450723619 0.355025516 0.619415940 0.591151858 0.375260253
10174.131571108 44.507640261 42.662457841 1.453143337 0.351839185 0.621450236 0.592509001 0.372749080
10174.164958389 44.562569924 42.664963138 1.454009935 0.348815887 0.623363896 0.593894419 0.370181508
10174.198310776 44.616277936 42.665737899 1.453869620 0.348617601 0.623414651 0.594082727 0.369980613
10174.231674763 44.662962297 42.665250215 1.452488046 0.350095586 0.622313910 0.593570077 0.371258726
10174.265067892 44.713669540 42.660946114 1.448681358 0.353205239 0.619986463 0.592469904 0.373954888
10174.298408044 44.781813295 42.661957428 1.443119137 0.358123274 0.616170275 0.590740895 0.378295000
10174.331770556 44.822559256 42.662195131 1.439352669 0.360424762 0.614161971 0.590059707 0.380432131
10174.365177765 44.877914375 42.664235233 1.433620794 0.362067847 0.612259952 0.589975529 0.382064786
10174.398506961 44.919333429 42.665796623 1.429780227 0.361797154 0.611794683 0.590702745 0.381942865
10174.431874885 44.973084094 42.667406141 1.426977419 0.359249996 0.612592510 0.592715936 0.379944307
10174.465275717 45.031921098 42.669220495 1.424794215 0.354187875 0.614590786 0.596211107 0.375980625
10174.498613849 45.078608230 42.668297187 1.422711460 0.349192637 0.616610404 0.599546039 0.372022391
10174.531980622 45.128463160 42.672489437 1.420991475 0.343026200 0.619039017 0.603484713 0.367328086
10174.565367668 45.185137404 42.676120366 1.419453883 0.336112333 0.621716188 0.607865460 0.361935166
10174.598711446 45.232342344 42.679361629 1.418394703 0.330632147 0.624008989 0.611073693 0.357608875
10174.632075624 45.281033118 42.685176108 1.418315060 0.325862659 0.625983113 0.613828090 0.353799018
10174.665471930 45.322228875 42.692644965 1.418395300 0.323269063 0.627070140 0.615374487 0.351559941
10174.698811224 45.379558468 42.698176907 1.417730416 0.321834793 0.627514211 0.616536329 0.350044619
10174.732178823 45.437739441 42.703533694 1.415822792 0.322839062 0.626714656 0.616730856 0.350209555
10174.765558143 45.499353427 42.709823992 1.413058201 0.325710503 0.624888291 0.616284709 0.351596998
10174.798914037 45.552931228 42.708263310 1.410525458 0.328906990 0.622895206 0.615669884 0.353231295
10174.832288294 45.608163417 42.717870387 1.407538889 0.332390491 0.620601764 0.615109463 0.354979381
10174.865670341 45.671941787 42.719716986 1.405245992 0.334783580 0.618898564 0.615133369 0.355662004
10174.899014403 45.734691971 42.730147210 1.403204582 0.334393117 0.618795967 0.616315959 0.354157358
10174.932377565 45.778533210 42.737711971 1.402736148 0.332239078 0.619910703 0.617758190 0.351713995
10174.965761893 45.844356980 42.748930496 1.403846803 0.327534383 0.622644754 0.620122031 0.347107196
10174.999120976 45.886921278 42.759168340 1.404916484 0.324030564 0.624679454 0.621651921 0.343989335
10175.032479186 45.947448771 42.770754508 1.407416597 0.320706863 0.626685830 0.622943450 0.341106196
10175.065853378 46.010912775 42.781555041 1.410250235 0.320218531 0.627093495 0.623056965 0.340608073
10175.099236031 46.075061467 42.792237155 1.412722680 0.322401206 0.626110152 0.621928245 0.342416119
10175.132577942 46.121268945 42.798009467 1.413413471 0.325114822 0.624841077 0.620580643 0.344606511
10175.165966594 46.188139299 42.809566343 1.413043370 0.329766547 0.622780094 0.618179038 0.348214956
10175.199315775 46.247749061 42.817775341 1.409994261 0.333394555 0.621221818 0.616309808 0.350847180
10175.232681821 46.326339582 42.831456841 1.402819386 0.337569541 0.619519393 0.614215105 0.353528401
10175.266056366 46.372817684 42.839541391 1.396691918 0.339450647 0.618836665 0.613341097 0.354439189
10175.299417572 46.429104991 42.850635146 1.387485933 0.340943246 0.618343609 0.612760642 0.354870794
10175.332786057 46.506303219 42.865563491 1.374716693 0.341140566 0.618779480 0.612986147 0.353529423
10175.366156911 46.553195664 42.873195873 1.368192377 0.339734415 0.620036115 0.613755519 0.351340158
10175.399519979 46.621367967 42.879250099 1.360317153 0.335594945 0.623220488 0.615668308 0.346301590
10175.432888539 46.685311307 42.892969797 1.354456286 0.330538478 0.627098401 0.617603269 0.340673028
10175.466284784 46.733431411 42.900769528 1.351592753 0.327886016 0.629318615 0.618427989 0.337632440
10175.499619641 46.789585632 42.913114573 1.348135005 0.327166795 0.630590381 0.618374104 0.336052269
10175.532988211 46.873498006 42.924758390 1.345786359 0.330582268 0.629707909 0.616579193 0.337658723
10175.566356373 46.924026853 42.931379233 1.345419269 0.334662314 0.628050122 0.614635097 0.340261484
10175.599720790 46.995614199 42.943074458 1.346809339 0.341669515 0.624872898 0.611546757 0.344682995
10175.633091913 47.050134700 42.946064028 1.349555650 0.346592494 0.622637120 0.609551572 0.347337793
10175.666467262 47.123682530 42.952683492 1.354121991 0.351733858 0.620696834 0.607487026 0.349253842
10175.699823835 47.206007377 42.957992424 1.358764105 0.354753579 0.620280269 0.606500216 0.348654232
10175.733227407 47.287028439 42.963173075 1.361282479 0.356050777 0.621034378 0.606452145 0.346063493
10175.766573048 47.343504970 42.969564553 1.361449919 0.356627018 0.621691053 0.606592433 0.344039278
10175.799930160 47.412357241 42.973233026 1.359256426 0.357681044 0.622083401 0.606715982 0.342012033
10175.833314663 47.513700210 42.984003288 1.353244964 0.361779550 0.621035578 0.605673826 0.341452169
10175.866667057 47.572459126 42.989321810 1.348702159 0.365863342 0.619214324 0.604349877 0.342751896
10175.900031044 47.635476157 42.993111752 1.343483084 0.371549074 0.616247750 0.602404644 0.345396354
10175.933408662 47.748104289 42.995138448 1.335958360 0.383543667 0.609318406 0.597885213 0.352361473
10175.966772901 47.806336659 42.994890858 1.332513028 0.390148086 0.605190324 0.595339254 0.356511312
10176.000132532 47.872896004 42.994736787 1.329659877 0.396072902 0.601186177 0.593123029 0.360425456
10176.033507687 47.964944614 42.993306949 1.327296409 0.401676059 0.596849159 0.591523390 0.364043272
10176.066875495 48.043504754 42.990534319 1.327306738 0.402987033 0.595104563 0.592225997 0.364308082
10176.100271526 48.101281706 42.985192706 1.328596409 0.401370863 0.595437213 0.594273728 0.362208079
10176.133613294 48.205403962 42.980936334 1.332117902 0.393852872 0.599112766 0.600047830 0.354804750
10176.166973904 48.263779538 42.981149808 1.334383601 0.388266679 0.601952973 0.603803435 0.349747073
10176.200341522 48.318476277 42.984263830 1.336277329 0.382448309 0.604838070 0.607694894 0.344399646
10176.233720074 48.398444382 42.986958838 1.338700688 0.375171494 0.607902430 0.612545077 0.338362992
10176.267080175 48.457507342 42.987362904 1.339928932 0.370872706 0.609114424 0.615675298 0.335226763
10176.300441184 48.537630303 42.987645068 1.340359349 0.367873647 0.608606360 0.618680145 0.333919385
10176.333833918 48.627633045 42.989919798 1.340229527 0.369570633 0.604755097 0.619619863 0.337283332
10176.367190075 48.685310099 42.988150904 1.339519229 0.372702948 0.601027484 0.619143157 0.341350593
10176.400543405 48.758624605 42.982118327 1.338345650 0.378426105 0.594757533 0.617729312 0.348522103
10176.433918949 48.841885434 42.972418478 1.337584917 0.382574138 0.589628606 0.616884404 0.354159240
10176.467280683 48.898620764 42.968866664 1.337684175 0.383073880 0.587663084 0.617227513 0.356281770
10176.500644637 48.971419698 42.961260311 1.337202211 0.379712568 0.587939611 0.619339219 0.355758781
10176.534012453 49.043936408 42.959144597 1.336189860 0.372203235 0.591196702 0.623098714 0.351708977
10176.567377266 49.127867846 42.958941408 1.334994642 0.360531251 0.597022178 0.628235758 0.344821067
10176.600747049 49.217465012 42.960008203 1.332687860 0.350566633 0.601923220 0.632143718 0.339390327
10176.634123236 49.302477324 42.962554857 1.329648908 0.348038971 0.602519996 0.632738437 0.339824367
10176.667488591 49.364994870 42.958769924 1.327680805 0.351014083 0.599994676 0.631282966 0.343914697
10176.700854347 49.456039915 42.950762424 1.324622692 0.360987206 0.592780088 0.626773370 0.354196480
10176.734218557 49.550325027 42.936232482 1.321623980 0.374865607 0.582527809 0.620572808 0.367459547
10176.767580535 49.611960395 42.927831526 1.319784940 0.383520367 0.575749172 0.616587950 0.375824852
10176.800944936 49.703922316 42.912676980 1.317321891 0.391178934 0.568746743 0.613207793 0.384034356
10176.834322788 49.791501374 42.903745928 1.315319004 0.390651189 0.567490702 0.613740738 0.385575231
10176.867685665 49.852894883 42.898572766 1.314329855 0.384980591 0.570547700 0.616596061 0.382197022
10176.901064878 49.936335728 42.892810068 1.312701995 0.370762871 0.579283513 0.623184810 0.372298533
10176.934420295 50.018844712 42.888566899 1.309936983 0.354221211 0.589378305 0.630398646 0.360219508
10176.967794193 50.079255504 42.884296317 1.307163954 0.344385714 0.595370793 0.634269068 0.353036611
10177.001147092 50.152029377 42.878397178 1.303072673 0.335885883 0.600603701 0.637401200 0.346663495
10177.034515899 50.224274107 42.871107199 1.298921649 0.332738568 0.602733838 0.638217063 0.344493753
10177.067884700 50.309510817 42.860332463 1.294429318 0.336260204 0.601260975 0.636160459 0.347439470
10177.101264709 50.376448703 42.848984760 1.291691089 0.343102885 0.597869005 0.632846521 0.352616426
10177.134624035 50.492002118 42.827839717 1.288657524 0.357625488 0.590322293 0.625859890 0.363212059
10177.167985789 50.553147887 42.816161880 1.287967114 0.364490861 0.586941761 0.622489506 0.367631060
10177.201350838 50.632664963 42.798021524 1.288669627 0.369224625 0.585263769 0.619971863 0.369830213
10177.234717084 50.737085001 42.776302914 1.290976025 0.367625840 0.588268515 0.620316354 0.366058762
10177.268085803 50.802102584 42.767061492 1.291938519 0.363344886 0.592306611 0.622069330 0.360808981
10177.301450659 50.872110418 42.756101727 1.293331194 0.357487817 0.597215151 0.624535784 0.354247906
10177.334815564 50.992226683 42.740687985 1.294846604 0.351346037 0.603136825 0.627117935 0.345694993
10177.368185775 51.060422260 42.731267767 1.295730331 0.351951643 0.603796932 0.626907471 0.344305573
10177.401551875 51.158860927 42.716551738 1.296969195 0.359159542 0.600806634 0.624091660 0.347196503
10177.434930538 51.253814923 42.694532030 1.297838488 0.373136153 0.593179455 0.618545021 0.355400623
10177.468287750 51.319944833 42.680620644 1.299227341 0.383954647 0.586916851 0.614002107 0.362089564
10177.501654581 51.395400528 42.663269766 1.300992457 0.395750916 0.579788053 0.608891317 0.369429818
10177.535029216 51.519138530 42.634589303 1.304158262 0.410973711 0.570296941 0.602420636 0.378089124
10177.568403772 51.563206401 42.624640976 1.305339075 0.414063098 0.568464513 0.601295519 0.379267119
10177.601759045 51.680812816 42.599854814 1.307053953 0.413923265 0.569071960 0.602819401 0.376076329
10177.635127122 51.776309068 42.582392670 1.307506293 0.405572333 0.574946930 0.608447693 0.367067452
10177.668494570 51.840357969 42.571609051 1.307286142 0.396664861 0.580666896 0.613918683 0.358590009
10177.701865107 51.901714569 42.562245638 1.306339867 0.385248288 0.587619866 0.620500691 0.348232024
10177.735226673 52.013022321 42.546508439 1.302907132 0.362247134 0.600794845 0.632386627 0.328496153
10177.768602073 52.075284920 42.538640611 1.300773797 0.350373480 0.607250925 0.638021150 0.318455257
10177.801963098 52.162228561 42.526475909 1.298466930 0.338391262 0.613529145 0.643495104 0.308200249
10177.835346940 52.248383482 42.513549833 1.298495593 0.333886559 0.616119338 0.645397520 0.303938755
10177.868702256 52.309937998 42.503093481 1.298825029 0.334987745 0.615834090 0.644969538 0.304213542
10177.902068691 52.366158035 42.494012629 1.300536713 0.338941881 0.614255130 0.643244327 0.306668832
10177.935444709 52.471124716 42.474593134 1.302652754 0.349144757 0.609645780 0.638669490 0.313896870
10177.968806740 52.533299147 42.463228917 1.303051266 0.354473744 0.607138493 0.636197984 0.317778759
10178.002176346 52.621317250 42.448163569 1.303674865 0.359829573 0.604719268 0.633558221 0.321622863
10178.035545093 52.713552585 42.436407043 1.305480076 0.362414083 0.603567546 0.632138785 0.323670831
10178.068914690 52.777357431 42.427078917 1.305616327 0.363430145 0.603073985 0.631521828 0.324654401
10178.102284723 52.856961861 42.416927658 1.306222170 0.364768083 0.602401653 0.630617073 0.326157325
10178.135652265 52.966014009 42.400339609 1.304673332 0.367466942 0.600471424 0.629160341 0.329483507
10178.169024734 53.034232285 42.389028591 1.302853220 0.369521221 0.598976285 0.628032449 0.332049274
10178.202389845 53.127417306 42.376587762 1.300869634 0.372105634 0.596954176 0.626445581 0.335781242
10178.235760758 53.194371097 42.367362227 1.299293657 0.372641880 0.596145178 0.625905652 0.337625637
10178.269119626 53.278432949 42.354237565 1.296794147 0.371618157 0.596295569 0.625964880 0.338377760
10178.302490936 53.370750675 42.339224949 1.294233291 0.368384672 0.597881614 0.626969274 0.337253375
10178.335867269 53.437567745 42.328498361 1.291677273 0.365101116 0.599782710 0.628134979 0.335273506
10178.369242642 53.522154778 42.316849886 1.288389261 0.359394260 0.603395629 0.630076216 0.331290572
10178.402598070 53.608896382 42.306202195 1.284217991 0.352133706 0.608008094 0.632639711 0.325722284
10178.435965165 53.663550968 42.303218084 1.282670958 0.346486559 0.611563252 0.634606959 0.321265404
10178.469331633 53.744324398 42.295198438 1.277018183 0.340607515 0.615423519 0.636500384 0.316397968
10178.502697362 53.830520416 42.287526219 1.271429302 0.337263262 0.617920315 0.637321773 0.313446861
10178.536071734 53.908742802 42.280693553 1.266134613 0.337800812 0.618434075 0.636538954 0.313445475
10178.569435732 53.973451525 42.275614862 1.263024203 0.340298259 0.617899188 0.634916145 0.315085983
10178.602802036 54.059556635 42.263798902 1.259407379 0.345582360 0.616224699 0.631994470 0.318469689
10178.636168596 54.146994932 42.251487628 1.258714345 0.351929991 0.614145259 0.628489669 0.322446303
10178.669541241 54.205522517 42.245304338 1.258933633 0.355502035 0.613142800 0.626400866 0.324493705
10178.702903169 54.291530177 42.238357357 1.259825066 0.358960035 0.612580269 0.624215543 0.325957149
10178.736276772 54.378874325 42.225827494 1.261443894 0.359214961 0.613588355 0.623688954 0.324786133
10178.769636101 54.457777947 42.223323058 1.262900562 0.357207700 0.615705162 0.624276295 0.321852327
10178.803008981 54.547443659 42.221560621 1.263848260 0.354167323 0.618166977 0.625496617 0.318102306
10178.836391044 54.632781177 42.220458942 1.263146521 0.352671115 0.619526459 0.626174048 0.315778582
10178.869744078 54.708003010 42.218675888 1.261340394 0.353107720 0.619441242 0.626167461 0.315470756
10178.903113245 54.800657096 42.219321032 1.256326368 0.356334810 0.617812594 0.624995371 0.317354514
10178.936481963 54.878571953 42.216862611 1.250973752 0.360322332 0.615577686 0.623453692 0.320214651
10178.969850682 54.957215571 42.214928228 1.245717174 0.364517873 0.613243953 0.621719993 0.323299899
10179.003212779 55.043102356 42.212369401 1.241012721 0.367342417 0.611731196 0.620449085 0.325403480
10179.036582942 55.107235210 42.210619417 1.238968326 0.366815897 0.612318189 0.620466450 0.324859842
10179.069950083 55.182186882 42.207993425 1.237391852 0.362669186 0.615237710 0.621951497 0.321138532
10179.103328279 55.268153123 42.207258070 1.237105885 0.353577418 0.621213012 0.625305825 0.313161346
10179.136689501 55.348468837 42.210062622 1.237132476 0.342159339 0.628296569 0.629381445 0.303396448
10179.170055229 55.406542930 42.213312660 1.237019319 0.333739900 0.633346414 0.632261855 0.296200853
10179.203420604 55.489657857 42.219108844 1.235032191 0.322921136 0.639569934 0.635855962 0.286983335
10179.236796500 55.574026568 42.222917396 1.231654342 0.316076492 0.643559128 0.637990750 0.280882721
10179.270175679 55.664175394 42.229513095 1.228522366 0.312988417 0.645667901 0.638710873 0.277848222
10179.303543805 55.720947189 42.232604125 1.226940685 0.313285843 0.645871668 0.638393146 0.277769617
10179.336898038 55.772572784 42.236801235 1.227425900 0.315073149 0.645277253 0.637586902 0.278978708
10179.370269151 55.846551878 42.242134192 1.227597206 0.318615388 0.643961804 0.636193168 0.281168422
10179.403634061 55.927271360 42.247930499 1.228034966 0.321901385 0.642727803 0.635006650 0.282925828
10179.437005006 56.007101069 42.255065251 1.230813810 0.324867631 0.641583792 0.633944294 0.284509915
10179.470381290 56.094149793 42.261736216 1.233035219 0.326176336 0.641134092 0.633545051 0.284915324
10179.503744525 56.153229479 42.268852913 1.234072370 0.325754886 0.641467615 0.633797016 0.284085191
10179.537112938 56.229689102 42.277652286 1.235767482 0.324220566 0.642154386 0.634568582 0.282562354
10179.570478856 56.335362220 42.284372698 1.235388882 0.323251692 0.642571876 0.635122399 0.281476938
10179.603843406 56.393512064 42.291606299 1.236260353 0.323602816 0.642190450 0.635109568 0.281972482
10179.637217643 56.455994807 42.298876120 1.238406287 0.325309732 0.641174617 0.634469213 0.283756070
10179.670589250 56.564199265 42.308171077 1.241061777 0.330197857 0.638146207 0.632673371 0.288899981
10179.703964675 56.626359075 42.311222583 1.242712977 0.333336576 0.636147286 0.631467582 0.292321826
10179.737325702 56.712310812 42.315534639 1.245138428 0.336842480 0.633631674 0.630077628 0.296732587
10179.770701469 56.811179986 42.314784830 1.247650331 0.338334531 0.632109983 0.629431540 0.299637533
10179.804067727 56.870349517 42.317912773 1.250371663 0.336975665 0.632540728 0.629731538 0.299629468
10179.837437783 56.955351364 42.322124896 1.255690268 0.331783093 0.634989884 0.631432079 0.296650225
10179.870791778 57.013273555 42.327407117 1.260173474 0.326564632 0.637729572 0.633041923 0.293111682
10179.904169548 57.095735990 42.335147032 1.266979101 0.319845719 0.641236800 0.635132950 0.288305772
10179.937525193 57.170721005 42.347378884 1.272044081 0.314841728 0.643864018 0.636690551 0.284497723
10179.970896188 57.269202173 42.362252272 1.278413356 0.312284560 0.645100652 0.637296983 0.283153771
10180.004271379 57.327970679 42.368977093 1.280428642 0.312510290 0.644893753 0.637175089 0.283649911
10180.037633792 57.408972354 42.376614767 1.282928800 0.315182925 0.643383520 0.636111077 0.286496191
10180.071000715 57.484959945 42.381726950 1.282222114 0.319739121 0.640987069 0.634393310 0.290598693
10180.104390866 57.562754692 42.389191780 1.280928350 0.325065741 0.638214321 0.632213782 0.295500388
10180.137752293 57.648326625 42.393809593 1.279662938 0.329297866 0.636014249 0.630363808 0.299483323
10180.171118018 57.728643457 42.398716252 1.279423177 0.330031346 0.635675230 0.629713265 0.300761559
10180.204491161 57.784587560 42.404461930 1.279788067 0.328247569 0.636611754 0.630138134 0.299841527
10180.237845817 57.863734009 42.415256119 1.281200508 0.323144277 0.639347049 0.631585512 0.296501041
10180.271210684 57.930136138 42.420396618 1.280908636 0.318320698 0.641815468 0.633077919 0.293184561
10180.304604879 58.010895835 42.431202851 1.281908865 0.312604094 0.644507108 0.634667231 0.289977196
10180.337942912 58.095799054 42.443608749 1.281766107 0.310148140 0.645540637 0.634834775 0.289948661
10180.371312035 58.180140062 42.454705664 1.279395762 0.312850919 0.643696022 0.633235387 0.294605970
10180.404698035 58.239874489 42.460675777 1.277287714 0.317339331 0.640916942 0.631127704 0.300331558
10180.438052463 58.325105439 42.467849095 1.273088559 0.326546381 0.635293514 0.626884917 0.311102737
10180.471418808 58.388496770 42.471323924 1.271168789 0.333911419 0.630565122 0.623379140 0.319826889
10180.504821195 58.468442575 42.475790052 1.267488551 0.342351971 0.624861889 0.619173829 0.330100769
10180.538147476 58.555595582 42.477678375 1.264774255 0.347897301 0.620719803 0.615866369 0.338205573
10180.571517390 58.617827710 42.479047654 1.262962010 0.349594612 0.619058344 0.614373347 0.342192584
10180.604902847 58.691680588 42.482916425 1.261880430 0.348953676 0.619075581 0.613475209 0.344419692
10180.638255210 58.762335156 42.488596643 1.261397713 0.344694770 0.621257456 0.614087553 0.343687599
10180.671617334 58.834383820 42.494860995 1.260018062 0.337841072 0.624988148 0.615836350 0.340585988
10180.705025503 58.888964548 42.499920162 1.257045121 0.331641373 0.628330537 0.617614890 0.337293023
10180.738352755 58.961407258 42.509901456 1.251197583 0.323238009 0.632861312 0.619984916 0.332599540
10180.771713865 59.012794146 42.516372107 1.244246185 0.317936879 0.635421735 0.621575817 0.329846727
10180.805121058 59.078273666 42.525618603 1.236038897 0.312977409 0.637851256 0.622661178 0.327847484
10180.838460072 59.135368415 42.534706789 1.228251654 0.309966318 0.639336299 0.622993518 0.327183519
10180.871817049 59.188606934 42.545330975 1.221706030 0.307700715 0.640675419 0.622861924 0.326953056
10180.905206100 59.255077352 42.553018072 1.215204761 0.304381151 0.642777024 0.623038055 0.325596982
10180.938551198 59.328043881 42.561979003 1.210471056 0.298706192 0.646566063 0.623742480 0.321981763
10180.971919216 59.391847197 42.572165804 1.206893019 0.293020269 0.650493405 0.624598119 0.317607685
10181.005312257 59.464159013 42.584213952 1.203314692 0.283923921 0.656401903 0.626295377 0.310286721
10181.038653492 59.541838615 42.599437007 1.200472093 0.275073018 0.662058760 0.627893708 0.302923300
10181.072018733 59.614806177 42.619050585 1.197663220 0.269685851 0.665750605 0.628538970 0.298302592
10181.105449118 59.654885459 42.634144166 1.196512979 0.268114510 0.666978418 0.628608655 0.296825804
10181.138755285 59.719103212 42.652341616 1.194855033 0.268099766 0.667295238 0.628323379 0.296731045
10181.172123934 59.767060299 42.662663570 1.194060128 0.269442945 0.666794500 0.627845459 0.297650255
10181.205502377 59.831783924 42.674807383 1.192170095 0.270749185 0.666218409 0.627593523 0.298285570
10181.238857818 59.885267725 42.687383919 1.191257149 0.271160980 0.666126361 0.627672330 0.297951070
10181.272230822 59.920323631 42.695584461 1.190118495 0.269830334 0.667009685 0.628223711 0.296014594
10181.305607779 59.980816728 42.705146616 1.189381640 0.265167108 0.669797884 0.629676815 0.290799430
10181.338952406 60.044950752 42.716915073 1.188026502 0.257396059 0.674188446 0.632009487 0.282455691
10181.372320792 60.097813680 42.723884277 1.183859741 0.251141234 0.677557143 0.633997604 0.275484003
10181.405705219 60.160148087 42.736451783 1.179769835 0.242591666 0.681966081 0.636576579 0.266161241
10181.439077468 60.215143992 42.751359346 1.173377777 0.233227337 0.686339458 0.639585424 0.255878180
10181.472422240 60.243825823 42.764063785 1.165580649 0.227005733 0.689121251 0.641728323 0.248525768
10181.505801561 60.296879757 42.778693714 1.158690728 0.219142853 0.692275314 0.644475563 0.239546548
10181.539165490 60.347093917 42.794739117 1.151434321 0.211768112 0.695028220 0.647136431 0.230877630
10181.572523517 60.383844587 42.807955912 1.145887798 0.206971337 0.696796054 0.648898204 0.224876070
10181.605908858 60.431615085 42.823747771 1.141023556 0.201213583 0.698800386 0.651090720 0.217421224
10181.639257905 60.478882474 42.842329105 1.139115411 0.195405283 0.700873239 0.653189500 0.209611441
10181.672631810 60.520024521 42.860452658 1.137972676 0.189912626 0.702868273 0.655098659 0.201879006
10181.706009747 60.555940420 42.875517346 1.137891246 0.185563167 0.704536007 0.656504366 0.195441404
10181.739357802 60.608638166 42.896197777 1.135890775 0.179927255 0.706736356 0.658267200 0.186639221
10181.772719820 60.642248496 42.914731554 1.135230745 0.175842683 0.708495394 0.659337557 0.179965592
10181.806099869 60.690747720 42.938935796 1.133225884 0.170740049 0.710549398 0.660724514 0.171494911
10181.839462849 60.739414665 42.965637738 1.131554618 0.164750301 0.712744642 0.662168722 0.162434594
10181.872823803 60.761650039 42.986965259 1.135157636 0.159145148 0.714538866 0.663296814 0.155384576
10181.906208812 60.804345241 43.012801688 1.134474282 0.152769224 0.716388457 0.664702319 0.147037309
10181.939555809 60.849958307 43.041324000 1.134388280 0.146970352 0.717867145 0.666038968 0.139493984
10181.972929843 60.886139819 43.062583959 1.134196348 0.144186383 0.718587503 0.666711804 0.135416609
10182.006297851 60.923502658 43.086362056 1.133848975 0.143059239 0.718895839 0.667152559 0.132779101
10182.039658888 60.967345163 43.111011999 1.132718488 0.144176972 0.718800475 0.667135547 0.132170495
10182.073026841 61.008713358 43.134931112 1.131960479 0.147372211 0.718398004 0.666581527 0.133621879
10182.106406830 61.035001847 43.151301033 1.131345565 0.150477074 0.718050118 0.665901696 0.135409045
10182.139754834 61.078398529 43.175200253 1.129578551 0.154732131 0.717731634 0.664800599 0.137693257
10182.173130851 61.117882146 43.199195088 1.128333089 0.155576308 0.718353709 0.664071779 0.137013260
10182.206524809 61.149458183 43.216145463 1.126054178 0.152966250 0.719654376 0.663969536 0.133579043
10182.239858841 61.195384764 43.241333745 1.121182925 0.144795087 0.722521290 0.664455051 0.124486356
10182.273226995 61.232488791 43.268435775 1.119608856 0.133825325 0.725961308 0.665024828 0.113194255
10182.306597113 61.258960318 43.291240675 1.119767404 0.125406895 0.728568051 0.665260370 0.104356823
10182.339964952 61.294399354 43.324777549 1.119345300 0.115591922 0.731811445 0.665098541 0.093458269
10182.373331857 61.322381681 43.352143912 1.120206850 0.109706910 0.733998698 0.664634563 0.086436119
10182.406691114 61.355918092 43.380351128 1.122855131 0.104310457 0.736167759 0.663973681 0.079468917
10182.440055247 61.389421056 43.411823703 1.120983063 0.100223599 0.738309011 0.662944336 0.073210945
10182.473479234 61.424476097 43.442125120 1.123788671 0.097323179 0.740158725 0.661846026 0.068213627
10182.506803266 61.449899839 43.464423848 1.127134192 0.095757544 0.741490931 0.660895263 0.065108703
10182.540155341 61.486212620 43.493620215 1.131656262 0.094104894 0.743243793 0.659516027 0.061412891
10182.573524608 61.520715862 43.522155575 1.137238750 0.092993168 0.744872291 0.658113580 0.058344292
10182.606891767 61.543577719 43.541837814 1.141124753 0.092648858 0.745957731 0.657085413 0.056586328
10182.640263113 61.580840048 43.573104603 1.146674493 0.092899277 0.747456812 0.655504157 0.054702273
10182.673629749 61.617301769 43.605290945 1.154007535 0.093735917 0.748870417 0.653857038 0.053643743
10182.706994356 61.642751456 43.628753132 1.158221957 0.094193356 0.749857506 0.652724654 0.052838049
10182.740357751 61.676064814 43.663554223 1.164340876 0.094289172 0.751242576 0.651239703 0.051293218
10182.773752359 61.709739700 43.699782596 1.168469169 0.093933695 0.752584565 0.649889531 0.049361218
10182.807101258 61.733453814 43.725760148 1.170812527 0.093570484 0.753438198 0.649056916 0.047964214
10182.840495951 61.767715369 43.765067085 1.172016269 0.092792798 0.754515208 0.648082098 0.045671561
10182.873824655 61.789384925 43.793434099 1.175055843 0.091696990 0.755161235 0.647614330 0.043804697
10182.907189352 61.816589648 43.829433810 1.175514386 0.090064522 0.755728342 0.647353625 0.041186650
10182.940559629 61.846677415 43.871716831 1.176198687 0.087684460 0.756167956 0.647352274 0.038164004
10182.973939566 61.874458904 43.908509640 1.178753198 0.085800546 0.756332051 0.647527590 0.036167884
10183.007290149 61.895030100 43.940121534 1.181487767 0.085147053 0.756242103 0.647750617 0.035594921
10183.040656633 61.917301106 43.978644104 1.187886265 0.085534359 0.755800553 0.648166196 0.036468896
10183.074045316 61.937841058 44.009469783 1.192835831 0.086558290 0.755325934 0.648492453 0.038051747
10183.107415759 61.961929289 44.046810497 1.198740132 0.088291056 0.754406588 0.649185751 0.040413482
10183.140766705 61.986715899 44.085876482 1.204320636 0.089653960 0.753431715 0.650001157 0.042441892
10183.174128929 62.009533530 44.125820850 1.210515782 0.090360271 0.752343143 0.651089452 0.043558481
10183.207499933 62.024824483 44.152391226 1.214481398 0.090095171 0.751603750 0.651992750 0.043360315
10183.240859318 62.047414141 44.193107371 1.220417844 0.088417993 0.750722413 0.653369229 0.041313051
10183.274250920 62.070064401 44.233297464 1.224940022 0.085042800 0.750139365 0.654741953 0.037035525
10183.307595708 62.085472482 44.262180118 1.227502341 0.081609048 0.749979973 0.655594700 0.032643433
10183.340952126 62.109097569 44.304276461 1.229131750 0.075675167 0.749910072 0.656739683 0.024518195
10183.374344167 62.131275180 44.347647875 1.231183959 0.068147941 0.750012631 0.657748044 0.014297647
10183.407697095 62.146879356 44.380129266 1.230702403 0.062126635 0.750226280 0.658228156 0.006041994
10183.441075358 62.168613970 44.420826965 1.231869284 0.054020935 0.750242987 0.658929791 -0.005359974
10183.474433075 62.184319012 44.452232213 1.231515063 0.047783878 0.750057300 0.659486381 -0.014438177
10183.507789103 62.213919324 44.507832248 1.233544739 0.036075872 0.749845317 0.659910041 -0.030810233
10183.541154071 62.227040680 44.537612985 1.232451266 0.031153513 0.749719850 0.659911610 -0.038291941
10183.574528363 62.252287424 44.582178086 1.233624296 0.026360622 0.749814702 0.659447521 -0.047031886
10183.607889376 62.277076144 44.625732363 1.232790187 0.023891756 0.750184818 0.658626795 -0.053503899
10183.641260106 62.292031520 44.654962807 1.232224061 0.022819163 0.750714524 0.657783475 -0.056814517
10183.674633823 62.313508312 44.699718650 1.231193261 0.023412684 0.751934802 0.656113029 -0.059679077
10183.707995914 62.348351620 44.745230522 1.233282554 0.027273480 0.753639519 0.654043151 -0.059255285
10183.741355865 62.363416369 44.777279520 1.231474868 0.031197481 0.754959277 0.652476294 -0.057774496
10183.774729900 62.398824233 44.811855823 1.235237855 0.035512798 0.756460146 0.650679157 -0.055888489
10183.808088898 62.424553558 44.873786887 1.231750513 0.040201439 0.758909213 0.647575163 -0.055561306
10183.841472866 62.451587001 44.911131585 1.232650971 0.040418806 0.760204353 0.645866846 -0.057547193
10183.874830531 62.475574640 44.965129449 1.230429838 0.039007166 0.761975668 0.643458923 -0.061904262
10183.908207627 62.506659755 45.022262829 1.230774361 0.037237722 0.763608218 0.641158983 -0.066565757
10183.941554700 62.517674841 45.061776551 1.228539176 0.036129792 0.764716113 0.639582966 -0.069552380
10183.974927222 62.544536879 45.109771311 1.229435131 0.036352969 0.766161823 0.637653413 -0.071222526
10184.008299324 62.559338296 45.161233664 1.226598326 0.039811934 0.767896903 0.635470640 -0.070188479
10184.041656291 62.580414215 45.214597994 1.225317812 0.047099428 0.769693614 0.633286754 -0.065584081
10184.075027258 62.605143392 45.268311175 1.224603403 0.056010393 0.771127240 0.631426521 -0.059381517
10184.108410489 62.628663193 45.316768586 1.225164107 0.063681866 0.771969239 0.630114085 -0.054445880
10184.141755079 62.644708263 45.351273407 1.223520785 0.067090919 0.772089636 0.629767229 -0.052627370
10184.175135627 62.661553742 45.386436499 1.222986032 0.068373634 0.771827829 0.629933385 -0.052827830
10184.208498070 62.684812921 45.444989392 1.221972025 0.066356382 0.770561095 0.631325018 -0.057106492
10184.241864133 62.699756656 45.478671586 1.221554323 0.063243933 0.769504668 0.632511855 -0.061575355
10184.275242598 62.718990643 45.527517571 1.221750502 0.056336895 0.767643959 0.634552653 -0.069941673
10184.308599283 62.731678872 45.563321793 1.221432249 0.051342445 0.766164011 0.636086109 -0.075836167
10184.341955846 62.748760138 45.609748900 1.222000189 0.046723685 0.764409600 0.637852257 -0.081482262
10184.375325115 62.766982992 45.659962383 1.223910407 0.044309419 0.762737012 0.639593627 -0.084787489
10184.408694087 62.787573056 45.712769980 1.228436542 0.043013114 0.761016484 0.641454959 -0.086829250
10184.442057573 62.799524267 45.747515219 1.231707280 0.042209768 0.759756127 0.642832473 -0.088064601
10184.475448376 62.814362457 45.785640885 1.238128134 0.040329936 0.758123669 0.644584766 -0.090180251
10184.508811855 62.830767791 45.837006727 1.247049986 0.034874326 0.755205514 0.647560972 -0.095463090
10184.542169298 62.844278822 45.882400214 1.256799648 0.026959162 0.751747853 0.650862462 -0.102598368
10184.575534541 62.858550743 45.916273156 1.265421284 0.019586321 0.748591149 0.653729460 -0.108928701
10184.608903398 62.872167316 45.969840763 1.278655652 0.006972177 0.742818958 0.658787282 -0.119040754
10184.642265439 62.876083126 45.999368318 1.286040747 0.000563260 0.739334095 0.661921336 -0.123470334
10184.675630437 62.884364687 46.038198999 1.295965552 -0.005396846 0.735125249 0.665990150 -0.126565645
10184.708994647 62.889345200 46.066475582 1.303750808 -0.008720944 0.732314740 0.668871914 -0.127473248
10184.742359804 62.894622991 46.102538324 1.311231155 -0.011969588 0.729235109 0.672184433 -0.127440075
10184.775731702 62.892680302 46.128818058 1.318102943 -0.013784379 0.727391962 0.674301509 -0.126603317
10184.809101898 62.890794599 46.178602690 1.325721606 -0.015617766 0.725032105 0.677271116 -0.124049861
10184.842473944 62.893500058 46.208408071 1.328383881 -0.016604166 0.724249465 0.678345378 -0.122615506
10184.875832162 62.888555938 46.250291180 1.332513924 -0.018612379 0.723627607 0.679209080 -0.121209285
10184.909201058 62.885686943 46.284897277 1.337045168 -0.020728685 0.723476350 0.679399354 -0.120701325
10184.942562046 62.888681499 46.329826950 1.337715840 -0.022967283 0.723451229 0.679453780 -0.120139019
10184.975931065 62.885917575 46.377470342 1.337720266 -0.024704687 0.723593800 0.679333868 -0.119612652
10185.009293969 62.886733562 46.423663366 1.336880269 -0.027093580 0.723503908 0.679208252 -0.120350255
10185.042658761 62.887842768 46.459364884 1.336139777 -0.029874661 0.723337213 0.679005075 -0.121831391
10185.076031713 62.888514591 46.507870893 1.335467889 -0.031931606 0.723253118 0.678776649 -0.123075428
10185.109411610 62.894236592 46.554211221 1.335331185 -0.028619024 0.723952752 0.678675952 -0.120300942
10185.142757503 62.902038741 46.589213155 1.335312139 -0.022299670 0.724795105 0.678865649 -0.115395886
10185.176126650 62.909995640 46.634349872 1.336007638 -0.010899435 0.726099414 0.679131739 -0.106962259
10185.209494904 62.921705134 46.667835611 1.337392103 -0.003462326 0.726905418 0.679136676 -0.101832715
10185.242859808 62.928666875 46.711193316 1.337674833 0.002542157 0.727608292 0.678862820 -0.098615328
10185.276226565 62.929637138 46.756240178 1.336877349 0.002408795 0.727887001 0.678203943 -0.101064942
10185.309591608 62.928469848 46.789791435 1.334874256 -0.001629360 0.727780579 0.677529743 -0.106236631
10185.342958666 62.919913256 46.834856585 1.331424028 -0.010308819 0.727419009 0.676181508 -0.116335212
10185.376333733 62.909812650 46.884151360 1.325830221 -0.021301322 0.726855949 0.674268204 -0.128798571
10185.409696402 62.899287032 46.935347313 1.317886704 -0.031896342 0.726365565 0.671944990 -0.140945450
10185.443062605 62.892216210 46.969646291 1.312395784 -0.038699680 0.726049492 0.670160635 -0.149128111
10185.476432684 62.881354431 47.019863769 1.302788674 -0.047997913 0.725702991 0.667308956 -0.160468459
10185.509795602 62.874067626 47.057009049 1.295876483 -0.054916504 0.725337545 0.665112961 -0.168802759
10185.543160395 62.862766209 47.105093744 1.289068353 -0.064678515 0.724487725 0.662031415 -0.180689323
10185.576531399 62.850188808 47.152342477 1.284162036 -0.075485888 0.723155148 0.658835422 -0.193091686
10185.609890485 62.832127974 47.192753604 1.281167983 -0.086680680 0.721418068 0.655671192 -0.205274742
10185.643259355 62.818086159 47.222157730 1.280197233 -0.095968816 0.719732050 0.653114788 -0.214981011
10185.676634218 62.799796073 47.260181423 1.280015780 -0.108678779 0.717193001 0.649484927 -0.228018535
10185.710003962 62.782038004 47.285262451 1.280911557 -0.118823918 0.715217411 0.646398225 -0.237727292
10185.743359409 62.762226197 47.320728616 1.280934054 -0.131495625 0.712887707 0.642014164 -0.249635395
10185.776729175 62.738247963 47.354072653 1.282616305 -0.143715336 0.711008186 0.637101891 -0.260603993
10185.810094124 62.710504538 47.384773900 1.284839807 -0.154359085 0.709745964 0.632087206 -0.269999451
10185.843469041 62.690882268 47.406514372 1.286706751 -0.160778595 0.709257850 0.628478002 -0.275896624
10185.876829311 62.659317530 47.437325250 1.288188681 -0.170445926 0.708559271 0.622953434 -0.284290282
10185.910198148 62.625761899 47.463618701 1.288463486 -0.179953556 0.707583699 0.617609135 -0.292405513
10185.943561864 62.599274382 47.486712427 1.287232272 -0.187634299 0.706630981 0.613198218 -0.299088568
10185.976928183 62.571554261 47.523706816 1.284110582 -0.197149039 0.705475994 0.607257527 -0.307691687
10186.010314240 62.544309124 47.560672403 1.278729041 -0.205544553 0.704463814 0.601568782 -0.315590198
10186.043657213 62.523794115 47.583444718 1.274259993 -0.210323139 0.703862515 0.598055084 -0.320424490
10186.077027424 62.493677332 47.620819475 1.267281169 -0.216789913 0.703085396 0.593059081 -0.327038204
10186.110410454 62.465501252 47.656810892 1.261757675 -0.222147579 0.702484240 0.588701403 -0.332561279
10186.143758940 62.445624656 47.682094740 1.259390184 -0.225287040 0.702283288 0.586012014 -0.335609673
10186.177125613 62.417314291 47.718633983 1.258008735 -0.227909127 0.702855380 0.582793813 -0.338235297
10186.210494409 62.390780690 47.754581757 1.258432882 -0.229069032 0.704152230 0.580145522 -0.339305451
10186.243860373 62.372157127 47.778954774 1.258477266 -0.229134713 0.705342120 0.578485865 -0.339623146
10186.277230735 62.346580081 47.813795168 1.259485551 -0.229446733 0.707018755 0.576079602 -0.340016130
10186.310594482 62.320141909 47.845679959 1.261003777 -0.231544406 0.707814643 0.573137226 -0.341905455
10186.343981303 62.301620386 47.867404735 1.262530054 -0.234824890 0.707583278 0.570455340 -0.344621358
10186.377326105 62.270567428 47.897462378 1.263503719 -0.241695548 0.706230792 0.565796965 -0.350278638
10186.410688673 62.241285230 47.925316090 1.263493312 -0.249774549 0.704101740 0.560830403 -0.356823027
10186.444068653 62.212947957 47.948139077 1.262142206 -0.256917591 0.702191032 0.556370325 -0.362454366
10186.477432644 62.172146605 47.978662648 1.258240110 -0.266447651 0.699598023 0.550261071 -0.369839167
10186.510787588 62.130780221 48.008501595 1.252751504 -0.274689523 0.697483247 0.544708615 -0.375972487
10186.544161185 62.101484319 48.029296271 1.248044841 -0.279625206 0.696298404 0.541179047 -0.379609688
10186.577524202 62.060603031 48.058884977 1.240600971 -0.286137605 0.694671755 0.536406397 -0.384479650
10186.610891433 62.022487734 48.085582833 1.233911233 -0.292179306 0.692736099 0.532058170 -0.389438126
10186.644262300 61.990956750 48.106053088 1.228970334 -0.297944492 0.690261214 0.528255716 -0.394606684
10186.677631329 61.945254538 48.132181596 1.223286568 -0.309337328 0.684383096 0.521424260 -0.405027082
10186.710997315 61.902172926 48.154594241 1.219010680 -0.323006258 0.676418888 0.513447186 -0.417727700
10186.744378359 61.873217892 48.168967356 1.216130990 -0.333355739 0.670078935 0.507343172 -0.427166335
10186.777738034 61.830472862 48.186363102 1.213198536 -0.347965100 0.661078493 0.498221897 -0.440080057
10186.811096473 61.801000033 48.196982825 1.210838885 -0.357158608 0.655690400 0.492284879 -0.447396275
10186.844496040 61.761668007 48.209420161 1.209550368 -0.367042982 0.650797753 0.485163250 -0.454266832
10186.877824039 61.719574200 48.219013744 1.209892319 -0.376444409 0.647133569 0.477964483 -0.459410170
10186.911195975 61.675707077 48.228193047 1.210895775 -0.386044524 0.643761859 0.470353964 -0.464012331
10186.944581218 61.643962984 48.233293362 1.212227088 -0.393044546 0.641284553 0.464737962 -0.467213799
10186.977928387 61.595796240 48.241128367 1.213066478 -0.404084422 0.636978865 0.455823891 -0.472438658
10187.011289662 61.548331902 48.250012993 1.212502526 -0.415569123 0.632011888 0.446315841 -0.478189762
10187.044663396 61.514032125 48.255923932 1.212623292 -0.423642345 0.628367820 0.439443621 -0.482255481
10187.078018595 61.465033885 48.265348961 1.211065401 -0.434154693 0.623797532 0.430126216 -0.487214305
10187.111401482 61.413135267 48.276881038 1.208653882 -0.442653154 0.620940920 0.421915899 -0.490385088
10187.144777102 61.378603494 48.286580338 1.206111730 -0.446726835 0.620163683 0.417539768 -0.491419050
10187.178127393 61.325602094 48.301959687 1.202890838 -0.450895644 0.620399531 0.412103795 -0.491902432
10187.211495239 61.274244520 48.316785891 1.200422396 -0.453704059 0.621107315 0.407498991 -0.492263042
10187.244894954 61.240467685 48.328354733 1.199916038 -0.455308809 0.621542724 0.404588335 -0.492632531
10187.278231723 61.188691922 48.343973994 1.201766382 -0.456779690 0.622849182 0.401050455 -0.492513699
10187.311596742 61.143356255 48.359217721 1.206530037 -0.456590999 0.625161337 0.399105625 -0.491337626
10187.344981051 61.107313573 48.371159829 1.211589997 -0.455293085 0.627868653 0.398610445 -0.489488381
10187.378324101 61.062873863 48.388234571 1.219045926 -0.451568314 0.632967142 0.399598275 -0.485551102
10187.411688284 61.025015154 48.404816147 1.225005097 -0.447081796 0.638014130 0.401479417 -0.481528936
10187.445079257 60.993195776 48.418974360 1.230064379 -0.443357669 0.641741495 0.403008980 -0.478733321
10187.478427015 60.953303950 48.435714011 1.236484503 -0.439881942 0.644632138 0.404045873 -0.477179439
10187.511789042 60.923581910 48.448407691 1.240215614 -0.438128301 0.645701537 0.404080965 -0.477317180
10187.545190053 60.871577229 48.468977857 1.245495265 -0.436290700 0.646056511 0.403444907 -0.479054920
10187.578524086 60.841776720 48.479742350 1.246986226 -0.435229912 0.646102386 0.403201157 -0.480161909
10187.611888902 60.803414139 48.495783075 1.249323592 -0.433435583 0.646474801 0.403517219 -0.481017445
10187.645271646 60.754701145 48.513563867 1.249803790 -0.430238755 0.647620789 0.404664711 -0.481381761
10187.678621957 60.723274379 48.524581992 1.248784724 -0.427924937 0.648457488 0.405688755 -0.481455884
10187.711993551 60.686987418 48.537294181 1.247282577 -0.424940556 0.649311833 0.407088021 -0.481766552
10187.745389533 60.635447028 48.555700008 1.245687122 -0.421131751 0.649324075 0.408740833 -0.483691250
10187.778727532 60.603453120 48.564920651 1.244221725 -0.420052667 0.647824484 0.408655563 -0.486703016
10187.812096403 60.557655030 48.576197410 1.243165860 -0.420544204 0.643203745 0.406923501 -0.493806419
10187.845496357 60.512507908 48.586174883 1.244240680 0.421850006 -0.637565069 -0.404598456 0.501850022
10187.878822359 60.482153232 48.592884645 1.244734679 0.421200952 -0.635232344 -0.403763361 0.506008671
10187.912184269 60.452675787 48.601519302 1.245874206 0.418886342 -0.634732529 -0.404137838 0.508253338
10187.945563492 60.412583305 48.611408018 1.248435170 0.414201514 -0.636261487 -0.405658951 0.508968802
10187.978919490 60.374152529 48.618822600 1.251042912 0.409675435 -0.638601464 -0.407205511 0.508466202
10188.012287465 60.336754070 48.623155494 1.253377720 0.407257551 -0.639468715 -0.407636474 0.508973040
10188.045677472 60.287980990 48.625302253 1.258140747 0.408033780 -0.637023806 -0.405942071 0.512757388
10188.079022412 60.256296132 48.626323471 1.260167329 0.410616165 -0.633432114 -0.403460928 0.517085488
10188.112397454 60.209091301 48.627311608 1.263084778 0.416112259 -0.626434540 -0.398867824 0.524723559
10188.145777544 60.159669486 48.627961942 1.264942599 0.422079809 -0.619132667 -0.394139342 0.532144299
10188.179127532 60.124672634 48.627911160 1.264981402 0.425967851 -0.614557775 -0.391154927 0.536533275
10188.212486512 60.077649078 48.628761885 1.264937096 0.429986316 -0.610145525 -0.388262689 0.540450082
10188.245865283 60.031237181 48.630405339 1.262843096 0.432632776 -0.607563752 -0.386439825 0.542549012
10188.279230188 59.978301166 48.631054784 1.258729444 0.433934311 -0.606630026 -0.385704806 0.543077184
10188.312592036 59.923511876 48.632523417 1.253459549 0.433912452 -0.606901508 -0.385824966 0.542705849
10188.345974991 59.882777982 48.632203810 1.250269698 0.433965174 -0.606666701 -0.385569371 0.543107725
10188.379319927 59.830532212 48.630676981 1.246649196 0.434763801 -0.605235622 -0.384972288 0.544487480
10188.412690130 59.788908238 48.630921222 1.244537020 0.435062692 -0.604297270 -0.384584409 0.545564015
10188.446069094 59.718947537 48.630459712 1.241779358 0.433356049 -0.604821901 -0.385647572 0.545590463
10188.479424073 59.682417789 48.631575511 1.240163371 0.431239664 -0.606382204 -0.387044435 0.544545297
10188.512788138 59.634060865 48.635014555 1.239229281 0.427288720 -0.609554408 -0.389299375 0.542506931
10188.546168161 59.599974825 48.637503659 1.239151468 0.424615469 -0.611879110 -0.390578524 0.541067533
10188.579521141 59.556160538 48.642955996 1.239539835 0.422157831 -0.614283301 -0.391599946 0.539525972
10188.612889019 59.507848390 48.648484367 1.241470279 0.421967741 -0.614864175 -0.391030772 0.539425812
10188.646270711 59.457929293 48.651474993 1.244277230 0.424720280 -0.612970287 -0.388378495 0.541333775
10188.679626779 59.421098123 48.653794799 1.246283694 0.428141029 -0.610486258 -0.385392642 0.543575477
10188.712989591 59.380763525 48.655759215 1.248712914 0.432539020 -0.607258327 -0.381895289 0.546171501
10188.746367433 59.320957177 48.658973123 1.251060945 0.439271641 -0.602611419 -0.376352325 0.549780712
10188.779719401 59.265764291 48.661657420 1.251501401 0.445270982 -0.598846641 -0.371224681 0.552547455
10188.813093954 59.206199675 48.665224235 1.250424859 0.451228892 -0.595362341 -0.366155230 0.554857204
10188.846478644 59.146564825 48.669998825 1.247810962 0.456746736 -0.592139624 -0.361414014 0.556895857
10188.879818649 59.105263089 48.672473720 1.244527021 0.460585288 -0.589678382 -0.357840920 0.558650584
10188.913188955 59.046297650 48.675549900 1.239025444 0.466244560 -0.585587605 -0.352597915 0.561585148
10188.946566822 58.986750099 48.678853804 1.233880182 0.472137681 -0.580866508 -0.347123014 0.564965241
10188.979925219 58.946571331 48.680800530 1.231072881 0.475796452 -0.578132364 -0.343602660 0.566849114
10189.013286924 58.891126874 48.685681604 1.228602001 0.479708618 -0.575769292 -0.339649803 0.568337378
10189.046658675 58.837899150 48.689349802 1.229541591 0.483478406 -0.574088700 -0.336075370 0.568967610
10189.080014361 58.801799869 48.690679192 1.230128136 0.486268096 -0.573151016 -0.333500814 0.569050489
10189.113412945 58.764207498 48.691019986 1.231613830 0.489268959 -0.572336356 -0.330871055 0.568833303
10189.146750157 58.699027277 48.688784337 1.234435476 0.495413075 -0.570531368 -0.326092120 0.568087822
10189.180116750 58.663639030 48.686686371 1.235706707 0.499354459 -0.569183275 -0.323212502 0.567634744
10189.213491813 58.611037101 48.682273367 1.237961008 0.505262035 -0.567309668 -0.319222003 0.566539786
10189.246854685 58.558591500 48.677454103 1.238269999 0.510399596 -0.566763172 -0.316245216 0.564146011
10189.280229711 58.521265793 48.675601914 1.237183376 0.513393371 -0.567412447 -0.314737936 0.561614097
10189.313601273 58.478975509 48.672850188 1.235667186 0.516427319 -0.568465697 -0.313130568 0.558658055
10189.346955055 58.407514412 48.669576372 1.229530539 0.521260841 -0.570455128 -0.310431403 0.553624806
10189.380317948 58.367126001 48.668078734 1.224668794 0.523966589 -0.571348164 -0.308644863 0.551143028
10189.413696863 58.314025437 48.665183066 1.217944855 0.527383857 -0.572143342 -0.306113299 0.548464139
10189.447050613 58.243573723 48.661615545 1.206750271 0.531378325 -0.573099450 -0.302585993 0.545560091
10189.480434391 58.202634615 48.660494018 1.199804103 0.533367306 -0.573627222 -0.300571547 0.544176324
10189.513786239 58.139949449 48.658775990 1.189860253 0.536448011 -0.573768741 -0.297197616 0.542850385
10189.547156951 58.079770108 48.656313143 1.181805969 0.539244151 -0.573800619 -0.294102461 0.541730871
10189.580525786 58.037946204 48.654995420 1.177782506 0.540550423 -0.574729523 -0.292492963 0.540313873
10189.613886042 57.979340908 48.655578658 1.173871966 0.540904289 -0.578161204 -0.291818537 0.536650830
10189.647246969 57.921031407 48.657164381 1.172267612 0.539620534 -0.584084218 -0.292987268 0.530861343
10189.680613371 57.882346641 48.660355341 1.171911851 0.537948966 -0.589180300 -0.294378064 0.526135951
10189.713989719 57.828024492 48.665422465 1.172076564 0.535652452 -0.596036669 -0.295982927 0.519818090
10189.747357806 57.788631748 48.669586465 1.172574046 0.534751013 -0.599768821 -0.295911765 0.516483245
10189.780719203 57.734039727 48.674451117 1.173339741 0.535466506 -0.601786299 -0.292908522 0.515105298
10189.814102232 57.673868805 48.677727367 1.173535660 0.539525710 -0.598957993 -0.284885046 0.518653874
10189.847471359 57.628366554 48.679136057 1.172757575 0.544550508 -0.593543198 -0.275469955 0.524678491
10189.880816458 57.573005195 48.679241289 1.170848575 0.551492069 -0.584903488 -0.262222655 0.533838633
10189.914188969 57.512384766 48.679643087 1.166352605 0.558476225 -0.575617791 -0.247484149 0.543617568
10189.947550085 57.450514632 48.681466567 1.159524261 0.563201369 -0.569814235 -0.235659629 0.550073173
10189.980914277 57.407469466 48.683999876 1.155463666 0.564849589 -0.568609146 -0.229941551 0.552046614
10190.014288495 57.344842325 48.689525071 1.149085934 0.565179271 -0.570777312 -0.224955362 0.551525826
10190.047649793 57.288340578 48.695814159 1.143102850 0.564547845 -0.574571794 -0.222113830 0.549380042
10190.081015211 57.243270225 48.700988898 1.138854668 0.564185663 -0.577469106 -0.219813559 0.547636712
10190.114441571 57.185278752 48.707873492 1.133214954 0.564263289 -0.580367102 -0.215866277 0.546061093
10190.147754346 57.127873730 48.714162507 1.129573354 0.565017411 -0.582432139 -0.210678350 0.545108028
10190.181126579 57.091673667 48.717712786 1.126173178 0.565942926 -0.583307566 -0.206337416 0.544872241
10190.214509956 57.035345224 48.721366449 1.123075633 0.568274134 -0.583353687 -0.197941422 0.545510932
10190.247856422 56.983115880 48.721809319 1.121947404 0.572008075 -0.581550948 -0.188177831 0.546986618
10190.281222789 56.946632619 48.720188183 1.121091407 0.575215121 -0.579754825 -0.181109267 0.547915450
10190.314605747 56.891686091 48.714579333 1.119974087 0.579763155 -0.578068118 -0.172307879 0.547742576
10190.347960615 56.851659145 48.710537622 1.118891798 0.582795714 -0.577792232 -0.167022203 0.546451165
10190.381331320 56.798383750 48.705714671 1.117555721 0.586372887 -0.578192518 -0.161400534 0.543884287
10190.414694369 56.739765808 48.700397810 1.115960165 0.590131820 -0.578058779 -0.156460143 0.541398843
10190.448064877 56.686548451 48.693663677 1.115359308 0.593801438 -0.576056683 -0.151406711 0.540957075
10190.481424836 56.647013775 48.688949156 1.115287530 0.596369301 -0.572990113 -0.147415585 0.542489293
10190.514795460 56.591563071 48.682476277 1.116027174 0.599829630 -0.565951192 -0.141227941 0.547684519
10190.548157697 56.535367355 48.677223987 1.118412840 0.602867803 -0.555571862 -0.134695493 0.556549586
10190.581530759 56.500180427 48.672529723 1.122911804 0.604437241 -0.547625030 -0.131011074 0.563558823
10190.614902584 56.451804591 48.667920792 1.131940087 0.605192403 -0.537479585 -0.128851265 0.572935600
10190.648263658 56.407134537 48.665146836 1.145590850 0.604208149 -0.529692364 -0.130363307 0.580830372
10190.681629213 56.378232636 48.663157781 1.158331459 0.603230256 -0.524576051 -0.132810102 0.585913561
10190.715008640 56.337837312 48.662258116 1.179586054 0.601667987 -0.517230394 -0.137175641 0.593001852
10190.748378271 56.301971134 48.661808106 1.203316127 0.600065528 -0.510075247 -0.142617888 0.599503747
10190.781738389 56.275394485 48.661581560 1.224032349 0.598841514 -0.504180766 -0.147634041 0.604478938
10190.815104301 56.240913183 48.659315670 1.251715006 0.597994833 -0.495030128 -0.153917028 0.611274816
10190.848477035 56.209574639 48.656168821 1.277191823 0.598105152 -0.484420608 -0.158864545 0.618359894
10190.881835753 56.185851141 48.653068857 1.297450207 0.598815181 -0.474520978 -0.162127641 0.624471655
10190.915210200 56.148654964 48.646852437 1.322488762 0.600511144 -0.460780314 -0.165968774 0.632077713
10190.948576582 56.110523073 48.640178535 1.345066069 0.602771333 -0.446386434 -0.168524279 0.639535331
10190.981939054 56.088502373 48.634471076 1.359084340 0.604261078 -0.436602684 -0.170315671 0.644390579
10191.015307525 56.058005711 48.627656704 1.378087070 0.605621610 -0.423371269 -0.174357391 0.650829266
10191.048685755 56.032727751 48.623274496 1.390492264 0.606306508 -0.414718637 -0.178080091 0.654742966
10191.082041161 55.999548180 48.618733755 1.406647941 0.606434018 -0.404969889 -0.183610054 0.659184738
10191.115428727 55.965476770 48.616067610 1.424868725 0.605724492 -0.396408183 -0.190119056 0.663184090
10191.148779905 55.930173410 48.616262659 1.443596969 0.604794825 -0.388297513 -0.195993307 0.667109349
10191.182148779 55.907266382 48.615934956 1.457838843 0.604491140 -0.381380684 -0.199084243 0.670451116
10191.215521049 55.863519584 48.614115099 1.478287633 0.605430157 -0.370718164 -0.200642032 0.675103801
10191.248890581 55.831538320 48.614255041 1.497055897 0.606075564 -0.360299334 -0.201601313 0.679863009
10191.282260119 55.805033352 48.614266732 1.510762793 0.606470877 -0.353078682 -0.202278945 0.683089854
10191.315625974 55.767558964 48.615353092 1.527146689 0.605197627 -0.348011201 -0.205977445 0.685709361
10191.348988089 55.729119231 48.617696536 1.542571914 0.601905035 -0.348861676 -0.213029149 0.686020730
10191.382357038 55.701196055 48.620869790 1.553004561 0.598676804 -0.351659817 -0.219494247 0.685378532
10191.415722194 55.658145218 48.625373177 1.567205669 0.593367256 -0.356531404 -0.229059492 0.684348162
10191.449082480 55.617337825 48.630852350 1.578365772 0.589001965 -0.360034567 -0.236239336 0.683844113
10191.482451892 55.582231825 48.634404115 1.587839871 0.585108104 -0.360985608 -0.241671828 0.684786554
10191.515822479 55.541463910 48.639296641 1.597320574 0.581040289 -0.360423401 -0.246554511 0.686802758
10191.549221957 55.505749137 48.644893954 1.604234168 0.576961299 -0.360847406 -0.251064335 0.688383257
10191.582559339 55.470658874 48.649245796 1.610082688 0.571873894 -0.363338553 -0.257237277 0.689038700
10191.615926275 55.430471713 48.656880680 1.615577230 0.563650124 -0.370656030 -0.267391997 0.688050990
10191.649307637 55.395830374 48.664515193 1.619014403 0.554749081 -0.380517413 -0.278361813 0.685546977
10191.682659655 55.359517668 48.671387029 1.622754468 0.544901316 -0.391266272 -0.290053621 0.682540957
10191.716024824 55.325448758 48.678180607 1.626907970 0.535215898 -0.400152854 -0.301104833 0.680262829
10191.749388082 55.293349707 48.684022459 1.631240921 0.527223210 -0.405718654 -0.309859003 0.679275687
10191.782754733 55.271117070 48.689602172 1.631497176 0.521363704 -0.407662758 -0.315965222 0.679821258
10191.816128457 55.241420287 48.694371822 1.635395093 0.516758861 -0.406366791 -0.321119532 0.681695355
10191.849520197 55.205951570 48.698528492 1.639267445 0.514163499 -0.402265476 -0.324271851 0.684591959
10191.882856640 55.171447887 48.701287599 1.640191404 0.512962292 -0.397282810 -0.326384028 0.687393281
10191.916227106 55.150073476 48.703050011 1.639114367 0.512010993 -0.394790232 -0.328333181 0.688609279
10191.949594902 55.126589869 48.704664591 1.636515610 0.510581126 -0.393581720 -0.330917761 0.689125373
10191.982959290 55.086344006 48.707466805 1.627399514 0.506590672 -0.396123913 -0.337425011 0.687456252
10192.016330548 55.061164372 48.709662753 1.620135527 0.503794887 -0.399646125 -0.341334538 0.685539510
10192.049693903 55.025691647 48.712126621 1.606155473 0.499817705 -0.405704811 -0.346740351 0.682170798
10192.083057530 54.993490144 48.713389591 1.588095803 0.497079468 -0.410985181 -0.350596128 0.679032797
10192.116449013 54.965204047 48.714348360 1.575852730 0.496911175 -0.412711840 -0.351290501 0.677748630
10192.149799425 54.924335271 48.711392959 1.556175327 0.500423184 -0.411074647 -0.348695619 0.677499548
10192.183162964 54.881264169 48.709492414 1.538606600 0.506968132 -0.405646692 -0.342579223 0.679023969
10192.216530681 54.851350988 48.706844483 1.526633571 0.512919128 -0.400654225 -0.337012183 0.680303571
10192.249903556 54.808282449 48.703263764 1.509736499 0.521691668 -0.394827002 -0.328891538 0.681013802
10192.283269203 54.762391890 48.698873828 1.494164643 0.530303100 -0.391429966 -0.321268933 0.679961379
10192.316634532 54.729815641 48.694422536 1.483739948 0.536120084 -0.391069603 -0.316613897 0.677787180
10192.349998173 54.683005588 48.689597168 1.468576817 0.543597408 -0.394052899 -0.311425000 0.672486907
10192.383375152 54.649108421 48.685904512 1.458344970 0.548771517 -0.397653288 -0.308161978 0.667651016
10192.416737465 54.606896710 48.680137290 1.444823358 0.555365985 -0.402304261 -0.303793752 0.661384352
10192.450106518 54.563683954 48.673438052 1.430948805 0.562464587 -0.406393964 -0.298827040 0.655118260
10192.483469067 54.519365567 48.665306937 1.415236992 0.569890395 -0.409167219 -0.292975146 0.649594249
10192.516834158 54.490021364 48.659930160 1.404550566 0.574559224 -0.410444933 -0.288954110 0.646469007
10192.550204216 54.445511246 48.650923345 1.386671138 0.581499968 -0.411836116 -0.282691114 0.642132801
10192.583570333 54.402913248 48.639637525 1.368045502 0.587774739 -0.413256958 -0.277035320 0.637958442
10192.616937608 54.372076276 48.633216304 1.354557207 0.591358482 -0.415036962 -0.273586241 0.634972467
10192.650301863 54.328092429 48.622810857 1.335125027 0.595662823 -0.418352128 -0.269644933 0.630443422
10192.683666409 54.280732886 48.614853569 1.314798000 0.598749210 -0.422127023 -0.266499723 0.626327437
10192.717042528 54.249558382 48.610150244 1.301482701 0.600496783 -0.424731522 -0.264425188 0.623767639
10192.750408406 54.210002480 48.606011095 1.285677518 0.602696430 -0.426839069 -0.261317715 0.621513053
10192.783776742 54.170709421 48.602137647 1.272060128 0.604718340 -0.427169167 -0.257310868 0.620993841
10192.817142111 54.128727639 48.598521195 1.260433896 0.606755103 -0.426341422 -0.252217428 0.621665188
10192.850518652 54.083260441 48.597567142 1.250954843 0.608266537 -0.424604333 -0.246163367 0.623800109
10192.883877016 54.049464929 48.596457176 1.247931538 0.608773539 -0.423372830 -0.241182968 0.626083861
10192.917244847 54.004669695 48.598846309 1.248037763 0.608295668 -0.423322513 -0.236806085 0.628249400
10192.950611481 53.958310785 48.604698214 1.254629838 0.606488345 -0.424918998 -0.233532226 0.630141597
10192.983976970 53.913169796 48.612976406 1.266071633 0.603493671 -0.427894569 -0.231477346 0.631759341
10193.017345319 53.883438022 48.620689467 1.276790806 0.600800936 -0.430595698 -0.230903034 0.632700062
10193.050714333 53.837151081 48.633259739 1.293743143 0.595780604 -0.435880247 -0.231575892 0.633582267
10193.084082814 53.794936436 48.648010545 1.312287337 0.589472771 -0.442737037 -0.234147340 0.633782921
10193.117466596 53.761567967 48.659428261 1.324176445 0.584241746 -0.448214588 -0.236466613 0.633915457
10193.150810523 53.715747257 48.676094838 1.342264178 0.576593007 -0.455243924 -0.239053846 0.634938369
10193.184190556 53.672596879 48.691324601 1.361439373 0.570224440 -0.458555702 -0.239022858 0.638309352
10193.217552213 53.640088059 48.702039950 1.374729705 0.567060464 -0.457487007 -0.236844631 0.642691753
10193.250917725 53.602428052 48.714911684 1.393304470 0.564640690 -0.451658411 -0.231631570 0.650793659
10193.284298317 53.554663059 48.728764304 1.415793895 0.563306314 -0.440019015 -0.223354875 0.662707977
10193.317661553 53.524030828 48.738326233 1.429255878 0.562795043 -0.432022126 -0.218262422 0.670059802
10193.351024378 53.477286363 48.750892928 1.446963758 0.562294680 -0.420576205 -0.211756609 0.679778999
10193.384417319 53.431917752 48.764978565 1.465695381 0.561692617 -0.409258077 -0.206242491 0.688820198
10193.417759224 53.401302758 48.774340070 1.478172438 0.561599100 -0.401882109 -0.203177236 0.694129838
10193.451123518 53.355038165 48.787047475 1.497843803 0.561035360 -0.392449029 -0.200487175 0.700733885
10193.484522638 53.312783198 48.800201138 1.517640341 0.559901165 -0.385627240 -0.200202472 0.705493648
10193.517859997 53.282525630 48.808222489 1.531557316 0.558850136 -0.381643051 -0.200957748 0.708273316
10193.551224334 53.241296904 48.817321764 1.550808109 0.557694476 -0.375600335 -0.202303285 0.712021517
10193.584604984 53.200109314 48.826138750 1.569591080 0.557208021 -0.368034872 -0.203255361 0.716070396
10193.617966985 53.171942337 48.830520773 1.580885910 0.557200605 -0.362384185 -0.203682362 0.718831471
10193.651326165 53.135066094 48.836855352 1.593467032 0.556999305 -0.355509764 -0.204835668 0.722085127
10193.684716091 53.106855623 48.843152979 1.598700203 0.555825391 -0.353676906 -0.207636597 0.723089085
10193.718063584 53.073919845 48.850914284 1.599417963 0.553072656 -0.356568776 -0.213651395 0.722026610
10193.751426958 53.040334639 48.857986982 1.593820004 0.547947857 -0.366483136 -0.224118855 0.717784087
10193.784801320 53.017236503 48.864275214 1.583262601 0.542470373 -0.378152581 -0.234668585 0.712500649
10193.818164614 52.983669629 48.872270521 1.569395018 0.535971586 -0.392106214 -0.246194666 0.705957054
10193.851545114 52.950521884 48.877690143 1.550063702 0.530293369 -0.404089657 -0.256471411 0.699802048
10193.884906892 52.918411598 48.879649808 1.528308348 0.527295737 -0.410108410 -0.262317189 0.696390688
10193.918264455 52.896876307 48.882126940 1.511405434 0.526731235 -0.411129918 -0.263918026 0.695610288
10193.951639356 52.858590274 48.882118811 1.488835896 0.527637185 -0.409788805 -0.264306443 0.695567567
10193.985023462 52.818526518 48.881512328 1.464312113 0.529121717 -0.407791935 -0.264297686 0.695616762
10194.018366740 52.791978961 48.879176237 1.447144944 0.530282575 -0.407140550 -0.264790220 0.694926688
10194.051729509 52.751108559 48.875850146 1.422282761 0.531808442 -0.408066486 -0.266555735 0.692538493
10194.085119857 52.713122065 48.872402445 1.398224830 0.532485917 -0.412128173 -0.270433669 0.688095014
10194.118481381 52.686301248 48.868846397 1.382104150 0.532715177 -0.416395132 -0.274169692 0.683857160
10194.151830502 52.647500725 48.862158546 1.360296626 0.533100218 -0.423465848 -0.280498747 0.676610144
10194.185226401 52.616250936 48.849085783 1.346587506 0.534245996 -0.428617164 -0.285605718 0.670296887
10194.218577210 52.583590075 48.841876359 1.330448711 0.535074877 -0.434460167 -0.291521141 0.663290784
10194.251940145 52.548762876 48.832418619 1.315609297 0.536668995 -0.439615673 -0.297332155 0.655986310
10194.285336217 52.513163865 48.819950251 1.303363178 0.539832599 -0.442215452 -0.301321571 0.649793483
10194.318668554 52.488583567 48.807887989 1.297220753 0.543400498 -0.441693884 -0.302219597 0.646750127
10194.352035748 52.450741474 48.788142707 1.290445867 0.550462963 -0.438438417 -0.301504772 0.643317304
10194.385416936 52.413004111 48.765834064 1.286038411 0.558523603 -0.433983963 -0.299676722 0.640236806
10194.418772069 52.385367755 48.746232518 1.283454179 0.564545568 -0.430705014 -0.297885914 0.638001156
10194.452135995 52.346775846 48.719479231 1.281714905 0.573344174 -0.425764685 -0.295286050 0.634670812
10194.485542821 52.306992172 48.691674457 1.281250446 0.582273634 -0.420688517 -0.292310509 0.631294823
10194.518870184 52.282063596 48.675341015 1.282389986 0.588003880 -0.417208668 -0.290263071 0.629234228
10194.552232175 52.242958396 48.650147976 1.283555805 0.597066900 -0.410966984 -0.286054370 0.626729729
10194.585620301 52.207024562 48.624769881 1.285189657 0.606901230 -0.401985966 -0.279374146 0.626121607
10194.618969372 52.182098849 48.606608549 1.286715008 0.614830146 -0.393028880 -0.272608884 0.627053896
10194.652333400 52.147495755 48.581775385 1.288717165 0.627028779 -0.377192916 -0.259950476 0.630068380
10194.685719412 52.116183494 48.560384304 1.291189496 0.640339336 -0.357809715 -0.243625029 0.634495538
10194.719076526 52.096007391 48.544656594 1.292849725 0.649073099 -0.343898946 -0.231106713 0.637986923
10194.752439528 52.071027535 48.523886226 1.297221282 0.660507422 -0.324674018 -0.213357989 0.642491320
10194.785813366 52.042629452 48.504479315 1.298776955 0.669718975 -0.309089459 -0.197172253 0.645804385
10194.819171229 52.022548986 48.492874245 1.299321249 0.675009170 -0.300284848 -0.186945324 0.647489828
10194.852549253 51.991967024 48.476224956 1.300463278 0.681348253 -0.290407309 -0.173903546 0.648988220
10194.885922433 51.961926853 48.462354019 1.301495264 0.686146712 -0.283951530 -0.163176894 0.649574876
10194.919278828 51.934183032 48.451732251 1.301335363 0.689463073 -0.280827285 -0.155293954 0.649353905
10194.952633020 51.893024076 48.439047075 1.300776986 0.692718564 -0.280405986 -0.146813054 0.648042747
10194.986011357 51.852810371 48.429157872 1.300375997 0.694458964 -0.284154230 -0.141733367 0.645673892
10195.019369531 51.819008091 48.422425478 1.302408578 0.694878703 -0.290409944 -0.139906906 0.642831012
10195.052737775 51.766434424 48.414212214 1.300049024 0.694108025 -0.303132839 -0.140629233 0.637611128
10195.086134681 51.711276109 48.408350300 1.296980277 0.691647956 -0.319186907 -0.144518299 0.631551491
10195.119489490 51.672143733 48.404629105 1.294595852 0.689059240 -0.331826130 -0.148689927 0.626881240
10195.152838511 51.611795939 48.402942916 1.290208750 0.683558144 -0.352858034 -0.156908649 0.619369961
10195.186234613 51.553187241 48.405065804 1.285982112 0.675965680 -0.376052892 -0.167716437 0.611167586
10195.219572415 51.511907831 48.407944349 1.283290125 0.669451984 -0.393340176 -0.176489519 0.604953714
10195.252935430 51.452641013 48.415006306 1.279514914 0.658855283 -0.417776206 -0.189124558 0.596325968
10195.286308433 51.398171433 48.425338436 1.276145294 0.648210913 -0.438998761 -0.199862619 0.589200844
10195.319677149 51.361559054 48.432973041 1.273746420 0.640398511 -0.452638858 -0.206602968 0.585083776
10195.353040100 51.311626256 48.448958068 1.269227103 0.629164836 -0.470536989 -0.215319969 0.579986087
10195.386422086 51.263499536 48.467357612 1.264120459 0.618016568 -0.486210275 -0.222614005 0.576279529
10195.419775079 51.231959797 48.479859937 1.261334628 0.611285471 -0.494938948 -0.226267292 0.574603014
10195.453143198 51.185517144 48.499062774 1.257335743 0.601609047 -0.506259198 -0.230751536 0.573168306
10195.486544249 51.140507184 48.518028653 1.253782018 0.592302717 -0.516313378 -0.234867128 0.572219730
10195.519871176 51.108310586 48.531420059 1.250938359 0.585589437 -0.523330423 -0.237946901 0.571481891
10195.553246325 51.063945892 48.550680685 1.247584926 0.575642643 -0.533215495 -0.242984239 0.570329241
10195.586610386 51.030095518 48.568174545 1.244898880 0.566684431 -0.541347793 -0.247882380 0.569531078
10195.619972657 50.989715588 48.585973403 1.242471365 0.557288025 -0.549971037 -0.253102503 0.568243819
10195.653341846 50.943906034 48.606657408 1.240574476 0.546177336 -0.559573585 -0.259896794 0.566587484
10195.686711691 50.909268715 48.622138372 1.240161111 0.537627297 -0.566708846 -0.265642270 0.565006333
10195.720066333 50.864292038 48.642690684 1.239960548 0.526131845 -0.575578372 -0.273523905 0.563098120
10195.753444351 50.818783480 48.663182705 1.241155833 0.514682272 -0.582669042 -0.281557385 0.562427227
10195.786809348 50.777657092 48.680101477 1.244283137 0.505171528 -0.586459333 -0.288447025 0.563618214
10195.820164276 50.730658852 48.699750467 1.249501856 0.494637001 -0.589491256 -0.296867088 0.565423937
10195.853549251 50.701097661 48.711894289 1.254561959 0.488004231 -0.591179434 -0.302657442 0.566354323
10195.886909228 50.672302639 48.722422658 1.260745787 0.481190370 -0.592776786 -0.309655961 0.566731590
10195.920267110 50.632660505 48.738295023 1.270624979 0.471216512 -0.596125046 -0.320601660 0.565512603
10195.953642110 50.596949970 48.750655495 1.280858792 0.461880123 -0.599495238 -0.331689737 0.563253167
10195.987017109 50.572197235 48.757862114 1.288284893 0.455178511 -0.601762848 -0.340656531 0.560934155
10196.020370109 50.538250704 48.765373360 1.298720974 0.446856293 -0.604019026 -0.352833291 0.557664002
10196.053735109 50.503587435 48.770425329 1.309132418 0.440011676 -0.604714875 -0.364406022 0.554903502
10196.087100110 50.466555408 48.772457897 1.319120410 0.434865522 -0.602641212 -0.376134825 0.553387874
10196.120489026 50.441047582 48.772577218 1.325005432 0.432854021 -0.598905797 -0.383842841 0.553727294
10196.153841023 50.404697846 48.769101088 1.333364511 0.431790397 -0.591935458 -0.392598955 0.555909639
10196.187205029 50.367211229 48.764650615 1.340476773 0.431959599 -0.582988342 -0.400946761 0.559264869
10196.220566031 50.328025459 48.758013913 1.345034248 0.432539981 -0.573601920 -0.408977459 0.562696579
10196.253938019 50.300119957 48.751653439 1.346988735 0.432555542 -0.567511292 -0.414440298 0.564859164
10196.287312046 50.261976609 48.743074512 1.348785382 0.432244651 -0.559736421 -0.421537435 0.567596592
10196.320665076 50.215742392 48.732030514 1.348901107 0.432410080 -0.550211851 -0.429338968 0.570925996
10196.354045334 50.185412729 48.722146802 1.348683399 0.433203949 -0.543841038 -0.433730440 0.573104850
10196.387406260 50.151457549 48.713986161 1.349769342 0.434200799 -0.537387636 -0.438275545 0.574977166
10196.420789289 50.094550510 48.694258596 1.352311924 0.436165790 -0.527528468 -0.445992421 0.576683517
10196.454141377 50.064608057 48.682370617 1.353814983 0.437202449 -0.522840243 -0.450135281 0.576949156
10196.487509569 50.032171050 48.668439788 1.355731262 0.439219929 -0.517316560 -0.453953928 0.577403899
10196.520869588 49.979569696 48.644454040 1.359153705 0.446897858 -0.504431976 -0.456085060 0.581220357
10196.554256309 49.949574786 48.627505775 1.360837599 0.454642825 -0.494060013 -0.454361862 0.585457004
10196.587602652 49.904317963 48.599349985 1.363499782 0.469739426 -0.475424743 -0.447900226 0.593886836
10196.620966355 49.869016049 48.578348444 1.365538881 0.482529070 -0.460041134 -0.440900868 0.600944486
10196.654336063 49.824000199 48.545570985 1.365595948 0.501326123 -0.438241593 -0.428905583 0.610455916
10196.687699725 49.776403290 48.509181389 1.363802878 0.522364624 -0.413913160 -0.413090019 0.620618829
10196.721066852 49.726659428 48.469763604 1.361533905 0.543422674 -0.388689529 -0.394597910 0.630796906
10196.754434848 49.694594116 48.441108075 1.358467299 0.558775045 -0.369331102 -0.379399274 0.638295525
10196.787800869 49.652372252 48.398269977 1.352723347 0.580953471 -0.339517488 -0.354867421 0.649068604
10196.821163902 49.614291945 48.354903325 1.345931079 0.602042901 -0.308583353 -0.327799945 0.659445112
10196.854551015 49.589044428 48.324825091 1.341432017 0.615691518 -0.286837640 -0.307686609 0.666316047
10196.887901994 49.558767514 48.283912766 1.334871358 0.632777829 -0.257146734 -0.279078823 0.674968730
10196.921267061 49.531158613 48.245146669 1.329795875 0.647687260 -0.228156144 -0.249261777 0.682872282
10196.954632110 49.514708452 48.219073131 1.326707535 0.656851931 -0.208625777 -0.228210760 0.687706823
10196.988006219 49.491792354 48.182716387 1.322855607 0.667829542 -0.183458097 -0.198744024 0.693431786
10197.021368217 49.470530872 48.149318950 1.321414604 0.676316899 -0.162986387 -0.170851935 0.697739569
10197.054738256 49.455520476 48.128068282 1.321118978 0.680749822 -0.152571694 -0.153510607 0.699811440
10197.088115303 49.432507490 48.098945169 1.320787872 0.685761870 -0.141713084 -0.130871058 0.701798280
10197.121483197 49.405546803 48.070813620 1.319651205 0.689654595 -0.134805535 -0.109848540 0.702949006
10197.154838077 49.383397573 48.051805032 1.318150885 0.691877167 -0.132054279 -0.096019132 0.703312150
10197.188212154 49.348633252 48.026288799 1.315673181 0.694655479 -0.130287515 -0.076686902 0.703276651
10197.221573154 49.312202293 48.002891956 1.313219051 0.697136744 -0.130062600 -0.058432927 0.702616305
10197.254939165 49.284100538 47.986799686 1.311602094 0.698632353 -0.130679578 -0.046125093 0.701931734
10197.288307104 49.240927934 47.964278809 1.309069406 0.700197375 -0.133561158 -0.030262504 0.700691968
10197.321667047 49.193852352 47.941732037 1.306106655 0.701124064 -0.138881022 -0.017474642 0.699165034
10197.355038744 49.155266789 47.924606314 1.303454087 0.701334353 -0.144206450 -0.009399622 0.698030281
10197.388408637 49.097538322 47.900633374 1.299808890 0.701063952 -0.153126531 -0.000125540 0.696463628
10197.421771562 49.037898682 47.876660101 1.296620251 0.700202568 -0.163332167 0.006268061 0.694981783
10197.455141324 48.995301853 47.861939990 1.294108302 0.699358377 -0.171883062 0.008981135 0.693738721
10197.488520069 48.933109137 47.842783582 1.292853336 0.697689836 -0.186417988 0.010279497 0.691644098
10197.521869079 48.871039142 47.826740533 1.293499999 0.695525511 -0.202896152 0.009217498 0.689196962
10197.555235120 48.826531277 47.820165913 1.291020368 0.693782346 -0.215098854 0.007289338 0.687273893
10197.588597238 48.760716719 47.807410156 1.289219466 0.690735386 -0.235632830 0.001887594 0.683636038
10197.621961067 48.712179540 47.805361020 1.285101649 0.687846141 -0.252532501 -0.003664181 0.680500989
10197.655336467 48.644809870 47.804327323 1.278952687 0.683639777 -0.276853635 -0.012628415 0.675151275
10197.688699339 48.574400389 47.805380583 1.272213477 0.678587755 -0.302481685 -0.022385826 0.668971123
10197.722064317 48.503599356 47.807438952 1.265674038 0.673089767 -0.327361850 -0.031368453 0.662420112
10197.755435242 48.450589737 47.811074896 1.259985954 0.668570905 -0.345957916 -0.037899115 0.657183172
10197.788805241 48.378489408 47.819027555 1.250921497 0.661392976 -0.371811402 -0.047417175 0.649667011
10197.822163124 48.308376775 47.830276665 1.240351020 0.653414898 -0.397417823 -0.057191226 0.641745439
10197.855539916 48.255762922 47.842179492 1.231841129 0.646411927 -0.417769638 -0.065179510 0.635115565
10197.888900668 48.184338431 47.859705463 1.219189614 0.635900723 -0.444697611 -0.075750751 0.626207736
10197.922260602 48.114489376 47.881507815 1.205685239 0.623998295 -0.470119702 -0.085381618 0.618323195
10197.955635579 48.070099197 47.895827738 1.196616657 0.615812093 -0.485107367 -0.090740473 0.614176257
10197.989003561 48.002802809 47.920368763 1.183619268 0.602522133 -0.506831913 -0.098605029 0.608576650
10198.022363459 47.942491470 47.948502999 1.171559077 0.587987431 -0.528201305 -0.107090947 0.603163071
10198.055735446 47.902302463 47.969746754 1.163496329 0.576997525 -0.543544762 -0.113688477 0.598922264
10198.089106463 47.847536364 48.003629682 1.152395576 0.559266713 -0.567675486 -0.125016562 0.591046653
10198.122483525 47.804264132 48.037636189 1.142996741 0.541257945 -0.591470965 -0.137159759 0.581712244
10198.155836542 47.773898846 48.065845222 1.136538339 0.526035665 -0.610690068 -0.147446282 0.573239665
10198.189198463 47.729917048 48.100935364 1.127023311 0.504900674 -0.636364618 -0.161657213 0.560341259
10198.222568447 47.693411589 48.136355862 1.119281170 0.482561715 -0.660794221 -0.176226755 0.547201352
10198.255937429 47.670637429 48.160825414 1.115074171 0.466817244 -0.675942958 -0.186140213 0.539012615
10198.289305423 47.637714001 48.193718004 1.109397389 0.444570120 -0.693934185 -0.199188109 0.530223398
10198.322665474 47.611967018 48.222714569 1.106600462 0.424557883 -0.705956581 -0.210403164 0.526408984
10198.356036404 47.595394229 48.241001472 1.105900061 0.411460362 -0.711738905 -0.217949621 0.525952531
10198.389416446 47.570288375 48.263107941 1.106429945 0.393936197 -0.717304996 -0.229119247 0.527059946
10198.422766390 47.554351663 48.279882180 1.110570561 0.377715122 -0.720424781 -0.241506071 0.529144819
10198.456136371 47.546007636 48.290343907 1.115721524 0.365744293 -0.722021660 -0.252133344 0.530419279
10198.489538363 47.531590070 48.298695955 1.124064726 0.349718084 -0.722796286 -0.268526178 0.532124499
10198.522865371 47.514408969 48.299313303 1.130185807 0.338562654 -0.721992803 -0.282011855 0.533451999
10198.556236341 47.502070639 48.296431168 1.141228738 0.327366290 -0.718600621 -0.297782850 0.536441827
10198.589619252 47.483553908 48.285932874 1.153717824 0.318026502 -0.712123372 -0.315057411 0.540812606
10198.622967122 47.458050620 48.263923601 1.166893384 0.312187093 -0.702695409 -0.332487051 0.546086753
10198.656337061 47.447526158 48.247998300 1.178221474 0.310099307 -0.694880013 -0.343622607 0.550366870
10198.689713028 47.423609986 48.228530434 1.193107930 0.308957052 -0.683171283 -0.358662724 0.556042794
10198.723064006 47.408448033 48.204374937 1.211740876 0.310203841 -0.670710466 -0.372784389 0.561206599
10198.756430951 47.388259002 48.193049709 1.222405053 0.312139705 -0.662093133 -0.381472668 0.564517574
10198.789794782 47.364127398 48.165174742 1.237722389 0.318010640 -0.648641194 -0.391509963 0.569959457
10198.823161815 47.331746625 48.135259464 1.251852004 0.327037544 -0.634579490 -0.398446684 0.575843343
10198.856548828 47.310561199 48.111937822 1.261300472 0.334951663 -0.624736465 -0.401101668 0.580197539
10198.889896783 47.281080646 48.082879163 1.271133851 0.346412216 -0.612403642 -0.401814626 0.586093304
10198.923263326 47.234319020 48.040744355 1.281360641 0.364979033 -0.594700124 -0.398291583 0.595387171
10198.956631219 47.206345873 48.014653739 1.287406408 0.377683078 -0.583637303 -0.393588130 0.601507585
10198.990001134 47.160889022 47.976192949 1.293405104 0.397561329 -0.567488259 -0.383529671 0.610579280
10199.023362135 47.117908069 47.937285219 1.297464785 0.417919372 -0.551954383 -0.370691297 0.619094275
10199.056736094 47.088840250 47.909108504 1.299408311 0.432602701 -0.541155826 -0.360187764 0.624715976
10199.090098870 47.046024462 47.870046772 1.300905111 0.453817115 -0.525908884 -0.343036300 0.632294211
10199.123479732 47.005648942 47.830318549 1.300803684 0.475918138 -0.509616535 -0.323220106 0.639782522
10199.156833551 46.979082969 47.800914996 1.299303433 0.491692457 -0.497429386 -0.307927778 0.644967454
10199.190211552 46.937008972 47.761871812 1.296348909 0.514563549 -0.479637675 -0.283389056 0.651814927
10199.223562439 46.902420864 47.720353047 1.291184505 0.535909921 -0.462957180 -0.259221367 0.656715684
10199.256930514 46.878457761 47.691426059 1.286108193 0.549974002 -0.452589251 -0.242601341 0.658662399
10199.290294397 46.847721297 47.649503491 1.277497717 0.568877310 -0.439990357 -0.219657257 0.659194797
10199.323664389 46.818834567 47.606822798 1.268287611 0.586759591 -0.429446346 -0.197410184 0.657509115
10199.357039379 46.798559129 47.576912806 1.260606133 0.598957867 -0.422848467 -0.181934969 0.655246758
10199.390413316 46.771893553 47.531870528 1.248008929 0.616361324 -0.413917500 -0.159231897 0.650704406
10199.423765355 46.748212952 47.486619360 1.234123735 0.632681010 -0.405820639 -0.137244209 0.645126636
10199.457133288 46.730966012 47.454960303 1.223432785 0.643524720 -0.400714355 -0.121982692 0.640643554
10199.490522001 46.704355650 47.410488285 1.207778882 0.657993589 -0.394242910 -0.100535758 0.633647794
10199.523871926 46.674963812 47.367611243 1.190039675 0.671314518 -0.388986694 -0.079443406 0.625871324
10199.557231876 46.656287884 47.340102933 1.176998155 0.679503032 -0.385960348 -0.065768782 0.620471358
10199.590599827 46.634057409 47.300494707 1.159886362 0.690043329 -0.382672064 -0.047793297 0.612468854
10199.623965080 46.609332122 47.263336160 1.143140616 0.698948255 -0.381890241 -0.032548784 0.603797779
10199.657330065 46.589023177 47.240670282 1.132551023 0.704079615 -0.382961532 -0.024100191 0.597521164
10199.690700065 46.564131107 47.204830946 1.119827758 0.711117661 -0.385902646 -0.013574239 0.587542815
10199.724066067 46.538749163 47.175424058 1.106644509 0.717049213 -0.389894670 -0.004880379 0.577753195
10199.757431067 46.523013503 47.157139658 1.098381890 0.720667322 -0.392501995 0.000672780 0.571472084
10199.790800067 46.499934685 47.132434527 1.088461496 0.725373138 -0.394973399 0.009042239 0.563691460
10199.824166072 46.478516279 47.109748862 1.080229579 0.729619031 -0.395640707 0.018391439 0.557482068
10199.857549073 46.463597117 47.092678140 1.075045953 0.732501523 -0.395092048 0.025415717 0.553803063
10199.890896055 46.446050277 47.076593898 1.069629077 0.735680250 -0.393802912 0.035383196 0.549947149
10199.924268055 46.428954213 47.061113996 1.065292364 0.738479453 -0.392700064 0.043484012 0.546391708
10199.957636041 46.414935265 47.048496454 1.062118117 0.740720955 -0.392044045 0.049372003 0.543319739
10199.991004037 46.395029688 47.028277990 1.056616926 0.743545452 -0.391573250 0.055440128 0.539200281
10200.024387032 46.378538222 47.012540830 1.053333878 0.746015479 -0.391169492 0.060787857 0.535492456
10200.057732040 46.355935549 46.987204849 1.047833947 0.749199502 -0.389467099 0.067071272 0.531523216
10200.091104051 46.343020119 46.972383183 1.045730336 0.751037463 -0.387547844 0.071061697 0.529810941
10200.124489048 46.324017736 46.951621396 1.043141409 0.753397676 -0.383757709 0.077748572 0.528277505
10200.157836078 46.307820699 46.930319667 1.043831515 0.755701423 -0.378973237 0.085593319 0.527227112
10200.191210081 46.292717252 46.917227848 1.043186565 0.756789224 -0.375731853 0.090174141 0.527223168
10200.224578081 46.269935853 46.899358109 1.042674853 0.757983653 -0.371800067 0.096280791 0.527214853
10200.257931079 46.245043468 46.882744534 1.042372694 0.758915455 -0.369136145 0.100970824 0.526868799
10200.291304080 46.226241149 46.870936087 1.042296142 0.759467888 -0.367469381 0.104067354 0.526635326
10200.324686080 46.199394627 46.858061482 1.045858631 0.759869606 -0.365537229 0.108579838 0.526489443
10200.358036081 46.168998203 46.843051339 1.047373747 0.760643841 -0.364206008 0.111658742 0.525649367
10200.391403084 46.146225842 46.832961488 1.048612380 0.761196319 -0.364252142 0.112617667 0.524612049
10200.424782081 46.114198414 46.821777097 1.051181328 0.762269435 -0.366131410 0.111729088 0.521928837
10200.458130081 46.081887592 46.810250036 1.053377491 0.763421407 -0.370240754 0.108051609 0.518106542
10200.491495083 46.058855343 46.803426734 1.054688679 0.764082486 -0.374171063 0.104322533 0.515063860
10200.524872083 46.026841829 46.792857646 1.056582866 0.764960777 -0.379466980 0.099038674 0.510912088
10200.558229082 45.993109045 46.778300149 1.058347850 0.765530956 -0.384063113 0.094348136 0.507500058
10200.591592087 45.972337086 46.769851478 1.059904438 0.765736046 -0.386769220 0.091273471 0.505694604
10200.624976106 45.943207773 46.758073347 1.062185871 0.765815645 -0.391016706 0.086249742 0.503183183
10200.658333109 45.914869208 46.747655312 1.065159171 0.765512107 -0.396334932 0.079615275 0.500570918
10200.691695112 45.891945667 46.737963183 1.066300657 0.765147079 -0.400809342 0.073818774 0.498450206
10200.725090112 45.864370857 46.729044581 1.069927316 0.764280251 -0.407003943 0.065690398 0.495891379
10200.758440112 45.836117195 46.719002148 1.073479247 0.763086201 -0.412507526 0.058062410 0.494131305
10200.791818101 45.817809050 46.712389988 1.075967618 0.762141315 -0.415389319 0.053696330 0.493668952
10200.825182104 45.791921569 46.701848272 1.079095904 0.760660610 -0.418674257 0.048053672 0.493759200
10200.858544106 45.766370443 46.690903363 1.081811481 0.758960661 -0.421943331 0.042074962 0.494137873
10200.891899106 45.748623283 46.683323084 1.083546470 0.757608683 -0.424671624 0.037214698 0.494265275
10200.925276103 45.723093191 46.672600639 1.085699719 0.755423257 -0.429723576 0.028796166 0.493805763
10200.958632103 45.698376305 46.663433562 1.087736868 0.752926638 -0.435929237 0.019046351 0.492650398
10200.991994099 45.679207028 46.657229834 1.089335245 0.750717128 -0.441378801 0.010715363 0.491420114
10201.025402100 45.653871576 46.650587898 1.091460113 0.747401645 -0.449106613 -0.000723691 0.489585037
10201.058730091 45.629210838 46.646171306 1.093739484 0.743710965 -0.456557111 -0.011637552 0.488174326
10201.092095076 45.612380910 46.643540636 1.095327358 0.741044306 -0.461206450 -0.018508236 0.487646791
10201.125480061 45.588161129 46.641680632 1.097508071 0.737104900 -0.466818015 -0.026943396 0.487884576
10201.158831079 45.565645774 46.641493837 1.100610356 0.733455111 -0.470878630 -0.033397950 0.489082297
10201.192199079 45.549318836 46.640472628 1.102704133 0.731083801 -0.473033176 -0.037025480 0.490290938
10201.225584051 45.527201094 46.642128141 1.106869679 0.728009377 -0.475101108 -0.040906881 0.492552445
10201.258937931 45.503949961 46.643346780 1.111321646 0.725347789 -0.476525544 -0.044057452 0.494826163
10201.292297935 45.486605373 46.643857188 1.114278949 0.723644301 -0.477722839 -0.046431346 0.495947523
10201.325688947 45.459165332 46.644343823 1.117938751 0.721133894 -0.480751570 -0.051337485 0.496193811
10201.359030935 45.430306101 46.644402012 1.120415801 0.718625618 -0.485087584 -0.057644325 0.494918567
10201.392394926 45.409367513 46.644566554 1.121855369 0.716926593 -0.488184918 -0.062030610 0.493805579
10201.425773973 45.378304886 46.644104633 1.123796406 0.714879717 -0.491307667 -0.066556903 0.493086145
10201.459135978 45.345405363 46.641666616 1.126112779 0.713823397 -0.491023149 -0.066970078 0.494840817
10201.492521973 45.323538071 46.638490639 1.127836717 0.713839792 -0.488317298 -0.064292384 0.497840795
10201.525870969 45.290830507 46.632186099 1.130921519 0.714980821 -0.480364099 -0.055858197 0.504908526
10201.559233863 45.259129714 46.625076328 1.134569314 0.716790986 -0.470193466 -0.045060194 0.512931151
10201.592596876 45.236656669 46.621253314 1.137549652 0.717955555 -0.463899185 -0.038359542 0.517557641
10201.625986874 45.203389960 46.618102884 1.142332552 0.719051156 -0.458573099 -0.032969638 0.521142160
10201.659350858 45.167792675 46.617490897 1.147267037 0.719648536 -0.457465036 -0.032377964 0.521328489
10201.692692872 45.142377358 46.616111927 1.149113570 0.720049273 -0.457833284 -0.033412886 0.520385729
10201.726071869 45.105424192 46.613508265 1.152446123 0.720829924 -0.458310755 -0.035185266 0.518765331
10201.759427870 45.069572134 46.611882078 1.155555172 0.721782262 -0.458258338 -0.036899280 0.517366509
10201.792794805 45.044980998 46.611025036 1.157776808 0.722416252 -0.458167314 -0.038246170 0.516463650
10201.826189778 45.010006202 46.609581336 1.161566273 0.723367058 -0.457960761 -0.040585144 0.515135795
10201.859555485 44.973403570 46.606822840 1.166764641 0.724162446 -0.458166662 -0.043838947 0.513566167
10201.892890375 44.948883831 46.606443066 1.170803951 0.724472379 -0.458589661 -0.046585645 0.512508607
10201.926278408 44.913911208 46.606832446 1.177979123 0.724522080 -0.459530068 -0.050985816 0.511175429
10201.959628001 44.877427354 46.605969524 1.184992058 0.724149106 -0.460517676 -0.055561937 0.510337548
10201.992998605 44.851699313 46.605689790 1.189525842 0.723579335 -0.461139350 -0.058595353 0.510245070
10202.026371174 44.812649930 46.605004657 1.196778504 0.722404080 -0.461882861 -0.062608701 0.510760920
10202.059732046 44.773218895 46.603691178 1.203363730 0.720845811 -0.462406765 -0.066012326 0.512058271
10202.093098965 44.745467297 46.603401203 1.207867813 0.719476674 -0.462737042 -0.068091308 0.513411451
10202.126492688 44.705054122 46.602434393 1.213783542 0.717157698 -0.463377253 -0.070839486 0.515701585
10202.159833432 44.660566716 46.597199346 1.217780370 0.714392945 -0.464395726 -0.073441089 0.518252580
10202.193198114 44.628777289 46.592987879 1.220333290 0.712200760 -0.465289260 -0.075210610 0.520210866
10202.226582057 44.581981063 46.593636159 1.224050517 0.708463231 -0.466814619 -0.077619452 0.523583023
10202.259938975 44.536900557 46.593551982 1.228341843 0.704532799 -0.468876085 -0.080474378 0.526604811
10202.293293725 44.503380810 46.589447678 1.231944080 0.701511645 -0.471135989 -0.083337134 0.528173469
10202.326661985 44.443478354 46.554346217 1.234053864 0.697044349 -0.476255471 -0.089555122 0.528478743
10202.360024760 44.394790689 46.560480525 1.241629038 0.690869431 -0.483268131 -0.096895637 0.528925873
10202.393406465 44.364240615 46.566294582 1.248434639 0.686282582 -0.488986742 -0.102745441 0.528537187
10202.426773427 44.314332639 46.579362710 1.256899872 0.678182814 -0.499363849 -0.112994666 0.527196380
10202.460131258 44.268206766 46.593476945 1.262617149 0.669649741 -0.509796438 -0.123333197 0.525800094
10202.493500117 44.240055855 46.604554068 1.268299990 0.663590945 -0.516555524 -0.130144876 0.525242573
10202.526865981 44.199393293 46.623617588 1.273732913 0.654897134 -0.525553088 -0.138663287 0.525048749
10202.560231944 44.154634595 46.641227576 1.276881004 0.646059960 -0.534168570 -0.146199168 0.525258289
10202.593599810 44.126111452 46.653040979 1.278312756 0.640237488 -0.539721663 -0.150890935 0.525384060
10202.626966631 44.115447123 46.683060810 1.282868419 0.631470586 -0.547581810 -0.158080414 0.525746748
10202.660328386 44.076690188 46.697981602 1.280395508 0.622756311 -0.556160897 -0.165087465 0.524981679
10202.693703978 44.050276798 46.708602809 1.278872547 0.616613962 -0.561765002 -0.169788552 0.524765807
10202.727063600 44.018966494 46.725005203 1.278353571 0.608081110 -0.568241884 -0.175290369 0.525938981
10202.760432588 43.979994199 46.736835579 1.275447088 0.600673239 -0.571303004 -0.177601465 0.530341643
10202.793800219 43.967430195 46.747485784 1.275335815 0.596455797 -0.570648582 -0.177230057 0.535901284
10202.827161755 43.928337969 46.755329499 1.275296170 0.591930522 -0.566927266 -0.173877098 0.545874058
10202.860549710 43.902783990 46.764895208 1.278009793 0.587824915 -0.562170566 -0.170570864 0.556175965
10202.893895734 43.886367419 46.771266433 1.280093543 0.584581723 -0.560101441 -0.169698324 0.561919090
10202.927260684 43.839244205 46.777067222 1.286016235 0.579280897 -0.560025576 -0.170706759 0.567154476
10202.960630648 43.806781519 46.781111770 1.287230901 0.573781415 -0.561869328 -0.174120383 0.569877038
10202.994008660 43.801105574 46.784807891 1.287663563 0.570105448 -0.563076265 -0.177125864 0.571446696
10203.027369684 43.776556547 46.785867608 1.288438473 0.566213120 -0.563788801 -0.180525046 0.573546510
10203.060732702 43.763302277 46.790171828 1.291487667 0.563540359 -0.562835802 -0.183243667 0.576246373
10203.094095526 43.751719339 46.787897268 1.293482126 0.562360269 -0.561970096 -0.185470172 0.577530392
10203.127478431 43.723701808 46.783055796 1.295732576 0.561023891 -0.560852565 -0.188975538 0.578778748
10203.160824397 43.699013689 46.778554745 1.300782773 0.560011958 -0.559533219 -0.192513139 0.579868843
10203.194193392 43.686986437 46.770174907 1.305183391 0.559593803 -0.558262813 -0.194946893 0.580683318
10203.227563390 43.664711103 46.755168241 1.309260796 0.558902942 -0.557488766 -0.199053546 0.580699115
10203.260926383 43.635541245 46.745478172 1.311666282 0.556232097 -0.560015614 -0.205927333 0.578430895
10203.294314400 43.614152805 46.740097787 1.314881284 0.553511999 -0.563086873 -0.211545737 0.576026077
10203.327666391 43.577344674 46.729897164 1.320153600 0.548516980 -0.568846788 -0.220721497 0.571685644
10203.361041385 43.537826790 46.719471877 1.323204272 0.543001725 -0.574678624 -0.229575383 0.567616728
10203.394399385 43.516337191 46.708725346 1.325387572 0.539259162 -0.577944335 -0.235006439 0.565642887
10203.427756409 43.479420691 46.698859089 1.328445494 0.533534050 -0.581919451 -0.242318031 0.563908807
10203.461122409 43.442869806 46.684976451 1.330112872 0.528506701 -0.584302525 -0.248008967 0.563704513
10203.494506409 43.416889438 46.676818769 1.333096592 0.524646648 -0.585770629 -0.251713568 0.564144436
10203.527862408 43.383433917 46.666036897 1.337126243 0.519380544 -0.587904202 -0.256634541 0.564580563
10203.561220406 43.350834080 46.656814278 1.342069577 0.513604707 -0.590824370 -0.261579985 0.564546438
10203.594599410 43.329156306 46.651597876 1.345723004 0.509318318 -0.593022158 -0.264881067 0.564586213
10203.627959428 43.301274835 46.643960582 1.350395894 0.503965783 -0.594812103 -0.268111885 0.565979743
10203.661329393 43.272555099 46.633921866 1.355403365 0.500744007 -0.592796772 -0.268808960 0.570604214
10203.694693389 43.252645883 46.625299691 1.358254637 0.500175694 -0.588887629 -0.267506061 0.575739648
10203.728054403 43.227208365 46.611525635 1.361570413 0.501093980 -0.580666591 -0.263616374 0.585010718
10203.761417297 43.203277234 46.594184492 1.365388018 0.503500288 -0.570412247 -0.258789180 0.595101243
10203.794817251 43.186098326 46.580754392 1.368297399 0.505556169 -0.563244005 -0.255569998 0.601542290
10203.828156250 43.161289561 46.556652296 1.371485679 0.509418596 -0.553193995 -0.251065852 0.609454704
10203.861549257 43.136301580 46.531715211 1.374063093 0.514189321 -0.543540438 -0.246916827 0.615796407
10203.894904267 43.118153019 46.512317334 1.375937181 0.518476777 -0.536152998 -0.243538938 0.620008532
10203.928266264 43.095882005 46.478236101 1.380001189 0.527014896 -0.522664846 -0.236186610 0.627130484
10203.961626248 43.075194264 46.440723764 1.383492517 0.537839951 -0.506358755 -0.225786327 0.635098050
10203.994994235 43.063574788 46.413015772 1.386358110 0.546268466 -0.493515462 -0.217158766 0.640995572
10204.028354232 43.048981467 46.370771734 1.391834246 0.559554957 -0.472279888 -0.202684445 0.650206869
10204.061723266 43.038199865 46.328011688 1.396887944 0.573712660 -0.448933691 -0.185792868 0.659388607
10204.095090260 43.034413692 46.297390425 1.400061418 0.584041003 -0.431405100 -0.172492285 0.665606610
10204.128466263 43.030649836 46.253324416 1.403641397 0.598982713 -0.405465896 -0.151939797 0.673595884
10204.161820258 43.029049457 46.208791409 1.406250089 0.614565617 -0.377679408 -0.128588171 0.680538353
10204.195196248 43.035839187 46.165701880 1.408740732 0.629825477 -0.348945899 -0.103413168 0.686194102
10204.228563245 43.048209481 46.134916577 1.410412416 0.640159384 -0.328311116 -0.085312550 0.689296412
10204.261927243 43.062131496 46.094586948 1.411329881 0.654421621 -0.300899177 -0.059142038 0.691154286
10204.295293243 43.079260416 46.056642037 1.411613498 0.667767571 -0.275746691 -0.033777429 0.690586214
10204.328657282 43.092709500 46.031271306 1.411210169 0.676659176 -0.259068002 -0.016422079 0.689018465
10204.362021288 43.116034485 45.995996815 1.410475051 0.688948364 -0.234745994 0.009434650 0.685678830
10204.395390289 43.141589125 45.962478126 1.408888005 0.700044986 -0.209555067 0.036190955 0.681699279
10204.428754285 43.161757080 45.939973840 1.406988236 0.707061562 -0.190806491 0.056054798 0.678612327
10204.462124265 43.193839467 45.910061704 1.403401557 0.715848144 -0.163026070 0.085276563 0.673581355
10204.495496294 43.233988668 45.884674816 1.401115128 0.723210467 -0.135127598 0.114223330 0.667577848
10204.528859295 43.258779490 45.868295858 1.397833847 0.727519074 -0.118339096 0.131781480 0.662831424
10204.562238302 43.297657901 45.846222578 1.392422104 0.733616214 -0.096096757 0.154852468 0.654670434
10204.595590224 43.336088428 45.828071460 1.387637575 0.739271618 -0.078594249 0.172625474 0.646143068
10204.628954233 43.364096679 45.816655367 1.385549717 0.743075717 -0.067300796 0.183457151 0.640041057
10204.662324219 43.403858034 45.802136870 1.380634333 0.747737112 -0.050655849 0.198846049 0.631493029
10204.695689212 43.450293363 45.792389337 1.376532573 0.750804154 -0.030769720 0.216320409 0.623339256
10204.729056162 43.481069307 45.786898148 1.372580010 0.751697105 -0.015001431 0.230133346 0.617871396
10204.762421139 43.527471590 45.781161363 1.369053215 0.751059255 0.011145360 0.252590459 0.609904777
10204.795797996 43.580915057 45.785659846 1.364681240 0.747794997 0.040398742 0.277117333 0.601977216
10204.829156998 43.617084003 45.787246856 1.363106809 0.744684653 0.061804076 0.294756935 0.595603368
10204.862532953 43.672259645 45.794073746 1.361594743 0.739222799 0.092804377 0.319202596 0.585701889
10204.895888926 43.729216332 45.801661137 1.358451177 0.733199639 0.124185158 0.342458662 0.574211111
10204.929256927 43.770032710 45.811247779 1.356204502 0.729109551 0.144795414 0.356526650 0.565970228
10204.962617929 43.828936845 45.824440162 1.352232722 0.723757006 0.172911461 0.374040406 0.553508083
10204.995994816 43.889352431 45.842180022 1.347020609 0.718481539 0.200015512 0.389213727 0.540639203
10205.029364799 43.934236645 45.859278299 1.345277842 0.714540466 0.218868007 0.398995655 0.531348459
10205.062722704 43.996128491 45.877308327 1.338413548 0.708374602 0.246873635 0.413069573 0.516364561
10205.096091458 44.056664340 45.897727404 1.332159887 0.701248382 0.274489180 0.426818786 0.500731585
10205.129476447 44.099763733 45.913339279 1.329136316 0.695257347 0.294339088 0.437019668 0.488871693
10205.162820462 44.160369854 45.938221020 1.324072910 0.684208019 0.324119704 0.453454703 0.470302708
10205.196193180 44.221322417 45.968041289 1.321366472 0.670125862 0.355237817 0.471679173 0.449729008
10205.229556184 44.262059889 45.987713653 1.319929520 0.659534781 0.376230413 0.484202125 0.434756082
10205.262920191 44.319092857 46.018947273 1.318530952 0.644375559 0.404586694 0.500706283 0.412774714
10205.296290139 44.369268169 46.051116936 1.316770966 0.630290046 0.429433226 0.514321447 0.392167071
10205.329663116 44.404590782 46.075986654 1.315186996 0.620511540 0.446451610 0.522877926 0.377153900
10205.363026797 44.450636073 46.109415981 1.311405567 0.608875398 0.467540961 0.531880577 0.357462237
10205.396390665 44.496332233 46.141617833 1.308249058 0.598805889 0.486643057 0.538344830 0.338813941
10205.429764567 44.527222948 46.164407436 1.304297066 0.592004771 0.499432194 0.542048749 0.326007651
10205.463127491 44.570657688 46.199734500 1.295935087 0.581422979 0.517982098 0.547260561 0.306835043
10205.496488416 44.612327775 46.235281148 1.285963051 0.569640110 0.536402929 0.552607563 0.287066062
10205.529852272 44.641436949 46.262275259 1.279041420 0.561112980 0.549066929 0.556013812 0.272995187
10205.563219213 44.689136568 46.294403817 1.269032071 0.550160495 0.566066054 0.559186653 0.253382990
10205.596589121 44.737702634 46.330159249 1.257086959 0.542185854 0.581149136 0.559092992 0.236040692
10205.629962041 44.765093984 46.352597582 1.244772818 0.539033978 0.589553828 0.557134213 0.226870279
10205.663318999 44.809742298 46.392229376 1.229852897 0.537967195 0.599981164 0.550866400 0.217163786
10205.696688909 44.858665616 46.425685107 1.216484037 0.540232857 0.607922470 0.542233452 0.211096220
10205.730061732 44.891724005 46.449447000 1.207753954 0.542171444 0.612961595 0.535804410 0.207946729
10205.763419429 44.938406269 46.480823048 1.197087260 0.544889534 0.619596973 0.526854893 0.204007131
10205.796788346 44.998251137 46.509032774 1.193719053 0.546920613 0.626237240 0.518447945 0.199791118
10205.830150076 45.031939286 46.530152553 1.190453411 0.547889980 0.630358931 0.513347220 0.197329218
10205.863523980 45.078830253 46.572566731 1.189054301 0.549248964 0.635382485 0.506656007 0.194716114
10205.896887938 45.124512996 46.597937077 1.186373823 0.551205478 0.638966158 0.500837960 0.192499630
10205.930258725 45.157173170 46.608656310 1.185153141 0.552496470 0.640882323 0.497592868 0.190837198
10205.963617449 45.205545854 46.625026568 1.185661118 0.553000400 0.643294414 0.495367701 0.187012556
10205.996993424 45.250742178 46.643614444 1.185825549 0.550803689 0.646027436 0.496799753 0.180149531
10206.030363300 45.279935883 46.656378487 1.186956942 0.547728779 0.648181691 0.499636192 0.173831402
10206.063717846 45.320610429 46.670817650 1.187487849 0.543100540 0.650691832 0.504566611 0.164482455
10206.097086034 45.363872098 46.682185228 1.189721273 0.539510524 0.652216650 0.508991034 0.156428780
10206.130469783 45.392527572 46.687395681 1.190359872 0.538034810 0.652506063 0.511470260 0.152159634
10206.163814916 45.432002528 46.692710841 1.192493569 0.536880569 0.652149484 0.514528345 0.147380074
10206.197186571 45.445148220 46.686257213 1.195515214 0.536014800 0.651119194 0.517717449 0.143876934
10206.230556276 45.466846812 46.690364480 1.194773966 0.534971411 0.650490446 0.520241468 0.141479980
10206.263920161 45.496093281 46.691709835 1.191216878 0.533048312 0.649488818 0.524329477 0.138211330
10206.297277063 45.529929571 46.700533370 1.195408137 0.528853101 0.649487149 0.529674525 0.133887033
10206.330647625 45.552527473 46.705051407 1.202348588 0.525254358 0.649733412 0.533737504 0.130685229
10206.364024253 45.576829918 46.706317115 1.207064610 0.520611506 0.649576560 0.539273616 0.127271048
10206.397375871 45.623864073 46.719822204 1.205849783 0.517541208 0.649959878 0.542040537 0.126076612
10206.430745951 45.651582660 46.725794410 1.209174325 0.517282690 0.649482909 0.542499103 0.127613840
10206.464124031 45.688109469 46.732907145 1.212053055 0.517908414 0.648762910 0.541951178 0.131020926
10206.497509798 45.729704066 46.744380081 1.215759139 0.517332742 0.648860323 0.541684984 0.133882385
10206.530860720 45.754368342 46.752229227 1.217037496 0.515316962 0.649689683 0.542516927 0.134265142
10206.564217683 45.795256838 46.767245840 1.215124619 0.509669305 0.652220851 0.545317556 0.132188972
10206.597580573 45.832185105 46.780132226 1.215456212 0.503789974 0.654971043 0.548055381 0.129784029
10206.630945306 45.858085613 46.788922516 1.215915306 0.500058290 0.656920166 0.549433342 0.128532505
10206.664329282 45.895207075 46.800241592 1.214390321 0.497020319 0.658877760 0.549951734 0.128078060
10206.697680224 45.940142352 46.814143532 1.214056195 0.494525555 0.661285196 0.548956275 0.129589250
10206.731044138 45.967849451 46.822718502 1.213270369 0.493839289 0.662532543 0.547650472 0.131348193
10206.764419069 46.009764032 46.836477226 1.212665281 0.492849895 0.664270715 0.545879158 0.133638852
10206.797779064 46.051211686 46.850961019 1.214007295 0.490732826 0.666732946 0.544597984 0.134393109
10206.831143982 46.079155487 46.860135998 1.213109800 0.489110741 0.668485302 0.543837103 0.134682184
10206.864582966 46.122143805 46.873881198 1.216865005 0.487827858 0.670743893 0.541984054 0.135572478
10206.897880959 46.163622146 46.885279659 1.216449435 0.487970082 0.672569549 0.539177861 0.137195611
10206.931243657 46.192262326 46.892378925 1.215062878 0.489103224 0.673481477 0.536516012 0.139108968
10206.964629829 46.233178492 46.902040360 1.215377658 0.491486174 0.674531224 0.532220412 0.142092933
10206.997982112 46.274981144 46.910414573 1.212450531 0.493626824 0.675460454 0.528249273 0.145046337
10207.031347149 46.303457408 46.915793996 1.209880945 0.494632664 0.676219796 0.525980149 0.146322238
10207.064725487 46.334026344 46.921018182 1.206042292 0.495007138 0.676828672 0.524716848 0.146775720
10207.098081015 46.378830619 46.928030348 1.198878599 0.492284326 0.679483937 0.524631063 0.143944330
10207.131464167 46.406946841 46.934476643 1.196665804 0.488748824 0.681826617 0.525913003 0.140187604
10207.164839262 46.439053343 46.942009217 1.191993149 0.482030009 0.685629466 0.529123127 0.132619840
10207.198180554 46.460711211 46.947535710 1.184966649 0.474522227 0.689496659 0.533054162 0.123597228
10207.231544618 46.487650584 46.955812379 1.184097636 0.469109264 0.692254609 0.535656204 0.117441411
10207.264927423 46.546407659 46.976116377 1.182929364 0.460146190 0.696923488 0.539510360 0.107199379
10207.298282431 46.580754476 46.987044211 1.182173236 0.452767054 0.700505450 0.542659423 0.099069972
10207.331642528 46.610335925 46.997161252 1.181489345 0.448639242 0.702640934 0.544076355 0.094865532
10207.365035613 46.648808671 47.010651616 1.181449377 0.444932307 0.704779722 0.544917790 0.091571762
10207.398384324 46.670530245 47.019755418 1.183228551 0.442262596 0.706413488 0.545187645 0.090300671
10207.431747071 46.695078163 47.028216732 1.184275766 0.440899560 0.707122930 0.545457910 0.089779775
10207.465144032 46.720615879 47.038918296 1.187434280 0.438319709 0.707999138 0.546499521 0.089170211
10207.498485893 46.740339168 47.047200429 1.191194091 0.436588148 0.707947725 0.547850927 0.089778446
10207.531842796 46.749990725 47.050183944 1.194392997 0.435964997 0.707221513 0.549098631 0.090900746
10207.565232904 46.787170045 47.061680350 1.199225800 0.436229273 0.704975590 0.551341930 0.093463973
10207.598577268 46.816217364 47.069175469 1.202538264 0.436342409 0.702158407 0.554453827 0.095706988
10207.631950406 46.846807900 47.078796252 1.207435885 0.435471833 0.699240809 0.558555793 0.097169957
10207.665336643 46.885291678 47.092497809 1.212125334 0.432646658 0.695546171 0.565221666 0.097759204
10207.698684874 46.926089913 47.106703874 1.215200676 0.429192803 0.691343630 0.572868226 0.098282854
10207.732050112 46.957784120 47.117610115 1.216390610 0.426952846 0.687877555 0.578476626 0.099501407
10207.765491373 46.996999365 47.132616329 1.217924523 0.423890406 0.682539993 0.586680259 0.101303285
10207.798785409 47.041736457 47.149443061 1.218898119 0.419970457 0.676585317 0.596056152 0.102830869
10207.832146495 47.072129735 47.160860677 1.220172587 0.416614110 0.672504650 0.602869976 0.103527632
10207.865563451 47.111227842 47.174830215 1.224650051 0.411520357 0.666677619 0.612597566 0.104480478
10207.898883608 47.147860952 47.183531041 1.231854492 0.408944342 0.659966088 0.620939363 0.107905491
10207.932243504 47.174389530 47.188286541 1.238056303 0.409692028 0.654648549 0.625272853 0.112345801
10207.965625538 47.213213466 47.192765095 1.247828785 0.413989954 0.645855886 0.629917409 0.121188081
10207.998981659 47.252443241 47.196388924 1.257675986 0.420441578 0.636794017 0.632845158 0.131260294
10208.032351233 47.281878697 47.198435428 1.263973854 0.425568572 0.630163032 0.634460632 0.138728690
10208.065740000 47.325813904 47.203838019 1.272598549 0.431979109 0.621140969 0.636806089 0.148512460
10208.099082059 47.373483684 47.212994570 1.281615048 0.437263448 0.612969627 0.639045314 0.157130520
10208.132451686 47.406529637 47.219093418 1.287006268 0.440134477 0.607588231 0.640942681 0.162205620
10208.165823184 47.455921045 47.227674529 1.293611552 0.442029354 0.600799007 0.644569271 0.167872147
10208.199183080 47.504356024 47.242114069 1.299418301 0.440843072 0.596763731 0.648421579 0.170528266
10208.232544938 47.539030121 47.252031851 1.303196349 0.438739984 0.593944259 0.652051475 0.171948593
10208.265922793 47.587477086 47.266656500 1.307729978 0.435768828 0.590856984 0.656387566 0.173634436
10208.299281375 47.626470868 47.280265328 1.311940829 0.433423491 0.588249351 0.659691644 0.175822960
10208.332643508 47.663813878 47.296538271 1.315985347 0.432058146 0.585915167 0.661828677 0.178918916
10208.366034076 47.706015782 47.315376372 1.321468596 0.432171119 0.582879001 0.663094879 0.183807987
10208.399382806 47.741007895 47.336060058 1.326295958 0.432670350 0.580638121 0.663456417 0.188364866
10208.432745484 47.790441045 47.364766779 1.335305964 0.432966277 0.578023920 0.663716565 0.194702011
10208.466124379 47.816805289 47.381520232 1.341153353 0.432327576 0.577057007 0.664052465 0.197819112
10208.499480238 47.844414265 47.400479729 1.346652287 0.431078297 0.576657960 0.664382322 0.200582226
10208.532849883 47.903025650 47.438413455 1.354146926 0.429145549 0.576489576 0.664545531 0.204629184
10208.566222720 47.928395687 47.457402216 1.357536795 0.428896721 0.576195914 0.664160267 0.207212479
10208.599581633 47.963115470 47.477993366 1.360714659 0.429085528 0.575750746 0.663595578 0.209851368
10208.632964356 48.020194731 47.507505944 1.363549269 0.429775776 0.575293818 0.662593990 0.212835641
10208.666350483 48.058409161 47.536651490 1.364368864 0.429901991 0.575249235 0.661995846 0.214555575
10208.699679386 48.099628931 47.564863197 1.364770299 0.429758271 0.575315515 0.661701040 0.215572772
10208.733047335 48.157594439 47.598792827 1.363392370 0.430294692 0.575022861 0.661184324 0.216865113
10208.766428366 48.187763305 47.618743570 1.361834422 0.431647458 0.574559865 0.660317889 0.218040635
10208.799782335 48.233999683 47.644630153 1.359168035 0.435331543 0.572580929 0.658685147 0.220842489
10208.833152132 48.283176077 47.665731161 1.356859928 0.440333306 0.569272071 0.657096654 0.224187145
10208.866545359 48.309764098 47.680594336 1.354954943 0.443341494 0.566895527 0.656355422 0.226440591
10208.899880051 48.345762637 47.696700380 1.354052217 0.446753119 0.563853792 0.655778655 0.228986698
10208.933248241 48.386780074 47.717164041 1.352473930 0.452169492 0.559029746 0.654612155 0.233476808
10208.966625113 48.425651676 47.736311616 1.351188697 0.460105571 0.553068827 0.651847791 0.239816999
10208.999981141 48.468347943 47.754923067 1.351304042 0.471224297 0.545513618 0.646889411 0.248790363
10209.033356414 48.509384342 47.773038701 1.351677572 0.484420099 0.536959922 0.639988916 0.259664009
10209.066717645 48.537829174 47.784739384 1.352797500 0.493071978 0.531327189 0.635004978 0.267095716
10209.100085349 48.577477203 47.801965892 1.355266451 0.502528563 0.524830964 0.629205066 0.275895789
10209.133488784 48.615296731 47.823405610 1.357684745 0.506429024 0.521667930 0.626530222 0.280806153
10209.166832439 48.656195129 47.845745099 1.359988240 0.507110737 0.519807156 0.625814573 0.284596804
10209.200188164 48.695600660 47.870710760 1.361436562 0.503587547 0.520247158 0.627737883 0.285810474
10209.233556964 48.742722896 47.900910345 1.361092359 0.495864134 0.522512028 0.632214410 0.285315406
10209.266931226 48.771367370 47.919632951 1.359774371 0.490166593 0.524451231 0.635300869 0.284746243
10209.300296560 48.801890920 47.935192040 1.358357251 0.485229126 0.525726254 0.638006698 0.284801782
10209.333654778 48.842465060 47.959635185 1.353571605 0.480928429 0.526193316 0.639934869 0.286900337
10209.367017719 48.882208862 47.980630067 1.347866895 0.481092853 0.523970417 0.639373267 0.291901516
10209.400380294 48.924813025 48.001596338 1.341389706 0.484421792 0.519456119 0.637086082 0.299369657
10209.433756632 48.955807883 48.019127084 1.338616289 0.487703814 0.515283478 0.634973598 0.305673777
10209.467127675 48.994619467 48.036110522 1.335422231 0.492818007 0.509393402 0.631866077 0.313678234
10209.500510921 49.030578008 48.051901870 1.333586200 0.497427134 0.504031667 0.629058546 0.320630116
10209.533874197 49.075096144 48.071716204 1.333946593 0.501966222 0.498333005 0.626304540 0.327775458
10209.567224924 49.106458610 48.088478630 1.334721857 0.504006188 0.495586240 0.624940345 0.331393432
10209.600584686 49.150482864 48.109045722 1.337647099 0.505815909 0.492750766 0.623496296 0.335558218
10209.633951462 49.185086499 48.123941030 1.340389456 0.506675831 0.491220749 0.622740347 0.337899746
10209.667317591 49.226922476 48.139498096 1.343722315 0.507136943 0.489993587 0.622251752 0.339884044
10209.700680582 49.272763425 48.154385093 1.346568981 0.506888904 0.489379468 0.622259930 0.341121614
10209.734074062 49.321477579 48.170806919 1.347399209 0.506119235 0.488916836 0.622974789 0.341622685
10209.767427964 49.352903665 48.180583528 1.347068763 0.504982358 0.488887469 0.624009733 0.341458216
10209.800780155 49.393643646 48.192189758 1.345402251 0.502084816 0.489315444 0.626573083 0.340422393
10209.834164223 49.434454735 48.203448996 1.342550130 0.496898483 0.490700758 0.630748429 0.338320975
10209.867541295 49.478792069 48.217000107 1.338737582 0.489872238 0.492790534 0.636245033 0.335223713
10209.900880351 49.524616458 48.232045926 1.334367726 0.483617753 0.494583697 0.640963083 0.332666743
10209.934254488 49.568247705 48.243072863 1.331888431 0.480726386 0.494442016 0.643325791 0.332507386
10209.967619582 49.614513957 48.253806376 1.331119320 0.485058545 0.490453112 0.641030537 0.336532025
10210.000981736 49.665876934 48.262260885 1.330331951 0.499086672 0.480711764 0.632365670 0.346326946
10210.034358622 49.721399530 48.271165883 1.328805056 0.518796322 0.467106623 0.619389708 0.359190992
10210.067725516 49.755360454 48.272427322 1.328400045 0.532745218 0.457088075 0.609870928 0.367845723
10210.101078484 49.804292467 48.274317293 1.327551846 0.548601444 0.445345850 0.598660526 0.377238789
10210.134470479 49.854338085 48.277588773 1.328894806 0.556653918 0.439111891 0.593103450 0.381504206
10210.167816921 49.893809756 48.282967502 1.328951510 0.557132259 0.438712865 0.593115634 0.381246000
10210.201182348 49.946264701 48.288677973 1.329443528 0.551496629 0.442810740 0.598028788 0.377003562
10210.234552192 50.000555876 48.297370128 1.328296336 0.541968150 0.449608709 0.605606494 0.370625563
10210.267913204 50.038427788 48.302417796 1.326670133 0.535486373 0.454217453 0.610545497 0.366299120
10210.301280089 50.096320977 48.308485311 1.321714979 0.529900114 0.458313446 0.614592205 0.362534241
10210.334653061 50.153754254 48.312805891 1.315735723 0.530076383 0.458593022 0.614272349 0.362465102
10210.368028578 50.192996811 48.314276030 1.311598226 0.532706917 0.457137736 0.612133916 0.364061120
10210.401380844 50.250237142 48.315029702 1.306299565 0.538308502 0.453565760 0.607683860 0.367725964
10210.434748076 50.307383843 48.315153524 1.302489672 0.543690568 0.449947216 0.603248580 0.371536297
10210.468116107 50.343945861 48.315489610 1.301808705 0.546194922 0.448280897 0.601056581 0.373425133
10210.501490319 50.399856072 48.316716623 1.303086438 0.547894574 0.447282528 0.599253213 0.375027282
10210.534852400 50.452007270 48.317668856 1.305917859 0.547742645 0.447856209 0.598792977 0.375299589
10210.568216443 50.488905565 48.319912548 1.307922592 0.547424554 0.448683790 0.598506346 0.375232419
10210.601581520 50.542037366 48.329350028 1.309386706 0.547624966 0.449697382 0.597526024 0.375288970
10210.634954640 50.607954815 48.335264467 1.312106988 0.549210253 0.450546342 0.594573395 0.376641168
10210.668320683 50.645079841 48.338273786 1.313579817 0.550493429 0.451068903 0.592309584 0.377707806
10210.701680840 50.701600686 48.342073438 1.315154164 0.552315653 0.452268682 0.588613167 0.379387662
10210.735053612 50.744472513 48.346587949 1.314757443 0.553359088 0.453547265 0.585944272 0.380470641
10210.768417539 50.800926978 48.351633152 1.312557867 0.554455848 0.455556772 0.582600411 0.381606474
10210.801783443 50.859846698 48.355399183 1.307222454 0.554730635 0.458312689 0.579832321 0.382122862
10210.835150335 50.907386879 48.360550200 1.301629437 0.554204423 0.461000374 0.578362650 0.381880555
10210.868533213 50.960654703 48.366107533 1.293997555 0.553194561 0.464293760 0.577280262 0.380991578
10210.901881166 51.009637302 48.372478430 1.286719953 0.552057496 0.467420980 0.576639790 0.379785073
10210.935256995 51.072331730 48.379721279 1.279559565 0.551426754 0.471022049 0.575268698 0.378328811
10210.968617515 51.115431937 48.384956605 1.276297960 0.552177374 0.472647654 0.573514751 0.377869253
10211.001986544 51.173478351 48.391161045 1.272932728 0.555020304 0.473445937 0.569828882 0.378280917
10211.035353547 51.222640284 48.392698509 1.271639470 0.559084647 0.472505468 0.565748561 0.379593870
10211.068714783 51.271602528 48.392846078 1.268022232 0.564259132 0.470580559 0.560880637 0.381547482
10211.102086292 51.328358868 48.391518519 1.264254802 0.568655223 0.469294752 0.556719293 0.382697403
10211.135467178 51.381758215 48.391877517 1.260818746 0.569083795 0.470958470 0.555963576 0.381111867
10211.168816251 51.419031415 48.393340721 1.259027636 0.566858244 0.474081173 0.557623614 0.378119925
10211.202183236 51.476121910 48.395940661 1.257459236 0.560846751 0.480794423 0.562213221 0.371757902
10211.235557481 51.534332659 48.399907466 1.256651769 0.553795007 0.488199155 0.567367391 0.364783386
10211.268922796 51.575854064 48.402556497 1.255307518 0.549163006 0.493118978 0.570550373 0.360174871
10211.302287728 51.633273350 48.405328045 1.253885034 0.544116884 0.498714235 0.573766860 0.354982420
10211.335649847 51.676611283 48.406514240 1.253098922 0.541428507 0.501842319 0.575367446 0.352082037
10211.369020831 51.732632333 48.407679802 1.252285417 0.537898201 0.505588769 0.577454333 0.348700468
10211.402379848 51.776248779 48.409065143 1.251837173 0.534690348 0.508541198 0.579626907 0.345723487
10211.435754680 51.835322587 48.409996861 1.251680710 0.529517910 0.512487987 0.583169650 0.341877179
10211.469120831 51.883306309 48.410298495 1.251164813 0.525227386 0.515400487 0.586295582 0.338756583
10211.502488700 51.931241828 48.411303260 1.251052831 0.519910860 0.519093411 0.589919074 0.335007781
10211.535857595 51.978840130 48.417327424 1.252235831 0.513794416 0.523481342 0.593818480 0.330699554
10211.569223937 52.011247035 48.424124792 1.253155905 0.509244887 0.527015299 0.596429715 0.327408177
10211.602585707 52.054848939 48.434597363 1.256773104 0.502467263 0.532538296 0.599970925 0.322435269
10211.635952329 52.095465281 48.446673703 1.260474776 0.496181145 0.537896980 0.602776416 0.318012111
10211.669328849 52.127852483 48.458295826 1.264530493 0.490238855 0.542946110 0.605027844 0.314351229
10211.702691034 52.166912546 48.474258435 1.270732458 0.481690624 0.550155245 0.608076948 0.309104796
10211.736056251 52.210969096 48.493296190 1.276567531 0.472114530 0.558120607 0.611127888 0.303532475
10211.769420135 52.245631276 48.507071385 1.279387865 0.465591161 0.563496884 0.613018847 0.299840000
10211.802781907 52.290099811 48.523968508 1.283011092 0.457065462 0.570260914 0.615245878 0.295577678
10211.836159549 52.335060776 48.538515579 1.284574730 0.450911479 0.575203263 0.616185888 0.293487643
10211.869544752 52.363662049 48.546579090 1.284807471 0.448521377 0.577279001 0.615935857 0.293599300
10211.902882641 52.409082905 48.554865885 1.283622381 0.448826416 0.577610024 0.614055451 0.296407509
10211.936254141 52.439672249 48.556046537 1.282922401 0.451698364 0.575896897 0.611766171 0.300089160
10211.969619577 52.488127200 48.554810776 1.281377851 0.458660384 0.571194214 0.607597196 0.306909545
10212.002985270 52.540111604 48.547837380 1.281246072 0.468136313 0.564156759 0.602938198 0.314707917
10212.036358421 52.587194777 48.535160725 1.281855360 0.478393387 0.555804764 0.598683871 0.322177675
10212.069732259 52.621901199 48.525312576 1.283054487 0.485500234 0.549566639 0.596085431 0.327029343
10212.103098096 52.673152302 48.508578805 1.285580387 0.495612944 0.540009682 0.592968083 0.333385971
10212.136473586 52.721242138 48.490513960 1.288543491 0.504011889 0.531039661 0.591258861 0.338203864
10212.169820770 52.750870284 48.475300900 1.290447185 0.509292259 0.524930327 0.590694042 0.340808003
10212.203186327 52.798173722 48.455908946 1.292960160 0.516191811 0.516384243 0.590285882 0.344174238
10212.236562150 52.837963338 48.436760608 1.294089629 0.522336493 0.508356477 0.590193618 0.347001116
10212.269919279 52.866521278 48.419110214 1.293704209 0.527572157 0.501220564 0.590199591 0.349442423
10212.303290832 52.915251012 48.398105175 1.291207976 0.534739507 0.491323225 0.589734426 0.353367310
10212.336660889 52.961768690 48.376523100 1.287665958 0.541774652 0.481071029 0.589092678 0.357799815
10212.370031989 52.991919299 48.359710709 1.284982526 0.546350743 0.473784848 0.588851423 0.360947066
10212.403389496 53.042456761 48.339274907 1.281762040 0.551164937 0.464096771 0.589767876 0.364698850
10212.436755552 53.074891475 48.324554917 1.280451493 0.552471931 0.458095554 0.591982883 0.366714459
10212.470127938 53.118874383 48.306547970 1.282039410 0.551390188 0.451927189 0.596684705 0.368372148
10212.503499487 53.165296065 48.290579680 1.286951428 0.547225831 0.447276519 0.603106672 0.369797171
10212.536861600 53.210118873 48.276645514 1.294147851 0.543022193 0.442845466 0.608590684 0.372333414
10212.570239088 53.254575984 48.265741408 1.302837571 0.541019870 0.437126442 0.611440645 0.377304004
10212.603595086 53.284165198 48.258512489 1.309368717 0.541843888 0.431904293 0.611341188 0.382264091
10212.636963680 53.317870182 48.252270615 1.316926931 0.544814965 0.424725816 0.609005889 0.389738966
10212.670332154 53.362946703 48.245211838 1.327333343 0.548924222 0.415575696 0.604865075 0.400146574
10212.703694826 53.391201461 48.242059359 1.333216283 0.550133993 0.411593093 0.602836573 0.405625174
10212.737067408 53.430821083 48.240328952 1.340879597 0.549448271 0.408425193 0.601036962 0.412371228
10212.770434174 53.469390893 48.241485982 1.347669860 0.546088193 0.407657784 0.600651229 0.418115914
10212.803803933 53.498246832 48.241849379 1.351946777 0.542752948 0.408463091 0.600955452 0.421224032
10212.837171243 53.541469798 48.243586166 1.356671284 0.536650815 0.411170362 0.601974407 0.424937229
10212.870550027 53.591043056 48.245945940 1.360792088 0.528877293 0.415595415 0.603191102 0.428637089
10212.903900665 53.622870529 48.247596312 1.362318208 0.524921048 0.417980945 0.603172889 0.431198665
10212.937267162 53.674849231 48.248952679 1.363531418 0.521176587 0.420178332 0.601491265 0.435928197
10212.970638659 53.725620831 48.250683767 1.364447852 0.520199709 0.420498456 0.597801598 0.441821865
10213.004009352 53.760007164 48.252008627 1.364509169 0.521094319 0.419749825 0.594164354 0.446362537
10213.037375800 53.807832684 48.254547763 1.365110216 0.524937875 0.416601774 0.587060712 0.454139747
10213.070742604 53.862348185 48.255418899 1.367288884 0.532011812 0.410406072 0.577778544 0.463359732
10213.104117505 53.897051637 48.253896835 1.367969693 0.538076603 0.405080197 0.570563488 0.469937132
10213.137492614 53.935070832 48.248342716 1.370005199 0.544504394 0.399086659 0.563189940 0.476510121
10213.170849009 53.996394334 48.242409155 1.371416579 0.552763597 0.390628661 0.552567726 0.486344080
10213.204215102 54.028275721 48.240454810 1.371488607 0.554756046 0.388157114 0.548836989 0.490262933
10213.237575321 54.068819075 48.239016761 1.372655392 0.554380975 0.387699183 0.546637482 0.493496242
10213.270947733 54.122704993 48.238375068 1.374112298 0.549675836 0.391466654 0.547193874 0.495165829
10213.304334906 54.156669294 48.240659296 1.373582407 0.545730609 0.395052142 0.548511742 0.495223965
10213.337676957 54.201074248 48.242658195 1.373658862 0.540663909 0.399573508 0.550406023 0.495052279
10213.371046003 54.257961626 48.244011756 1.371460429 0.536511216 0.402899871 0.551554326 0.495595838
10213.404423089 54.298024329 48.244459574 1.370460912 0.534319641 0.404252519 0.552053333 0.496305893
10213.437778440 54.346318831 48.244729021 1.367674476 0.532594480 0.405242608 0.552283919 0.497095585
10213.471149193 54.412959338 48.242274993 1.365277752 0.531110101 0.405700942 0.552392885 0.498187622
10213.504550076 54.451727897 48.241521728 1.362693695 0.530192969 0.405993913 0.553100563 0.498140669
10213.537887597 54.500720261 48.240832407 1.359288851 0.527747632 0.407643375 0.555659647 0.496539699
10213.571254973 54.561625190 48.244562587 1.356261986 0.520344124 0.413753836 0.562273243 0.491831838
10213.604626396 54.597325109 48.245626604 1.355070788 0.513865378 0.419372177 0.567929692 0.487365587
10213.637980938 54.648459818 48.248385548 1.354363437 0.503262814 0.428613832 0.576982959 0.479695099
10213.671348083 54.701527034 48.254600376 1.354557513 0.493372943 0.437441170 0.585136047 0.472063733
10213.704733198 54.736374534 48.261025134 1.355777500 0.489336436 0.441301687 0.588971318 0.467884025
10213.738085878 54.784487502 48.265214074 1.356548118 0.487500160 0.444444084 0.591348139 0.463810768
10213.771446407 54.828149836 48.269471009 1.358702135 0.488649409 0.445765571 0.591313916 0.461370420
10213.804829914 54.879558543 48.272994243 1.359711744 0.491281387 0.447123545 0.590262140 0.458599761
10213.838184424 54.934100951 48.277046719 1.359495218 0.493245818 0.450206855 0.589500171 0.454435802
10213.871571089 54.988370362 48.282742456 1.358229157 0.492236691 0.456249066 0.590515485 0.448142044
10213.904950596 55.029368016 48.289051188 1.355397201 0.489935404 0.462288310 0.592224291 0.442180063
10213.938288032 55.086739293 48.296484761 1.350744939 0.485803657 0.471144228 0.595061350 0.433497304
10213.971651213 55.142885400 48.302118017 1.345134162 0.482869320 0.478442598 0.596994495 0.426060409
10214.005037224 55.184686601 48.306273372 1.339949078 0.481862094 0.482891029 0.597547125 0.421381787
10214.038391299 55.242181164 48.310722592 1.331422267 0.482111117 0.487556864 0.597076980 0.416360728
10214.071751650 55.285268461 48.312663680 1.324735036 0.483144720 0.490219218 0.595985779 0.413590677
10214.105141880 55.339529925 48.316744816 1.316774815 0.484249231 0.494036734 0.594439587 0.409965809
10214.138502200 55.394760890 48.323959428 1.309523884 0.485135589 0.498389859 0.592704973 0.406142614
10214.171852595 55.450072286 48.331782823 1.304911414 0.484327277 0.503665338 0.591843658 0.401832553
10214.205260852 55.487878720 48.336636340 1.302168024 0.482909157 0.507761594 0.591894726 0.398293288
10214.238584926 55.542256187 48.343773569 1.298168126 0.481361775 0.512859512 0.591756227 0.393815351
10214.271951055 55.595147164 48.349602259 1.294099015 0.482198770 0.515680670 0.590213599 0.391414997
10214.305347045 55.631039174 48.353100042 1.290828231 0.483659747 0.516960683 0.588417916 0.390626749
10214.338689057 55.680726800 48.355970281 1.286025784 0.486137732 0.518630248 0.585593512 0.389580557
10214.372053034 55.717098962 48.359913042 1.283426301 0.487390089 0.520407787 0.583803617 0.388329722
10214.405440187 55.764138445 48.366002559 1.278722308 0.488107364 0.523558160 0.581960773 0.385952994
10214.438791339 55.815574828 48.373975137 1.273425237 0.487320367 0.528044298 0.580952501 0.382337902
10214.472157617 55.864638336 48.382919750 1.269315912 0.484429891 0.533644554 0.581162866 0.377890055
10214.505586844 55.905367005 48.390623117 1.265974811 0.480756618 0.538989799 0.582206886 0.373360699
10214.538894129 55.960668251 48.401522805 1.262798939 0.474321022 0.547023448 0.584580921 0.366128479
10214.572253390 56.018621919 48.412493895 1.260293532 0.466891808 0.555227417 0.587947902 0.357843289
10214.605633511 56.055423357 48.417802003 1.260118677 0.461711824 0.560432486 0.590423281 0.352332187
10214.638986685 56.097331450 48.422885677 1.259640751 0.455561283 0.566040379 0.593671806 0.345855451
10214.672355838 56.164249986 48.428099630 1.259252697 0.445779209 0.574269123 0.599135991 0.335457799
10214.705737915 56.200046035 48.429722959 1.260045258 0.441568962 0.577794926 0.601409294 0.330872690
10214.739090114 56.250259107 48.430558772 1.259682408 0.438334415 0.580787830 0.603375465 0.326322672
10214.772503261 56.287791190 48.429786970 1.259578863 0.438126841 0.581621607 0.603640910 0.324621055
10214.805845414 56.333828740 48.428284835 1.259737330 0.439770563 0.581234668 0.603046763 0.324195487
10214.839195878 56.378753882 48.425416256 1.260447213 0.442706639 0.579946853 0.601845742 0.324737098
10214.872573276 56.430042023 48.420927185 1.260986977 0.446648881 0.577919749 0.600405890 0.325616813
10214.905930436 56.468195326 48.417420681 1.261555160 0.449147509 0.576561301 0.599635953 0.326006604
10214.939288674 56.518816527 48.411278794 1.261971355 0.451733820 0.575023087 0.599265074 0.325831823
10214.972655839 56.561566957 48.404441723 1.261591569 0.453316262 0.573809366 0.599394016 0.325536469
10215.006027902 56.607019247 48.396129241 1.260529131 0.454956551 0.572397784 0.599770159 0.325040106
10215.039391984 56.661578422 48.385530296 1.258574333 0.457468432 0.570232813 0.599912907 0.325056423
10215.072757202 56.706271079 48.376193571 1.255579941 0.460480012 0.567771810 0.599662027 0.325574544
10215.106141332 56.754495070 48.364126505 1.251315261 0.465164380 0.564206522 0.598668437 0.326939141
10215.139504225 56.805395679 48.347197138 1.245482999 0.472687025 0.558443637 0.596707676 0.329617401
10215.172857190 56.844515763 48.333994008 1.240668268 0.479296490 0.553447082 0.594529888 0.332423548
10215.206236304 56.898321472 48.315150297 1.234821829 0.489582298 0.545643763 0.590776589 0.336994183
10215.239594272 56.951667381 48.293299554 1.228988978 0.501071735 0.536699275 0.586481513 0.341936309
10215.272959233 57.007220550 48.269342464 1.223288291 0.512786025 0.527278650 0.582128706 0.346632208
10215.306337261 57.045630372 48.251580553 1.219167144 0.520953188 0.520537274 0.579136843 0.349641587
10215.339687448 57.097741746 48.224592296 1.213138060 0.532655314 0.510494246 0.574900633 0.353784121
10215.373077145 57.146198504 48.197500274 1.207494115 0.543172619 0.501249378 0.571193017 0.357002947
10215.406448301 57.180580702 48.178567606 1.203463766 0.549697948 0.495329594 0.569153379 0.358531994
10215.439803861 57.228493034 48.151943100 1.197703998 0.557410526 0.487898649 0.567350755 0.359668645
10215.473166482 57.278328927 48.125831264 1.191976937 0.563037256 0.482076628 0.566931269 0.359416345
10215.506545184 57.309779146 48.108889687 1.188488892 0.565709115 0.478992153 0.567350811 0.358681992
10215.539900554 57.360588364 48.083925849 1.183382363 0.569300005 0.474918997 0.568102657 0.357223770
10215.573270278 57.410023306 48.060843003 1.179439838 0.571924567 0.471744679 0.569137700 0.355586172
10215.606631760 57.444517908 48.045139179 1.177386435 0.573496492 0.469680570 0.569888971 0.354582143
10215.639999861 57.496392845 48.023422176 1.175900704 0.575651911 0.466939482 0.570451908 0.353803644
10215.673377238 57.548047978 48.002122503 1.176812334 0.577654472 0.464164956 0.570546909 0.354037327
10215.706753939 57.582758488 47.989153554 1.178629075 0.578543286 0.462723454 0.570378307 0.354743934
10215.740102406 57.629535431 47.972639080 1.182607812 0.578884873 0.461322377 0.570307978 0.356121859
10215.773473177 57.664401554 47.961772696 1.186631570 0.578708471 0.460723207 0.569735403 0.358095244
10215.806838352 57.702658056 47.950662058 1.191575718 0.578997371 0.459779293 0.568297594 0.361113404
10215.840200170 57.742052559 47.941407945 1.198058122 0.579326301 0.459005563 0.565545451 0.365859635
10215.873597831 57.773719291 47.937477104 1.203510675 0.579356834 0.458810066 0.562502867 0.370714859
10215.906942343 57.811529105 47.931744566 1.208831730 0.579468647 0.458154174 0.559325928 0.376118792
10215.940313658 57.851255705 47.928195366 1.215007834 0.579113807 0.457516328 0.555673830 0.382795773
10215.973690996 57.882429873 47.926088871 1.218589736 0.578461671 0.457124602 0.553166553 0.387847853
10216.007053817 57.925867920 47.922147126 1.222748759 0.577354630 0.456351180 0.550340988 0.394372956
10216.040417776 57.971726320 47.918891855 1.226774319 0.576537256 0.454817570 0.546991198 0.401928351
10216.073795994 58.012391930 47.914312424 1.228411380 0.577443401 0.451867337 0.543359363 0.408822249
10216.107141230 58.053103100 47.907466275 1.230486297 0.580530725 0.446128903 0.538168648 0.417525550
10216.140527391 58.101861891 47.896025650 1.232269143 0.585836654 0.436956634 0.531547365 0.428160850
10216.173874960 58.144129920 47.886083040 1.235387302 0.590685506 0.427158574 0.525771296 0.438395633
10216.207255055 58.174540024 47.878485205 1.238271310 0.593442299 0.420437098 0.522517615 0.445010367
10216.240636237 58.216237755 47.868642040 1.243555709 0.596864246 0.410487592 0.518349710 0.454495970
10216.273991433 58.254782465 47.859006837 1.249758089 0.599753287 0.400463908 0.514600304 0.463800799
10216.307357535 58.279862685 47.851858196 1.254046946 0.602246435 0.392451684 0.511468140 0.470830381
10216.340704704 58.311822782 47.840508349 1.260586334 0.606779646 0.379164329 0.505930316 0.481754489
10216.374076798 58.341551449 47.828358212 1.266821813 0.611863307 0.364218165 0.499580486 0.493343450
10216.407443923 58.358853654 47.820413937 1.271284000 0.614689190 0.354651836 0.495806832 0.500554553
10216.440805009 58.388541663 47.808809742 1.276805159 0.616794940 0.342702815 0.492315961 0.509650642
10216.474201053 58.414339457 47.799417748 1.278941415 0.616009102 0.336232222 0.492393633 0.514809857
10216.507571323 58.444982522 47.793007655 1.281580598 0.613293665 0.332556535 0.493845245 0.519031699
10216.540929480 58.481596766 47.785431982 1.285951077 0.609241755 0.329851104 0.496164870 0.523300254
10216.574298691 58.521979214 47.776551101 1.289302730 0.606453272 0.326342734 0.496801957 0.528112360
10216.607650928 58.563067001 47.767968750 1.290381128 0.605550368 0.321577112 0.495216771 0.533532813
10216.641019007 58.592169129 47.762114139 1.290491296 0.605667202 0.317856564 0.493191327 0.537491173
10216.674386101 58.635404661 47.753693600 1.290879691 0.605624284 0.313388301 0.490396851 0.542695059
10216.707747139 58.679896953 47.745985577 1.291027871 0.603758065 0.311868401 0.489570130 0.546383919
10216.741108105 58.710910991 47.740323577 1.292241281 0.600720402 0.313112102 0.491050294 0.547690988
10216.774524074 58.758330893 47.733362215 1.295286166 0.593416118 0.318677246 0.495821213 0.548145463
10216.807846166 58.795528672 47.726316836 1.300282270 0.587555177 0.323220381 0.499903755 0.548090992
10216.841205217 58.838297740 47.719597346 1.304877783 0.580935862 0.327907782 0.504027850 0.548585397
10216.874608195 58.878284464 47.712850590 1.310619398 0.576367383 0.330803597 0.506241916 0.549626003
10216.907949460 58.930486979 47.705670497 1.318086778 0.573154513 0.332348198 0.506773092 0.551561069
10216.941319487 58.959198403 47.702072877 1.322274615 0.572722507 0.332111759 0.505752263 0.553087116
10216.974681408 58.988642250 47.699392410 1.326115335 0.573480732 0.330829288 0.503478224 0.555140983
10217.008045593 59.027470310 47.695906372 1.331882373 0.575979436 0.328204239 0.498877669 0.558256875
10217.041413652 59.067493236 47.691462103 1.337449158 0.578995737 0.325757525 0.493949047 0.560945907
10217.074781763 59.109216123 47.686794066 1.341876259 0.582420996 0.323793655 0.488686995 0.563141611
10217.108153020 59.157052034 47.679495388 1.345837705 0.585638319 0.322870944 0.483775605 0.564573535
10217.141526307 59.189789935 47.675435557 1.346537043 0.587779641 0.322728048 0.480432255 0.565284485
10217.174880339 59.225029846 47.670822215 1.344599949 0.590552835 0.322403611 0.476677894 0.565757409
10217.208243611 59.281298585 47.664381810 1.339302601 0.595356192 0.321815404 0.469848593 0.566769927
10217.241613379 59.313999993 47.660209631 1.335235692 0.597878412 0.321778389 0.466190412 0.567156568
10217.274980360 59.345202768 47.656023663 1.331200390 0.599916698 0.322286714 0.463028381 0.567305868
10217.308344548 59.404021984 47.649415135 1.320462107 0.602657676 0.323560308 0.457675376 0.568019104
10217.341714375 59.436383135 47.646387606 1.313614941 0.604043520 0.323842909 0.454540775 0.568902347
10217.375083386 59.479328671 47.643762355 1.305432133 0.605214148 0.323688264 0.450341920 0.571081341
10217.408468575 59.519523384 47.643950087 1.299011189 0.605307613 0.323254779 0.446339173 0.574360849
10217.441829756 59.549479971 47.643739039 1.296090853 0.605770024 0.321913265 0.442929161 0.577259288
10217.475186814 59.588640210 47.644955671 1.293381293 0.606588742 0.319032738 0.437543302 0.582085964
10217.508550852 59.629033785 47.647845698 1.291710704 0.607897421 0.314679559 0.430411382 0.588373642
10217.541915979 59.655340624 47.648655235 1.292026798 0.608613987 0.311677586 0.425907112 0.592494075
10217.575287242 59.685995822 47.652177364 1.292306500 0.608612902 0.308598522 0.420433239 0.597990953
10217.608644608 59.719517678 47.656068594 1.293332636 0.606621600 0.308560271 0.417354220 0.602176261
10217.642013791 59.743516760 47.658035899 1.294029605 0.604207537 0.310275542 0.416767648 0.604125042
10217.675384747 59.769907529 47.659783960 1.295353575 0.600909186 0.313322464 0.417183551 0.605553522
10217.708755898 59.805942912 47.661162069 1.295743983 0.595869875 0.318608692 0.418931063 0.606567686
10217.742113908 59.841753283 47.660631336 1.295234017 0.590933148 0.324323898 0.421284860 0.606738074
10217.775479921 59.878427329 47.658367112 1.293641547 0.586342757 0.329662448 0.423511710 0.606764100
10217.808845189 59.906699563 47.655593023 1.291026830 0.583379226 0.333202703 0.424782692 0.606798403
10217.842215353 59.940408023 47.651871866 1.285237904 0.580517065 0.336167785 0.425504174 0.607402136
10217.875601518 59.974675157 47.646364859 1.276660439 0.578538718 0.337785971 0.425343205 0.608503696
10217.908949553 59.996390981 47.640532388 1.270458334 0.577149427 0.338114020 0.425595795 0.609463426
10217.942312669 60.025169265 47.635317274 1.262791126 0.573337650 0.343265184 0.428186265 0.608366234
10217.975684924 60.053556990 47.630137363 1.254780445 0.567267251 0.350677815 0.434064987 0.605657100
10218.009057174 60.083042862 47.623191882 1.247876971 0.561976628 0.358330354 0.439042728 0.602513991
10218.042416401 60.101581426 47.618912806 1.241488226 0.559911136 0.361638491 0.441085470 0.600966497
10218.075780633 60.123081287 47.613385001 1.232398685 0.559421317 0.363003871 0.441659932 0.600177044
10218.109148057 60.150344858 47.606749778 1.219602380 0.561838074 0.360985713 0.439266358 0.600892970
10218.142521320 60.165435386 47.603341959 1.211837014 0.564453820 0.358492315 0.436460019 0.601978237
10218.175880415 60.191293047 47.599200477 1.198475220 0.569012389 0.354413160 0.431424073 0.603729643
10218.209245503 60.209702079 47.596404285 1.188002879 0.572823301 0.351331936 0.427323349 0.604842205
10218.242617661 60.228180810 47.593313920 1.177161081 0.577440429 0.348042688 0.422008741 0.606083708
10218.275988946 60.244189322 47.591094194 1.167506278 0.581023471 0.346187588 0.418073177 0.606449255
10218.309360207 60.266268088 47.587597349 1.155319101 0.585253111 0.345249324 0.413867764 0.605801266
10218.342739287 60.282911390 47.584867760 1.144872750 0.588456082 0.345395430 0.410800139 0.604702144
10218.376093295 60.300835137 47.581791713 1.133323684 0.592330288 0.345446391 0.407303114 0.603254336
10218.409445345 60.318631879 47.578199832 1.123208882 0.596968419 0.344020657 0.402861842 0.602478904
10218.442815404 60.327455848 47.576233902 1.116375205 0.600461642 0.342450614 0.399355647 0.602236216
10218.476184424 60.336932065 47.574478542 1.109184364 0.603832077 0.341057120 0.395933984 0.601916226
10218.509555417 60.347320090 47.572837651 1.099335685 0.607492115 0.340155384 0.392583095 0.600937732
10218.542918421 60.356762698 47.571761330 1.090669508 0.609400952 0.341002907 0.391098375 0.599491082
10218.576297421 60.362461767 47.571946327 1.082955032 0.610249105 0.342539957 0.390766441 0.597966551
10218.609650468 60.368517672 47.572977690 1.074181594 0.610419253 0.345064124 0.391084816 0.596130651
10218.643015460 60.372670618 47.573730284 1.069495505 0.609979500 0.347003326 0.391689289 0.595057310
10218.676382522 60.374069240 47.576385912 1.064279033 0.608835186 0.349836321 0.392663768 0.593927126
10218.709771695 60.373339499 47.579857754 1.059625470 0.607190815 0.353125873 0.393793828 0.592914709
10218.743116926 60.378250980 47.581703035 1.054648359 0.605405923 0.356300683 0.394935981 0.592080285
10218.776489146 60.379313398 47.584688288 1.050162488 0.603913967 0.358797081 0.395387047 0.591795284
10218.809851259 60.382560091 47.586789051 1.044814638 0.603211825 0.359900433 0.394596029 0.592369096
10218.843217320 60.384535354 47.587786795 1.041981709 0.603361191 0.359660778 0.393445275 0.593127486
10218.876600339 60.384914516 47.589152903 1.039292967 0.604059879 0.358491597 0.391298144 0.594542850
10218.909958349 60.386248403 47.589525608 1.037745384 0.605254968 0.356930774 0.388965019 0.595796157
10218.943314348 60.387135754 47.590048926 1.036969453 0.605702626 0.356448702 0.387610716 0.596512015
10218.976686346 60.389713624 47.589703937 1.036438907 0.606506738 0.356112243 0.386377579 0.596695914
10219.010051370 60.393563431 47.590497338 1.036675240 0.606921156 0.357616706 0.385197905 0.596137212
10219.043415374 60.395700653 47.591596351 1.037434147 0.606678685 0.359511550 0.385252208 0.595208497
10219.076782385 60.398737499 47.593759815 1.038693427 0.605674330 0.363217771 0.386407474 0.593229063
10219.110151351 60.402005183 47.595970460 1.039293255 0.603848658 0.367709704 0.388580797 0.590898753
10219.143533379 60.405053500 47.598522168 1.040272416 0.601046943 0.373670296 0.392458335 0.587443221
10219.176887412 60.408167914 47.600785383 1.040671758 0.598246337 0.379509353 0.396401994 0.583900189
10219.210270488 60.410859028 47.602602868 1.040918153 0.595974842 0.384331396 0.400012333 0.580597536
10219.243618526 60.413092334 47.603144923 1.041385204 0.595044258 0.387122349 0.402296612 0.578114222
10219.276983567 60.415201868 47.602461524 1.042434004 0.595708332 0.387882904 0.403345283 0.576186617
10219.310353610 60.415691510 47.600066305 1.044554257 0.597820403 0.386479140 0.403056057 0.575143856
10219.343718625 60.416043582 47.598845138 1.045896971 0.599243228 0.385635933 0.402950646 0.574302409
10219.377085633 60.416078182 47.596754763 1.048036066 0.600449360 0.385409412 0.403863196 0.572551020
10219.410449629 60.416080618 47.594749055 1.050168688 0.601043362 0.386112536 0.405766090 0.570103382
10219.443817621 60.416891496 47.592881215 1.052291316 0.601056275 0.387872328 0.408565314 0.566886934
10219.477185617 60.417653332 47.591022460 1.054616253 0.601069473 0.389717266 0.411474856 0.563493020
10219.510556625 60.417829289 47.589108433 1.056972942 0.602117798 0.390041628 0.412858725 0.561132212
10219.543923633 60.417884705 47.587475882 1.058814275 0.603621067 0.389252669 0.412801415 0.560106203
10219.577287655 60.417782196 47.585365392 1.060912739 0.606212468 0.387393635 0.411717487 0.559393713
10219.610652698 60.417267657 47.582646417 1.063134646 0.610196319 0.384140030 0.409206811 0.559148170
10219.644018721 60.417383999 47.580031520 1.064741482 0.613946877 0.380933901 0.406389234 0.559290966
10219.677385748 60.417746683 47.577173620 1.066360029 0.618040472 0.377832149 0.403326247 0.559103551
10219.710768773 60.418423962 47.575142455 1.067258208 0.620915491 0.376586480 0.401606843 0.557995090
10219.744116792 60.419672891 47.573664894 1.067852132 0.622035615 0.376964644 0.401252836 0.556745464
10219.777483834 60.421580728 47.572402834 1.068323304 0.622947097 0.378677172 0.401358665 0.554483305
10219.810854865 60.422304147 47.572180690 1.068482338 0.623471602 0.380216824 0.401305214 0.552876526
10219.844221899 60.424654547 47.570850040 1.069193760 0.624459853 0.381617853 0.400763992 0.551185930
10219.877599912 60.426807644 47.570162856 1.069997100 0.625688047 0.382828088 0.399465201 0.549895150
10219.910948929 60.428612972 47.569980716 1.070751152 0.627157244 0.383629621 0.397497633 0.549088097
10219.944318942 60.430761899 47.569619934 1.071275322 0.628270561 0.383964244 0.395806338 0.548803156
10219.977683949 60.433459886 47.569421545 1.071759323 0.629881841 0.384302410 0.393167205 0.548616508
10220.011050957 60.435779252 47.569509296 1.071710026 0.631106042 0.384683034 0.390802099 0.548632706
10220.044444957 60.437625004 47.569577198 1.071495412 0.631688992 0.385053633 0.389364497 0.548723979
10220.077786953 60.440008178 47.569962108 1.070930964 0.632190770 0.385677826 0.387549276 0.548992717
10220.111166949 60.440076547 47.570835767 1.070251912 0.632250526 0.386110967 0.386527383 0.549339764
10220.144544959 60.441742754 47.571819678 1.069673926 0.632095308 0.386606606 0.385224381 0.550084566
10220.177886982 60.442314460 47.573312003 1.069443435 0.631923978 0.386587750 0.383860115 0.551247140
10220.211248017 60.443994049 47.574095867 1.069731405 0.631567023 0.386401220 0.382416202 0.552788424
10220.244639051 60.444258535 47.575569770 1.070620045 0.631074187 0.385784182 0.380980211 0.554770235
10220.277983096 60.444496926 47.576995000 1.072102369 0.630323492 0.385158489 0.379709774 0.556925238
10220.311356140 60.444291404 47.578403302 1.073835437 0.629369814 0.384200035 0.378637628 0.559390308
10220.344742206 60.443656570 47.579309000 1.074829174 0.628851654 0.383373702 0.377830109 0.561083426
10220.378085225 60.442750667 47.580135367 1.075942202 0.628286742 0.382023979 0.376794144 0.563329054
10220.411448232 60.440757192 47.581637137 1.077163028 0.627130523 0.380412242 0.376006037 0.566227246
10220.444836225 60.439111496 47.582766822 1.077807578 0.626144187 0.379647025 0.375919535 0.567887397
10220.478195243 60.436425177 47.584683708 1.078622787 0.624464753 0.378774826 0.376220296 0.570115508
10220.511554269 60.433575797 47.586987142 1.079336457 0.622510429 0.378107035 0.376922997 0.572228004
10220.544928350 60.431703185 47.588479329 1.079816883 0.621146471 0.377851025 0.377526077 0.573480362
10220.578288392 60.429009150 47.590932076 1.080522236 0.619079418 0.377436053 0.378490655 0.575349914
10220.611667420 60.426895828 47.593263399 1.081325747 0.617316594 0.376888941 0.379150259 0.577165513
10220.645049411 60.425274047 47.594640710 1.081997007 0.616370955 0.376295700 0.379423136 0.578382638
10220.678384416 60.422749406 47.596185817 1.083023043 0.615370292 0.375477694 0.379530825 0.579907112
10220.711750426 60.420256424 47.597418960 1.084355023 0.614559890 0.374384221 0.379467080 0.581512968
10220.745148452 60.417531944 47.598867172 1.085460007 0.613787447 0.372893843 0.379360732 0.583352883
10220.778487479 60.416279795 47.599631219 1.085713009 0.613420083 0.372203508 0.379422625 0.584139385
10220.811849501 60.414502571 47.599949987 1.086110161 0.613103429 0.371581091 0.379494779 0.584820820
10220.845239509 60.412416807 47.600715028 1.086108484 0.612805066 0.370632352 0.379662192 0.585626358
10220.878600503 60.411634593 47.600978141 1.086047962 0.612806446 0.370169293 0.379783411 0.585839155
10220.911949484 60.410054962 47.601040518 1.085982851 0.612820394 0.369911753 0.379883954 0.585922044
10220.945360469 60.408766509 47.601005281 1.085778788 0.613021044 0.369933132 0.380294866 0.585431885
10220.978690450 60.408711442 47.600924421 1.085392593 0.613210354 0.370155608 0.380606305 0.584890355
10221.012048435 60.407913509 47.600874604 1.084603060 0.613428065 0.370678884 0.380922034 0.584124625
10221.045443436 60.408185287 47.600737199 1.082887480 0.614243074 0.371255726 0.381087933 0.582792089
10221.078791445 60.408616143 47.600501206 1.082066666 0.614777500 0.371427539 0.380973449 0.582193644
10221.112149459 60.409054824 47.600636069 1.079716813 0.616029770 0.371695698 0.380489602 0.581014021
10221.145554483 60.411083088 47.600480615 1.076778605 0.617824672 0.372109240 0.379457195 0.579516717
10221.178884522 60.412635547 47.600165091 1.075057343 0.619145169 0.372197091 0.378526288 0.578659169
10221.212252563 60.414574079 47.600577489 1.072166692 0.621467658 0.371801880 0.376614365 0.577670262
10221.245676605 60.416798501 47.600303548 1.069891521 0.624347948 0.370933387 0.373990527 0.576826791
10221.278993660 60.418181062 47.600229369 1.068582245 0.626220510 0.370277784 0.372257000 0.576339276
10221.312352712 60.420915570 47.599855466 1.066623180 0.629315733 0.369396962 0.369294342 0.575438338
10221.345736755 60.423741869 47.599527393 1.064869315 0.631850313 0.369146507 0.366895157 0.574355275
10221.379087782 60.425640256 47.599090821 1.063746277 0.633381010 0.369268469 0.365459706 0.573505446
10221.412455806 60.428833078 47.599146522 1.061895725 0.635218872 0.369977709 0.364110055 0.571871793
10221.445842810 60.431490824 47.598915797 1.060426978 0.636145925 0.371600059 0.363798667 0.569984463
10221.479187806 60.433106409 47.598822514 1.059445452 0.636355638 0.373186038 0.364111332 0.568512639
10221.512560805 60.435100483 47.598962209 1.058239710 0.636456550 0.375194596 0.364657185 0.566724989
10221.545935814 60.437043136 47.598991153 1.057002025 0.636794163 0.376887015 0.364756407 0.565156736
10221.579286814 60.437739534 47.599004558 1.056422484 0.637130862 0.377193570 0.364478472 0.564751910
10221.612656811 60.439159321 47.598816018 1.055180526 0.638447194 0.376707473 0.362863704 0.564629607
10221.646024804 60.439823342 47.598816435 1.054640384 0.639697394 0.375775916 0.361061432 0.564990573
10221.679387793 60.440340873 47.599080007 1.054295288 0.640262443 0.375391427 0.360064834 0.565242068
10221.712752799 60.440160119 47.599174965 1.054578203 0.640571893 0.375341183 0.359440112 0.565322432
10221.746137804 60.440066722 47.599797634 1.054863759 0.640271035 0.376035793 0.359398947 0.565227813
10221.779489803 60.440300008 47.600241499 1.054766011 0.639834958 0.376678713 0.359773861 0.565054991
10221.812874806 60.439903484 47.600997018 1.054720803 0.638983775 0.377812117 0.360543563 0.564770819
10221.846255813 60.439884083 47.602122273 1.054334914 0.637651377 0.379267705 0.361797972 0.564498854
