# timestamp tx ty tz qx qy qz qw  (localization: SE2 map-aligned cam0)
10002.191605471 20.138292635 23.264322105 1.259568435 -0.033537082 0.699370022 0.713673144 -0.020675599
10002.224938804 20.150462931 23.264841027 1.260327152 -0.031649011 0.699303254 0.713901522 -0.017830177
10002.258272138 19.937937958 23.199914984 1.274330011 -0.042683693 0.698901337 0.713943187 -0.000385059
10002.291605471 19.938114802 23.196656692 1.276575980 -0.043041453 0.698881087 0.713936278 0.002766148
10002.324938804 19.940040472 23.195703326 1.277775220 -0.043756156 0.699000595 0.713770875 0.003834757
10002.358272138 19.942258321 23.194476615 1.280361113 -0.045675480 0.699384604 0.713267126 0.004993240
10002.391605471 19.943142715 23.193737906 1.283536466 -0.047371504 0.699962175 0.712582046 0.005976721
10002.424938804 19.943055178 23.193210279 1.286239560 -0.047967441 0.700461136 0.712041676 0.007069134
10002.458272138 19.941600427 23.192040072 1.290410305 -0.048031034 0.701168873 0.711314988 0.009285375
10002.491605471 19.938699551 23.190322503 1.294921448 -0.047374453 0.701877802 0.710616811 0.012122711
10002.524938804 19.936061647 23.189001830 1.297925039 -0.046804402 0.702369608 0.710133047 0.014047693
10002.558272138 19.930689825 23.186809975 1.302371888 -0.046556163 0.703262190 0.709215650 0.016370019
10002.591605471 19.924437201 23.184575914 1.306145375 -0.047628235 0.704062434 0.708325466 0.017397549
10002.624938804 19.917352295 23.182479884 1.309232815 -0.050031958 0.704948676 0.707287353 0.016993193
10002.658272138 19.911760011 23.180948474 1.310927410 -0.052662629 0.705545221 0.706526545 0.015900633
10002.691605471 19.788651195 23.211058301 1.291490665 -0.079705591 0.708533126 0.701134595 -0.006173087
10002.724938804 19.764327763 23.214491900 1.289395675 -0.086580295 0.709352870 0.699429463 -0.010990193
10002.758272138 19.759812611 23.215556619 1.287823514 -0.089339750 0.709357077 0.699065021 -0.011791647
10002.791605471 19.737919533 23.216872777 1.279104377 -0.088667879 0.708348280 0.700207980 -0.009460764
10002.824938804 19.721112688 23.214494408 1.276511635 -0.091864237 0.708567906 0.699528267 -0.012356726
10002.858272138 19.711384356 23.213239300 1.275667840 -0.093956749 0.708791305 0.698990509 -0.014116831
10002.891605471 19.691930336 23.214214783 1.259115894 -0.092803713 0.708468063 0.699459865 -0.014709579
10002.924938804 19.677194790 23.211068336 1.254732756 -0.093975748 0.708668276 0.699068785 -0.016145173
10002.958272138 19.667860908 23.209610827 1.253857826 -0.095273621 0.708695802 0.698823668 -0.017851551
10002.991605471 19.657591367 23.206232592 1.253165377 -0.095551554 0.708807428 0.698635015 -0.019262570
10003.024938804 19.646784242 23.209200001 1.250479776 -0.093366340 0.707764541 0.700030148 -0.017603212
10003.058272138 19.638115312 23.208682444 1.249836653 -0.093190366 0.707345556 0.700453485 -0.018513108
10003.091605471 19.628124049 23.209026569 1.247792103 -0.092424831 0.706743272 0.701127660 -0.019788969
10003.124938804 19.618644276 23.208890929 1.246047423 -0.092869132 0.705948404 0.701807714 -0.021865661
10003.158272138 19.611709515 23.208600352 1.245578697 -0.093731923 0.705183466 0.702400000 -0.023766476
10003.191605471 19.601879836 23.207591362 1.245692881 -0.095742253 0.704043824 0.703135618 -0.027495767
10003.224938804 19.590780225 23.206127320 1.246196514 -0.098652826 0.702670274 0.703901413 -0.032325032
10003.258272138 19.583560642 23.205332304 1.246912792 -0.101148645 0.701515325 0.704510328 -0.036199422
10003.291605471 19.575657351 23.204061152 1.248793648 -0.103951354 0.700173610 0.705187610 -0.040761095
10003.324938804 19.563351484 23.201072305 1.249887314 -0.106762255 0.698423592 0.706158960 -0.046323112
10003.358272138 19.554584975 23.198687663 1.250094599 -0.108004144 0.697231930 0.706923683 -0.049614990
10003.391605471 19.544071308 23.195842827 1.251701349 -0.108083259 0.695744518 0.708132227 -0.052974747
10003.424938804 19.534488123 23.193219943 1.252889568 -0.107733543 0.694277060 0.709390097 -0.056022652
10003.458272138 19.527124531 23.191123854 1.252988839 -0.107419128 0.693240357 0.710266497 -0.058313298
10003.491605471 19.522764975 23.189858953 1.253945503 -0.107248706 0.692161748 0.711164041 -0.060461027
10003.524938804 19.513442245 23.186542042 1.254446621 -0.107969184 0.690281883 0.712451472 -0.065318286
10003.558272138 19.506376752 23.184118704 1.254283359 -0.108899574 0.689048107 0.713155557 -0.069012605
10003.591605471 19.498879648 23.181575996 1.254377882 -0.110750077 0.687475067 0.713897345 -0.073912331
10003.624938804 19.492951899 23.179453491 1.258340852 -0.112170705 0.686236255 0.714463355 -0.077715184
10003.658272138 19.486225079 23.176884512 1.258824791 -0.113560126 0.684830711 0.715123771 -0.081908407
10003.691605471 19.478876720 23.174250995 1.258378782 -0.114229409 0.683474153 0.715859920 -0.085786361
10003.724938804 19.473012486 23.172620704 1.257717571 -0.113985337 0.682505197 0.716533375 -0.088169841
10003.758272138 19.466662764 23.170668202 1.257523027 -0.112877369 0.681672252 0.717271487 -0.090018078
10003.791605471 19.460030067 23.168859719 1.256616330 -0.111976343 0.680849460 0.717945518 -0.091975786
10003.824938804 19.454737122 23.167634022 1.253660547 -0.112214320 0.680099242 0.718303379 -0.094409871
10003.858272138 19.447935331 23.165881790 1.253443780 -0.113377358 0.679508078 0.718202973 -0.097973651
10003.891605471 19.441297509 23.164556133 1.252786468 -0.115448174 0.678813587 0.717925814 -0.102305218
10003.924938804 19.433202235 23.162967198 1.252178989 -0.119029951 0.677901860 0.717290427 -0.108514438
10003.958272138 19.427791322 23.161572878 1.252701797 -0.121520713 0.677390910 0.716660126 -0.113015641
10003.991605471 19.421894089 23.160012035 1.253617084 -0.123951043 0.676956697 0.715838376 -0.118072817
10004.024938804 19.417546928 23.159007881 1.254565547 -0.125501088 0.676742983 0.715070815 -0.122238050
10004.058272138 19.414060477 23.158064151 1.255503988 -0.126697709 0.676643709 0.714302599 -0.125987218
10004.091605471 19.410638576 23.157176864 1.256485951 -0.128108663 0.676552878 0.713349644 -0.130371238
10004.124938804 19.408040997 23.156564337 1.257290969 -0.130047221 0.676374985 0.712310681 -0.134974423
10004.158272138 19.406494985 23.156252431 1.257714318 -0.131947799 0.676143683 0.711435739 -0.138847715
10004.191605471 19.405636690 23.156354789 1.257560031 -0.135113306 0.675808676 0.710065810 -0.144338400
10004.224938804 19.405412643 23.156760970 1.257172925 -0.138705092 0.675379341 0.708583878 -0.150108396
10004.258272138 19.405698809 23.157461939 1.256705883 -0.141032038 0.675229373 0.707461319 -0.153862733
10004.291605471 19.407258625 23.158848868 1.255720614 -0.142904218 0.675375595 0.706128180 -0.157572788
10004.324938804 19.408553038 23.160024532 1.254614147 -0.143603114 0.675706865 0.705163039 -0.159823237
10004.358272138 19.410481477 23.161701970 1.253046778 -0.143067917 0.676541739 0.704151717 -0.161224089
10004.391605471 19.413212675 23.163482021 1.252008570 -0.142641444 0.677325169 0.703331777 -0.161890227
10004.424938804 19.414856537 23.163784887 1.251895639 -0.142069849 0.678008426 0.702702168 -0.162266433
10004.458272138 19.418549693 23.162661329 1.252688582 -0.142658378 0.678428627 0.701924752 -0.163354917
10004.491605471 19.421192456 23.162650420 1.254627293 -0.144217960 0.678623389 0.701135995 -0.164559392
10004.524938804 19.421939156 23.162688588 1.260675524 -0.147274365 0.678429431 0.700327800 -0.166086550
10004.558272138 19.421859787 23.162475681 1.268247012 -0.151835739 0.677964719 0.699275799 -0.168294699
10004.591605471 19.421951518 23.162459054 1.274825419 -0.156183306 0.677396050 0.698348988 -0.170440774
10004.624938804 19.420743828 23.163331131 1.283437448 -0.160781754 0.676940873 0.697255174 -0.172439858
10004.658272138 19.417964919 23.163880769 1.298559218 -0.166600927 0.676325966 0.696022370 -0.174299107
10004.691605471 19.417156993 23.164786493 1.309978667 -0.170510153 0.675945435 0.695150414 -0.175470677
10004.724938804 19.416551883 23.166957255 1.321203440 -0.173320970 0.675887341 0.694394346 -0.175933614
10004.758272138 19.416112643 23.170774606 1.340639199 -0.176671042 0.675848452 0.693509517 -0.176240638
10004.791605471 19.416671686 23.173039473 1.354943246 -0.179391720 0.675636182 0.692890143 -0.176741648
10004.824938804 19.417733839 23.175846860 1.370630668 -0.181914559 0.675331110 0.692362172 -0.177396752
10004.858272138 19.419188025 23.179946112 1.390267680 -0.184648138 0.674997350 0.691721758 -0.178338587
10004.891605471 19.421053847 23.182329738 1.405132082 -0.187460892 0.674364133 0.691194866 -0.179836280
10004.924938804 19.423268794 23.185439175 1.420368396 -0.190907149 0.673523293 0.690480134 -0.182093434
10004.958272138 19.426571986 23.190375776 1.440535958 -0.195880493 0.672159490 0.689458082 -0.185687927
10004.991605471 19.429407396 23.192858512 1.455489905 -0.200164598 0.670636039 0.688770312 -0.189147810
10005.024938804 19.433131016 23.196928020 1.470036062 -0.204778557 0.669198139 0.687724541 -0.193066177
10005.058272138 19.436624339 23.200380972 1.485945258 -0.210158726 0.667128501 0.686754130 -0.197842459
10005.091605471 19.439788794 23.203791428 1.501958546 -0.215729965 0.664804866 0.685843379 -0.202765705
10005.124938804 19.442928742 23.207573372 1.515972534 -0.220828101 0.662719650 0.684954317 -0.207063273
10005.158272138 19.446885917 23.211229932 1.531816118 -0.226754982 0.659869930 0.684161150 -0.212314326
10005.191605471 19.450518831 23.214563416 1.547307240 -0.231708349 0.657258871 0.683705509 -0.216492020
10005.224938804 19.454526863 23.218339601 1.563200451 -0.235782138 0.654805097 0.683590918 -0.219864790
10005.258272138 19.457517091 23.222344169 1.576904078 -0.238373079 0.652947608 0.683934731 -0.221519707
10005.291605471 19.460585007 23.225334408 1.590110427 -0.239989909 0.651261915 0.684616367 -0.222627924
10005.324938804 19.463657220 23.229148079 1.604547283 -0.241178003 0.649587095 0.685634183 -0.223104335
10005.358272138 19.466113263 23.232574629 1.618091717 -0.242163166 0.647953082 0.686843839 -0.223068029
10005.391605471 19.466825650 23.234519727 1.627439525 -0.242827449 0.646494285 0.688099623 -0.222708057
10005.424938804 19.467494283 23.236408932 1.636837164 -0.243899325 0.644699781 0.689585476 -0.222142259
10005.458272138 19.467068263 23.237911253 1.645122192 -0.245794532 0.642566225 0.690983072 -0.221892064
10005.491605471 19.466506196 23.238752017 1.650351007 -0.247487313 0.640918322 0.691955151 -0.221747160
10005.524938804 19.464929351 23.240669185 1.654897657 -0.249698497 0.639011238 0.692997649 -0.221516493
10005.558272138 19.463889365 23.241641946 1.658654509 -0.251793701 0.637234520 0.694056139 -0.220948353
10005.591605471 19.463738184 23.241693135 1.660946008 -0.253000151 0.636115509 0.694844908 -0.220314632
10005.624938804 19.462872497 23.242331665 1.662220972 -0.253804245 0.635159983 0.695842050 -0.218995531
10005.658272138 19.462400678 23.243139180 1.662586842 -0.253908538 0.634515475 0.696989079 -0.217087058
10005.691605471 19.462352272 23.243404805 1.661988751 -0.253692082 0.634275339 0.697832249 -0.215325972
10005.724938804 19.462202941 23.243972807 1.659715329 -0.253152919 0.634132842 0.698820511 -0.213164328
10005.758272138 19.461834573 23.244692962 1.656459831 -0.252839633 0.634098463 0.699532327 -0.211295484
10005.791605471 19.461249313 23.245495352 1.651807612 -0.252951924 0.634079947 0.699967041 -0.209771510
10005.824938804 19.460324374 23.246716223 1.645623028 -0.253550286 0.634180510 0.700015101 -0.208581380
10005.858272138 19.458748866 23.248937003 1.636824593 -0.254635148 0.634550035 0.699606551 -0.207503899
10005.891605471 19.457997791 23.250622849 1.628878625 -0.255339054 0.635093295 0.699081339 -0.206745629
10005.924938804 19.457078113 23.253246001 1.619038910 -0.255598314 0.636105400 0.698400874 -0.205610411
10005.958272138 19.456681867 23.255916141 1.607130827 -0.255447351 0.637507948 0.697556922 -0.204314970
10005.991605471 19.456606709 23.257814732 1.596631828 -0.255144359 0.638836685 0.696768161 -0.203231829
10006.024938804 19.455528321 23.259730763 1.584434514 -0.254298434 0.640553664 0.695889115 -0.201895147
10006.058272138 19.455607360 23.262275650 1.569249862 -0.253192046 0.642919786 0.694546204 -0.200383400
10006.091605471 19.456034690 23.264795214 1.556608527 -0.252425151 0.644985844 0.693238810 -0.199235432
10006.124938804 19.457058071 23.268039508 1.543225500 -0.251640620 0.647394749 0.691552343 -0.198273534
10006.158272138 19.458115201 23.272063482 1.527021399 -0.251157474 0.650316752 0.689167162 -0.197627600
10006.191605471 19.458626296 23.275469041 1.513491981 -0.251651448 0.652502302 0.686868817 -0.197796672
10006.224938804 19.459144953 23.279048525 1.497605045 -0.253466473 0.654649627 0.683767315 -0.199125268
10006.258272138 19.459715579 23.283070490 1.480477764 -0.256466728 0.656689316 0.679986765 -0.201499281
10006.291605471 19.460811893 23.286279774 1.467181984 -0.259538255 0.658007736 0.676746429 -0.204156765
10006.324938804 19.462414668 23.289217392 1.452829084 -0.262721531 0.659197013 0.673469946 -0.207062618
10006.358272138 19.465039480 23.292423101 1.435277456 -0.265173130 0.660871317 0.670029489 -0.209744602
10006.391605471 19.467487927 23.294624713 1.421686026 -0.265808819 0.662249713 0.668000562 -0.211059798
10006.424938804 19.470802719 23.296227489 1.408922125 -0.264889117 0.663776207 0.666686223 -0.211575948
10006.458272138 19.475871070 23.297724762 1.393182759 -0.262519981 0.665582949 0.665812271 -0.211604860
10006.491605471 19.480684999 23.298834022 1.378435728 -0.259714247 0.667143016 0.665507591 -0.211112178
10006.524938804 19.486219311 23.298754334 1.363145146 -0.256320856 0.668534986 0.665610547 -0.210530737
10006.558272138 19.492054383 23.296467824 1.347522875 -0.252893558 0.669555458 0.665908619 -0.210490020
10006.591605471 19.496659283 23.295223278 1.335162007 -0.250592499 0.670169268 0.666077950 -0.210752738
10006.624938804 19.502043700 23.293440757 1.322528739 -0.248927735 0.670453038 0.666093398 -0.211771793
10006.658272138 19.508383787 23.290017070 1.307446023 -0.247907409 0.670503495 0.665719885 -0.213971995
10006.691605471 19.513091683 23.288205368 1.295781569 -0.247448296 0.670531966 0.665214468 -0.215976700
10006.724938804 19.517402125 23.286343967 1.284322534 -0.247054616 0.670563307 0.664693781 -0.217924405
10006.758272138 19.522725404 23.284559956 1.270190770 -0.246037970 0.670995113 0.664010529 -0.219820136
10006.791605471 19.527008086 23.283736380 1.259296006 -0.244623333 0.671646826 0.663552117 -0.220790748
10006.824938804 19.531373661 23.283030518 1.247869556 -0.242238952 0.672794610 0.663220144 -0.220922484
10006.858272138 19.535699223 23.282538218 1.236062398 -0.239132092 0.674307151 0.663008998 -0.220328792
10006.891605471 19.539046148 23.282483913 1.226582394 -0.236173970 0.675833527 0.662831333 -0.219375305
10006.924938804 19.542752834 23.282888892 1.216492844 -0.232351411 0.677905177 0.662591043 -0.217785451
10006.958272138 19.545432757 23.283514911 1.207379397 -0.228434463 0.680048587 0.662404090 -0.215806480
10006.991605471 19.547972215 23.284076844 1.199545040 -0.224842035 0.682120939 0.662137824 -0.213847109
10007.024938804 19.550680049 23.284463738 1.191615323 -0.221059024 0.684376455 0.661774992 -0.211697036
10007.058272138 19.553189021 23.285193316 1.184039805 -0.217506680 0.686600044 0.661295122 -0.209666366
10007.091605471 19.555243948 23.286024320 1.178020459 -0.214862125 0.688374915 0.660788716 -0.208164638
10007.124938804 19.557001607 23.286969004 1.172208497 -0.212659538 0.689957579 0.660225101 -0.206971680
10007.158272138 19.559169717 23.288309651 1.165218618 -0.210845404 0.691593714 0.659366005 -0.206103911
10007.191605471 19.561040964 23.289199773 1.159878105 -0.210044612 0.692598734 0.658620417 -0.205930575
10007.224938804 19.562915519 23.290022651 1.154825529 -0.210032669 0.693204071 0.657857830 -0.206343086
10007.258272138 19.565058710 23.290667785 1.149304381 -0.210543148 0.693624575 0.656997835 -0.207148200
10007.291605471 19.566709570 23.290557141 1.145257617 -0.211347515 0.693697358 0.656382079 -0.208035501
10007.324938804 19.567917410 23.290390459 1.141589987 -0.212578448 0.693526603 0.655862677 -0.208986612
10007.358272138 19.569355125 23.289914720 1.138131292 -0.213628134 0.693339265 0.655467645 -0.209775715
10007.391605471 19.570581657 23.289554249 1.135630044 -0.214168749 0.693223978 0.655323863 -0.210054512
10007.424938804 19.571754560 23.289204116 1.133559811 -0.214405201 0.693147305 0.655368069 -0.209928363
10007.458272138 19.572789621 23.288974002 1.132002186 -0.214324025 0.693143106 0.655547337 -0.209464880
10007.491605471 19.573624474 23.288632923 1.131094123 -0.213993122 0.693197676 0.655849876 -0.208674066
10007.524938804 19.574058374 23.288304093 1.130819004 -0.213807860 0.693221664 0.656052875 -0.208145499
10007.558272138 19.574105955 23.287987731 1.131120858 -0.214224947 0.693037566 0.656129971 -0.208086678
10007.591605471 19.573506948 23.287471298 1.132014783 -0.215809706 0.692423329 0.656012911 -0.208861593
10007.624938804 19.572861542 23.287078879 1.132874082 -0.217388681 0.691817766 0.655818477 -0.209839140
10007.658272138 19.571620293 23.286608973 1.134110298 -0.219893412 0.690848179 0.655492766 -0.211435367
10007.691605471 19.570086475 23.286211620 1.135442692 -0.222613610 0.689758677 0.655152619 -0.213192858
10007.724938804 19.569008617 23.286066842 1.136294476 -0.224284652 0.689033659 0.654992522 -0.214275073
10007.758272138 19.567958417 23.285940736 1.137450484 -0.225463629 0.688314098 0.655135948 -0.214911016
10007.791605471 19.567541914 23.286022218 1.138846263 -0.225079607 0.687989573 0.655799131 -0.214329226
10007.824938804 19.567946020 23.286291977 1.139960261 -0.223303857 0.688191019 0.656689320 -0.212808940
10007.858272138 19.569150337 23.286728667 1.141272321 -0.219879595 0.688820082 0.658071600 -0.210051489
10007.891605471 19.571172793 23.287345073 1.143015469 -0.214685921 0.689855182 0.659993745 -0.205956400
10007.924938804 19.573333282 23.287900017 1.144880438 -0.209421324 0.690885355 0.661865747 -0.201875876
10007.958272138 19.575745150 23.288225337 1.147090651 -0.204082577 0.691789213 0.663800309 -0.197856352
10007.991605471 19.578862893 23.288404874 1.149909539 -0.198097066 0.692588589 0.666045347 -0.193551527
10008.024938804 19.581884216 23.289513811 1.152305644 -0.193153814 0.693181161 0.667892141 -0.190030445
10008.058272138 19.585598701 23.290901534 1.154798831 -0.187949133 0.693708514 0.669883243 -0.186279527
10008.091605471 19.591467608 23.292653723 1.158232161 -0.180853335 0.694249831 0.672667179 -0.181185293
10008.124938804 19.598417360 23.295576481 1.161798759 -0.172964469 0.694835167 0.675639034 -0.175497233
10008.158272138 19.607817095 23.298310831 1.165422103 -0.163305312 0.695429344 0.679237813 -0.168360912
10008.191605471 19.621020061 23.300298700 1.169215995 -0.150836303 0.695951146 0.683790316 -0.159157833
10008.224938804 19.633106610 23.304297826 1.172473619 -0.139880361 0.696415405 0.687489299 -0.150988517
10008.258272138 19.647878653 23.309073691 1.176099288 -0.128189119 0.696593076 0.691416507 -0.142368710
10008.291605471 19.668167757 23.315611934 1.180899115 -0.113143319 0.696467391 0.696370954 -0.131145940
10008.324938804 19.685453392 23.321952502 1.184964095 -0.100752655 0.696162465 0.700293476 -0.121637874
10008.358272138 19.703323712 23.326985705 1.188612830 -0.088768059 0.695493057 0.704146518 -0.112193234
10008.391605471 19.726288192 23.333507577 1.192465279 -0.074171557 0.694324303 0.708752171 -0.100412659
10008.424938804 19.744475208 23.339060309 1.195027835 -0.062948756 0.693214492 0.712154752 -0.091250924
10008.458272138 19.764367509 23.344428811 1.196484638 -0.050666026 0.691916247 0.715644733 -0.080854668
10008.491605471 19.792400330 23.352202185 1.197320688 -0.033445896 0.689979916 0.720016917 -0.066217271
10008.524938804 19.813795060 23.358334819 1.197591914 -0.020582494 0.688389004 0.722932561 -0.055366529
10008.558272138 19.836926147 23.364901184 1.196944150 -0.007218311 0.686665139 0.725616885 -0.043806609
10008.591605471 19.868901460 23.374824035 1.195680772 0.009678855 0.684263294 0.728581029 -0.029321479
10008.624938804 19.895241415 23.383917474 1.194176497 0.022380212 0.682360568 0.730441380 -0.018400303
10008.658272138 19.923590107 23.394468257 1.192322491 0.034254158 0.680537588 0.731867932 -0.008035870
10008.691605471 19.956245424 23.407464668 1.190117850 0.046512487 0.678623303 0.733007158 0.002739981
10008.724938804 19.983049148 23.418881126 1.188309312 0.055893260 0.677268941 0.733526377 0.011035407
10008.758272138 20.012718089 23.433397609 1.186805455 0.065846845 0.676285739 0.733425786 0.019708064
10008.791605471 20.046588319 23.450507450 1.185719280 0.076888531 0.675496707 0.732752699 0.029425064
10008.824938804 20.071765445 23.463449557 1.185474584 0.084762214 0.675051984 0.731973023 0.036546946
10008.858272138 20.102787368 23.480112204 1.186298752 0.093285205 0.674859051 0.730665779 0.044616714
10008.891605471 20.137433729 23.499574751 1.188044860 0.101194919 0.675117508 0.728848956 0.052489400
10008.924938804 20.163563449 23.514962764 1.189941331 0.105449391 0.675661856 0.727376790 0.057310443
10008.958272138 20.189380689 23.531436200 1.192482531 0.107597606 0.676658774 0.725848462 0.060824904
10008.991605471 20.216566987 23.550183686 1.195439359 0.108407714 0.678108132 0.724119735 0.063778821
10009.024938804 20.241267287 23.568381882 1.197668119 0.108283800 0.679762937 0.722362604 0.066251321
10009.058272138 20.267759664 23.589386852 1.198507747 0.108112343 0.681914612 0.720086301 0.069136845
10009.091605471 20.295402626 23.612711586 1.197642731 0.108552590 0.684500013 0.717177029 0.073028602
10009.124938804 20.318246208 23.632956840 1.195487380 0.109722554 0.686662487 0.714517896 0.076940016
10009.158272138 20.343407292 23.656436824 1.191457234 0.112473230 0.689046789 0.711172244 0.082452012
10009.191605471 20.372638290 23.684612316 1.185520019 0.117431986 0.691788406 0.706722955 0.090449955
10009.224938804 20.397588090 23.708914309 1.179910183 0.122774211 0.693852548 0.702783749 0.097929246
10009.258272138 20.425023943 23.737131655 1.173555786 0.129043152 0.696105440 0.698192182 0.106361449
10009.291605471 20.457331662 23.771808447 1.166345660 0.135304148 0.698933032 0.692782484 0.115055786
10009.324938804 20.482224929 23.799359611 1.161174972 0.138940846 0.701251307 0.688795539 0.120427371
10009.358272138 20.512366552 23.834973906 1.156298268 0.141077176 0.704477644 0.684252281 0.124929161
10009.391605471 20.547308887 23.878959495 1.152652010 0.142421046 0.708431549 0.679023800 0.129490021
10009.424938804 20.571766138 23.910934594 1.151739457 0.143256478 0.711198098 0.675335973 0.132650560
10009.458272138 20.599756941 23.948741908 1.153731881 0.145213399 0.714087566 0.670889019 0.137477052
10009.491605471 20.631490048 23.993688823 1.158333542 0.148337088 0.717102738 0.665539519 0.144280702
10009.524938804 20.655284653 24.029187076 1.163334287 0.151311328 0.719102091 0.661369454 0.150291416
10009.558272138 20.679652964 24.067284619 1.169534994 0.154714724 0.720768644 0.657145496 0.157212317
10009.591605471 20.705954154 24.109170812 1.176441009 0.158228654 0.722308418 0.652737382 0.164827642
10009.624938804 20.727259007 24.144431580 1.181876784 0.160431958 0.723558088 0.649329477 0.170576991
10009.658272138 20.747932205 24.180679407 1.186506040 0.161238279 0.725080451 0.646251851 0.174983147
10009.691605471 20.770544846 24.221365922 1.190504731 0.160696506 0.727182138 0.643110221 0.178303151
10009.724938804 20.792183770 24.261812165 1.192547200 0.159287200 0.729510304 0.640278043 0.180239650
10009.758272138 20.815593165 24.306500525 1.192966445 0.157516897 0.732144930 0.637311768 0.181620315
10009.791605471 20.839428991 24.351604686 1.192142665 0.155886160 0.734765027 0.634345526 0.182826732
10009.824938804 20.859056559 24.389580948 1.189988659 0.154871784 0.736862169 0.631898539 0.183720198
10009.858272138 20.883347436 24.437144218 1.185208307 0.154026219 0.739291730 0.629029096 0.184515739
10009.891605471 20.913976664 24.496499335 1.177811058 0.152740698 0.742273198 0.625792974 0.184618340
10009.924938804 20.938935468 24.545463679 1.170865849 0.151196247 0.744773838 0.623485420 0.183623410
10009.958272138 20.964801033 24.597645619 1.163234135 0.148465905 0.747591168 0.621574897 0.180858973
10009.991605471 20.994880919 24.660864494 1.154747476 0.143965856 0.751067082 0.619861278 0.175909256
10010.024938804 21.019460805 24.715511136 1.148426063 0.139057162 0.754088922 0.618912756 0.170176388
10010.058272138 21.043356456 24.770786924 1.143972890 0.132751503 0.757112641 0.618622229 0.162677673
10010.091605471 21.072447205 24.841845264 1.140750665 0.122836568 0.760704681 0.619163765 0.151247476
10010.124938804 21.096373806 24.904463279 1.139778200 0.113279002 0.763364511 0.620229597 0.140562218
10010.158272138 21.117801140 24.966070154 1.141562609 0.103899399 0.764931004 0.622006382 0.131124121
10010.191605471 21.141040660 25.037115913 1.145903259 0.094739992 0.765445778 0.624441266 0.123248533
10010.224938804 21.159888638 25.096648748 1.151027114 0.089597813 0.764789633 0.626620950 0.120063456
10010.258272138 21.178783087 25.158686909 1.156898546 0.088266087 0.762773272 0.628957155 0.121650855
10010.291605471 21.202916840 25.232885681 1.164302752 0.091269500 0.759150960 0.631555445 0.128442273
10010.324938804 21.225983403 25.295863441 1.170567072 0.097530260 0.755032932 0.633588000 0.137765624
10010.358272138 21.252360928 25.359581987 1.175606784 0.108327673 0.749288131 0.635563333 0.151299906
10010.391605471 21.286155371 25.433192224 1.178845072 0.125204548 0.740918626 0.637385619 0.170595967
10010.424938804 21.316476497 25.494265381 1.179031131 0.142608603 0.732193512 0.638521439 0.189329923
10010.458272138 21.350867137 25.557316045 1.176716954 0.162748039 0.721196935 0.639713957 0.210128793
10010.491605471 21.393151644 25.630715351 1.172217239 0.183962161 0.708053747 0.641359330 0.231248834
10010.524938804 21.427825949 25.691018325 1.167994552 0.196977749 0.697771837 0.644034470 0.243995556
10010.558272138 21.458618014 25.750600339 1.164852650 0.200798940 0.689330052 0.650027237 0.248934641
10010.591605471 21.486885765 25.815223620 1.163163638 0.194167978 0.682580116 0.660227558 0.245932416
10010.624938804 21.507256727 25.877555685 1.164324630 0.174541834 0.678543708 0.674244176 0.233470289
10010.658272138 21.518104486 25.927023366 1.167781245 0.150577128 0.676333329 0.687253908 0.218132581
10010.691605471 21.519106138 25.968525384 1.174242961 0.119973356 0.675185240 0.700071891 0.199074442
10010.724938804 21.510224108 26.013760791 1.185038431 0.071434674 0.674565159 0.715076512 0.168892023
10010.758272138 21.494583874 26.048978024 1.195985074 0.019470620 0.674069247 0.725748395 0.136164648
10010.791605471 21.470422691 26.079308764 1.206973528 -0.044617703 0.673309275 0.731836093 0.095288058
10010.824938804 21.436001699 26.107640408 1.218127046 -0.128288593 0.668982678 0.730967798 0.041113150
10010.858272138 21.402874139 26.123167529 1.225537444 -0.202781827 0.660928942 0.722490118 -0.007777848
10010.891605471 21.366169502 26.128684107 1.230374912 -0.279470530 0.647997252 0.706095022 -0.058528663
10010.924938804 21.324317889 26.127892533 1.232415891 -0.363003330 0.627473930 0.679270256 -0.114441989
10010.958272138 21.291415276 26.122387625 1.231784083 -0.425167301 0.607193544 0.652740530 -0.156456282
10010.991605471 21.259974552 26.111954825 1.229949306 -0.477049684 0.586484882 0.625815755 -0.191869027
10011.024938804 21.224842370 26.094679156 1.227045461 -0.524351231 0.563945182 0.597137273 -0.224607869
10011.058272138 21.196723870 26.077144066 1.223943861 -0.554703543 0.547373380 0.576260132 -0.246192247
10011.091605471 21.170695572 26.058253803 1.220083467 0.578754101 -0.533178496 -0.557457535 0.264585484
10011.124938804 21.139591262 26.029416069 1.214064958 0.606441828 -0.515595956 -0.532549929 0.287714603
10011.158272138 21.113863016 26.000847074 1.207504278 0.629692906 -0.499404707 -0.508594790 0.308890145
10011.191605471 21.091358942 25.971828974 1.198997550 0.650956895 -0.483009971 -0.483561839 0.330339879
10011.224938804 21.066683798 25.935190897 1.188249192 0.672731824 -0.463781869 -0.454522699 0.354608780
10011.258272138 21.047477002 25.900825588 1.179043232 0.687937551 -0.448028371 -0.431708354 0.373684897
10011.291605471 21.030636853 25.861789135 1.169696821 0.699685995 -0.433388859 -0.411750526 0.391248144
10011.324938804 21.011713640 25.811917085 1.159118672 0.710225590 -0.417323726 -0.391081100 0.410458393
10011.358272138 20.998015621 25.766464415 1.150978323 0.717342067 -0.403876778 -0.375072992 0.426173858
10011.391605471 20.989699670 25.716949548 1.144851800 0.723735819 -0.389430839 -0.358924664 0.442406117
10011.424938804 20.981869282 25.656431707 1.138652553 0.731106557 -0.370769269 -0.338488372 0.461994560
10011.458272138 20.973617522 25.603645472 1.134601785 0.737464168 -0.353112586 -0.319351288 0.479033253
10011.491605471 20.957646417 25.548083925 1.135691643 0.743514193 -0.334721172 -0.299085801 0.495677380
10011.524938804 20.938578493 25.477161470 1.138297291 0.749411334 -0.312507470 -0.275044855 0.514851495
10011.558272138 20.928741714 25.417864985 1.139067138 0.753120084 -0.293356212 -0.255206355 0.530680684
10011.591605471 20.921205363 25.361106337 1.140460210 0.755587763 -0.275740872 -0.237236044 0.544768908
10011.624938804 20.910937751 25.291696476 1.143325918 0.757866057 -0.253447788 -0.214609866 0.561556643
10011.658272138 20.904455519 25.235760216 1.147186007 0.759275889 -0.232449358 -0.193680801 0.576155506
10011.691605471 20.892596780 25.179990874 1.150267860 0.760471024 -0.210639596 -0.172074131 0.589665393
10011.724938804 20.874366978 25.113871782 1.151286868 0.761175611 -0.184094558 -0.146080263 0.604467898
10011.758272138 20.863916226 25.059087236 1.155491831 0.760608111 -0.159370567 -0.122539421 0.617300910
10011.791605471 20.857215559 25.009411983 1.164655595 0.758406497 -0.135925155 -0.101040920 0.629392302
10011.824938804 20.846357505 24.955634500 1.173995112 0.754274345 -0.113961032 -0.081490088 0.641437808
10011.858272138 20.834953978 24.912839516 1.181396035 0.749729259 -0.099453330 -0.068835871 0.650597185
10011.891605471 20.821406844 24.875898114 1.188453154 0.744103520 -0.089773552 -0.060523208 0.659232586
10011.924938804 20.800561634 24.836534283 1.191910818 0.737113315 -0.083067915 -0.054657209 0.668413250
10011.958272138 20.777650499 24.802956717 1.193506921 0.730274086 -0.080923610 -0.052413229 0.676316480
10011.991605471 20.751510011 24.768953052 1.196946583 0.722473221 -0.081801254 -0.052155464 0.684558841
10012.024938804 20.718388072 24.731971327 1.200094802 0.713600833 -0.085628067 -0.053469683 0.693240707
10012.058272138 20.687590658 24.702500727 1.202563216 0.705953737 -0.090869442 -0.055762361 0.700187564
10012.091605471 20.656195143 24.676308280 1.205524994 0.698282523 -0.097995609 -0.059511545 0.706581032
10012.124938804 20.621682379 24.650847484 1.212326323 0.689513085 -0.107427754 -0.064761770 0.713328042
10012.158272138 20.590347235 24.630252920 1.219367736 0.681528150 -0.116724512 -0.070211488 0.719002862
10012.191605471 20.555067163 24.604753199 1.224410186 0.673255354 -0.125213444 -0.075387638 0.724821030
10012.224938804 20.517657907 24.578016280 1.231756829 0.664249282 -0.131807835 -0.079537976 0.731487044
10012.258272138 20.488463259 24.556431744 1.237942709 0.656797329 -0.134787973 -0.081717295 0.737408811
10012.291605471 20.460738025 24.532134733 1.242916985 0.650006235 -0.134864889 -0.082863646 0.743261039
10012.324938804 20.430432436 24.504037856 1.250383261 0.642506201 -0.134040752 -0.084480441 0.749721224
10012.358272138 20.406371849 24.482246764 1.256510072 0.636430803 -0.133974270 -0.086863283 0.754626727
10012.391605471 20.381622457 24.459996272 1.261720897 0.630590598 -0.136891543 -0.091978651 0.758390487
10012.424938804 20.352526841 24.434144082 1.266684714 0.623806675 -0.144057598 -0.100775824 0.761548997
10012.458272138 20.329795763 24.418156416 1.269295407 0.618002640 -0.153008665 -0.110228253 0.763223963
10012.491605471 20.306930022 24.400991822 1.270256383 0.612315013 -0.164044662 -0.121157803 0.763858927
10012.524938804 20.276802660 24.373796806 1.270453638 0.605893898 -0.177467645 -0.134152450 0.763806873
10012.558272138 20.249624478 24.349317186 1.269583014 0.600696089 -0.188280474 -0.144594896 0.763417964
10012.591605471 20.221738767 24.325851626 1.267520562 0.596034923 -0.197314245 -0.153774130 0.762996053
10012.624938804 20.187725330 24.297417747 1.265920733 0.591254694 -0.205710167 -0.163135681 0.762553581
10012.658272138 20.159464122 24.273578094 1.265836528 0.587792165 -0.211081775 -0.169974263 0.762268722
10012.691605471 20.132500905 24.251515351 1.266856601 0.584835098 -0.215285568 -0.176220636 0.761949027
10012.724938804 20.099342848 24.224310675 1.269547513 0.581551040 -0.219972318 -0.183681849 0.761361639
10012.758272138 20.070869864 24.200965451 1.272920376 0.578910114 -0.224086140 -0.190323864 0.760542772
10012.791605471 20.043536998 24.178707738 1.276961730 0.576343967 -0.228760225 -0.197590546 0.759245920
10012.824938804 20.010831510 24.151874447 1.282616584 0.573049325 -0.235227057 -0.207289240 0.757174929
10012.858272138 19.983625103 24.130162544 1.287785673 0.570089284 -0.241534896 -0.216402410 0.754870254
10012.891605471 19.958232607 24.110736403 1.292462499 0.567148020 -0.248451719 -0.225799037 0.752083547
10012.924938804 19.924691849 24.085631757 1.297410993 0.563362036 -0.258133607 -0.238058828 0.747875827
10012.958272138 19.894271505 24.064181910 1.301319848 0.559899093 -0.267510589 -0.249419764 0.743465448
10012.991605471 19.866490534 24.045727077 1.304072294 0.556714362 -0.276366140 -0.259549342 0.739138021
10013.024938804 19.829763649 24.023143309 1.305340120 0.552420443 -0.288197303 -0.272340484 0.733215268
10013.058272138 19.795893612 24.004430378 1.305037476 0.548346876 -0.299159004 -0.284201880 0.727357468
10013.091605471 19.764208832 23.988939045 1.303385172 0.544696716 -0.309036833 -0.294782309 0.721737566
10013.124938804 19.725487379 23.971548983 1.300065671 0.540692791 -0.319864910 -0.306589530 0.715080838
10013.158272138 19.693248584 23.957721416 1.296639534 0.537974194 -0.327299680 -0.315357905 0.709935263
10013.191605471 19.660028631 23.943836641 1.292675530 0.536279301 -0.332692208 -0.322674337 0.705408873
10013.224938804 19.617014987 23.926556160 1.287585983 0.535252030 -0.337327366 -0.330734855 0.700235651
10013.258272138 19.580153524 23.911926203 1.283890963 0.535491163 -0.339046840 -0.336169276 0.696625203
10013.291605471 19.542999728 23.897045148 1.281839092 0.536616658 -0.339022445 -0.340343070 0.693738379
10013.324938804 19.497444607 23.879322159 1.281243514 0.538066935 -0.338854698 -0.345190058 0.690293626
10013.358272138 19.459878738 23.864960846 1.282315881 0.538942043 -0.339284930 -0.349217089 0.687367904
10013.391605471 19.425754139 23.853361212 1.284616682 0.538775180 -0.341418216 -0.354230406 0.683868208
10013.424938804 19.381935552 23.840420443 1.288963426 0.536772504 -0.347182493 -0.363098303 0.677863717
10013.458272138 19.344083632 23.830224911 1.293618135 0.533280963 -0.354796506 -0.372699015 0.671435997
10013.491605471 19.308489918 23.821799164 1.298287816 0.528052184 -0.364655576 -0.383466371 0.664184270
10013.524938804 19.265753767 23.813741638 1.303833538 0.520445754 -0.378047082 -0.397050514 0.654650678
10013.558272138 19.227239781 23.807739197 1.307950685 0.513254615 -0.389918542 -0.408652891 0.646170291
10013.591605471 19.188895803 23.801921099 1.310042934 0.506778034 -0.400094584 -0.418725594 0.638568105
10013.624938804 19.139848409 23.794106806 1.310243489 0.498775854 -0.411561675 -0.430407828 0.629752917
10013.658272137 19.096473038 23.787280659 1.309163541 0.491545402 -0.420851412 -0.440097738 0.622560188
10013.691605471 19.057931240 23.781811691 1.307264267 0.485017964 -0.428361156 -0.447943655 0.616936606
10013.724938804 19.003071466 23.773847356 1.304740865 0.475456461 -0.438355891 -0.458114063 0.609849794
10013.758272137 18.953878059 23.767997384 1.303183613 0.466655438 -0.446659457 -0.466364799 0.604344195
10013.791605471 18.910659298 23.763349723 1.303031106 0.458637518 -0.453189740 -0.472660524 0.600718499
10013.824938804 18.856723066 23.758065041 1.304183346 0.447665575 -0.461088967 -0.479990689 0.597161148
10013.858272137 18.809855746 23.756821702 1.306458422 0.436670534 -0.468422902 -0.486439745 0.594369585
10013.891605471 18.768062554 23.757612623 1.310404978 0.425117694 -0.475668426 -0.492254527 0.592199270
10013.924938804 18.718605203 23.758099480 1.316759259 0.410914790 -0.483490014 -0.498385113 0.590761137
10013.958272137 18.677727705 23.758682897 1.323064565 0.399206484 -0.488373215 -0.502553775 0.591240636
10013.991605471 18.640358849 23.760178005 1.329542863 0.389586276 -0.489849815 -0.504978171 0.594362464
10014.024938804 18.596940336 23.762860949 1.337679180 0.380361386 -0.488226742 -0.506243513 0.600564210
10014.058272137 18.559628955 23.764709813 1.344738288 0.373693583 -0.484525939 -0.506311888 0.607647918
10014.091605471 18.526508313 23.766465709 1.350461884 0.367889274 -0.480245602 -0.505984831 0.614817855
10014.124938804 18.487936684 23.770735654 1.355887382 0.360549909 -0.475561369 -0.505647281 0.623029674
10014.158272137 18.448524100 23.777823924 1.359471819 0.351978199 -0.471879691 -0.505698596 0.630642398
10014.191605471 18.411298338 23.785172871 1.360788586 0.342625433 -0.469664811 -0.506223544 0.636993329
10014.224938804 18.364511808 23.793824965 1.360452932 0.330459663 -0.468596084 -0.507191212 0.643405934
10014.258272137 18.319478239 23.804227883 1.359242807 0.318190235 -0.468697754 -0.508262667 0.648649713
10014.291605471 18.274436390 23.811492922 1.357889457 0.307339309 -0.469618752 -0.508952326 0.652662475
10014.324938804 18.214914637 23.818394840 1.356368474 0.295290983 -0.470618586 -0.508957241 0.657483010
10014.358272137 18.164684742 23.827446821 1.355424045 0.285616496 -0.471302199 -0.508139956 0.661884612
10014.391605471 18.115602093 23.838068670 1.355144685 0.276306772 -0.472571225 -0.506791280 0.665953154
10014.424938804 18.061124531 23.851436032 1.355661433 0.265170127 -0.475446172 -0.505025331 0.669765001
10014.458272137 18.012559314 23.864392194 1.356246682 0.253742195 -0.480369991 -0.503198164 0.672049982
10014.491605471 17.962133320 23.880306913 1.356431545 0.240136858 -0.487947424 -0.500877172 0.673322850
10014.524938804 17.907078267 23.897337863 1.356233754 0.225022592 -0.497528395 -0.497420275 0.674094503
10014.558272137 17.858376869 23.912452937 1.355392864 0.212040830 -0.506483664 -0.493463838 0.674541641
10014.591605471 17.810621590 23.926878178 1.353728579 0.199820101 -0.515702038 -0.488826183 0.674664582
10014.624938804 17.757928533 23.942681033 1.350353485 0.186642352 -0.526442165 -0.482948292 0.674376918
10014.658272137 17.710655289 23.956190162 1.345960192 0.175736645 -0.536266033 -0.476988536 0.673808066
10014.691605471 17.660853044 23.968310773 1.339551421 0.165874826 -0.546161466 -0.470112401 0.673192042
10014.724938804 17.603020621 23.981505848 1.330311499 0.156703200 -0.556280717 -0.461485811 0.673072595
10014.758272137 17.549910382 23.993812086 1.321358081 0.150705759 -0.563684034 -0.453238920 0.673886166
10014.791605471 17.498431762 24.004821881 1.311465018 0.147464278 -0.568755930 -0.444853018 0.675926602
10014.824938804 17.434760951 24.018607161 1.298346951 0.145806636 -0.573233522 -0.434078673 0.679499418
10014.858272137 17.375042600 24.030461313 1.286671477 0.146380882 -0.575816936 -0.424033119 0.683522792
10014.891605471 17.317668043 24.041055247 1.276353777 0.148676278 -0.577285372 -0.414480608 0.687635651
10014.924938804 17.246658445 24.055664973 1.263877824 0.153066679 -0.578805402 -0.402028875 0.692768130
10014.958272137 17.181111822 24.070167727 1.253103442 0.157968319 -0.580550558 -0.390062859 0.697035169
10014.991605471 17.126257835 24.082110681 1.246004923 0.162116974 -0.583617242 -0.380052737 0.699048581
10015.024938804 17.058963536 24.096690654 1.239068706 0.166407551 -0.590148420 -0.368031144 0.698989590
10015.058272137 16.990655196 24.111771664 1.233337573 0.169545031 -0.599919805 -0.356456594 0.695909051
10015.091605471 16.926942195 24.125075369 1.228770661 0.171310279 -0.611912261 -0.346475764 0.690051243
10015.124938804 16.851833757 24.138874762 1.223874418 0.173009200 -0.628452401 -0.335224477 0.680249915
10015.158272137 16.780875145 24.152903020 1.218681628 0.174778180 -0.645719048 -0.324477120 0.668740681
10015.191605471 16.721808523 24.165489366 1.213285227 0.176940783 -0.660673477 -0.315370204 0.657832920
10015.224938804 16.644836446 24.178218731 1.205533065 0.180809406 -0.677919262 -0.303637928 0.644621937
10015.258272137 16.576125111 24.188278303 1.197161195 0.185301022 -0.691215891 -0.293010747 0.634057430
10015.291605471 16.515904990 24.198547396 1.186985637 0.190962695 -0.700827636 -0.282621846 0.626497219
10015.324938804 16.439459764 24.209447393 1.172662395 0.199256550 -0.709761817 -0.268815646 0.619897685
10015.358272137 16.373094518 24.218867518 1.158396184 0.207130486 -0.715186118 -0.256267829 0.616386712
10015.391605471 16.311418428 24.228179575 1.142088531 0.214917466 -0.718349525 -0.244158738 0.614956058
10015.424938804 16.237840488 24.239427200 1.121035397 0.224608792 -0.720642632 -0.228837058 0.614702114
10015.458272137 16.172878010 24.248773849 1.101684536 0.233023608 -0.721900646 -0.214988380 0.615093043
10015.491605471 16.111080021 24.255442658 1.083487154 0.240035203 -0.723257116 -0.202503881 0.615040181
10015.524938804 16.041596571 24.263244748 1.062352242 0.247603322 -0.725631971 -0.188045609 0.613831969
10015.558272137 15.967965625 24.272086929 1.039091213 0.255302624 -0.729684951 -0.172264004 0.610496155
10015.591605471 15.897155358 24.278402954 1.018775655 0.262264512 -0.733978760 -0.157507796 0.606369359
10015.624938804 15.835814377 24.280046133 1.004318277 0.268608585 -0.737125269 -0.144588949 0.602984080
10015.658272137 15.762036567 24.280012729 0.989046511 0.277075015 -0.739616095 -0.128118421 0.599819255
10015.691605471 15.698828941 24.277616120 0.978104115 0.285088179 -0.740264935 -0.113422093 0.598220683
10015.724938804 15.638876074 24.272580115 0.969718088 0.293236666 -0.739654296 -0.099326016 0.597543406
10015.758272137 15.565431861 24.264136752 0.960984020 0.303577374 -0.738750798 -0.082006372 0.596123302
10015.791605471 15.501683011 24.254810728 0.953831912 0.312820134 -0.738694730 -0.067288929 0.593250250
10015.824938804 15.447516870 24.244469892 0.947301649 0.321544048 -0.739595384 -0.054967115 0.588716153
10015.858272137 15.389540597 24.230544604 0.939859380 0.332895764 -0.740383610 -0.040342725 0.582567579
10015.891605471 15.339304552 24.216457342 0.932648671 0.343559087 -0.739924707 -0.027744784 0.577675349
10015.924938804 15.283863269 24.200722274 0.925245172 0.354235164 -0.737198386 -0.016002563 0.575152073
10015.958272137 15.241312532 24.182859059 0.919475132 0.368226597 -0.730597710 -0.000771309 0.575009187
10015.991605471 15.220010631 24.167446689 0.916426390 0.380716533 -0.722263086 0.012819889 0.577257834
10016.024938804 15.169578091 24.145770403 0.910869613 0.392826214 -0.712387020 0.025802085 0.580970353
10016.058272137 15.104806219 24.115079554 0.905110432 0.409121017 -0.698891807 0.042626652 0.585109566
10016.091605471 15.047586747 24.087252471 0.900600495 0.422914792 -0.689030535 0.055194212 0.585946755
10016.124938804 14.993006848 24.059212530 0.897753538 0.436201641 -0.682936805 0.064740391 0.582352239
10016.158272137 14.928678399 24.024047117 0.895974202 0.452716821 -0.678999493 0.073709782 0.573213779
10016.191605471 14.869079799 23.993251770 0.893824959 0.467241227 -0.678363014 0.079026174 0.561483856
10016.224938804 14.814489187 23.964562622 0.892562911 0.480960285 -0.678751105 0.082637554 0.548766961
10016.258272137 14.750077367 23.930965681 0.892204241 0.496858556 -0.678083082 0.086966995 0.534576142
10016.291605471 14.694637253 23.901043071 0.892927187 0.510769458 -0.675616529 0.091360357 0.523746266
10016.324938804 14.644661080 23.867902020 0.894964536 0.525136853 -0.670808784 0.096663862 0.514687244
10016.358272137 14.598470814 23.830992801 0.899215549 0.539910941 -0.663578426 0.103123254 0.507469648
10016.391605471 14.557490693 23.797377677 0.903682581 0.552491744 -0.655758552 0.109050129 0.502833634
10016.424938804 14.512100411 23.763973607 0.907636536 -0.564954262 0.646866390 -0.114726989 -0.499227677
10016.458272137 14.463329695 23.725058714 0.913012007 -0.578612084 0.635682596 -0.120707834 -0.496533295
10016.491605471 14.419520640 23.687193762 0.919194327 -0.591190610 0.623835924 -0.126033151 -0.495417044
10016.524938804 14.379237146 23.656483838 0.924656901 -0.601145794 0.612495415 -0.130318579 -0.496477763
10016.558272137 14.327738374 23.620640355 0.932227627 0.612468511 -0.597133394 0.135540830 0.499942712
10016.591605471 14.286947377 23.591370023 0.939893813 0.621105784 -0.583189751 0.139860923 0.504535669
10016.624938804 14.249977717 23.564101125 0.949292523 0.628348488 -0.569213428 0.143430828 0.510491771
10016.658272137 14.200569687 23.528320527 0.964512260 0.637323107 -0.549697467 0.147667496 0.519467287
10016.691605471 14.160926542 23.501160647 0.980482347 0.644017749 -0.533084511 0.149969896 0.527798326
10016.724938804 14.120419716 23.473343375 1.000302419 0.650461600 -0.515794885 0.150743589 0.536779018
10016.758272137 14.077301439 23.445245333 1.025583065 0.657147655 -0.496877628 0.149741949 0.546668941
10016.791605471 14.040998028 23.422231136 1.051070547 0.662903364 -0.480108444 0.147204570 0.555324974
10016.824938804 14.009899940 23.401134124 1.078583164 0.668239593 -0.463988232 0.143500307 0.563540973
10016.858272137 13.974000965 23.376725213 1.114033752 0.674257409 -0.444308125 0.137834156 0.573558177
10016.891605471 13.944779205 23.357207680 1.145627654 0.679180114 -0.427598617 0.131454252 0.581887940
10016.924938804 13.920421419 23.341510660 1.174184759 0.683412393 -0.413488601 0.123576773 0.588815301
10016.958272137 13.894758205 23.325329563 1.206000775 0.687825572 -0.398903775 0.112638104 0.595889602
10016.991605471 13.870944353 23.311738619 1.232604334 0.691423786 -0.387500180 0.101155369 0.601285581
10017.024938804 13.843548052 23.298274690 1.257839480 0.694762475 -0.377080314 0.088225045 0.606079105
10017.058272137 13.813887146 23.284320019 1.283150446 0.697696150 -0.366771841 0.072518982 0.611096962
10017.091605471 13.785745459 23.271266554 1.304164033 0.699657432 -0.357482966 0.057413036 0.615945736
10017.124938804 13.759321314 23.259130660 1.319621468 0.700563932 -0.348688631 0.045335606 0.620943716
10017.158272137 13.725530960 23.242986345 1.337243139 0.700995980 -0.335636827 0.032389758 0.628413447
10017.191605471 13.695689292 23.227498580 1.352289461 0.700786810 -0.321357375 0.022847268 0.636478819
10017.224938804 13.671161441 23.214692182 1.365994761 0.699961510 -0.307399385 0.015121588 0.644461668
10017.258272137 13.643456629 23.201330744 1.382650331 0.698358570 -0.291174736 0.005063182 0.653824858
10017.291605471 13.617016936 23.190528851 1.399009982 0.696336156 -0.277859908 -0.006300713 0.661717561
10017.324938804 13.588464547 23.181551161 1.416034970 0.693674504 -0.269199396 -0.020762588 0.667769633
10017.358272137 13.556930633 23.175003254 1.434389444 0.690134843 -0.265111888 -0.039875275 0.672190113
10017.391605471 13.526903976 23.169470085 1.452623319 0.686401349 -0.265344246 -0.059744028 0.674445158
10017.424938804 13.496870401 23.164827229 1.471144284 0.682079859 -0.268354221 -0.080516164 0.675477776
10017.458272137 13.462155098 23.160911881 1.492301861 0.676153777 -0.275176287 -0.105598245 0.675235582
10017.491605471 13.424351757 23.158515458 1.513412016 0.668821765 -0.284794602 -0.132554847 0.673794251
10017.524938804 13.391248861 23.157267140 1.529425592 0.661911537 -0.294230550 -0.154854048 0.671804826
10017.558272137 13.347748097 23.154769658 1.547457012 0.652572706 -0.305981776 -0.181959246 0.668890760
10017.591605471 13.307243792 23.153816779 1.560081680 0.643589647 -0.316184620 -0.205137426 0.666136839
10017.624938804 13.269906318 23.154074359 1.567702801 0.635445544 -0.324361463 -0.224284648 0.663848626
10017.658272137 13.221116759 23.153971883 1.574004687 0.625250747 -0.333474375 -0.246880000 0.660989115
10017.691605471 13.176724275 23.154674335 1.576969851 0.616075803 -0.340924749 -0.266193812 0.658302191
10017.724938804 13.135285533 23.155179148 1.578008731 0.607738602 -0.347005462 -0.283005339 0.655857438
10017.758272137 13.082567858 23.156037059 1.578816692 0.597635821 -0.353064757 -0.302679115 0.653117184
10017.791605471 13.036205135 23.158037025 1.579642804 0.589735565 -0.356209772 -0.318011478 0.651302741
10017.824938804 12.993439821 23.160386129 1.580680163 0.584011506 -0.356965276 -0.329808044 0.650179212
10017.858272137 12.945152031 23.165589385 1.581898056 0.577899658 -0.357285685 -0.342810043 0.648737389
10017.891605471 12.900452198 23.170413048 1.584005721 0.572191311 -0.358822739 -0.354802307 0.646497230
10017.924938804 12.848193464 23.175292917 1.588013998 0.564932047 -0.363616485 -0.368918006 0.642288361
10017.958272137 12.788334836 23.181716928 1.593892203 0.555224077 -0.372566993 -0.386429513 0.635289141
10017.991605471 12.733847226 23.187719574 1.600500300 0.545705010 -0.382828654 -0.402598256 0.627345924
10018.024938804 12.682736512 23.191828046 1.607070935 0.537422405 -0.392640945 -0.416258960 0.619466485
10018.058272137 12.617727192 23.195716890 1.615140728 0.528284287 -0.403692232 -0.431709369 0.609569778
10018.091605471 12.558732681 23.197871177 1.622215601 0.521539565 -0.412246022 -0.443829729 0.600886737
10018.124938804 12.510505121 23.201496567 1.626578067 0.516458428 -0.419058453 -0.452997418 0.593678401
10018.158272137 12.447005835 23.207685494 1.630418221 0.508739967 -0.429874836 -0.465515607 0.582826296
10018.191605471 12.381803042 23.214778272 1.633260121 0.498750858 -0.443632513 -0.479466763 0.569692372
10018.224938804 12.330325878 23.222272317 1.634087626 0.488742227 -0.456973751 -0.491654584 0.557298660
10018.258272137 12.268440630 23.232419514 1.633786560 0.475116491 -0.474061039 -0.506761254 0.541039262
10018.291605471 12.211955210 23.241031166 1.632318948 0.461597230 -0.489919164 -0.520526624 0.525318231
10018.324938804 12.157203811 23.251808637 1.630730052 0.446143008 -0.506404858 -0.534806480 0.508421641
10018.358272137 12.096703582 23.266030391 1.629691178 -0.425316040 0.526438751 0.552153051 -0.486924549
10018.391605471 12.042029752 23.277630767 1.629264245 -0.403592925 0.545581225 0.568451507 -0.465098659
10018.424938804 11.993802739 23.287731939 1.630226753 -0.381988168 0.562925655 0.583337924 -0.443752873
10018.458272137 11.939210184 23.300423631 1.633214376 -0.353676939 0.583375571 0.601152663 -0.416174294
10018.491605471 11.892215687 23.313014349 1.638084400 -0.325325298 0.601586972 0.617187896 -0.389018852
10018.524938804 11.842896283 23.325021474 1.644517527 -0.292953894 0.620150668 0.633401359 -0.358320921
10018.558272137 11.792090199 23.339222031 1.653413303 -0.252838006 0.640124663 0.650706169 -0.320772256
10018.591605471 11.751596582 23.352334686 1.661806570 -0.215774555 0.655817696 0.664250527 -0.286558420
10018.624938804 11.716902636 23.362629148 1.668220495 -0.183665490 0.667503200 0.674335281 -0.256862597
10018.658272137 11.664803354 23.376419125 1.676557150 -0.137281701 0.681697553 0.686313054 -0.213111643
10018.691605471 11.620257679 23.388018966 1.682677842 -0.099418831 0.690765815 0.694036657 -0.176837786
10018.724938804 11.581979750 23.397526546 1.685690023 -0.071623246 0.696111513 0.698544867 -0.149445444
10018.758272137 11.533786854 23.410611576 1.687790601 -0.040364890 0.700546745 0.702621686 -0.118015678
10018.791605471 11.493684617 23.422463892 1.688913769 -0.017393295 0.702855333 0.704894453 -0.093891768
10018.824938804 11.456902166 23.431442674 1.687089692 -0.001556624 0.703905944 0.706190111 -0.076220254
10018.858272137 11.401447957 23.444542005 1.682033329 0.019036566 0.704440141 0.707563987 -0.052487157
10018.891605471 11.351672006 23.456977777 1.676311683 0.036662332 0.704246701 0.708292948 -0.031836404
10018.924938804 11.303609262 23.469653139 1.670074343 0.054037832 0.703492299 0.708545027 -0.011934889
10018.958272137 11.245699011 23.485784559 1.662642435 0.076645327 0.701607324 0.708311149 0.012960443
10018.991605471 11.190619957 23.500436790 1.657367830 0.101017964 0.698507584 0.707356158 0.039112560
10019.024938804 11.148602396 23.511412351 1.654431996 0.122045758 0.694923092 0.705996977 0.061278032
10019.058272137 11.093219393 23.525160214 1.651639078 0.151553656 0.688466681 0.703281355 0.091871942
10019.091605471 11.033248459 23.538357546 1.650504720 0.183049954 0.679630814 0.699341321 0.124564790
10019.124938804 10.987031802 23.548405851 1.651081981 0.206071368 0.671607057 0.695960759 0.148718440
10019.158272137 10.929221772 23.562627815 1.651522239 0.234273050 0.659977992 0.691122604 0.178590969
10019.191605471 10.869899149 23.578764462 1.652235077 0.262779023 0.646466092 0.685138103 0.208840986
10019.224938804 10.818724316 23.587246940 1.653184982 0.286209235 0.634038930 0.679327471 0.233651656
10019.258272137 10.752139477 23.597135333 1.653778684 0.315563197 0.616550101 0.670926593 0.264845895
10019.291605471 10.692057467 23.607265329 1.653855305 0.341007249 0.599434021 0.662603087 0.292147327
10019.324938804 10.639607372 23.616869678 1.652712709 0.361368186 0.584419536 0.655109403 0.314163190
10019.358272137 10.571368846 23.630485908 1.648754178 0.385139453 0.565298613 0.645279837 0.340174973
10019.391605471 10.511628691 23.645461401 1.643864258 0.404969329 0.548356339 0.635882598 0.361881872
10019.424938804 10.464409020 23.658983417 1.638543507 0.419230370 0.535550426 0.628325104 0.377676054
10019.458272137 10.408396731 23.677899022 1.631198939 0.434037394 0.521486449 0.619722187 0.394471590
10019.491605471 10.353644234 23.698893144 1.624311312 0.445975027 0.509574951 0.611933633 0.408628038
10019.524938804 10.299009294 23.722406265 1.618597916 0.455653046 0.499860381 0.604549249 0.420761342
10019.558272137 10.237015346 23.752336561 1.613722689 0.466025402 0.490026870 0.595505149 0.433667625
10019.591605471 10.182605545 23.781336377 1.611559085 0.475290935 0.482018253 0.586462819 0.444767684
10019.624938804 10.141788458 23.811673014 1.612497163 0.484286139 0.475173109 0.577237806 0.454394067
10019.658272137 10.098555167 23.854098072 1.617078327 0.497641933 0.465501445 0.563354585 0.467217854
10019.691605471 10.049904851 23.888293582 1.621981457 0.512887741 0.454139006 0.547285578 0.480814335
10019.724938804 10.017991533 23.917974078 1.626770392 0.528438144 0.441964919 0.530422252 0.494036813
10019.758272137 9.994815352 23.959716510 1.634765047 0.549223935 0.424251541 0.506042950 0.512136927
10019.791605471 9.960736657 23.992217538 1.640172935 0.567467392 0.406176337 0.482621748 0.529223762
10019.824938804 9.935443936 24.017997399 1.644615409 0.581891949 0.390022551 0.462293049 0.543662860
10019.858272137 9.918614215 24.052187078 1.651834494 0.599318114 0.368128885 0.435261911 0.562001771
10019.891605471 9.874769903 24.093759758 1.653487063 0.618497305 0.339958912 0.401947998 0.583375375
10019.924938804 9.831504713 24.129536279 1.651029434 0.632544010 0.315978352 0.374584888 0.599776557
10019.958272137 9.802410894 24.158581794 1.647456156 0.642444567 0.296965268 0.353263778 0.611785347
10019.991605471 9.771997735 24.196548322 1.640903146 0.653280917 0.273774495 0.327710888 0.625201682
10020.024938804 9.733803403 24.237566071 1.630740073 0.663271748 0.249739367 0.301638037 0.637742371
10020.058272137 9.709725768 24.269423193 1.622174091 0.670003871 0.232438333 0.283001090 0.645738041
10020.091605471 9.677204920 24.317914176 1.610007093 0.679018616 0.207877993 0.256305039 0.655765344
10020.124938804 9.646198052 24.362471500 1.599819421 0.686065853 0.187510948 0.233746916 0.662959779
10020.158272137 9.618148797 24.399346062 1.593033203 0.690744333 0.172961014 0.217087787 0.667704760
10020.191605471 9.586465869 24.446595189 1.586683890 0.695940208 0.155556566 0.196407498 0.672973607
10020.224938804 9.555451294 24.491661347 1.582256363 0.700527356 0.139279117 0.176566949 0.677264249
10020.258272137 9.529711889 24.526199942 1.580787534 0.703798397 0.126422499 0.160556807 0.680372457
10020.291605471 9.494730813 24.578053220 1.581035180 0.707950129 0.106912995 0.135705064 0.684806806
10020.324938804 9.465110076 24.619665288 1.582581303 0.710552198 0.090598543 0.114669199 0.688301135
10020.358272137 9.442064401 24.652999875 1.583894308 0.712420230 0.075125706 0.095206634 0.691194069
10020.391605471 9.417159642 24.694712013 1.585543522 0.714655689 0.050616519 0.066262178 0.694488688
10020.424938804 9.388953416 24.733534132 1.586692041 0.716004281 0.021735965 0.034757677 0.696891183
10020.458272137 9.365049422 24.765407026 1.587740561 0.716066407 -0.006809537 0.005309207 0.697978756
10020.491605471 9.336336658 24.806655200 1.588561190 0.714302019 -0.045478223 -0.033777893 0.697540974
10020.524938804 9.308263640 24.845360880 1.587569524 0.710745939 -0.081050790 -0.069419461 0.695307067
10020.558272137 9.284613878 24.879687856 1.584986161 0.706477976 -0.110862181 -0.099343714 0.691902647
10020.591605471 9.257245304 24.924119479 1.581050959 0.699315661 -0.148239283 -0.137057056 0.685709913
10020.624938804 9.235188444 24.964386867 1.576819504 0.691395248 -0.180555726 -0.170013636 0.678577633
10020.658272137 9.215713373 24.996587504 1.572887999 0.684155866 -0.205466389 -0.195419345 0.671956542
10020.691605471 9.192290920 25.036771918 1.567787141 0.674045513 -0.235425389 -0.226025961 0.662683784
10020.724938804 9.165685800 25.083871740 1.562367750 0.661377395 -0.266929822 -0.258692984 0.651464774
10020.758272137 9.145170983 25.120972007 1.559031352 0.650627968 -0.290036652 -0.282509863 0.642456353
10020.791605471 9.119743863 25.171340777 1.556456789 0.635256528 -0.318995975 -0.311971614 0.630368483
10020.824938804 9.096377571 25.217156393 1.555238869 0.620765003 -0.343400578 -0.336352647 0.619349458
10020.858272137 9.078526575 25.255820407 1.555394115 0.609301967 -0.360874315 -0.353750652 0.611049358
10020.891605471 9.058016030 25.307399335 1.557370400 0.594673202 -0.380959869 -0.374069245 0.601086983
10020.924938804 9.040753351 25.355417455 1.559241744 0.581714373 -0.397089549 -0.391010433 0.592485543
10020.958272137 9.028157117 25.390748885 1.559066411 0.573504669 -0.406220156 -0.401226995 0.587447425
10020.991605471 9.011346241 25.442806217 1.557847045 0.562407206 -0.417199048 -0.414635184 0.581137465
10021.024938804 8.998376040 25.489153635 1.555462691 0.552974018 -0.425456951 -0.425623621 0.576238363
10021.058272137 8.988682421 25.524251152 1.551981634 0.545840585 -0.431008039 -0.433701167 0.572881684
10021.091605471 8.977460159 25.568875391 1.545302439 0.536210395 -0.438173028 -0.444414396 0.568312110
10021.124938804 8.965472869 25.612630322 1.536402406 0.526222805 -0.445847684 -0.455013415 0.563269203
10021.158272137 8.956215902 25.648248362 1.527512562 0.516723213 -0.453353174 -0.464613313 0.558213660
10021.191605471 8.944623507 25.694034806 1.514454339 0.502701134 -0.464898193 -0.477911666 0.550237839
10021.224938804 8.936435508 25.733877842 1.502241877 0.488325278 -0.476885445 -0.490536175 0.541749901
10021.258272137 8.929461888 25.769838321 1.492231827 0.476103529 -0.487233361 -0.500636531 0.534127462
10021.291605471 8.925105085 25.811125081 1.480993174 0.461189970 -0.499539112 -0.512470035 0.524536892
10021.324938804 8.918902955 25.851553630 1.470935360 0.449078581 -0.509372048 -0.521732110 0.516395344
10021.358272137 8.910811310 25.886132616 1.463540539 0.441407412 -0.515489219 -0.527580954 0.510968393
10021.391605471 8.900558656 25.935115354 1.453601711 0.431116812 -0.523586167 -0.535621517 0.503095827
10021.424938804 8.891195156 25.985560336 1.444697049 -0.420756961 0.532022285 0.543475737 -0.494519960
10021.458272137 8.883380972 26.024461807 1.439324822 -0.412481628 0.538770039 0.549791503 -0.487149931
10021.491605471 8.874173693 26.072400374 1.433417380 -0.401182148 0.548212921 0.558343011 -0.476202226
10021.524938804 8.863724460 26.118411496 1.428088657 -0.389183565 0.558377860 0.567295977 -0.463600682
10021.558272137 8.857823032 26.149561221 1.424885333 -0.379429752 0.566902483 0.574236450 -0.452666696
10021.591605471 8.845623287 26.199029079 1.419040427 -0.363154427 0.581202691 0.584934780 -0.433789807
10021.624938804 8.833119226 26.242819881 1.413165564 -0.348070629 0.594669296 0.593540898 -0.415841878
10021.658272137 8.824513065 26.279570372 1.407796159 -0.335090351 0.606286155 0.600001447 -0.400162240
10021.691605471 8.812164405 26.329565053 1.399345182 -0.319070919 0.621092365 0.606660820 -0.380000884
10021.724938804 8.800108250 26.377579751 1.389914142 -0.306447987 0.633670348 0.610525596 -0.363056493
10021.758272137 8.792389030 26.415003393 1.381799484 -0.298734755 0.642597578 0.611821598 -0.351425996
10021.791605471 8.781670538 26.463679872 1.370085588 -0.291708971 0.652906056 0.611318330 -0.338982974
10021.824938804 8.770263074 26.521569824 1.354750455 -0.285937009 0.663946122 0.608808020 -0.326754294
10021.858272137 8.763868156 26.562341377 1.343715379 -0.282448048 0.671800135 0.605909527 -0.319031853
10021.891605471 8.756736505 26.616558322 1.328279805 -0.277080236 0.683025415 0.601280087 -0.308488383
10021.924938804 8.748520353 26.676236522 1.313626751 -0.270312992 0.695277911 0.596025043 -0.297108837
10021.958272137 8.744479387 26.722360071 1.303288216 -0.263180229 0.705437262 0.592058987 -0.287333589
10021.991605471 8.741228598 26.778352901 1.290840129 -0.252417826 0.718783670 0.587059294 -0.273855185
10022.024938804 8.738527497 26.831274964 1.279369720 -0.241041773 0.731817883 0.581903194 -0.260250116
10022.058272137 8.739364888 26.868805625 1.271670155 -0.232986958 0.740401826 0.578199408 -0.251411335
10022.091605471 8.743717450 26.919044367 1.260148698 -0.221667636 0.752222269 0.572315700 -0.239749571
10022.124938804 8.746066578 26.959954155 1.251252791 -0.213976127 0.760364613 0.567339991 -0.232777160
10022.158272137 8.748135787 27.001819971 1.240861180 -0.207070306 0.767844081 0.561989173 -0.227388491
10022.191605471 8.753947220 27.043114880 1.227886494 -0.199384450 0.775499577 0.556220429 -0.222407469
10022.224938804 8.761238791 27.073583281 1.215167280 -0.192274286 0.781763393 0.551604021 -0.218196245
10022.258272137 8.765722189 27.114097591 1.199549506 -0.184142654 0.787973476 0.547303320 -0.213654766
10022.291605471 8.777863979 27.146936502 1.182018461 -0.173885865 0.794751936 0.543004911 -0.208035410
10022.324938804 8.795480007 27.161754525 1.167436635 -0.163767232 0.800510019 0.539776285 -0.202498310
10022.358272137 8.806300899 27.200841256 1.146141765 -0.151613958 0.806777762 0.536560453 -0.195514016
10022.391605471 8.821266743 27.239513966 1.122448195 -0.137677535 0.813265318 0.533152611 -0.188129511
10022.424938804 8.835098823 27.272865599 1.102269467 -0.126351019 0.818046261 0.530222956 -0.183573830
10022.458272137 8.850135803 27.313312985 1.081692851 -0.116433826 0.821883332 0.527253684 -0.181533759
10022.491605471 8.866611496 27.359578645 1.059221427 -0.107318244 0.825032183 0.523858895 -0.182692499
10022.524938804 8.881966763 27.402268300 1.040141140 -0.101143569 0.826713476 0.520933275 -0.186931352
10022.558272137 8.900082053 27.442305058 1.025497838 -0.096044401 0.827540692 0.518193714 -0.193460980
10022.591605471 8.918832133 27.491719189 1.010138231 -0.091260458 0.827630940 0.515022096 -0.203594690
10022.624938804 8.943279363 27.537614874 0.997488517 -0.087076083 0.826874866 0.511708518 -0.216448848
10022.658272137 8.964410143 27.571104175 0.990556904 -0.083328758 0.826122422 0.508798071 -0.227382026
10022.691605471 8.991095695 27.612535758 0.982124272 -0.077597914 0.825209199 0.504724319 -0.241374614
10022.724938804 9.016726162 27.649026676 0.975776374 -0.070847936 0.824889646 0.500686028 -0.252687838
10022.758272137 9.045717797 27.690141722 0.966990185 -0.061244421 0.825563789 0.495762751 -0.262512566
10022.791605471 9.076899075 27.735706564 0.954948754 -0.049803618 0.826706274 0.489554309 -0.272787307
10022.824938804 9.107584895 27.781578195 0.940804887 -0.039479981 0.827635166 0.482961241 -0.283213352
10022.858272137 9.132961988 27.824004651 0.924987972 -0.031075715 0.828107887 0.476614324 -0.293445759
10022.891605471 9.164771903 27.879268605 0.901565815 -0.021098266 0.828299246 0.467859344 -0.307543260
10022.924938804 9.196365700 27.931174090 0.876990425 -0.012016606 0.828158551 0.458864264 -0.321640487
10022.958272137 9.219879306 27.975035836 0.855276868 -0.005190797 0.827892624 0.451472164 -0.332775818
10022.991605471 9.250220627 28.033105001 0.825487530 0.003807304 0.827497419 0.441364245 -0.347031885
10023.024938804 9.279285521 28.088397943 0.796329085 0.012179110 0.827047447 0.431654788 -0.359886556
10023.058272137 9.300302980 28.125701524 0.775110256 0.018967710 0.826741680 0.424006564 -0.369265290
10023.091605471 9.326118021 28.173930063 0.748594970 0.027456947 0.826401983 0.414396158 -0.380239008
10023.124938804 9.352955843 28.222136513 0.723173855 0.035677310 0.825705731 0.404762082 -0.391286125
10023.158272137 9.377222207 28.265130781 0.701897522 0.043540098 0.825111944 0.396184394 -0.400415367
10023.191605471 9.404016457 28.311453736 0.680413245 0.051886862 0.824367227 0.387229907 -0.409608871
10023.224938804 9.431389046 28.360543927 0.659573365 0.059458838 0.822604414 0.378274524 -0.420351056
10023.258272137 9.450952152 28.395112117 0.647141452 0.062893021 0.819548865 0.372762499 -0.430618444
10023.291605471 9.476082082 28.440169492 0.633659304 0.064303572 0.813266761 0.367029772 -0.446935535
10023.324938804 9.498811176 28.479956097 0.624632291 0.063429055 0.806161362 0.363358168 -0.462656952
10023.358272137 9.519364822 28.513766285 0.618047774 0.061917020 0.799110345 0.360919169 -0.476787472
10023.391605471 9.546781872 28.554324313 0.610977046 0.060890730 0.792327659 0.358390832 -0.489964500
10023.424938804 9.574561245 28.592059432 0.604160410 0.061092881 0.788330025 0.355978247 -0.498079229
10023.458272137 9.593612092 28.620498641 0.597178895 -0.061863044 -0.786860339 -0.354411551 0.501414223
10023.491605471 9.621290632 28.661772912 0.587030731 -0.062797641 -0.785925286 -0.352229888 0.504293572
10023.524938804 9.646599106 28.702032243 0.577152252 -0.062145003 -0.784932119 -0.350787876 0.506919553
10023.558272137 9.667075265 28.737212683 0.569181619 -0.059731770 -0.783186310 -0.350027840 0.510423189
10023.591605471 9.692085921 28.781063032 0.560988054 -0.054605502 -0.779925096 -0.349465618 0.516341811
10023.624938804 9.716041643 28.822634481 0.556337490 -0.047018888 -0.775145660 -0.349431195 0.524248290
10023.658272137 9.732852822 28.852276572 0.555670092 -0.038769621 -0.769851534 -0.350089494 0.532224463
10023.691605471 9.750375649 28.886544823 0.559849397 -0.026236400 -0.761906510 -0.351155034 0.543599359
10023.724938804 9.772207026 28.928455472 0.566119204 -0.010627848 -0.752059849 -0.352798849 0.556620161
10023.758272137 9.790121850 28.963556291 0.575080498 0.004752912 -0.742744114 -0.354522305 0.567998703
10023.791605471 9.812216591 29.005645854 0.589945139 0.023488812 -0.732473996 -0.356734298 0.579371005
10023.824938804 9.834541236 29.046086309 0.607188829 0.039840421 -0.725431554 -0.358951155 0.585931625
10023.858272137 9.854808424 29.081400744 0.623233239 0.051435904 -0.723331967 -0.361000042 0.586365230
10023.891605471 9.878501429 29.123714899 0.646095122 0.063122991 -0.725344240 -0.364091566 0.580799925
10023.924938804 9.898450698 29.159588225 0.670989553 0.072265172 -0.730432440 -0.367599881 0.571066129
10023.958272137 9.914298320 29.192743159 0.689499940 0.079660695 -0.734427228 -0.370814061 0.562821245
10023.991605471 9.935624784 29.233178328 0.716580251 0.091035526 -0.738037666 -0.375542860 0.553155039
10024.024938804 9.955588480 29.273153988 0.740194898 0.103228679 -0.738938510 -0.379978854 0.546744719
10024.058272137 9.968555045 29.298399750 0.756486738 0.112210091 -0.738572922 -0.383094426 0.543284084
10024.091605471 9.989313073 29.343975859 0.781804914 0.127505796 -0.737954852 -0.388344670 0.536985406
10024.124938804 10.011307889 29.390319712 0.810168210 0.143893521 -0.738686646 -0.394320862 0.527397148
10024.158272137 10.028264355 29.429613494 0.832707393 0.157109516 -0.740111331 -0.399671705 0.517507822
10024.191605471 10.037589329 29.454587487 0.847789876 0.166169548 -0.741202747 -0.403451016 0.510130814
10024.224938804 10.052692603 29.496338099 0.871466878 -0.181185901 0.742793814 0.409556136 -0.497687442
10024.258272137 10.064784223 29.538388652 0.891258546 -0.194914435 0.743753455 0.414981181 -0.486446071
10024.291605471 10.070744037 29.565739376 0.905053447 -0.204205989 0.744087111 0.418746861 -0.478837500
10024.324938804 10.080897408 29.608057876 0.926531672 -0.218429748 0.743947302 0.424506185 -0.467573905
10024.358272137 10.088121073 29.646860526 0.945749123 -0.230800521 0.743153543 0.429650717 -0.458098452
10024.391605471 10.092872041 29.682672419 0.964019691 -0.242460810 0.741485197 0.434338181 -0.450291909
10024.424938804 10.097940815 29.719970454 0.982518092 -0.255318476 0.738359159 0.438821965 -0.443929624
10024.458272137 10.102291431 29.765865384 1.004648819 -0.271373844 0.733177521 0.443766539 -0.438039061
10024.491605471 10.104072699 29.796671233 1.019935712 -0.282508380 0.728852714 0.446895069 -0.435025900
10024.524938804 10.105231141 29.841939553 1.038962543 -0.297049644 0.722544615 0.450917435 -0.431699265
10024.558272137 10.105392309 29.885853754 1.053828918 -0.309416760 0.716724778 0.454455425 -0.428995487
10024.591605471 10.106462173 29.918799624 1.064084091 -0.318281956 0.712400790 0.457084226 -0.426914185
10024.624938804 10.104261237 29.969764710 1.073789989 -0.328783437 0.707251717 0.460537474 -0.423794404
10024.658272137 10.106221827 30.014069522 1.081698611 -0.337316901 0.703270045 0.463979523 -0.419942322
10024.691605471 10.107833200 30.042723756 1.085005665 -0.341828345 0.701309935 0.466310239 -0.416980238
10024.724938804 10.108745403 30.099762006 1.087057302 -0.348862906 0.698377687 0.470639942 -0.411170675
10024.758272137 10.110241414 30.142972475 1.086602417 -0.354330390 0.695961975 0.473819567 -0.406917586
10024.791605471 10.113475144 30.178472154 1.086041189 -0.358637731 0.693755368 0.475964090 -0.404401599
10024.824938804 10.119789019 30.223590686 1.084139863 -0.364679439 0.690204511 0.478358612 -0.402243308
10024.858272137 10.123252609 30.270068736 1.082630877 -0.370592573 0.686111543 0.480310356 -0.401514703
10024.891605471 10.126398505 30.303791264 1.082046124 -0.374524789 0.682867845 0.481464702 -0.402012971
10024.924938804 10.129090400 30.353734953 1.081786991 -0.381375321 0.676748123 0.482604653 -0.404546155
10024.958272137 10.131537127 30.404549826 1.083595864 -0.389373533 0.668841278 0.482856903 -0.409742367
10024.991605471 10.133910751 30.439059789 1.086438844 -0.395783001 0.662159492 0.482440837 -0.414911391
10025.024938804 10.135399069 30.485950786 1.091372520 -0.405162118 0.651925335 0.481273624 -0.423335227
10025.058272137 10.135100437 30.534190700 1.097464795 -0.415075523 0.640775871 0.479482099 -0.432684076
10025.091605471 10.136205127 30.567578270 1.103340404 -0.423325131 0.631470119 0.477493419 -0.440501257
10025.124938804 10.136866799 30.613039804 1.111910758 -0.435127449 0.618096079 0.474107244 -0.451490489
10025.158272137 10.136669352 30.657126214 1.120872554 -0.446662414 0.604891785 0.470446785 -0.461820786
10025.191605471 10.136988764 30.686309075 1.127338434 -0.454471457 0.595801755 0.467859566 -0.468597258
10025.224938804 10.137492701 30.736666681 1.138403265 -0.467333725 0.580730329 0.463657279 -0.478929433
10025.258272137 10.138291492 30.778715587 1.147987119 -0.477941429 0.568253639 0.460334972 -0.486571172
10025.291605471 10.137905095 30.810695710 1.154785853 -0.485959069 0.558948842 0.457853832 -0.491721308
10025.324938804 10.138184798 30.853851393 1.163073515 -0.496776780 0.546774955 0.454543820 -0.497634299
10025.358272137 10.137357261 30.896077054 1.169089016 0.507363303 -0.535206224 -0.451288974 0.502468943
10025.391605471 10.136002377 30.927431350 1.173145562 0.515492441 -0.526514958 -0.448714207 0.505672921
10025.424938804 10.134052895 30.967545139 1.177918525 0.526510609 -0.515143258 -0.445404063 0.508949136
10025.458272137 10.131202853 31.004821960 1.182576243 0.536879080 -0.504862750 -0.442694290 0.510780014
10025.491605471 10.126611399 31.040005340 1.186995624 0.545390986 -0.496628157 -0.441355402 0.510993694
10025.524938804 10.119768311 31.080315772 1.193072229 0.553462515 -0.489046780 -0.441747646 0.509285292
10025.558272137 10.112294902 31.114822692 1.199780868 0.559118697 -0.483796201 -0.443522792 0.506571863
10025.591605471 10.104268781 31.150375518 1.207985081 0.564605756 -0.478208510 -0.445618808 0.503945274
10025.624938804 10.094133514 31.190510440 1.218777574 0.571826999 -0.470142231 -0.446695368 0.502437473
10025.658272137 10.084967920 31.222760908 1.229541015 0.580101250 -0.460275785 -0.445029274 0.503564978
10025.691605471 10.075885399 31.254996134 1.238752088 0.590477978 -0.446992328 -0.440196837 0.507701055
10025.724938804 10.065142673 31.289622989 1.249944636 0.605263954 -0.427346211 -0.430524584 0.515440923
10025.758272137 10.054622910 31.324999564 1.259446695 0.620953769 -0.404939072 -0.417983689 0.525100371
10025.791605471 10.046659114 31.353542695 1.264791721 0.631989704 -0.387873154 -0.407880489 0.532707177
10025.824938804 10.035840105 31.394613865 1.270955235 0.645563656 -0.365340397 -0.394341185 0.542465658
10025.858272137 10.023943872 31.436217778 1.275364604 0.656450120 -0.345093736 -0.382586639 0.551009090
10025.891605471 10.013614540 31.468743629 1.277448294 0.663079326 -0.331018862 -0.374850317 0.556991526
10025.924938804 10.000641784 31.515193358 1.279230077 0.670994211 -0.312514314 -0.364931964 0.564735544
10025.958272137 9.984094668 31.560051202 1.279642214 0.678020951 -0.293696875 -0.354886087 0.572787571
10025.991605471 9.970901514 31.593458738 1.279318504 0.683059547 -0.278853160 -0.346575039 0.579272227
10026.024938804 9.953614362 31.638816442 1.277105895 0.689744564 -0.257892503 -0.333980792 0.588388243
10026.058272137 9.933056811 31.686401605 1.274958715 0.697370588 -0.231534934 -0.317166018 0.599559466
10026.091605471 9.917377787 31.719374459 1.273982901 0.702731553 -0.210873409 -0.303469393 0.607953203
10026.124938804 9.896379602 31.761613629 1.273323960 0.709272273 -0.181847205 -0.283673961 0.619187791
10026.158272137 9.870470993 31.802631439 1.271319329 0.715150313 -0.149704268 -0.261378306 0.630737697
10026.191605471 9.849499957 31.835926714 1.271755753 0.717838024 -0.127856255 -0.245937956 0.638651604
10026.224938804 9.818302398 31.879292524 1.273067870 0.719880470 -0.100329070 -0.226273464 0.648464730
10026.258272137 9.785237253 31.916788848 1.274557627 0.720186787 -0.077307935 -0.209366979 0.656901776
10026.291605471 9.760563145 31.940445716 1.276190089 0.719614200 -0.064560557 -0.199672472 0.661905010
10026.324938804 9.709311149 31.986582983 1.279653312 0.717463105 -0.042944082 -0.182636661 0.670854939
10026.358272137 9.662607906 32.020867730 1.280187857 0.714715943 -0.028117915 -0.170145757 0.677820717
10026.391605471 9.631582898 32.043022575 1.282008086 0.712550980 -0.020211309 -0.163409397 0.682026373
10026.424938804 9.576218786 32.078035876 1.283252271 0.708137418 -0.009043848 -0.153637249 0.689097382
10026.458272137 9.519608292 32.109648900 1.281994061 0.703010189 -0.000368073 -0.146303392 0.695968286
10026.491605471 9.486971889 32.128090536 1.281200046 0.699944983 0.003893783 -0.142950020 0.699733629
10026.524938804 9.426733977 32.158007654 1.277322905 0.693844039 0.012518100 -0.137109982 0.706841283
10026.558272137 9.375853556 32.181752461 1.274234599 0.688467349 0.021449450 -0.131835562 0.712861848
10026.591605471 9.337747516 32.199772766 1.272172396 0.684452874 0.029811556 -0.126991317 0.717292646
10026.624938804 9.287120066 32.225784917 1.268158904 0.678584292 0.043407569 -0.119312702 0.723466393
10026.658272137 9.235644417 32.248590300 1.266428040 0.672381729 0.058823329 -0.110893137 0.729482925
10026.691605471 9.198844416 32.264646531 1.266211490 0.667656497 0.070469842 -0.104822172 0.733676438
10026.724938804 9.151942625 32.281530643 1.266754981 0.661093841 0.086047265 -0.096993293 0.739014954
10026.758272137 9.106824917 32.299386456 1.268613256 0.654043939 0.102755093 -0.089016521 0.744139755
10026.791605471 9.066630817 32.319987759 1.271282405 0.646924642 0.118796875 -0.081375280 0.748835011
10026.824938804 9.027135172 32.341650526 1.274202147 0.639015434 0.134835535 -0.074334791 0.753626560
10026.858272137 8.980230594 32.369887319 1.277377770 0.628594628 0.152116422 -0.067570697 0.759712833
10026.891605471 8.943653782 32.392831368 1.280344024 0.619654309 0.162896029 -0.064653588 0.765057733
10026.924938804 8.901856171 32.422138720 1.281345208 0.608859499 0.170749827 -0.064265839 0.772013283
10026.958272137 8.850884368 32.456821355 1.280471920 0.595823032 0.174043069 -0.067242917 0.781141674
10026.991605471 8.817500528 32.479159452 1.280108007 0.586478490 0.173634269 -0.070823266 0.787958239
10027.024938804 8.767430887 32.513633917 1.275762689 0.572937434 0.171197244 -0.076586151 0.797852594
10027.058272137 8.727903029 32.541991664 1.270180114 0.561317823 0.169516064 -0.080824823 0.806011138
10027.091605471 8.687069269 32.570777943 1.262790429 0.549635937 0.168817340 -0.083990308 0.813846835
10027.124938804 8.643696630 32.601550290 1.252747917 0.537864004 0.169889745 -0.085870709 0.821258796
10027.158272137 8.587753665 32.637476146 1.241027842 0.524185606 0.172829940 -0.086542173 0.829379114
10027.191605471 8.546731417 32.665454609 1.231674863 0.513206548 0.175752382 -0.086518915 0.835610326
10027.224938804 8.491230997 32.701961741 1.219638568 0.499932973 0.178439753 -0.086742177 0.843031478
10027.258272137 8.435624827 32.735293584 1.212691197 0.488486917 0.178507071 -0.088001531 0.849571355
10027.291605471 8.392071031 32.762404774 1.206814117 0.477550032 0.176193965 -0.090043727 0.856033750
10027.324938804 8.335709025 32.795923733 1.202428359 0.464287580 0.170822390 -0.093375648 0.864024156
10027.358272137 8.273209873 32.832603903 1.201149175 0.451224680 0.165912110 -0.096742126 0.871498951
10027.391605471 8.243610584 32.851283273 1.200196282 0.443462331 0.164826733 -0.098171364 0.875520241
10027.424938804 8.187153863 32.887432395 1.199977299 0.429382553 0.166852854 -0.099439436 0.881987838
10027.458272137 8.138461370 32.920264910 1.201132503 0.417921867 0.172390051 -0.099520306 0.886407746
10027.491605471 8.106335617 32.942726110 1.202027574 0.409805448 0.176904380 -0.099694707 0.889283588
10027.524938804 8.064375645 32.972556730 1.202998877 0.399374237 0.180641289 -0.100927015 0.893130831
10027.558272137 8.016143758 33.008113008 1.204278808 0.386916722 0.181214526 -0.104076493 0.898122948
10027.591605471 7.991059629 33.026973553 1.203952992 0.380183951 0.180623601 -0.106262767 0.900857093
10027.624938804 7.948746447 33.059591565 1.201680372 0.368591064 0.179608415 -0.110043875 0.905412497
10027.658272137 7.903720297 33.096491258 1.196984047 0.355981701 0.181503667 -0.113760219 0.909610939
10027.691605471 7.871512394 33.123530238 1.192866656 0.347587212 0.184931182 -0.115646375 0.911926260
10027.724938804 7.828089459 33.162321250 1.186825679 0.337142857 0.192384982 -0.117443469 0.914073161
10027.758272137 7.788600603 33.199008649 1.181307497 0.327906383 0.204352503 -0.118385578 0.914714334
10027.791605471 7.761791784 33.224137195 1.177983787 0.322326903 0.214265220 -0.118813011 0.914373694
10027.824938804 7.724648264 33.261217748 1.175179026 0.315832615 0.228629490 -0.119439244 0.913078629
10027.858272137 7.690128322 33.294310169 1.175646485 0.311552182 0.239405741 -0.120158570 0.911691860
10027.891605471 7.658609874 33.326101352 1.177286003 0.308103933 0.246139190 -0.121817878 0.910850081
10027.924938804 7.625549621 33.360014983 1.182139590 0.305388364 0.245982610 -0.125149132 0.911355143
10027.958272137 7.585802565 33.395743762 1.190627002 0.303219616 0.236916468 -0.130611931 0.913711648
10027.991605471 7.557421508 33.421413151 1.198041877 0.302131430 0.225059665 -0.135998533 0.916280058
10028.024938804 7.527596333 33.451256330 1.205300985 0.301170513 0.207375312 -0.143445822 0.919627696
10028.058272137 7.496220917 33.486984201 1.212141047 0.300106305 0.181250589 -0.153515594 0.923860050
10028.091605471 7.468788265 33.518938646 1.216986710 0.298920034 0.151711472 -0.163876220 0.927779622
10028.124938804 7.435213154 33.557270334 1.221923542 0.296536167 0.110384561 -0.177636477 0.931840562
10028.158272137 7.402389262 33.598292894 1.223840130 0.293134305 0.062392853 -0.193074092 0.934292142
10028.191605471 7.382135143 33.627479611 1.222793225 0.290539976 0.030116489 -0.203697184 0.934444742
10028.224938804 7.352525381 33.669592759 1.220191643 0.286796352 -0.011185678 -0.218009522 0.932788605
10028.258272137 7.326783295 33.709197462 1.216788452 0.283914083 -0.043403188 -0.230291512 0.929771357
10028.291605471 7.308710629 33.745830685 1.212204249 0.282568551 -0.066488714 -0.240383363 0.926255960
10028.324938804 7.288672707 33.791371624 1.208130087 0.282734854 -0.089016450 -0.251823590 0.921261067
10028.358272137 7.271869505 33.836186438 1.207145222 0.286001789 -0.103703852 -0.262413744 0.915744241
10028.391605471 7.262067151 33.877704916 1.208170613 0.292475142 -0.109949197 -0.272389933 0.910040213
10028.424938804 7.253643397 33.907859443 1.211018702 0.298954034 -0.112182414 -0.279318626 0.905551046
10028.458272137 7.236676546 33.954185243 1.218535370 0.309498332 -0.117026017 -0.289810326 0.898067742
10028.491605471 7.223339220 33.997168331 1.228425981 0.319762674 -0.127261211 -0.301000012 0.889356739
10028.524938804 7.212843500 34.026838810 1.237958614 0.326982335 -0.138203193 -0.309721436 0.882074295
10028.558272137 7.192842589 34.073971974 1.248567652 0.336819961 -0.157151322 -0.322377017 0.870591084
10028.591605471 7.177245956 34.117577055 1.262665297 0.347047388 -0.178037028 -0.335914543 0.857334443
10028.624938804 7.164005350 34.142282284 1.272253958 0.353018573 -0.190436315 -0.343898738 0.849026239
10028.658272137 7.140555039 34.190007003 1.289463487 0.364426476 -0.215186110 -0.359097643 0.831827605
10028.691605471 7.121830687 34.227391450 1.304918633 0.375060739 -0.235788701 -0.372107152 0.815640483
10028.724938804 7.108516482 34.248834878 1.314736239 0.382498038 -0.246512396 -0.379322561 0.805630985
10028.758272137 7.089551817 34.282323725 1.327617802 0.395984679 -0.259865714 -0.389335922 0.789989547
10028.791605471 7.064442676 34.320916002 1.341723513 0.414747277 -0.272142597 -0.399097225 0.771131965
10028.824938804 7.047742830 34.343216340 1.349360731 0.426770780 -0.278320066 -0.404011741 0.759723078
10028.858272137 7.020978685 34.374981968 1.356014251 0.444070591 -0.287271511 -0.409895562 0.743143336
10028.891605471 6.999456673 34.403435631 1.359514001 0.458078323 -0.296711692 -0.414319474 0.728330828
10028.924938804 6.973807811 34.432365839 1.365590681 0.471670521 -0.307168904 -0.418476468 0.712777405
10028.958272137 6.940960351 34.467282815 1.370252422 0.487481140 -0.320146439 -0.422177397 0.693999021
10028.991605471 6.907425187 34.500709259 1.371789221 0.503823738 -0.333651569 -0.424376303 0.674346369
10029.024938804 6.885334078 34.522029854 1.374234551 0.513467370 -0.341329601 -0.424940589 0.662775120
10029.058272137 6.846381261 34.556490761 1.376773203 0.529767469 -0.352425167 -0.423649454 0.644720149
10029.091605471 6.801980123 34.593323247 1.379044710 0.551525460 -0.361496299 -0.418284572 0.624642386
10029.124938804 6.775767455 34.614857823 1.379932092 0.566011646 -0.364850885 -0.412894828 0.613214897
10029.158272137 6.738360734 34.644982871 1.378275841 0.586451744 -0.369806043 -0.403852988 0.596842195
10029.191605471 6.702501724 34.674691486 1.376481431 0.603532086 -0.377439980 -0.396150455 0.579959394
10029.224938804 6.681234383 34.692586406 1.374735045 0.612599990 -0.383085148 -0.391802937 0.569611693
10029.258272137 6.641147675 34.726291308 1.368751715 0.629576937 -0.392315981 -0.381500104 0.551524000
10029.291605471 6.606778324 34.754181360 1.360634468 0.647581989 -0.395649347 -0.366361726 0.538403424
10029.324938804 6.583468693 34.773309363 1.355016886 0.661399119 -0.393989771 -0.351770820 0.532522823
10029.358272137 6.549459037 34.800929671 1.345406537 0.685143527 -0.384753566 -0.321552447 0.528343699
10029.391605471 6.524972510 34.820444623 1.335669381 0.705679348 -0.372315735 -0.290404553 0.528263994
10029.424938804 6.500187455 34.841081219 1.325469003 0.725666738 -0.356714008 -0.254215717 0.530600859
10029.458272137 6.474235871 34.864725315 1.312651632 0.746743952 -0.336221200 -0.207943779 0.534872096
10029.491605471 6.449896760 34.890035652 1.300052649 0.763914367 -0.315711246 -0.160365245 0.539485160
10029.524938804 6.432278045 34.908780012 1.291327476 0.772698327 -0.303754818 -0.130163740 0.541966518
10029.558272137 6.408054895 34.935993763 1.279130165 0.782032706 -0.289267990 -0.090625585 0.544551081
10029.591605471 6.386796127 34.960283475 1.268391932 0.788511137 -0.276529528 -0.054027007 0.546683353
10029.624938804 6.371297593 34.978423741 1.260893431 0.791500739 -0.268648042 -0.030932994 0.548085723
10029.658272137 6.346809085 35.007385243 1.249544380 0.794465125 -0.255482627 0.004372374 0.550939811
10029.691605471 6.327934210 35.031274767 1.238626269 0.795759359 -0.239487875 0.040254285 0.554790224
10029.724938804 6.316414851 35.046966374 1.230802200 0.795490459 -0.227545402 0.064582478 0.557895261
10029.758272137 6.300191067 35.070704864 1.222431767 0.793895842 -0.210987655 0.096301857 0.562085006
10029.791605471 6.287146061 35.094498179 1.212760987 0.790108614 -0.188925768 0.133133836 0.567724241
10029.824938804 6.280050207 35.110680165 1.206689123 0.786332534 -0.173203014 0.157205118 0.571811518
10029.858272137 6.271199559 35.134496179 1.199895219 0.779264045 -0.148797370 0.191631643 0.577827141
10029.891605471 6.263830539 35.161938777 1.196457356 0.770757237 -0.124167735 0.224067152 0.583360580
10029.924938804 6.259749986 35.180037347 1.192814032 0.763602921 -0.105835722 0.246932841 0.587140147
10029.958272137 6.252124356 35.204418616 1.193386413 0.752468606 -0.079092460 0.278127685 0.591760400
10029.991605471 6.244855890 35.228895453 1.194307295 0.739271170 -0.050607743 0.310301574 0.595508125
10030.024938804 6.239999242 35.253576760 1.193253903 0.726608901 -0.025987249 0.336888783 0.598222464
10030.058272137 6.233907149 35.285122720 1.194095339 0.712444217 -0.000291859 0.363862036 0.600022975
10030.091605471 6.226116355 35.315316563 1.194432785 0.702314463 0.017160728 0.381598197 0.600701857
10030.124938804 6.221107698 35.338096391 1.194629570 0.698295638 0.024479241 0.388418636 0.600761960
10030.158272137 6.212213484 35.370443543 1.192380679 0.698476917 0.025600900 0.388172790 0.600663362
10030.191605471 6.204523298 35.395953980 1.190125115 0.703617898 0.019444277 0.379719137 0.600297552
10030.224938804 6.196400253 35.421164418 1.186713462 0.712554895 0.007183798 0.364366858 0.599542081
10030.258272137 6.187922163 35.451903959 1.181051880 0.725444912 -0.012149796 0.340232402 0.598183897
10030.291605471 6.180137382 35.488844836 1.174606416 0.741214020 -0.038348604 0.306698720 0.595875034
10030.324938804 6.176930319 35.509202229 1.171593536 0.749398935 -0.053079914 0.287253357 0.594196321
10030.358272137 6.173465520 35.548475239 1.166399778 0.762392502 -0.079027084 0.251447419 0.591004728
10030.391605471 6.173186646 35.587750486 1.162565889 0.772374641 -0.102275699 0.217333298 0.587999432
10030.424938804 6.174812500 35.623338475 1.160097984 0.778897645 -0.120998808 0.188611045 0.585750477
10030.458272137 6.179461525 35.667579942 1.158212707 0.784278492 -0.141969772 0.154890854 0.583747081
10030.491605471 6.184738976 35.715845422 1.159101100 0.787075066 -0.161505115 0.121883771 0.582729169
10030.524938804 6.191121071 35.750287667 1.159229864 0.787671600 -0.175054618 0.098672988 0.582402758
10030.558272137 6.202541629 35.798791622 1.160106475 0.786508574 -0.193369216 0.067538678 0.582624353
10030.591605471 6.217035589 35.857044148 1.160929369 0.782528417 -0.216645559 0.029864581 0.582942609
10030.624938804 6.226864154 35.896276020 1.161318324 0.778276806 -0.233435178 0.003768757 0.582905676
10030.658272137 6.240476864 35.946151580 1.160977743 0.769875515 -0.258668119 -0.033173030 0.582479224
10030.691605471 6.255261454 36.004372144 1.161603886 0.758637097 -0.283995545 -0.068880854 0.582298646
10030.724938804 6.268535271 36.047641874 1.162129517 0.749175121 -0.301839852 -0.092556615 0.582290834
10030.758272137 6.283410505 36.103111385 1.162417923 0.735543988 -0.323709832 -0.120010712 0.582910298
10030.791605471 6.305020405 36.169940985 1.161818585 0.717592542 -0.348884224 -0.149178389 0.584026155
10030.824938804 6.321815113 36.215497422 1.161018851 0.705114108 -0.365436404 -0.166572137 0.584400592
10030.858272137 6.341939361 36.275464327 1.158409147 0.686872951 -0.389095782 -0.189110522 0.583992494
10030.891605471 6.366605691 36.338044272 1.155129791 0.666638011 -0.415241655 -0.211903959 0.581605401
10030.924938804 6.386999004 36.381562210 1.151558238 0.651242472 -0.435167224 -0.228369276 0.578238881
10030.958272137 6.414881471 36.435616183 1.146286265 0.630006384 -0.462057778 -0.249825332 0.571998138
10030.991605471 6.450919057 36.496008178 1.137525923 0.604307772 -0.493568333 -0.273403370 0.562541566
10031.024938804 6.477363909 36.532626030 1.131581807 0.587242536 -0.513373756 -0.287429946 0.555857550
10031.058272137 6.514763873 36.580553021 1.122652712 0.564819546 -0.537834331 -0.303328251 0.547453271
10031.091605471 6.558432713 36.625376754 1.113642044 0.543444587 -0.559313301 -0.315587357 0.540593407
10031.124938804 6.588478173 36.653077530 1.107228337 0.529919989 -0.571894248 -0.321857352 0.537149531
10031.158272137 6.629589817 36.683127505 1.099022346 0.512867553 -0.586534293 -0.328706088 0.533757159
10031.191605471 6.671265812 36.717809663 1.089583007 0.496087909 -0.600363856 -0.334868820 0.530398812
10031.224938804 6.698760391 36.731167863 1.085078343 0.486329975 -0.608259392 -0.338740276 0.527976034
10031.258272137 6.749188799 36.756008790 1.076201863 0.468363192 -0.622744776 -0.346294438 0.522403127
10031.291605471 6.799900432 36.774364449 1.067373327 0.449773890 -0.637206030 -0.354429116 0.515802215
10031.324938804 6.833670440 36.789473834 1.061057914 0.438249533 -0.645419139 -0.359181046 0.512211341
10031.358272137 6.879693600 36.787088967 1.056955992 0.425245726 -0.653704188 -0.364809237 0.508675857
10031.391605471 6.927992489 36.793886048 1.052277811 0.415036058 -0.657562211 -0.368799726 0.509258059
10031.424938804 6.958878490 36.798168728 1.049842369 0.411009124 -0.657054315 -0.369829714 0.512422784
10031.458272137 6.997011222 36.796725438 1.048250935 0.409194372 -0.652690968 -0.369603864 0.519564674
10031.491605471 7.042400067 36.793502190 1.049444091 0.409942763 -0.644707969 -0.368584588 0.529569606
10031.524938804 7.069969167 36.792198955 1.050336508 0.410756683 -0.639455763 -0.368214875 0.535530654
10031.558272137 7.110449424 36.793943262 1.052666201 0.410989796 -0.633584045 -0.368757710 0.541919179
10031.591605471 7.145527221 36.792358624 1.055263173 0.410489984 -0.629817630 -0.370197963 0.545693316
10031.624938804 7.179677666 36.792802265 1.057162729 0.409510034 -0.626879193 -0.372347499 0.548344189
10031.658272137 7.218104144 36.794564407 1.059680579 0.408763041 -0.623359446 -0.374304813 0.551572012
10031.691605471 7.262992055 36.794614821 1.062131949 0.410166006 -0.615574714 -0.374102978 0.559355504
10031.724938804 7.299886277 36.794810189 1.063946877 0.413492071 -0.605881336 -0.371982312 0.568824467
10031.758272137 7.344527747 36.794215194 1.066560348 0.419786639 -0.590581507 -0.366588076 0.583614466
10031.791605471 7.390038921 36.791588113 1.069592069 0.429610809 -0.569428040 -0.357502359 0.602808696
10031.824938804 7.418374838 36.789676313 1.071638092 0.438237369 -0.551680884 -0.349090278 0.617844794
10031.858272137 7.458028491 36.782621088 1.075313310 0.453289331 -0.521111637 -0.334150405 0.641338405
10031.891605471 7.496300598 36.777300383 1.077511606 0.468586126 -0.489362784 -0.318047522 0.663171835
10031.924938804 7.522821024 36.773836619 1.079182604 0.477895131 -0.468764254 -0.307429922 0.676286301
10031.958272137 7.557315244 36.771603314 1.080420590 0.486651369 -0.448413473 -0.296769598 0.688493724
10031.991605471 7.592582989 36.772952798 1.081067371 0.490527162 -0.437475094 -0.290688142 0.695340959
10032.024938804 7.620208209 36.776411626 1.080536752 0.490500125 -0.435717695 -0.289532115 0.696943952
10032.058272137 7.656088380 36.784175468 1.079865656 0.486648627 -0.440733321 -0.291659222 0.695602007
10032.091605471 7.690534314 36.793620065 1.078896704 0.479816427 -0.452062056 -0.297222270 0.690706172
10032.124938804 7.717972194 36.802033947 1.077814807 0.472191219 -0.466017591 -0.304180318 0.683620795
10032.158272137 7.753710877 36.812478334 1.077262300 0.459729398 -0.489481610 -0.316248292 0.670107194
10032.191605471 7.790968528 36.821966687 1.077873378 0.445084948 -0.516530534 -0.330395511 0.652636501
10032.224938804 7.819300816 36.828511771 1.079107222 0.434296798 -0.535748485 -0.340801608 0.638916361
10032.258272137 7.858139841 36.836048975 1.082534379 0.419775519 -0.561093504 -0.354731118 0.618973688
10032.291605471 7.897912671 36.839827828 1.087948580 0.405138447 -0.585826945 -0.368887302 0.597153070
10032.324938804 7.926408856 36.840142062 1.092683877 0.394857380 -0.602721216 -0.379271965 0.580489071
10032.358272137 7.967959156 36.840181016 1.100175625 0.380673861 -0.624875635 -0.394266515 0.556032164
10032.391605471 8.007792058 36.835797656 1.108627666 0.365973841 -0.646141768 -0.410240191 0.529402445
10032.424938804 8.036736235 36.830486222 1.114715705 0.354739718 -0.661000255 -0.422426187 0.508718499
10032.458272137 8.077393416 36.822549712 1.122234097 -0.337947110 0.680635453 0.439995867 -0.478467103
10032.491605471 8.118600133 36.811058669 1.129217196 -0.317628636 0.700832419 0.459496792 -0.443631231
10032.524938804 8.165607743 36.800285697 1.134945465 -0.291795401 0.722052214 0.481355906 -0.402234430
10032.558272137 8.203406206 36.792396668 1.137696885 -0.269800960 0.736749532 0.498259349 -0.368978578
10032.591605471 8.255017667 36.780414989 1.141511640 -0.235943683 0.755177774 0.520487377 -0.321138597
10032.624938804 8.310903872 36.765505272 1.146285836 -0.198152820 0.770533789 0.542062411 -0.270520762
10032.658272137 8.350614859 36.751321311 1.151153512 -0.170500536 0.778494414 0.556586576 -0.234707048
10032.691605471 8.412093175 36.730790307 1.159493974 -0.134322138 0.784895387 0.574370539 -0.189724216
10032.724938804 8.468631457 36.705552110 1.169833686 -0.101283497 0.786855637 0.590107837 -0.149574733
10032.758272137 8.508532836 36.685250557 1.178659447 -0.079229986 0.786115907 0.600483653 -0.123141271
10032.791605471 8.558861803 36.656682104 1.191114477 -0.052857187 0.783118531 0.612707354 -0.092310255
10032.824938804 8.613865630 36.622332533 1.206827293 -0.023984704 0.777691377 0.625401398 -0.059109631
10032.858272137 8.650956506 36.597280109 1.218824367 -0.004134808 0.772822265 0.633568622 -0.036324261
10032.891605471 8.699118897 36.560958294 1.235034965 0.023227618 0.764781811 0.643848880 -0.005280022
10032.924938804 8.745381304 36.523663640 1.251312812 0.051612448 0.755247965 0.652852051 0.026848969
10032.958272137 8.776036585 36.495661406 1.262886442 0.072818821 0.747223994 0.658601126 0.050973316
10032.991605471 8.819026537 36.459269350 1.276030726 0.102493832 0.735133511 0.664884262 0.083681857
10033.024938804 8.870563497 36.425421655 1.288774962 0.134242292 0.720710011 0.669793848 0.118035115
10033.058272137 8.897743374 36.403465176 1.295296701 0.152509017 0.711275687 0.672185234 0.137822015
10033.091605471 8.937250001 36.366384784 1.305790258 0.180462698 0.694740309 0.675549889 0.168527343
10033.124938804 8.982397479 36.332972301 1.314353329 0.205837682 0.677205799 0.678417040 0.196909812
10033.158272137 9.005581981 36.308089369 1.319581924 0.220263718 0.665022641 0.680593610 0.214525336
10033.191605471 9.035089633 36.278144753 1.325024045 0.235725255 0.649481942 0.683751297 0.234714670
10033.224938804 9.064931920 36.247530900 1.328401230 0.248606546 0.633716477 0.687337104 0.253309925
10033.258272137 9.086925451 36.226879016 1.330384859 0.255723803 0.622895371 0.690192738 0.265029579
10033.291605471 9.117038393 36.204891527 1.332180436 0.261833743 0.611045513 0.693822287 0.276906313
10033.324938804 9.150140748 36.178964798 1.333110023 0.265878505 0.597665713 0.698868020 0.289288449
10033.358272137 9.176541389 36.159356443 1.334732417 0.266641311 0.587163688 0.703555501 0.298581432
10033.391605471 9.208704755 36.137689787 1.337531679 0.265545103 0.576049742 0.709181045 0.307757597
10033.424938804 9.243606305 36.115247607 1.340615770 0.262745426 0.565230486 0.715259703 0.316042554
10033.458272137 9.264315518 36.103695957 1.342609478 0.260401338 0.559285753 0.718810366 0.320471914
10033.491605471 9.298415946 36.086526747 1.348869315 0.255221728 0.549818995 0.724862838 0.327314539
10033.524938804 9.334481530 36.069247316 1.355185665 0.250136549 0.539842013 0.730630954 0.334933900
10033.558272137 9.355796053 36.058888699 1.359698923 0.247906763 0.533601261 0.733650226 0.339954817
10033.591605471 9.389346939 36.046085367 1.366421973 0.246522407 0.522481970 0.737489620 0.349783296
10033.624938804 9.421064993 36.035318602 1.372824124 0.247648187 0.511587102 0.739754357 0.360156221
10033.658272137 9.447850122 36.024812918 1.378175304 0.249053947 0.503872533 0.740972765 0.367483284
10033.691605471 9.477943188 36.022463464 1.380525403 0.250211085 0.495802363 0.741890166 0.375730503
10033.724938804 9.502395026 36.025725658 1.381482399 0.250719159 0.488923867 0.742393416 0.383334543
10033.758272137 9.535127586 36.017496968 1.384412720 0.251281264 0.482929970 0.742737734 0.389842313
10033.791605471 9.566605828 36.015912906 1.385302221 0.253067505 0.477368580 0.742176486 0.396547778
10033.824938804 9.596647293 36.016660453 1.384943843 0.257962375 0.470642785 0.739969534 0.405457606
10033.858272137 9.633097767 36.007060754 1.386741053 0.265778832 0.463432314 0.736896157 0.414217524
10033.891605471 9.675572896 35.994363372 1.390136342 0.278718995 0.453979460 0.731394799 0.425769913
10033.924938804 9.718223549 35.979340437 1.395277340 0.295918180 0.443112563 0.723515419 0.438872562
10033.958272137 9.750755190 35.966669677 1.399884482 0.311806683 0.433341184 0.715738399 0.450233889
10033.991605471 9.795668344 35.946377229 1.407541470 0.336303682 0.418876635 0.702871794 0.466276140
10034.024938804 9.840641013 35.923193252 1.417070666 0.362687107 0.403318759 0.687495483 0.482847804
10034.058272137 9.875339514 35.907544834 1.424100310 0.381441810 0.392325453 0.675287841 0.494539397
10034.091605471 9.909395284 35.885107264 1.432617963 0.401956231 0.380562705 0.660405228 0.507413195
10034.124938804 9.956849390 35.860059932 1.441725612 0.423086995 0.369413742 0.642879208 0.520804383
10034.158272137 9.990455528 35.843240902 1.447375530 0.435761012 0.363416683 0.631017528 0.529015627
10034.191605471 10.027830696 35.823265441 1.453029280 0.448147022 0.358694150 0.618282322 0.536870305
10034.224938804 10.078305409 35.796584675 1.458740131 0.463710481 0.353910876 0.601019130 0.546347588
10034.258272137 10.107929828 35.780941050 1.461114481 0.472972080 0.350805454 0.590543717 0.551807089
10034.291605471 10.153714301 35.752512281 1.462710975 0.488982476 0.344743603 0.572372897 0.560747049
10034.324938804 10.199767416 35.725460638 1.463064805 0.504580749 0.338376518 0.553578656 0.569605365
10034.358272137 10.236999891 35.698432396 1.462679061 0.517192619 0.333126073 0.537279658 0.576948337
10034.391605471 10.277789946 35.664402214 1.463092294 0.529532514 0.328326914 0.519382529 0.584840613
10034.424938804 10.313826223 35.632572295 1.464522453 0.538544688 0.325205289 0.504379522 0.591449438
10034.458272137 10.349378269 35.601217968 1.467538345 0.545847525 0.322762347 0.490367718 0.597841490
10034.491605471 10.390606623 35.563950036 1.472964128 0.552909111 0.320447265 0.474494112 0.605359729
10034.524938804 10.428127270 35.524794704 1.478200262 0.558484647 0.318526709 0.459068913 0.613099803
10034.558272137 10.456140551 35.496536811 1.482766449 0.562369662 0.316983865 0.447347443 0.618984538
10034.591605471 10.487735103 35.461208596 1.489563395 0.566591569 0.315338023 0.432443126 0.626521243
10034.624938804 10.518400128 35.424753896 1.495705810 0.570883085 0.313221694 0.416244800 0.634606130
10034.658272137 10.538979534 35.401358024 1.498987395 0.574026665 0.311014004 0.405136797 0.640021760
10034.691605471 10.568732023 35.365135534 1.502853044 0.579588876 0.306066622 0.386512930 0.648851071
10034.724938804 10.598000076 35.325525418 1.505177777 0.586326482 0.298807550 0.364817567 0.658667935
10034.758272137 10.618777189 35.297429135 1.505965368 0.591462458 0.292303680 0.348325362 0.665882994
10034.791605471 10.642629868 35.262458278 1.506191263 0.597870693 0.282981926 0.326768570 0.675051232
10034.824938804 10.661838033 35.229883833 1.504663999 0.603462216 0.273957753 0.306623305 0.683200301
10034.858272137 10.682122884 35.196306326 1.502429396 0.608868567 0.264462018 0.286133747 0.690989427
10034.891605471 10.704525049 35.158110686 1.499036186 0.614600199 0.252939377 0.262648577 0.699502675
10034.924938804 10.724911464 35.123173026 1.494471926 0.619433879 0.241818145 0.241188783 0.706861815
10034.958272137 10.743946487 35.088227985 1.490259920 0.623853276 0.230051180 0.219836257 0.713831608
10034.991605471 10.763703799 35.047220206 1.482776411 0.628430318 0.215282662 0.194688376 0.721682165
10035.024938804 10.786322984 35.003545539 1.477023866 0.632568178 0.199269095 0.168977432 0.729106272
10035.058272137 10.801352432 34.973867586 1.473681059 0.634753683 0.188861631 0.152212775 0.733655448
10035.091605471 10.824960069 34.926740902 1.469012253 0.637132499 0.174179447 0.127573338 0.739897792
10035.124938804 10.846092903 34.879947704 1.465644633 0.638636493 0.162267121 0.105768323 0.744732081
10035.158272137 10.861952621 34.843170191 1.464287231 0.639404214 0.154641320 0.090358903 0.747718919
10035.191605471 10.881260756 34.796044607 1.464284995 0.640274922 0.147286836 0.072320560 0.750416117
10035.224938804 10.902387313 34.743031389 1.465325571 0.641525563 0.139494284 0.053496231 0.752412420
10035.258272137 10.915881343 34.703422570 1.466465076 0.642796877 0.133492745 0.039341560 0.753288858
10035.291605471 10.928248047 34.656897140 1.468245410 0.644844960 0.125972195 0.022863714 0.753513924
10035.324938804 10.940220929 34.600044876 1.469508546 0.648058170 0.116137915 0.002815397 0.752678328
10035.358272137 10.948894490 34.558601790 1.469949389 0.650733467 0.108543910 -0.011679575 0.751417169
10035.391605471 10.954488765 34.506166255 1.471435702 0.654569891 0.098564661 -0.029443903 0.748970175
10035.424938804 10.959940279 34.453779015 1.471452365 0.658609154 0.088711664 -0.046012834 0.745819711
10035.458272137 10.966078511 34.405783475 1.469766795 0.662313709 0.079524890 -0.060826960 0.742506851
10035.491605471 10.970667312 34.349451833 1.466310535 0.666586705 0.068394118 -0.077653880 0.738210190
10035.524938804 10.975513396 34.296444521 1.461348167 0.670290775 0.059050406 -0.092109117 0.733988581
10035.558272137 10.980787466 34.243749077 1.454266790 0.673460632 0.050446388 -0.105821517 0.729868307
10035.591605471 10.982906079 34.189626272 1.445346689 0.675901707 0.040632871 -0.120720384 0.725901124
10035.624938804 10.988779661 34.117874981 1.433036605 0.677580650 0.027725787 -0.140462538 0.721377861
10035.658272137 10.991056579 34.066212714 1.425398283 0.678203633 0.018798132 -0.154376581 0.718230000
10035.691605471 10.995743102 34.002238109 1.416855343 0.678378551 0.009762418 -0.169745555 0.714768272
10035.724938804 10.997362885 33.934119892 1.408137558 0.678463462 0.002066156 -0.183851799 0.711253525
10035.758272137 10.997268401 33.884589331 1.402891116 0.678264215 -0.002955849 -0.193222542 0.708952726
10035.791605471 10.994969235 33.832512127 1.397476590 0.677635982 -0.008551766 -0.202562761 0.706897922
10035.824938804 10.991341144 33.762078556 1.389960637 0.676120294 -0.017105909 -0.215174636 0.704463351
10035.858272137 10.988540018 33.712257700 1.384379365 0.674835977 -0.023657878 -0.223930652 0.702774339
10035.891605471 10.984856639 33.660058226 1.377428413 0.673474068 -0.030415551 -0.232640520 0.700989274
10035.924938804 10.980866268 33.598485396 1.368220842 0.672139819 -0.037595111 -0.241981783 0.698755671
10035.958272137 10.977882179 33.552299446 1.360073809 0.671514970 -0.042085413 -0.247947324 0.697006877
10035.991605471 10.975148112 33.499440564 1.349072909 0.672038684 -0.044171995 -0.252096849 0.694881300
10036.024938804 10.972372082 33.450364945 1.338926558 0.673323782 -0.043945752 -0.253728072 0.693055497
10036.058272137 10.969435387 33.404403395 1.329146037 0.675048143 -0.042563243 -0.253903150 0.691398268
10036.091605471 10.964807997 33.353576100 1.318264010 0.677217369 -0.040980297 -0.253419607 0.689547499
10036.124938804 10.962445166 33.301495110 1.307488766 0.679221979 -0.040392665 -0.253513997 0.687572971
10036.158272137 10.960515117 33.262885284 1.299654116 0.680650196 -0.040306715 -0.253710062 0.686091746
10036.191605471 10.959076145 33.211471137 1.289143056 0.683015969 -0.039416816 -0.253142723 0.683998730
10036.224938804 10.959406702 33.149347616 1.275790518 0.687020977 -0.035206959 -0.249937544 0.681391129
10036.258272137 10.960434092 33.104696472 1.267193463 0.690902890 -0.029541911 -0.245509211 0.679342108
10036.291605471 10.964549067 33.047453696 1.256922516 0.697501346 -0.017942918 -0.236207314 0.676295815
10036.324938804 10.970251507 32.987162432 1.247380649 0.705891795 -0.001375407 -0.222971151 0.672308522
10036.358272137 10.975684310 32.941709019 1.241429060 0.712677076 0.012829149 -0.211586117 0.668698822
10036.391605471 10.984030993 32.888281712 1.235659001 0.720540325 0.029453734 -0.198271415 0.663809132
10036.424938804 10.993704896 32.829777018 1.230813012 0.728551402 0.046239964 -0.184742570 0.657985488
10036.458272137 11.002610666 32.778143253 1.227020430 0.735186172 0.059445631 -0.174173520 0.652404088
10036.491605471 11.012584490 32.720951484 1.223337840 0.741868370 0.071617929 -0.164487091 0.646100758
10036.524938804 11.021031605 32.669837163 1.218139829 0.748124916 0.082457423 -0.155924231 0.639685483
10036.558272137 11.030509679 32.617353192 1.212843524 0.754005320 0.092749892 -0.147566574 0.633322620
10036.591605470 11.037423606 32.579381270 1.208867547 0.758170128 0.100206650 -0.141272060 0.628632555
10036.624938804 11.047352192 32.525650770 1.202183905 0.763499236 0.109720773 -0.132998287 0.622367836
10036.658272137 11.057798406 32.469035204 1.194011166 0.768561228 0.118365398 -0.125343437 0.616110619
10036.691605470 11.065478417 32.427564290 1.186703964 0.771854684 0.123663767 -0.120685883 0.611868072
10036.724938804 11.076183257 32.369912930 1.176117167 0.775849631 0.129488956 -0.115414500 0.606604858
10036.758272137 11.088060933 32.307056558 1.163687454 0.779917085 0.135655302 -0.109677336 0.601080578
10036.791605470 11.095375411 32.268544622 1.155733760 0.782215425 0.139291528 -0.106251686 0.597869115
10036.824938804 11.106566929 32.207038398 1.142020489 0.785370839 0.144371769 -0.101419375 0.593349432
10036.858272137 11.118177437 32.144224427 1.128539913 0.788019410 0.148317525 -0.097436976 0.589519598
10036.891605470 11.125375327 32.105641308 1.120394857 0.789355906 0.150347517 -0.095442248 0.587540343
10036.924938804 11.136784997 32.045402412 1.109269959 0.790879115 0.152828682 -0.092786477 0.585272833
10036.958272137 11.148683740 31.983922201 1.098998073 0.791762192 0.153335473 -0.092293381 0.584022942
10036.991605470 11.157003200 31.939353834 1.092733248 0.791708119 0.151165665 -0.094578655 0.584296222
10037.024938804 11.166384833 31.889900469 1.085710170 0.790613052 0.144566494 -0.101502754 0.586283824
10037.058272137 11.174631749 31.838214408 1.080642858 0.788444697 0.133742251 -0.112062948 0.589838847
10037.091605470 11.179954053 31.798578070 1.078293246 0.786236926 0.123829978 -0.121242380 0.593125550
10037.124938804 11.185715172 31.752851225 1.077334026 0.783414304 0.111910155 -0.131271033 0.597081285
10037.158272137 11.193154601 31.703179917 1.075971751 0.780781994 0.101144101 -0.139086380 0.600669899
10037.191605470 11.199184943 31.670234832 1.074517460 0.779434502 0.095719464 -0.142084207 0.602604115
10037.224938804 11.207648240 31.625545510 1.072920946 0.778527222 0.092027656 -0.141724522 0.604433979
10037.258272137 11.216382629 31.579742928 1.071243242 0.778423575 0.091481505 -0.137451214 0.605636058
10037.291605470 11.223488712 31.545615992 1.069483433 0.778901412 0.092772848 -0.131973712 0.606043504
10037.324938804 11.228498418 31.511716275 1.068863497 0.779657269 0.095152740 -0.124418877 0.606300620
10037.358272137 11.235510240 31.467660227 1.068077239 0.780951071 0.099240969 -0.112364842 0.606333899
10037.391605470 11.239660075 31.440392923 1.067958628 0.781737923 0.101741780 -0.104330027 0.606341221
10037.424938804 11.243642609 31.405202834 1.069619807 0.782618520 0.104177816 -0.092883727 0.606652989
10037.458272137 11.247014583 31.368994722 1.071430729 0.783311881 0.105072231 -0.081885849 0.607187805
10037.491605470 11.248344305 31.344411076 1.073781189 0.783610950 0.104346764 -0.074525008 0.607874703
10037.524938804 11.249198462 31.315748578 1.076386510 0.783679385 0.101830906 -0.067255989 0.609059701
10037.558272137 11.248560800 31.285517436 1.079794358 0.783403300 0.097292592 -0.059304998 0.610979818
10037.591605470 11.247124000 31.266615635 1.083144027 0.783053854 0.093509882 -0.053324523 0.612567596
10037.624938804 11.245421582 31.242815728 1.085438713 0.782711836 0.089132136 -0.046545042 0.614207785
10037.658272137 11.242949676 31.216648517 1.088583709 0.782194527 0.083545990 -0.038109344 0.616230044
10037.691605470 11.240560131 31.201465549 1.091495633 0.781784432 0.079342748 -0.031884041 0.617657865
10037.724938804 11.238605744 31.182611109 1.093501615 0.781413390 0.074242623 -0.024882264 0.619081593
10037.758272137 11.239321735 31.157067206 1.093167123 0.781154894 0.068705377 -0.017873663 0.620287945
10037.791605470 11.239339473 31.136896497 1.092297057 0.781047739 0.064009400 -0.012374804 0.621058846
10037.824938804 11.238469766 31.111898054 1.090894861 0.781011828 0.057258019 -0.005446983 0.621862022
10037.858272137 11.235394303 31.090713441 1.089790196 0.781038067 0.049842628 0.000789487 0.622490664
10037.891605470 11.232060565 31.078193295 1.089555837 0.781057230 0.043809353 0.004470164 0.622904777
10037.924938804 11.229044239 31.063715618 1.088390593 0.781000474 0.036121407 0.006959280 0.623446126
10037.958272137 11.228544118 31.043543123 1.085383389 0.780825824 0.026213418 0.007909809 0.624148479
10037.991605470 11.227325590 31.033038461 1.085323015 0.780557520 0.018432195 0.007799512 0.624763459
10038.024938804 11.226610034 31.022325075 1.084973609 0.780256644 0.010543750 0.007454682 0.625326176
10038.058272137 11.227135717 31.009887807 1.085194882 0.779831333 0.001998832 0.006772293 0.625949865
10038.091605470 11.227799870 31.003460170 1.086486969 0.779436714 -0.003882102 0.006009848 0.626440117
10038.124938804 11.229899804 30.997527938 1.087867818 0.779024281 -0.008991106 0.004943067 0.626909799
10038.158272137 11.234693366 30.990119388 1.089847151 0.778395875 -0.014350235 0.003379581 0.627600598
10038.191605470 11.238469391 30.986663972 1.091929423 0.777891838 -0.017721096 0.001949697 0.628145246
10038.224938804 11.243914420 30.984051319 1.094358046 0.777340605 -0.020756957 -0.000409675 0.628737277
10038.258272137 11.251027704 30.981809280 1.097224146 0.776725835 -0.023430304 -0.003853145 0.629391096
10038.291605470 11.256945189 30.980845558 1.099414801 0.776276388 -0.025259089 -0.007238274 0.629844866
10038.324938804 11.264271334 30.981374275 1.100880320 0.775738037 -0.026808462 -0.011963673 0.630371855
10038.358272137 11.273964773 30.983640858 1.102542208 0.775043734 -0.027215635 -0.017133573 0.631088710
10038.391605470 11.283518022 30.985038362 1.104058545 0.774434550 -0.026375639 -0.020835948 0.631760490
10038.424938804 11.299772595 30.981356969 1.106559929 0.773619224 -0.023298566 -0.024399761 0.632752025
10038.458272137 11.318033421 30.981971244 1.108904183 0.772734544 -0.017651561 -0.026953343 0.633911085
10038.491605470 11.333569677 30.983794123 1.110490618 0.772017722 -0.011787604 -0.028261906 0.634862941
10038.524938804 11.355042229 30.985798142 1.113599594 0.771098435 -0.003709795 -0.029608622 0.636016329
10038.558272137 11.380366981 30.986382775 1.116578606 0.770081002 0.005704248 -0.031333570 0.637150625
10038.591605470 11.400150746 30.986933738 1.118813161 0.769353153 0.013063784 -0.032642497 0.637855416
10038.624938804 11.425329524 30.987872273 1.121818265 0.768682398 0.022938896 -0.033313075 0.638350544
10038.658272137 11.454037500 30.987297938 1.125022891 0.768217773 0.035317039 -0.032271767 0.638398538
10038.691605470 11.477552714 30.985372413 1.127295828 0.767990177 0.046351754 -0.029967015 0.638078820
10038.724938804 11.505829499 30.982700163 1.129434566 0.767937877 0.060341035 -0.025820041 0.637152809
10038.758272137 11.538086577 30.978902381 1.130767578 0.768001249 0.075571818 -0.021310845 0.635616889
10038.791605470 11.562860974 30.976132177 1.131194591 0.768023278 0.086147004 -0.018909739 0.634319604
10038.824938804 11.588938514 30.972467886 1.130890818 0.768106358 0.094389151 -0.019085655 0.633039531
10038.858272137 11.619198832 30.965933785 1.129300494 0.768425831 0.100742182 -0.022289785 0.631566244
10038.891605470 11.641747987 30.960577065 1.127555107 0.768722497 0.104293475 -0.025763897 0.630495690
10038.924938804 11.664197412 30.953345716 1.124602631 0.769200764 0.107609284 -0.029252362 0.629201657
10038.958272137 11.693251933 30.941333732 1.119127965 0.770171814 0.112767210 -0.032398989 0.626952342
10038.991605470 11.715377064 30.932100235 1.114482888 0.771059911 0.117390897 -0.033710902 0.624939650
10039.024938804 11.736823306 30.921703587 1.108976126 0.772220175 0.122888063 -0.033529670 0.622455048
10039.058272137 11.761978058 30.907601994 1.102771673 0.773606845 0.130211051 -0.031845985 0.619324927
10039.091605470 11.781935835 30.897082975 1.098210252 0.774617407 0.136247206 -0.029883852 0.616856164
10039.124938804 11.802964533 30.885616582 1.094004582 0.775646113 0.142546923 -0.027435268 0.614248149
10039.158272137 11.827384667 30.871272042 1.089219801 0.776799390 0.149544110 -0.024368053 0.611249102
10039.191605470 11.846595574 30.860317861 1.085552700 0.777619880 0.154953920 -0.021684797 0.608955150
10039.224938804 11.868138152 30.847724418 1.082081793 0.778507869 0.161273834 -0.017899319 0.606296843
10039.258272137 11.889417933 30.834511842 1.079437741 0.779352630 0.167739673 -0.013487064 0.603565224
10039.291605470 11.910422580 30.821556228 1.077158400 0.780130236 0.174169088 -0.008656089 0.600821950
10039.324938804 11.934865943 30.806249500 1.074909605 0.781001044 0.181525214 -0.002822798 0.597560037
10039.358272137 11.962182407 30.788448823 1.073000142 0.781792720 0.189375108 0.003563245 0.594074503
10039.391605470 11.985044523 30.773983247 1.071301540 0.782301595 0.196085824 0.009158002 0.591160465
10039.424938804 12.011905507 30.757129722 1.069817479 0.782604474 0.204999040 0.016969601 0.587552264
10039.458272137 12.046304550 30.735770953 1.067692138 0.782552893 0.218567187 0.029645759 0.582203129
10039.491605470 12.075620635 30.718783008 1.065639276 0.781918902 0.231790101 0.042388886 0.577130282
10039.524938804 12.110120189 30.700213666 1.063885937 0.780232867 0.249385409 0.059829500 0.570494541
10039.558272137 12.154249024 30.678599763 1.062752345 0.776570087 0.274017151 0.084735878 0.560957513
10039.591605470 12.191543282 30.662436314 1.061831797 0.772274819 0.295180947 0.106369368 0.552399647
10039.624938804 12.230853581 30.646737409 1.061408948 0.766562533 0.317430957 0.129122635 0.543090062
10039.658272137 12.286005021 30.626724877 1.061736579 0.757056553 0.347430865 0.159744788 0.529753502
10039.691605470 12.331393223 30.612017215 1.062303729 0.748374072 0.370405206 0.183157004 0.518834987
10039.724938804 12.380149010 30.597953188 1.064617010 0.738214380 0.393511435 0.206010364 0.507688891
10039.758272137 12.439880934 30.584561770 1.067420101 0.724435848 0.420867098 0.232371358 0.494031517
10039.791605470 12.488827759 30.576866573 1.069398052 0.711918306 0.443074640 0.253419850 0.482323095
10039.824938804 12.545006160 30.571677406 1.071429103 0.695479964 0.469692900 0.277885516 0.467413992
10039.858272137 12.603669661 30.569585930 1.073989935 0.675463421 0.499114475 0.304429419 0.449395858
10039.891605470 12.656286347 30.572120364 1.076060019 0.654802376 0.526553097 0.328606275 0.431269753
10039.924938804 12.715106579 30.579064943 1.078098002 0.628862476 0.557926608 0.355004307 0.408927656
10039.958272137 12.777073243 30.591614767 1.080727065 0.598762844 0.591017002 0.380918480 0.383514108
10039.991605470 12.825540026 30.606371869 1.082386534 0.573436983 0.616557245 0.399298682 0.362750261
10040.024938804 12.879487939 30.628561035 1.084231023 0.543962971 0.644414727 0.416667201 0.339444235
10040.058272137 12.941471448 30.656962416 1.084334538 0.510690075 0.673737569 0.431875972 0.314255439
10040.091605470 12.989712102 30.682303370 1.083251998 0.484743165 0.695290096 0.440789075 0.295466983
10040.124938804 13.039223707 30.717857639 1.082034417 0.456894187 0.717631033 0.446950074 0.276566508
10040.158272137 13.090988501 30.761818226 1.078549835 0.427028543 0.740557979 0.450346318 0.257698848
10040.191605470 13.124157400 30.796599967 1.076099651 0.406423801 0.755711632 0.451065557 0.245478079
10040.224938804 13.167425079 30.850231301 1.071509181 0.377938792 0.775794070 0.450129775 0.229540883
10040.258272137 13.212732106 30.912021367 1.064999680 0.346350247 0.796572514 0.447810708 0.212083253
10040.291605470 13.246342731 30.959919900 1.058721421 0.322013459 0.811536546 0.445248665 0.198669056
10040.324938804 13.283386998 31.015042708 1.050439926 0.294239836 0.827538987 0.441575414 0.183339296
10040.358272137 13.321895875 31.080347042 1.040877979 0.262758258 0.844287518 0.436475570 0.166209991
10040.391605470 13.350043584 31.133699327 1.032698865 0.237682181 0.856562199 0.431853458 0.152679309
10040.424938804 13.379219690 31.194407101 1.021824623 0.208952279 0.869407508 0.426478078 0.136330402
10040.458272137 13.407145224 31.260694326 1.007748973 0.175009716 0.882734620 0.420671671 0.114832637
10040.491605470 13.425021522 31.315239552 0.997171775 0.145980597 0.892521300 0.416046048 0.094874019
10040.524938804 13.439676342 31.377532957 0.986075371 0.111262312 0.902298317 0.410733382 0.069112475
10040.558272137 13.450871631 31.445711021 0.974584256 0.072273362 0.910889540 0.404389814 0.039060033
10040.591605470 13.456945462 31.502266995 0.966214879 0.039507320 0.916171876 0.398602777 0.013568026
10040.624938804 13.461196740 31.564685538 0.958369069 0.003850383 0.919927613 0.391839639 -0.013418587
10040.658272137 13.460816318 31.625756128 0.951691771 -0.030270957 0.921578078 0.385138974 -0.038019553
10040.691605470 13.460195175 31.696812725 0.945038581 -0.068293696 0.921167504 0.377854845 -0.063341275
10040.724938804 13.460356525 31.753384805 0.941168108 -0.097525120 0.919331732 0.372429930 -0.081326281
10040.758272137 13.460069230 31.810579926 0.938334880 -0.126036991 0.916055766 0.368339577 -0.096345561
10040.791605470 13.459924965 31.872235795 0.936534676 -0.155937740 0.911042649 0.365627014 -0.109551815
10040.824938804 13.459293979 31.919341003 0.936510068 -0.178630214 0.906027940 0.365189288 -0.117649491
10040.858272137 13.460649907 31.968143572 0.938626141 -0.200772785 0.899987812 0.366663723 -0.123571607
10040.891605470 13.461448059 32.025492033 0.945551643 -0.226980566 0.891097269 0.371397980 -0.128409580
10040.924938804 13.460982275 32.069252347 0.952753148 -0.247345642 0.882815646 0.377127566 -0.131268684
10040.958272137 13.460256813 32.108259335 0.962182492 -0.266366456 0.873694486 0.384363352 -0.134058455
10040.991605470 13.459012661 32.156451988 0.977676888 -0.291643530 0.859858607 0.395114927 -0.139540034
10041.024938804 13.457169792 32.193987635 0.992184779 -0.312671759 0.846947676 0.404619646 -0.145598585
10041.058272137 13.456396866 32.226788463 1.008021349 -0.332850478 0.833274817 0.414024695 -0.153124752
10041.091605470 13.455870533 32.264517080 1.030013796 -0.357119828 0.815115604 0.425872573 -0.163354006
10041.124938804 13.454315119 32.297085859 1.052979083 -0.378796187 0.796824951 0.437897154 -0.172712274
10041.158272137 13.454341781 32.328759042 1.078298136 -0.399191577 0.776941099 0.451953382 -0.180960639
10041.191605470 13.455372926 32.356262055 1.104590878 -0.416132070 0.757472380 0.467004888 -0.187019062
10041.224938804 13.456936729 32.380423293 1.130075532 -0.428807014 0.739340965 0.482929592 -0.190469133
10041.258272137 13.463149739 32.410611832 1.157421135 -0.438769066 0.719291509 0.503218600 -0.192022061
10041.291605470 13.472651152 32.441822277 1.186010445 -0.444186331 0.698888379 0.526925037 -0.191320521
10041.324938804 13.481961600 32.466593922 1.208725079 -0.444801603 0.683119643 0.547359011 -0.189465567
10041.358272137 13.495697536 32.495877833 1.231832386 -0.440930645 0.666455579 0.571491661 -0.186586200
10041.391605470 13.515085713 32.534169376 1.254781537 -0.431833741 0.648287874 0.599778472 -0.183052552
10041.424938804 13.532379577 32.564946946 1.271813529 -0.421486323 0.634518753 0.622246171 -0.180402145
10041.458272137 13.553009303 32.598823496 1.287931349 -0.406626300 0.620908300 0.646138351 -0.177857150
10041.491605470 13.581731963 32.639769323 1.305861276 -0.383434076 0.605586714 0.674894971 -0.175384775
10041.524938804 13.607149489 32.673787726 1.319729598 -0.361814697 0.594029782 0.696997963 -0.174392036
10041.558272137 13.636201904 32.709973481 1.330812261 -0.336790968 0.582951881 0.718243138 -0.175686490
10041.591605470 13.671618282 32.754310164 1.342318596 -0.307562546 0.571391656 0.739271922 -0.179983004
10041.624938804 13.699061536 32.788566667 1.350552030 -0.286109109 0.563660994 0.752482546 -0.184926687
10041.658272137 13.733588865 32.826724747 1.359556951 -0.261762652 0.556203910 0.764797910 -0.192877371
10041.691605470 13.778745054 32.877080813 1.370809418 -0.233155777 0.548417330 0.776414988 -0.205077016
10041.724938804 13.815832585 32.919104777 1.379868857 -0.212637311 0.543049873 0.782842056 -0.216888275
10041.758272137 13.855151164 32.965987162 1.387649087 -0.193838303 0.538333961 0.786757589 -0.231593944
10041.791605470 13.901662246 33.018367046 1.394604089 -0.173543153 0.533980262 0.789044128 -0.249313493
10041.824938804 13.939930040 33.062291399 1.399109056 -0.157128326 0.531713567 0.789392665 -0.263534802
10041.858272137 13.979771598 33.116329127 1.401889463 -0.138335635 0.531082959 0.788436430 -0.277816736
10041.891605470 14.024444352 33.179856248 1.400414765 -0.115934399 0.531818011 0.786352546 -0.292195982
10041.924938804 14.061036201 33.230710379 1.397319767 -0.096903666 0.533424689 0.783936302 -0.302508935
10041.958272137 14.099556106 33.291652011 1.392661608 -0.075140885 0.536347314 0.780349952 -0.312632944
10041.991605470 14.143134435 33.360216886 1.386165507 -0.049989872 0.541089158 0.775334489 -0.321838416
10042.024938804 14.178168797 33.414138640 1.378915524 -0.029160729 0.546014119 0.770671264 -0.327236973
10042.058272137 14.212849797 33.469356045 1.367724432 -0.007948772 0.552005813 0.765289026 -0.330997140
10042.091605470 14.252099094 33.539810848 1.354551386 0.016509444 0.560057992 0.757949211 -0.334029156
10042.124938804 14.283505899 33.598166609 1.344579007 0.035553877 0.567214252 0.751295401 -0.335498338
10042.158272137 14.318657599 33.653853960 1.337430224 0.054014136 0.575224771 0.743763565 -0.336176584
10042.191605470 14.355396147 33.717265291 1.329188332 0.073139708 0.584904011 0.734577337 -0.336056569
10042.224938804 14.382583968 33.770811566 1.322180400 0.088280129 0.593465425 0.726507968 -0.334950116
10042.258272137 14.413493421 33.815028087 1.316105264 0.103546398 0.602198909 0.718158926 -0.332990051
10042.291605470 14.450952325 33.876683689 1.307401157 0.123460866 0.614046961 0.706330720 -0.329849448
10042.324938804 14.477885638 33.931927969 1.298961141 0.139314947 0.623787817 0.696036837 -0.327128150
10042.358272137 14.508680585 33.982620394 1.287907142 0.154936099 0.633506938 0.685053331 -0.324600830
10042.391605470 14.543493742 34.039658738 1.272974012 0.173136910 0.644744041 0.671852981 -0.320846230
10042.424938804 14.569264654 34.090298680 1.258960114 0.188654134 0.654194715 0.660466622 -0.316579741
10042.458272137 14.599135729 34.145644887 1.241684766 0.206568470 0.664801999 0.647368574 -0.310292924
10042.491605470 14.638278887 34.209425317 1.219942536 0.227289279 0.676731095 0.631713477 -0.302179900
10042.524938804 14.668092064 34.263381549 1.200569255 0.243123196 0.685829601 0.618958081 -0.295668334
10042.558272137 14.698059889 34.321403136 1.178753959 0.256715878 0.693992187 0.606555936 -0.290794944
10042.591605470 14.734803427 34.382558784 1.153617035 0.268848322 0.701090472 0.594228888 -0.288244269
10042.624938804 14.763278569 34.433800167 1.132709273 0.277237094 0.705646548 0.585205895 -0.287639711
10042.658272137 14.794739254 34.484212644 1.110639053 0.285597147 0.709214375 0.576666839 -0.287931585
10042.691605470 14.832943171 34.537130947 1.086828194 0.294908789 0.712163837 0.567605955 -0.289266235
10042.724938804 14.862702493 34.583871688 1.068592481 0.302813744 0.714171081 0.560332522 -0.290329068
10042.758272137 14.895836592 34.626837766 1.052346257 0.312308549 0.715792273 0.552788793 -0.290739305
10042.791605470 14.936465335 34.671162424 1.036586727 0.323987620 0.716757613 0.544572539 -0.291086405
10042.824938804 14.971620588 34.708139260 1.024443915 0.334082603 0.716746048 0.538040533 -0.291849795
10042.858272137 15.009984671 34.744339793 1.012181895 0.344497666 0.715350711 0.532038024 -0.294160262
10042.891605470 15.054037383 34.775438457 1.000947742 0.355013932 0.711734340 0.527307853 -0.298907620
10042.924938804 15.090023985 34.803168492 0.990599360 0.362314037 0.707365166 0.524959424 -0.304599186
10042.958272137 15.128131704 34.833702764 0.978579894 0.368658079 0.700811552 0.524646136 -0.312571307
10042.991605470 15.171539423 34.864634049 0.964425538 0.375070518 0.691352320 0.526385846 -0.322911781
10043.024938804 15.208010847 34.890928440 0.951422486 0.379948315 0.682273875 0.529143038 -0.331887456
10043.058272137 15.247117671 34.914852746 0.937995538 0.384660809 0.670851121 0.534010904 -0.341799928
10043.091605470 15.290066363 34.937581878 0.924165230 0.388869538 0.656410130 0.541273764 -0.353452877
10043.124938804 15.326770730 34.957648764 0.913013956 0.390786825 0.642765093 0.549054598 -0.364249557
10043.158272137 15.367455653 34.980253287 0.902892539 0.389601756 0.625778609 0.560188907 -0.377888863
10043.191605470 15.414776229 35.005651590 0.893978687 0.384715187 0.603587063 0.575633188 -0.395377434
10043.224938804 15.452463851 35.023517960 0.890092086 0.378578507 0.583796189 0.589661622 -0.410072549
10043.258272137 15.494363619 35.041586735 0.888353538 0.370316905 0.561233539 0.605938873 -0.425112204
10043.291605470 15.541602966 35.063145530 0.887539716 0.360844143 0.536716881 0.623425703 -0.439393773
10043.324938804 15.583836008 35.081688835 0.889006459 0.352600633 0.515311147 0.638696066 -0.449660485
10043.358272137 15.629023630 35.099288812 0.893398781 0.344598713 0.493426890 0.654654670 -0.457393588
10043.391605470 15.678440885 35.117801030 0.900289621 0.336197919 0.470867417 0.671932968 -0.462342862
10043.424938804 15.718172273 35.131747283 0.906851169 0.329184745 0.453309969 0.686208703 -0.463966692
10043.458272137 15.753565121 35.140636962 0.915400069 0.322560101 0.437460995 0.700212804 -0.462909157
10043.491605470 15.795150348 35.150963301 0.925941884 0.314377125 0.419731296 0.717086420 -0.459107535
10043.524938804 15.831564917 35.161128853 0.934864690 0.305282163 0.404366105 0.732541292 -0.454614243
10043.558272137 15.867625921 35.172280882 0.943902041 0.291182367 0.387671771 0.750082755 -0.449776932
10043.591605470 15.906715086 35.183155817 0.954033906 0.269606784 0.367359346 0.771498892 -0.444014361
10043.624938804 15.938202665 35.191632283 0.961515958 0.247775004 0.349754760 0.789873715 -0.438609928
10043.658272137 15.970631362 35.201753762 0.967612141 0.221371832 0.331485267 0.809168453 -0.431692535
10043.691605470 16.008954979 35.217164633 0.972268726 0.190078049 0.311976007 0.829945668 -0.421582131
10043.724938804 16.039569095 35.229667606 0.976159899 0.165386939 0.297887557 0.845548759 -0.411044352
10043.758272137 16.070553114 35.242103685 0.981341793 0.144408856 0.287289676 0.859761309 -0.396763426
10043.791605470 16.104288351 35.256232408 0.989228546 0.128552264 0.280408817 0.872856743 -0.378108869
10043.824938804 16.131973732 35.267059276 0.998336476 0.122090764 0.278772745 0.881737486 -0.360442238
10043.858272137 16.162413766 35.278186230 1.010016532 0.120976404 0.280331963 0.889430637 -0.340135036
10043.891605470 16.196740025 35.290615191 1.024607349 0.120892734 0.283210766 0.897224263 -0.316488911
10043.924938804 16.224353767 35.299098404 1.037640552 0.119764985 0.285578995 0.903405843 -0.296578605
10043.958272137 16.251995355 35.306122656 1.051846742 0.116993849 0.288140214 0.909774888 -0.274949648
10043.991605470 16.282241906 35.314723346 1.067915668 0.115474330 0.292480795 0.916022692 -0.249044358
10044.024938804 16.306353051 35.321926671 1.081249902 0.117550705 0.297613106 0.919946658 -0.226509199
10044.058272137 16.331187607 35.330823375 1.094404064 0.123855925 0.304494736 0.922607520 -0.201836640
10044.091605470 16.359186233 35.342779990 1.107601683 0.132917320 0.312626599 0.924381395 -0.173541442
10044.124938804 16.383652383 35.354519881 1.117292984 0.141143775 0.319377265 0.925089348 -0.149285953
10044.158272137 16.412515768 35.367685898 1.125444305 0.148958158 0.325890095 0.925333204 -0.123957954
10044.191605470 16.442038212 35.378616360 1.133736664 0.154710066 0.331586168 0.925426102 -0.098498418
10044.224938804 16.467842766 35.387864714 1.141325155 0.156898885 0.336083934 0.925544028 -0.076148413
10044.258272137 16.497944985 35.401949235 1.148331737 0.158196914 0.341264368 0.925098139 -0.052017309
10044.291605470 16.520368350 35.419825024 1.159071772 0.161545850 0.347735679 0.923244203 -0.024555601
10044.324938804 16.539871041 35.434793612 1.168019232 0.166937591 0.353224440 0.920523858 -0.000404346
10044.358272137 16.560968126 35.448098906 1.178525928 0.175414261 0.358362920 0.916636587 0.024149980
10044.391605470 16.587161115 35.465020576 1.193616125 0.188452917 0.364586699 0.910202233 0.055623126
10044.424938804 16.615664178 35.480404973 1.204983784 0.200700418 0.369512181 0.903443926 0.083481513
10044.458272137 16.646512888 35.496288456 1.216001461 0.213009643 0.373778180 0.895837353 0.111320265
10044.491605470 16.681708094 35.514051916 1.229503988 0.226234738 0.377698364 0.886504456 0.142378507
10044.524938804 16.712534210 35.529829381 1.240304912 0.238192959 0.380169921 0.877287566 0.170591535
10044.558272137 16.744328377 35.546979289 1.249486042 0.252075579 0.381465614 0.866276953 0.201261343
10044.591605470 16.778921433 35.566188377 1.257338001 0.269037887 0.381137038 0.852490784 0.235823318
10044.624938804 16.808170500 35.582419758 1.263039671 0.284584465 0.379226817 0.839523902 0.265326820
10044.658272137 16.839904638 35.599525840 1.267195465 0.301380644 0.375739193 0.824691643 0.296434580
10044.691605470 16.876858385 35.619988192 1.270670431 0.319985547 0.370453076 0.806367872 0.331880435
10044.724938804 16.907793622 35.637361295 1.271577886 0.334296399 0.365210910 0.790416041 0.360706795
10044.758272137 16.942160254 35.655472678 1.269386842 0.347892614 0.358966573 0.773417059 0.389794538
10044.791605470 16.984707287 35.676822016 1.265991075 0.362657951 0.350701550 0.752752493 0.422908166
10044.824938804 17.027175037 35.698112920 1.260525957 0.376559554 0.341155724 0.730850113 0.455712394
10044.858272137 17.059019753 35.715351599 1.255312849 0.386953171 0.332793564 0.713083780 0.480652900
10044.891605470 17.096198383 35.735647524 1.249827172 0.398901245 0.321611219 0.692258990 0.508155008
10044.924938804 17.142981144 35.760831163 1.243819166 0.413797816 0.305893796 0.665243044 0.540973239
10044.958272137 17.179015380 35.780941647 1.239649680 0.425968733 0.291524644 0.642477368 0.566380483
10044.991605470 17.213828010 35.800249999 1.236040457 0.438459630 0.275027197 0.618563837 0.591178461
10045.024938804 17.255361756 35.825162731 1.232352006 0.452948599 0.253445753 0.588924235 0.619492584
10045.058272137 17.290024303 35.845906490 1.229825729 0.464313437 0.234180111 0.563339102 0.642044986
10045.091605470 17.324369839 35.863723723 1.228222960 0.473870298 0.215562934 0.539201055 0.661998326
10045.124938804 17.370055121 35.887090142 1.227667867 0.483554301 0.193884968 0.510776274 0.683879707
10045.158272137 17.409071667 35.905920976 1.226558198 0.490362465 0.176271762 0.487172812 0.700810652
10045.191605470 17.445319566 35.920566539 1.223244143 0.495716798 0.160113466 0.464980136 0.715836579
10045.224938804 17.488158528 35.936414555 1.218572249 0.500705906 0.142825607 0.440436185 0.731375696
10045.258272137 17.524874636 35.948752135 1.213955379 0.504101286 0.129643596 0.420907227 0.742907489
10045.291605470 17.560823207 35.958832140 1.207476309 0.506676872 0.118240838 0.402477744 0.753199387
10045.324938804 17.605636801 35.969764772 1.200453131 0.508633758 0.108345545 0.382457851 0.763727003
10045.358272137 17.649254000 35.980146635 1.195911769 0.509629988 0.103516067 0.367058451 0.771252094
10045.391605470 17.697371248 35.990733133 1.191487257 0.510581895 0.101892591 0.352548017 0.777582101
10045.424938804 17.753906649 36.000735263 1.187394006 0.512507343 0.100677416 0.335442579 0.784014386
10045.458272137 17.797546451 36.006430628 1.185746300 0.514992316 0.099431357 0.321900870 0.788210727
10045.491605470 17.845839597 36.010437895 1.186360276 0.519548041 0.096976851 0.306182545 0.791781266
10045.524938804 17.912617387 36.013803378 1.190912038 0.527420296 0.092439834 0.283550008 0.795538875
10045.558272137 17.969004901 36.014716565 1.196624924 0.535027621 0.088350738 0.263764604 0.797726661
10045.591605470 18.026582148 36.016518238 1.203972084 0.542343763 0.086110149 0.244998663 0.799014355
10045.624938804 18.095760507 36.018561294 1.212787673 0.550090495 0.086872016 0.224261977 0.799725119
10045.658272137 18.153525528 36.018796048 1.217927328 0.555701684 0.091609099 0.208558441 0.799566625
10045.691605470 18.212309417 36.018673692 1.221538045 0.559915786 0.103169563 0.195998415 0.798395250
10045.724938804 18.283796396 36.018910251 1.224505608 0.563343362 0.124516834 0.184904113 0.795581727
10045.758272137 18.345257469 36.018428655 1.226504097 0.565152019 0.148857738 0.178513358 0.791566516
10045.791605470 18.407244278 36.018710808 1.226119505 0.566133848 0.177909032 0.174505533 0.785740836
10045.824938804 18.484283031 36.019481356 1.220486167 0.567208784 0.212033192 0.169329067 0.777588444
10045.858272137 18.552345591 36.021355748 1.212309585 0.568523538 0.238810366 0.163218063 0.770136650
10045.891605470 18.622276031 36.027155311 1.201045727 0.570900140 0.260899863 0.153587725 0.763161256
10045.924938804 18.702548184 36.034191103 1.186090876 0.574813643 0.280251059 0.138186827 0.756275757
10045.958272137 18.764470674 36.038842075 1.173786502 0.578561806 0.290582108 0.123193418 0.752098170
10045.991605470 18.830739666 36.042260096 1.160033796 0.583121703 0.295697405 0.103497206 0.749546831
10046.024938804 18.912237477 36.045195114 1.143352760 0.588762692 0.296473024 0.075951272 0.748126756
10046.058272137 18.978048075 36.046634598 1.131138397 0.593025976 0.292057523 0.051253418 0.748595807
10046.091605470 19.040643943 36.047936739 1.119910099 0.596318775 0.283672860 0.025357833 0.750526887
10046.124938804 19.106447005 36.049431075 1.106676651 0.598712052 0.272855255 -0.003954428 0.753045982
10046.158272137 19.167778277 36.050979793 1.094631855 0.599659741 0.264625174 -0.028867441 0.754684294
10046.191605470 19.232822289 36.052451431 1.081755798 0.599888534 0.262609339 -0.049269662 0.754150239
10046.224938804 19.302976049 36.054710892 1.065998518 0.600214677 0.270244419 -0.063843583 0.750089522
10046.258272137 19.364107788 36.056344915 1.051491323 0.601009815 0.285300773 -0.069856052 0.743310704
10046.291605470 19.424996775 36.056776613 1.035269311 0.602731445 0.309114679 -0.069286260 0.732367622
10046.324938804 19.498060710 36.058139635 1.014544918 0.605180168 0.340895915 -0.064641307 0.716497341
10046.358272137 19.560934857 36.059522701 0.996211887 0.607356101 0.368134253 -0.059131225 0.701497852
10046.391605470 19.620388473 36.061144768 0.977747090 0.609656467 0.392981235 -0.053828166 0.686285123
10046.424938804 19.691349261 36.064078949 0.955519830 0.612195983 0.418393316 -0.049153596 0.669139025
10046.458272137 19.750411718 36.066989252 0.936199891 0.614194386 0.436307156 -0.046917919 0.655896357
10046.491605470 19.802680035 36.069935173 0.917346819 0.616110675 0.450401125 -0.046043008 0.644535882
10046.524938804 19.865339043 36.073943749 0.895415880 0.618175153 0.464868764 -0.045149349 0.632232591
10046.558272137 19.922364172 36.077640592 0.877558122 0.619691942 0.476124835 -0.044027904 0.622373346
10046.591605470 19.979394830 36.081657055 0.862225036 0.620972243 0.486285366 -0.042186922 0.613302764
10046.624938804 20.029907710 36.094146793 0.843859894 0.621887939 0.497500495 -0.039144536 0.603503400
10046.658272137 20.071719517 36.107385837 0.830646703 0.622312772 0.506764924 -0.035338524 0.595539515
10046.691605470 20.124743236 36.115554968 0.824724809 0.622648978 0.516399813 -0.029230500 0.587184010
10046.724938804 20.176340757 36.128539736 0.820806936 0.622386209 0.529031785 -0.019264660 0.576532436
10046.758272137 20.216973066 36.143704206 0.820163976 0.621468769 0.541063220 -0.008214473 0.566533038
10046.791605470 20.267851912 36.159621416 0.823416054 0.619753972 0.554561538 0.005691028 0.555278422
10046.824938804 20.332188655 36.178276183 0.829701058 0.616546337 0.571995858 0.024933475 0.540434709
10046.858272137 20.384345273 36.196201877 0.837212472 0.612476642 0.588495131 0.043856539 0.525949092
10046.891605470 20.437213381 36.215226560 0.847040301 0.606851250 0.606492030 0.064780611 0.509610097
10046.924938804 20.512611995 36.239211263 0.856434542 0.598495903 0.627679350 0.090127405 0.489589970
10046.958272137 20.587046221 36.263096736 0.862639276 0.590005312 0.644728136 0.111166074 0.473140008
10046.991605470 20.655763409 36.290169262 0.871130427 0.580446927 0.659611813 0.130370413 0.459344289
10047.024938804 20.735187353 36.321399020 0.883056023 0.568336067 0.674792704 0.151122566 0.445882149
10047.058272137 20.804837706 36.348654763 0.893690773 0.557510811 0.686044903 0.167317295 0.436496288
10047.091605470 20.872410330 36.376972192 0.904395576 0.546055298 0.696427369 0.182684044 0.428297876
10047.124938804 20.948244584 36.410851524 0.918477562 0.530762446 0.709170761 0.201709901 0.417948769
10047.158272137 21.009877821 36.439636316 0.931641178 0.516180670 0.720646982 0.218813944 0.407855246
10047.191605470 21.069339311 36.468031427 0.945365563 0.500042335 0.732837964 0.236717771 0.396069285
10047.224938804 21.138348685 36.501741566 0.962431949 0.478224626 0.748306514 0.259389681 0.379546520
10047.258272137 21.193610860 36.528622916 0.977559587 0.457626983 0.761870464 0.279376536 0.363427698
10047.291605470 21.243876154 36.553873297 0.992706711 0.435197101 0.775455230 0.299480694 0.345809172
10047.324938804 21.304486090 36.584611301 1.010288414 0.405645719 0.791526197 0.323653764 0.322778672
10047.358272137 21.353482358 36.610508918 1.025859995 0.378535451 0.804465537 0.343778718 0.302261981
10047.391605470 21.406560206 36.634537761 1.037994554 0.352504466 0.815271917 0.360864378 0.284339943
10047.424938804 21.469984398 36.662274575 1.051355645 0.322826658 0.825507558 0.378231654 0.266947631
10047.458272137 21.514838354 36.686104780 1.063803457 0.299005989 0.831979213 0.390720988 0.256404207
10047.491605470 21.556760138 36.707181211 1.074523594 0.278006651 0.836378398 0.400643439 0.250336397
10047.524938804 21.602987364 36.731293060 1.086351301 0.253726551 0.840415350 0.411369864 0.245152424
10047.558272137 21.640183956 36.753871584 1.094123616 0.232505456 0.843441386 0.420139682 0.240895183
10047.591605470 21.676982133 36.775155387 1.098051975 0.211690168 0.846435156 0.427994774 0.235701662
10047.624938804 21.721068067 36.799807245 1.100370622 0.186830250 0.849683719 0.436620852 0.229116276
10047.658272137 21.760038765 36.820210663 1.100497884 0.166217931 0.851755461 0.443302518 0.224426181
10047.691605470 21.793658662 36.839611156 1.100563255 0.148265391 0.852517223 0.448877932 0.223025471
10047.724938804 21.829036641 36.861578105 1.101013828 0.129924675 0.851858107 0.454550058 0.225480798
10047.758272137 21.861054780 36.879255348 1.100763054 0.117038396 0.849857185 0.458789440 0.231423914
10047.791605470 21.892310240 36.894514664 1.102380705 0.107814385 0.846136206 0.462717694 0.241499309
10047.824938804 21.927504100 36.909930168 1.107290493 0.100895430 0.839712667 0.467221743 0.257694764
10047.858272137 21.960819507 36.921775498 1.113604385 0.098807543 0.832226308 0.470866203 0.275538493
10047.891605470 22.000372519 36.932872031 1.118869328 0.102434403 0.821986429 0.473998678 0.298614730
10047.924938804 22.048258285 36.941675439 1.124469031 0.113394423 0.805546852 0.477055664 0.332646760
10047.958272137 22.090219914 36.946019215 1.130238108 0.128386378 0.787337063 0.478851060 0.366495497
10047.991605470 22.133411401 36.949961317 1.137448977 0.147268792 0.765925362 0.479817565 0.401802623
10048.024938804 22.190523381 36.951755671 1.145501283 0.172536395 0.736688299 0.480028519 0.443952883
10048.058272137 22.242257656 36.950897555 1.150960440 0.195084366 0.709423601 0.479534255 0.478233355
10048.091605470 22.291642965 36.947048656 1.156011687 0.215561197 0.683781988 0.478950315 0.506539394
10048.124938804 22.351719946 36.941675945 1.160574775 0.238610070 0.653689465 0.478074380 0.535910632
10048.158272137 22.405366667 36.936356288 1.162729492 0.257506005 0.628372472 0.477206501 0.557774730
10048.191605470 22.456028338 36.928320180 1.163870603 0.274609627 0.605236961 0.476433066 0.575577369
10048.224938804 22.513357371 36.916651636 1.164015498 0.293266600 0.579481986 0.475520262 0.593359764
10048.258272137 22.564070402 36.904398841 1.163497981 0.308798995 0.558094799 0.474670593 0.606515627
10048.291605470 22.616343832 36.890728850 1.163458365 0.323699222 0.538270925 0.473489742 0.617487400
10048.324938804 22.671122553 36.871938208 1.165140672 0.340130581 0.517234354 0.471498333 0.628067777
10048.358272137 22.717055507 36.854125097 1.167837450 0.354686758 0.499385154 0.468913767 0.636342401
10048.391605470 22.761214609 36.836925796 1.171166415 0.369758189 0.481782995 0.465041771 0.644127456
10048.424938804 22.809555055 36.813044386 1.176540769 0.389385062 0.459083541 0.458744316 0.653586435
10048.458272137 22.849330435 36.789910505 1.181881528 0.408172079 0.437413047 0.451408831 0.662038857
10048.491605470 22.888928327 36.768351780 1.187643086 0.427866501 0.414762563 0.441981803 0.670488150
10048.524938804 22.933211836 36.742703760 1.194359959 0.451703925 0.386838637 0.428716182 0.680089604
10048.558272137 22.969762974 36.720401851 1.199107782 0.472284722 0.362106576 0.415644701 0.687797537
10048.591605470 23.005593921 36.701151079 1.200686020 0.490932591 0.339388547 0.402593932 0.694059602
10048.624938804 23.050447981 36.680644091 1.199128443 0.511371033 0.314411801 0.387142225 0.699832683
10048.658272137 23.089853946 36.665296130 1.196109023 0.526541377 0.295726554 0.374902517 0.703383314
10048.691605470 23.123618124 36.649945357 1.191594211 0.538419235 0.281260953 0.365046375 0.705505597
10048.724938804 23.165953890 36.633007470 1.186056349 0.550861816 0.266482729 0.354243165 0.707142132
10048.758272137 23.202873416 36.620236390 1.180435361 0.560401248 0.255222164 0.345569557 0.708091639
10048.791605470 23.237687061 36.609039429 1.175315154 0.568710649 0.244933756 0.337509157 0.708987463
10048.824938804 23.280552380 36.596178954 1.170487713 0.578382754 0.232267106 0.327507990 0.710115412
10048.858272137 23.318950352 36.585435532 1.168688502 0.586573601 0.221061882 0.318551006 0.711047334
10048.891605470 23.357853530 36.576351229 1.169514243 0.594314224 0.210052998 0.309648068 0.711889328
10048.924938804 23.402143490 36.566693571 1.171657359 0.602782822 0.197351545 0.299613183 0.712697115
10048.958272137 23.446746353 36.558449962 1.175311797 0.610441280 0.185584171 0.290468382 0.713125570
10048.991605470 23.486346526 36.552640932 1.180607523 0.616180769 0.176785166 0.283696908 0.713150986
10049.024938804 23.526026393 36.547636983 1.186895354 0.621179124 0.169324220 0.278187700 0.712795489
10049.058272137 23.575616747 36.542126203 1.193973994 0.627094065 0.160590385 0.271911753 0.712058818
10049.091605470 23.618220936 36.538644624 1.198681396 0.631918242 0.153277992 0.266997855 0.711264605
10049.124938804 23.664378431 36.535281975 1.203226446 0.637018556 0.145172498 0.262109804 0.710232889
10049.158272137 23.717150677 36.530597423 1.206314789 0.642579038 0.135971407 0.257330384 0.708791246
10049.191605470 23.762399952 36.525500023 1.207239806 0.646997353 0.128029918 0.253805551 0.707520676
10049.224938804 23.804945354 36.521909805 1.205730754 0.651115788 0.119200118 0.250784886 0.706361453
10049.258272137 23.860537082 36.518045214 1.202831980 0.656335655 0.106288941 0.247551403 0.704730070
10049.291605470 23.903503679 36.515552006 1.198928639 0.659726571 0.096233383 0.246389422 0.703414700
10049.324938804 23.939267684 36.515239026 1.194675845 0.661891290 0.087990673 0.247142706 0.702195161
10049.358272137 23.984337678 36.516266292 1.188746485 0.664058729 0.077407207 0.249610507 0.700520324
10049.391605470 24.026070303 36.516782813 1.184894241 0.665864965 0.067138680 0.252946834 0.698665975
10049.424938804 24.063335051 36.516428443 1.182947437 0.667631620 0.057150128 0.255981212 0.696760721
10049.458272137 24.103648517 36.516415847 1.181357860 0.670110733 0.044027212 0.258839976 0.694273056
10049.491605470 24.144381116 36.514963012 1.181219066 0.672917825 0.030396443 0.261451766 0.691303574
10049.524938804 24.181272139 36.511018511 1.182746668 0.675123634 0.020403417 0.264344056 0.688414119
10049.558272137 24.225394325 36.505246789 1.184572302 0.677149071 0.010753356 0.269342613 0.684695594
10049.591605470 24.266151538 36.499950306 1.185871141 0.678251946 0.004372296 0.276246940 0.680913217
10049.624938804 24.306565665 36.495323780 1.186420863 0.678599599 0.000434833 0.285121131 0.676910877
10049.658272137 24.350719611 36.491058096 1.184829092 0.678440032 -0.002630694 0.296006628 0.672378077
10049.691605470 24.391089713 36.487033133 1.180924205 0.678108677 -0.005450548 0.305970639 0.668222180
10049.724938804 24.428369327 36.482733154 1.174527856 0.677842677 -0.008462384 0.314485835 0.664497068
10049.758272137 24.472246885 36.477442134 1.164554688 0.677532160 -0.012069371 0.324161760 0.660093673
10049.791605470 24.510125578 36.471992453 1.154588305 0.677139970 -0.014851294 0.332593601 0.656233492
10049.824938804 24.549803586 36.465499132 1.143293602 0.676133075 -0.016412045 0.342135434 0.652317449
10049.858272137 24.599535628 36.456758175 1.128739897 0.673780516 -0.015860206 0.355585247 0.647554941
10049.891605470 24.647513491 36.446938591 1.114784451 0.670366189 -0.013310798 0.369899261 0.643122486
10049.924938804 24.693393118 36.437199863 1.101975536 0.666556224 -0.010611613 0.383558674 0.639118875
10049.958272137 24.743833635 36.427273286 1.088992306 0.662721312 -0.009027431 0.397192852 0.634788789
10049.991605470 24.788603763 36.417279070 1.079279476 0.660428318 -0.009950681 0.406787116 0.631078176
10050.024938804 24.831020927 36.404970396 1.072589824 0.660052806 -0.013856196 0.412189708 0.627883702
10050.058272137 24.884606664 36.388027015 1.066031788 0.661422899 -0.021931128 0.415696630 0.623887078
10050.091605470 24.930150935 36.372695290 1.060986282 0.664187254 -0.032165436 0.416290766 0.620098923
10050.124938804 24.968802314 36.358784142 1.057698398 0.667878719 -0.043052215 0.414464252 0.616687852
10050.158272137 25.015448258 36.340871344 1.054998519 0.673215584 -0.057628687 0.410504454 0.612328184
10050.191605470 25.055522687 36.325228004 1.053075440 0.678198132 -0.070760672 0.406124326 0.608361120
10050.224938804 25.091549425 36.311557542 1.051112623 0.682436144 -0.081715315 0.402244509 0.604816395
10050.258272137 25.127651753 36.294340201 1.048915580 0.687058407 -0.094009817 0.397861108 0.600682477
10050.291605470 25.157228383 36.277915607 1.045737811 0.690867788 -0.104635192 0.394044227 0.597061407
10050.324938804 25.196609608 36.263887776 1.039973323 0.694604943 -0.114760890 0.389852388 0.593606795
10050.358272137 25.243101058 36.248378155 1.030864728 0.699362027 -0.127814615 0.383486454 0.589486487
10050.391605470 25.289819093 36.232746084 1.019128887 0.704393853 -0.142155511 0.375793087 0.585150123
10050.424938804 25.328251739 36.220593435 1.008282264 0.708371033 -0.154368698 0.368640234 0.581794777
10050.458272137 25.375700690 36.206748017 0.994647017 0.713292716 -0.170568827 0.358315587 0.577693445
10050.491605470 25.416486386 36.194611288 0.982614422 0.718021173 -0.186885195 0.346869046 0.573760737
10050.524938804 25.452146791 36.183900591 0.972234719 0.722868962 -0.203955097 0.333713280 0.569647461
10050.558272137 25.493968402 36.171883346 0.961427260 0.729161936 -0.226629902 0.314640178 0.563882362
10050.591605470 25.533004411 36.160865323 0.953819429 0.735193684 -0.250269629 0.293231637 0.557557680
10050.624938804 25.570360993 36.150235106 0.950123743 0.739761408 -0.272419292 0.272218767 0.551758762
10050.658272137 25.612454590 36.140772766 0.949370635 0.742509900 -0.294260896 0.251261511 0.546769811
10050.691605470 25.649688542 36.132544917 0.951069247 0.742694841 -0.310310694 0.236060381 0.544414495
10050.724938804 25.683352099 36.123952095 0.954481114 0.740956907 -0.321313952 0.225844313 0.544733470
10050.758272137 25.721773580 36.113310208 0.959431745 0.737579571 -0.330790287 0.216917578 0.547266778
10050.791605470 25.756180985 36.103795509 0.963936252 0.733689198 -0.336448913 0.211129154 0.551295538
10050.824938804 25.792565170 36.092003218 0.967697595 0.729195465 -0.340910330 0.205854316 0.556487305
10050.858272137 25.832890622 36.078212340 0.970754426 0.724117575 -0.345118656 0.199481360 0.562809060
10050.891605470 25.868237496 36.065105428 0.972192292 0.719776162 -0.348850351 0.192761500 0.568391339
10050.924938804 25.898698164 36.051854337 0.971839815 0.716457918 -0.352251308 0.185634977 0.572840924
10050.958272137 25.935660085 36.034125191 0.971120356 0.712676524 -0.356693589 0.174826549 0.578184687
10050.991605470 25.968947071 36.015999203 0.970173986 0.709571702 -0.360727672 0.163486276 0.582799952
10051.024938804 26.000501509 35.995553849 0.968058970 0.707215147 -0.362634928 0.154035684 0.587039737
10051.058272137 26.038935399 35.967071983 0.967143781 0.704641399 -0.362436943 0.143144572 0.592983635
10051.091605470 26.073719572 35.939112135 0.967084775 0.702861468 -0.361003250 0.133085829 0.598289706
10051.124938804 26.100985882 35.915463001 0.969037220 0.702097040 -0.361721269 0.121209431 0.601270109
10051.158272137 26.135863599 35.884940525 0.971873743 0.701819066 -0.366922196 0.101570102 0.602081070
10051.191605470 26.167638403 35.857669246 0.975333692 0.701790824 -0.376198452 0.078667522 0.599813125
10051.224938804 26.193433979 35.834418510 0.981043384 0.701381577 -0.387970027 0.053862197 0.595518266
10051.258272137 26.223342041 35.806228011 0.990308346 0.699844521 -0.402968685 0.022240834 0.589354928
10051.291605470 26.249144726 35.781642341 1.001097113 0.697492224 -0.414897593 -0.005202070 0.584240981
10051.324938804 26.269195210 35.761075681 1.012587709 0.694992164 -0.421902801 -0.026031311 0.581641031
10051.358272137 26.300238511 35.734036966 1.027571661 0.691622087 -0.426708684 -0.048588409 0.580704533
10051.391605470 26.330076534 35.708252856 1.041554047 0.688560562 -0.427795105 -0.065924766 0.581832987
10051.424938804 26.355972647 35.683452485 1.053348217 0.685943044 -0.426460018 -0.079547817 0.584197003
10051.458272137 26.390148359 35.651968700 1.065362570 0.682773973 -0.423711907 -0.095080407 0.587577772
10051.491605470 26.418679447 35.623732730 1.074470075 0.679824962 -0.421352281 -0.108840318 0.590299975
10051.524938804 26.445942996 35.594572992 1.082322516 0.676271242 -0.419766735 -0.124152056 0.592485749
10051.558272137 26.474199638 35.562821727 1.088572719 0.671987084 -0.418963862 -0.141383935 0.594065000
10051.591605470 26.499792761 35.533458226 1.091938281 0.667697127 -0.419002307 -0.157436000 0.594837389
10051.624938804 26.525364426 35.503489256 1.093662420 0.662827368 -0.419550544 -0.174447906 0.595151367
10051.658272137 26.553532005 35.470173603 1.094278572 0.656903555 -0.420678147 -0.193757514 0.594950117
10051.691605470 26.575205005 35.440882853 1.094361945 0.651098982 -0.422613242 -0.211187052 0.594027098
10051.724938804 26.596081077 35.412230864 1.094158164 0.644461278 -0.425952370 -0.229150080 0.592219959
10051.758272137 26.617937941 35.378967388 1.094214062 0.636023195 -0.431016650 -0.250652243 0.588958909
10051.791605470 26.638036718 35.345678963 1.095242789 0.627362023 -0.436324082 -0.271729613 0.584979663
10051.824938804 26.653470498 35.318519854 1.098242401 0.620906792 -0.439273829 -0.287460592 0.582133720
10051.858272137 26.672029060 35.283123838 1.103767458 0.614432747 -0.439494284 -0.304515377 0.580161667
10051.891605470 26.686764283 35.252050164 1.109824437 0.611217791 -0.435366075 -0.315499324 0.580800628
10051.924938804 26.697249193 35.224472840 1.116049370 0.611480080 -0.427288414 -0.321033199 0.583484710
10051.958272137 26.708116251 35.188687876 1.123995660 0.614742963 -0.413532026 -0.324642407 0.587953792
10051.991605470 26.717360552 35.154253944 1.130913160 0.619548800 -0.399444921 -0.326263602 0.591739048
10052.024938804 26.722967461 35.123888846 1.135002344 0.624258616 -0.388250975 -0.327461010 0.593575309
10052.058272137 26.727132116 35.085375438 1.138306261 0.630658147 -0.375245143 -0.329430669 0.594084859
10052.091605470 26.730498046 35.042360839 1.140057702 0.637737120 -0.362792561 -0.331853881 0.592913084
10052.124938804 26.730636901 35.006552805 1.139026596 0.644226038 -0.353131491 -0.332944104 0.591116897
10052.158272137 26.727056157 34.960101664 1.135120457 0.653196994 -0.340907913 -0.333030273 0.588392998
10052.191605470 26.721562907 34.915991091 1.129462990 0.662261921 -0.329612565 -0.332027153 0.585254368
10052.224938804 26.712133216 34.877692231 1.124103948 0.670983633 -0.319715649 -0.329934943 0.581984365
10052.258272137 26.691591740 34.832646659 1.117446712 0.682066719 -0.308188524 -0.326521256 0.577224995
10052.291605470 26.670224854 34.789023804 1.109862970 0.692662631 -0.297996302 -0.322815490 0.572019967
10052.324938804 26.659685901 34.748450139 1.103841599 0.701127692 -0.290838687 -0.320281999 0.566791195
10052.358272137 26.643926365 34.700168144 1.098261334 0.710907928 -0.283728862 -0.317653143 0.559646613
10052.391605470 26.623768335 34.660536368 1.095293059 0.718943950 -0.278774337 -0.315443636 0.553082072
10052.424938804 26.608204164 34.616699994 1.093040377 0.727043373 -0.273911698 -0.312821698 0.546372492
10052.458272137 26.594563159 34.568169011 1.092344875 0.735739784 -0.268617158 -0.309072266 0.539449838
10052.491605470 26.581890383 34.525992336 1.092253451 0.743332734 -0.263740464 -0.305149354 0.533649028
10052.524938804 26.567519491 34.486142617 1.091476430 0.750474982 -0.259107268 -0.301330125 0.528063331
10052.558272137 26.552027839 34.440846369 1.090207470 0.757793857 -0.254975965 -0.297985511 0.521479014
10052.591605470 26.531569140 34.394068954 1.087672897 0.764893205 -0.251567374 -0.295485714 0.514140481
10052.624938804 26.514815651 34.357308169 1.084620344 0.769444052 -0.250475200 -0.295360906 0.507917277
10052.658272137 26.492404823 34.309977205 1.079760522 0.774068347 -0.251049109 -0.297555440 0.499252740
10052.691605470 26.471106889 34.266550547 1.074206621 0.776839081 -0.253759129 -0.302370437 0.490611319
10052.724938804 26.450686476 34.227558174 1.067591278 0.777921087 -0.257978162 -0.309335517 0.482283721
10052.758272137 26.427168959 34.176663163 1.057827108 0.777888211 -0.264645337 -0.320567482 0.471263478
10052.791605470 26.408314858 34.129486463 1.048283002 0.776480187 -0.271683368 -0.332736753 0.461034618
10052.824938804 26.390421140 34.091494871 1.040644507 0.773888783 -0.278508934 -0.345227742 0.452047267
10052.858272137 26.367350816 34.042652284 1.030801963 0.769126783 -0.288158795 -0.362901042 0.440126497
10052.891605470 26.344584104 33.998647035 1.022203995 0.763273671 -0.297714505 -0.380584540 0.428876188
10052.924938804 26.326218801 33.960782242 1.016603885 0.757909772 -0.305259549 -0.395478792 0.419506747
10052.958272137 26.303108934 33.913939205 1.010788899 0.751557652 -0.313329563 -0.412412932 0.408535499
10052.991605470 26.283318743 33.871308161 1.006855638 0.746605300 -0.318876270 -0.425681296 0.399617174
10053.024938804 26.265263671 33.828618821 1.004588205 0.743284690 -0.322110159 -0.435863500 0.392168234
10053.058272137 26.245369276 33.780901333 1.001984348 0.741506282 -0.323137126 -0.444015407 0.385488196
10053.091605470 26.227223719 33.732543859 0.999430296 0.742974311 -0.320535681 -0.447028470 0.381328727
10053.124938804 26.210344672 33.684390487 0.997637824 0.747581811 -0.314985128 -0.445085612 0.379215774
10053.158272137 26.197130215 33.645149091 0.995577963 0.753337167 -0.308681043 -0.439970524 0.378978976
10053.191605470 26.178535818 33.587778171 0.991898842 0.762813147 -0.298124450 -0.430291741 0.379587846
10053.224938804 26.160108729 33.530816803 0.987091737 0.771964796 -0.287478693 -0.420366620 0.380418531
10053.258272137 26.145854890 33.489461255 0.982273266 0.777071647 -0.280906332 -0.415168180 0.380639815
10053.291605470 26.127595263 33.438465713 0.975985387 0.780713059 -0.275220858 -0.412682923 0.380043950
10053.324938804 26.106926334 33.383395572 0.968478352 0.781673574 -0.271955615 -0.414450045 0.378494025
10053.358272137 26.090813774 33.342635692 0.962664508 0.779953657 -0.271741542 -0.419203884 0.376957465
10053.391605470 26.069639757 33.290649425 0.955114837 0.776591765 -0.272433354 -0.426410149 0.375312779
10053.424938804 26.045756729 33.237187457 0.947940413 0.773475295 -0.272625469 -0.432561433 0.374568991
10053.458272137 26.026754871 33.194042122 0.942962329 0.773183056 -0.270631709 -0.433317013 0.375743005
10053.491605470 26.002122827 33.138903339 0.937294150 0.775555434 -0.265258193 -0.429329979 0.379246132
10053.524938804 25.979455136 33.088527203 0.933926501 0.779879212 -0.258057796 -0.421551111 0.384043292
10053.558272137 25.961561464 33.047761727 0.933712252 0.784113596 -0.251214605 -0.413361164 0.388831120
10053.591605470 25.939727922 32.996421272 0.937320817 0.789926652 -0.241541190 -0.401380792 0.395685731
10053.624938804 25.916718014 32.938905823 0.943698945 0.796418484 -0.230195746 -0.387042211 0.403640735
10053.658272137 25.901177898 32.899350391 0.950386156 0.800856913 -0.221717754 -0.376441709 0.409586478
10053.691605470 25.878258973 32.837307164 0.962716129 0.807487429 -0.207947594 -0.359304574 0.419072873
10053.724938804 25.858446618 32.777227968 0.974270666 0.813306564 -0.194239683 -0.342896520 0.428048309
10053.758272137 25.844273224 32.728083317 0.983281257 0.817455204 -0.183005183 -0.330037017 0.435145562
10053.791605470 25.827799997 32.663352443 0.995031854 0.822054874 -0.168355976 -0.313962801 0.444195237
10053.824938804 25.814238809 32.596545248 1.005073408 0.825720885 -0.153974640 -0.299141960 0.452759227
10053.858272137 25.805549652 32.541741528 1.012204512 0.828116828 -0.141828441 -0.287790264 0.459656367
10053.891605470 25.797714829 32.467736153 1.020139653 0.830609568 -0.125514896 -0.273770999 0.468383600
10053.924938804 25.792967742 32.401371233 1.026676567 0.832337057 -0.109351341 -0.261342123 0.476400673
10053.958272137 25.791679776 32.344370730 1.031320973 0.833593150 -0.095009305 -0.251107827 0.482742738
10053.991605470 25.792015584 32.270144647 1.036335967 0.834940873 -0.075901405 -0.238311116 0.490224976
10054.024938804 25.793286866 32.206308478 1.041482853 0.835629674 -0.058043357 -0.227691235 0.496498458
10054.058272137 25.794920716 32.151403827 1.046915411 0.835514350 -0.043772519 -0.220688322 0.501294725
10054.091605470 25.796572942 32.085615365 1.054738723 0.834377562 -0.026845861 -0.214812064 0.506901530
10054.124938804 25.796868357 32.036718547 1.063741765 0.832397049 -0.013008482 -0.212516945 0.511646831
10054.158272137 25.798471392 31.990127393 1.070662907 0.830552288 -0.002852765 -0.212088024 0.514969347
10054.191605470 25.801019435 31.921457926 1.081046494 0.827467585 0.012086603 -0.212366744 0.519664966
10054.224938804 25.803356448 31.868143013 1.090798034 0.824868944 0.025506946 -0.212802063 0.523121309
10054.258272137 25.805319084 31.826609815 1.098755055 0.822782010 0.037489387 -0.213146323 0.525540632
10054.291605470 25.807354422 31.771801084 1.106809933 0.820005489 0.053535838 -0.214069885 0.528108887
10054.324938804 25.808912720 31.724408927 1.114617933 0.817366008 0.067725375 -0.215779563 0.529872874
10054.358272137 25.808704387 31.684600402 1.121304536 0.814888887 0.077823275 -0.218834295 0.531047259
10054.391605470 25.806536310 31.630446450 1.128907169 0.810963195 0.088722435 -0.225110401 0.532721629
10054.424938804 25.802506665 31.586528853 1.135184076 0.806003862 0.095839001 -0.234102580 0.535134229
10054.458272137 25.796854545 31.550903067 1.142311859 0.799447423 0.096058463 -0.247611279 0.538836936
10054.491605470 25.784563026 31.502832871 1.152417694 0.786841292 0.086855966 -0.273818660 0.546223548
10054.524938804 25.768661128 31.459648836 1.163650051 0.770218190 0.068459591 -0.305942904 0.555406304
10054.558272137 25.751243929 31.425333441 1.175667431 0.751151566 0.043589157 -0.339072714 0.564713206
10054.591605470 25.724475967 31.385573760 1.194776953 0.719364589 0.001464524 -0.386799040 0.576973957
10054.624938804 25.696655411 31.355285164 1.216523108 0.682225555 -0.046858349 -0.433241944 0.587089436
10054.658272137 25.671376479 31.333067897 1.235866486 0.646090693 -0.092893740 -0.470968058 0.593402610
10054.691605470 25.637440868 31.308599778 1.261534046 0.595137820 -0.155267318 -0.514214850 0.597734157
10054.724938804 25.605568572 31.287777544 1.284071075 0.549959879 -0.209501273 -0.544027918 0.598069371
10054.758272137 25.578754690 31.270738758 1.299580516 0.521773148 -0.244115326 -0.557375100 0.597907591
10054.791605470 25.544432637 31.243047504 1.315858412 0.501923515 -0.271149962 -0.560076048 0.600720653
10054.824938804 25.503262034 31.211493082 1.331787966 0.498601220 -0.281970786 -0.548214587 0.609384990
10054.858272137 25.472338127 31.186148002 1.341087378 0.509700785 -0.274635380 -0.529487777 0.620018719
10054.891605470 25.428917757 31.149548855 1.351447048 0.531436823 -0.255579435 -0.497758825 0.635995447
10054.924938804 25.387834325 31.115566135 1.358302943 0.552003370 -0.235103702 -0.466771681 0.649725116
10054.958272137 25.353084986 31.089627387 1.361554410 0.565782863 -0.220993468 -0.443743740 0.658895388
10054.991605470 25.306675164 31.057070242 1.363091762 0.578517202 -0.208982425 -0.419169615 0.667788160
10055.024938804 25.256087425 31.024507328 1.361899285 0.586180331 -0.204594950 -0.400207463 0.674067884
10055.058272137 25.216271587 30.999927485 1.358633640 0.588132990 -0.207846593 -0.391620501 0.676411682
10055.091605470 25.164007188 30.967795522 1.352437321 0.588296865 -0.216168628 -0.385074393 0.677418360
10055.124938804 25.115118149 30.936960861 1.346246915 0.587574336 -0.225538714 -0.382011399 0.676724448
10055.158272137 25.074681258 30.910010504 1.340877270 0.587442258 -0.232589000 -0.380668249 0.675207846
10055.191605470 25.021642119 30.873256721 1.334002391 0.588978771 -0.239001064 -0.379104797 0.672504314
10055.224938804 24.973748032 30.836518758 1.330032614 0.592371940 -0.241381096 -0.377690135 0.669463078
10055.258272137 24.934787373 30.813543563 1.328693969 0.596430903 -0.241164968 -0.376861191 0.666397238
10055.291605470 24.881404086 30.778641598 1.330466487 0.602574523 -0.239955699 -0.377388309 0.660986589
10055.324938804 24.833671871 30.740218932 1.330012655 0.607298481 -0.239390569 -0.380759568 0.654906758
10055.358272137 24.794158763 30.714654563 1.331534908 0.610124210 -0.239899143 -0.385899787 0.649059476
10055.391605470 24.743117445 30.670965734 1.331592798 0.613243857 -0.240634085 -0.395059528 0.640277423
10055.424938804 24.697545505 30.637162519 1.331464388 0.616450427 -0.239654716 -0.403591470 0.632193335
10055.458272137 24.661205300 30.606604826 1.329487128 0.620139649 -0.236789379 -0.409838685 0.625611587
10055.491605470 24.613614996 30.565751949 1.323943710 0.625654200 -0.231515070 -0.417545298 0.616938828
10055.524938804 24.569960610 30.529108069 1.317362383 0.630782794 -0.226518794 -0.424568109 0.608723438
10055.558272137 24.538802169 30.503877909 1.311805455 0.633584805 -0.224018991 -0.430496228 0.602543595
10055.591605470 24.487540769 30.464032473 1.301765648 0.636310660 -0.222236922 -0.442176146 0.591776775
10055.624938804 24.443163462 30.432694450 1.292925912 0.635781971 -0.224143100 -0.454988929 0.581830070
10055.658272137 24.400788331 30.402989073 1.284495312 0.633115272 -0.228192968 -0.469106796 0.571866975
10055.691605470 24.350548481 30.370235460 1.275000374 0.628634006 -0.233705922 -0.485586044 0.560720093
10055.724938804 24.305187256 30.340644681 1.265122986 0.624351273 -0.237903005 -0.500264303 0.550747923
10055.758272137 24.269202658 30.316716670 1.257140534 0.622173946 -0.239212580 -0.510007016 0.543663284
10055.791605470 24.222455101 30.284653753 1.246846751 0.621698907 -0.237966836 -0.519517574 0.535689970
10055.824938804 24.176991271 30.253011756 1.238262120 0.624378075 -0.233338529 -0.524730173 0.529493528
10055.858272137 24.140171714 30.226335619 1.232268627 0.628701136 -0.227263330 -0.526471471 0.525275214
10055.891605470 24.092711286 30.190921243 1.226255760 0.634520554 -0.218873181 -0.528089334 0.520192131
10055.924938804 24.048125769 30.158305875 1.222597193 0.638818684 -0.212406270 -0.530220543 0.515422585
10055.958272137 24.017667505 30.136878405 1.221109004 0.640055143 -0.209488140 -0.533352602 0.511838974
10055.991605470 23.965987760 30.102559320 1.220813351 0.639709191 -0.207270225 -0.540488958 0.505650959
10056.024938804 23.926412407 30.078987328 1.222469824 0.637592585 -0.208062156 -0.546938204 0.501043347
10056.058272137 23.885045973 30.055292897 1.226158550 0.635410221 -0.209630646 -0.552756246 0.496758872
10056.091605470 23.836167873 30.028694905 1.232250069 0.634215858 -0.211399769 -0.557288186 0.492453308
10056.124938804 23.789943480 30.004224949 1.236779911 0.634795712 -0.212598569 -0.559207605 0.489002154
10056.158272137 23.753275314 29.985802286 1.238128931 0.636370362 -0.212789563 -0.559269254 0.486796945
10056.191605470 23.709588154 29.965498066 1.238703199 0.638974567 -0.212449569 -0.558324254 0.484613981
10056.224938804 23.656800093 29.941301435 1.235372929 0.642239183 -0.211749065 -0.556751236 0.482409811
10056.258272137 23.616883065 29.923224949 1.230836354 0.644203273 -0.211422334 -0.555854291 0.480966472
10056.291605470 23.564100383 29.900044931 1.225370897 0.645785691 -0.211933911 -0.555622178 0.478882923
10056.324938804 23.518974543 29.881951357 1.223718596 0.645935002 -0.213765361 -0.556383819 0.476979445
10056.358272137 23.477441635 29.863767041 1.222811198 0.645245676 -0.216397654 -0.557747782 0.475128914
10056.391605470 23.425895130 29.841221717 1.223756133 0.643721039 -0.220353927 -0.559749573 0.473019858
10056.424938804 23.365471043 29.816446354 1.227704892 0.642403679 -0.224581647 -0.560907002 0.471448758
10056.458272137 23.324816527 29.801504426 1.232732602 0.642582071 -0.226423188 -0.560041921 0.471353232
10056.491605470 23.268861412 29.784157711 1.241625860 0.642496162 -0.229169664 -0.558381838 0.472111925
10056.524938804 23.218568697 29.773292417 1.252472331 0.640645814 -0.233177173 -0.557720390 0.473444097
10056.558272137 23.178316107 29.767244102 1.261254930 0.637816146 -0.237651326 -0.558098453 0.474593013
10056.591605470 23.124425123 29.761985734 1.273046571 0.633622051 -0.244245901 -0.558576488 0.476297537
10056.624938804 23.070948736 29.759043051 1.284007234 0.629746726 -0.250831462 -0.558783717 0.477769188
10056.658272137 23.030206669 29.760271043 1.292455975 0.626366253 -0.256757033 -0.559311237 0.478447577
10056.691605470 22.976631060 29.765783109 1.302752892 0.621113991 -0.265767600 -0.560956971 0.478447770
10056.724938804 22.917976481 29.766642866 1.308298071 0.615064836 -0.275568816 -0.564092121 0.477029511
10056.758272137 22.873748826 29.772197544 1.312238550 0.608958738 -0.284797819 -0.567928007 0.474886552
10056.791605470 22.809394697 29.777236811 1.313693892 0.599799243 -0.297964578 -0.574265326 0.470826203
10056.824938804 22.744515509 29.782256613 1.312721938 0.589861998 -0.311633052 -0.581304438 0.465867807
10056.858272137 22.699931785 29.790996995 1.313212366 -0.581511255 0.322699716 0.587128959 -0.461507463
10056.891605470 22.638237943 29.801375326 1.314188140 -0.570702493 0.337183057 0.594465442 -0.455211038
10056.924938804 22.569269800 29.812925568 1.317179258 -0.558970368 0.352793803 0.601896722 -0.448117167
10056.958272137 22.519139953 29.825488532 1.321746120 -0.550020074 0.364323871 0.607231395 -0.442737018
10056.991605470 22.453164199 29.842043095 1.328793638 -0.538184345 0.379002834 0.613943828 -0.435646001
10057.024938804 22.397036307 29.856106856 1.334612580 -0.527902382 0.390953299 0.619697179 -0.429476426
10057.058272137 22.345270933 29.873730239 1.342489906 -0.517845296 0.401930182 0.625200149 -0.423571897
10057.091605470 22.287292452 29.895542526 1.352465020 -0.506326616 0.413991358 0.631366366 -0.416678563
10057.124938804 22.235106680 29.915653031 1.361346176 -0.496056546 0.423939068 0.637116532 -0.410226883
10057.158272137 22.196071087 29.931507571 1.368628467 -0.487519677 0.431376262 0.642135596 -0.404846837
10057.191605470 22.144161205 29.954137420 1.378556590 -0.475165100 0.441645106 0.649446691 -0.396719956
10057.224938804 22.099586816 29.976385986 1.387967543 -0.463115592 0.451269541 0.656541908 -0.388371565
10057.258272137 22.061397071 29.994954742 1.395719078 -0.453174246 0.459075152 0.662411271 -0.380912608
10057.291605470 22.012753529 30.020561610 1.406222555 -0.438341969 0.470251527 0.671014465 -0.369404125
10057.324938804 21.965682675 30.049906062 1.416485304 -0.418908563 0.483666794 0.681874194 -0.354442705
10057.358272137 21.923306676 30.079370803 1.424265926 -0.395933595 0.498077125 0.693826185 -0.337284733
10057.391605470 21.889087134 30.101853170 1.428873127 -0.375630179 0.509635214 0.703768471 -0.322310186
10057.424938804 21.843587224 30.132963216 1.433945605 -0.348676723 0.523652920 0.716203700 -0.302100021
10057.458272137 21.793740296 30.160423429 1.437042505 -0.326231022 0.534544505 0.726030492 -0.284104236
10057.491605470 21.757653990 30.183636743 1.439626500 -0.311397254 0.541413297 0.732279477 -0.271422475
10057.524938804 21.710817993 30.212923424 1.442575505 -0.293489188 0.549216646 0.739577399 -0.255441663
10057.558272137 21.667519784 30.243138704 1.445203186 -0.277885350 0.555667715 0.745607993 -0.241001750
10057.591605470 21.634228418 30.267292779 1.446861111 -0.266140279 0.560424779 0.749828167 -0.229893754
10057.624938804 21.594094375 30.299953041 1.448667751 -0.250455810 0.566514545 0.755005690 -0.215173341
10057.658272137 21.555404909 30.336610801 1.450460866 -0.232665747 0.573065079 0.760193300 -0.198920114
10057.691605470 21.529290861 30.364789956 1.451923203 -0.218006539 0.578076800 0.763901118 -0.186428120
10057.724938804 21.501933693 30.406948577 1.455293651 -0.195292650 0.585103554 0.768940008 -0.168065094
10057.758272137 21.471002045 30.453444031 1.457454153 -0.168213136 0.592871149 0.773822431 -0.146311269
10057.791605470 21.450280449 30.488327663 1.458061355 -0.147360086 0.598494078 0.776725721 -0.129564649
10057.824938804 21.426060441 30.537481857 1.458062173 -0.118695820 0.605804759 0.779497234 -0.106282447
10057.858272137 21.402851142 30.587174141 1.458167740 -0.091957479 0.612540270 0.780615814 -0.083529578
10057.891605470 21.382566006 30.625826770 1.457862488 -0.073688063 0.617437998 0.780307543 -0.066787166
10057.924938804 21.353226374 30.677935323 1.455927849 -0.052166972 0.623718684 0.778596525 -0.045178109
10057.958272137 21.333674535 30.727430426 1.454539947 -0.034852277 0.629192732 0.776012505 -0.026578528
10057.991605470 21.313788326 30.777613917 1.451070453 -0.018249937 0.634647438 0.772551243 -0.007358323
10058.024938804 21.296978500 30.835495828 1.446505399 -0.000768525 0.640306164 0.767995367 0.013803734
10058.058272137 21.274632236 30.892829076 1.439860167 0.016068615 0.645686917 0.762581133 0.036058556
10058.091605470 21.254752391 30.945811748 1.434122419 0.029797833 0.649949844 0.757349265 0.055672075
10058.124938804 21.233925504 31.005300782 1.426956930 0.043538752 0.654069913 0.751212244 0.077311645
10058.158272137 21.214236393 31.068533028 1.419594884 0.057400401 0.657344425 0.744679776 0.100277277
10058.191605470 21.198489308 31.113207777 1.414819436 0.067263881 0.658932289 0.739933059 0.117400498
10058.224938804 21.178450143 31.174835434 1.409504155 0.081514781 0.659819478 0.733415015 0.141760408
10058.258272137 21.161527086 31.228605078 1.403496836 0.096192937 0.658819564 0.727473800 0.165787732
10058.291605470 21.150855382 31.264159679 1.402804699 0.107567102 0.657037393 0.723348214 0.183026075
10058.324938804 21.138223962 31.316777319 1.403292074 0.127761210 0.652304277 0.716698848 0.210995178
10058.358272137 21.125461792 31.372493541 1.406762580 0.153473314 0.644183597 0.708672146 0.243428069
10058.391605470 21.119002873 31.407561933 1.407660386 0.172074283 0.636952155 0.702933851 0.265643360
10058.424938804 21.111870372 31.453523778 1.407585969 0.196786494 0.625812842 0.695028089 0.294226644
10058.458272137 21.107126119 31.492051138 1.406101581 0.216281836 0.615763344 0.688550421 0.316158171
10058.491605470 21.101109502 31.530426202 1.404358063 0.233159820 0.606033476 0.682432774 0.335626926
10058.524938804 21.096505223 31.573300929 1.400571131 0.249085775 0.595576573 0.676444993 0.354495408
10058.558272137 21.091277121 31.617147655 1.396292662 0.261666255 0.586684350 0.671187929 0.369917570
10058.591605470 21.087141663 31.649579113 1.392025132 0.269694957 0.580834235 0.667603108 0.379739795
10058.624938804 21.084009483 31.694352189 1.385781732 0.280615459 0.572727030 0.662509022 0.392836492
10058.658272137 21.080926966 31.737444897 1.379946336 0.291116033 0.565336662 0.657256921 0.404548209
10058.691605470 21.078124123 31.771434416 1.375515199 0.298894964 0.560204083 0.652936652 0.412924829
10058.724938804 21.076438877 31.817203934 1.371065293 0.308679371 0.554173277 0.647001149 0.423082189
10058.758272137 21.075428536 31.862555755 1.369042904 0.317186327 0.549871903 0.640915160 0.431580215
10058.791605470 21.076043135 31.899775633 1.369842579 0.324476055 0.546884572 0.635417056 0.438038492
10058.824938804 21.079481285 31.948540548 1.374952123 0.334111665 0.543833197 0.627705515 0.445646313
10058.858272137 21.084415634 31.991845608 1.380516958 0.343012132 0.541519556 0.620439214 0.451834516
10058.891605470 21.089887964 32.032810732 1.384289292 0.351707995 0.539766726 0.613000884 0.457365592
10058.924938804 21.099795896 32.081650934 1.390121234 0.362442864 0.538210340 0.603799424 0.463023817
10058.958272137 21.112052210 32.129438885 1.394825719 0.374241256 0.536366898 0.593762217 0.468722160
10058.991605470 21.124077138 32.163509083 1.397980989 0.384434763 0.533962944 0.585531241 0.473546886
10059.024938804 21.139145407 32.210197471 1.399022609 0.398825702 0.530007675 0.573692429 0.480527753
10059.058272137 21.154431477 32.257341925 1.398009200 0.412383749 0.526191028 0.562005847 0.487044222
10059.091605470 21.165903855 32.290728888 1.394490620 0.422618127 0.522855098 0.552956424 0.492194736
10059.124938804 21.183871222 32.337210767 1.388497588 0.435745343 0.518616552 0.540885005 0.498604331
10059.158272137 21.198821762 32.377191130 1.381219262 0.445397735 0.515761302 0.531403062 0.503211608
10059.191605470 21.213837949 32.416251446 1.372416055 0.453826968 0.513519169 0.522620413 0.507155844
10059.224938804 21.232699527 32.463452599 1.360389478 0.463480494 0.510668363 0.512457655 0.511654969
10059.258272137 21.251588336 32.507133053 1.348567305 0.472506805 0.507313619 0.503050146 0.516053061
10059.291605470 21.265918979 32.539876175 1.339829846 0.479545124 0.503938141 0.495939889 0.519736905
10059.324938804 21.287081864 32.584492815 1.328568068 0.489421188 0.498343139 0.486111882 0.525182116
10059.358272137 21.307268725 32.625645886 1.319925158 0.498557200 0.492377074 0.477005969 0.530538256
10059.391605470 21.323238635 32.655475442 1.316285011 0.505402644 0.486983784 0.470276464 0.535028046
10059.424938804 21.343074861 32.691593242 1.313797939 0.514265538 0.478995794 0.461599472 0.541313138
10059.458272137 21.363807544 32.728759373 1.315014382 0.524462280 0.468240425 0.451758887 0.549184968
10059.491605470 21.378068862 32.753836581 1.317770686 0.532627247 0.458459811 0.443911157 0.555936779
10059.524938803 21.397260827 32.785325562 1.323837549 0.543619705 0.444035501 0.433186530 0.565384400
10059.558272137 21.414795056 32.813854487 1.330741406 0.552924099 0.430557273 0.423742319 0.573879623
10059.591605470 21.428087808 32.835334954 1.335708233 0.559022775 0.420919096 0.417357478 0.579770116
10059.624938803 21.444975100 32.857782832 1.342710500 0.564943383 0.410615900 0.410933885 0.585975169
10059.658272137 21.466072182 32.886807370 1.349087606 0.570880103 0.399536380 0.404294344 0.592463225
10059.691605470 21.482021166 32.904345100 1.352711757 0.574322712 0.392607359 0.400286702 0.596475851
10059.724938803 21.501379936 32.922162993 1.355530771 0.578186918 0.384823813 0.395581459 0.600937460
10059.758272137 21.523507432 32.947163576 1.355427001 0.583147288 0.375069532 0.389298271 0.606390091
10059.791605470 21.542053193 32.969768827 1.352816074 0.587375427 0.366956403 0.383534650 0.610929029
10059.824938803 21.566100954 32.997252812 1.349192464 0.592312976 0.357809990 0.376570659 0.615899252
10059.858272137 21.592661534 33.022953355 1.345978488 0.596241677 0.350891331 0.370539924 0.619734864
10059.891605470 21.614365666 33.042696025 1.343995859 0.598806091 0.346596155 0.366304454 0.622192428
10059.924938803 21.641906001 33.064596147 1.342822151 0.602072091 0.341257037 0.360794026 0.625204369
10059.958272137 21.677034440 33.091680969 1.342701716 0.607488939 0.332356147 0.351813910 0.629859948
10059.991605470 21.699127609 33.108471018 1.343262395 0.612183350 0.324331006 0.344043126 0.633778567
10060.024938803 21.731170116 33.129013870 1.346755668 0.619762223 0.311068102 0.331604675 0.639663789
10060.058272137 21.761884391 33.147008043 1.351955144 0.627095987 0.297733119 0.319172657 0.645162327
10060.091605470 21.784634421 33.158378764 1.356690825 0.632461789 0.287689253 0.309996622 0.648944584
10060.124938803 21.813473102 33.172142465 1.362652595 0.638993249 0.274857209 0.298662779 0.653407749
10060.158272137 21.846664118 33.185992984 1.369060390 0.645326280 0.261889771 0.287157126 0.657653803
10060.191605470 21.869080504 33.194879026 1.371787586 0.649161873 0.253847767 0.279937340 0.660140334
10060.224938803 21.900599444 33.206086873 1.373720790 0.654326364 0.242751063 0.269911974 0.663382587
10060.258272137 21.927632930 33.212489109 1.373602911 0.658640881 0.233096189 0.261113978 0.666091470
10060.291605470 21.954513842 33.220607493 1.370733084 0.662890492 0.223342807 0.252113924 0.668679861
10060.324938803 21.983069295 33.228985481 1.365950763 0.667185695 0.213364439 0.242610406 0.671177365
10060.358272137 22.016675088 33.237796877 1.358296833 0.672263250 0.201507368 0.231154527 0.673813392
10060.391605470 22.047641627 33.244645258 1.350736107 0.676667720 0.191564829 0.221066967 0.675687138
10060.424938803 22.087186328 33.250449615 1.341303625 0.681456195 0.181558910 0.210220159 0.677097704
10060.458272137 22.128156026 33.255632832 1.332282539 0.685200879 0.175176347 0.202030702 0.677492877
10060.491605470 22.159091699 33.259143017 1.325894170 0.687640237 0.171920156 0.197055296 0.677320881
10060.524938803 22.203375146 33.263104137 1.317823464 0.691352686 0.166681073 0.189481379 0.677012326
10060.558272137 22.247793342 33.266568535 1.310879100 0.696004243 0.157937145 0.178836170 0.677238198
10060.591605470 22.279294694 33.267082344 1.307439268 0.699816121 0.149097992 0.169174844 0.677795734
10060.624938803 22.319688262 33.268557960 1.304747951 0.704596540 0.136834348 0.156033790 0.678582002
10060.658272137 22.361484723 33.270448388 1.303888979 0.708786284 0.125025423 0.143311424 0.679302939
10060.691605470 22.400019145 33.272171962 1.304001998 0.711854928 0.115639997 0.133189892 0.679816449
10060.724938803 22.445360271 33.274464262 1.304975023 0.714478703 0.106528952 0.123544029 0.680373896
10060.758272137 22.489355846 33.277547662 1.306112840 0.716057947 0.099588976 0.116428719 0.681019388
10060.791605470 22.523867785 33.279669465 1.306815003 0.716690125 0.095554785 0.112366150 0.681614551
10060.824938803 22.569565974 33.282608511 1.307495394 0.716824643 0.091863906 0.108791205 0.682559834
10060.858272137 22.611713190 33.285545709 1.307490206 0.716408678 0.089578542 0.106582803 0.683647860
10060.891605470 22.649356854 33.287143340 1.306496131 0.715948526 0.086956105 0.104580618 0.684776780
10060.924938803 22.695341546 33.289091346 1.303574580 0.715400806 0.082070002 0.100981484 0.686490307
10060.958272137 22.739919697 33.289767196 1.299184580 0.715011995 0.074818262 0.095931162 0.688445558
10060.991605470 22.774375042 33.289751358 1.294727584 0.714720161 0.068137830 0.091285607 0.690071927
10061.024938803 22.816954856 33.289295548 1.288556461 0.714311792 0.059368291 0.085464055 0.692047661
10061.058272137 22.864433795 33.288431080 1.281199524 0.713646579 0.050605518 0.079847801 0.694097955
10061.091605470 22.904397501 33.287115289 1.275545891 0.712932914 0.043703441 0.075550599 0.695779258
10061.124938803 22.955635441 33.284443917 1.269727337 0.711971399 0.034285346 0.069435744 0.697925440
10061.158272137 23.005243105 33.281247626 1.266532894 0.710999196 0.023912989 0.062252694 0.700023510
10061.191605470 23.041122854 33.278429256 1.265834668 0.710275915 0.015424424 0.056082757 0.701516169
10061.224938803 23.089961099 33.273629457 1.267008436 0.709013259 0.003064233 0.046859944 0.703629843
10061.258272137 23.138445483 33.267820447 1.270403756 0.707337290 -0.008782808 0.038246141 0.705786124
10061.291605470 23.169913910 33.263339318 1.273216176 0.705962820 -0.014943364 0.033951899 0.707276792
10061.324938803 23.217056118 33.255188837 1.278111280 0.703746909 -0.020665646 0.029998649 0.709516243
10061.358272137 23.256908604 33.246936675 1.282457614 0.701838275 -0.023232332 0.027848318 0.711412515
10061.391605470 23.296525482 33.238028159 1.286250798 0.700002110 -0.025461522 0.025328725 0.713237136
10061.424938803 23.343564472 33.226438032 1.289167562 0.698036519 -0.029228369 0.020471838 0.715172444
10061.458272137 23.389399926 33.213821724 1.290140704 0.696335983 -0.034926874 0.013367419 0.716740975
10061.491605470 23.432130695 33.201310658 1.288981416 0.694944871 -0.041163083 0.005401988 0.717863528
10061.524938803 23.474266764 33.188372953 1.285913695 0.693758079 -0.046568056 -0.002217427 0.718697591
10061.558272137 23.525721671 33.171232691 1.280927388 0.692638494 -0.050950990 -0.009978468 0.719413889
10061.591605470 23.580020134 33.151757602 1.274626342 0.691810795 -0.051483125 -0.015127391 0.720082269
10061.624938803 23.618426148 33.137677735 1.270311540 0.691566689 -0.048860854 -0.016721500 0.720464102
10061.658272137 23.677284396 33.115409441 1.265070117 0.691438680 -0.043308819 -0.017755327 0.720917226
10061.691605470 23.735366438 33.094344033 1.261284205 0.691568566 -0.038972564 -0.019790398 0.720987100
10061.724938803 23.776850272 33.079432005 1.260330132 0.691824083 -0.037809696 -0.022980721 0.720709200
10061.758272137 23.835700653 33.058516175 1.261820848 0.692299450 -0.039515038 -0.029673362 0.719916332
10061.791605470 23.894553988 33.037145892 1.266406199 0.692867731 -0.041985439 -0.036908872 0.718894474
10061.824938803 23.935198509 33.022241869 1.270902910 0.693349860 -0.043008464 -0.041129818 0.718139667
10061.858272137 23.992404426 33.000891507 1.278936624 0.694108795 -0.043400610 -0.045499969 0.717118624
10061.891605470 24.041028788 32.982953453 1.285811957 0.694960419 -0.041934518 -0.047195088 0.716270993
10061.924938803 24.081794325 32.967543750 1.291236371 0.695741586 -0.039688246 -0.047311138 0.715632689
10061.958272137 24.142193089 32.944176539 1.297873616 0.696980281 -0.034872380 -0.045412338 0.714800759
10061.991605470 24.199588702 32.921494511 1.301281494 0.698237870 -0.028566571 -0.041542480 0.714088265
10062.024938803 24.249065916 32.901889055 1.302294368 0.699142813 -0.022728604 -0.037325389 0.713645257
10062.058272137 24.307283063 32.879550183 1.301151117 0.699859437 -0.016536621 -0.032262822 0.713359951
10062.091605470 24.365643042 32.859325117 1.297765210 0.700042833 -0.011861574 -0.027957558 0.713454770
10062.124938803 24.399490964 32.847517142 1.295527530 0.700003672 -0.009715969 -0.025888076 0.713603719
10062.158272137 24.468785607 32.823575845 1.291631158 0.699413425 -0.006931569 -0.022435445 0.714331481
10062.191605470 24.519286930 32.805826629 1.290204530 0.698451223 -0.007053450 -0.021150024 0.715310292
10062.224938803 24.569391513 32.789517702 1.290065451 0.697139613 -0.008964517 -0.020814984 0.716577096
10062.258272137 24.621141031 32.773211109 1.291088111 0.695272609 -0.013291869 -0.022014341 0.718285941
10062.291605470 24.682609480 32.754323082 1.295746839 0.692604105 -0.020654105 -0.024626494 0.720601483
10062.324938803 24.723054779 32.741742125 1.300579984 0.690749446 -0.025183438 -0.025951674 0.722189385
10062.358272137 24.775546562 32.725236971 1.307798902 0.688245730 -0.028722830 -0.026160627 0.724436634
10062.391605470 24.836338949 32.705538805 1.317414748 0.685544778 -0.030109707 -0.024778617 0.726985408
10062.424938803 24.876247696 32.692519646 1.324285637 0.683833006 -0.031102934 -0.024140178 0.728575514
10062.458272137 24.931895975 32.674467296 1.334059377 0.681383899 -0.032317846 -0.023684962 0.730828682
10062.491605470 24.988011943 32.655815769 1.343880080 0.679021297 -0.031558271 -0.022825230 0.733084690
10062.524938803 25.027125690 32.643712300 1.349488174 0.677471364 -0.030277497 -0.022158079 0.734591617
10062.558272137 25.087204655 32.626038835 1.355926131 0.675077249 -0.027076602 -0.021083213 0.736948481
10062.591605470 25.144725643 32.609856164 1.359158855 0.672688277 -0.022409080 -0.019761815 0.739322518
10062.624938803 25.188193723 32.598614697 1.359648873 0.670976977 -0.017894561 -0.018350367 0.741035050
10062.658272137 25.242326452 32.584978045 1.359013221 0.669027647 -0.010479715 -0.015945057 0.742992556
10062.691605470 25.319645330 32.567277901 1.354707427 0.666289526 0.001603042 -0.011975148 0.745595261
10062.724938803 25.367625427 32.555866012 1.351837836 0.664654039 0.010556681 -0.008784076 0.747025036
10062.758272137 25.439381403 32.540047251 1.347518768 0.662306668 0.026373446 -0.003220478 0.748761609
10062.791605470 25.511082011 32.525235012 1.343200096 0.659700316 0.042926496 0.002369111 0.750298072
10062.824938803 25.565552222 32.514014638 1.341694510 0.657994824 0.055340235 0.006231895 0.750960341
10062.858272137 25.640778467 32.496528237 1.343032334 0.655915436 0.072375887 0.011112994 0.751274366
10062.891605470 25.720378150 32.477406907 1.348204194 0.654355315 0.088533063 0.014903896 0.750838793
10062.924938803 25.773025578 32.464685004 1.353097754 0.653102328 0.097644947 0.016441507 0.750767934
10062.958272137 25.847443191 32.449489813 1.360510730 0.650860756 0.107107109 0.016677964 0.751418784
10062.991605470 25.918015105 32.436672398 1.367561956 0.648062460 0.114127839 0.016060293 0.752816014
10063.024938803 25.964813727 32.428188390 1.371743251 0.645985912 0.118471094 0.015776199 0.753934953
10063.058272137 26.030888023 32.417029061 1.377108396 0.643268643 0.124296048 0.016131708 0.755311667
10063.091605470 26.101915051 32.405223841 1.381916715 0.640198653 0.130936580 0.017953327 0.756755558
10063.124938803 26.150585740 32.397179330 1.383181060 0.638160295 0.135950819 0.020179271 0.757536540
10063.158272137 26.214550057 32.387803192 1.381449801 0.634734336 0.143295813 0.024741228 0.758924571
10063.191605470 26.268491792 32.381598338 1.376546049 0.631440239 0.150396809 0.029928676 0.760110715
10063.224938803 26.321820472 32.375133109 1.369965031 0.627750608 0.158277341 0.036284512 0.761288967
10063.258272137 26.384743854 32.367947629 1.360957322 0.623047047 0.167920840 0.044841400 0.762629803
10063.291605470 26.445067348 32.361434211 1.352492524 0.618243734 0.175768099 0.053219150 0.764230320
10063.324938803 26.483722585 32.356520987 1.347785687 0.615054332 0.179801249 0.058803605 0.765455300
10063.358272137 26.539598309 32.348917248 1.344164353 0.610874778 0.183385464 0.066342304 0.767333354
10063.391605470 26.596493819 32.340219527 1.344315018 0.607051591 0.185396333 0.073871932 0.769194061
10063.424938803 26.632805349 32.333651594 1.346645751 0.604489460 0.186766895 0.079833992 0.770283814
10063.458272137 26.686856149 32.324506687 1.352769775 0.600456777 0.189387998 0.090043891 0.771670877
10063.491605470 26.734449978 32.315599372 1.360026514 0.596290614 0.192053096 0.101343573 0.772840599
10063.524938803 26.767081248 32.308186541 1.365801029 0.593136134 0.194615896 0.110705169 0.773342450
10063.558272137 26.811722458 32.297587276 1.373298158 0.588222247 0.199906560 0.125507982 0.773485425
10063.591605470 26.850916003 32.286978154 1.378526609 0.583274477 0.207347925 0.140546478 0.772686489
10063.624938803 26.885864199 32.276465964 1.382119942 0.577815210 0.217134278 0.156809424 0.770968931
10063.658272137 26.928324061 32.263018028 1.384004237 0.570390185 0.232197621 0.177764167 0.767554039
10063.691605470 26.975173855 32.249138903 1.383094922 0.561986059 0.249871441 0.199609966 0.762818323
10063.724938803 27.003965143 32.236656494 1.381503049 0.555663594 0.262685885 0.214857698 0.758992929
10063.758272137 27.042878539 32.220880261 1.377908269 0.547197801 0.278649211 0.233709345 0.753862803
10063.791605470 27.092228538 32.201847308 1.372675831 0.537613118 0.294449452 0.253073887 0.748481973
10063.824938803 27.126965463 32.190130174 1.369601191 0.531907752 0.302340477 0.263815005 0.745698345
10063.858272137 27.172860529 32.173059972 1.366438759 0.524935122 0.309949345 0.276142182 0.743047789
10063.891605470 27.222552257 32.155976928 1.363766799 0.518527997 0.314565128 0.286208091 0.741796755
10063.924938803 27.257440292 32.143860296 1.363079261 0.514284750 0.316483399 0.292348653 0.741540099
10063.958272137 27.298943619 32.130250221 1.363219956 0.509293622 0.318275639 0.298911713 0.741601249
10063.991605470 27.355878503 32.113470724 1.365852984 0.502218439 0.320773563 0.307306477 0.741918924
10064.024938803 27.388938093 32.102831759 1.368982528 0.497697262 0.322329411 0.312423709 0.742154035
10064.058272137 27.429119024 32.091881593 1.371550355 0.492113004 0.324731886 0.318466951 0.742261945
10064.091605470 27.478314993 32.077324243 1.374558675 0.484949163 0.329155515 0.325862893 0.741818260
10064.124938803 27.517255828 32.064092793 1.377246027 0.478916656 0.334474977 0.332243777 0.740526434
10064.158272137 27.566625375 32.048249608 1.379071831 0.471084797 0.343595574 0.340419140 0.737655749
10064.191605470 27.612330922 32.033125754 1.379196884 0.464323745 0.352707639 0.347326523 0.734414779
10064.224938803 27.654183747 32.018313682 1.378057428 0.458584929 0.360927142 0.353038312 0.731297075
10064.258272137 27.706053731 31.999832588 1.374453745 0.453024533 0.369189109 0.358267100 0.728088497
10064.291605470 27.760940067 31.978142330 1.368910173 0.449624949 0.374622452 0.361040453 0.726047667
10064.324938803 27.798740489 31.963192661 1.364528420 0.448850726 0.375907559 0.361226422 0.725769939
10064.358272137 27.855962703 31.939353054 1.358897567 0.450996272 0.373546530 0.358620373 0.726950328
10064.391605470 27.914737384 31.913230101 1.355067639 0.456109877 0.366981110 0.353075732 0.729812423
10064.424938803 27.956834821 31.895238653 1.353597812 0.460991125 0.360467651 0.347703096 0.732565910
10064.458272137 28.008515259 31.871629395 1.353008865 0.467686700 0.351785025 0.340063200 0.736120552
10064.491605470 28.078206150 31.840848504 1.354613947 0.477238483 0.339931484 0.328665462 0.740721966
10064.524938803 28.122866537 31.822420820 1.357096550 0.483051338 0.333834610 0.321542698 0.742850019
10064.558272137 28.182457317 31.795794548 1.361889274 0.490581437 0.328043370 0.312541222 0.744335533
10064.591605470 28.236351132 31.771200797 1.367583289 0.496754702 0.324716330 0.304999857 0.744828274
10064.624938803 28.285053619 31.749440765 1.372937293 0.502082083 0.322843376 0.298657263 0.744640569
10064.658272137 28.342976251 31.722217788 1.379885111 0.508182574 0.321740989 0.291858500 0.743674542
10064.691605470 28.399756207 31.692153245 1.387423024 0.514929306 0.320379949 0.285109295 0.742237959
10064.724938803 28.437684013 31.670527230 1.392083500 0.520130718 0.318488302 0.279926715 0.741397513
10064.758272137 28.487754169 31.640168635 1.398549556 0.528241925 0.313515701 0.271949456 0.740750881
10064.791605470 28.536540153 31.608445436 1.405617051 0.537729766 0.305577848 0.262477952 0.740657952
10064.824938803 28.569695214 31.585830996 1.411136333 0.544940862 0.298455694 0.254876902 0.740946300
10064.858272137 28.612533104 31.556928902 1.418123430 0.554622678 0.286963261 0.243692651 0.742064461
10064.891605470 28.663627335 31.523797798 1.426506721 0.566389191 0.270810647 0.228549279 0.744063240
10064.924938803 28.698674451 31.500670312 1.432065051 0.574384033 0.259074186 0.217562783 0.745405919
10064.958272137 28.747861283 31.471458662 1.439083280 0.584649992 0.243263717 0.202396664 0.747022585
10064.991605470 28.796154093 31.440328079 1.446070772 0.594436458 0.227276874 0.187302397 0.748270227
10065.024938803 28.829234095 31.418381741 1.451100070 0.601172062 0.215836815 0.176634457 0.748870409
10065.058272137 28.876174773 31.388382507 1.457610690 0.609833404 0.200015290 0.162181214 0.749529424
10065.091605470 28.922612121 31.361079514 1.465054870 0.617126457 0.185490841 0.149642170 0.749903530
10065.124938803 28.958133441 31.341435810 1.471192410 0.621713848 0.177512696 0.141832789 0.749562935
10065.158272137 29.003047500 31.320045331 1.479613315 0.625767224 0.171779061 0.135127609 0.748764225
10065.191605470 29.057470879 31.296366875 1.491140689 0.628676841 0.172027075 0.131974743 0.746829821
10065.224938803 29.097802960 31.279610494 1.502139115 0.630019702 0.174122497 0.131418946 0.745309058
10065.258272137 29.140454950 31.261872924 1.517030265 0.631424376 0.173936350 0.130155569 0.744384935
10065.291605470 29.186681002 31.240436575 1.536308123 0.633303301 0.167395390 0.125672850 0.745058418
10065.324938803 29.226602844 31.222697700 1.553594324 0.635086780 0.155386759 0.119041624 0.747227428
10065.358272137 29.271620115 31.203097506 1.574713334 0.636598962 0.137225525 0.109543066 0.750940233
10065.391605470 29.312189498 31.186283606 1.597613152 0.636676921 0.118847650 0.101019995 0.755190502
10065.424938803 29.346006617 31.174163744 1.613758072 0.635655573 0.108364264 0.097056271 0.758141978
10065.458272137 29.385980097 31.161540978 1.634798841 0.632484420 0.099692460 0.095650584 0.762152110
10065.491605470 29.432940603 31.149103945 1.655140391 0.627375256 0.098296491 0.099058252 0.766110665
10065.524938803 29.472247314 31.140885968 1.668693330 0.622518007 0.102209672 0.104436385 0.768841697
10065.558272137 29.514103817 31.132578536 1.684647685 0.615761680 0.111610250 0.113270958 0.771719117
10065.591605470 29.580690166 31.122249362 1.704822411 0.605448350 0.129355185 0.126665267 0.775019640
10065.624938803 29.624403862 31.116476946 1.718062704 0.598873267 0.140779096 0.134162875 0.776873464
10065.658272137 29.678679397 31.110162585 1.735404950 0.591750076 0.150926454 0.139560425 0.779471578
10065.691605470 29.737332730 31.102607011 1.753803279 0.587117944 0.152508759 0.138421742 0.782862069
10065.724938803 29.792361055 31.094086308 1.772109849 0.585626528 0.143752766 0.130919859 0.786915944
10065.758272137 29.830387676 31.088997207 1.784457334 0.585686752 0.133732541 0.123277394 0.789866647
10065.791605470 29.881792624 31.080919456 1.798616471 0.586691995 0.118342020 0.112040488 0.793243089
10065.824938803 29.934422844 31.073045684 1.811664039 0.587598418 0.105224351 0.102182005 0.795747933
10065.858272137 29.970910480 31.067720607 1.819438041 0.587945187 0.099615940 0.097490437 0.796801567
10065.891605470 30.016216872 31.062088906 1.827305372 0.588035302 0.097905938 0.094793697 0.797272266
10065.924938803 30.085178970 31.052765810 1.836774674 0.587632735 0.104063206 0.096169286 0.796624181
10065.958272137 30.125296199 31.047749313 1.840616114 0.587295915 0.110048919 0.098671524 0.795761694
10065.991605470 30.189764949 31.040423457 1.844223890 0.587071324 0.120925641 0.103424055 0.793742852
10066.024938803 30.247465639 31.033701467 1.846138242 0.587485131 0.128550822 0.106780272 0.791791564
10066.058272137 30.296151583 31.029200930 1.845513571 0.588699548 0.133796724 0.108621174 0.789767509
10066.091605470 30.353835905 31.023183372 1.844101607 0.590796010 0.137178232 0.109053800 0.787559189
10066.124938803 30.421980511 31.015688938 1.841126645 0.593553699 0.138916715 0.108468370 0.785258407
10066.158272137 30.464559473 31.012319849 1.837260197 0.595404081 0.139757661 0.108103297 0.783757267
10066.191605470 30.515325799 31.010021551 1.832273758 0.597166237 0.141887997 0.108754671 0.781941624
10066.224938803 30.575542500 31.007263866 1.826434853 0.598440933 0.147714008 0.111877859 0.779443626
10066.258272137 30.628298195 31.006903513 1.821392283 0.598553849 0.156416775 0.117063882 0.776893255
10066.291605470 30.683663217 31.008084716 1.817334459 0.597687653 0.169236016 0.124761462 0.773668674
10066.324938803 30.755413164 31.012509640 1.814029906 0.595615826 0.187946194 0.136157307 0.769011835
10066.358272137 30.803258143 31.016814848 1.812736085 0.594100215 0.199912762 0.143554808 0.765814494
10066.391605470 30.862433435 31.025959655 1.810929096 0.592472040 0.212877306 0.151596128 0.762022800
10066.424938803 30.914705341 31.034690093 1.808789486 0.591532449 0.222326771 0.157535307 0.758843064
10066.458272137 30.969462230 31.043986995 1.806610225 0.590648461 0.231076869 0.162924407 0.755773454
10066.491605470 31.023981084 31.054522784 1.802193893 0.589747624 0.239288111 0.167549989 0.752905002
10066.524938803 31.089419148 31.068665744 1.794642423 0.588716511 0.247177796 0.171452396 0.750280003
10066.558272137 31.134885445 31.079564904 1.787459027 0.587781431 0.252025970 0.173559578 0.748914530
10066.591605470 31.192743591 31.095369527 1.774648466 0.586071503 0.258339831 0.176362135 0.747447070
10066.624938803 31.247162529 31.109962168 1.760167157 0.583897503 0.264691179 0.179084580 0.746278097
10066.658272137 31.298959387 31.125673683 1.745003882 0.581160357 0.271241196 0.182012313 0.745353856
10066.691605470 31.355335136 31.147423853 1.726130726 0.577635701 0.279225015 0.185397063 0.744310632
10066.724938803 31.413756538 31.170041041 1.706439098 0.574418245 0.287287766 0.188239392 0.743017732
10066.758272137 31.457248767 31.187422848 1.692042117 0.572072781 0.294033968 0.190509436 0.741608329
10066.791605470 31.509188113 31.214192943 1.672267447 0.568605903 0.306450561 0.194910004 0.738095841
10066.824938803 31.568054079 31.240416008 1.653808926 0.564576588 0.322091182 0.200931761 0.732896292
10066.858272137 31.607845741 31.256767961 1.643014549 0.562151470 0.332419615 0.204694043 0.729097575
10066.891605470 31.669230759 31.280954086 1.628519951 0.559986060 0.344656551 0.208114633 0.724096523
10066.924938803 31.741339792 31.308827779 1.612017242 0.560149572 0.353217746 0.207888410 0.719897277
10066.958272137 31.787385511 31.326542132 1.601279391 0.561766833 0.355428311 0.205546326 0.718219639
10066.991605470 31.846793835 31.349208468 1.587480568 0.565329978 0.354978210 0.200468404 0.717080822
10067.024938803 31.906193450 31.372056205 1.573026565 0.569329662 0.354087579 0.195412215 0.715751206
10067.058272137 31.942309241 31.385151681 1.563993580 0.571500218 0.354213311 0.193110562 0.714582914
10067.091605470 31.999405763 31.408203330 1.548465798 0.574647406 0.355989241 0.191266098 0.711666564
10067.124938803 32.052302760 31.429503714 1.534181365 0.577110832 0.358022572 0.191185137 0.708668589
10067.158272137 32.098415920 31.449210593 1.520970513 0.578719074 0.360952147 0.193066757 0.705353109
10067.191605470 32.151852523 31.472635112 1.505435816 0.579226038 0.367025746 0.198434852 0.700294872
10067.224938803 32.202936661 31.498944972 1.490461339 0.578035567 0.376048903 0.206808682 0.694040542
10067.258272137 32.236345086 31.514491463 1.482099390 0.576594841 0.382778781 0.213009700 0.689670691
10067.291605470 32.295350790 31.541842831 1.469768620 0.573375098 0.394394637 0.224078857 0.682262803
10067.324938803 32.343612524 31.568615056 1.461803674 0.570667056 0.403093865 0.232754506 0.676520353
10067.358272137 32.388646050 31.593584898 1.456261324 0.568240362 0.409954085 0.239714646 0.671995110
10067.391605470 32.439434166 31.623887618 1.452669753 0.565252345 0.416830582 0.246579015 0.667788021
10067.424938803 32.490658240 31.657717336 1.452107415 0.561695112 0.423385216 0.253114392 0.664211310
10067.458272137 32.529976263 31.681877492 1.454156055 0.558912752 0.427626673 0.257421691 0.662182782
10067.491605470 32.580072999 31.714032706 1.459301680 0.555560111 0.431230625 0.261617825 0.661021349
10067.524938803 32.624008220 31.745357198 1.466028030 0.553027293 0.432427724 0.264187664 0.661341028
10067.558272137 32.665969764 31.775376123 1.472704088 0.550714286 0.432582143 0.266069002 0.662415090
10067.591605470 32.714390109 31.814513641 1.479039474 0.546958116 0.434235664 0.269563604 0.663032179
10067.624938803 32.760736240 31.854565008 1.485292462 0.540693359 0.440458321 0.276605897 0.661162867
10067.658272137 32.796565080 31.884749026 1.488174120 0.533911966 0.448994041 0.284475201 0.657583625
10067.691605470 32.844706676 31.926283453 1.489034289 0.521782044 0.465518047 0.298239216 0.649684397
10067.724938803 32.893183279 31.968278822 1.487365446 0.507711749 0.484742593 0.313854481 0.639334625
10067.758272137 32.926604042 31.998487962 1.484727423 0.496436418 0.499601029 0.325637666 0.630800924
10067.791605470 32.968315739 32.033600907 1.479372539 0.482746641 0.516921135 0.339018057 0.620334570
10067.824938803 33.013896671 32.070373058 1.471361314 0.469163237 0.532954994 0.351380713 0.610226536
10067.858272137 33.054671023 32.102709424 1.462835773 0.458534433 0.544600964 0.360346216 0.602749175
10067.891605470 33.103057791 32.139733553 1.451745707 0.448355871 0.554469196 0.368108933 0.596688141
10067.924938803 33.152311547 32.174879013 1.441525434 0.440391187 0.560876403 0.373325813 0.593381076
10067.958272137 33.184296095 32.196692889 1.436410299 0.436727950 0.563136769 0.375438633 0.592614132
10067.991605470 33.235727568 32.226819553 1.432117817 0.434320025 0.563295925 0.376691028 0.593437180
10068.024938803 33.292233733 32.258634994 1.430966260 0.432566363 0.562457525 0.377286084 0.595132830
10068.058272137 33.329714301 32.279218161 1.432013558 0.431372266 0.562088263 0.377728536 0.596067031
10068.091605470 33.377850045 32.305124249 1.435558192 0.429131160 0.562972437 0.379028018 0.596025373
10068.124938803 33.427151336 32.329862567 1.441215418 0.425158285 0.566713267 0.381755095 0.593581969
10068.158272137 33.463855295 32.348696005 1.446946646 0.420995941 0.571631391 0.384961751 0.589749456
10068.191605470 33.510779857 32.372248653 1.455092173 0.413653592 0.581005494 0.390871924 0.581844018
10068.224938803 33.557704926 32.396265404 1.464753219 0.404183044 0.593095941 0.398540164 0.570998257
10068.258272137 33.589064723 32.412817060 1.471992076 0.396476128 0.602565164 0.404686417 0.562095016
10068.291605470 33.631186896 32.435272069 1.480343417 0.385956191 0.614987229 0.412641215 0.550050684
10068.324938803 33.671124741 32.455589473 1.487471728 0.374049933 0.628500529 0.421212141 0.536333912
10068.358272137 33.704219888 32.476031297 1.491838743 0.364249260 0.639058639 0.427992487 0.525118047
10068.391605470 33.738882815 32.497435691 1.496109764 0.352509594 0.651087009 0.436065399 0.511536568
10068.424938803 33.783489742 32.526293352 1.500290087 0.336604128 0.666429843 0.446706184 0.492973133
10068.458272137 33.822971706 32.553682018 1.503455071 0.320083996 0.681286159 0.457256566 0.473615708
10068.491605470 33.858535138 32.578229976 1.506606694 0.301521128 0.696859637 0.468511708 0.451628648
10068.524938803 33.905544568 32.616245517 1.511223075 0.273538836 0.718009302 0.484215478 0.418538550
10068.558272137 33.937068077 32.644086307 1.515630170 0.252245646 0.732346447 0.495303911 0.393338088
10068.591605470 33.974906985 32.675300506 1.521747933 0.224950359 0.748594884 0.508488045 0.361168857
10068.624938803 34.012290832 32.710394143 1.528432278 0.197374117 0.762554776 0.520700017 0.329279767
10068.658272137 34.039951346 32.736383881 1.532817475 0.177987625 0.770890832 0.528596930 0.307624797
10068.691605470 34.068072146 32.763193735 1.538134730 0.158983599 0.777827929 0.535790786 0.287465060
10068.724938803 34.099599981 32.798688124 1.543129451 0.140260574 0.783040118 0.542783533 0.269371827
10068.758272137 34.127356207 32.831856034 1.546550443 0.127074677 0.785507015 0.547777296 0.258400445
10068.791605470 34.156720299 32.869886623 1.548404952 0.115046291 0.786739875 0.552124888 0.250923949
10068.824938803 34.185337174 32.909603708 1.547912287 0.104427712 0.787025428 0.555764754 0.246599607
10068.858272137 34.207404635 32.939806767 1.546024319 0.097141199 0.786810862 0.558193358 0.244770158
10068.891605470 34.231181172 32.974609698 1.542405443 0.089643075 0.786004153 0.560722982 0.244440848
10068.924938803 34.259634160 33.016918146 1.537878311 0.081878297 0.784072008 0.564054907 0.245701228
10068.958272137 34.280417366 33.047738647 1.536013084 0.076952531 0.782199255 0.566710581 0.247147226
10068.991605470 34.302826111 33.087244020 1.535949792 0.071918239 0.778956170 0.570639351 0.249851521
10069.024938803 34.316437052 33.126883165 1.539975739 0.067201101 0.774911526 0.575464293 0.252659822
10069.058272137 34.333515107 33.157985883 1.544034802 0.063656775 0.771669620 0.579671768 0.253878818
10069.091605470 34.354228741 33.195066367 1.551761100 0.059237275 0.767292818 0.585779572 0.254194749
10069.124938803 34.373443683 33.235799616 1.562221761 0.053187582 0.762858237 0.592986881 0.252160565
10069.158272137 34.383020333 33.265586486 1.570077758 0.047227841 0.759895842 0.598647735 0.248895016
10069.191605470 34.399221816 33.301895651 1.578178481 0.038394412 0.756804661 0.605687275 0.242725151
10069.224938803 34.422195590 33.337859521 1.583569967 0.029008633 0.754207393 0.612416585 0.235107706
10069.258272137 34.440989480 33.369386951 1.587511828 0.019532164 0.752277030 0.618332031 0.226634649
10069.291605470 34.464791075 33.406406686 1.589072670 0.006795029 0.750618381 0.624853859 0.214670747
10069.324938803 34.492040987 33.448405574 1.586612438 -0.007858311 0.749357288 0.631006209 0.200581819
10069.358272137 34.510096292 33.477864413 1.583575811 -0.019127760 0.748536110 0.635063650 0.189794575
10069.391605470 34.531727286 33.515003748 1.576892126 -0.032722946 0.747755962 0.639202605 0.176664260
10069.424938803 34.552738811 33.549949902 1.568398190 -0.044706258 0.747164305 0.642244144 0.165134220
10069.458272137 34.573020129 33.586206409 1.558317685 -0.054930648 0.746675390 0.644532735 0.155035605
10069.491605470 34.596563621 33.628868452 1.545585656 -0.063862405 0.746271223 0.646390765 0.145532930
10069.524938803 34.627623440 33.679302768 1.535639823 -0.068978889 0.745720716 0.648026765 0.138577917
10069.558272137 34.650278627 33.718647851 1.529452626 -0.070448536 0.745312704 0.649116996 0.134881812
10069.591605470 34.676755692 33.766609160 1.523607829 -0.070382415 0.744945745 0.650365202 0.130871145
10069.624938803 34.700616116 33.814228052 1.520123951 -0.070674035 0.744764876 0.651605012 0.125464607
10069.658272137 34.722839213 33.856255672 1.518699501 -0.073252969 0.744997456 0.652486371 0.117789340
10069.691605470 34.747470036 33.906195691 1.519288259 -0.081345451 0.745773140 0.653059383 0.103531559
10069.724938803 34.769960273 33.955174825 1.520053030 -0.094823097 0.746682941 0.652949271 0.084441780
10069.758272137 34.785668032 33.991033995 1.520321970 -0.107637916 0.747153570 0.652325224 0.068172014
10069.791605470 34.803904951 34.033246171 1.519622411 -0.124274690 0.747308044 0.650983922 0.048025226
10069.824938803 34.824809510 34.076497847 1.517682196 -0.140804722 0.746891222 0.649237842 0.028596461
10069.858272137 34.838870522 34.109549349 1.515938235 -0.151247661 0.746300265 0.647983782 0.016645657
10069.891605470 34.855634655 34.147861715 1.511599486 -0.160770883 0.745534022 0.646756578 0.006137892
10069.924938803 34.873811985 34.191628708 1.505802161 -0.168765635 0.744692943 0.645714327 -0.001894467
10069.958272137 34.893278790 34.240937695 1.496428179 -0.174476840 0.744041345 0.644919653 -0.006241022
10069.991605470 34.906036825 34.273130192 1.488941098 -0.176894949 0.743829149 0.644496685 -0.007099119
10070.024938803 34.923750531 34.321060438 1.476681764 -0.178408981 0.743986568 0.643916075 -0.005129331
10070.058272137 34.940382071 34.373190210 1.463797231 -0.179056237 0.744565374 0.643086213 -0.001179244
10070.091605470 34.953990201 34.411894267 1.453102669 -0.179439239 0.745323882 0.642096266 0.002501178
10070.124938803 34.970006046 34.460313494 1.441086933 -0.180665165 0.746610793 0.640217764 0.007323688
10070.158272137 34.988387040 34.514406487 1.428807216 -0.183103993 0.748511707 0.637224048 0.012192805
10070.191605470 35.002275550 34.555228061 1.421128052 -0.186129772 0.750263720 0.634220808 0.014967481
10070.224938803 35.017701655 34.600449717 1.415138663 -0.191854192 0.752496873 0.629815044 0.016535865
10070.258272137 35.035817265 34.653383000 1.410096689 -0.200741770 0.755363100 0.623566931 0.017135097
10070.291605470 35.051554212 34.700604615 1.406835123 -0.209879848 0.758064279 0.617232334 0.017698687
10070.324938803 35.067187050 34.747946683 1.404162055 -0.218424151 0.760982671 0.610563636 0.020206707
10070.358272137 35.087285145 34.800222223 1.401091652 -0.224365803 0.764308748 0.603944694 0.027256748
10070.391605470 35.102274361 34.834876030 1.398876102 -0.226283937 0.766486288 0.600111052 0.034074555
10070.424938803 35.124133937 34.884087108 1.395233039 -0.226648928 0.769304340 0.595566654 0.045841645
10070.458272137 35.147378604 34.935390262 1.389451697 -0.226811686 0.772004621 0.590944641 0.057877077
10070.491605470 35.162538680 34.969627881 1.384792314 -0.227320055 0.773715993 0.587723459 0.065347461
10070.524938803 35.184988412 35.017283664 1.374870740 -0.229205274 0.776192363 0.582621526 0.074448068
10070.558272137 35.208414585 35.068361736 1.362203755 -0.232436922 0.778833248 0.576704032 0.082488237
10070.591605470 35.225805380 35.107838660 1.351698338 -0.235620987 0.780786210 0.572020183 0.087456019
10070.624938803 35.246734030 35.153457724 1.337432594 -0.239878111 0.783043108 0.566329975 0.092586942
10070.658272137 35.267456047 35.196532834 1.322476145 -0.244870825 0.785224365 0.560342044 0.097353841
10070.691605470 35.283847476 35.234108823 1.311292895 -0.249708315 0.786799935 0.555509250 0.100005468
10070.724938803 35.301174416 35.275417490 1.299114299 -0.256952841 0.788389595 0.549691362 0.101274333
10070.758272137 35.317472553 35.314765945 1.287636193 -0.265792876 0.789746469 0.543457334 0.101532202
10070.791605470 35.332781282 35.355828062 1.278796676 -0.275073614 0.790703455 0.537579244 0.100653414
10070.824938803 35.347353582 35.401508842 1.271059346 -0.286858176 0.791346374 0.530898040 0.098135490
10070.858272137 35.358608496 35.441310576 1.265476225 -0.299292987 0.791564349 0.524363640 0.094299326
10070.891605470 35.366954743 35.479927691 1.260452773 -0.312827130 0.791426991 0.517531248 0.089128627
10070.924938803 35.373474768 35.522209950 1.254358260 -0.329516238 0.790762653 0.509234001 0.082426980
10070.958272137 35.378661849 35.562258158 1.247769051 -0.344327401 0.789820375 0.501725518 0.076771879
10070.991605470 35.381392761 35.599340907 1.241908303 -0.357424668 0.788566742 0.495115950 0.072596809
10071.024938803 35.383875015 35.639342403 1.234105146 -0.370627711 0.786905661 0.488470519 0.069362324
10071.058272137 35.388572718 35.688465266 1.222921859 -0.384532178 0.784583068 0.481745733 0.066973600
10071.091605470 35.390241412 35.725071729 1.213994162 -0.394835629 0.782339752 0.477180053 0.065943427
10071.124938803 35.391361116 35.768099092 1.202311354 -0.406259126 0.779107655 0.472880001 0.065797328
10071.158272137 35.393705792 35.815043004 1.188968161 -0.417657612 0.774975146 0.469637611 0.066454165
10071.191605470 35.395342547 35.850495967 1.178571483 -0.425850519 0.771276776 0.468225983 0.067438112
10071.224938803 35.396660910 35.891639463 1.166619740 -0.434743650 0.766094945 0.468312211 0.069138749
10071.258272137 35.402507780 35.940710443 1.153065556 -0.443600915 0.759537222 0.470381032 0.071155609
10071.291605470 35.403128553 35.973387664 1.145258270 -0.449801378 0.754103144 0.473015300 0.072551328
10071.324938803 35.402101188 36.010104325 1.139685641 -0.456334509 0.746837595 0.478010120 0.074153548
10071.358272137 35.404053942 36.047545461 1.136540825 -0.461930104 0.739603314 0.483757652 0.074739886
10071.391605470 35.404107400 36.080264800 1.137106421 -0.467595747 0.732574135 0.489175724 0.073460630
10071.424938803 35.405483201 36.113317401 1.140182415 -0.474803097 0.724832017 0.494313196 0.069534385
10071.458272137 35.406383590 36.146469167 1.146599077 -0.484478977 0.715613177 0.499365729 0.061739532
10071.491605470 35.405864957 36.168300095 1.152864172 -0.492147686 0.708584654 0.502746011 0.054266851
10071.524938803 35.406802025 36.194117427 1.160954695 -0.500546964 0.700699117 0.506465380 0.044343016
10071.558272137 35.408528299 36.223906373 1.170175104 -0.508432195 0.692444325 0.510807347 0.033066814
10071.591605470 35.410913699 36.251012896 1.176744747 -0.513479305 0.686337205 0.514483112 0.024235745
10071.624938803 35.414931380 36.286307850 1.183567819 -0.518086662 0.679565922 0.519223272 0.013548499
10071.658272137 35.416936179 36.320970627 1.190344445 -0.522441459 0.672588473 0.524095665 0.001844416
10071.691605470 35.419183530 36.347263587 1.194241855 -0.525341801 0.667316198 0.527873301 -0.007406957
10071.724938803 35.422162739 36.381644726 1.197207689 -0.527448480 0.661199330 0.533211894 -0.017280721
10071.758272137 35.425435559 36.420448337 1.200068048 -0.526146713 0.654983290 0.541797518 -0.024939421
10071.791605470 35.428559310 36.451414623 1.202877645 -0.521134668 0.650581412 0.551703330 -0.028034261
10071.824938803 35.433872369 36.489838047 1.207160361 -0.508827092 0.646267063 0.568063373 -0.027163912
10071.858272137 35.441713423 36.534139939 1.212814105 -0.490036015 0.642426833 0.588747977 -0.022984512
10071.891605470 35.449376086 36.571253483 1.218253006 -0.472667237 0.639876067 0.605638825 -0.018598775
10071.924938803 35.458233402 36.614177854 1.227089524 -0.451236149 0.637522681 0.624303714 -0.013987208
10071.958272137 35.466565938 36.660168010 1.239482130 -0.431016775 0.635360591 0.640609228 -0.012699442
10071.991605470 35.471631439 36.693944946 1.249596272 -0.420745855 0.633787622 0.648871972 -0.015853691
10072.024938803 35.473746115 36.732712921 1.262629203 -0.417293205 0.632049830 0.652458694 -0.026020115
10072.058272137 35.473744172 36.771649445 1.277401917 -0.418737780 0.630595004 0.652205039 -0.040462316
10072.091605470 35.473511966 36.800502303 1.289413180 -0.420221271 0.630049833 0.650984046 -0.051682326
10072.124938803 35.474668876 36.833419228 1.303476679 -0.417562757 0.630694264 0.651327143 -0.060324468
10072.158272137 35.478938655 36.873461376 1.319935701 -0.406659808 0.633100009 0.655564720 -0.063616641
10072.191605470 35.483824267 36.908635762 1.335714288 -0.390283839 0.636552751 0.662363066 -0.061272259
10072.224938803 35.491530060 36.948287783 1.352647921 -0.366089446 0.641244609 0.672231738 -0.053743469
10072.258272137 35.503278236 36.991082578 1.368838360 -0.337014649 0.646247110 0.683327284 -0.043007240
10072.291605470 35.513962365 37.023715771 1.380551805 -0.313600572 0.649884470 0.691475642 -0.034151024
10072.324938803 35.527885170 37.059312743 1.391529113 -0.289745106 0.653374970 0.698915515 -0.025807460
10072.358272137 35.545231356 37.098706271 1.402423438 -0.266058407 0.656798717 0.705313965 -0.018988967
10072.391605470 35.561803501 37.132151155 1.411533091 -0.247328005 0.659565786 0.709633143 -0.014920923
10072.424938803 35.582901673 37.168164688 1.420113529 -0.228197689 0.662340707 0.713509579 -0.011605291
10072.458272137 35.608096302 37.203833932 1.428457855 -0.206395831 0.665061987 0.717665117 -0.007077784
10072.491605470 35.630560905 37.231457027 1.434762335 -0.186559630 0.667109549 0.721219970 -0.001452448
10072.524938803 35.661892277 37.263529320 1.441787807 -0.158138602 0.669400792 0.725817979 0.009111708
10072.558272137 35.699133637 37.293865081 1.449120157 -0.123658961 0.671435457 0.730280439 0.023945117
10072.591605470 35.730444235 37.315914142 1.454830369 -0.095516168 0.672730837 0.732765794 0.036934727
10072.624938803 35.768797585 37.339325666 1.460695750 -0.064175142 0.673943241 0.734156748 0.051922330
10072.658272137 35.812789101 37.361672716 1.466274706 -0.031906655 0.674852269 0.734178747 0.067364291
10072.691605470 35.848246354 37.375920293 1.469716534 -0.007674021 0.675245326 0.733305268 0.079045826
10072.724938803 35.892199810 37.390603361 1.472686486 0.020496713 0.675381124 0.731303717 0.092925216
10072.758272137 35.942268713 37.403667037 1.474949508 0.051144593 0.674877054 0.728129162 0.108411790
10072.791605470 35.982512306 37.411652323 1.475567572 0.074897579 0.673997194 0.724934556 0.120780897
10072.824938803 36.028980202 37.414456365 1.474639342 0.101691519 0.672414281 0.720583953 0.135191111
10072.858272137 36.080859623 37.412573615 1.472018795 0.129797523 0.670145021 0.715097189 0.150646155
10072.891605470 36.120352928 37.409485924 1.469260396 0.149653532 0.668095541 0.710656646 0.161923749
10072.924938803 36.166869546 37.405169219 1.464774351 0.170890362 0.665403986 0.705416770 0.174416745
10072.958272137 36.216757359 37.394019692 1.459422076 0.192689219 0.661967172 0.699609938 0.187659965
10072.991605470 36.256672383 37.380070169 1.455983422 0.209392935 0.658751826 0.694940296 0.198137869
10073.024938803 36.303442364 37.365139619 1.451153832 0.228305431 0.654509173 0.689280178 0.210682720
10073.058272137 36.354038314 37.344872896 1.445330691 0.249014080 0.648919370 0.682724146 0.225351680
10073.091605470 36.393554980 37.327494325 1.440795324 0.264694382 0.644032058 0.677483950 0.237012848
10073.124938803 36.437382671 37.306569539 1.436350106 0.280964850 0.638251409 0.671699096 0.250028433
10073.158272137 36.485033768 37.282498874 1.432364814 0.297245938 0.631779809 0.665400838 0.264084930
10073.191605470 36.521728391 37.262275144 1.429555742 0.309257960 0.626541181 0.660347530 0.275221370
10073.224938803 36.560985110 37.237261051 1.426565719 0.322075351 0.620388389 0.654351417 0.288461328
10073.258272137 36.602956117 37.208874892 1.422825736 0.335724747 0.613325524 0.647237876 0.303650833
10073.291605470 36.634750475 37.186590325 1.419907482 0.346019388 0.607637485 0.641352665 0.315775282
10073.324938803 36.668719003 37.162126129 1.417423193 0.356640900 0.601362633 0.634675402 0.329176832
10073.358272137 36.704341911 37.135407757 1.415217978 0.366557935 0.595042410 0.627725067 0.342813433
10073.391605470 36.731979869 37.114619631 1.413645610 0.373308401 0.590572640 0.622493541 0.352656471
10073.424938803 36.763168414 37.092545281 1.411666933 0.379827205 0.586139321 0.616852137 0.362857317
10073.458272137 36.797203972 37.068010277 1.409016342 0.386506581 0.581511703 0.610472057 0.373872532
10073.491605470 36.823336265 37.048657244 1.406471013 0.391724231 0.577775969 0.605240163 0.382637429
10073.524938803 36.852028233 37.027582405 1.402619761 0.397945156 0.573241807 0.598818651 0.393000898
10073.558272137 36.883922128 37.005056612 1.397379874 0.405368713 0.567655911 0.591082917 0.405048094
10073.591605470 36.910699141 36.987761631 1.393218848 0.411791336 0.562764822 0.584301944 0.415108285
10073.624938803 36.940804841 36.967554032 1.388199761 0.419884339 0.556503974 0.575672707 0.427318853
10073.658272137 36.972784822 36.947703006 1.383822618 0.428651268 0.549696547 0.566072008 0.440061676
10073.691605470 37.000168347 36.930137555 1.380618290 0.436717245 0.543179418 0.556935433 0.451726788
10073.724938803 37.031128078 36.910352451 1.378503402 0.446360190 0.535123737 0.545820203 0.465279994
10073.758272137 37.065631497 36.888591696 1.378354331 0.456932952 0.525903301 0.533097298 0.480047151
10073.791605470 37.092698393 36.871706149 1.379466073 0.464572519 0.518911385 0.523104592 0.491187272
10073.824938803 37.124204468 36.853445914 1.381853289 0.471898381 0.511981846 0.511876054 0.503159431
10073.858272137 37.158374626 36.832768920 1.385242489 0.478458607 0.505340406 0.499966774 0.515501368
10073.891605470 37.184147206 36.816935584 1.388036206 0.482509456 0.500963915 0.491136215 0.524409191
10073.924938803 37.212879234 36.799358081 1.391121203 0.485846398 0.497133053 0.481547894 0.533782382
10073.958272137 37.242123688 36.782036495 1.393996582 0.488119884 0.494467740 0.472374478 0.542312628
10073.991605470 37.277227635 36.761702196 1.396461009 0.489284630 0.493463871 0.463019779 0.550187825
10074.024938803 37.306579007 36.744198567 1.397302985 0.489183132 0.494061543 0.456430247 0.555224716
10074.058272137 37.339119163 36.725266736 1.395790811 0.487071532 0.497612884 0.451237356 0.558146566
10074.091605470 37.376626022 36.703666059 1.391541844 0.482596312 0.504510582 0.447512931 0.558839914
10074.124938803 37.407355646 36.686283520 1.386789278 0.477936948 0.511750065 0.445695551 0.557712848
10074.158272137 37.444655836 36.663888706 1.380027619 0.472541127 0.520927914 0.444045804 0.555123694
10074.191605470 37.486212272 36.636330877 1.372166309 0.468750193 0.529089236 0.441448648 0.552685199
10074.224938803 37.519515540 36.611993592 1.366228036 0.468034549 0.533218975 0.438386226 0.551759642
10074.258272137 37.557193730 36.581231179 1.361464108 0.470133861 0.534695895 0.433814998 0.552158492
10074.291605470 37.599025276 36.545425604 1.359490118 0.474451736 0.534010856 0.428412234 0.553345204
10074.324938803 37.631655474 36.514132867 1.358163713 0.478382193 0.532372421 0.424466348 0.554579483
10074.358272137 37.664263869 36.478810787 1.357554839 0.481914599 0.530533099 0.421629553 0.555447091
10074.391605470 37.700465894 36.436910148 1.359390789 0.484480765 0.529679443 0.420737932 0.554705029
10074.424938803 37.729910065 36.402241444 1.361452910 0.484927526 0.530555164 0.422270267 0.552308187
10074.458272137 37.761959822 36.366174197 1.364166056 0.481173691 0.535916751 0.428449499 0.545615380
10074.491605470 37.796916155 36.329200393 1.367336545 0.470584456 0.548536492 0.441190385 0.531985932
10074.524938803 37.824830466 36.302857187 1.369077614 0.457102645 0.563184548 0.455308156 0.516308843
10074.558272137 37.854963276 36.277941288 1.369519275 0.436252760 0.583847277 0.474823704 0.493303493
10074.591605470 37.884301129 36.255057094 1.368985649 0.411254744 0.606233574 0.495722926 0.466485980
10074.624938803 37.911539830 36.233364338 1.367567520 0.386093309 0.626403814 0.515110192 0.439558538
10074.658272137 37.942018150 36.206754451 1.365723637 0.359648585 0.645158601 0.534576724 0.410671403
10074.691605470 37.973103303 36.178511856 1.364231140 0.338412774 0.658548801 0.549843422 0.386603781
10074.724938803 38.002608473 36.150106031 1.362859671 0.323734399 0.666695798 0.560931127 0.368875347
10074.758272137 38.035926920 36.117685576 1.362270189 0.312653542 0.672232427 0.570257636 0.353776138
10074.791605470 38.073420326 36.084305950 1.361727604 0.304036763 0.676675389 0.577832995 0.340266211
10074.824938803 38.105787269 36.057707504 1.360337068 0.298011838 0.680070584 0.582771219 0.330258461
10074.858272137 38.141860779 36.030034372 1.358654715 0.292564227 0.683500004 0.586817824 0.320747189
10074.891605470 38.185565098 35.996722309 1.357382057 0.290211293 0.685490792 0.589302237 0.314010592
10074.924938803 38.221482475 35.968294150 1.357074335 0.292908326 0.684510106 0.589278214 0.313690635
10074.958272137 38.260162670 35.935079549 1.358711941 0.302793714 0.679300545 0.586351537 0.321027431
10074.991605470 38.303116187 35.895363036 1.362535347 0.318378042 0.670165281 0.580989113 0.334612566
10075.024938803 38.333655257 35.863068905 1.368005903 0.331612754 0.661413200 0.576232345 0.347162563
10075.058272137 38.363291834 35.827216638 1.375672745 0.344065638 0.651457650 0.571770807 0.360970788
10075.091605470 38.390745866 35.792999952 1.382637238 0.353023497 0.642263608 0.568684986 0.373455828
10075.124938803 38.411708734 35.762017057 1.389535366 0.357119672 0.635113727 0.567706772 0.383151556
10075.158272137 38.429933548 35.727783005 1.397599163 0.358058864 0.628243542 0.568131897 0.392848634
10075.191605470 38.445959867 35.693148196 1.404430701 0.357210389 0.620692708 0.569243245 0.403860656
10075.224938803 38.456028936 35.665512072 1.408388754 0.356331606 0.613697288 0.569926806 0.414230444
10075.258272137 38.463154894 35.634809616 1.410428584 0.356607094 0.604056828 0.569595713 0.428377698
10075.291605470 38.468695975 35.603173252 1.409694672 0.358701074 0.591733607 0.567929758 0.445691226
10075.324938803 38.474152400 35.571330195 1.406762370 0.362755656 0.577834601 0.564878822 0.464141600
10075.358272137 38.478953847 35.533459642 1.401586006 0.369392156 0.559529429 0.559957609 0.486748117
10075.391605470 38.479119997 35.493009255 1.394009431 0.377736017 0.537116958 0.553622765 0.512174491
10075.424938803 38.479819532 35.458665979 1.387255096 0.384199191 0.518260956 0.548288230 0.532143383
10075.458272137 38.483421877 35.419061063 1.379686389 0.389307388 0.499024550 0.543286464 0.551592308
10075.491605470 38.484721039 35.377994596 1.371600389 0.391856025 0.480068752 0.539100613 0.570397562
10075.524938803 38.487142250 35.345133742 1.365806433 0.391584743 0.466777475 0.536799486 0.583632153
10075.558272137 38.493597846 35.309137643 1.361038160 0.388797622 0.455429450 0.535527972 0.595508369
10075.591605470 38.502950933 35.272548417 1.357348409 0.383386556 0.446398717 0.535233621 0.606026323
10075.624938803 38.510375027 35.243187616 1.355910997 0.377663238 0.441531355 0.535654419 0.612776373
10075.658272137 38.519147409 35.210371673 1.355077463 0.371930947 0.436820049 0.535632552 0.619639721
10075.691605470 38.529807709 35.175404325 1.353750175 0.368692293 0.429560867 0.533924404 0.628067024
10075.724938803 38.540540861 35.141810911 1.352156396 0.369680268 0.418934712 0.530079356 0.637844874
10075.758272137 38.552685059 35.102579669 1.349714230 0.375677425 0.401396495 0.522852641 0.651438748
10075.791605470 38.564994169 35.063049835 1.346220625 0.384264706 0.380785193 0.513787670 0.665856968
10075.824938803 38.574743918 35.027400915 1.342133544 0.392589278 0.360706248 0.504592335 0.679081171
10075.858272137 38.584052023 34.990701650 1.336677680 0.399512644 0.341448413 0.495362502 0.691678119
10075.891605470 38.596483009 34.949154021 1.329418033 0.403774167 0.324516894 0.486578182 0.703489077
10075.924938803 38.608655381 34.913867224 1.322524913 0.404750445 0.313798097 0.480310363 0.712046197
10075.958272137 38.624488984 34.876383489 1.314166820 0.402986922 0.306756522 0.474927695 0.719684418
10075.991605470 38.642997843 34.838681442 1.304661144 0.399865995 0.301678377 0.469718180 0.726954039
10076.024938803 38.659998878 34.806116996 1.295419046 0.397106063 0.297291261 0.464360000 0.733685540
10076.058272137 38.680076940 34.769548180 1.286536786 0.396504857 0.289473258 0.456422143 0.742070049
10076.091605470 38.703122365 34.729264106 1.279524091 0.399942575 0.275534142 0.444684406 0.752583984
10076.124938803 38.722324352 34.695922897 1.276420292 0.405287135 0.260476962 0.432930510 0.761882710
10076.158272137 38.740760623 34.662867991 1.276206697 0.411949750 0.243416074 0.419804371 0.771239463
10076.191605470 38.761289401 34.624732464 1.278800932 0.419395708 0.224085911 0.403796270 0.781563380
10076.224938803 38.778267552 34.594292643 1.281859697 0.424339008 0.210503054 0.391078790 0.789102180
10076.258272137 38.796483168 34.563081796 1.286528866 0.427833372 0.200674620 0.379293614 0.795502770
10076.291605470 38.817725535 34.526285395 1.293374448 0.430241076 0.194200917 0.367776897 0.801198337
10076.324938803 38.839141878 34.493019235 1.299161525 0.431060457 0.193020322 0.358688993 0.805153553
10076.358272137 38.862877421 34.461210316 1.302257922 0.431066700 0.195520640 0.350845773 0.807997786
10076.391605470 38.892545294 34.421759405 1.297737243 0.430481957 0.199777737 0.341291175 0.811353483
10076.424938803 38.916396717 34.387380509 1.288997955 0.430128358 0.202058316 0.332560877 0.814595173
10076.458272137 38.936808515 34.350847728 1.280446538 0.433830407 0.198470441 0.322110857 0.817707318
10076.491605470 38.957705901 34.302885607 1.270856141 0.442622301 0.182649453 0.305609135 0.822999230
10076.524938803 38.971882475 34.262052147 1.262359837 0.451805127 0.161710841 0.288942866 0.828392269
10076.558272137 38.982784458 34.222093308 1.255134719 0.461547927 0.136093258 0.270304078 0.833899179
10076.591605470 38.994176558 34.180178331 1.249340450 0.469620997 0.111278977 0.251906269 0.838818419
10076.624938803 39.005788562 34.140917844 1.244759523 0.474168489 0.094169715 0.237814331 0.842461069
10076.658272137 39.020791502 34.096262091 1.242081253 0.475469732 0.085651883 0.227328748 0.845525830
10076.691605470 39.039001803 34.048724996 1.243415919 0.473224929 0.088235915 0.221929328 0.847950448
10076.724938803 39.054417477 34.010877443 1.247076725 0.469385993 0.096684054 0.220749555 0.849469609
10076.758272137 39.069324771 33.971983231 1.253165726 0.464466281 0.107739696 0.221198865 0.850725745
10076.791605470 39.087194059 33.924907384 1.262935279 0.458245883 0.120136747 0.221582594 0.852337390
10076.824938803 39.102094065 33.886730823 1.271304956 0.453572766 0.127767681 0.220814307 0.853925177
10076.858272137 39.118122542 33.847314418 1.280102667 0.450168419 0.130243845 0.217805173 0.856122563
10076.891605470 39.132259359 33.808142120 1.290691243 0.447600307 0.129035172 0.213125871 0.858825508
10076.924938803 39.145560958 33.771420475 1.299180039 0.445992682 0.125345231 0.207807316 0.861507528
10076.958272137 39.160871904 33.730269385 1.306444963 0.444674865 0.120964805 0.202214220 0.864141881
10076.991605470 39.178901886 33.681885159 1.313372103 0.443074255 0.117325449 0.196627405 0.866751180
10077.024938803 39.194989721 33.639176573 1.317999956 0.441537167 0.115911063 0.192807049 0.868582177
10077.058272137 39.209586376 33.593847523 1.322184729 0.439734981 0.116730396 0.190290774 0.869940562
10077.091605470 39.225316870 33.547056970 1.327025485 0.437294411 0.119897988 0.188908091 0.871040644
10077.124938803 39.241413644 33.505004751 1.330648200 0.434567815 0.124885380 0.188715176 0.871745971
10077.158272137 39.259672935 33.459843377 1.334310673 0.430944803 0.131571662 0.189162957 0.872463667
10077.191605470 39.280544765 33.414431506 1.337524952 0.426606728 0.138854443 0.189973328 0.873290489
10077.224938803 39.299761604 33.372779194 1.339723983 0.422582523 0.144414613 0.190497811 0.874230528
10077.258272137 39.320548200 33.329009876 1.341656801 0.418554601 0.147682105 0.190341703 0.875655228
10077.291605470 39.342209871 33.281679721 1.344086824 0.414705165 0.147796271 0.189367318 0.877676425
10077.324938803 39.358678594 33.241993447 1.346091746 0.411936031 0.145478240 0.187996923 0.879660130
10077.358272137 39.375307825 33.200321016 1.347399912 0.409181632 0.141892912 0.186441318 0.881859642
10077.391605470 39.392926195 33.156281251 1.347934762 0.406037092 0.139318953 0.185482555 0.883923261
10077.424938803 39.409483132 33.117222621 1.347374764 0.402924718 0.139715701 0.185831386 0.885210648
10077.458272137 39.428882363 33.073657681 1.345272927 0.399258077 0.143635541 0.187623643 0.885866349
10077.491605470 39.450725549 33.030479302 1.341449654 0.395277872 0.150483273 0.190690962 0.885859552
10077.524938803 39.471253634 32.991907064 1.336118827 0.391700187 0.158399755 0.194170188 0.885312611
10077.558272137 39.494228666 32.949600709 1.328689124 0.388097897 0.167913150 0.198435792 0.884199318
10077.591605470 39.521843550 32.902968244 1.319040351 0.384734801 0.178519154 0.203719003 0.882388017
10077.624938803 39.544287727 32.862089780 1.310023701 0.382764198 0.186402041 0.208190879 0.880569365
10077.658272137 39.565773308 32.818594374 1.300356724 0.382095349 0.192696296 0.212897516 0.878376872
10077.691605470 39.589927921 32.767339395 1.290010142 0.382905427 0.197497616 0.218403334 0.875601570
10077.724938803 39.610646360 32.720067399 1.282099237 0.385208505 0.199170725 0.223238719 0.872989063
10077.758272137 39.632301187 32.666597970 1.275561428 0.389382309 0.198570180 0.228483165 0.869911918
10077.791605470 39.657248068 32.604241742 1.269740053 0.395825676 0.196693618 0.235326351 0.865595265
10077.824938803 39.678180864 32.552448588 1.266521683 0.402213254 0.195319894 0.242066469 0.861091436
10077.858272137 39.701048753 32.499648652 1.265959418 0.409022163 0.196986348 0.250772138 0.854991569
10077.891605470 39.732494332 32.438823348 1.267756408 0.415988551 0.205668941 0.263960341 0.845564161
10077.924938803 39.763179464 32.390599955 1.270986435 0.420404443 0.219288220 0.277703916 0.835495850
10077.958272137 39.799515192 32.344993070 1.275896406 0.422887513 0.239894035 0.294549816 0.822713443
10077.991605470 39.845853988 32.294525764 1.282283832 0.423705746 0.268185673 0.315818541 0.805486520
10078.024938803 39.887790178 32.254246781 1.287023103 0.422686613 0.294210072 0.334584548 0.789195566
10078.058272137 39.933951890 32.212112739 1.290786969 0.419967603 0.322222634 0.354496593 0.770799554
10078.091605470 39.990053896 32.161816518 1.294307271 0.415341833 0.354998679 0.377604652 0.747583993
10078.124938803 40.037076662 32.124795207 1.296465755 0.410420022 0.381576373 0.396315022 0.727247743
10078.158272137 40.082035118 32.097225305 1.296923804 0.405427066 0.404787449 0.412615574 0.708183877
10078.191605470 40.139203263 32.062882178 1.294521185 0.400109507 0.429212871 0.429883375 0.686213507
10078.224938803 40.201605629 32.029176777 1.288684775 0.395787856 0.451261398 0.445492625 0.664267601
10078.258272137 40.253944440 32.002087525 1.282657679 0.393084456 0.466945105 0.456300228 0.647485121
10078.291605470 40.307394991 31.974106366 1.276743575 0.391151389 0.480765949 0.465124340 0.632079142
10078.324938803 40.368032827 31.950619610 1.270155133 0.389489555 0.496011387 0.473800629 0.614640996
10078.358272137 40.420560521 31.930828971 1.264936218 0.388692662 0.508003706 0.479770665 0.600558372
10078.391605470 40.475732545 31.909187020 1.261015535 0.389284092 0.518902858 0.484006381 0.587312135
10078.424938803 40.538565674 31.891017215 1.259239761 0.391522864 0.530280781 0.487130774 0.572901169
10078.458272137 40.593091380 31.873910636 1.258854682 0.394294787 0.538783201 0.488588217 0.561716865
10078.491605470 40.650266306 31.852064797 1.258554695 0.397160746 0.547000805 0.489173356 0.551146885
10078.524938803 40.708898730 31.833797746 1.258316625 0.399621861 0.555987600 0.489419798 0.540044830
10078.558272137 40.761444191 31.819873135 1.257890280 0.401170541 0.564337779 0.489436873 0.530128867
10078.591605470 40.817781134 31.803471367 1.256791458 0.402300803 0.573042331 0.489153300 0.520101529
10078.624938803 40.875690653 31.791851859 1.253470239 0.402973519 0.581934156 0.488676383 0.510059187
10078.658272137 40.928543520 31.783696215 1.249369989 0.403388742 0.589872242 0.488080879 0.501104097
10078.691605470 40.979335308 31.773332925 1.243638574 0.403681531 0.596941798 0.487391995 0.493103188
10078.724938803 41.038339355 31.763146331 1.235383385 0.403511197 0.605041366 0.486608939 0.484061359
10078.758272137 41.089987371 31.767285645 1.226358885 0.402663341 0.612652172 0.486228411 0.475501295
10078.791605470 41.140525490 31.770853934 1.215924983 0.400811399 0.620367905 0.486435730 0.466769928
10078.824938803 41.199823162 31.765418628 1.204313489 0.397371955 0.629838107 0.487206497 0.456102310
10078.858272137 41.248920938 31.763961831 1.193743815 0.393198795 0.638406211 0.488433175 0.446391366
10078.891605470 41.299040694 31.763420217 1.182434711 0.388343237 0.647139905 0.489868657 0.436380766
10078.924938803 41.353512706 31.761982801 1.170381958 0.383617518 0.655587884 0.490866246 0.426722926
10078.958272137 41.404645103 31.759487911 1.160158224 0.380384510 0.661926760 0.490911194 0.419722275
10078.991605470 41.462145771 31.757031299 1.150904512 0.377981348 0.667473317 0.490186496 0.413916260
10079.024938803 41.520134441 31.755789112 1.143668553 0.375896848 0.672209760 0.489257390 0.409222196
10079.058272137 41.571649920 31.756367251 1.139830780 0.373328276 0.676427239 0.488755874 0.405203510
10079.091605470 41.625412326 31.759805574 1.138309895 0.368798183 0.681666911 0.489143813 0.400070560
10079.124938803 41.682663808 31.766382795 1.139150000 0.361285645 0.688495862 0.490993240 0.392901730
10079.158272137 41.729603011 31.774208707 1.141482935 0.352909324 0.695208059 0.493481678 0.385508232
10079.191605470 41.772467321 31.786472393 1.144512176 0.342460687 0.702881944 0.496778072 0.376681825
10079.224938803 41.820948493 31.803386748 1.148420459 0.328484512 0.712527527 0.501176220 0.364999788
10079.258272137 41.862633861 31.817940105 1.151105579 0.315817808 0.720867451 0.504965922 0.354427211
10079.291605470 41.904422226 31.833487463 1.152016681 0.303482622 0.728639384 0.508253009 0.344473258
10079.324938803 41.954370143 31.852656775 1.150588202 0.290610806 0.736330120 0.510980993 0.335054830
10079.358272137 41.997655266 31.869025556 1.147346135 0.281838887 0.741250842 0.512089883 0.329966637
10079.391605470 42.041885942 31.883414513 1.141703875 0.276476160 0.743937677 0.511734744 0.329006410
10079.424938803 42.096840201 31.901871968 1.133545001 0.272858414 0.745209792 0.510179160 0.331553731
10079.458272137 42.142996117 31.921036306 1.127443290 0.271260080 0.745154401 0.508318119 0.335820751
10079.491605470 42.184053452 31.941741164 1.123171724 0.269884189 0.744929127 0.506788440 0.339718409
10079.524938803 42.230832867 31.968107347 1.118856910 0.266521510 0.745750535 0.505972354 0.341781218
10079.558272137 42.275990381 31.994972583 1.115517957 0.260943760 0.748092315 0.506389913 0.340346146
10079.591605470 42.324456690 32.023302671 1.113559040 0.253392765 0.751871679 0.507856972 0.335503176
10079.624938803 42.378861898 32.053661913 1.113485705 0.244834618 0.756343063 0.510001536 0.328480769
10079.658272137 42.427420127 32.078912387 1.115600635 0.238076605 0.759816878 0.512056758 0.322173431
10079.691605470 42.474639906 32.101765722 1.119952567 0.232852723 0.762390187 0.514129313 0.316562571
10079.724938803 42.529356005 32.129049952 1.126837109 0.227619189 0.764685159 0.516934555 0.310201189
10079.758272137 42.574921253 32.152738107 1.133904692 0.223664142 0.766124085 0.519724661 0.304818821
10079.791605470 42.615015217 32.170607849 1.139514505 0.220897783 0.766937835 0.522472261 0.300055432
10079.824938803 42.665466589 32.193480411 1.146122075 0.217673529 0.767699784 0.526307124 0.293693865
10079.858272137 42.707700197 32.215861924 1.152314715 0.214823013 0.768283975 0.529896563 0.287750655
10079.891605470 42.744399510 32.236412629 1.156651215 0.212779686 0.768554864 0.533190306 0.282411622
10079.924938803 42.789015718 32.260298771 1.159241519 0.211132283 0.768530181 0.536896544 0.276634455
10079.958272137 42.826934750 32.280832542 1.159297034 0.210526027 0.768221385 0.539794231 0.272280891
10079.991605470 42.861834766 32.301080820 1.157451473 0.211028898 0.767621257 0.542157170 0.268868023
10080.024938803 42.904534514 32.324652490 1.152441823 0.212586478 0.766738814 0.544424235 0.265557589
10080.058272137 42.946898252 32.347687318 1.144858553 0.214724885 0.765856690 0.546240626 0.262636504
10080.091605470 42.989691942 32.371327235 1.134345275 0.217319328 0.765061830 0.547726471 0.259708335
10080.124938803 43.037823001 32.397688071 1.120335974 0.220358857 0.764424927 0.549022830 0.256262439
10080.158272137 43.081228805 32.421333048 1.106839808 0.223390599 0.764108048 0.549706959 0.253096405
10080.191605470 43.128057239 32.446119045 1.093225272 0.227663308 0.763897029 0.549487467 0.250388242
10080.224938803 43.187825748 32.477440136 1.078137142 0.234280345 0.763620964 0.548147602 0.248052314
10080.258272137 43.240826906 32.505717125 1.066956978 0.240751444 0.763464626 0.546351228 0.246294218
10080.291605470 43.288953214 32.532678883 1.060054838 0.246322536 0.763768427 0.544583076 0.243746326
10080.324938803 43.346669311 32.566750958 1.056456637 0.251697355 0.764831588 0.542830880 0.238779646
10080.358272137 43.397942843 32.596999369 1.057112683 0.255175239 0.766310855 0.541777798 0.232658737
10080.391605470 43.447122608 32.624783256 1.061194526 0.257111391 0.768237190 0.541253699 0.225277134
10080.424938803 43.503765749 32.657430969 1.068201841 0.258425501 0.770733692 0.540907191 0.215882486
10080.458272137 43.549600242 32.684760973 1.075609148 0.259044062 0.772812065 0.540732293 0.208005466
10080.491605470 43.589971520 32.709134168 1.082993367 0.259609585 0.774452629 0.540458267 0.201818857
10080.524938803 43.639957486 32.740074287 1.092347369 0.260896581 0.776106948 0.539691084 0.195766476
10080.558272137 43.685842205 32.769055536 1.100452590 0.263131724 0.777167115 0.538473734 0.191882797
10080.591605470 43.725911513 32.794439125 1.106093601 0.266644128 0.777306397 0.536855136 0.191003236
10080.624938803 43.772691893 32.824101233 1.110769887 0.271403948 0.776895658 0.534843166 0.191613729
10080.658272137 43.813760203 32.850270125 1.112868713 0.275390320 0.776254211 0.533292032 0.192844966
10080.691605470 43.854177957 32.876977954 1.113354448 0.278280617 0.775594648 0.532379368 0.193868640
10080.724938803 43.900320943 32.908926903 1.112976907 0.279900185 0.774996317 0.532288570 0.194178973
10080.758272137 43.937092787 32.935877076 1.112314639 0.279599188 0.774658030 0.533136669 0.193635027
10080.791605470 43.969024997 32.960188744 1.112149387 0.278006795 0.774401411 0.534657167 0.192759931
10080.824938803 44.011562958 32.992928754 1.113053018 0.275087610 0.773722973 0.537410761 0.192013650
10080.858272137 44.051992720 33.024202884 1.115329473 0.271939311 0.772651345 0.540556238 0.191984018
10080.891605470 44.087181810 33.051827128 1.120853532 0.269488438 0.770919012 0.543742242 0.193401738
10080.924938803 44.125462171 33.081583431 1.130781398 0.267968517 0.767922196 0.547417606 0.197033852
10080.958272137 44.159416360 33.108136046 1.143749834 0.267884227 0.764033893 0.550906319 0.202465996
10080.991605470 44.193984433 33.136870691 1.160528593 0.268149686 0.759182692 0.555019967 0.209022062
10081.024938803 44.227580228 33.166750259 1.180427099 0.267713764 0.753617259 0.560317584 0.215486826
10081.058272137 44.255149780 33.191986823 1.198487873 0.265981933 0.748811310 0.565876761 0.219815208
10081.091605470 44.282026042 33.215129768 1.214016801 0.263109086 0.744790976 0.571627961 0.222039377
10081.124938803 44.313479755 33.242034738 1.231352333 0.258691151 0.740355504 0.578959334 0.223066595
10081.158272137 44.345412252 33.268235025 1.247006853 0.253710432 0.736198936 0.586435858 0.223013739
10081.191605470 44.382431829 33.294394156 1.257343417 0.249096230 0.732526835 0.593209192 0.222392353
10081.224938803 44.424436471 33.323167957 1.266934544 0.244502058 0.728196546 0.600578136 0.221933406
10081.258272137 44.458616034 33.347157793 1.275275886 0.241103114 0.723956067 0.607018112 0.222004310
10081.291605470 44.494454636 33.370540467 1.281857548 0.238439091 0.719878959 0.612806890 0.222235909
10081.324938803 44.538806095 33.398925450 1.290026151 0.234709377 0.715064027 0.620002902 0.221791225
10081.358272137 44.574258344 33.421768720 1.297714153 0.230672791 0.711231188 0.626365437 0.220469045
10081.391605470 44.604751186 33.441928471 1.304926852 0.225433713 0.708291813 0.632520390 0.217762040
10081.424938803 44.648207956 33.471902364 1.315011576 0.215941335 0.704652516 0.641657830 0.212389739
10081.458272137 44.687433900 33.499490472 1.324559958 0.205477768 0.701715889 0.650229988 0.206336281
10081.491605470 44.718282806 33.524172365 1.332756297 0.194799040 0.699327528 0.658002556 0.200067437
10081.524938803 44.754355511 33.554037224 1.342544787 0.181761156 0.696536017 0.666852883 0.192633571
10081.558272137 44.787803550 33.579988978 1.351864195 0.170671477 0.694154830 0.673897251 0.186769414
10081.591605470 44.817298847 33.605985944 1.359959979 0.161394495 0.691768759 0.679825013 0.182334178
10081.624938803 44.853694130 33.638126697 1.369759448 0.152949118 0.688585856 0.685864989 0.179012021
10081.658272137 44.889479626 33.667951416 1.379289120 0.148201040 0.685397733 0.690350525 0.177995932
10081.691605470 44.923256228 33.695677203 1.388059729 0.147334493 0.682278017 0.693287018 0.179282922
10081.724938803 44.962364766 33.728393458 1.397888796 0.148138603 0.678832504 0.695870497 0.181674538
10081.758272137 44.997798520 33.758780947 1.406040888 0.149250663 0.676101158 0.697770014 0.183653125
10081.791605470 45.035452453 33.791484266 1.413228868 0.149289462 0.673935615 0.699644252 0.184448811
10081.824938803 45.077310035 33.829223254 1.419516874 0.147312720 0.672577227 0.701611958 0.183519744
10081.858272137 45.113594358 33.862923659 1.423076924 0.143900359 0.672215227 0.703228258 0.181354329
10081.891605470 45.145005201 33.893645578 1.423949138 0.139814722 0.672600365 0.704396631 0.178566455
10081.924938803 45.185629144 33.933288036 1.422215348 0.134590380 0.673570861 0.705387646 0.174974265
10081.958272137 45.224031662 33.970551403 1.417141312 0.130212706 0.674711594 0.705835269 0.172062456
10081.991605470 45.258061587 34.003729908 1.408748888 0.128133396 0.675622730 0.705614604 0.170949672
10082.024938803 45.301039455 34.044025750 1.395336761 0.128580862 0.676389162 0.704566035 0.171905107
10082.058272137 45.339047301 34.078864553 1.380979346 0.131872843 0.676719884 0.702899217 0.174906955
10082.091605470 45.375045920 34.110142201 1.365777517 0.136855454 0.676749360 0.700857920 0.179106293
10082.124938803 45.419353559 34.147312824 1.344822135 0.143578739 0.676751597 0.698065398 0.184654057
10082.158272137 45.457529776 34.179714859 1.323877571 0.149745616 0.676895380 0.695313527 0.189546815
10082.191605470 45.489794759 34.207517585 1.304266091 0.155055068 0.677379105 0.692600514 0.193442504
10082.224938803 45.529940723 34.241001354 1.280119159 0.161515875 0.678505364 0.688838660 0.197596545
10082.258272137 45.568813521 34.272797863 1.257843463 0.167961179 0.680085507 0.684727476 0.201049816
10082.291605470 45.605943439 34.300955204 1.238009658 0.175369824 0.681889305 0.680019934 0.204561213
10082.324938803 45.650242641 34.333038235 1.215362559 0.185861519 0.684191538 0.673428054 0.209361149
10082.358272137 45.692905112 34.361472406 1.192255331 0.198124438 0.686782779 0.665589945 0.214630253
10082.391605470 45.729081349 34.384145713 1.171659720 0.209981686 0.689315982 0.657712499 0.219466254
10082.424938803 45.767072457 34.410132506 1.153456541 0.221036490 0.692264715 0.649616901 0.223406168
10082.458272136 45.813101786 34.440886870 1.131191625 0.233121867 0.696785169 0.639413635 0.226483614
10082.491605470 45.850407546 34.465125857 1.113181345 0.241591506 0.701358352 0.630864452 0.227464390
10082.524938803 45.888655283 34.489739894 1.095475507 0.248412469 0.707046100 0.622205206 0.226357549
10082.558272136 45.941621660 34.523952770 1.071358401 0.257041310 0.715607392 0.609828395 0.223484125
10082.591605470 45.983526857 34.551880516 1.052757517 0.263789701 0.722832862 0.599436210 0.220462870
10082.624938803 46.023787372 34.577919722 1.036473906 0.270690511 0.729687637 0.589034896 0.217532734
10082.658272136 46.074825356 34.609672003 1.018091488 0.280108728 0.737867514 0.575458699 0.214331327
10082.691605470 46.122899206 34.639051911 1.002720640 0.290166437 0.745285214 0.561675180 0.211835738
10082.724938803 46.170073559 34.667233121 0.989568736 0.300820693 0.752463615 0.547205758 0.209454715
10082.758272136 46.226564674 34.699687610 0.976496538 0.313644119 0.760605620 0.529657160 0.206324382
10082.791605470 46.283774876 34.730233305 0.964825784 0.326348214 0.768397105 0.511815911 0.202749122
10082.824938803 46.332741335 34.754333325 0.955181599 0.337214894 0.774726485 0.496301821 0.199422898
10082.858272136 46.393857240 34.783877932 0.942592892 0.351212853 0.781890585 0.476442008 0.195702984
10082.891605470 46.448887482 34.809250057 0.930567938 0.364134282 0.787505370 0.458264832 0.192963366
10082.924938803 46.501384013 34.832260965 0.918265520 0.376413507 0.792059638 0.441144367 0.190646400
10082.958272136 46.567521690 34.858267841 0.902112034 0.391411847 0.797213015 0.419931328 0.186831086
10082.991605470 46.626298365 34.879294388 0.887284758 0.403283656 0.801619377 0.402444086 0.181128200
10083.024938803 46.681063826 34.895937526 0.873049600 0.411601983 0.806168229 0.388926174 0.171502260
10083.058272136 46.747697859 34.915973620 0.854619511 0.418025873 0.812639105 0.376295654 0.152556991
10083.091605470 46.807355750 34.933724070 0.837144219 0.420276385 0.819184477 0.368690369 0.127952979
10083.124938803 46.858905224 34.949496845 0.821408728 0.418930300 0.824748556 0.366422744 0.100107922
10083.158272136 46.922184844 34.970859292 0.801994160 0.414790437 0.830205760 0.367213129 0.062143444
10083.191605470 46.975396528 34.990014097 0.785677292 0.409220012 0.833387423 0.370561148 0.026245397
10083.224938803 47.020459898 35.006416671 0.771902150 0.403249198 0.834530085 0.375373911 -0.006636798
10083.258272136 47.075230340 35.025491413 0.755814771 0.396951095 0.833925654 0.380963162 -0.043184501
10083.291605470 47.124644716 35.043161354 0.742270122 0.393268513 0.832176423 0.384696413 -0.069505022
10083.324938803 47.167467961 35.058262611 0.730474989 0.392633264 0.830201342 0.386260386 -0.086068378
10083.358272136 47.217896612 35.076254443 0.716419885 0.394009088 0.827819232 0.386592088 -0.100093529
10083.391605470 47.261755479 35.093242985 0.704344576 0.396620897 0.826055131 0.385798621 -0.107164403
10083.424938803 47.303378701 35.109308728 0.692621465 0.399906270 0.824766563 0.384392128 -0.109898972
10083.458272136 47.354054800 35.129852723 0.677751494 0.403638216 0.823436827 0.382823607 -0.111687369
10083.491605470 47.395565116 35.148085857 0.664571558 0.406025624 0.822585188 0.381911251 -0.112430412
10083.524938803 47.433490487 35.165171145 0.651698437 0.407705345 0.822037422 0.381171172 -0.112868797
10083.558272136 47.480818470 35.186233702 0.634583151 0.409891978 0.821626067 0.379769243 -0.112669846
10083.591605470 47.517815760 35.203605956 0.619618584 0.411855198 0.821586863 0.378059461 -0.111540874
10083.624938803 47.552551157 35.221377509 0.605057744 0.413550757 0.821917940 0.375838458 -0.110327356
10083.658272136 47.601534162 35.248857704 0.582927755 0.415784859 0.822582163 0.372254476 -0.109124426
10083.691605470 47.640834017 35.273523529 0.563383335 0.417074029 0.823226334 0.369216845 -0.109665765
10083.724938803 47.674648650 35.295392089 0.546005196 0.417400811 0.823778788 0.366781428 -0.112411987
10083.758272136 47.716603175 35.325016373 0.524498903 0.416316137 0.824569871 0.364209367 -0.118814721
10083.791605470 47.756168037 35.359327456 0.503373994 0.413728430 0.825440744 0.362198330 -0.127627322
10083.824938803 47.787926654 35.388197676 0.488086797 0.410422926 0.826185922 0.360914491 -0.136786601
10083.858272136 47.825907114 35.426947318 0.471378082 0.404705407 0.827211947 0.359663609 -0.150253178
10083.891605470 47.858011941 35.466503200 0.457878844 0.398306150 0.828132547 0.358589750 -0.164201361
10083.924938803 47.883369750 35.501115844 0.448241947 0.392607629 0.829079502 0.356883983 -0.176409329
10083.958272136 47.912120084 35.544369920 0.438701088 0.385798882 0.830635307 0.353556776 -0.190267747
10083.991605470 47.939020133 35.583956469 0.431239534 0.380581032 0.832458069 0.349277125 -0.200442339
10084.024938803 47.961195086 35.617319126 0.425595487 0.377084684 0.834698585 0.344025675 -0.206716588
10084.058272136 47.988491233 35.664224681 0.419105024 0.373000622 0.838621098 0.334879356 -0.213168964
10084.091605470 48.015637322 35.710036272 0.412296827 0.369509472 0.842824954 0.325125225 -0.217721003
10084.124938803 48.037223988 35.747600253 0.405414635 0.365978668 0.846247920 0.317088798 -0.222213335
10084.158272136 48.060789530 35.793342364 0.396225476 0.360139988 0.850169093 0.307779832 -0.229746115
10084.191605470 48.077436497 35.833098973 0.387745561 0.353532931 0.853278062 0.300200107 -0.238350396
10084.224938803 48.091127947 35.868045846 0.379277937 0.346633417 0.855678180 0.294066892 -0.247355591
10084.258272136 48.108556657 35.913072115 0.367973983 0.337035484 0.858405058 0.286986942 -0.259203267
10084.291605470 48.125062723 35.956101852 0.357453499 0.327631988 0.860582987 0.281097064 -0.270256625
10084.324938803 48.137806014 35.994183223 0.349396880 0.318680329 0.862196106 0.276629390 -0.280244363
10084.358272136 48.151217701 36.043170430 0.342461481 0.306030780 0.863803475 0.271911206 -0.293688634
10084.391605470 48.164043406 36.093683838 0.338197162 0.292048395 0.865067112 0.267957625 -0.307514777
10084.424938803 48.174188507 36.135459094 0.337417524 0.280084487 0.866079290 0.265196423 -0.318009750
10084.458272136 48.187017207 36.184852534 0.338817562 0.265971223 0.867562822 0.261876742 -0.328655793
10084.491605470 48.196771363 36.231360266 0.342211713 0.253616792 0.869799553 0.258477587 -0.335136685
10084.524938803 48.204858942 36.280105622 0.346475877 0.241598034 0.873173009 0.254194351 -0.338503350
10084.558272136 48.211899879 36.334910888 0.350673825 0.229244211 0.877506736 0.249144580 -0.339640985
10084.591605470 48.218168617 36.389988345 0.354057954 0.217247157 0.881781623 0.244633961 -0.339733818
10084.624938803 48.222517026 36.441161994 0.357695299 0.205032781 0.885632105 0.241016874 -0.339894396
10084.658272136 48.225594096 36.499365585 0.362801684 0.190135748 0.889524709 0.237913713 -0.340574887
10084.691605470 48.226924427 36.554247462 0.368301172 0.174843517 0.892841466 0.235576796 -0.341712503
10084.724938803 48.226703628 36.597367988 0.372299226 0.161550373 0.895204723 0.233954757 -0.343183846
10084.758272136 48.225767830 36.648734737 0.376685258 0.144748217 0.897678955 0.232155527 -0.345433436
10084.791605470 48.223831417 36.693212121 0.379760076 0.129599454 0.899514882 0.230754256 -0.347605283
10084.824938803 48.219526963 36.740778567 0.382251095 0.113645483 0.901294981 0.229262923 -0.349557682
10084.858272136 48.214614528 36.793689286 0.383544482 0.096045470 0.903379969 0.227373509 -0.350686737
10084.891605470 48.209618789 36.840643339 0.383349263 0.080530821 0.905394298 0.225437658 -0.350647706
10084.924938803 48.203044637 36.883741730 0.382253964 0.067333295 0.907152256 0.223629956 -0.350043788
10084.958272136 48.193762081 36.937582552 0.380134945 0.051072250 0.908927450 0.221286751 -0.349677979
10084.991605470 48.183364661 36.985916334 0.378428387 0.036242823 0.909786417 0.219264923 -0.350568150
10085.024938803 48.172461027 37.028941996 0.377697235 0.022157246 0.909621594 0.217501456 -0.353257312
10085.058272136 48.158470449 37.079115813 0.377935393 0.005176282 0.908488389 0.215273189 -0.358161286
10085.091605470 48.144328311 37.125706834 0.379546627 -0.010209705 0.906699711 0.212906577 -0.363953549
10085.124938803 48.128661719 37.170108298 0.381534634 -0.025448463 0.904269690 0.210101815 -0.370817921
10085.158272136 48.110038794 37.215330689 0.384679175 -0.042517090 0.900822409 0.206162586 -0.379747642
10085.191605470 48.091928222 37.258794244 0.388917334 -0.057649697 0.897261943 0.201844907 -0.388402050
10085.224938803 48.074898804 37.300260447 0.392730189 -0.070226928 0.893990196 0.197532194 -0.396018612
10085.258272136 48.052335117 37.352108463 0.398247342 -0.085855337 0.889719743 0.191241469 -0.405529703
10085.291605470 48.026850844 37.402921804 0.403946947 -0.101544330 0.885354818 0.183790027 -0.414797325
10085.324938803 48.004463393 37.443462019 0.408070231 -0.113564156 0.882235493 0.176945526 -0.421252891
10085.358272136 47.974557593 37.492977294 0.412374178 -0.128194808 0.878705334 0.167441638 -0.428259646
10085.391605470 47.946433880 37.537201017 0.414607080 -0.141038448 0.875884526 0.157825493 -0.433619151
10085.424938803 47.921132289 37.573305510 0.414898266 -0.152020743 0.873647410 0.148597522 -0.437662738
10085.458272136 47.887130932 37.615812949 0.413298627 -0.166128609 0.870797234 0.136289116 -0.442197625
10085.491605470 47.853672300 37.656094739 0.410008981 -0.179903199 0.867801780 0.124052287 -0.446280114
10085.524938803 47.823026829 37.689064166 0.406647702 -0.192365491 0.864310360 0.113246073 -0.450708827
10085.558272136 47.779736204 37.726991770 0.403390103 -0.209238905 0.858124710 0.098912094 -0.458320259
10085.591605470 47.737780769 37.758270806 0.401211410 -0.225280254 0.850503374 0.085262588 -0.467571502
10085.624938803 47.703030426 37.784173699 0.400314633 -0.239244253 0.842318464 0.073529827 -0.477341761
10085.658272136 47.656786117 37.816022621 0.400705466 -0.257096180 0.831263480 0.058282798 -0.489393192
10085.691605470 47.611758717 37.843085273 0.400760350 -0.273073325 0.822320271 0.044513192 -0.497231241
10085.724938803 47.573964323 37.865742193 0.400431192 -0.284981337 0.818385089 0.034803174 -0.497815450
10085.758272136 47.527328092 37.895995410 0.399903759 -0.298604439 0.817465175 0.025187280 -0.491885838
10085.791605470 47.478800947 37.922722606 0.398378762 -0.311339475 0.819978079 0.017652981 -0.479991723
10085.824938803 47.430657370 37.942712007 0.395012688 -0.323104170 0.822900295 0.010909838 -0.467247018
10085.858272136 47.375122054 37.961691459 0.391187322 -0.336730872 0.823182221 0.002339386 -0.457140983
10085.891605470 47.323974948 37.977985045 0.388470311 -0.349712847 0.819292922 -0.007375387 -0.454318870
10085.924938803 47.278594256 37.991713093 0.387185704 -0.361603332 0.811630292 -0.018275898 -0.458437881
10085.958272136 47.219868343 38.008624813 0.386601317 -0.377030671 0.798020605 -0.034571193 -0.468845199
10085.991605470 47.165950592 38.022589268 0.386747192 -0.390965000 0.783264707 -0.051041128 -0.480663678
10086.024938803 47.118889897 38.029146384 0.386016401 -0.402638815 0.770596502 -0.065108634 -0.489718166
10086.058272136 47.061247849 38.036939810 0.384401509 -0.416627151 0.755969246 -0.081796295 -0.498238580
10086.091605470 47.009422549 38.043346652 0.381474998 0.428959708 -0.744502117 0.095795825 0.502526941
10086.124938803 46.956834982 38.047068398 0.376242158 0.441292954 -0.734793306 0.108557384 0.503542074
10086.158272136 46.895529027 38.050165829 0.368620045 0.455577588 -0.724408489 0.122790394 0.502597176
10086.191605470 46.840137200 38.048851699 0.360361406 0.468288203 -0.714475173 0.135609826 0.501837984
10086.224938803 46.792286284 38.048834972 0.353447641 0.478816691 -0.703774094 0.148015808 0.503515562
10086.258272136 46.732674433 38.048898305 0.347206587 0.491399930 -0.687324772 0.165358027 0.508691939
10086.291605470 46.679546331 38.049422889 0.344639638 0.502018725 -0.670231555 0.182157011 0.515350061
10086.324938803 46.634676781 38.046609903 0.343526411 0.510517981 -0.655950333 0.195650557 0.520405046
10086.358272136 46.578285591 38.043640181 0.345441316 0.521331745 -0.640110266 0.210291813 0.523688278
10086.391605470 46.521051910 38.043104176 0.349588386 0.532715937 -0.627559744 0.221245835 0.522908002
10086.424938803 46.474389368 38.041020583 0.352851355 0.542347791 -0.620704542 0.226711283 0.518832092
10086.458272136 46.413731484 38.039751528 0.357573045 0.554411430 -0.613769286 0.231747849 0.512062656
10086.491605470 46.351743390 38.039887853 0.363517611 0.565688865 -0.606502414 0.236217813 0.506312231
10086.524938803 46.296186758 38.040156420 0.370703008 0.574690625 -0.598521843 0.240682692 0.503561446
10086.558272136 46.250753163 38.040705625 0.379517516 0.581399842 -0.589976521 0.245301877 0.503715116
10086.591605470 46.193167331 38.041890168 0.393099689 0.589295178 -0.577439771 0.251661763 0.505925747
10086.624938803 46.144511505 38.042423568 0.406220973 0.595365664 -0.565746684 0.257061233 0.509303386
10086.658272136 46.095586395 38.043683952 0.420289760 0.601010478 -0.553195502 0.262329643 0.513755099
10086.691605470 46.040034079 38.046445626 0.437773296 0.606783339 -0.538256995 0.267861448 0.519945796
10086.724938803 45.987847661 38.049611650 0.455937868 0.611755309 -0.523031051 0.272693761 0.527097785
10086.758272136 45.946954460 38.052183640 0.471935692 0.615578700 -0.509426274 0.275996723 0.534203654
10086.791605470 45.894947033 38.055883404 0.494384356 0.620246529 -0.491266726 0.279300792 0.544005804
10086.824938803 45.848619308 38.059022361 0.516639166 0.624226082 -0.473876755 0.281236316 0.553794867
10086.858272136 45.811925719 38.060980244 0.536695990 0.627338409 -0.459065513 0.281577137 0.562511948
10086.891605470 45.764707030 38.068065182 0.563922757 0.632283244 -0.440614596 0.279321088 0.572762085
10086.924938803 45.721210987 38.077968511 0.588859105 0.637525730 -0.425769193 0.273956079 0.580714736
10086.958272136 45.686344419 38.084417350 0.610490902 0.643104277 -0.416305475 0.265071666 0.585528524
10086.991605470 45.641718131 38.095599229 0.638089662 0.651736879 -0.408894390 0.247857183 0.588736983
10087.024938803 45.600819146 38.108134686 0.663286333 0.660729225 -0.406524075 0.226357050 0.589014052
10087.058272136 45.569098274 38.118340547 0.683806253 0.667988953 -0.407053987 0.205181300 0.588216325
10087.091605470 45.532232620 38.131656488 0.710276465 0.676193100 -0.408415173 0.176421529 0.587226857
10087.124938803 45.500445171 38.143838996 0.733832124 0.682146416 -0.409151856 0.150597937 0.587018984
10087.158272136 45.475824461 38.155319964 0.753919870 0.685911694 -0.408628813 0.129829519 0.587955728
10087.191605470 45.441085135 38.173285197 0.783726116 0.690020660 -0.407353995 0.099172530 0.589999171
10087.224938803 45.412990821 38.188454380 0.808231111 0.692116778 -0.406683596 0.073336571 0.591780842
10087.258272136 45.391753706 38.200383871 0.827814379 0.692762289 -0.407576920 0.050748447 0.592778256
10087.291605470 45.364033789 38.217455206 0.852413092 0.692294967 -0.410356091 0.020130744 0.593237146
10087.324938803 45.338492548 38.233672374 0.872747060 0.690443156 -0.414348123 -0.006991388 0.592920738
10087.358272136 45.315329626 38.249843516 0.890949663 0.687315618 -0.418360191 -0.032704407 0.592876389
10087.391605470 45.287355098 38.268273323 0.910301114 0.682643989 -0.422101836 -0.059223673 0.593565314
10087.424938803 45.259232598 38.288499980 0.930663826 0.676437537 -0.424186972 -0.085673009 0.595951178
10087.458272136 45.239517645 38.304588652 0.944717166 0.671595778 -0.422866356 -0.101134688 0.599929104
10087.491605470 45.215643159 38.324118622 0.961315446 0.665959118 -0.417611551 -0.116130876 0.607134799
10087.524938803 45.197900663 38.342119087 0.975091693 0.661540102 -0.408971843 -0.125127544 0.615994985
10087.558272136 45.179889747 38.358709646 0.990408158 0.657714706 -0.397028678 -0.130807726 0.626633013
10087.591605470 45.161099653 38.376403079 1.006970122 0.653784300 -0.381153824 -0.135017752 0.639576467
10087.624938803 45.146007044 38.390295810 1.020391034 0.650512808 -0.367031869 -0.137857831 0.650473605
10087.658272136 45.134417284 38.399964135 1.030973298 0.647802905 -0.357961176 -0.140574759 0.657612295
10087.691605470 45.116432488 38.415246406 1.047861425 0.643000933 -0.346233700 -0.146155028 0.667316067
10087.724938803 45.098511779 38.429033058 1.064318450 0.637743925 -0.337809244 -0.152822372 0.675139188
10087.758272136 45.085863224 38.437954136 1.074964687 0.633782478 -0.333566322 -0.157433385 0.679902941
10087.791605470 45.066523752 38.448564475 1.091461612 0.627557386 -0.327346613 -0.163975582 0.687115660
10087.824938803 45.051705479 38.450013189 1.104277271 0.622780830 -0.322286822 -0.168007823 0.692855406
10087.858272136 45.039530702 38.455936986 1.114085009 0.619297824 -0.317174382 -0.169307594 0.698001114
10087.891605470 45.020112153 38.466399326 1.128477677 0.614351700 -0.307201805 -0.168843353 0.706888225
10087.924938803 45.004676433 38.467242924 1.141007215 0.611101477 -0.296121613 -0.165983505 0.715063949
10087.958272136 44.991509140 38.475081919 1.149257130 0.608731528 -0.285979862 -0.161830038 0.722130518
10087.991605470 44.974707322 38.483763900 1.159690342 0.605863991 -0.272280254 -0.155809368 0.731105826
10088.024938803 44.956736042 38.492033630 1.169652732 0.602698737 -0.258266691 -0.149247670 0.740120046
10088.058272136 44.942446338 38.499348413 1.175871228 0.600051672 -0.248643319 -0.144658838 0.746450475
10088.091605470 44.924867333 38.506465521 1.182629120 0.596473559 -0.238287851 -0.140225504 0.753508461
10088.124938803 44.904346363 38.512365000 1.190270581 0.592088307 -0.229153017 -0.137128695 0.760339432
10088.158272136 44.886282353 38.518282189 1.195014313 0.587821632 -0.222942115 -0.136073398 0.765667403
10088.191605470 44.866253269 38.523502972 1.199915587 0.582976003 -0.217115497 -0.136345803 0.770979677
10088.224938803 44.846515772 38.531383392 1.203867299 0.578687867 -0.212144987 -0.137614412 0.775356131
10088.258272136 44.830971355 38.536375778 1.206360137 0.575529150 -0.207494517 -0.138994306 0.778712274
10088.291605470 44.813872932 38.540637241 1.209010972 0.572014827 -0.199881639 -0.141147959 0.782894387
10088.324938803 44.799461732 38.541901832 1.211413115 0.569536329 -0.191755349 -0.143855483 0.786233970
10088.358272136 44.789573672 38.541291265 1.213070301 0.567855875 -0.185507242 -0.147368105 0.788295256
10088.391605470 44.780236463 38.539678407 1.214917966 0.565664518 -0.179503642 -0.154048456 0.789981752
10088.424938803 44.771080988 38.535949620 1.216814917 0.563388715 -0.175519604 -0.163162608 0.790673123
10088.458272136 44.764675456 38.530973151 1.218623562 0.561468955 -0.174574737 -0.171666123 0.790447352
10088.491605470 44.758424937 38.523759590 1.221361619 0.558324567 -0.176421872 -0.185353049 0.789172508
10088.524938803 44.751700801 38.520193830 1.225363111 0.554278465 -0.182524164 -0.200932662 0.786820423
10088.558272136 44.745598180 38.516806559 1.228375923 0.549428079 -0.192552885 -0.216662934 0.783651290
10088.591605470 44.738223322 38.516230401 1.232555511 0.540580481 -0.212055049 -0.241197240 0.777579122
10088.624938803 44.731761122 38.516598758 1.236789404 0.528890801 -0.236698671 -0.268191034 0.769624473
10088.658272136 44.727117096 38.515836144 1.240347005 0.517367406 -0.259701805 -0.290487963 0.761907267
10088.691605470 44.723919894 38.519344702 1.244503905 0.499796529 -0.291555108 -0.319578123 0.750379152
10088.724938803 44.720775080 38.520392767 1.249115377 0.477049976 -0.328802532 -0.351809328 0.735215894
10088.758272136 44.720060928 38.520430678 1.252237741 0.460113947 -0.353702969 -0.372816285 0.724014767
10088.791605470 44.724086603 38.519938662 1.256061931 0.438325462 -0.382423068 -0.396577763 0.710175657
10088.824938803 44.729334341 38.523171425 1.259984474 0.417647295 -0.406762891 -0.416713556 0.697470071
10088.858272136 44.732836480 38.526504622 1.263385744 0.404539791 -0.420824134 -0.428145077 0.689888685
10088.891605470 44.738194791 38.532870028 1.269076877 0.384034687 -0.442620185 -0.444245679 0.677680240
10088.924938803 44.744017987 38.537974243 1.273986177 0.366815526 -0.460912311 -0.456546927 0.666761663
10088.958272136 44.750713405 38.544223974 1.277838857 0.349633900 -0.479561809 -0.467909561 0.654856664
10088.991605470 44.762306759 38.550572933 1.282638596 0.324862052 -0.506345840 -0.483155246 0.636112840
10089.024938803 44.775575417 38.552818942 1.286169076 0.303049712 -0.529335144 -0.495959165 0.618053140
10089.058272136 44.785828693 38.553110825 1.288352572 0.290150780 -0.542752612 -0.504021444 0.605965768
10089.091605470 44.799387766 38.548903772 1.291298902 0.277143206 -0.556376247 -0.513057981 0.591953228
10089.124938803 44.809788461 38.548535003 1.295282731 0.269270854 -0.565439140 -0.519766654 0.581045963
10089.158272136 44.816511678 38.548308372 1.299047281 0.266295408 -0.569615566 -0.523712249 0.574761118
10089.191605470 44.826973557 38.546960576 1.305564537 0.265050586 -0.573706557 -0.528743730 0.566603073
10089.224938803 44.837610906 38.541991937 1.313006579 0.266815058 -0.575564924 -0.532664327 0.560181629
10089.258272136 44.845556824 38.536983809 1.318052833 0.268934242 -0.576126201 -0.534776523 0.556567197
10089.291605470 44.859214448 38.530198248 1.326731194 0.272242210 -0.577663842 -0.537900112 0.550320030
10089.324938803 44.871181460 38.526346448 1.334011780 0.273281826 -0.581300703 -0.540347485 0.543535769
10089.358272136 44.880673136 38.524994723 1.339946548 0.272231901 -0.586538231 -0.542613951 0.536127593
10089.391605470 44.893407422 38.524976862 1.347336556 0.268390739 -0.595921520 -0.545674243 0.524484103
10089.424938803 44.904142379 38.527110238 1.354541641 0.263347272 -0.606247957 -0.548243441 0.512387313
10089.458272136 44.912526696 38.528870032 1.359455131 0.258659905 -0.615041429 -0.549770893 0.502564483
10089.491605470 44.922497974 38.534010460 1.365385312 -0.251697782 0.626835075 0.551292984 -0.489695887
10089.524938803 44.932835822 38.540014169 1.370223625 -0.243475203 0.639958213 0.552154970 -0.475708104
10089.558272136 44.941785727 38.542984692 1.372143438 -0.236538467 0.649839117 0.552640250 -0.465131627
10089.591605470 44.953305219 38.548172556 1.373431661 -0.225548988 0.663951879 0.552801582 -0.450228794
10089.624938803 44.965345013 38.554152747 1.373383937 -0.213290578 0.678356666 0.552625685 -0.434677139
10089.658272136 44.976242284 38.558563614 1.372027203 -0.202119110 0.690335029 0.552215246 -0.421478037
10089.691605470 44.989970454 38.565437745 1.367730657 -0.186979698 0.705718540 0.550824414 -0.404465573
10089.724938803 45.006895895 38.570895864 1.360729989 -0.169137802 0.722682977 0.548573172 -0.384953494
10089.758272136 45.022935525 38.572874653 1.354576901 -0.155379568 0.735416225 0.545936920 -0.370098696
10089.791605470 45.043327391 38.572725361 1.345434679 -0.140566827 0.748910821 0.541698927 -0.354874376
10089.824938803 45.064634779 38.569263066 1.335426289 -0.128003783 0.760134649 0.536828645 -0.342965527
10089.858272136 45.081066401 38.564978994 1.327724320 -0.120477120 0.767473249 0.532468212 -0.336076893
10089.891605470 45.105231688 38.558043506 1.317073108 -0.112414611 0.775770121 0.525763422 -0.330327865
10089.924938803 45.129223896 38.550333031 1.303422310 -0.106383951 0.783139470 0.517738420 -0.327600297
10089.958272136 45.145379342 38.543796778 1.293382312 -0.104131171 0.787608116 0.511003969 -0.328184550
10089.991605470 45.166327298 38.540309141 1.278815544 -0.102338765 0.792815359 0.501032872 -0.331566954
10090.024938803 45.187128267 38.531607006 1.263436836 -0.102461679 0.797601774 0.489411779 -0.337356079
10090.058272136 45.202196442 38.522007512 1.251524251 -0.103741202 0.800740051 0.479801042 -0.343284276
10090.091605470 45.221174858 38.511713283 1.235949264 -0.106771942 0.804159097 0.466202305 -0.352963610
10090.124938803 45.239973041 38.499077048 1.219067944 -0.112338599 0.806753555 0.450142949 -0.365923580
10090.158272136 45.251351378 38.486797110 1.207278452 -0.117712375 0.807729553 0.438228562 -0.376394066
10090.191605470 45.264272397 38.473747413 1.192582256 -0.125866814 0.808187649 0.422087909 -0.390937419
10090.224938803 45.275613779 38.459873261 1.177872761 -0.136570885 0.807098774 0.404181857 -0.408138444
10090.258272136 45.281371466 38.445443325 1.168672388 -0.144985393 0.805183712 0.392148978 -0.420568193
10090.291605470 45.285064863 38.433446936 1.157993357 -0.157415096 0.801527899 0.376095380 -0.437408024
10090.324938803 45.287400388 38.410041418 1.146949720 -0.172411239 0.795952543 0.357726653 -0.456908695
10090.358272136 45.286845177 38.389210414 1.140224427 -0.183856563 0.790840517 0.344918890 -0.470955412
10090.391605470 45.280760101 38.365445101 1.133108021 -0.200658957 0.782411776 0.327097129 -0.490484723
10090.424938803 45.271755581 38.346546137 1.127395903 0.218428001 -0.772145838 -0.309114498 0.510419671
10090.458272136 45.264686062 38.321153722 1.123306916 0.232410988 -0.763211069 -0.294820823 0.525903678
10090.491605470 45.253219466 38.289321034 1.118575062 0.251099527 -0.750132590 -0.275190379 0.546370186
10090.524938803 45.239610351 38.260515432 1.114433107 0.269067380 -0.736456236 -0.255822717 0.565499509
10090.558272136 45.224008645 38.217261855 1.108669119 0.289833204 -0.719596870 -0.232039792 0.586800300
10090.591605470 45.211056956 38.184269787 1.104354389 0.303699999 -0.708691535 -0.215276102 0.599315291
10090.624938803 45.195601481 38.133250343 1.095698124 0.321939400 -0.694896776 -0.192473631 0.613536792
10090.658272136 45.179253427 38.085475541 1.088135459 0.337584241 -0.683972644 -0.172286935 0.623326170
10090.691605470 45.166055111 38.050282130 1.082393446 0.348209466 -0.677667446 -0.158353577 0.628045496
10090.724938803 45.144908803 37.990548890 1.072499262 0.364653472 -0.669110237 -0.137053563 0.632878864
10090.758272136 45.125224176 37.938729146 1.064821860 0.378765473 -0.662029120 -0.119150393 0.635655052
10090.791605470 45.111086141 37.900669990 1.060754221 0.388827264 -0.656572722 -0.106818540 0.637428756
10090.824938803 45.090951128 37.840096014 1.054373904 0.405113080 -0.646870967 -0.087345994 0.640165620
10090.858272136 45.072032672 37.783496418 1.051823449 0.419082066 -0.637376977 -0.070419779 0.642776684
10090.891605470 45.057178523 37.737940809 1.052071865 0.429612351 -0.629786914 -0.057552249 0.644584680
10090.924938803 45.039416774 37.678076713 1.054560594 0.443627948 -0.619737249 -0.041153762 0.646085407
10090.958272136 45.022410246 37.620081471 1.060362897 0.456359155 -0.611523264 -0.026625389 0.645807020
10090.991605470 45.009188557 37.574199465 1.066455481 0.465398919 -0.606468792 -0.016508108 0.644458636
10091.024938803 44.995269851 37.516891121 1.076001048 0.476642090 -0.600212401 -0.004054813 0.642293508
10091.058272136 44.988550574 37.473106393 1.085867654 0.485805191 -0.594194844 0.006358475 0.641003411
10091.091605470 44.979505261 37.420724434 1.096950620 0.494464298 -0.586556990 0.017433504 0.641211376
10091.124938803 44.973798112 37.362634953 1.111424703 0.503966452 -0.574513120 0.031291258 0.644184250
10091.158272136 44.968674038 37.312885195 1.125870890 0.512170950 -0.560957882 0.044747271 0.648848868
10091.191605470 44.964262180 37.268857430 1.136290551 0.518044774 -0.549707175 0.054818097 0.653028797
10091.224938803 44.962106903 37.212674378 1.150392512 0.525209672 -0.534320056 0.067404412 0.658872919
10091.258272136 44.959675070 37.156212253 1.161360471 0.531521562 -0.520293693 0.077719076 0.663881802
10091.291605470 44.958594302 37.112785607 1.168247284 0.536208087 -0.509427663 0.084732781 0.667671101
10091.324938803 44.961876129 37.059676155 1.177914337 0.542010256 -0.494101078 0.093587849 0.673298092
10091.358272136 44.963871743 37.009802625 1.183836098 0.546726343 -0.480680379 0.100559190 0.678177358
10091.391605470 44.967445235 36.958481178 1.190641793 0.551208174 -0.466302283 0.107203254 0.683548968
10091.424938803 44.974253812 36.904664200 1.200468213 0.555685708 -0.449605192 0.114444789 0.689906483
10091.458272136 44.981441111 36.840770047 1.211136882 0.560327107 -0.431614977 0.121144523 0.696466833
10091.491605470 44.986637190 36.796356372 1.219533827 0.563512684 -0.419819460 0.124566153 0.700491505
10091.524938803 44.994176456 36.741486467 1.233132331 0.567499103 -0.405794683 0.127640495 0.704970458
10091.558272136 44.999580246 36.685279626 1.246643054 0.571872574 -0.393525707 0.129024987 0.708132636
10091.591605470 45.005358722 36.635420974 1.260593437 0.576051220 -0.383710857 0.129000866 0.710133612
10091.624938803 45.011803387 36.583736703 1.275930620 0.580838291 -0.374281258 0.128172431 0.711415664
10091.658272136 45.017720269 36.529519665 1.289776692 0.585829725 -0.365237144 0.127145250 0.712207447
10091.691605470 45.023227562 36.481282845 1.300905332 0.590143246 -0.356027312 0.127243232 0.713291428
10091.724938803 45.030245774 36.424782590 1.313514343 0.594873071 -0.342093536 0.129764616 0.715722842
10091.758272136 45.037143791 36.369144327 1.324574336 0.599178811 -0.325420452 0.134614946 0.719002851
10091.791605470 45.043162110 36.326053335 1.331879564 0.602440151 -0.311434740 0.139179177 0.721597827
10091.824938803 45.051096132 36.264732171 1.339153229 0.607020663 -0.293161993 0.145359451 0.724190990
10091.858272136 45.057888253 36.204033765 1.342992674 0.611921598 -0.277448592 0.150283199 0.725251127
10091.891605470 45.063185563 36.159207659 1.344277968 0.615905124 -0.267645451 0.153081774 0.724977766
10091.924938803 45.068649856 36.095982992 1.342957459 0.621679252 -0.256913567 0.155877023 0.723334418
10091.958272136 45.072957126 36.030505463 1.339650083 0.627482633 -0.248780384 0.157865720 0.720730380
10091.991605470 45.076409959 35.985380024 1.337487347 0.631704022 -0.243481096 0.159208150 0.718553929
10092.024938803 45.079281163 35.927477395 1.334033681 0.636845136 -0.237459614 0.161367858 0.715542884
10092.058272136 45.082536285 35.856114684 1.330311806 0.642565195 -0.229255717 0.165809256 0.712080808
10092.091605470 45.085267784 35.809629688 1.328895326 0.645932157 -0.222681770 0.170043777 0.710119421
10092.124938803 45.087914777 35.747118175 1.327417579 0.650260639 -0.213023347 0.176866213 0.707460598
10092.158272136 45.090602756 35.687503428 1.325889783 0.654239050 -0.203756247 0.183612033 0.704798750
10092.191605470 45.094657986 35.641559858 1.326520114 0.657424463 -0.196824418 0.188575602 0.702490190
10092.224938803 45.101160781 35.581093988 1.327583123 0.662115552 -0.187605169 0.194879240 0.698877227
10092.258272136 45.109735512 35.524029564 1.329284730 0.666954640 -0.179602656 0.200023962 0.694913527
10092.291605470 45.117725547 35.481161039 1.330934344 0.670929959 -0.173876880 0.203305089 0.691582866
10092.324938803 45.129873846 35.425133406 1.334300850 0.676631182 -0.166378778 0.207172615 0.686707983
10092.358272136 45.142290422 35.368732485 1.337554394 0.682283474 -0.159267498 0.210585607 0.681745427
10092.391605470 45.149818796 35.333346209 1.339600257 0.685739432 -0.154660802 0.212739456 0.678662944
10092.424938803 45.162952391 35.270307879 1.343368526 0.691845725 -0.146096197 0.216807721 0.673052602
10092.458272136 45.173196168 35.216455349 1.344759080 0.696873492 -0.139572371 0.219768989 0.668272759
10092.491605470 45.178929527 35.180395979 1.344473769 0.700311525 -0.136505580 0.220792280 0.664966739
10092.524938803 45.187550147 35.119460249 1.342931348 0.706415878 -0.133875800 0.220593400 0.659084539
10092.558272136 45.193528772 35.066989705 1.340222352 0.712057741 -0.134814983 0.217805325 0.653727415
10092.591605470 45.196689541 35.027846686 1.337092977 0.716588743 -0.137900278 0.213861627 0.649420735
10092.624938803 45.199467964 34.974911401 1.331584559 0.722570704 -0.144412186 0.206827293 0.643629684
10092.658272136 45.200205090 34.925268529 1.325325793 0.727802927 -0.152333000 0.199157943 0.638305312
10092.691605470 45.200659765 34.887918883 1.321543371 0.731056665 -0.158080982 0.193731318 0.634850165
10092.724938803 45.201124710 34.841927978 1.318392987 0.733969028 -0.163967835 0.188422062 0.631586211
10092.758272136 45.199081922 34.788877268 1.316164328 0.735906011 -0.169841651 0.183572102 0.629203814
10092.791605470 45.196757744 34.753257555 1.316321333 0.736534224 -0.174296469 0.180028742 0.628273611
10092.824938803 45.191482632 34.707502411 1.318295672 0.736616217 -0.182061858 0.173976915 0.627679904
10092.858272136 45.183033166 34.670020591 1.321267254 0.735692212 -0.191800440 0.166626011 0.627857732
10092.891605470 45.175848768 34.640832690 1.323722366 0.734345006 -0.200052030 0.160452544 0.628467643
10092.924938803 45.164051080 34.603551404 1.328167721 0.731272813 -0.211733181 0.151757524 0.630379875
10092.958272136 45.151978623 34.569826595 1.332846885 0.726977686 -0.222192226 0.143817214 0.633601348
10092.991605470 45.143118824 34.544298985 1.336342644 0.723046625 -0.229497562 0.138102166 0.636759168
10093.024938803 45.130808580 34.511240952 1.340475345 0.716722658 -0.239519575 0.129957901 0.641911169
10093.058272136 45.120091852 34.481477096 1.342863779 0.710258574 -0.248653458 0.122123702 0.647139875
10093.091605470 45.110083101 34.456175001 1.344569575 0.703546536 -0.256995014 0.114452874 0.652592043
10093.124938803 45.100381495 34.427534010 1.345188067 0.695497626 -0.263996083 0.106976705 0.659655292
10093.158272136 45.091615637 34.392361124 1.345782131 0.685755876 -0.267578552 0.100528512 0.669353879
10093.191605470 45.085233029 34.363946036 1.346017099 0.677546790 -0.267015730 0.096315293 0.678495624
10093.224938803 45.079732410 34.324966257 1.345484630 0.668076080 -0.264485887 0.090168181 0.689631253
10093.258272136 45.076529030 34.282643948 1.344440338 0.659668005 -0.263341506 0.079718162 0.699381434
10093.291605470 45.073321990 34.254904269 1.343418086 0.654700053 -0.264702015 0.069193210 0.704636774
10093.324938803 45.070113284 34.212647518 1.341596851 0.648619547 -0.269467975 0.049808902 0.710069551
10093.358272136 45.069441374 34.173964077 1.340165984 0.644824974 -0.274374573 0.030373528 0.712738939
10093.391605470 45.070487863 34.134798551 1.339988504 0.641805874 -0.277814381 0.010335184 0.714701038
10093.424938803 45.074760764 34.086942931 1.340520156 0.639414592 -0.279232572 -0.013884101 0.716229978
10093.458272136 45.080498678 34.036931665 1.341167527 0.637906737 -0.278499897 -0.038483766 0.716960112
10093.491605470 45.086319678 34.001241987 1.341680288 0.637347711 -0.276715600 -0.056380853 0.716964136
10093.524938803 45.095548965 33.956491957 1.341430803 0.637256739 -0.272302990 -0.078394639 0.716665341
10093.558272136 45.108346743 33.898745742 1.340038066 0.638306288 -0.263135136 -0.104886864 0.715767929
10093.591605470 45.117453952 33.859668218 1.338131707 0.639689040 -0.255719148 -0.121752283 0.714550230
10093.624938803 45.129820669 33.803187833 1.332955792 0.642306060 -0.244427971 -0.144984789 0.711812689
10093.658272136 45.141020884 33.741597876 1.324728044 0.645514899 -0.233414896 -0.168905674 0.707318085
10093.691605470 45.150586861 33.699230442 1.317573566 0.647847863 -0.226239973 -0.186714681 0.703026493
10093.724938803 45.162725711 33.638319191 1.304356334 0.650899151 -0.217578025 -0.211831930 0.695785406
10093.758272136 45.173641850 33.576508626 1.288968164 0.654119469 -0.209255770 -0.236085153 0.687461667
10093.791605470 45.180380975 33.534523585 1.273587792 0.656374070 -0.203486577 -0.253674239 0.680746409
10093.824938803 45.192169500 33.468780009 1.253084598 0.659136639 -0.196150722 -0.277933280 0.670683888
10093.858272136 45.198904520 33.403494475 1.229862523 0.661863012 -0.189526494 -0.299825218 0.660395261
10093.891605470 45.205334205 33.359379686 1.214054003 0.663481786 -0.185410994 -0.315064796 0.652800779
10093.924938803 45.210837519 33.296818114 1.194870302 0.665839962 -0.180941402 -0.333436958 0.642446223
10093.958272136 45.214070166 33.226072734 1.175158174 0.668149290 -0.177955131 -0.353794669 0.629871280
10093.991605470 45.214721467 33.181719926 1.164040467 0.669209877 -0.177705534 -0.367536758 0.620882932
10094.024938803 45.212083632 33.119094189 1.150612173 0.670344245 -0.179048430 -0.385461856 0.608275768
10094.058272136 45.206599130 33.055157882 1.138948190 0.671129730 -0.181665792 -0.403413238 0.594844673
10094.091605470 45.202481525 33.014137050 1.132027881 0.671492099 -0.183716830 -0.414709863 0.585971174
10094.124938803 45.195229612 32.957982208 1.122891752 0.672372142 -0.185981432 -0.428483429 0.574219958
10094.158272136 45.185816043 32.904766417 1.111821360 0.674453850 -0.186240939 -0.439341102 0.563387711
10094.191605470 45.181240457 32.868904571 1.104280873 0.676658443 -0.185133763 -0.445092791 0.556553006
10094.224938803 45.172380197 32.817965800 1.091110818 0.680418260 -0.183137010 -0.452087314 0.546908482
10094.258272136 45.161131337 32.780554692 1.079991162 0.683591666 -0.182407109 -0.457350386 0.538758485
10094.291605470 45.154036301 32.738100108 1.066700671 0.686184459 -0.182064541 -0.463177647 0.530537329
10094.324938803 45.143879382 32.688089356 1.049139896 0.688869544 -0.183001699 -0.470430564 0.520253990
10094.358272136 45.132717057 32.635618691 1.029418127 0.691380636 -0.185126349 -0.477976059 0.509175743
10094.391605470 45.123740183 32.598938101 1.014385655 0.693767867 -0.186513989 -0.482184657 0.501394691
10094.424938803 45.110383243 32.537813928 0.990012239 0.699397130 -0.187454470 -0.486607940 0.488791560
10094.458272136 45.097336392 32.478719471 0.966727939 0.706925032 -0.186910184 -0.487606205 0.477034350
10094.491605470 45.086171504 32.430420949 0.948073554 0.713566033 -0.186627322 -0.487494768 0.467271452
10094.524938803 45.071810550 32.365938041 0.924651496 0.721876098 -0.187508388 -0.487362879 0.454106736
10094.558272136 45.056968689 32.302772078 0.904519780 0.728527823 -0.190422768 -0.488274189 0.441106219
10094.591605470 45.046214802 32.260674031 0.893021216 0.731711433 -0.193759779 -0.489915745 0.432479004
10094.624938803 45.032227607 32.205114570 0.880290883 0.734508479 -0.199254278 -0.493198358 0.421367306
10094.658272136 45.020943387 32.152338887 0.872182606 0.735383529 -0.205199995 -0.497442383 0.411892101
10094.691605470 45.012531506 32.102629861 0.867851982 0.734461115 -0.211387744 -0.502847820 0.403764984
10094.724938803 45.009861384 32.068087139 0.866793087 0.733163012 -0.215299982 -0.506796803 0.399092615
10094.758272136 45.007491319 32.023627669 0.867627587 0.732704793 -0.218334874 -0.509833095 0.394390395
10094.791605470 45.009188637 31.984680712 0.868318215 0.735787074 -0.216735669 -0.507714885 0.392260917
10094.824938803 45.010761327 31.946137846 0.868047076 0.742011616 -0.211791260 -0.501432823 0.391316174
10094.858272136 45.016687644 31.901616695 0.866758493 0.750408047 -0.203574281 -0.492407990 0.391126126
10094.891605470 45.025581767 31.858610230 0.866551793 0.757063969 -0.195532559 -0.485482241 0.391060302
10094.924938803 45.038157263 31.832839915 0.865317924 0.759521075 -0.190521954 -0.483665054 0.391020763
10094.958272136 45.053233658 31.792700154 0.865782294 0.759786809 -0.185674351 -0.485553999 0.390495011
10094.991605470 45.069725974 31.749446344 0.866102735 0.756694664 -0.182815858 -0.492076625 0.389682105
10095.024938803 45.082910740 31.716649340 0.865951732 0.753033829 -0.181365275 -0.498675316 0.389062487
10095.058272136 45.104985803 31.671865777 0.868049628 0.746020756 -0.179796536 -0.510019335 0.388595566
10095.091605470 45.128408954 31.628870202 0.872345136 0.738468158 -0.178198994 -0.521287937 0.388804303
10095.124938803 45.147292848 31.598990968 0.876612259 0.733903300 -0.175969385 -0.527823081 0.389645373
10095.158272136 45.176943872 31.558102699 0.883715523 0.729462187 -0.170899696 -0.533945763 0.391893013
10095.191605470 45.209246604 31.518665942 0.893514511 0.726382800 -0.164609338 -0.537449665 0.395499243
10095.224938803 45.233665787 31.491123552 0.900808236 0.724794545 -0.159603438 -0.538678043 0.398780110
10095.258272136 45.268272228 31.452296978 0.912425217 0.723871393 -0.151676541 -0.538225502 0.404125899
10095.291605470 45.306439078 31.408680886 0.922821444 0.724049837 -0.142367639 -0.535372018 0.410925895
10095.324938803 45.331188705 31.376291734 0.930240180 0.724138377 -0.136273376 -0.532839115 0.416095728
10095.358272136 45.367357940 31.343721068 0.940828186 0.723721324 -0.128640120 -0.529105682 0.423941437
10095.391605470 45.408330252 31.301559008 0.949896927 0.722988982 -0.120850118 -0.524146674 0.433534826
10095.424938803 45.433089067 31.271865319 0.955713185 0.722430253 -0.116349120 -0.520800447 0.439686599
10095.458272136 45.471290946 31.226329958 0.963299594 0.720238927 -0.111363053 -0.516640964 0.449373199
10095.491605470 45.509104152 31.183280862 0.970516660 0.716169959 -0.109108553 -0.514159443 0.459168793
10095.524938803 45.536924383 31.154656909 0.975835164 0.712396218 -0.108813987 -0.512985469 0.466365794
10095.558272136 45.576406380 31.111612893 0.982721896 0.706575263 -0.109576409 -0.511075024 0.477018582
10095.591605470 45.617765594 31.067462734 0.990334481 0.700986488 -0.111014746 -0.507544621 0.488561283
10095.624938803 45.646052341 31.038391793 0.995914005 0.697935216 -0.111801151 -0.503643010 0.496719896
10095.658272136 45.684750544 30.998624751 1.003488957 0.694693964 -0.112814777 -0.496607941 0.507989838
10095.691605470 45.728205147 30.951137638 1.011860894 0.692248862 -0.113764951 -0.486900233 0.520362577
10095.724938803 45.756899995 30.920398711 1.018425700 0.691494505 -0.114084672 -0.479105820 0.528467265
10095.758272136 45.795989282 30.880518323 1.028800216 0.690884082 -0.114842885 -0.467675818 0.539230588
10095.791605470 45.840980342 30.832741151 1.044134858 0.690359681 -0.116617344 -0.453558037 0.551442665
10095.824938803 45.870313352 30.803494826 1.056545567 0.690475639 -0.117485663 -0.443269882 0.559421418
10095.858272136 45.906613653 30.767642391 1.073199264 0.691724384 -0.117334711 -0.428547269 0.569295336
10095.891605470 45.955962350 30.722218042 1.097965303 0.695246598 -0.114064535 -0.404407264 0.583160539
10095.924938803 45.987063443 30.696442872 1.114337302 0.698068821 -0.110224978 -0.387271345 0.592090602
10095.958272136 46.033274841 30.660162043 1.138840409 0.703025668 -0.101828196 -0.358944323 0.605429518
10095.991605470 46.072297151 30.630547463 1.159118415 0.706675329 -0.094121190 -0.334309985 0.616431679
10096.024938803 46.110304969 30.603436568 1.178960698 0.709129663 -0.086978289 -0.310216147 0.627164922
10096.058272136 46.155495084 30.572738646 1.200593034 0.711289535 -0.078341437 -0.281190541 0.639422940
10096.091605470 46.203460007 30.541784409 1.221634631 0.712440384 -0.069688739 -0.252226989 0.651117290
10096.124938803 46.236954208 30.519239495 1.235993354 0.712558598 -0.063933587 -0.231904777 0.659084907
10096.158272136 46.286188133 30.485151697 1.256786848 0.711890884 -0.056158245 -0.202584633 0.670087372
10096.191605470 46.334007014 30.452008709 1.276395027 0.710712196 -0.048557904 -0.173883385 0.679922696
10096.224938803 46.366378270 30.430922724 1.289953633 0.709042568 -0.044942893 -0.154807447 0.686493574
10096.258272136 46.409967422 30.401153365 1.308413359 0.705654250 -0.043162119 -0.130537393 0.695089275
10096.291605470 46.450053223 30.370226901 1.322267782 0.702594340 -0.043138271 -0.111485747 0.701477876
10096.324938803 46.484550025 30.345660864 1.336551661 0.699327735 -0.045240064 -0.094827711 0.707037312
10096.358272136 46.528080548 30.314702256 1.353433164 0.695662063 -0.050086774 -0.077692709 0.712396976
10096.391605470 46.570758403 30.283031930 1.370350954 0.692884193 -0.056551756 -0.063900017 0.715981970
10096.424938803 46.601451029 30.257633198 1.382609884 0.691597529 -0.061540983 -0.055615587 0.717504336
10096.458272136 46.637127233 30.228488989 1.397851418 0.690947634 -0.067331818 -0.046411576 0.718264407
10096.491605470 46.684736004 30.188708565 1.418263187 0.691836008 -0.072097746 -0.033767898 0.717652131
10096.524938803 46.716962639 30.162967436 1.430696588 0.693325911 -0.071742681 -0.024658969 0.716619916
10096.558272136 46.756582993 30.125889511 1.444628584 0.696324571 -0.066839094 -0.011002068 0.714523325
10096.591605470 46.802359424 30.087072709 1.459219583 0.700205992 -0.055732857 0.007716398 0.711720363
10096.624938803 46.838760712 30.058694046 1.470540738 0.703559629 -0.045619621 0.023554228 0.708779159
10096.658272136 46.882054877 30.022411599 1.481977260 0.707925528 -0.032105789 0.042396895 0.704282024
10096.691605470 46.926651709 29.983517705 1.490734496 0.712093960 -0.017718072 0.060877184 0.699215440
10096.724938803 46.951994179 29.965266919 1.495018597 0.714250046 -0.009700307 0.070569604 0.696256208
10096.758272136 47.000964793 29.930293918 1.501925788 0.717687913 0.003869463 0.086247703 0.690992344
10096.791605470 47.051329087 29.895010438 1.506776784 0.720717590 0.015876314 0.099384485 0.685883971
10096.824938803 47.084981267 29.870814163 1.509713866 0.722415081 0.022213182 0.106238555 0.682888274
10096.858272136 47.127912275 29.844371678 1.511725333 0.724579447 0.028665293 0.113108505 0.679241778
10096.891605470 47.178205788 29.807556317 1.513477898 0.726764231 0.033040406 0.117808598 0.675901782
10096.924938803 47.211170881 29.781236095 1.513306471 0.728344756 0.034093729 0.119318327 0.673880309
10096.958272136 47.249359832 29.756825884 1.511084852 0.730379982 0.033584650 0.119490216 0.671668997
10096.991605470 47.293698742 29.723446280 1.508069583 0.732836856 0.032092188 0.118348840 0.669263615
10097.024938803 47.325615907 29.697275200 1.507097617 0.734629588 0.031272876 0.117470526 0.667489364
10097.058272136 47.371293295 29.662679721 1.507949929 0.737026267 0.032061998 0.117264903 0.664840772
10097.091605470 47.415958480 29.633074084 1.511090715 0.738883004 0.036676267 0.119654407 0.662109946
10097.124938803 47.446050752 29.609647633 1.512800777 0.739892787 0.042711378 0.122979610 0.660007892
10097.158272136 47.490837812 29.577187681 1.516602088 0.740315845 0.056371678 0.131354491 0.656887115
10097.191605470 47.534018881 29.543928501 1.518426172 0.739895458 0.075172129 0.142941489 0.653047925
10097.224938803 47.562506688 29.521558393 1.519092442 0.739388549 0.088236540 0.150670869 0.650243935
10097.258272136 47.601536424 29.487611678 1.517790675 0.738958387 0.106253445 0.160156575 0.645755820
10097.291605470 47.635449049 29.453429410 1.513728397 0.739550166 0.119771997 0.165203312 0.641426603
10097.324938803 47.659894548 29.428220887 1.510452519 0.740484880 0.126268211 0.165545912 0.639009415
10097.358272136 47.686706794 29.395910395 1.504299030 0.742198916 0.131080596 0.163237617 0.636641286
10097.391605470 47.722646269 29.352737248 1.493344080 0.744824143 0.133372272 0.155997942 0.634912179
10097.424938803 47.743418658 29.324773130 1.484484522 0.746400813 0.133503189 0.150389794 0.634386030
10097.458272136 47.771779985 29.286029044 1.471072341 0.748044721 0.134223971 0.143530917 0.633886343
10097.491605470 47.794750913 29.252813637 1.457723300 0.748752849 0.137005754 0.139685568 0.633313932
10097.524938803 47.820738676 29.218088604 1.447144290 0.748700578 0.141937014 0.138450816 0.632560432
10097.558272136 47.855237679 29.173885871 1.436818825 0.747674313 0.150502807 0.139973135 0.631458272
10097.591605470 47.885904914 29.132427152 1.428583731 0.746029415 0.161054309 0.143593691 0.629986090
10097.624938803 47.907741381 29.103412102 1.425215594 0.744634237 0.168828839 0.146799217 0.628861404
10097.658272136 47.940546175 29.062031152 1.424629590 0.742857272 0.179300236 0.150799064 0.627115732
10097.691605470 47.967213780 29.023520199 1.426316417 0.741563107 0.188467756 0.153663037 0.625261333
10097.724938803 47.990880778 28.991042177 1.430078754 0.741136411 0.193610287 0.154256682 0.624048678
10097.758272136 48.008247802 28.955409045 1.434011091 0.741757475 0.196817353 0.151821412 0.622903714
10097.791605470 48.036261712 28.902218226 1.441328189 0.743766503 0.195881687 0.144423635 0.622562100
10097.824938803 48.053333713 28.865133933 1.446568557 0.745801255 0.192264619 0.136894379 0.622956446
10097.858272136 48.067140162 28.824834649 1.452771968 0.748961417 0.184167715 0.124862804 0.624138069
10097.891605470 48.087516233 28.763045185 1.458125988 0.753725686 0.169182070 0.105201021 0.626264930
10097.924938803 48.098833651 28.721992798 1.460779562 0.756853334 0.157758789 0.091206897 0.627667505
10097.958272136 48.116424391 28.663779792 1.462420152 0.760697960 0.142262447 0.072871332 0.629118255
10097.991605470 48.136901361 28.591519620 1.460055362 0.764839245 0.123588857 0.052049121 0.630109207
10098.024938803 48.145608334 28.547422679 1.457455413 0.767370091 0.111221866 0.038954086 0.630282015
10098.058272136 48.158478262 28.488735991 1.452218746 0.770191125 0.096754755 0.024392022 0.629959663
10098.091605470 48.168142431 28.420537406 1.444351353 0.773183705 0.080946174 0.009718550 0.628919887
10098.124938803 48.173821788 28.376757140 1.439366252 0.775015901 0.071992945 0.002043703 0.627824173
10098.158272136 48.176010882 28.316973836 1.431863726 0.777398250 0.060714961 -0.006549032 0.626037350
10098.191605470 48.181372033 28.255814591 1.425795322 0.779822734 0.051581027 -0.012642617 0.623743590
10098.224938803 48.182499828 28.209456471 1.421786811 0.781743369 0.045538749 -0.016031928 0.621728642
10098.258272136 48.179082041 28.159776041 1.418521832 0.784027669 0.040100576 -0.018373043 0.619156676
10098.291605470 48.179451479 28.094904180 1.416666674 0.786921487 0.034945239 -0.019811270 0.615744198
10098.324938803 48.181145306 28.038394411 1.416403139 0.789457908 0.030279331 -0.021492408 0.612680544
10098.358272136 48.175706381 27.978257454 1.417382592 0.792363690 0.022447288 -0.025613426 0.609097574
10098.391605470 48.171180068 27.917230215 1.417601564 0.794895781 0.011683730 -0.033290421 0.605719354
10098.424938803 48.167951484 27.864986953 1.418494981 0.797010352 -0.001201778 -0.043771543 0.602376217
10098.458272136 48.160994841 27.801780183 1.419310046 0.799211377 -0.020812120 -0.061121380 0.597571927
10098.491605470 48.152112240 27.739410389 1.419425152 0.800926879 -0.042314489 -0.081043139 0.591741183
10098.524938803 48.145845335 27.690860222 1.417666604 0.802067273 -0.058308887 -0.096327515 0.586522952
10098.558272136 48.138995842 27.637238005 1.414393050 0.803425058 -0.073574464 -0.111232041 0.580277871
10098.591605470 48.127344573 27.563746596 1.407739448 0.806100825 -0.088157959 -0.125073282 0.571652261
10098.624938803 48.119957937 27.513148473 1.401696708 0.808412005 -0.094742392 -0.130979995 0.565984232
10098.658272136 48.110206678 27.444618803 1.392108292 0.812181862 -0.100244456 -0.135130938 0.558615522
10098.691605470 48.101612218 27.370197335 1.379478831 0.816322113 -0.104873255 -0.137929614 0.550994764
10098.724938803 48.092203120 27.316719165 1.370197732 0.819036422 -0.108805479 -0.140606615 0.545500217
10098.758272136 48.078013496 27.247323298 1.357401385 0.821755471 -0.116645183 -0.146970203 0.538062828
10098.791605470 48.061335198 27.178543137 1.345838242 0.823012022 -0.128248436 -0.157779571 0.530385858
10098.824938803 48.040869207 27.102650960 1.334628550 0.822456811 -0.145282882 -0.175347400 0.521259022
10098.858272136 48.025886607 27.053892523 1.328100736 0.820996012 -0.158795900 -0.189902085 0.514477024
10098.891605470 48.007364327 26.999708399 1.322700252 0.818470261 -0.174899043 -0.207987021 0.506219474
10098.924938803 47.986555680 26.938144399 1.317768912 0.814726328 -0.193425773 -0.229443101 0.496148510
10098.958272136 47.965812634 26.886590961 1.314868866 0.811244360 -0.208341096 -0.247053448 0.487279355
10098.991605470 47.943967533 26.826323958 1.312884696 0.807360486 -0.223662740 -0.265472671 0.477145979
10099.024938803 47.919757081 26.767183257 1.311658386 0.804449549 -0.236359318 -0.280269361 0.467380231
10099.058272136 47.901117790 26.724902423 1.310550221 0.803217068 -0.243907508 -0.288609433 0.460495456
10099.091605470 47.880266742 26.676439900 1.307556956 0.802602812 -0.251103721 -0.296082570 0.452891554
10099.124938803 47.850560566 26.611799746 1.303057215 0.802728117 -0.259594486 -0.303578483 0.442807381
10099.158272136 47.830001173 26.570292579 1.298893054 0.803135687 -0.265137313 -0.307728164 0.435865406
10099.191605470 47.802012232 26.514115960 1.291965110 0.803525704 -0.272605871 -0.312800097 0.426835545
10099.224938803 47.768121549 26.455127949 1.282476617 0.803571822 -0.282344087 -0.319049179 0.415646203
10099.258272136 47.743843647 26.416766780 1.274853494 0.803291277 -0.289649786 -0.323493517 0.407649447
10099.291605470 47.708043399 26.368643778 1.264349635 0.802292933 -0.300144961 -0.329747503 0.396869797
10099.324938803 47.666952119 26.321983921 1.253816642 0.799497450 -0.313091872 -0.338610272 0.384864120
10099.358272136 47.637060808 26.290917132 1.246402668 0.796540958 -0.322923647 -0.345999243 0.376201203
10099.391605470 47.599541549 26.255864751 1.238560695 0.792364880 -0.334935148 -0.355316194 0.365686677
10099.424938803 47.552019259 26.206887835 1.230945802 0.787128462 -0.348896298 -0.366189709 0.352994695
10099.458272136 47.519708817 26.174836467 1.227645266 0.783995662 -0.357240249 -0.372274092 0.345169823
10099.491605470 47.479473211 26.128729062 1.223656240 0.780533838 -0.366767134 -0.378688689 0.335922126
10099.524938803 47.437226768 26.081054106 1.221032108 0.776585944 -0.376428149 -0.385233787 0.326819597
10099.558272136 47.407060228 26.051824851 1.220760640 0.773055662 -0.383485321 -0.390778909 0.320337004
10099.591605470 47.366581469 26.011066125 1.220764463 0.766411517 -0.394251865 -0.400731783 0.310793970
10099.624938803 47.330140578 25.977148953 1.221168571 0.759163375 -0.404613138 -0.410922309 0.301831134
10099.658272136 47.295762366 25.945981904 1.221959541 0.751989847 -0.414246977 -0.420425004 0.293519212
10099.691605470 47.261340170 25.916792641 1.221775578 0.745135372 -0.423425335 -0.428647137 0.285912391
10099.724938803 47.215330709 25.874376909 1.219295766 0.738933907 -0.433323475 -0.434528283 0.278195290
10099.758272136 47.184253665 25.845923252 1.216860398 0.736558166 -0.438715164 -0.435511512 0.274482778
10099.791605470 47.147451454 25.811527285 1.212771343 0.735672078 -0.443784691 -0.433688235 0.271581031
10099.824938803 47.107476913 25.774084916 1.206595827 0.735428988 -0.448958883 -0.430290489 0.269128631
10099.858272136 47.070456481 25.743178190 1.201127489 0.734428454 -0.454442447 -0.427850237 0.266535330
10099.891605470 47.027918540 25.710363870 1.194803395 0.730944926 -0.462390788 -0.428165124 0.261894826
10099.924938803 46.975592682 25.677405601 1.188059247 0.722702112 -0.474788960 -0.433676202 0.253381239
10099.958272136 46.938955009 25.655473119 1.184091662 0.714376978 -0.485077744 -0.440597918 0.245435513
10099.991605470 46.892274303 25.633960741 1.180641112 0.702078266 -0.498619616 -0.451351724 0.233979077
10100.024938803 46.837941960 25.605796835 1.178685564 0.686288957 -0.514653987 -0.464867265 0.219173830
10100.058272136 46.799480720 25.586079910 1.179431249 0.675275450 -0.525414164 -0.473690069 0.208712099
10100.091605470 46.747311945 25.563347409 1.181535022 0.662557774 -0.538044756 -0.482910591 0.195761073
10100.124938803 46.701280201 25.536100332 1.184402573 0.652862230 -0.548159058 -0.488863915 0.185215086
10100.158272136 46.657189016 25.514613841 1.189206836 0.645206533 -0.556798321 -0.492640773 0.176037578
10100.191605470 46.607619269 25.493391522 1.194277800 0.637536270 -0.565861346 -0.495725667 0.166146032
10100.224938803 46.548647710 25.464102122 1.200668618 0.628574188 -0.576299540 -0.499179327 0.153601204
10100.258272136 46.508871410 25.447242821 1.205442229 0.622388705 -0.583334499 -0.501386020 0.144793720
10100.291605470 46.457337899 25.426518297 1.210269005 0.614324350 -0.592331648 -0.503912737 0.133494438
10100.324938803 46.398342549 25.405431730 1.214414473 0.605118549 -0.602470000 -0.506200804 0.120922237
10100.358272136 46.357110888 25.391023062 1.216181626 -0.598550762 0.609579063 0.507477810 -0.112323743
10100.391605470 46.303866379 25.373122300 1.216477746 -0.590144664 0.618518458 0.508646135 -0.102192478
10100.424938803 46.248324876 25.355464795 1.215683474 -0.581199331 0.627749191 0.509447618 -0.092743813
10100.458272136 46.207767570 25.344183668 1.215132346 -0.574387334 0.634534134 0.509863620 -0.086514237
10100.491605470 46.156979994 25.330696735 1.213913722 -0.565440049 0.643100073 0.510218821 -0.079853633
10100.524938803 46.103864127 25.318077710 1.213745773 -0.556029117 0.651811582 0.510282984 -0.074729906
10100.558272136 46.064764821 25.309348148 1.214178735 -0.549340036 0.657985007 0.509920910 -0.072539093
10100.591605470 46.018232307 25.299272002 1.216255600 -0.542209841 0.664945576 0.508534674 -0.072445525
10100.624938803 45.963201864 25.287362869 1.221144947 -0.535438448 0.672392729 0.505436352 -0.075682102
10100.658272136 45.925090752 25.279571984 1.226466234 -0.531231916 0.677114365 0.502944276 -0.079723543
10100.691605470 45.884452167 25.269846972 1.235094528 -0.526707974 0.681792347 0.500476660 -0.085211613
10100.724938803 45.833726941 25.256077997 1.248750644 -0.520010008 0.687434329 0.498397446 -0.092863452
10100.758272136 45.804596899 25.248366297 1.258123417 -0.515662434 0.690552998 0.497660253 -0.097791018
10100.791605470 45.762852398 25.234971603 1.272947999 -0.509055077 0.694554195 0.497320570 -0.105497153
10100.824938803 45.717518622 25.216166259 1.289978470 -0.502196218 0.698167561 0.497037504 -0.115389491
10100.858272136 45.686380461 25.204420691 1.301514093 -0.497891661 0.700099923 0.496765633 -0.123239190
10100.891605470 45.647864326 25.187777265 1.315024156 -0.492797407 0.701879450 0.496556085 -0.133970177
10100.924938803 45.606948781 25.167506512 1.327275332 -0.487960556 0.703069612 0.496157290 -0.146340559
10100.958272136 45.577113519 25.155000262 1.335036644 -0.484694960 0.703398806 0.495808863 -0.156443239
10100.991605470 45.544452803 25.137792983 1.341519571 -0.481310960 0.703091036 0.495488476 -0.168801439
10101.024938803 45.506015441 25.118880660 1.346981086 -0.478111930 0.701846004 0.494628234 -0.184835275
10101.058272136 45.473399233 25.104131355 1.350748363 -0.476334806 0.699767495 0.493443048 -0.199861361
10101.091605470 45.437867264 25.085558946 1.353913794 -0.476030470 0.695708892 0.491179120 -0.219379129
10101.124938803 45.405456154 25.066825018 1.356848593 -0.477876959 0.690187276 0.487772690 -0.239484736
10101.158272136 45.375222363 25.046447155 1.360584617 -0.482010170 0.682698364 0.482985801 -0.261369196
10101.191605470 45.342513331 25.021281699 1.365717111 -0.489069511 0.671688605 0.476147035 -0.287974708
10101.224938803 45.306548542 24.987642495 1.373151278 -0.497929624 0.657984542 0.467958793 -0.316444308
10101.258272136 45.279340180 24.962895716 1.381331740 -0.506691132 0.644077906 0.460156100 -0.341590562
10101.291605470 45.250142730 24.931760398 1.391911458 -0.516797737 0.627310449 0.451196860 -0.368541848
10101.324938803 45.218428367 24.894362430 1.405219686 -0.529182836 0.605620510 0.439770484 -0.399738971
10101.358272136 45.199242831 24.872499894 1.415042687 -0.538043587 0.589044317 0.431279807 -0.421347385
10101.391605470 45.175003361 24.840706864 1.427120962 -0.548739802 0.567805973 0.420642019 -0.446700459
10101.424938803 45.155517643 24.816220965 1.437897139 0.558124682 -0.547427868 -0.410709365 0.469188007
10101.458272136 45.139626908 24.798053739 1.446590177 0.565440517 -0.529543454 -0.402607652 0.487614428
10101.491605470 45.124171638 24.779611327 1.454102817 0.571713923 -0.512350472 -0.395412727 0.504270720
10101.524938803 45.105817321 24.759617507 1.460469323 0.578115743 -0.491674033 -0.387704289 0.523186600
10101.558272136 45.093023443 24.746223766 1.463408946 0.581795382 -0.477950481 -0.383030112 0.535131204
10101.591605470 45.078710384 24.730591768 1.464695953 0.585614535 -0.462105868 -0.378062639 0.548253979
10101.624938803 45.065570797 24.714848877 1.463201861 0.589451649 -0.445512376 -0.372817549 0.561313239
10101.658272136 45.055491641 24.703002473 1.461503075 0.592264729 -0.432927406 -0.368618709 0.570891058
10101.691605470 45.045784061 24.689298489 1.458127465 0.595386997 -0.418960681 -0.363564580 0.581211724
10101.724938803 45.033176505 24.672867367 1.452585775 0.599602026 -0.400291004 -0.356253256 0.594414114
10101.758272136 45.024266456 24.662522548 1.448333910 0.602657897 -0.386994178 -0.350519905 0.603468940
10101.791605470 45.015410950 24.651873537 1.443243934 0.606345992 -0.372451976 -0.343630463 0.612814955
10101.824938803 45.004595277 24.636917124 1.438080034 0.612405560 -0.351033202 -0.332459744 0.625464339
10101.858272136 44.998208008 24.626774056 1.435035897 0.617811576 -0.333395880 -0.322729189 0.634824317
10101.891605470 44.993390278 24.614574877 1.432846835 0.625038379 -0.310937362 -0.309708696 0.645542799
10101.924938803 44.990526701 24.597573719 1.431344574 0.635553054 -0.277740661 -0.289863799 0.659478142
10101.958272136 44.990224695 24.586198043 1.430384162 0.643146476 -0.252132524 -0.274180934 0.669041566
10101.991605470 44.993891738 24.571242280 1.429801017 0.651693245 -0.220468226 -0.254550807 0.679627518
10102.024938803 44.997320120 24.558615040 1.429597845 0.658448846 -0.191095164 -0.236352115 0.688524098
10102.058272136 45.002783891 24.548487136 1.428894949 0.663614826 -0.164057162 -0.219607016 0.696041211
10102.091605470 45.010803671 24.538110190 1.427626740 0.667909073 -0.134068501 -0.201296548 0.703848568
10102.124938803 45.024866119 24.534614452 1.427183158 0.670422988 -0.105249031 -0.184122014 0.711023728
10102.158272136 45.034240604 24.530985267 1.425322695 0.671289742 -0.084772655 -0.172002755 0.715960007
10102.191605470 45.046037062 24.527281072 1.423136769 0.671147613 -0.064011715 -0.159989009 0.721017960
10102.224938803 45.060215987 24.523013991 1.418508742 0.669646145 -0.040833580 -0.146924785 0.726856084
10102.258272136 45.071574971 24.519631294 1.413619725 0.667465907 -0.023886322 -0.137611965 0.731424401
10102.291605470 45.084848686 24.516116478 1.406598943 0.663631501 -0.006830880 -0.128411770 0.736924004
10102.324938803 45.097017563 24.512249474 1.398404163 0.658394703 0.007447893 -0.120488114 0.742929040
10102.358272136 45.105979778 24.510297457 1.391839132 0.653511229 0.016274959 -0.115249283 0.747914301
10102.391605470 45.114952157 24.507539733 1.383795863 0.646943380 0.024926470 -0.109142924 0.754274987
10102.424938803 45.125502339 24.505034751 1.375049721 0.638300894 0.035015232 -0.100819799 0.762352458
10102.458272136 45.132909629 24.505062127 1.370572361 0.632312779 0.042027455 -0.094571937 0.767769752
10102.491605470 45.144404898 24.506727460 1.363968564 0.622240543 0.054530464 -0.082605899 0.776543238
10102.524938803 45.155864076 24.511431743 1.358114102 0.611657391 0.068076434 -0.068981653 0.785163910
10102.558272136 45.163507263 24.515944521 1.353379866 0.602675791 0.079540728 -0.056723675 0.791983326
10102.591605470 45.170459907 24.521414007 1.347488406 0.592091209 0.093491224 -0.041267800 0.799364973
10102.624938803 45.177395196 24.528081265 1.341059998 0.580153925 0.110556515 -0.022105211 0.806666003
10102.658272136 45.183472151 24.535502083 1.335320602 0.569026163 0.127333910 -0.003160533 0.812394801
10102.691605470 45.188866227 24.540992039 1.328365202 0.556959244 0.145966682 0.018227602 0.817409250
10102.724938803 45.195089652 24.547484714 1.320882068 0.543345416 0.165927696 0.042510671 0.821849501
10102.758272136 45.200148819 24.553672481 1.315917584 0.533128231 0.179452574 0.060445890 0.824571014
10102.791605470 45.204974882 24.555741174 1.309847593 0.521954765 0.192020880 0.079945129 0.827224263
10102.824938803 45.210051897 24.556164018 1.303599426 0.510813067 0.201563230 0.099548892 0.829778460
10102.858272136 45.214769340 24.557275128 1.299293148 0.501683729 0.206335689 0.116138622 0.832016130
10102.891605470 45.218100805 24.551318424 1.294748216 0.494020148 0.207494444 0.131706768 0.833992491
10102.924938803 45.223211432 24.544551289 1.291443181 0.485706235 0.206587448 0.151789282 0.835686002
10102.958272136 45.228920341 24.537474929 1.290210658 0.478933668 0.206410918 0.171935875 0.835736280
10102.991605470 45.233788039 24.530172496 1.290399224 0.474298813 0.208187437 0.188362543 0.834396896
10103.024938803 45.241601848 24.520082184 1.292020013 0.468485283 0.214482348 0.211129225 0.830628264
10103.058272136 45.252603933 24.508068163 1.295581305 0.461891465 0.225284099 0.237556316 0.824299913
10103.091605470 45.261968578 24.500171304 1.298447639 0.457114123 0.234149779 0.256462716 0.818808546
10103.124938803 45.277097222 24.486492729 1.306958757 0.450801439 0.247102216 0.283912478 0.809390055
10103.158272136 45.293829245 24.472215690 1.316374191 0.445751589 0.257877127 0.310199606 0.799112704
10103.191605470 45.307003102 24.462808882 1.323115313 0.443044249 0.263887133 0.328650852 0.791242056
10103.224938803 45.322975075 24.448311826 1.332043111 0.441668811 0.268972681 0.349621379 0.781247239
10103.258272136 45.341540276 24.433066769 1.341111827 0.440639197 0.274759233 0.371408160 0.769675542
10103.291605470 45.357758689 24.425125376 1.347523142 0.438867930 0.281523810 0.388385077 0.759800182
10103.324938803 45.381177712 24.418112331 1.353150606 0.433823601 0.295215527 0.410800086 0.745579080
10103.358272136 45.403726855 24.415054092 1.357663256 0.426320997 0.311453081 0.432985492 0.730596297
10103.391605470 45.425748139 24.413663081 1.360268019 0.417261506 0.328631452 0.454008898 0.715381105
10103.424938803 45.449900079 24.414902647 1.361969366 0.405843275 0.348133565 0.477322134 0.697321903
10103.458272136 45.476364440 24.416595143 1.361665592 0.394373162 0.366070380 0.500200241 0.678426124
10103.491605470 45.497869235 24.417006860 1.359768419 0.386990802 0.377032211 0.515943910 0.664745600
10103.524938803 45.525345468 24.416202092 1.356512372 0.380669101 0.386469037 0.532602670 0.649666926
10103.558272136 45.557463914 24.415478561 1.352673905 0.375950172 0.393642419 0.548424740 0.634773518
10103.591605470 45.583313963 24.415359004 1.349836150 0.372907315 0.398343769 0.559527026 0.623852453
10103.624938803 45.617895156 24.417831072 1.348868586 0.367849036 0.405727319 0.572531768 0.610147363
10103.658272136 45.657090199 24.423421688 1.350562132 0.358761794 0.417726661 0.586950093 0.593535172
10103.691605470 45.687280950 24.429161329 1.353550658 0.349703745 0.429051542 0.597795609 0.579881432
10103.724938803 45.722924822 24.446411905 1.361471994 0.338339026 0.443047028 0.609060630 0.564164146
10103.758272136 45.764130830 24.462569499 1.371199482 0.326088188 0.458646506 0.620604269 0.546040491
10103.791605470 45.794909214 24.472221126 1.378477365 0.318847581 0.468907228 0.627656320 0.533394578
10103.824938803 45.831134843 24.485449681 1.388125649 0.314016542 0.478360897 0.633640154 0.520638665
10103.858272136 45.871640222 24.502770350 1.397959788 0.311357204 0.487322190 0.638917241 0.507305168
10103.891605470 45.903176391 24.512673486 1.404102566 0.310585113 0.493577852 0.642099411 0.497620476
10103.924938803 45.935963061 24.526409039 1.409340756 0.310357842 0.500079134 0.645013020 0.487398271
10103.958272136 45.981884077 24.541651211 1.413811077 0.309746938 0.509343675 0.648726793 0.473053278
10103.991605470 46.017565038 24.551422343 1.415622700 0.308848247 0.516801792 0.651511190 0.461586219
10104.024938803 46.057287738 24.561569533 1.415808142 0.307302619 0.525186564 0.654540540 0.448687927
10104.058272136 46.108189232 24.574582045 1.413786827 0.304536641 0.536238318 0.658675324 0.431106388
10104.091605470 46.146192785 24.584611734 1.411377872 0.302091674 0.544536775 0.661856862 0.417331781
10104.124938803 46.188333640 24.596406445 1.408380527 0.298668412 0.553682554 0.665676442 0.401382217
10104.158272136 46.231227247 24.610177055 1.405392236 0.293642288 0.563483493 0.670049233 0.383789766
10104.191605470 46.269798232 24.623484936 1.403013222 0.286398915 0.573261666 0.674707712 0.366218823
10104.224938803 46.306994977 24.638099234 1.401148900 0.275134650 0.584437170 0.680312767 0.346278296
10104.258272136 46.350718470 24.657422001 1.400791257 0.256379477 0.599171596 0.688108499 0.319013567
10104.291605470 46.382232513 24.672318186 1.401317503 0.240436149 0.610000302 0.693923568 0.297590612
10104.324938803 46.415235598 24.690329213 1.402527078 0.221760366 0.621180011 0.700161255 0.273371452
10104.358272136 46.450336906 24.709003965 1.403930703 0.203333298 0.631417199 0.705728854 0.248826598
10104.391605470 46.477616887 24.723790942 1.405354075 0.191375278 0.637665716 0.709178910 0.231998300
10104.424938803 46.507724021 24.740689273 1.406497208 0.180943373 0.643077333 0.712238322 0.215470677
10104.458272136 46.539905585 24.762492231 1.408287717 0.172821887 0.647587062 0.714560681 0.200416132
10104.491605470 46.565424588 24.780099172 1.409348145 0.168219383 0.650407615 0.715812088 0.190486818
10104.524938803 46.594010554 24.804251851 1.410600944 0.163381699 0.653483631 0.716876036 0.179873047
10104.558272136 46.617376252 24.833677398 1.410862320 0.157082423 0.656780986 0.717934037 0.168921777
10104.591605470 46.639972910 24.859065260 1.409585238 0.148985451 0.660349043 0.718973239 0.157543515
10104.624938803 46.664743704 24.886663554 1.406965169 0.138059273 0.664475053 0.720161134 0.144154369
10104.658272136 46.691227614 24.920300742 1.402906946 0.124588713 0.668838923 0.721517148 0.128627965
10104.691605470 46.711299443 24.946811681 1.399301104 0.114554889 0.671757181 0.722436871 0.117065946
10104.724938803 46.734542680 24.980907827 1.395228987 0.104744378 0.674361697 0.723321866 0.105215942
10104.758272136 46.759582788 25.015765673 1.391754468 0.098140057 0.676055092 0.723967899 0.095856783
10104.791605470 46.782397136 25.047397752 1.389044313 0.095855627 0.676800733 0.724306510 0.090180634
10104.824938803 46.808905938 25.081925242 1.387824765 0.097280778 0.677034087 0.724284977 0.087020507
10104.858272136 46.833617053 25.118881776 1.388752597 0.101322768 0.676827720 0.724064526 0.085839953
10104.891605470 46.857083768 25.152603627 1.391230040 0.105953350 0.676593394 0.723665585 0.085459860
10104.924938803 46.882349237 25.192383949 1.395821220 0.109272306 0.676562088 0.723364482 0.084066225
10104.958272136 46.901622139 25.232646171 1.401077002 0.109605996 0.676702726 0.723512229 0.081178819
10104.991605470 46.921580148 25.267643136 1.406582265 0.107587722 0.676973106 0.724038992 0.076810371
10105.024938803 46.946090091 25.305117749 1.412856195 0.104102524 0.677188814 0.724907590 0.071322932
10105.058272136 46.972362567 25.344226068 1.419077391 0.102468907 0.676968818 0.725716534 0.067445200
10105.091605470 46.994018336 25.374368297 1.423236090 0.104502119 0.676262124 0.726127996 0.066984922
10105.124938803 47.018931160 25.408759414 1.426752218 0.111795803 0.674786440 0.726105066 0.070259465
10105.158272136 47.046336467 25.446784841 1.429019518 0.123281553 0.672634882 0.725603385 0.076574812
10105.191605470 47.072409622 25.480998319 1.429545409 0.136268483 0.670180413 0.724728819 0.084007466
10105.224938803 47.102324715 25.520335119 1.428293522 0.151261698 0.667087550 0.723584238 0.092411848
10105.258272136 47.134031850 25.560619334 1.426106586 0.165290114 0.663755517 0.722589746 0.099859161
10105.291605469 47.158779983 25.592668939 1.423641420 0.174035693 0.661267329 0.722247393 0.103902845
10105.324938803 47.187292145 25.631786515 1.420242352 0.180042118 0.658723296 0.722836615 0.105715103
10105.358272136 47.216925048 25.674705244 1.416403311 0.182517034 0.656316180 0.724502028 0.105040064
10105.391605469 47.240241935 25.708921703 1.413936664 0.181904830 0.654615087 0.726512823 0.102804862
10105.424938803 47.264959185 25.745969108 1.412450490 0.178309868 0.652965978 0.729471497 0.098551290
10105.458272136 47.287532835 25.779833822 1.412447822 0.173287788 0.651488778 0.732631856 0.093724477
10105.491605469 47.308969521 25.815664523 1.414671383 0.168274810 0.650350097 0.735308730 0.089718513
10105.524938803 47.332018577 25.853090682 1.418163619 0.164644375 0.648960948 0.737669947 0.087091715
10105.558272136 47.356034339 25.892186291 1.422778955 0.164302172 0.647301085 0.739154722 0.087500851
10105.591605469 47.376718640 25.925841557 1.427300422 0.167101639 0.645718507 0.739560253 0.090417275
10105.624938803 47.401137840 25.965169147 1.432522143 0.174331442 0.643535882 0.738987992 0.096782564
10105.658272136 47.427429609 26.009295744 1.437727343 0.185701540 0.640569909 0.737498887 0.106209804
10105.691605469 47.451414625 26.046352149 1.441047207 0.198046132 0.637472232 0.735491299 0.116014795
10105.724938803 47.478154758 26.085893305 1.443275144 0.212068089 0.633814352 0.732923930 0.127000024
10105.758272136 47.504792247 26.132586937 1.444551967 0.224790832 0.629998115 0.730543611 0.137395380
10105.791605469 47.525622650 26.168492457 1.444102008 0.232645476 0.627297864 0.729127642 0.144035944
10105.824938803 47.550000950 26.211724097 1.441783223 0.238443658 0.624642347 0.728410888 0.149613297
10105.858272136 47.575903230 26.257483804 1.437811390 0.243090486 0.621860750 0.728222259 0.154559263
10105.891605469 47.596059862 26.293578998 1.433606177 0.246913420 0.619457578 0.728100570 0.158668305
10105.924938803 47.620650793 26.334276794 1.427556508 0.253682475 0.615850300 0.727422214 0.165016761
10105.958272136 47.650483832 26.378018347 1.420618560 0.264904066 0.610667900 0.725584179 0.174465331
10105.991605469 47.675252350 26.412377474 1.415750876 0.276240725 0.605677721 0.723271007 0.183642617
10106.024938803 47.705707943 26.452453057 1.412576162 0.290551623 0.599393519 0.719830901 0.195321883
10106.058272136 47.739840459 26.496610595 1.412516267 0.304862334 0.592887709 0.715843772 0.207631440
10106.091605469 47.767663453 26.532650318 1.415143815 0.314939782 0.588155371 0.712576836 0.217072445
10106.124938803 47.799329054 26.570830215 1.420738995 0.325702227 0.583033090 0.708528577 0.227986251
10106.158272136 47.834741769 26.611047349 1.429176266 0.337129939 0.577531418 0.703650644 0.240159605
10106.191605469 47.866511349 26.645245735 1.437171305 0.348393326 0.572162812 0.698288370 0.252279920
10106.224938803 47.903051748 26.682700782 1.446230612 0.363489899 0.564911418 0.690541336 0.268147061
10106.258272136 47.943429098 26.719577829 1.455923558 0.382302802 0.555342025 0.680282691 0.287498283
10106.291605469 47.975943657 26.746224748 1.462136152 0.398997593 0.546334648 0.670574273 0.304383833
10106.324938803 48.015114967 26.777350119 1.466720242 0.418277725 0.535204911 0.658574288 0.323850822
10106.358272136 48.062952250 26.811438686 1.469774050 0.442563515 0.519703651 0.642310575 0.348543793
10106.391605469 48.100602348 26.836622168 1.470772228 0.461043278 0.506701365 0.628810284 0.367818500
10106.424938803 48.141834100 26.862718418 1.469778335 0.478639722 0.492970812 0.614576306 0.387530333
10106.458272136 48.185975136 26.888445992 1.467736175 0.493703552 0.479704017 0.600487007 0.406885995
10106.491605469 48.220596698 26.908592642 1.465604337 0.502474306 0.470940953 0.590731060 0.420441442
10106.524938803 48.258534265 26.925842887 1.461741430 0.509750326 0.462573358 0.580695648 0.434710315
10106.558272136 48.300952302 26.945260577 1.456838602 0.517558017 0.453085703 0.569252764 0.450331361
10106.591605469 48.334650118 26.959962124 1.452603358 0.525010256 0.443972752 0.558871371 0.463589492
10106.624938803 48.372682579 26.974628304 1.446948437 0.536114856 0.430377427 0.544452975 0.480548738
10106.658272136 48.413012613 26.987420363 1.441888787 0.550140772 0.412556562 0.526321535 0.500127839
10106.691605469 48.446438838 26.996071999 1.439372037 0.562719809 0.395563186 0.509419419 0.517076433
10106.724938803 48.479507625 26.997471754 1.437755699 0.577128018 0.374500862 0.488704930 0.536507079
10106.758272136 48.510805001 26.993214383 1.437441023 0.591363643 0.351283568 0.465871842 0.556643803
10106.791605469 48.537293649 26.991070040 1.438521457 0.601486698 0.333159149 0.447798364 0.571572706
10106.824938803 48.567809162 26.988436341 1.440513207 0.611519381 0.313517101 0.427900003 0.587071258
10106.858272136 48.599236768 26.983363052 1.442446433 0.621570385 0.291804061 0.405819856 0.603167382
10106.891605469 48.624238896 26.978866479 1.443801537 0.628638926 0.275365265 0.388806689 0.614667740
10106.924938803 48.651272912 26.970025351 1.445233209 0.636067088 0.257063563 0.369536418 0.626721485
10106.958272136 48.681666538 26.964735077 1.445439592 0.643083587 0.238623181 0.349650521 0.638159064
10106.991605469 48.708675336 26.957862797 1.445689382 0.648658843 0.223029801 0.332294890 0.647363514
10107.024938803 48.735733412 26.944756461 1.446217113 0.654272419 0.206214971 0.313064094 0.656805802
10107.058272136 48.768049097 26.930563440 1.445889881 0.659448545 0.189191594 0.292638170 0.666105892
10107.091605469 48.799347465 26.912848365 1.446041120 0.663452090 0.174250654 0.273671297 0.674219590
10107.124938803 48.824432421 26.896888352 1.445961586 0.665998124 0.163507162 0.259387271 0.680022170
10107.158272136 48.854093420 26.877700997 1.445379741 0.668411593 0.152296216 0.243872870 0.685972177
10107.191605469 48.883483674 26.856235141 1.444314778 0.670819494 0.140425826 0.227768586 0.691667019
10107.224938803 48.909530332 26.833965328 1.442183113 0.673379429 0.127478562 0.211206392 0.696922680
10107.258272136 48.936060624 26.807778395 1.439358499 0.676538507 0.110441466 0.190766010 0.702642626
10107.291605469 48.960222812 26.779908227 1.437086069 0.679621820 0.090951787 0.168343091 0.708168453
10107.324938803 48.978881857 26.756341223 1.435665242 0.681464748 0.075839809 0.150751237 0.712129332
10107.358272136 49.000132322 26.728665158 1.434945938 0.682453039 0.061470578 0.133041325 0.716086045
10107.391605469 49.022091668 26.694908226 1.434733153 0.682510441 0.048650721 0.115589769 0.720035839
10107.424938803 49.037581487 26.668502542 1.434581878 0.682105972 0.041200668 0.104204348 0.722617050
10107.458272136 49.055254871 26.633270671 1.434437714 0.681306912 0.033257729 0.091067777 0.725549085
10107.491605469 49.072492308 26.592341396 1.434180028 0.680543859 0.022907258 0.075350643 0.728462486
10107.524938803 49.085426391 26.558225038 1.433779785 0.680242559 0.012720557 0.061446081 0.730296260
10107.558272136 49.095943534 26.523938525 1.432541091 0.680254845 -0.000270801 0.045730747 0.731547655
10107.591605469 49.104686476 26.479028918 1.430948313 0.680437244 -0.020343010 0.023473213 0.732147749
10107.624938803 49.108650938 26.445793577 1.429912397 0.680450164 -0.035615457 0.006958049 0.731895278
10107.658272136 49.112258553 26.404630821 1.428223175 0.680579241 -0.052086443 -0.011270407 0.730733794
10107.691605469 49.113719661 26.359860494 1.425527408 0.680675328 -0.065867602 -0.027486941 0.729100147
10107.724938803 49.115374468 26.319307679 1.422990314 0.680982364 -0.073692110 -0.038438578 0.727567845
10107.758272136 49.117324545 26.278673665 1.420340918 0.681540913 -0.077844682 -0.046514991 0.726139480
10107.791605469 49.119521935 26.227517558 1.417269157 0.682275669 -0.079956712 -0.054124750 0.724691208
10107.824938803 49.121107408 26.189816769 1.415139754 0.682701390 -0.081232844 -0.059411455 0.723733595
10107.858272136 49.116817986 26.146375202 1.413637073 0.682551644 -0.084731133 -0.066307990 0.722874221
10107.891605469 49.108927085 26.093314494 1.413602848 0.681602825 -0.092478516 -0.077023163 0.721756708
10107.924938803 49.101031694 26.052802826 1.415403353 0.680220133 -0.101406572 -0.087307326 0.720690439
10107.958272136 49.090854002 26.012395265 1.418839882 0.678111718 -0.113393740 -0.099475765 0.719312817
10107.991605469 49.072913286 25.961256137 1.425559267 0.674230953 -0.132839366 -0.117553665 0.716901291
10108.024938803 49.054835745 25.921909989 1.432506143 0.669974597 -0.151343598 -0.133917683 0.714349500
10108.058272136 49.032659842 25.883896806 1.440237563 0.664232552 -0.173242427 -0.152280747 0.711050457
10108.091605469 49.004937410 25.842768565 1.448805182 0.656489753 -0.199131906 -0.173141848 0.706675024
10108.124938803 48.981443250 25.811981123 1.455182946 0.649808582 -0.218896479 -0.188723316 0.703005440
10108.158272136 48.959080652 25.782291564 1.460367731 0.643117915 -0.236503707 -0.202477929 0.699619920
10108.191605469 48.928694466 25.742263428 1.465057191 0.635290345 -0.255199239 -0.216752344 0.695915187
10108.224938803 48.903880258 25.712023672 1.467578128 0.630213244 -0.266502860 -0.225162813 0.693620357
10108.258272136 48.874263297 25.678644410 1.468580188 0.625961901 -0.275150389 -0.231383936 0.692044389
10108.291605469 48.836121385 25.637530168 1.468191991 0.621575788 -0.283879147 -0.237451669 0.690415002
10108.324938803 48.804666218 25.605263160 1.466656447 0.618410363 -0.290407868 -0.241795336 0.689033314
10108.358272136 48.770539324 25.575000837 1.462990988 0.614738012 -0.298260840 -0.246849457 0.687170280
10108.391605469 48.728313451 25.540024606 1.457352306 0.608689954 -0.311270837 -0.255306481 0.683685313
10108.424938803 48.692665852 25.512173398 1.452168389 0.602304467 -0.324661576 -0.264043573 0.679783187
10108.458272136 48.652725795 25.484482673 1.445988078 0.593806134 -0.341522271 -0.274925419 0.674664974
10108.491605469 48.606361118 25.453670043 1.439261423 0.582931784 -0.361738861 -0.288069640 0.668095363
10108.524938803 48.568318418 25.429861633 1.434937368 0.573940600 -0.377403971 -0.298262969 0.662719874
10108.558272136 48.527463191 25.404635329 1.433056260 0.565356781 -0.391441871 -0.307382914 0.657769501
10108.591605469 48.480595652 25.377173697 1.433471856 0.557228984 -0.403741719 -0.315662625 0.653334211
10108.624938803 48.441597936 25.356624826 1.436016130 0.551740124 -0.411455915 -0.321149517 0.650499695
10108.658272136 48.400735903 25.338079049 1.440383255 0.546653583 -0.418335464 -0.326491390 0.647741207
10108.691605469 48.350197046 25.317646707 1.447086308 0.539720694 -0.427919659 -0.334260979 0.643316358
10108.724938803 48.308077757 25.302409084 1.453315238 0.532985959 -0.437339808 -0.342033414 0.638492759
10108.758272136 48.268493163 25.290109526 1.459055937 0.525363955 -0.447933814 -0.350952434 0.632598136
10108.791605469 48.217633419 25.275394675 1.465303987 0.513709962 -0.463514863 -0.364235744 0.623368567
10108.824938803 48.174973158 25.265478877 1.469066036 0.502552161 -0.477712700 -0.376362993 0.614477664
10108.858272136 48.134174094 25.258215924 1.470630439 0.490328302 -0.492425431 -0.389150089 0.604696253
10108.891605469 48.085924687 25.252216983 1.470227222 0.474898261 -0.509790647 -0.404421275 0.592476642
10108.924938803 48.046415973 25.249494704 1.468344962 0.462226999 -0.523124134 -0.416357266 0.582523793
10108.958272136 48.007942255 25.248129990 1.464938152 0.450685798 -0.534279432 -0.427036638 0.573644062
10108.991605469 47.961850366 25.247862807 1.459441068 0.438325633 -0.544874130 -0.438592532 0.564463828
10109.024938803 47.925341594 25.249146152 1.454787904 0.429541043 -0.551414785 -0.447074704 0.558175990
10109.058272136 47.890569123 25.253021565 1.450330789 0.421652796 -0.556165381 -0.455111901 0.552957635
10109.091605469 47.851409630 25.262172562 1.445458593 0.411622524 -0.561378694 -0.465397118 0.546650146
10109.124938803 47.820141964 25.270987045 1.442364359 0.402209155 -0.566096491 -0.474790605 0.540681459
10109.158272136 47.788429112 25.280634976 1.440957229 0.389515580 -0.573018593 -0.486356118 0.532339207
10109.191605469 47.754512302 25.293722902 1.440371277 0.370770919 -0.583885431 -0.501860503 0.519367658
10109.224938803 47.729520229 25.306824519 1.440479886 0.352497002 -0.594650395 -0.515614262 0.506239769
10109.258272136 47.705881065 25.322769658 1.441466392 -0.330308298 0.607693579 0.530694407 -0.489865684
10109.291605469 47.677990101 25.343662237 1.443243049 -0.301714234 0.623545477 0.548497728 -0.468305244
10109.324938803 47.656369108 25.362603425 1.445238849 -0.278182997 0.635462438 0.562078209 -0.450410698
10109.358272136 47.635124678 25.382798967 1.447939856 -0.257271747 0.644907595 0.573751521 -0.434412975
10109.391605469 47.609627545 25.409167798 1.452200207 -0.234953034 0.653659979 0.586103316 -0.417143390
10109.424938803 47.589435480 25.432648602 1.456080690 -0.218503840 0.659354842 0.595120274 -0.404152353
10109.458272136 47.570959712 25.457509317 1.459749071 -0.204193707 0.664034022 0.602902764 -0.392265222
10109.491605469 47.551683269 25.488262025 1.462981949 -0.188188722 0.669450430 0.611001508 -0.378283339
10109.524938803 47.534600901 25.519719767 1.464739781 -0.172300232 0.675124680 0.618226068 -0.363752423
10109.558272136 47.518462656 25.553832005 1.465059414 -0.154694966 0.681633173 0.625237343 -0.347165595
10109.591605469 47.500266674 25.595744704 1.463299847 -0.132917115 0.689618984 0.632737552 -0.326193023
10109.624938803 47.486122578 25.632218125 1.460513419 -0.113867098 0.696288699 0.638471907 -0.307522284
10109.658272136 47.474011823 25.669529806 1.456638246 -0.094204880 0.702828798 0.643636223 -0.287905425
10109.691605469 47.461866596 25.714822766 1.451185701 -0.071654563 0.709847570 0.648682075 -0.264940778
10109.724938803 47.452894615 25.754666559 1.446156764 -0.052797717 0.715340056 0.652146890 -0.245367965
10109.758272136 47.444266439 25.798907453 1.441146818 -0.032215791 0.721011895 0.655126425 -0.223412975
10109.791605469 47.435727467 25.847586738 1.436983530 -0.010285743 0.726651424 0.657406064 -0.199221432
10109.824938803 47.429749005 25.891651066 1.434412004 0.009255167 0.731231658 0.658714197 -0.176946914
10109.858272136 47.425720140 25.941396478 1.433206407 0.030345359 0.735580546 0.659439271 -0.152119250
10109.891605469 47.423092104 25.993540010 1.433880360 0.051103596 0.739234548 0.659438607 -0.126733696
10109.924938803 47.422729417 26.042330213 1.435720677 0.070420235 0.742004249 0.658793088 -0.102285640
10109.958272136 47.425391126 26.095047593 1.438482275 0.091536526 0.744198654 0.657412400 -0.074822212
10109.991605469 47.431441590 26.150873169 1.441992139 0.114101027 0.745489377 0.655144065 -0.044864220
10110.024938803 47.438194620 26.197158339 1.444925148 0.132708407 0.745679554 0.652659219 -0.019657730
10110.058272136 47.447383550 26.245182909 1.446907451 0.151933748 0.744976711 0.649520626 0.006985119
10110.091605469 47.460344802 26.298243045 1.447885870 0.172246426 0.743172360 0.645570042 0.035571516
10110.124938803 47.473120976 26.344390069 1.447160403 0.189442455 0.740737514 0.641700951 0.060327275
10110.158272136 47.487343521 26.392466003 1.443685035 0.205999487 0.737401089 0.637614390 0.085157126
10110.191605469 47.504058872 26.445970441 1.437324782 0.221500979 0.733213723 0.633494049 0.109636867
10110.224938803 47.518981961 26.490295614 1.431431338 0.232113398 0.729550387 0.630539760 0.127668376
10110.258272136 47.536902631 26.538015971 1.425543860 0.240624802 0.725956412 0.628039631 0.143712262
10110.291605469 47.560780346 26.594363105 1.419281770 0.250224455 0.721387249 0.625331500 0.161085921
10110.324938803 47.582773013 26.640406906 1.414753178 0.259087075 0.716933947 0.622951009 0.175532459
10110.358272136 47.605178781 26.682714945 1.412036151 0.269152775 0.711864674 0.620296863 0.189834851
10110.391605469 47.632043900 26.731415414 1.411530230 0.282689154 0.704932032 0.616598636 0.207277097
10110.424938803 47.657875958 26.777309154 1.412836146 0.296026279 0.697781003 0.612790020 0.223513993
10110.458272136 47.684364635 26.822636132 1.416183861 0.309158308 0.690400517 0.608982369 0.238555532
10110.491605469 47.713286361 26.867069120 1.422158513 0.323030535 0.682419973 0.604797850 0.253325511
10110.524938803 47.737259575 26.901187790 1.427603305 0.334691372 0.675640453 0.601135140 0.264817310
10110.558272136 47.761204284 26.935708984 1.432766497 0.346345455 0.668850748 0.597381986 0.275351169
10110.591605469 47.787686327 26.974844069 1.439067200 0.357409062 0.662036371 0.594171678 0.284476051
10110.624938803 47.808862201 27.008004638 1.443787233 0.364469812 0.657264560 0.592759679 0.289484053
10110.658272136 47.830401782 27.041243293 1.447393646 0.371081768 0.652391939 0.592262736 0.293100548
10110.691605469 47.854496113 27.075706926 1.449804939 0.380147165 0.645772147 0.591617343 0.297414503
10110.724938803 47.874310163 27.102143085 1.449785741 0.389328708 0.639212319 0.590668630 0.301564817
10110.758272136 47.893817503 27.127690105 1.448390620 0.400987271 0.631029282 0.589076909 0.306593622
10110.791605469 47.914817058 27.155118689 1.445563844 0.416438842 0.620088625 0.586841201 0.312547905
10110.824938803 47.930966723 27.175382949 1.441927017 0.429847310 0.610337517 0.585065768 0.316887129
10110.858272136 47.946806469 27.195955122 1.437130841 0.443630858 0.599934459 0.584029903 0.319655093
10110.891605469 47.963620603 27.218717973 1.430549568 0.458647756 0.587879905 0.584245103 0.320463902
10110.924938803 47.976291314 27.237747869 1.425066757 0.469749432 0.578289805 0.585962633 0.318691333
10110.958272136 47.988296458 27.260369288 1.419344824 0.479282110 0.569146429 0.589864557 0.313720904
10110.991605469 48.001302226 27.289453781 1.412655908 0.488937358 0.558946170 0.596048219 0.305362012
10111.024938803 48.011801454 27.313913614 1.407699115 0.496481908 0.550687598 0.601524045 0.297351151
10111.058272136 48.022660741 27.337823169 1.402541745 0.505877461 0.541275611 0.606546023 0.288462526
10111.091605469 48.035824391 27.366439323 1.396924732 0.517851514 0.530010476 0.611366931 0.277757413
10111.124938803 48.046802949 27.391839434 1.392855939 0.527709135 0.521203341 0.614635771 0.268501425
10111.158272136 48.058388906 27.417650013 1.389150715 0.535876659 0.513923012 0.618106534 0.258193060
10111.191605469 48.074549519 27.454630245 1.385049377 0.541731442 0.507578102 0.624638716 0.242317952
10111.224938803 48.091598271 27.496051873 1.380883488 0.541617969 0.504350391 0.634686415 0.222382135
10111.258272136 48.104438830 27.528453167 1.377008810 0.536857534 0.503829313 0.645181304 0.204159486
10111.291605469 48.116064568 27.565230816 1.372370033 0.527419531 0.504802891 0.658352330 0.183234520
10111.324938803 48.128753257 27.610387610 1.364970630 0.511766849 0.506463647 0.676047117 0.156683001
10111.358272136 48.138277930 27.647127158 1.356537387 0.494618498 0.507822929 0.692667770 0.132965313
10111.391605469 48.146088287 27.686496118 1.346107743 0.472666351 0.508963406 0.711331353 0.107473151
10111.424938803 48.154660744 27.733847913 1.332130028 0.443686334 0.509185556 0.733428923 0.077165544
10111.458272136 48.160895704 27.773566485 1.319450119 0.418478850 0.508113277 0.750951167 0.052618380
10111.491605469 48.165493186 27.817066801 1.305681207 0.392615135 0.505573285 0.767750078 0.028439866
10111.524938803 48.171927008 27.872209001 1.288697690 0.364043306 0.501242551 0.784999634 0.001987728
10111.558272136 48.177187814 27.918224445 1.274610215 0.343549302 0.496783786 0.796798320 -0.017093403
10111.591605469 48.180555658 27.964193374 1.262068402 0.327255556 0.491940896 0.806119565 -0.032698670
10111.624938803 48.184322874 28.020427132 1.250553697 0.312074825 0.486668464 0.814548210 -0.047689863
10111.658272136 48.186610590 28.063728900 1.243925656 0.303129993 0.482985111 0.819501257 -0.057055056
10111.691605469 48.187111941 28.106748192 1.239057639 0.297938519 0.479771391 0.822773555 -0.063997877
10111.724938803 48.186674997 28.165214265 1.235069253 0.295387821 0.476749841 0.824916529 -0.070486482
10111.758272136 48.185855198 28.215081876 1.233311196 0.296653768 0.475442025 0.824933899 -0.073725739
10111.791605469 48.184581366 28.262964059 1.232310476 0.300378172 0.475656657 0.823361031 -0.074835222
10111.824938803 48.182889840 28.319235573 1.231125824 0.304917688 0.476980839 0.820871963 -0.075390336
10111.858272136 48.180374677 28.362838514 1.230115161 0.307195803 0.478602154 0.819044684 -0.075739830
10111.891605469 48.174859278 28.415138957 1.229350938 0.304938194 0.481243780 0.818187615 -0.077370208
10111.924938803 48.165363709 28.480082392 1.228762930 0.297500390 0.485206641 0.818247631 -0.080863138
10111.958272136 48.154772423 28.529756263 1.227426572 0.288800124 0.488761334 0.818905556 -0.084264686
10111.991605469 48.143451921 28.575320815 1.225417168 0.280477022 0.492099699 0.819489421 -0.087221649
10112.024938803 48.124405598 28.628800966 1.223214244 0.269999823 0.496066512 0.820239694 -0.090691543
10112.058272136 48.104882485 28.675004764 1.219557215 0.260689063 0.499288021 0.820951637 -0.093760831
10112.091605469 48.086264904 28.713870207 1.217574157 0.251795411 0.501792114 0.821811999 -0.097101928
10112.124938803 48.062133316 28.760933914 1.216347824 0.239937902 0.504602574 0.823012296 -0.102258523
10112.158272136 48.038654466 28.809648989 1.214199055 0.228394605 0.507180114 0.823988020 -0.107925805
10112.191605469 48.014025856 28.860082485 1.214966796 0.217480831 0.509750982 0.824540386 -0.113970067
10112.224938803 47.986346249 28.918908921 1.218262699 0.208140890 0.513123521 0.824006631 -0.119977894
10112.258272136 47.962989346 28.972323113 1.222109892 0.204248446 0.516779365 0.822155514 -0.123620266
10112.291605469 47.941693333 29.025122017 1.226580481 0.206497936 0.520798686 0.818885892 -0.124712579
10112.324938803 47.916580973 29.087627503 1.231770625 0.213284373 0.525410405 0.814204450 -0.124598538
10112.358272136 47.893918720 29.139107585 1.236407791 0.219645935 0.528908008 0.810204550 -0.124822149
10112.391605469 47.871177934 29.185866809 1.241036797 0.223070151 0.531475911 0.807229058 -0.127099615
10112.424938803 47.845056612 29.244678051 1.245086447 0.223266654 0.533947906 0.804671049 -0.132499576
10112.458272136 47.822707588 29.293792472 1.248197513 0.220460631 0.535604499 0.803197774 -0.139277663
10112.491605469 47.799994711 29.339310928 1.251701916 0.215637642 0.536912673 0.802111667 -0.147790607
10112.524938803 47.773630387 29.395770119 1.254934639 0.209289831 0.538542252 0.800640297 -0.158572143
10112.558272136 47.749879273 29.442185178 1.257283039 0.203882825 0.540089965 0.799105823 -0.167822842
10112.591605469 47.723655514 29.486659998 1.258385655 0.199166493 0.541939916 0.797095745 -0.176839502
10112.624938803 47.691344024 29.539295689 1.257457539 0.194431929 0.544485299 0.794215587 -0.186958783
10112.658272136 47.662258094 29.584642494 1.254412899 0.190681239 0.546907911 0.791434905 -0.195354018
10112.691605469 47.631231493 29.629943585 1.249155628 0.186577145 0.549393504 0.788546379 -0.203839041
10112.724938803 47.593253593 29.681181910 1.240382898 0.181158861 0.552173231 0.785187079 -0.213933263
10112.758272136 47.559339861 29.724709755 1.230758295 0.175818091 0.554414980 0.782329765 -0.222872539
10112.791605469 47.523816712 29.769004700 1.219534522 0.169358138 0.556591590 0.779449950 -0.232338974
10112.824938803 47.481246011 29.819473165 1.205999979 0.161291907 0.559162303 0.775937690 -0.243399138
10112.858272136 47.443368112 29.860992744 1.195335310 0.154454407 0.561538284 0.772742670 -0.252363543
10112.891605469 47.403693643 29.902949431 1.186585567 0.147787655 0.564393412 0.769227639 -0.260591105
10112.924938803 47.354230220 29.955021934 1.179507368 0.139387836 0.568262317 0.764781664 -0.269736865
10112.958272136 47.310983776 29.998403522 1.176594339 0.131280257 0.571530580 0.761046632 -0.277355934
10112.991605469 47.267841729 30.038310702 1.177592810 0.121541502 0.574177129 0.757819633 -0.285057348
10113.024938803 47.210471745 30.087617076 1.182955858 0.106998651 0.576821302 0.754099405 -0.295233063
10113.058272136 47.159094786 30.127183120 1.189621591 0.093010826 0.578545448 0.751022393 -0.304301686
10113.091605469 47.113656920 30.159136187 1.196665365 0.080726499 0.579898818 0.748388634 -0.311632871
10113.124938803 47.053689182 30.197082699 1.207214693 0.065815502 0.581837276 0.744910601 -0.319752874
10113.158272136 46.997469597 30.230316882 1.216193359 0.053368903 0.583908603 0.741524011 -0.326105266
10113.191605469 46.947231952 30.257908817 1.222247513 0.044585718 0.586440459 0.738346276 -0.330067385
10113.224938803 46.887054577 30.291416451 1.226912915 0.036373413 0.590256203 0.734427130 -0.333003575
10113.258272136 46.834541063 30.322084266 1.228219366 0.031116277 0.594162701 0.730994375 -0.334140219
10113.291605469 46.782937610 30.349409447 1.227946036 0.027492336 0.598288918 0.727764793 -0.334145100
10113.324938803 46.721156876 30.380983375 1.226166658 0.023691485 0.602969163 0.724164973 -0.333844268
10113.358272136 46.666202609 30.409069568 1.223614204 0.019673220 0.606357926 0.721299503 -0.334170700
10113.391605469 46.611027292 30.436452091 1.220785315 0.013450965 0.608140328 0.718907523 -0.336387257
10113.424938803 46.549783412 30.465342771 1.217785820 0.004467938 0.608561796 0.716626922 -0.340702851
10113.458272136 46.495347087 30.487990887 1.216176463 -0.004599345 0.607917222 0.714850371 -0.345549480
10113.491605469 46.439915653 30.509501825 1.216215526 -0.012583584 0.607433473 0.713135126 -0.349720632
10113.524938803 46.377288561 30.534205166 1.218207937 -0.017693974 0.608329756 0.711323233 -0.351626349
10113.558272136 46.322726725 30.554902083 1.221759491 -0.018795139 0.610447163 0.709832403 -0.350911619
10113.591605469 46.272828425 30.574651445 1.225897834 -0.017288948 0.613358509 0.708438557 -0.348722300
10113.624938803 46.217119631 30.600254066 1.230261619 -0.014404650 0.616983753 0.706861752 -0.345644352
10113.658272136 46.168382564 30.623293220 1.234842502 -0.011263529 0.620205704 0.705452018 -0.342863628
10113.691605469 46.122699323 30.644410072 1.239671956 -0.008140898 0.623137099 0.704055196 -0.340499872
10113.724938803 46.073235630 30.668537624 1.243766352 -0.004804072 0.625973663 0.702599855 -0.338359775
10113.758272136 46.025023337 30.689637274 1.246984058 -0.001799703 0.628133916 0.701429496 -0.336810344
10113.791605469 45.978418231 30.708764575 1.247982409 0.000760896 0.629444525 0.700709668 -0.335864513
10113.824938803 45.928677819 30.729281150 1.245951131 0.002782186 0.629867643 0.700304704 -0.335905245
10113.858272136 45.886317050 30.745419525 1.242058039 0.003160139 0.629165282 0.700242688 -0.337344392
10113.891605469 45.846753966 30.758869886 1.236747923 0.001222896 0.627207675 0.700452196 -0.340552138
10113.924938803 45.798880790 30.774827565 1.228942924 -0.003955257 0.623366912 0.700924429 -0.346558789
10113.958272136 45.748502498 30.791480726 1.220154318 -0.011712071 0.618227178 0.701524099 -0.354290732
10113.991605469 45.696755385 30.808334805 1.210479686 -0.020847697 0.612395870 0.702067565 -0.362819246
10114.024938803 45.637724460 30.828590912 1.200280521 -0.029664509 0.606599101 0.702557603 -0.370904790
10114.058272136 45.585839856 30.847770189 1.193015955 -0.034297948 0.603216266 0.702939232 -0.375273530
10114.091605469 45.540766056 30.864199703 1.188585656 -0.034200270 0.602776219 0.703128423 -0.375634918
10114.124938803 45.483737371 30.885023026 1.186201230 -0.029455242 0.605078972 0.703254322 -0.372082229
10114.158272136 45.429959264 30.904968191 1.187227338 -0.022887891 0.608530631 0.703332611 -0.366728583
10114.191605469 45.381924398 30.922303333 1.191868399 -0.017875436 0.611464870 0.703441573 -0.361885528
10114.224938803 45.326833924 30.941455877 1.199223878 -0.014017318 0.614062161 0.703728328 -0.357068084
10114.258272136 45.276393527 30.957429731 1.207886934 -0.012420978 0.615421252 0.704266735 -0.353710005
10114.291605469 45.223168585 30.972181166 1.218632907 -0.012603975 0.615719594 0.705249069 -0.351218267
10114.324938803 45.167098541 30.985637697 1.230583813 -0.014928452 0.614778858 0.706746929 -0.349761170
10114.358272136 45.116918224 30.995884863 1.240890957 -0.019121916 0.612685770 0.708409209 -0.349866962
10114.391605469 45.064587849 31.006037621 1.250385099 -0.024571106 0.609709659 0.710393883 -0.350700619
10114.424938803 45.010658315 31.015763294 1.258899540 -0.029267360 0.606781343 0.712695644 -0.350748832
10114.458272136 44.963597944 31.024452656 1.263824649 -0.030671278 0.605391328 0.714770984 -0.348802313
10114.491605469 44.914504356 31.034174151 1.266154712 -0.029161354 0.605486309 0.716771001 -0.344637893
10114.524938803 44.857975579 31.046186717 1.267568313 -0.025493858 0.606765634 0.718968193 -0.338038852
10114.558272136 44.804259248 31.058454853 1.268283147 -0.021957244 0.608327986 0.720876153 -0.331349534
10114.591605469 44.756300556 31.070776038 1.268331901 -0.020218987 0.609372151 0.722418299 -0.326141957
10114.624938803 44.694196475 31.088414842 1.268716639 -0.020373910 0.610161945 0.724264138 -0.320513280
10114.658272136 44.634818694 31.103778698 1.270632280 -0.021936775 0.610741557 0.725891525 -0.315586790
10114.691605469 44.586827536 31.114480176 1.274159539 -0.023243115 0.611461154 0.727172403 -0.311119448
10114.724938803 44.525392443 31.128396592 1.280545112 -0.024847102 0.612786145 0.728704184 -0.304739191
10114.758272136 44.466210334 31.142018001 1.287937880 -0.026586976 0.614196456 0.730061001 -0.298440583
10114.791605469 44.415485548 31.154283513 1.295233129 -0.029145566 0.615292568 0.731048529 -0.293485333
10114.824938803 44.354618238 31.170213272 1.304497797 -0.033863637 0.616441129 0.731932481 -0.288320017
10114.858272136 44.302090214 31.184526949 1.312585662 -0.039308737 0.617323177 0.732393050 -0.284547605
10114.891605469 44.250535090 31.198451434 1.319931465 -0.045295075 0.618268686 0.732591271 -0.281073333
10114.924938803 44.190353820 31.215027664 1.326973786 -0.052560967 0.619556868 0.732587738 -0.276950967
10114.958272136 44.137711065 31.229818347 1.331249317 -0.059018034 0.620758211 0.732419630 -0.273381786
10114.991605469 44.087676575 31.243909862 1.332783516 -0.065586781 0.621748098 0.732121506 -0.270417784
10115.024938803 44.029195916 31.261090742 1.331953379 -0.074690866 0.622626728 0.731452297 -0.267833474
10115.058272136 43.977217031 31.276482724 1.328749302 -0.083893278 0.622983078 0.730625522 -0.266533954
10115.091605469 43.925450564 31.290710061 1.323996942 -0.094113210 0.622820002 0.729623691 -0.266246536
10115.124938803 43.863203867 31.308008868 1.316769234 -0.107335521 0.622389163 0.728034460 -0.266602027
10115.158272136 43.806668037 31.324264451 1.309125849 -0.118590133 0.622230093 0.726430950 -0.266578632
10115.191605469 43.752873866 31.340364390 1.301979052 -0.126483110 0.623075771 0.725055020 -0.264714610
10115.224938803 43.691707875 31.359731195 1.295280566 -0.132047409 0.625411670 0.723718243 -0.260106958
10115.258272136 43.639515350 31.377247370 1.291501268 -0.134321676 0.628478256 0.722720813 -0.254258524
10115.291605469 43.587991416 31.394484061 1.290526954 -0.135819803 0.631656828 0.721792989 -0.248148168
10115.324938803 43.524164407 31.414461522 1.291791325 -0.139327561 0.635035849 0.720412034 -0.241503216
10115.358272136 43.463206309 31.432007515 1.295333883 -0.145140162 0.637372521 0.718828685 -0.236592317
10115.391605469 43.407578943 31.446810167 1.300251630 -0.152036021 0.638881226 0.717214698 -0.233064162
10115.424938803 43.349280202 31.460952279 1.306531059 -0.159585878 0.640395442 0.715438464 -0.229289837
10115.458272136 43.285815534 31.475601375 1.314183771 -0.167005572 0.642215535 0.713689537 -0.224311369
10115.491605469 43.229087058 31.488716154 1.320863354 -0.172406959 0.643960494 0.712419937 -0.219199810
10115.524938803 43.176637701 31.501153941 1.325231412 -0.176174292 0.645639775 0.711537774 -0.214069841
10115.558272136 43.114519120 31.516380067 1.327971420 -0.179532134 0.647562053 0.710852100 -0.207655707
10115.591605469 43.061233935 31.529629105 1.327768761 -0.181461370 0.649026857 0.710650192 -0.202020331
10115.624938803 43.012544413 31.541592362 1.325125869 -0.182882441 0.649957966 0.710783524 -0.197219260
10115.658272136 42.957984827 31.554813060 1.320158531 -0.184794114 0.650516032 0.711054730 -0.192564791
10115.691605469 42.910379687 31.566071973 1.314127449 -0.187082601 0.650460114 0.711339143 -0.189468637
10115.724938803 42.862984879 31.576878129 1.307541942 -0.189464872 0.650013440 0.711792695 -0.186913747
10115.758272136 42.810691041 31.588470427 1.300327081 -0.190314521 0.649493314 0.712985522 -0.183277014
10115.791605469 42.759188195 31.599631049 1.294179686 -0.188398153 0.649386234 0.714906513 -0.178079568
10115.824938803 42.716767267 31.608886941 1.290850267 -0.182552692 0.650025214 0.717532086 -0.171141585
10115.858272136 42.667244846 31.620026889 1.289013124 -0.172045966 0.651234721 0.721386278 -0.160920357
10115.891605469 42.624388771 31.629376560 1.289123740 -0.161698397 0.652370213 0.724727082 -0.151780727
10115.924938803 42.588242654 31.637512326 1.290058938 -0.154050039 0.653034300 0.727083443 -0.145480091
10115.958272136 42.542675745 31.647996734 1.291978967 -0.147933688 0.653153402 0.729141283 -0.140922839
10115.991605469 42.496899581 31.658200914 1.294435681 -0.145595459 0.652734112 0.730240987 -0.139600293
10116.024938803 42.458374168 31.667335682 1.296308886 -0.147147269 0.652055219 0.730181149 -0.141446677
10116.058272136 42.411189722 31.678855583 1.297835252 -0.150311794 0.651168452 0.729620448 -0.145051762
10116.091605469 42.370839447 31.689290782 1.297789409 -0.152900414 0.650596567 0.728940947 -0.148292504
10116.124938803 42.335849072 31.699891609 1.295867058 -0.153919030 0.650565517 0.728281536 -0.150596964
10116.158272136 42.292172795 31.712499711 1.292432907 -0.153866799 0.650905859 0.727559208 -0.152657030
10116.191605469 42.250071194 31.723760521 1.288105603 -0.153255251 0.651454036 0.726868062 -0.154218312
10116.224938803 42.213364447 31.733352384 1.282779142 -0.153384540 0.652001486 0.725960374 -0.156040954
10116.258272136 42.166824980 31.746554530 1.274770608 -0.155941152 0.652485519 0.724088275 -0.160128619
10116.291605469 42.118162975 31.760332211 1.266393951 -0.161161828 0.652683840 0.721442264 -0.165987135
10116.324938803 42.076440108 31.771820317 1.259752917 -0.166987355 0.652756698 0.718703430 -0.171724477
10116.358272136 42.026577025 31.786313524 1.252190109 -0.173638001 0.653188102 0.715122084 -0.178313074
10116.391605469 41.977520403 31.798796237 1.247571292 -0.178852324 0.653938204 0.711868676 -0.183356648
10116.424938803 41.931263143 31.808917174 1.246416958 -0.182845618 0.654760742 0.709149880 -0.186982080
10116.458272136 41.878765508 31.820161270 1.247231499 -0.188086222 0.655616385 0.705796089 -0.191422591
10116.491605469 41.830329341 31.829078573 1.250120252 -0.194153252 0.656007306 0.702484014 -0.196150808
10116.524938803 41.780475490 31.836198246 1.254484705 -0.201067107 0.655971568 0.699092009 -0.201354621
10116.558272136 41.726354976 31.843045396 1.259903442 -0.208990111 0.655703430 0.695307728 -0.207179411
10116.591605469 41.668107466 31.849030554 1.265926330 -0.217227037 0.655221173 0.691450669 -0.213057742
10116.624938803 41.613353185 31.853166656 1.270998417 -0.224556143 0.654637560 0.688046661 -0.218210898
10116.658272136 41.552751170 31.856956321 1.275158713 -0.232329259 0.653820947 0.684427262 -0.223831651
10116.691605469 41.495981055 31.859460925 1.277570349 -0.239188176 0.652857305 0.681269306 -0.228994514
10116.724938803 41.447676400 31.860930182 1.277597363 -0.244268380 0.651873693 0.679017122 -0.233086669
10116.758272136 41.386273257 31.862170075 1.275390081 -0.249709709 0.650516029 0.676694556 -0.237820171
10116.791605469 41.324573140 31.861599589 1.271991119 -0.254022061 0.649052057 0.675018361 -0.241980231
10116.824938803 41.275794890 31.860408329 1.268054763 -0.256235296 0.647915848 0.674305488 -0.244664335
10116.858272136 41.212509463 31.859355927 1.262055289 -0.258242154 0.646453624 0.673791516 -0.247817865
10116.891605469 41.152602569 31.857485591 1.257209351 -0.259432778 0.645037052 0.673635263 -0.250673826
10116.924938803 41.106533552 31.854903736 1.254786081 -0.258922661 0.644254701 0.674013673 -0.252191403
10116.958272136 41.051503544 31.851458240 1.253689421 -0.255279512 0.644176038 0.675502356 -0.252123322
10116.991605469 40.997623869 31.847270679 1.255753981 -0.248123481 0.645124221 0.678122747 -0.249797954
10117.024938803 40.949987164 31.841829062 1.259728364 -0.239386782 0.646595579 0.681104123 -0.246384456
10117.058272136 40.896817294 31.834842553 1.264957881 -0.229951097 0.647937370 0.684186292 -0.243287434
10117.091605469 40.846797887 31.830063034 1.270707313 -0.223561668 0.648283397 0.686226307 -0.242574263
10117.124938803 40.805189048 31.824531609 1.276090608 -0.221571653 0.647295095 0.686922621 -0.245055862
10117.158272136 40.755560866 31.816481634 1.282335345 -0.223198951 0.644646375 0.686613360 -0.251347117
10117.191605469 40.709983513 31.810546021 1.286484542 -0.227773774 0.641246720 0.685347429 -0.259269462
10117.224938803 40.670752688 31.804964692 1.288352845 -0.233232106 0.637924118 0.683693952 -0.266867352
10117.258272136 40.620352564 31.798206620 1.288523580 -0.240325086 0.633748608 0.681330839 -0.276396172
10117.291605469 40.567938224 31.791525123 1.286552618 -0.247051201 0.629838497 0.678876589 -0.285299404
10117.324938803 40.524802003 31.786619563 1.282596654 -0.251502398 0.627404043 0.676991871 -0.291191890
10117.358272136 40.468954947 31.781834414 1.275798031 -0.256661734 0.624902800 0.674490933 -0.297797290
10117.391605469 40.416970945 31.777967596 1.268778970 -0.261692032 0.622772234 0.671932928 -0.303608572
10117.424938803 40.370682302 31.773932579 1.263112381 -0.267373959 0.620643125 0.669050514 -0.309329415
10117.458272136 40.309579111 31.770081741 1.256256629 -0.275348981 0.617898845 0.664798382 -0.316902300
10117.491605469 40.250420661 31.766228729 1.250775587 -0.282395054 0.615725807 0.660681413 -0.323473081
10117.524938803 40.199416604 31.762745972 1.247783775 -0.286230762 0.615019627 0.657695611 -0.327504646
10117.558272136 40.135947553 31.760048283 1.245625289 -0.288034538 0.615827402 0.654742102 -0.330311210
10117.591605469 40.080377578 31.758635624 1.245618103 -0.286923303 0.618015587 0.652886106 -0.330864752
10117.624938803 40.030162660 31.757411615 1.247735639 -0.284777066 0.620534176 0.651547918 -0.330642813
10117.658272136 39.967579081 31.754462579 1.252406494 -0.282819639 0.623249413 0.649702865 -0.330846501
10117.691605469 39.912205943 31.750112827 1.257996359 -0.282626112 0.624649391 0.647761284 -0.332176065
10117.724938803 39.862794679 31.743914187 1.263895818 -0.284457978 0.624575835 0.645570882 -0.335002868
10117.758272136 39.801066210 31.734821445 1.271573436 -0.289213574 0.622940927 0.642175094 -0.340457427
10117.791605469 39.745070600 31.724831679 1.278037009 -0.295901721 0.619865508 0.638446785 -0.347267371
10117.824938803 39.695625664 31.714053573 1.281976760 -0.303977774 0.615609985 0.634535965 -0.354945021
10117.858272136 39.630714390 31.699186710 1.284786077 -0.315985030 0.608637837 0.628975306 -0.366201460
10117.891605469 39.574367270 31.684999487 1.284856980 -0.327555536 0.601257299 0.623786687 -0.376944559
10117.924938803 39.524840406 31.670485628 1.283066932 -0.338076409 0.593945535 0.619284097 -0.386549155
10117.958272136 39.461649787 31.651094201 1.279570242 -0.350609085 0.584564980 0.614043290 -0.397879244
10117.991605469 39.405702433 31.632169351 1.275991062 -0.360656835 0.576433166 0.610002709 -0.406876084
10118.024938803 39.359207222 31.616415373 1.272400038 -0.367363768 0.570426692 0.607644639 -0.412825924
10118.058272136 39.304506300 31.596820607 1.268376657 -0.373263585 0.564453383 0.606100024 -0.417982577
10118.091605469 39.252637417 31.576923990 1.265760961 -0.376646152 0.560160278 0.606065961 -0.420763816
10118.124938803 39.201698403 31.559023051 1.264912733 -0.377707636 0.557757380 0.607270033 -0.421268030
10118.158272136 39.147819315 31.540296621 1.265927221 -0.377151866 0.556604582 0.609465631 -0.420118380
10118.191605469 39.099609424 31.524178817 1.268323652 -0.376132863 0.556199608 0.611679053 -0.418347705
10118.224938803 39.052930382 31.509350992 1.271269714 -0.375927524 0.555559556 0.613356655 -0.416924082
10118.258272136 39.002137610 31.491501885 1.274765333 -0.377343288 0.554024323 0.614333613 -0.416249090
10118.291605469 38.947352289 31.474199022 1.278492583 -0.380548373 0.551663380 0.614335294 -0.416464402
10118.324938803 38.901565632 31.461090744 1.280389930 -0.384645773 0.549225757 0.613466872 -0.417201502
10118.358272136 38.845061871 31.445591955 1.281144377 -0.390232838 0.546242459 0.612022547 -0.418050128
10118.391605469 38.796243643 31.432663023 1.280137390 -0.394889713 0.544173369 0.610749189 -0.418237836
10118.424938803 38.750609548 31.419918537 1.277694407 -0.398647525 0.542993335 0.609863320 -0.417498646
10118.458272136 38.699792910 31.406752795 1.272844583 -0.401989870 0.542685974 0.609196054 -0.415663621
10118.491605469 38.649387369 31.394988346 1.265781936 -0.404906675 0.543078370 0.608598317 -0.413188284
10118.524938803 38.603008993 31.384342112 1.258071363 -0.408134396 0.543536639 0.607526435 -0.410981592
10118.558272136 38.546693246 31.372554031 1.247708077 -0.413629938 0.543588980 0.604997545 -0.409144554
10118.591605469 38.487035844 31.360665481 1.236272720 -0.420987715 0.543076688 0.601075649 -0.408099398
10118.624938803 38.437698126 31.351252178 1.226907486 -0.427646115 0.542696877 0.597122380 -0.407484678
10118.658272136 38.373830721 31.339979306 1.215822611 -0.434581933 0.543658806 0.592652996 -0.405383858
10118.691605469 38.316034944 31.330780543 1.207770100 -0.437337098 0.547066089 0.590419406 -0.401073413
10118.724938803 38.266609322 31.324281721 1.203903365 -0.435438841 0.552801225 0.590828596 -0.394620567
10118.758272136 38.203056228 31.316824339 1.202380448 -0.430597311 0.561662845 0.592419363 -0.384915709
10118.791605469 38.145958812 31.310225692 1.204403629 -0.426431825 0.569110335 0.593466312 -0.376917844
10118.824938803 38.096315987 31.303843690 1.207960731 -0.425024331 0.573862336 0.592957677 -0.372071944
10118.858272136 38.034518456 31.294804027 1.214329531 -0.425917979 0.577661443 0.590704681 -0.368739898
10118.891605469 37.978293437 31.285055557 1.221163636 -0.428789958 0.579155449 0.587684682 -0.367892447
10118.924938803 37.930271317 31.275799447 1.227077854 -0.432053422 0.579551603 0.584865557 -0.367943012
10118.958272136 37.872114143 31.264230386 1.233985274 -0.435240035 0.580046811 0.582239700 -0.367571410
10118.991605469 37.818518944 31.253151033 1.239870767 -0.436358586 0.581396329 0.581289175 -0.365612346
10119.024938803 37.769179073 31.243899583 1.243207333 -0.434594575 0.583909473 0.582608959 -0.361585515
10119.058272136 37.702564402 31.232188727 1.245152115 -0.429464058 0.588330231 0.586530423 -0.354133061
10119.091605469 37.648268499 31.221313264 1.244858376 -0.422782359 0.592927002 0.591746547 -0.345729188
10119.124938803 37.603149373 31.210964810 1.242184280 -0.417094229 0.596250560 0.596446067 -0.338776862
10119.158272136 37.544431794 31.196227292 1.236585725 -0.411968514 0.598606078 0.601521904 -0.331849523
10119.191605469 37.490315904 31.181501462 1.229876333 -0.410704382 0.598282861 0.604619744 -0.328351176
10119.224938803 37.442219119 31.167351165 1.223236902 -0.413214119 0.595585713 0.605598065 -0.328302809
10119.258272136 37.383723680 31.147757900 1.215333354 -0.419335412 0.590354304 0.605349640 -0.330441253
10119.291605469 37.328126805 31.129205182 1.209052102 -0.426223090 0.584796512 0.604609103 -0.332858454
10119.324938803 37.278645377 31.112867590 1.205610673 -0.430721509 0.580809025 0.605043691 -0.333259643
10119.358272136 37.218788286 31.094201257 1.203413942 -0.433163525 0.577787654 0.607468888 -0.330926484
10119.391605469 37.163433324 31.078282621 1.203627921 -0.433258871 0.576375728 0.610986700 -0.326761417
10119.424938803 37.116566993 31.064577109 1.205024899 -0.432911116 0.575430588 0.614262176 -0.322722146
10119.458272136 37.058062765 31.047427231 1.207329931 -0.433213931 0.573783557 0.617852591 -0.318365034
10119.491605469 36.999756187 31.031677843 1.210649324 -0.435461282 0.571194807 0.619872053 -0.316019941
10119.524938803 36.946855350 31.018061909 1.214106708 -0.438928443 0.568226911 0.620473202 -0.315393414
10119.558272136 36.904656314 31.007946037 1.217294374 -0.441742572 0.565874521 0.620628138 -0.315389032
10119.591605469 36.852220171 30.996749060 1.221086478 -0.444284331 0.563560502 0.620960219 -0.315308421
10119.624938803 36.796273630 30.986280024 1.224356047 -0.445958439 0.561726747 0.621502944 -0.315147939
10119.658272136 36.756527635 30.979735440 1.225492502 -0.446964973 0.560558950 0.621664572 -0.315482386
10119.691605469 36.707652537 30.972348943 1.225489637 -0.449014013 0.558701764 0.621029600 -0.317113530
10119.724938803 36.654213165 30.965552684 1.223827010 -0.452781930 0.555827135 0.619095308 -0.320570928
10119.758272136 36.612704595 30.960829170 1.221154834 -0.457951629 0.552359712 0.615853562 -0.325428094
10119.791605469 36.558552788 30.955058396 1.216535320 -0.466735688 0.546679393 0.609881406 -0.333682648
10119.824938803 36.509554366 30.950691727 1.211558195 -0.475813537 0.540827738 0.603225358 -0.342382832
10119.858272136 36.468754810 30.948084202 1.207221510 -0.482957547 0.536161996 0.597486922 -0.349702302
10119.891605469 36.415250572 30.944372232 1.203521597 -0.489901446 0.531535916 0.591108388 -0.357850549
10119.924938803 36.365933710 30.941931594 1.201829098 -0.493393908 0.529135541 0.586774867 -0.363693948
10119.958272136 36.324485820 30.940511517 1.201853786 -0.494859305 0.528041984 0.583893294 -0.367905630
10119.991605469 36.269491550 30.937871729 1.203802395 -0.496597585 0.526466134 0.579905822 -0.374076845
10120.024938803 36.223279713 30.934894282 1.206602512 -0.498980875 0.524310409 0.575686595 -0.380396669
10120.058272136 36.186792801 30.931716170 1.209212231 -0.501765413 0.521695758 0.571534629 -0.386540003
10120.091605469 36.132929358 30.925898781 1.213290462 -0.506259394 0.517180657 0.565081104 -0.396117331
10120.124938803 36.090183601 30.920268960 1.215963207 -0.510045016 0.513126030 0.559851724 -0.403883407
10120.158272136 36.050195725 30.913278909 1.217676963 -0.513912327 0.508757775 0.554711782 -0.411527016
10120.191605469 35.998514714 30.903487036 1.218293403 -0.519142468 0.502778892 0.548094875 -0.421065900
10120.224938803 35.958233295 30.893773939 1.217527626 -0.524166864 0.497028048 0.542172388 -0.429256707
10120.258272136 35.918895911 30.882421983 1.215446579 -0.529928311 0.490506620 0.535766803 -0.437645031
10120.291605469 35.871255124 30.867826766 1.211066446 0.536480657 -0.483028156 -0.528670528 0.446519628
10120.324938803 35.828164924 30.852757273 1.205914612 0.541305171 -0.477132425 -0.523307584 0.453301813
10120.358272136 35.791642367 30.840144577 1.201437680 0.543375641 -0.473650845 -0.520396464 0.457804882
10120.391605469 35.750808582 30.826341696 1.196607488 0.541721358 -0.473310441 -0.520749009 0.459712591
10120.424938803 35.715782950 30.815471161 1.192768905 0.536323283 -0.476510909 -0.524615913 0.458337031
10120.458272136 35.690436324 30.806731613 1.189842146 -0.528658428 0.481869742 0.530669072 -0.454656083
10120.491605469 35.658583704 30.798961779 1.187721635 -0.515182755 0.491414961 0.541041419 -0.447629589
10120.524938803 35.629778499 30.794360957 1.186453353 -0.498802444 0.502787261 0.553140592 -0.438675937
10120.558272136 35.609113547 30.793894951 1.186058553 -0.482140384 0.514227075 0.564781524 -0.429107208
10120.591605469 35.591103902 30.796536666 1.187219840 -0.449541995 0.535538065 0.585911016 -0.409657488
10120.624938803 35.577457061 30.803195409 1.188602540 -0.412902883 0.558016469 0.607162615 -0.386629522
10120.658272136 35.567896042 30.812074710 1.190051407 -0.373640679 0.580421145 0.627099713 -0.360901494
10120.691605469 35.553987198 30.824922569 1.191185444 -0.316610497 0.609671398 0.651420941 -0.322039340
10120.724938803 35.536978407 30.835863281 1.190829611 -0.263579215 0.633606813 0.669546911 -0.284210025
10120.758272136 35.532530411 30.844703168 1.191224256 -0.221528122 0.650548609 0.681010437 -0.252856842
10120.791605469 35.524802876 30.854510396 1.190993697 -0.172800777 0.667791218 0.691268619 -0.215273028
10120.824938803 35.511353515 30.862574167 1.188792501 -0.137732077 0.678938400 0.696561748 -0.186746501
10120.858272136 35.502698085 30.868790287 1.185838782 -0.116266092 0.685585208 0.698755770 -0.167915135
10120.891605469 35.493116658 30.876086175 1.179818989 -0.087395119 0.693582622 0.700947641 -0.141342295
10120.924938803 35.485105116 30.881882089 1.172612855 -0.060348816 0.699981141 0.702257950 -0.114970406
10120.958272136 35.479207208 30.885816038 1.165272573 -0.038429407 0.704345208 0.702769436 -0.092391173
10120.991605469 35.472816964 30.889119547 1.155477517 -0.012539651 0.708415684 0.702715345 -0.064661575
10121.024938803 35.468114570 30.889889564 1.146790629 0.010226020 0.710948345 0.702076022 -0.039206374
10121.058272136 35.465321661 30.887787084 1.141011487 0.028797442 0.712004285 0.701359972 -0.017742477
10121.091605469 35.462169195 30.881535533 1.135144830 0.054276731 0.711983037 0.699990456 0.012147105
10121.124938803 35.459804955 30.871908728 1.132426325 0.079363379 0.710282538 0.698202403 0.041395357
10121.158272136 35.457692557 30.858207480 1.131687452 0.107653867 0.706523607 0.695526289 0.074014998
10121.191605469 35.454645142 30.838535100 1.133357589 0.142043965 0.699459616 0.691093681 0.113882753
10121.224938803 35.452799844 30.818351388 1.136182587 0.173381822 0.690927319 0.685393809 0.150975196
10121.258272136 35.454772312 30.800876058 1.138709031 0.198176080 0.682872356 0.679597402 0.180441009
10121.291605469 35.451963476 30.778193166 1.142877095 0.230801092 0.670583589 0.670137236 0.219008200
10121.324938803 35.454163162 30.754309274 1.147248057 0.262272139 0.656817407 0.659227333 0.255389000
10121.358272136 35.451220055 30.734803972 1.150928993 0.289093168 0.643553281 0.648525916 0.285794420
10121.391605469 35.445647648 30.708135981 1.155581182 0.323148811 0.624401010 0.633040076 0.323972972
10121.424938803 35.435441165 30.683177353 1.159209006 0.351369563 0.606291196 0.618441701 0.355640660
10121.458272136 35.430020767 30.658758200 1.163156899 0.377063407 0.587778171 0.603603644 0.384711125
10121.491605469 35.422314222 30.630170147 1.168120787 0.403329454 0.566463625 0.586551747 0.415212428
10121.524938803 35.411414067 30.603397647 1.172351914 0.423453305 0.547959337 0.571817703 0.439832216
10121.558272136 35.403052902 30.582679070 1.175656291 0.436122010 0.534786597 0.561227572 0.456973195
10121.591605469 35.391986244 30.556985302 1.180613954 0.447948152 0.520600628 0.549656060 0.475600309
10121.624938803 35.380581238 30.535489871 1.185979247 0.453284735 0.511786738 0.542272157 0.488413955
10121.658272136 35.366886673 30.520163706 1.189282308 0.452345426 0.509033028 0.539544282 0.495137314
10121.691605469 35.345586207 30.502754067 1.194772733 0.444284532 0.511372339 0.540360537 0.499119300
10121.724938803 35.321510661 30.489237775 1.201563250 0.429679781 0.519293852 0.545776089 0.497832946
10121.758272136 35.298779715 30.480186833 1.207772952 0.412918967 0.529634509 0.553190299 0.492915518
10121.791605469 35.263049206 30.469602716 1.216947168 0.385017341 0.547008358 0.565554120 0.482381635
10121.824938803 35.227018811 30.463010841 1.226024959 0.354937828 0.565221369 0.578222221 0.469257931
10121.858272136 35.194576627 30.457718968 1.231923088 0.328268829 0.580773798 0.588557950 0.456662798
10121.891605469 35.148663063 30.448877594 1.237248129 0.292763142 0.600229048 0.601040328 0.439050517
10121.924938803 35.104935140 30.431732858 1.241539407 0.260686564 0.616459803 0.611322032 0.422262003
10121.958272136 35.067755681 30.426076368 1.243340932 0.236684169 0.627809310 0.617956936 0.409835698
10121.991605469 35.022082279 30.421904252 1.247891678 0.207972119 0.640582120 0.625070960 0.394573746
10122.024938803 34.979875406 30.417659156 1.252114064 0.183838889 0.650665323 0.630402725 0.381353253
10122.058272136 34.941853068 30.407830098 1.252435798 0.165789415 0.657689693 0.634179333 0.371180161
10122.091605469 34.895845124 30.403153487 1.252271644 0.143158981 0.666547149 0.638190681 0.357677312
10122.124938803 34.854105668 30.400283917 1.252423581 0.123612344 0.674217343 0.641059319 0.345244713
10122.158272136 34.821261797 30.397336023 1.252102421 0.111166163 0.678954081 0.642685350 0.337074146
10122.191605469 34.781050072 30.394951382 1.251782294 0.098911236 0.683540703 0.644153901 0.328716331
10122.224938803 34.744846401 30.390632285 1.249805110 0.091411608 0.686414971 0.645044976 0.323102744
10122.258272136 34.713541204 30.390977679 1.251253322 0.086644482 0.688560109 0.645771045 0.318366877
10122.291605469 34.676676190 30.390827673 1.253113984 0.082652699 0.690893235 0.646576832 0.312687495
10122.324938803 34.643144694 30.389650725 1.255468291 0.079863582 0.693206176 0.647263968 0.306816494
10122.358272136 34.616107979 30.390717582 1.257289708 0.077757697 0.695567634 0.647805997 0.300810233
10122.391605469 34.581744664 30.391931960 1.258725937 0.075296055 0.698915624 0.648463957 0.292133449
10122.424938803 34.546755292 30.390219728 1.260798822 0.073116873 0.702317172 0.649205718 0.282730346
10122.458272136 34.525437657 30.397032874 1.263514743 0.071912020 0.705513078 0.649518780 0.274235871
10122.491605469 34.495401200 30.402732438 1.263991786 0.071355900 0.709494294 0.649946791 0.262859946
10122.524938803 34.469879482 30.410764989 1.264859957 0.072462585 0.712858380 0.650116587 0.252844868
10122.558272136 34.449380925 30.415240352 1.264067069 0.074794201 0.715061587 0.650292458 0.245382301
10122.591605469 34.423770673 30.420288922 1.262719282 0.078697123 0.717399262 0.650781184 0.235857822
10122.624938803 34.400045458 30.426503473 1.261097243 0.082149271 0.719463945 0.651403598 0.226487264
10122.658272136 34.380778751 30.433935961 1.259928359 0.084224644 0.721341406 0.652173614 0.217353084
10122.691605469 34.356874960 30.443466131 1.257831104 0.085913348 0.723563564 0.653708914 0.204302034
10122.724938803 34.335424019 30.452322973 1.255936056 0.086941201 0.725177098 0.655644465 0.191545657
10122.758272136 34.316929096 30.458327554 1.254150266 0.087900683 0.725916347 0.657570165 0.181439813
10122.791605469 34.295338528 30.465514261 1.253280407 0.090155828 0.726044317 0.660331855 0.169391316
10122.824938803 34.279766432 30.471435253 1.254179624 0.093553509 0.725363243 0.662935770 0.160037718
10122.858272136 34.261519687 30.477244274 1.256806099 0.098562706 0.724117566 0.665394102 0.152282085
10122.891605469 34.242298436 30.483630209 1.261149216 0.105918371 0.722247356 0.667724184 0.145891976
10122.924938803 34.226944570 30.489460648 1.266482621 0.114564162 0.720107118 0.669333569 0.142524958
10122.958272136 34.215010052 30.496135521 1.272668451 0.125642925 0.717244643 0.670629491 0.141527607
10122.991605469 34.201483956 30.503085715 1.281261443 0.140397076 0.713370087 0.671657741 0.142364526
10123.024938803 34.190290858 30.509198838 1.290477445 0.154978182 0.709289962 0.672447517 0.143888326
10123.058272136 34.181480214 30.513495987 1.298188355 0.165247361 0.706231705 0.673052631 0.144672884
10123.091605469 34.171362126 30.519302451 1.309178550 0.179360375 0.701557934 0.674156806 0.145461068
10123.124938803 34.165018075 30.523652777 1.318958838 0.191596178 0.696999190 0.675354431 0.146217050
10123.158272136 34.161961907 30.526826865 1.327282734 0.201915253 0.692613396 0.676678429 0.147048353
10123.191605469 34.159743141 30.530567562 1.338027041 0.213506707 0.686755994 0.679045404 0.147235967
10123.224938803 34.159912326 30.534788087 1.348163232 0.220524329 0.681902902 0.682129270 0.145179582
10123.258272136 34.160487520 30.538951071 1.355563320 0.223339807 0.678178875 0.685521722 0.142312029
10123.291605469 34.161647478 30.545636228 1.364565279 0.224517239 0.673373764 0.690778067 0.137787686
10123.324938803 34.162744180 30.552892525 1.371516057 0.224312533 0.668707932 0.696161425 0.133689413
10123.358272136 34.156541345 30.559573785 1.377415074 0.224184400 0.664960228 0.700209817 0.131436155
10123.391605469 34.150556634 30.568898874 1.383334807 0.225439048 0.659571150 0.705051716 0.130557315
10123.424938803 34.145332841 30.577962384 1.387022025 0.228763501 0.654224342 0.708636437 0.132257974
10123.458272136 34.141397357 30.587694027 1.389570579 0.234224364 0.648773664 0.711135642 0.136080046
10123.491605469 34.138522761 30.599790223 1.390401366 0.243197303 0.642142178 0.712803130 0.142899238
10123.524938803 34.138901099 30.611777248 1.388525077 0.253545569 0.635605119 0.713362217 0.151112956
10123.558272136 34.138781828 30.622851516 1.385052303 0.263214633 0.629871806 0.713250438 0.158913116
10123.591605469 34.140700961 30.638396117 1.377154284 0.274738249 0.622915515 0.712818756 0.168477227
10123.624938803 34.143739236 30.656073174 1.365738632 0.282687652 0.617297472 0.712874376 0.175617901
10123.658272136 34.148352248 30.676430497 1.351008016 0.285886881 0.613664863 0.713773024 0.179477567
10123.691605469 34.152900943 30.694901352 1.336911689 0.285321942 0.612108945 0.715043569 0.180628691
10123.724938803 34.159071837 30.722298576 1.315558282 0.282349017 0.611231410 0.716850166 0.181110562
10123.758272136 34.166482463 30.749961730 1.293360173 0.279657907 0.611145506 0.717790260 0.181850950
10123.791605469 34.174191233 30.772840008 1.274972401 0.279274854 0.611294336 0.717286432 0.183915645
10123.824938803 34.185102446 30.803470632 1.251781575 0.281652921 0.611499738 0.714913495 0.188781348
10123.858272136 34.193758627 30.832753538 1.232907754 0.286127533 0.611807323 0.711149666 0.195164002
10123.891605469 34.202171569 30.851820105 1.221031996 0.289270188 0.612430963 0.708133069 0.199495942
10123.924938803 34.211056546 30.876507786 1.209281585 0.292528923 0.613815537 0.704242553 0.204205149
10123.958272136 34.225079721 30.903174752 1.197447257 0.294244117 0.616344474 0.700224850 0.207906346
10123.991605469 34.235594237 30.919829938 1.191116025 0.294579092 0.618453439 0.697697751 0.209657699
10124.024938803 34.247729986 30.939481752 1.185290213 0.296046676 0.620635935 0.694312349 0.212362341
10124.058272136 34.264930061 30.956913741 1.180353569 0.299279586 0.622369830 0.690175678 0.216206054
10124.091605469 34.278081071 30.966952843 1.178328889 0.303414066 0.622776768 0.686718249 0.220243157
10124.124938803 34.296273704 30.978419185 1.176541713 0.311352291 0.622308772 0.681231404 0.227410024
10124.158272136 34.314771625 30.987650319 1.175224043 0.320726761 0.620958469 0.675279844 0.235673622
10124.191605469 34.330026840 30.993201534 1.174238873 0.328401944 0.619545365 0.670496962 0.242383018
10124.224938803 34.350779309 30.999702901 1.172221983 0.338508508 0.617303701 0.664138805 0.251530869
10124.258272136 34.368281215 31.004738881 1.169366574 0.347419831 0.615012287 0.658269889 0.260269286
10124.291605469 34.385728790 31.007914804 1.165904783 0.356214300 0.612354697 0.652436904 0.269182436
10124.324938803 34.407947908 31.010003365 1.160335636 0.366580524 0.608563961 0.645708472 0.279873532
10124.358272136 34.427713981 31.011376104 1.154417629 0.378170325 0.603887460 0.637723994 0.292600834
10124.391605469 34.440363639 31.011731250 1.149973628 0.386752207 0.600011129 0.631673554 0.302320850
10124.424938803 34.457121655 31.011170191 1.144102862 0.398433570 0.594200245 0.623183585 0.315941418
10124.458272136 34.473648856 31.008450288 1.138860459 0.410604128 0.587252357 0.614193711 0.330613074
10124.491605469 34.483978332 31.005595679 1.136409358 0.419387019 0.581825047 0.607289962 0.341749974
10124.524938803 34.498378155 31.001923326 1.134048303 0.430292478 0.574467229 0.597967412 0.356750277
10124.558272136 34.513883058 30.998853425 1.132637901 0.439367757 0.567838386 0.589158833 0.370685057
10124.591605469 34.524014369 30.997659244 1.132414906 0.445619541 0.563158673 0.582225323 0.381168213
10124.624938803 34.538915410 30.997239917 1.132686170 0.453836633 0.556614543 0.572264592 0.395886093
10124.658272136 34.554008647 30.996644471 1.134338106 0.461141165 0.550454462 0.562569342 0.409712639
10124.691605469 34.565825845 30.997623011 1.135099199 0.466461077 0.545784321 0.555006891 0.420120089
10124.724938803 34.582181468 30.999493062 1.136373305 0.473184347 0.539523802 0.545046301 0.433514902
10124.758272136 34.601838393 31.002013931 1.137844247 0.480689588 0.532274262 0.533890980 0.447863876
10124.791605469 34.616844369 31.004047601 1.138835259 0.486056960 0.526919801 0.526001972 0.457630944
10124.824938803 34.636352358 31.007191247 1.140517265 0.492198847 0.520516576 0.516588460 0.468976708
10124.858272136 34.661631405 31.009333237 1.142449991 0.498016748 0.513987549 0.507065752 0.480292037
10124.891605469 34.677246644 31.010427186 1.143815051 0.500360568 0.511115438 0.502511083 0.485677798
10124.924938803 34.703974841 31.012387231 1.145912551 0.502677989 0.508018382 0.496629532 0.492535553
10124.958272136 34.734188433 31.012929839 1.149263794 0.503668214 0.506454793 0.491824920 0.497925820
10124.991605469 34.753314654 31.012030061 1.152669438 0.504064926 0.505821151 0.488835216 0.501102429
10125.024938803 34.781611841 31.012150845 1.155137238 0.504980638 0.504899823 0.484947299 0.504873094
10125.058272136 34.809752257 31.011462556 1.156543520 0.506716810 0.503529035 0.480841255 0.508417419
10125.091605469 34.830922433 31.010142910 1.157085984 0.508935848 0.501799221 0.477264853 0.511273024
10125.124938803 34.862716348 31.007241079 1.157306008 0.513290956 0.498513971 0.471580475 0.515391181
10125.158272136 34.894569851 31.002462880 1.157390753 0.518592674 0.494509167 0.465629786 0.519337294
10125.191605469 34.916356796 30.998850044 1.157322368 0.523107156 0.491185239 0.460804770 0.522259445
10125.224938803 34.953935984 30.991673976 1.156964633 0.533039951 0.483326551 0.450422644 0.528567212
10125.258272136 34.987090465 30.984219141 1.156610374 0.546111986 0.471389405 0.436546207 0.537569657
10125.291605469 35.011617356 30.977013379 1.156607945 0.559592555 0.457568373 0.421456531 0.547596337
10125.324938803 35.044490257 30.967599239 1.156030767 0.581043186 0.433302616 0.395277154 0.564263795
10125.358272136 35.075022517 30.958326337 1.154028207 0.601777906 0.407131708 0.367344048 0.580659517
10125.391605469 35.098898925 30.951299730 1.152472586 0.616380353 0.386968882 0.345360097 0.592500420
10125.424938803 35.131525896 30.942477887 1.149533624 0.633706253 0.361024789 0.316217039 0.606699490
10125.458272136 35.162112567 30.934206639 1.146410079 0.648013032 0.337062884 0.289265625 0.618702772
10125.491605469 35.183956236 30.927398973 1.144402488 0.657387296 0.319101868 0.269216337 0.627326474
10125.524938803 35.212669566 30.919056103 1.142010026 0.668569099 0.294191594 0.242137684 0.638620395
10125.558272136 35.237273613 30.911689307 1.139663617 0.677065177 0.271046829 0.217892032 0.648567209
10125.591605469 35.254740657 30.906231737 1.138256637 0.681736208 0.255595853 0.202030573 0.655049731
10125.624938803 35.278361825 30.899354316 1.136204953 0.684969841 0.241485314 0.186934199 0.661480737
10125.658272136 35.303333345 30.892766921 1.134735842 0.684139672 0.240269064 0.184009070 0.663599539
10125.691605469 35.322661191 30.888106434 1.133923275 0.680369439 0.250326222 0.191651493 0.661591955
10125.724938803 35.351791650 30.881330656 1.133258281 0.670963728 0.276693478 0.213734065 0.653885422
10125.758272136 35.378339893 30.876965648 1.133585266 0.658380663 0.309634479 0.241228232 0.642238532
10125.791605469 35.402544613 30.873343080 1.134719537 0.643501400 0.344002003 0.270696471 0.627926740
10125.824938803 35.429205174 30.869663665 1.136852013 0.623282833 0.384759765 0.305729778 0.608282612
10125.858272136 35.451824032 30.864452582 1.139988438 0.603021028 0.419597819 0.336762888 0.588977136
10125.891605469 35.465291658 30.859855716 1.143167023 0.589740181 0.439747747 0.355326833 0.576689933
10125.924938803 35.479474375 30.852488832 1.148845672 0.574309685 0.460142378 0.375620324 0.563335379
10125.958272136 35.488852750 30.844072326 1.154315924 0.562887421 0.472408162 0.389914689 0.554936767
10125.991605469 35.494107429 30.836639812 1.157666902 0.556662808 0.477370940 0.397579143 0.551520017
10126.024938803 35.498618675 30.825911081 1.161750960 0.550316649 0.480207821 0.405508962 0.549649448
10126.058272136 35.501591588 30.815090700 1.165009464 0.546150942 0.479989162 0.411025511 0.549897793
10126.091605469 35.504582548 30.806532582 1.166424560 0.543701643 0.479057219 0.414611043 0.550445625
10126.124938803 35.509681933 30.794646838 1.168410332 0.541420543 0.477088706 0.418398015 0.551537182
10126.158272136 35.516071436 30.783198009 1.168733810 0.539952229 0.473932052 0.421227499 0.553540780
10126.191605469 35.520218330 30.775375507 1.168679129 0.539698999 0.470907939 0.422286859 0.555557838
10126.224938803 35.524675008 30.765161644 1.168873307 0.540589578 0.465082713 0.422302686 0.559572533
10126.258272136 35.528515553 30.753823472 1.166874693 0.542301112 0.458744336 0.421543199 0.563706013
10126.291605469 35.532582087 30.746062374 1.166391161 0.543792969 0.453812611 0.420799548 0.566807782
10126.324938803 35.537729100 30.734909515 1.164565519 0.546220462 0.446553161 0.419318514 0.571319057
10126.358272136 35.535863700 30.724546976 1.162254988 0.548931878 0.438626802 0.417130288 0.576439628
10126.391605469 35.529254287 30.718171913 1.161958291 0.551806307 0.431255516 0.414069918 0.581441813
10126.424938803 35.514650165 30.710137769 1.160303225 0.557350027 0.418333289 0.407806371 0.589959465
10126.458272136 35.515884159 30.702743635 1.160193622 0.563471085 0.405736828 0.400540732 0.597867113
10126.491605469 35.516044290 30.697387249 1.159601210 0.568483062 0.395989918 0.394450182 0.603678762
10126.524938803 35.514812003 30.689239930 1.159631629 0.575936536 0.381597065 0.385244558 0.611773992
10126.558272136 35.515015527 30.680211273 1.161471135 0.584011871 0.366408094 0.374734735 0.619878312
10126.591605469 35.516061707 30.672691390 1.161263007 0.590423016 0.354430001 0.366345820 0.625756163
10126.624938803 35.516915831 30.662255246 1.161119921 0.600448982 0.335227562 0.352211157 0.634847070
10126.658272136 35.517424997 30.652862327 1.161557093 0.610583614 0.314785217 0.336302808 0.644203646
10126.691605469 35.518592267 30.645644883 1.161314956 0.618595572 0.298241853 0.322984604 0.651208308
10126.724938803 35.520334565 30.635948097 1.160611030 0.629803205 0.273855188 0.302563595 0.660913406
10126.758272136 35.522711287 30.627386727 1.160066721 0.640494168 0.248606161 0.280614901 0.670236879
10126.791605469 35.524802588 30.621589043 1.160060103 0.648400610 0.227974610 0.262333496 0.677336964
10126.824938803 35.528121861 30.614282988 1.160454452 0.658182077 0.198821380 0.236382494 0.686578276
10126.858272136 35.531753236 30.610120165 1.162804567 0.666214038 0.169623761 0.209867982 0.695228067
10126.891605469 35.534687554 30.609574711 1.164757348 0.671135139 0.147379567 0.189473066 0.701396354
10126.924938803 35.538115615 30.611633948 1.168454879 0.676581978 0.115055460 0.159970954 0.709512763
10126.958272136 35.540994806 30.615532226 1.173285714 0.680508802 0.080744154 0.129122106 0.716739586
10126.991605469 35.542381790 30.619858867 1.177510878 0.682295366 0.054392090 0.105932920 0.721313213
10127.024938803 35.543090835 30.626846077 1.183369860 0.683235766 0.014784272 0.071883179 0.726500600
10127.058272136 35.541573797 30.635803243 1.189395887 0.681928293 -0.028413569 0.036189158 0.729970422
10127.091605469 35.538613239 30.644497548 1.193464983 0.679305100 -0.062189061 0.009229807 0.731157926
10127.124938803 35.532811842 30.658200255 1.198430966 0.673000884 -0.110649951 -0.028385395 0.730767178
10127.158272136 35.525686257 30.672388621 1.201564304 0.665456511 -0.151378513 -0.058803226 0.728556353
10127.191605469 35.517654934 30.686849770 1.203925175 0.656161071 -0.190926465 -0.087359911 0.724822723
10127.224938803 35.507376425 30.705598051 1.205758155 0.643170198 -0.234896188 -0.117923794 0.719200845
10127.258272136 35.497259466 30.724037281 1.205983299 0.629600069 -0.272359888 -0.142803884 0.713464011
10127.291605469 35.490066494 30.738814337 1.206098281 0.618632644 -0.297728124 -0.158988478 0.709488746
10127.324938803 35.481653361 30.758686248 1.205902633 0.604485097 -0.324590966 -0.175290786 0.706053548
10127.358272136 35.475300015 30.775760446 1.205645660 0.592945688 -0.340802155 -0.184555421 0.705838932
10127.391605469 35.471129673 30.786525301 1.205369376 0.586169411 -0.347066439 -0.187785932 0.707592222
10127.424938803 35.465035132 30.800613300 1.204687911 0.578372204 -0.350704135 -0.189257502 0.711810228
10127.458272136 35.457827763 30.811672333 1.203453485 0.572105472 -0.350808796 -0.188772439 0.716933389
10127.491605469 35.451323963 30.819628546 1.202926662 0.567485830 -0.349908892 -0.187910044 0.721258217
10127.524938803 35.443090214 30.829241916 1.203724559 0.562055581 -0.347957425 -0.186564849 0.726782438
10127.558272136 35.431758384 30.841805263 1.202640478 0.555923856 -0.345183200 -0.184626857 0.733287221
10127.591605469 35.423090797 30.848433943 1.201727898 0.552029189 -0.343740445 -0.183432878 0.737196487
10127.624938803 35.411848641 30.862690973 1.197946077 0.546259921 -0.343172576 -0.182833894 0.741892478
10127.658272136 35.399168293 30.871157404 1.195873642 0.540064241 -0.346144322 -0.183881611 0.744783376
10127.691605469 35.390594143 30.877358904 1.194306771 0.534921755 -0.350335475 -0.185990656 0.746010219
10127.724938803 35.385267938 30.884075608 1.195743384 0.527328980 -0.358144530 -0.191012833 0.746438705
10127.758272136 35.381096580 30.889367658 1.195192259 0.518893295 -0.369799117 -0.199329159 0.744490596
10127.791605469 35.379422347 30.892167968 1.194855647 0.512089202 -0.381124314 -0.207518299 0.741245615
10127.824938803 35.379167977 30.888411485 1.194471697 0.502123352 -0.400010795 -0.221484240 0.734035581
10127.858272136 35.378270880 30.885036059 1.191840050 0.490789795 -0.422996454 -0.238916569 0.723269140
10127.891605469 35.378555287 30.876671216 1.188193369 0.478930125 -0.447671026 -0.258338348 0.709561756
10127.924938803 35.380282626 30.871309040 1.186340005 0.470418714 -0.464654905 -0.272617096 0.698914853
10127.958272136 35.383011622 30.860822844 1.183626977 0.459680673 -0.485372266 -0.292194188 0.683907887
10127.991605469 35.384689565 30.847470164 1.181094543 0.452477202 -0.499656044 -0.308020154 0.671365626
10128.024938803 35.386429792 30.831688756 1.179052025 0.447747249 -0.509480933 -0.321796921 0.660604512
10128.058272136 35.387756371 30.807462045 1.178020790 0.444732971 -0.517469106 -0.337004892 0.648741868
10128.091605469 35.387110921 30.781747876 1.177457906 0.444075099 -0.522299777 -0.351354289 0.637613060
10128.124938803 35.385348852 30.760935301 1.176998447 0.444909477 -0.524435509 -0.361186791 0.629735703
10128.158272136 35.385301811 30.726609129 1.179435459 0.447537553 -0.525498137 -0.374903888 0.618877145
10128.191605469 35.381906957 30.689710327 1.183318308 0.452078889 -0.524204865 -0.387913478 0.608569693
10128.224938802 35.377322177 30.663914844 1.185516647 0.456887466 -0.521424050 -0.395740365 0.602295914
10128.258272136 35.369837932 30.626234105 1.189978238 0.466164671 -0.513980857 -0.404370577 0.595817602
10128.291605469 35.361734296 30.587817474 1.196132681 0.477942573 -0.502646304 -0.410039101 0.592271496
10128.324938802 35.355118591 30.560836379 1.201092457 0.487870815 -0.492488802 -0.412211369 0.591201011
10128.358272136 35.343462431 30.523109948 1.210058418 0.502112529 -0.477721532 -0.413772345 0.590302967
10128.391605469 35.334025714 30.491251353 1.219166749 0.513605176 -0.465440829 -0.415432943 0.589058595
10128.424938802 35.321686670 30.463473380 1.227958536 0.522243398 -0.456263694 -0.417479089 0.587193737
10128.458272136 35.309512036 30.436982371 1.237634478 0.529280212 -0.448296443 -0.421089680 0.584445240
10128.491605469 35.290126143 30.409577352 1.252523464 0.533568817 -0.442893937 -0.426909286 0.580428927
10128.524938802 35.278593333 30.394668761 1.261117019 0.534028008 -0.441140972 -0.432254798 0.577377276
10128.558272136 35.261193456 30.379174254 1.274554074 0.532014493 -0.441438272 -0.440609624 0.572674419
10128.591605469 35.237596181 30.366653785 1.288112001 0.525555868 -0.446092343 -0.452563863 0.565666510
10128.624938802 35.221574129 30.360629911 1.295857780 0.519167359 -0.451379181 -0.461565796 0.560070624
10128.658272136 35.195286889 30.355933484 1.307722127 0.509279352 -0.460048030 -0.473574804 0.552012008
10128.691605469 35.165455931 30.351614532 1.317880287 0.500934760 -0.467192553 -0.483147586 0.545310824
10128.724938802 35.144825669 30.349514647 1.322901861 0.496206060 -0.470970539 -0.488668639 0.541451068
10128.758272136 35.113880186 30.347645299 1.329448889 0.489583560 -0.476409218 -0.495452215 0.536534526
10128.791605469 35.085527723 30.347741666 1.335779200 0.481996998 -0.482261579 -0.502779510 0.531333630
10128.824938802 35.066774166 30.349172908 1.338421391 0.476901155 -0.486359089 -0.507552852 0.527645930
10128.858272136 35.034429969 30.354386232 1.340824918 0.467196594 -0.494335885 -0.515858075 0.520816495
10128.891605469 34.999136577 30.359825952 1.341911233 0.456543840 -0.503064073 -0.524560442 0.513157484
10128.924938802 34.979944076 30.363036214 1.341451091 0.451567475 -0.507234533 -0.528545397 0.509352242
10128.958272136 34.938109533 30.366739893 1.341414741 0.443424380 -0.514251988 -0.534996623 0.502691083
10128.991605469 34.895851934 30.373319635 1.340082643 -0.437194727 0.520025874 0.539589956 -0.497269083
10129.024938802 34.871740901 30.376944336 1.339629756 -0.434469890 0.522672290 0.541479893 -0.494822309
10129.058272136 34.831161712 30.382359959 1.340588055 -0.431816028 0.525838120 0.543194000 -0.491903921
10129.091605469 34.782575854 30.390162499 1.343059735 -0.431896745 0.527441297 0.542596793 -0.490774491
10129.124938802 34.753313533 30.396025961 1.346266934 -0.432910489 0.527722352 0.541195528 -0.491126284
10129.158272136 34.712272509 30.403814481 1.353903001 -0.434228054 0.528200031 0.538989167 -0.491875394
10129.191605469 34.678709941 30.411459726 1.362237726 -0.434352993 0.529333279 0.537519041 -0.492155501
10129.224938802 34.647071512 30.419061315 1.369362725 -0.432703626 0.531739882 0.537222596 -0.491337107
10129.258272136 34.613597991 30.427642450 1.376431531 -0.428518358 0.536073250 0.538401583 -0.489000228
10129.291605469 34.578479935 30.436288144 1.382120837 -0.422049613 0.542337278 0.541008624 -0.484823752
10129.324938802 34.549903137 30.443419692 1.385113991 -0.416041218 0.547900722 0.543580744 -0.480868463
10129.358272136 34.515828298 30.448972024 1.386091604 -0.410692075 0.553113772 0.545970395 -0.476774057
10129.391605469 34.478826319 30.454581881 1.385558498 -0.405919096 0.558096911 0.547751246 -0.472996933
10129.424938802 34.451471469 30.457480599 1.383208699 -0.403476710 0.560929581 0.548497900 -0.470865801
10129.458272136 34.407546669 30.459965717 1.377145198 -0.400403395 0.564696699 0.549396415 -0.467929844
10129.491605469 34.373989194 30.460658269 1.370392189 -0.398068900 0.567416712 0.550423897 -0.465416973
10129.524938802 34.342338790 30.459197125 1.363589505 -0.394779381 0.570623547 0.551926900 -0.462509140
10129.558272136 34.306352964 30.456914128 1.355396504 -0.390357394 0.574695794 0.554389273 -0.458255805
10129.591605469 34.263131295 30.450729401 1.347401368 -0.384720235 0.579429300 0.557599191 -0.453139238
10129.624938802 34.235110261 30.445500968 1.343291298 -0.381656293 0.581916714 0.559438780 -0.450266214
10129.658272136 34.191673537 30.436183500 1.338271207 -0.378411103 0.584398829 0.561683829 -0.446983582
10129.691605469 34.149286068 30.426140264 1.335801694 -0.375511711 0.586313399 0.564038585 -0.443945974
10129.724938802 34.117400637 30.418459839 1.335498852 -0.372249674 0.588451252 0.566370264 -0.440885504
10129.758272136 34.079196995 30.409745854 1.336082068 -0.365139491 0.592917431 0.571082227 -0.434726537
10129.791605469 34.038620718 30.401796031 1.337771360 -0.354318939 0.599622544 0.577353133 -0.426115306
10129.824938802 34.003399181 30.395138923 1.340510716 -0.343432661 0.605975326 0.583293511 -0.417871502
10129.858272136 33.962464750 30.387878080 1.344041112 -0.330183827 0.612941182 0.590154604 -0.408655468
10129.891605469 33.923997219 30.379544386 1.347850029 -0.318397040 0.617953936 0.596322125 -0.401442625
10129.924938802 33.900446567 30.373896073 1.350622098 -0.312846580 0.619790718 0.599201226 -0.398678283
10129.958272136 33.862125499 30.364506055 1.355124915 -0.306388132 0.620760400 0.602698070 -0.396910410
10129.991605469 33.816016948 30.352290282 1.359692234 -0.302588967 0.619161410 0.605270193 -0.398405646
10130.024938802 33.792237005 30.345880348 1.360442769 -0.301858683 0.617505158 0.606139236 -0.400204874
10130.058272136 33.752762389 30.335339918 1.360154453 -0.300732425 0.614643118 0.607382314 -0.403559872
10130.091605469 33.706384921 30.323470812 1.355801392 -0.298025876 0.612064451 0.609486897 -0.406304575
10130.124938802 33.680947796 30.317459525 1.351578031 -0.295920505 0.611108054 0.610880051 -0.407189837
10130.158272136 33.634985101 30.308144922 1.342666312 -0.291218751 0.610208679 0.613495409 -0.407995576
10130.191605469 33.584588108 30.299652785 1.331541600 -0.286070762 0.609736381 0.616059556 -0.408479727
10130.224938802 33.550732809 30.294535415 1.324230785 -0.282813936 0.609569556 0.617502033 -0.408818388
10130.258272136 33.506482674 30.290019992 1.317226491 -0.278587031 0.609892580 0.619024931 -0.408935744
10130.291605469 33.447742753 30.285687397 1.310870805 -0.271405729 0.611623242 0.621232586 -0.407830864
10130.324938802 33.410255883 30.283148993 1.308787667 -0.266386639 0.613446406 0.622589309 -0.406330185
10130.358272136 33.355438582 30.281593702 1.309375433 -0.258949949 0.616701251 0.624123112 -0.403850012
10130.391605469 33.300816444 30.281267381 1.312833426 -0.253041210 0.619338877 0.624784437 -0.402534357
10130.424938802 33.260872202 30.280456266 1.316654803 -0.250967795 0.619968114 0.624587823 -0.403168396
10130.458272136 33.206628002 30.278245793 1.322523765 -0.250490889 0.619288483 0.623742882 -0.405808952
10130.491605469 33.151327063 30.274518180 1.329272698 -0.250826672 0.617920225 0.622998033 -0.408820286
10130.524938802 33.114034619 30.271047630 1.333042730 -0.250807722 0.617158783 0.622759985 -0.410341960
10130.558272136 33.062086376 30.265930385 1.337748301 -0.250219364 0.616552262 0.622905423 -0.411390826
10130.591605469 33.004300214 30.260305954 1.341361489 -0.248949555 0.616519011 0.623417437 -0.411435448
10130.624938802 32.965342661 30.256739408 1.342514674 -0.247712041 0.616845619 0.623913559 -0.410940503
10130.658272136 32.918186474 30.253147752 1.342153088 -0.246224548 0.617385764 0.624526758 -0.410090988
10130.691605469 32.854825050 30.249098662 1.338515728 -0.244748638 0.617884995 0.625209496 -0.409181284
10130.724938802 32.814489413 30.246935057 1.334474814 -0.244396970 0.617942406 0.625490521 -0.408875179
10130.758272136 32.758361913 30.245086763 1.327967147 -0.245072071 0.617597870 0.625473894 -0.409017065
10130.791605469 32.701816572 30.244158628 1.321398972 -0.246911768 0.616779143 0.625114368 -0.409695124
10130.824938802 32.657578153 30.243457152 1.316055549 -0.249038714 0.615936384 0.624759226 -0.410217014
10130.858272136 32.598714228 30.243203759 1.309992973 -0.251413137 0.615256062 0.624559382 -0.410093880
10130.891605469 32.536690777 30.243084795 1.305419352 -0.251961976 0.616059806 0.625297302 -0.407417184
10130.924938802 32.494935292 30.242999537 1.303214795 -0.250028185 0.618067351 0.626826763 -0.403195815
10130.958272136 32.445473861 30.243495290 1.301672893 -0.244378682 0.622310591 0.629847463 -0.395348911
10130.991605469 32.389930752 30.245184287 1.301291458 -0.234920444 0.628716523 0.634354727 -0.383564856
10131.024938802 32.347256169 30.247018395 1.302346596 -0.227078260 0.633920362 0.637935990 -0.373655070
10131.058272136 32.296236112 30.250943719 1.304279318 -0.218334636 0.639710570 0.641736183 -0.362318982
10131.091605469 32.248387769 30.256577274 1.307334081 -0.211284741 0.644526773 0.644735952 -0.352504679
10131.124938802 32.207625757 30.261917811 1.309618636 -0.206277115 0.648339898 0.646858472 -0.344498543
10131.158272136 32.157827856 30.269215741 1.310534696 -0.200685443 0.652715968 0.649289733 -0.334828404
10131.191605469 32.107361529 30.277167016 1.309281780 -0.195361575 0.657061039 0.651558233 -0.324925400
10131.224938802 32.069761251 30.282477876 1.306335891 -0.191847517 0.660054591 0.653066291 -0.317847269
10131.258272136 32.021911486 30.290420976 1.300467573 -0.188177422 0.663545860 0.654818229 -0.309045688
10131.291605469 31.971290330 30.298961046 1.291930999 -0.186241104 0.666329493 0.656220101 -0.301155170
10131.324938802 31.923759901 30.306743990 1.282366866 -0.186767796 0.667972425 0.656915086 -0.295623409
10131.358272136 31.865954384 30.316596576 1.269947659 -0.190896881 0.668679349 0.656873514 -0.291450673
10131.391605469 31.800618342 30.326967265 1.256882401 -0.198660150 0.668412046 0.655893694 -0.289072559
10131.424938802 31.754589366 30.334219029 1.248375423 -0.204468610 0.668257008 0.654958695 -0.287496551
10131.458272136 31.687529461 30.344805596 1.238602534 -0.210664789 0.668927831 0.654178449 -0.283207453
10131.491605469 31.629672251 30.354348082 1.233364795 -0.212895008 0.670907090 0.654281694 -0.276540878
10131.524938802 31.575437616 30.362540562 1.230927315 -0.211309937 0.673699258 0.655629341 -0.267633307
10131.558272136 31.518464764 30.370132472 1.232625629 -0.207748939 0.676787891 0.657884445 -0.256878542
10131.591605469 31.455785915 30.375454878 1.236264011 -0.205147231 0.678915899 0.660392789 -0.246716802
10131.624938802 31.402891385 30.379467946 1.241933191 -0.204522557 0.679703503 0.662331711 -0.239771510
10131.658272136 31.350691709 30.382066009 1.249143945 -0.205580560 0.679574941 0.663963677 -0.234663096
10131.691605469 31.279413567 30.384981550 1.259099610 -0.208673471 0.678650328 0.665761699 -0.229456914
10131.724938802 31.233582266 30.387188085 1.265578749 -0.210828494 0.677961830 0.666887473 -0.226230416
10131.758272136 31.173305093 30.389636617 1.272771731 -0.212826333 0.677157814 0.668623651 -0.221595714
10131.791605469 31.115394331 30.391278988 1.276162663 -0.213985345 0.676408160 0.670613585 -0.216701853
10131.824938802 31.065759250 30.392700523 1.278214235 -0.214755455 0.675707888 0.672385338 -0.212595628
10131.858272136 31.004735800 30.393252805 1.278356904 -0.215825336 0.674409113 0.674681088 -0.208319951
10131.891605469 30.952521506 30.392852547 1.276529940 -0.217344790 0.672872391 0.676647958 -0.205308376
10131.924938802 30.901412659 30.392678204 1.273808397 -0.219077216 0.671122635 0.678383683 -0.203458007
10131.958272136 30.845168943 30.392603877 1.270415594 -0.221496157 0.668846795 0.680095748 -0.202615872
10131.991605469 30.779242846 30.392081122 1.266331516 -0.224244807 0.665884292 0.682109647 -0.202580369
10132.024938802 30.721001681 30.391219511 1.264620396 -0.225518627 0.663475085 0.684063089 -0.202484197
10132.058272136 30.682121169 30.390771396 1.264481241 -0.224568992 0.662205810 0.685863250 -0.201603165
10132.091605469 30.629243358 30.390436985 1.266890346 -0.221099515 0.661107407 0.688635720 -0.199581676
10132.124938802 30.568189957 30.390909990 1.271202387 -0.217217098 0.659913744 0.691381115 -0.198299612
10132.158272136 30.528324466 30.391721415 1.274998267 -0.215632689 0.658946034 0.692681464 -0.198708472
10132.191605469 30.473239724 30.392748598 1.281683551 -0.214926445 0.657438320 0.693715662 -0.200848347
10132.224938802 30.421390346 30.394207422 1.288257010 -0.215217658 0.655502952 0.694403106 -0.204454313
10132.258272136 30.383749211 30.395051545 1.292699721 -0.215882727 0.653971700 0.694689943 -0.207657284
10132.291605469 30.336420307 30.395668772 1.298490296 -0.216890881 0.652100262 0.694816321 -0.212023287
10132.324938802 30.279914977 30.397416076 1.302183705 -0.218275780 0.649797478 0.694772746 -0.217737808
10132.358272136 30.242600292 30.399016127 1.303021498 -0.219079130 0.648389185 0.694594794 -0.221661615
10132.391605469 30.196983920 30.401956007 1.301937076 -0.219183530 0.647002285 0.694505965 -0.225849703
10132.424938802 30.148732142 30.404700182 1.298305660 -0.218058662 0.646130172 0.694507244 -0.229403376
10132.458272136 30.105926945 30.407302766 1.293164311 -0.215998138 0.645806568 0.694672758 -0.231750817
10132.491605469 30.053738372 30.410669479 1.285319657 -0.212734376 0.645867875 0.694889245 -0.233939543
10132.524938802 30.002926448 30.413356552 1.276915294 -0.210277269 0.646146696 0.694744558 -0.235813309
10132.558272136 29.958974564 30.416696009 1.269935986 -0.208444448 0.646553808 0.694223822 -0.237849470
10132.591605469 29.905009722 30.420687997 1.262860107 -0.206730764 0.647191318 0.693285222 -0.240335994
10132.624938802 29.845083404 30.424862144 1.257545691 -0.205803236 0.647966985 0.691872474 -0.243097293
10132.658272136 29.804997832 30.427873306 1.256122948 -0.205785286 0.648525795 0.690557842 -0.245349907
10132.691605469 29.752123866 30.431879310 1.257344536 -0.206469134 0.649308607 0.688538028 -0.248363068
10132.724938802 29.685190209 30.436070453 1.262602574 -0.208789767 0.649906212 0.685491206 -0.253240115
10132.758272136 29.641240655 30.437867632 1.267809488 -0.211384032 0.649807919 0.683249052 -0.257365875
10132.791605469 29.584581278 30.439188543 1.276096124 -0.216655768 0.648896125 0.679920557 -0.264011616
10132.824938802 29.521657991 30.439590385 1.286792876 -0.224413773 0.646923576 0.675866640 -0.272640111
10132.858272136 29.477835594 30.437848339 1.294515871 -0.230900020 0.644967286 0.672800195 -0.279360480
10132.891605469 29.416582841 30.434810815 1.305703136 -0.241081950 0.641664188 0.668119553 -0.289418082
10132.924938802 29.354429227 30.429447190 1.316532961 -0.252821261 0.637563603 0.662831392 -0.300414060
10132.958272136 29.307328028 30.423933967 1.323579765 -0.262373835 0.633974108 0.658599885 -0.309003224
10132.991605469 29.241015204 30.416170151 1.331002487 -0.276013672 0.628565813 0.652460349 -0.320962559
10133.024938802 29.177588386 30.408232021 1.336850737 -0.289461135 0.623004393 0.646204178 -0.332412301
10133.058272136 29.120904893 30.398687563 1.341539490 -0.301902009 0.617391169 0.640261103 -0.343145802
10133.091605469 29.052761580 30.387448007 1.347142916 -0.317348702 0.610184870 0.632534856 -0.356179564
10133.124938802 28.992969329 30.377209537 1.352082223 -0.331891312 0.603032249 0.624634743 -0.368824757
10133.158272136 28.935834498 30.366641624 1.356222257 -0.344394762 0.596301135 0.617299654 -0.380471210
10133.191605469 28.876242313 30.356781766 1.360344305 -0.355220197 0.590039288 0.610177912 -0.391605880
10133.224938802 28.800240037 30.345488237 1.365991341 -0.365347391 0.583948685 0.602054242 -0.403801816
10133.258272136 28.756767033 30.339466372 1.369935402 -0.368914396 0.581583069 0.598265865 -0.409562275
10133.291605469 28.696874929 30.332706405 1.375899278 -0.370386675 0.580626299 0.594492480 -0.415048797
10133.324938802 28.633318723 30.326697797 1.384048982 -0.369961351 0.580860138 0.591235564 -0.419726824
10133.358272136 28.582101781 30.322445807 1.392026827 -0.369185006 0.581081419 0.588848563 -0.423443250
10133.391605469 28.526165617 30.318081475 1.401503182 -0.367886160 0.581722685 0.586304256 -0.427206988
10133.424938802 28.462869134 30.314180435 1.413590927 -0.366713967 0.582389115 0.583453843 -0.431190676
10133.458272136 28.425478952 30.311660236 1.420867073 -0.367043562 0.582067956 0.581316912 -0.434219491
10133.491605469 28.364148753 30.305853474 1.433379905 -0.371859913 0.578489856 0.575706435 -0.442302829
10133.524938802 28.305456144 30.297946126 1.444628937 -0.380311069 0.571442906 0.568614502 -0.453314509
10133.558272136 28.264904758 30.291415900 1.452381164 -0.388457077 0.564300235 0.562570621 -0.462796543
10133.591605469 28.212720278 30.281337523 1.461623045 -0.400629751 0.552904885 0.553921259 -0.476406580
10133.624938802 28.163107913 30.272121666 1.469121444 -0.411703345 0.542123761 0.546158058 -0.488173699
10133.658272136 28.118640898 30.262748897 1.475771085 -0.420601187 0.532990614 0.539932561 -0.497482137
10133.691605469 28.064202837 30.251035560 1.483233475 0.428659838 -0.524104999 -0.534516371 0.505823035
10133.724938802 28.007102408 30.236998797 1.490679211 0.434408172 -0.517024321 -0.531010467 0.511862556
10133.758272136 27.966413801 30.226260425 1.496609667 0.437120822 -0.512821178 -0.529851189 0.514973343
10133.791605469 27.924315993 30.211772573 1.504769445 0.439320487 -0.508629648 -0.529353587 0.517762659
10133.824938802 27.866859209 30.192753976 1.515040311 0.442095440 -0.502545486 -0.529315028 0.521368639
10133.858272136 27.827073565 30.179148129 1.522790856 0.444246317 -0.497625716 -0.529427410 0.524137839
10133.891605469 27.787204293 30.162916630 1.531610661 0.447279257 -0.491388863 -0.529126058 0.527734655
10133.924938802 27.740318831 30.142010973 1.542415581 0.452184108 -0.482019561 -0.528232964 0.533063422
10133.958272136 27.702022814 30.123608506 1.550447095 0.457351383 -0.472890093 -0.526785463 0.538239490
10133.991605469 27.664271305 30.105539045 1.556550068 0.463188228 -0.463021539 -0.524742260 0.543795255
10134.024938802 27.615919765 30.081974037 1.562989838 0.470524889 -0.450678160 -0.521842536 0.550614105
10134.058272136 27.584498353 30.066450223 1.566267910 0.474935977 -0.443019327 -0.520134561 0.554643788
10134.091605469 27.542270108 30.048199239 1.567569109 0.479796989 -0.434731758 -0.518279719 0.558739010
10134.124938802 27.492495111 30.030177884 1.565160398 0.484833067 -0.426816810 -0.516291169 0.562323517
10134.158272136 27.458472757 30.016674148 1.561448907 0.488672390 -0.421390055 -0.514535573 0.564697141
10134.191605469 27.412635586 30.000519925 1.553808933 0.494013395 -0.415265569 -0.511672319 0.567183137
10134.224938802 27.365574126 29.984699376 1.544028597 0.499953664 -0.409610837 -0.508057169 0.569335761
10134.258272136 27.328307291 29.972974579 1.536017706 0.504815802 -0.405523528 -0.504838018 0.570832944
10134.291605469 27.286002784 29.960398297 1.526681905 0.510464408 -0.401189270 -0.500871845 0.572364091
10134.324938802 27.232627970 29.945992502 1.517282868 0.517637899 -0.395943562 -0.495370168 0.574358859
10134.358272136 27.190457336 29.935957350 1.512434894 0.522903857 -0.392075562 -0.491129771 0.575881809
10134.391605469 27.142370211 29.928077437 1.507734931 0.529049317 -0.387806047 -0.485833760 0.577649416
10134.424938802 27.099432150 29.920670670 1.506493393 0.534235822 -0.384424742 -0.481112912 0.579085546
10134.458272136 27.060201410 29.914186929 1.507102817 0.538540228 -0.381809131 -0.477078148 0.580166055
10134.491605469 27.014891380 29.910044278 1.508261848 0.543023136 -0.379701621 -0.472561387 0.581066509
10134.524938802 26.968403508 29.905860294 1.510538849 0.547393342 -0.377885371 -0.467905496 0.581917196
10134.558272136 26.932624073 29.902601202 1.512467598 0.551084102 -0.376069491 -0.463875680 0.582835658
10134.591605469 26.891726431 29.900644568 1.513303493 0.556690689 -0.372631994 -0.457639263 0.584642778
10134.624938802 26.840676856 29.897849569 1.513152836 0.564499485 -0.367220934 -0.448640307 0.587546587
10134.658272136 26.803181021 29.895732319 1.511994617 0.569879254 -0.363428563 -0.442265134 0.589541233
10134.691605469 26.750848069 29.892785674 1.508973771 0.576053733 -0.359209816 -0.434534816 0.591869833
10134.724938802 26.696861186 29.891361528 1.503884976 0.580921760 -0.356367497 -0.427882133 0.593674150
10134.758272136 26.657933505 29.892002636 1.499063218 0.583330486 -0.355547753 -0.424069911 0.594538519
10134.791605469 26.606271713 29.892337261 1.492637881 0.584809200 -0.356095858 -0.420925983 0.594991812
10134.824938802 26.543473872 29.891790562 1.485867862 0.585557887 -0.357312598 -0.418517347 0.595225083
10134.858272136 26.500210839 29.891712734 1.480946575 0.586174486 -0.357710229 -0.416573390 0.595742792
10134.891605469 26.449772562 29.891001645 1.476050740 0.587952040 -0.356152611 -0.412936406 0.597453966
10134.924938802 26.391351184 29.890037165 1.472340685 0.592288161 -0.350684967 -0.406044771 0.601117653
10134.958272136 26.349088608 29.888582633 1.471352990 0.596790424 -0.344372271 -0.399375206 0.604771340
10134.991605469 26.297067819 29.885943778 1.472838194 0.603876010 -0.333773155 -0.389216092 0.610278689
10135.024938802 26.243075904 29.883392287 1.476415045 0.611868218 -0.320949164 -0.377467436 0.616544607
10135.058272136 26.202605721 29.880503319 1.480573440 0.617360321 -0.311696059 -0.369139249 0.620844598
10135.091605469 26.155625352 29.877556157 1.485994695 0.622245359 -0.302829036 -0.361406511 0.624892488
10135.124938802 26.100344391 29.874374908 1.492894086 0.625563026 -0.296016358 -0.355579728 0.628178536
10135.158272136 26.060455452 29.872362543 1.497829882 0.626533680 -0.293413018 -0.353456093 0.629629367
10135.191605469 26.009466428 29.871902077 1.502213170 0.625983154 -0.293595082 -0.353471305 0.630083372
10135.224938802 25.957472341 29.870534554 1.506228890 0.624405080 -0.295822925 -0.355169171 0.629652247
10135.258272136 25.919473934 29.869183582 1.507992508 0.622998934 -0.298060343 -0.356893276 0.629014746
10135.291605469 25.870020728 29.867131792 1.507491173 0.621469416 -0.300722867 -0.358848205 0.628147664
10135.324938802 25.816693156 29.864473854 1.503365408 0.620581203 -0.302512377 -0.360065976 0.627469302
10135.358272136 25.775713104 29.862541303 1.498170585 0.620298895 -0.303283975 -0.360556540 0.627094166
10135.391605469 25.724056519 29.859194769 1.489953481 0.620029847 -0.304157942 -0.361233178 0.626547305
10135.424938802 25.675823797 29.855212851 1.481703514 0.619411542 -0.305480704 -0.362451467 0.625811325
10135.458272136 25.631782322 29.851899451 1.474504922 0.618557126 -0.307213228 -0.363943978 0.624941514
10135.491605469 25.585228081 29.846729528 1.468012785 0.617705941 -0.308928972 -0.365466952 0.624048210
10135.524938802 25.527375098 29.841060870 1.462855913 0.617886673 -0.309012457 -0.365608436 0.623745006
10135.558272136 25.483601214 29.836228882 1.461654192 0.619330702 -0.307021403 -0.363927389 0.624278940
10135.591605469 25.429933325 29.830120590 1.463977874 0.622964194 -0.301511223 -0.359216220 0.626075318
10135.624938802 25.379776149 29.825846368 1.468028336 0.627035190 -0.295202563 -0.353606544 0.628207553
10135.658272136 25.335436727 29.821668006 1.473454651 0.630479764 -0.289789600 -0.348567139 0.630093806
10135.691605469 25.281634699 29.818314690 1.480478532 0.633714083 -0.284743926 -0.343468071 0.631947025
10135.724938802 25.224772613 29.815864893 1.488781168 0.636101220 -0.281315276 -0.339338613 0.633313713
10135.758272136 25.182151625 29.814353008 1.495075014 0.637018932 -0.280328902 -0.337389861 0.633869599
10135.791605469 25.127454206 29.813287261 1.500953599 0.636606562 -0.281872130 -0.337216004 0.633692003
10135.824938802 25.068272040 29.813859304 1.504312439 0.634419544 -0.286447709 -0.339285494 0.632728146
10135.858272136 25.022926984 29.814600453 1.505026118 0.631749894 -0.291395704 -0.342171239 0.631584878
10135.891605469 24.964581879 29.815480387 1.503317259 0.627609375 -0.298546831 -0.346606914 0.629952307
10135.924938802 24.903319678 29.814896906 1.499756039 0.623847415 -0.304690585 -0.350334993 0.628683897
10135.958272136 24.856825440 29.815356693 1.495712860 0.621819323 -0.307619211 -0.351794378 0.628451960
10135.991605469 24.801462946 29.815059641 1.491068427 0.620790624 -0.308095647 -0.351346630 0.629485201
10136.024938802 24.743753261 29.813881983 1.486549362 0.620905232 -0.305966764 -0.349205599 0.631598355
10136.058272136 24.697167052 29.813683510 1.483619061 0.621622770 -0.302903833 -0.346606181 0.633796935
10136.091605469 24.642106610 29.813487800 1.481731162 0.622873813 -0.298153446 -0.343027008 0.636761500
10136.124938802 24.582681229 29.812872178 1.481846071 0.624033264 -0.293051448 -0.339385869 0.639937939
10136.158272136 24.537822295 29.811654361 1.483691237 0.624681093 -0.289431958 -0.337056470 0.642180356
10136.191605469 24.484833869 29.809956638 1.487578201 0.625094865 -0.285528467 -0.334860017 0.644669429
10136.224938802 24.436453085 29.810309085 1.491602276 0.624973336 -0.282463709 -0.333354493 0.646913723
10136.258272136 24.376757790 29.809487096 1.497558153 0.624338734 -0.279580234 -0.332483979 0.649222953
10136.291605469 24.333137143 29.808462310 1.502040277 0.623746034 -0.277858707 -0.332167878 0.650691882
10136.324938802 24.282784817 29.806870575 1.506755739 0.623265250 -0.275890645 -0.331752056 0.652200393
10136.358272136 24.228865482 29.803812385 1.511092653 0.623336768 -0.273244661 -0.330696814 0.653779967
10136.391605469 24.187758407 29.800998502 1.513050885 0.623777025 -0.270873015 -0.329457070 0.654971810
10136.424938802 24.136954168 29.797055517 1.512787408 0.624648547 -0.267904218 -0.327665342 0.656259816
10136.458272136 24.091195981 29.793090807 1.510999340 0.625447192 -0.265379059 -0.326121214 0.657293481
10136.491605469 24.046796430 29.789054937 1.506448908 0.626149852 -0.263491508 -0.324848395 0.658013760
10136.524938802 24.000963715 29.784347714 1.500061368 0.626734034 -0.262114774 -0.323893336 0.658478095
10136.558272136 23.943445409 29.778012410 1.491102284 0.627113751 -0.261229795 -0.323352727 0.658733901
10136.591605469 23.899449093 29.772839934 1.484184877 0.627230345 -0.260799463 -0.323191939 0.658872298
10136.624938802 23.845529148 29.766097218 1.476941306 0.627568890 -0.259918360 -0.322779142 0.659100417
10136.658272136 23.798996703 29.758727100 1.472473919 0.628244770 -0.258352459 -0.321943770 0.659480647
10136.691605469 23.752829753 29.750871231 1.471106056 0.629301535 -0.256155655 -0.320607446 0.659980852
10136.724938802 23.707136340 29.742044682 1.472682559 0.630910386 -0.253140769 -0.318533000 0.660612265
10136.758272136 23.648870008 29.730595371 1.478432724 0.633318024 -0.248645013 -0.315367607 0.661533983
10136.791605469 23.606474721 29.722910051 1.483562350 0.634960819 -0.245550577 -0.313180028 0.662154017
10136.824938802 23.555347652 29.715315000 1.490332046 0.636467016 -0.242630457 -0.311109320 0.662760281
10136.858272136 23.506541280 29.709371988 1.497290428 0.637339231 -0.240739797 -0.309843190 0.663204533
10136.891605469 23.461145230 29.704840008 1.503479175 0.637527892 -0.240270206 -0.309535074 0.663337360
10136.924938802 23.407075660 29.701335605 1.509735790 0.636684723 -0.241768404 -0.310528858 0.663138320
10136.958272136 23.356164264 29.697587420 1.514685138 0.635154846 -0.244658155 -0.312374130 0.662678739
10136.991605469 23.308183143 29.694647530 1.517075700 0.633410604 -0.248125227 -0.314446539 0.662078736
10137.024938802 23.260088016 29.691125616 1.517677757 0.631710221 -0.251390374 -0.316234327 0.661619927
10137.058272136 23.199110735 29.686609832 1.515145230 0.630372318 -0.253799603 -0.316971087 0.661623634
10137.091605469 23.153254989 29.683313496 1.511433602 0.629807430 -0.254584394 -0.316663583 0.662007223
10137.124938802 23.107212638 29.679567820 1.506475232 0.629465899 -0.254590110 -0.315705830 0.662786833
10137.158272136 23.051384190 29.675235299 1.499499534 0.629004768 -0.254301481 -0.314328506 0.663988967
10137.191605469 23.001687981 29.670484499 1.493658617 0.628605457 -0.253788417 -0.312778939 0.665293885
10137.224938802 22.948046532 29.664224605 1.488288752 0.628680590 -0.251849424 -0.309940217 0.667285280
10137.258272136 22.893457401 29.656905170 1.484056504 0.630234424 -0.246333157 -0.304457284 0.670395636
10137.291605469 22.850815587 29.649809607 1.482234415 0.632913970 -0.238775811 -0.297813234 0.673582434
10137.324938802 22.801772312 29.641690626 1.481643308 0.637788215 -0.225107845 -0.286701046 0.678494776
10137.358272136 22.749775596 29.631405774 1.483277881 0.643570897 -0.208703890 -0.273870271 0.683559991
10137.391605469 22.709497351 29.623078196 1.485743307 0.647827134 -0.196378878 -0.264438096 0.686897252
10137.424938802 22.667935397 29.616166539 1.488758711 0.651324291 -0.185788960 -0.256472711 0.689551215
10137.458272136 22.613308959 29.609159688 1.492838530 0.653826388 -0.177988457 -0.250768304 0.691336692
10137.491605469 22.571273025 29.603428401 1.495831126 0.654532359 -0.175879181 -0.249467045 0.691679187
10137.524938802 22.526170471 29.596381429 1.498305543 0.653903044 -0.178394429 -0.251738511 0.690806745
10137.558272136 22.474118999 29.587988716 1.500259381 0.652154569 -0.184853951 -0.257110673 0.688779745
10137.591605469 22.431488318 29.581759087 1.499657616 0.650412876 -0.191517127 -0.262344871 0.686629048
10137.624938802 22.388659516 29.574858303 1.497530683 0.648678347 -0.198742085 -0.268075664 0.683998116
10137.658272136 22.332512588 29.564644389 1.492403180 0.647073018 -0.207052568 -0.274642032 0.680439194
10137.691605469 22.290620259 29.556681296 1.487147757 0.646344567 -0.212263180 -0.278796170 0.677831645
10137.724938802 22.242804922 29.546048630 1.480450168 0.646081849 -0.217149751 -0.283014289 0.674779329
10137.758272136 22.192259721 29.532957143 1.472990781 0.646073135 -0.221867658 -0.287276205 0.671443689
10137.791605469 22.152294364 29.521967563 1.467631582 0.646246087 -0.225206511 -0.290495764 0.668775174
10137.824938802 22.108106189 29.508428812 1.463167819 0.646829365 -0.228127146 -0.293371742 0.665960058
10137.858272136 22.058505276 29.491328655 1.460570921 0.648333860 -0.230417702 -0.295606572 0.662712338
10137.891605469 22.017770625 29.478356055 1.459993488 0.649895780 -0.231499722 -0.296556912 0.660376674
10137.924938802 21.975298923 29.464065071 1.461314746 0.651974326 -0.232134758 -0.296947008 0.657925076
10137.958272136 21.928286023 29.448078613 1.464527426 0.654315053 -0.233185803 -0.297312291 0.655058466
10137.991605469 21.887952437 29.436469107 1.467482713 0.655814369 -0.234551088 -0.297921307 0.652791081
10138.024938802 21.842929242 29.424163813 1.471709860 0.657211590 -0.236397000 -0.298761952 0.650331208
10138.058272136 21.790055003 29.409420964 1.477500818 0.658842640 -0.238459611 -0.299607483 0.647532814
10138.091605469 21.747033750 29.398738944 1.480754473 0.659940922 -0.240337229 -0.300398072 0.645350288
10138.124938802 21.702301328 29.389278394 1.482658957 0.660761113 -0.242815820 -0.301417337 0.643104049
10138.158272136 21.643975705 29.376409635 1.483072857 0.661543339 -0.246399839 -0.302864230 0.640250567
10138.191605469 21.598110149 29.366519484 1.481741384 0.661990572 -0.249367030 -0.304007079 0.638094243
10138.224938802 21.550025195 29.356520008 1.478694148 0.662251128 -0.252576364 -0.305042606 0.636064173
10138.258272136 21.497830068 29.345774950 1.473956630 0.662368812 -0.255785580 -0.305810180 0.634288127
10138.291605469 21.449714628 29.335111473 1.469158254 0.662560270 -0.258001045 -0.305875164 0.633158537
10138.324938802 21.396447817 29.322672312 1.463520254 0.663120751 -0.258978701 -0.304841755 0.632670852
10138.358272136 21.340529064 29.309057655 1.458155917 0.664365814 -0.258029736 -0.302403062 0.632922671
10138.391605469 21.295720244 29.297970011 1.454611699 0.665885084 -0.255695805 -0.299303663 0.633746027
10138.424938802 21.249542011 29.287432053 1.451584978 0.668030413 -0.251825308 -0.294963425 0.635071618
10138.458272136 21.192575634 29.274446465 1.449544593 0.670831691 -0.246257475 -0.289238793 0.636932507
10138.491605469 21.148164190 29.263755182 1.449102313 0.672822543 -0.241992635 -0.285118894 0.638323277
10138.524938802 21.103788780 29.254267418 1.449667255 0.674547564 -0.238166096 -0.281751825 0.639436004
10138.558272136 21.046896169 29.241293469 1.451265074 0.676274639 -0.234138466 -0.278777771 0.640402018
10138.591605469 21.003906348 29.230206569 1.452623707 0.677290348 -0.231700923 -0.277388707 0.640818205
10138.624938802 20.954226579 29.216348571 1.454974991 0.678088279 -0.229789986 -0.277124188 0.640776898
10138.658272136 20.901580990 29.200735973 1.457554909 0.678702130 -0.228586974 -0.277959627 0.640195174
10138.691605469 20.860883524 29.188285447 1.459130662 0.679037610 -0.228252234 -0.279288275 0.639380091
10138.724938802 20.816701220 29.174402534 1.460304187 0.679333102 -0.228453666 -0.281409574 0.638062780
10138.758272136 20.762993435 29.157390600 1.460595197 0.679424555 -0.229513940 -0.284826649 0.636065566
10138.791605469 20.720914895 29.144360155 1.459652582 0.679234265 -0.230900746 -0.287981356 0.634344069
10138.824938802 20.673248808 29.129489143 1.456856588 0.678754340 -0.232932652 -0.291917532 0.632312486
10138.858272136 20.621881273 29.112559611 1.452763876 0.677948363 -0.235300901 -0.296390614 0.630215920
10138.891605469 20.581199408 29.098768761 1.448640979 0.677153828 -0.237179408 -0.299880487 0.628713222
10138.924938802 20.532664505 29.082443553 1.443086097 0.676127786 -0.239232575 -0.303622095 0.627242071
10138.958272136 20.478524189 29.063792495 1.437182205 0.675042740 -0.240860362 -0.307077248 0.626104742
10138.991605469 20.435609611 29.048860918 1.433616661 0.674489171 -0.241453467 -0.309008668 0.625522361
10139.024938802 20.387087887 29.031673582 1.431798271 0.674488620 -0.240936682 -0.309898932 0.625281751
10139.058272136 20.334709051 29.013755215 1.432116405 0.674895565 -0.239554001 -0.309923123 0.625361907
10139.091605469 20.294108336 29.000828568 1.433932704 0.675129800 -0.238619885 -0.309897277 0.625479001
10139.124938802 20.246123240 28.987925426 1.438037542 0.674495060 -0.239242301 -0.311093379 0.625332267
10139.158272136 20.196711920 28.977172505 1.443498277 0.672647578 -0.242090672 -0.313972139 0.624787034
10139.191605469 20.152835849 28.969217148 1.449071754 0.669952459 -0.246626223 -0.317929364 0.623907147
10139.224938802 20.103287491 28.961721986 1.455220665 0.666108573 -0.253185753 -0.323250606 0.622659930
10139.258272136 20.052846963 28.955082518 1.461232163 0.661883341 -0.260037084 -0.328357317 0.621669229
10139.291605469 20.012221050 28.950530387 1.464683249 0.658980841 -0.264462515 -0.331236485 0.621358367
10139.324938802 19.965564959 28.945937796 1.466088974 0.656877404 -0.267197420 -0.332183867 0.621909553
10139.358272136 19.910866362 28.941000714 1.465503198 0.655625953 -0.267938101 -0.330761465 0.623667089
10139.391605469 19.870734768 28.938502656 1.463623356 0.655269467 -0.267130553 -0.328230995 0.625721669
10139.424938802 19.828152081 28.937087047 1.459745158 0.655351270 -0.265157341 -0.324170052 0.628585774
10139.458272136 19.785445119 28.937864265 1.454524752 0.655375026 -0.262721831 -0.319311851 0.632060722
10139.491605469 19.750968420 28.939457238 1.450019503 0.655297120 -0.260790832 -0.315304001 0.634946622
10139.524938802 19.707207821 28.941428155 1.444124343 0.655185851 -0.258607136 -0.310441248 0.638341665
10139.558272136 19.668211598 28.947520501 1.438697409 0.655349792 -0.255929565 -0.304753461 0.641982894
10139.591605469 19.630965561 28.949955904 1.435765070 0.655927996 -0.253294699 -0.299757587 0.644783413
10139.624938802 19.580999900 28.950197517 1.434113122 0.657515606 -0.249049024 -0.292924572 0.647952935
10139.658272136 19.525215995 28.950001708 1.434850001 0.660394642 -0.242115813 -0.283698163 0.651747038
10139.691605469 19.477884864 28.948454861 1.436213110 0.663331211 -0.235435028 -0.275569868 0.654693287
10139.724938802 19.428539748 28.945487425 1.440119199 0.666950795 -0.227384101 -0.266271576 0.657702483
10139.758272136 19.373513464 28.940993453 1.444150946 0.670346851 -0.219967980 -0.257790307 0.660146457
10139.791605469 19.325958454 28.936151439 1.448746622 0.673001118 -0.214385739 -0.251263074 0.661796886
10139.824938802 19.276606858 28.930957999 1.453672816 0.675258240 -0.210050403 -0.245704640 0.662973881
10139.858272136 19.223900230 28.924760563 1.457693407 0.676771089 -0.207842951 -0.241775788 0.663571149
10139.891605469 19.182949073 28.920362593 1.459733566 0.677322971 -0.207853603 -0.240095870 0.663614682
10139.924938802 19.137247033 28.915284413 1.459843724 0.677352149 -0.209829762 -0.239762387 0.663083355
10139.958272136 19.091186647 28.907392761 1.457891032 0.677212615 -0.212829658 -0.240097098 0.662148015
10139.991605469 19.049464905 28.901070934 1.453757813 0.677100233 -0.215793570 -0.240553707 0.661137144
10140.024938802 19.001759455 28.893100111 1.446446836 0.677338788 -0.218497605 -0.240469173 0.660034498
10140.058272136 18.952931598 28.881682110 1.437849712 0.678161899 -0.219916776 -0.239071136 0.659225335
10140.091605469 18.912492540 28.872668756 1.430507119 0.679196183 -0.220079024 -0.237052676 0.658835182
10140.124938802 18.866006922 28.861500468 1.422358991 0.680880439 -0.219152958 -0.233663541 0.658616093
10140.158272136 18.813258151 28.847627274 1.415321988 0.683158810 -0.217334397 -0.229017577 0.658491268
10140.191605469 18.770093903 28.836532755 1.411573635 0.685113472 -0.215714987 -0.225135849 0.658331546
10140.224938802 18.720957115 28.823933441 1.410213119 0.687695859 -0.213520192 -0.220357790 0.657971107
10140.258272136 18.670520024 28.810887386 1.411443625 0.690710196 -0.210622577 -0.214905332 0.657550951
10140.291605469 18.618959548 28.797739580 1.414956121 0.693530857 -0.207923914 -0.209869454 0.657067279
10140.324938802 18.579594770 28.787930284 1.418506347 0.695335242 -0.206488802 -0.206734129 0.656606637
10140.358272136 18.534282463 28.777225746 1.423089740 0.696783507 -0.206006584 -0.204427272 0.655944755
10140.391605469 18.476591228 28.763571329 1.429000675 0.698023528 -0.206832096 -0.202845932 0.654856600
10140.424938802 18.433116932 28.753676561 1.433169612 0.698519066 -0.208267831 -0.202402948 0.654009688
10140.458272136 18.388184488 28.743202409 1.436194774 0.698626101 -0.210083245 -0.202266856 0.653356503
10140.491605469 18.345493141 28.732105778 1.438528477 0.698634226 -0.211520308 -0.201689898 0.653062450
10140.524938802 18.306729878 28.722112331 1.438925055 0.698665975 -0.212057366 -0.200253248 0.653296384
10140.558272136 18.263014684 28.710730495 1.437028631 0.698893847 -0.211348335 -0.197146328 0.654226717
10140.591605469 18.217514506 28.699108839 1.433819614 0.699313742 -0.209076025 -0.192113591 0.656002953
10140.624938802 18.185947816 28.691070272 1.430796269 0.699821109 -0.206338864 -0.187302998 0.657717474
10140.658272136 18.149771236 28.683360991 1.426134746 0.700709371 -0.201493830 -0.180093998 0.660282338
10140.691605469 18.105805524 28.674368520 1.419579765 0.701920794 -0.193694458 -0.169516290 0.664118877
10140.724938802 18.073642261 28.667329959 1.414403133 0.702888408 -0.186456464 -0.160349065 0.667435428
10140.758272136 18.039646244 28.661276049 1.408560376 0.703959790 -0.176613395 -0.148878708 0.671627466
10140.791605469 18.006779240 28.655862793 1.403079935 0.705059012 -0.164592000 -0.135717958 0.676300154
10140.824938802 17.978865674 28.650233626 1.399886898 0.706187283 -0.151049766 -0.121837799 0.680910450
10140.858272136 17.953079298 28.645057079 1.398533244 0.707443292 -0.134121888 -0.105379991 0.685879264
10140.891605469 17.923780923 28.635210103 1.399564315 0.708971939 -0.111334524 -0.084243299 0.691278873
10140.924938802 17.903223822 28.626030388 1.401655326 0.709862772 -0.093258643 -0.068013158 0.694817875
10140.958272136 17.881252634 28.614700828 1.405437138 0.710429814 -0.072255914 -0.049976852 0.698262756
10140.991605469 17.859931948 28.600545701 1.410971506 0.710470145 -0.050541956 -0.031864978 0.701186356
10141.024938802 17.844682118 28.588104709 1.415383455 0.710132514 -0.035771889 -0.019895912 0.702877185
10141.058272136 17.831919518 28.573650185 1.419523967 0.709587095 -0.022647382 -0.009624827 0.704187910
10141.091605469 17.821842931 28.556027435 1.423619237 0.708959073 -0.010689677 -0.000702046 0.705168257
10141.124938802 17.811560494 28.540122661 1.425601665 0.708484909 -0.002771059 0.004957558 0.705703108
10141.158272136 17.815823813 28.522703847 1.427611120 0.708199387 0.004731983 0.010042690 0.705925195
10141.191605469 17.817188541 28.500887520 1.427954096 0.708045053 0.012689621 0.015364718 0.705886040
10141.224938802 17.809627909 28.480320401 1.425946435 0.708051967 0.019065155 0.019697536 0.705628045
10141.258272136 17.806583927 28.455499053 1.422622398 0.708179704 0.026309633 0.024654153 0.705110972
10141.291605469 17.833170524 28.430547025 1.421362322 0.708331675 0.034417231 0.030160752 0.704394791
10141.324938802 17.844103439 28.407334638 1.419082061 0.708453304 0.040888999 0.034767704 0.703713871
10141.358272136 17.848528764 28.378875098 1.416077289 0.708459401 0.048161434 0.040331236 0.702950315
10141.391605469 17.858315313 28.345758929 1.414455597 0.708375339 0.056919314 0.047276965 0.701946906
10141.424938802 17.858928775 28.319259103 1.413680387 0.708274359 0.063918779 0.053099016 0.701029469
10141.458272136 17.854152556 28.287057017 1.414302182 0.708038914 0.072805581 0.060702825 0.699782403
10141.491605469 17.851032887 28.246051616 1.417019420 0.707423074 0.084975763 0.071228573 0.698038827
10141.524938802 17.848686869 28.214052971 1.419729657 0.706698074 0.094967285 0.080046524 0.696528248
10141.558272136 17.847981812 28.184180206 1.422403805 0.705789278 0.104639353 0.088605260 0.695026049
10141.591605469 17.847249450 28.145805661 1.425976086 0.704293880 0.117656308 0.100249139 0.692876060
10141.624938802 17.845892246 28.115070683 1.428722279 0.702870449 0.128262476 0.109845392 0.690981808
10141.658272136 17.844707546 28.083653482 1.431113696 0.701340783 0.138505443 0.119308220 0.688986863
10141.691605469 17.843876842 28.046850939 1.433371425 0.699780425 0.148393939 0.128815740 0.686799170
10141.724938802 17.843129701 28.016761358 1.434181678 0.698692367 0.154890595 0.135407206 0.685202721
10141.758272136 17.842704649 27.986881175 1.433745602 0.697768325 0.160205124 0.141082931 0.683775760
10141.791605469 17.841947039 27.950270769 1.432417106 0.696538794 0.166314275 0.147753398 0.682159954
10141.824938802 17.841839602 27.915378406 1.430012177 0.695196414 0.172214030 0.154181178 0.680641197
10141.858272136 17.841047145 27.876922209 1.427275339 0.693648705 0.178656656 0.160925209 0.678996576
10141.891605469 17.840867369 27.836308050 1.424068342 0.691838253 0.185525001 0.168021941 0.677280542
10141.924938802 17.840937823 27.802615195 1.421749015 0.690256692 0.190884008 0.173582543 0.676001549
10141.958272136 17.840317044 27.769339555 1.420556731 0.688722148 0.195342185 0.178310078 0.675062034
10141.991605469 17.839616017 27.726071199 1.419616222 0.686766596 0.200050932 0.183603922 0.674255787
10142.024938802 17.839323759 27.689782140 1.419138036 0.685042058 0.203853379 0.187967867 0.673668508
10142.058272136 17.839360480 27.652663138 1.420051319 0.682979767 0.208568135 0.193148278 0.672853411
10142.091605469 17.840337383 27.610922713 1.422280676 0.680146351 0.215215357 0.200123083 0.671590681
10142.124938802 17.842254447 27.575836380 1.424925954 0.677501129 0.221497431 0.206553208 0.670273736
10142.158272136 17.845267907 27.539054636 1.428373838 0.674808364 0.227789979 0.212997194 0.668862910
10142.191605469 17.849769212 27.494110532 1.432781435 0.671843471 0.233995959 0.219686368 0.667540367
10142.224938802 17.853375651 27.456770988 1.436460187 0.669733518 0.237837107 0.224152864 0.666817830
10142.258272136 17.856957970 27.420232316 1.440017497 0.668380390 0.239866213 0.226996388 0.666486679
10142.291605469 17.862176954 27.371904239 1.444016852 0.667357202 0.240830835 0.229204366 0.666408457
10142.324938802 17.866536994 27.331205937 1.446007949 0.666879595 0.240896023 0.230385828 0.666455612
10142.358272136 17.871397994 27.288702966 1.446062339 0.666692091 0.240725832 0.231260996 0.666401591
10142.391605469 17.877005166 27.243934283 1.444898171 0.666465500 0.241003859 0.232367977 0.666142627
10142.424938802 17.882418611 27.202732079 1.441860423 0.666141139 0.241932291 0.233739752 0.665650418
10142.458272136 17.888449488 27.156251696 1.436936255 0.665772280 0.243289792 0.235262194 0.664988006
10142.491605469 17.894815099 27.104125272 1.430949221 0.665535444 0.244059163 0.236221390 0.664603004
10142.524938802 17.899721894 27.062006373 1.425690375 0.665598317 0.243797476 0.236198911 0.664644074
10142.558272136 17.904694696 27.017605790 1.421076841 0.665880870 0.242466809 0.235264594 0.665178986
10142.591605469 17.910340163 26.966273427 1.417097990 0.666226978 0.240474263 0.233762409 0.666084739
10142.624938802 17.915642485 26.919551620 1.414557151 0.666482838 0.238861540 0.232445785 0.666869364
10142.658272136 17.921943468 26.869951393 1.414022852 0.666475967 0.238241173 0.231806880 0.667320387
10142.691605469 17.929119955 26.819814321 1.415120738 0.666122935 0.238717171 0.232029464 0.667425408
10142.724938802 17.935405972 26.774012539 1.417661652 0.665573742 0.239816484 0.232737190 0.667332787
10142.758272136 17.941466014 26.724969442 1.421473625 0.665119328 0.240709737 0.233177785 0.667310439
10142.791605469 17.947068258 26.675827328 1.425758497 0.665140363 0.240364099 0.232607424 0.667613049
10142.824938802 17.951076650 26.632085139 1.429907396 0.665690761 0.238729957 0.231009977 0.668205214
10142.858272136 17.954361526 26.586359977 1.434248144 0.666709808 0.235962714 0.228464159 0.669046903
10142.891605469 17.957223775 26.535791610 1.438520740 0.668189214 0.232187888 0.225145672 0.670015959
10142.924938802 17.958895240 26.489035854 1.441812482 0.669790671 0.228506367 0.221908320 0.670762249
10142.958272136 17.959725472 26.441864325 1.443846096 0.671586145 0.224871436 0.218705335 0.671247245
10142.991605469 17.960306599 26.387513343 1.444154045 0.673863128 0.220631034 0.215046428 0.671554514
10143.024938802 17.961141189 26.341607512 1.443006973 0.675914061 0.217036366 0.212048680 0.671618013
10143.058272136 17.961440608 26.295900944 1.440205740 0.677945025 0.213799094 0.209469156 0.671418769
10143.091605469 17.961155868 26.241263842 1.435041810 0.680128262 0.210693278 0.207187358 0.670900356
10143.124938802 17.960648076 26.196125227 1.430054926 0.681583008 0.209116618 0.206281666 0.670196029
10143.158272136 17.959988550 26.151398536 1.424517234 0.682290603 0.209639719 0.207360848 0.668978475
10143.191605469 17.959339313 26.101274302 1.418473586 0.682232556 0.212755317 0.210912204 0.666940744
10143.224938802 17.959203333 26.060595062 1.414380143 0.681530699 0.217264468 0.215639056 0.664689291
10143.258272136 17.959631537 26.018689997 1.411488878 0.680026713 0.224382491 0.222752118 0.661511649
10143.291605469 17.960154197 25.971772589 1.410236928 0.677705421 0.233914432 0.232109952 0.657361674
10143.324938802 17.960431204 25.932297663 1.411415775 0.675596802 0.241902037 0.239967019 0.653810520
10143.358272136 17.960468482 25.892810766 1.414098321 0.673810436 0.248624973 0.246861082 0.650557242
10143.391605469 17.959755093 25.846003977 1.418405660 0.672569882 0.253770863 0.252774217 0.647576480
10143.424938802 17.958286256 25.806766805 1.422907555 0.672418246 0.255474684 0.255544633 0.645974713
10143.458272136 17.955817462 25.765306104 1.428010510 0.673361451 0.254117818 0.255882272 0.645393487
10143.491605469 17.952827021 25.718655296 1.433521059 0.674978425 0.251125037 0.255147082 0.645166885
10143.524938802 17.950594316 25.681244572 1.437182380 0.676362037 0.248575351 0.254444991 0.644982509
10143.558272136 17.949265678 25.640104312 1.439974254 0.677309184 0.247275338 0.254866255 0.644321634
10143.591605469 17.949021257 25.596224883 1.441200666 0.677618240 0.247713369 0.256969231 0.642991775
10143.624938802 17.949027810 25.557837043 1.440230929 0.677286380 0.249586863 0.260178419 0.641324214
10143.658272136 17.948799336 25.515335846 1.437762640 0.676541367 0.252330668 0.264313675 0.639342861
10143.691605469 17.948784871 25.471991212 1.433961528 0.675614748 0.255117745 0.268656653 0.637403524
10143.724938802 17.948862263 25.433092432 1.429804100 0.674771440 0.257239562 0.272275183 0.635906861
10143.758272136 17.948761470 25.390072248 1.425188226 0.674002186 0.258905559 0.275637406 0.634596710
10143.791605469 17.948139938 25.341243193 1.420698535 0.673527589 0.259615315 0.278424724 0.633593047
10143.824938802 17.947073153 25.299571153 1.418032923 0.673623444 0.259015953 0.279718741 0.633166343
10143.858272136 17.945967980 25.256766571 1.417113413 0.674446235 0.257062890 0.279737529 0.633078085
10143.891605469 17.944485480 25.210172157 1.418130692 0.675528525 0.254785133 0.279393085 0.632997039
10143.924938802 17.942649744 25.166247690 1.421024269 0.676367186 0.253358883 0.279454606 0.632646686
10143.958272136 17.940885337 25.120094760 1.425639420 0.676946208 0.252784574 0.280184431 0.631933917
10143.991605469 17.938954029 25.066412284 1.432082912 0.677635898 0.252222612 0.281041859 0.631037888
10144.024938802 17.937108591 25.019977301 1.437859697 0.678594699 0.251002446 0.281119427 0.630459256
10144.058272136 17.935136624 24.974503753 1.443195782 0.680277994 0.248031353 0.279686168 0.630458520
10144.091605469 17.932638484 24.923257582 1.448548798 0.682884412 0.242884763 0.276609973 0.631001423
10144.124938802 17.930120138 24.878803933 1.452459740 0.685623141 0.237132588 0.272926146 0.631823047
10144.158272136 17.926952679 24.831932591 1.455389579 0.688804792 0.230211115 0.268452063 0.632838282
10144.191605469 17.924049544 24.782869339 1.457328954 0.691981054 0.223256582 0.264056488 0.633713572
10144.224938802 17.920985482 24.738717854 1.457938397 0.694437627 0.217938567 0.261009061 0.634139916
10144.258272136 17.916708968 24.691651487 1.457604091 0.696403458 0.213740933 0.259166479 0.634168569
10144.291605469 17.911532239 24.641259537 1.456557884 0.697735348 0.210865089 0.258714573 0.633851771
10144.324938802 17.907001988 24.600625316 1.455210604 0.698293869 0.209611206 0.259342358 0.633395891
10144.358272136 17.902248716 24.559370068 1.453634865 0.698233393 0.209534461 0.261026101 0.632796028
10144.391605469 17.896914293 24.513157782 1.451879496 0.697516029 0.210681478 0.264012236 0.631966963
10144.424938802 17.892450758 24.474281895 1.450683038 0.696239185 0.213110847 0.267816281 0.630958955
10144.458272136 17.888100328 24.433688940 1.450404072 0.694033826 0.217804768 0.273596669 0.629303579
10144.491605469 17.883681891 24.386861360 1.451417324 0.690602114 0.225384072 0.282195382 0.626607139
10144.524938802 17.880315847 24.340813940 1.453839545 0.686330471 0.234853189 0.292435493 0.623117923
10144.558272136 17.878425055 24.302929327 1.457022687 0.682521118 0.243197961 0.301264746 0.619886464
10144.591605469 17.877108869 24.263278799 1.461504436 0.679060981 0.250833379 0.309328273 0.616664268
10144.624938802 17.876139346 24.221791314 1.466482531 0.676142235 0.257411103 0.316414585 0.613557669
10144.658272136 17.875903718 24.183763687 1.471494901 0.674506933 0.261375521 0.320991045 0.611300239
10144.691605469 17.876867626 24.141615926 1.477837946 0.674024830 0.263387152 0.323819184 0.609474259
10144.724938802 17.879475288 24.096629743 1.484490589 0.674748705 0.263550156 0.324880788 0.608036162
10144.758272136 17.881901624 24.057610192 1.488723059 0.676001644 0.262627076 0.324698943 0.607140340
10144.791605469 17.885042376 24.017211643 1.490729523 0.677602363 0.261143553 0.324085290 0.606323187
10144.824938802 17.889724570 23.970567260 1.490575145 0.679369064 0.259755949 0.323717793 0.605137432
10144.858272136 17.894341500 23.931427072 1.488394594 0.680528105 0.259329351 0.324085706 0.603819709
10144.891605469 17.902109587 23.894563516 1.484597313 0.681034692 0.260233136 0.325642897 0.602019241
10144.924938802 17.911545859 23.850267016 1.478361023 0.680992333 0.262551668 0.328538880 0.599481667
10144.958272136 17.918827083 23.810156252 1.472150270 0.680540996 0.265321394 0.331656667 0.597053068
10144.991605469 17.927137619 23.772388792 1.466663528 0.679680391 0.268793658 0.335269388 0.594456873
10145.024938802 17.938883961 23.725857802 1.460994737 0.677999377 0.274168717 0.340541932 0.590914166
10145.058272136 17.949932537 23.684364521 1.457526309 0.676105128 0.279536242 0.345601796 0.587622960
10145.091605469 17.961507079 23.645041176 1.457144333 0.674093367 0.285108867 0.350522341 0.584333086
10145.124938802 17.976448590 23.600984141 1.459143077 0.671757323 0.291558782 0.355928722 0.580560350
10145.158272136 17.990082589 23.565254367 1.462412634 0.669868913 0.296653380 0.360030038 0.577625123
10145.191605469 18.003290590 23.529721834 1.466446372 0.668225769 0.301109947 0.363492316 0.575048222
10145.224938802 18.019799617 23.486819792 1.471757073 0.666294796 0.306058214 0.367222877 0.572299722
10145.258272136 18.034160675 23.451176724 1.476355786 0.664483093 0.310243558 0.370384694 0.570110808
10145.291605469 18.048403159 23.418653241 1.480345637 0.662305675 0.314660746 0.373871909 0.567943310
10145.324938802 18.066099577 23.382399647 1.484512155 0.659332944 0.320224725 0.378300877 0.565353554
10145.358272136 18.079648116 23.354431688 1.486975133 0.656920373 0.324569286 0.381728498 0.563377099
10145.391605469 18.094904452 23.323464201 1.488351187 0.654495203 0.328879559 0.384998785 0.561471459
10145.424938802 18.115574145 23.287072248 1.489044233 0.651656760 0.333842143 0.388626948 0.559340670
10145.458272136 18.132048558 23.259642412 1.488295292 0.649548413 0.337408285 0.391156635 0.557887977
10145.491605469 18.148166196 23.232336888 1.486185625 0.647453713 0.340877952 0.393615776 0.556482284
10145.524938802 18.168552256 23.200155596 1.483055352 0.644749037 0.345338039 0.396759397 0.554637088
10145.558272136 18.185633401 23.173747000 1.480091866 0.642215576 0.349457865 0.399728755 0.552860992
10145.591605469 18.201264055 23.149150291 1.477571133 0.639410637 0.353860238 0.403113548 0.550850648
10145.624938802 18.220216841 23.120619547 1.475340540 0.635341557 0.360009893 0.408029437 0.547947043
10145.658272136 18.238422189 23.094266162 1.473945939 0.630535034 0.366990980 0.413765981 0.544555695
10145.691605469 18.256728090 23.068249358 1.473737672 0.624457167 0.375421874 0.420898758 0.540329435
10145.724938802 18.277821005 23.040989107 1.475109874 0.616098345 0.386567342 0.430564778 0.534417899
10145.758272136 18.296211430 23.019161783 1.477375193 0.607539680 0.397535804 0.440209911 0.528276496
10145.791605469 18.313819085 22.999746434 1.480473438 0.598176920 0.409003739 0.450380892 0.521591187
10145.824938802 18.335551915 22.976565757 1.484601558 0.586286348 0.422887237 0.462822492 0.513059493
10145.858272136 18.354325481 22.956891493 1.488272496 0.575973153 0.434379196 0.473215466 0.505605343
10145.891605469 18.370894993 22.939526062 1.491162539 0.567500096 0.443444495 0.481411160 0.499543708
10145.924938802 18.393353597 22.916123371 1.494563173 0.557635268 0.453636666 0.490726836 0.492385880
10145.958272136 18.414513698 22.895540978 1.497505990 0.549248518 0.462051072 0.498460545 0.486180993
10145.991605469 18.433551479 22.877500570 1.499133285 0.542056023 0.469133191 0.504928126 0.480766997
10146.024938802 18.454966798 22.857255306 1.499755853 0.533844990 0.477094366 0.512103675 0.474489534
10146.058272136 18.475240900 22.840350887 1.499001127 0.525375098 0.485124839 0.519200179 0.468044946
10146.091605469 18.496084204 22.824820491 1.497008860 0.515495313 0.494196943 0.527116907 0.460631881
10146.124938802 18.521921996 22.807721094 1.492642346 0.501888690 0.506278202 0.537428935 0.450511115
10146.158272136 18.546387568 22.792904333 1.487118683 0.488406322 0.517755681 0.547050607 0.440594998
10146.191605469 18.569112717 22.781779379 1.481740506 0.477108142 0.527053235 0.554486805 0.432581889
10146.224938802 18.598400263 22.766877357 1.475195323 0.465077644 0.536722712 0.561710320 0.424397258
10146.258272136 18.624065261 22.751807240 1.469486072 0.456637740 0.543367919 0.566268742 0.419014308
10146.291605469 18.647932765 22.738343440 1.465751206 0.451597673 0.547298773 0.568464825 0.416378838
10146.324938802 18.679344033 22.720636792 1.462994280 0.447080596 0.550894572 0.569873139 0.414582581
10146.358272136 18.707798340 22.704102328 1.462285230 0.443813151 0.553580401 0.570562632 0.413566089
10146.391605469 18.733978058 22.689930645 1.464283138 0.440417305 0.556418954 0.571407389 0.412218560
10146.424938802 18.765112240 22.674428439 1.468340958 0.434897846 0.560904676 0.573277179 0.409393556
10146.458272136 18.790923121 22.661010558 1.472645327 0.429133164 0.565426956 0.575527355 0.406085396
10146.491605469 18.814728293 22.648024989 1.477248688 0.423370081 0.569808989 0.577875782 0.402659993
10146.524938802 18.844019667 22.632151767 1.482714067 0.416613538 0.574743586 0.580617283 0.398731164
10146.558272136 18.869714652 22.617950458 1.487137540 0.411352218 0.578391971 0.582765531 0.395773188
10146.591605469 18.891643534 22.603579209 1.490461030 0.407808709 0.580671829 0.584240733 0.393922645
10146.624938802 18.919426622 22.584903276 1.493765155 0.404552094 0.582541810 0.585675023 0.392386812
10146.658272136 18.945805321 22.568578545 1.495956744 0.402319805 0.583648017 0.586768923 0.391402603
10146.691605469 18.968709083 22.553431649 1.496261863 0.400867176 0.584219864 0.587711585 0.390624820
10146.724938802 18.995551072 22.535478400 1.495133802 0.398941155 0.584920877 0.589206544 0.389293168
10146.758272136 19.021336838 22.518813317 1.492985549 0.396503743 0.585895105 0.591168641 0.387338798
10146.791605469 19.047678105 22.501992278 1.489885907 0.393099766 0.587412959 0.593856465 0.384386639
10146.824938802 19.076915542 22.482962197 1.485902978 0.388169327 0.589703911 0.597640933 0.379998929
10146.858272136 19.102173033 22.465771053 1.482250411 0.382853885 0.592177011 0.601596655 0.375274240
10146.891605469 19.125735597 22.449042267 1.478855003 0.376936440 0.594845655 0.605925813 0.370042533
10146.924938802 19.154175938 22.428519347 1.475265739 0.368907827 0.598306088 0.611670357 0.363037484
10146.958272136 19.179817657 22.409775790 1.472630271 0.360920296 0.601569573 0.617226380 0.356205257
10146.991605469 19.204066582 22.392230168 1.471068660 0.352284006 0.605062213 0.622956520 0.348885183
10147.024938802 19.231808421 22.372161119 1.470859826 0.341122485 0.609594980 0.629875362 0.339538568
10147.058272136 19.256867753 22.354883495 1.472625664 0.329330991 0.614490446 0.636539773 0.329787366
10147.091605469 19.283390582 22.338250768 1.476350937 0.314917909 0.620539729 0.643946296 0.317947045
10147.124938802 19.311361132 22.321336591 1.481334249 0.298579485 0.627126195 0.651658268 0.304802441
10147.158272136 19.335383483 22.308215635 1.485907746 0.283984372 0.632690022 0.658065831 0.293267071
10147.191605469 19.359677932 22.295679656 1.490647922 0.270208999 0.637610527 0.663789715 0.282529870
10147.224938802 19.388464328 22.282147306 1.495794860 0.256665980 0.642167263 0.669099366 0.272120964
10147.258272136 19.414167349 22.272093061 1.499687819 0.246746918 0.645395108 0.672749150 0.264555653
10147.291605469 19.438280173 22.264026936 1.502183941 0.240139515 0.647582074 0.675010405 0.259482992
10147.324938802 19.467858369 22.254984479 1.504004925 0.234318561 0.649648286 0.676816387 0.254895067
10147.358272136 19.494530120 22.247906916 1.504513742 0.230583906 0.651161128 0.677797356 0.251815392
10147.391605469 19.520024279 22.242312913 1.503851551 0.227997832 0.652415982 0.678332173 0.249471115
10147.424938802 19.552637250 22.235916460 1.501260114 0.225529337 0.653942611 0.678675732 0.246768779
10147.458272136 19.584084514 22.230056247 1.497483224 0.223607294 0.655403975 0.678799664 0.244287584
10147.491605469 19.611888935 22.226337651 1.493169931 0.222420956 0.656554807 0.678762426 0.242376302
10147.524938802 19.646071314 22.223157705 1.487649621 0.221468384 0.657827016 0.678582297 0.240294482
10147.558272136 19.679864453 22.220135473 1.482252331 0.220361742 0.659177965 0.678435624 0.238013063
10147.591605469 19.714018419 22.218082808 1.477742387 0.217788734 0.661051269 0.678670341 0.234490627
10147.624938802 19.749432026 22.217695892 1.474621982 0.213128549 0.663713702 0.679379707 0.229136548
10147.658272136 19.781428734 22.218895961 1.473850068 0.206899258 0.666892601 0.680390488 0.222521323
10147.691605469 19.814880582 22.221200349 1.475212393 0.198557064 0.670868509 0.681706134 0.213979634
10147.724938802 19.849008971 22.225128524 1.478462556 0.188928696 0.675113854 0.683207710 0.204339075
10147.758272136 19.879364972 22.228931125 1.482550911 0.180388081 0.678615818 0.684523769 0.195877313
10147.791605469 19.908658618 22.231797221 1.486926181 0.173267727 0.681439618 0.685572518 0.188702582
10147.824938802 19.941792609 22.235231877 1.491873430 0.167259524 0.683771266 0.686458746 0.182360897
10147.858272136 19.973448994 22.238464171 1.496044310 0.163171452 0.685278421 0.687156383 0.177720759
10147.891605469 20.000488258 22.239937448 1.499127038 0.161326383 0.685904966 0.687614924 0.175196724
10147.924938802 20.032637708 22.240550449 1.502097144 0.160372768 0.686153800 0.688066507 0.173314798
10147.958272136 20.065200293 22.242463546 1.504332263 0.160170249 0.686034847 0.688530890 0.172124644
10147.991605469 20.094907806 22.244446243 1.505111533 0.160108463 0.685703301 0.689076799 0.171316747
10148.024938802 20.130291137 22.246223745 1.504412990 0.159290721 0.685402057 0.689909292 0.169928385
10148.058272136 20.164646161 22.248937968 1.502847359 0.157468495 0.685325628 0.690907697 0.167866048
10148.091605469 20.193571961 22.252010141 1.500482663 0.154399454 0.685508300 0.692092924 0.165065331
10148.124938802 20.228638399 22.256071386 1.497020125 0.149423146 0.685887453 0.693800704 0.160846849
10148.158272136 20.261215265 22.261105674 1.493373308 0.143836764 0.686305078 0.695586570 0.156383019
10148.191605469 20.292336586 22.266718039 1.489546394 0.137839187 0.686633037 0.697487802 0.151809740
10148.224938802 20.326555076 22.273292046 1.485425447 0.130780489 0.686848943 0.699745644 0.146598185
10148.258272136 20.355816583 22.279290593 1.482185879 0.123930921 0.686955673 0.701896104 0.141685881
10148.291605469 20.383820366 22.285523502 1.480018025 0.115418338 0.687279504 0.704236935 0.135557476
10148.324938802 20.415584609 22.293312938 1.478824160 0.103058731 0.688044513 0.707078074 0.126547395
10148.358272136 20.441913438 22.300410248 1.479054782 0.090902662 0.688889197 0.709457699 0.117635682
10148.391605469 20.466497335 22.307507736 1.480433302 0.079898701 0.689589875 0.711386128 0.109598262
10148.424938802 20.496681636 22.316359587 1.482599620 0.068925944 0.690007480 0.713301566 0.101684648
10148.458272136 20.522878570 22.324263300 1.484411555 0.062248015 0.690005845 0.714576454 0.096941271
10148.491605469 20.547023522 22.332191029 1.485995500 0.059176875 0.689750470 0.715364658 0.094846150
10148.524938802 20.573778827 22.342347202 1.487585437 0.057385010 0.689410685 0.715989429 0.093696345
10148.558272136 20.596794766 22.352560761 1.488716282 0.056349075 0.689301368 0.716275446 0.092940260
10148.591605469 20.620201742 22.364180907 1.489759562 0.054158605 0.689578426 0.716407726 0.091150482
10148.624938802 20.643377491 22.377511808 1.490274095 0.049897812 0.690306036 0.716447039 0.087700777
10148.658272136 20.666895638 22.392475886 1.489482399 0.043030296 0.691590914 0.716313917 0.082126563
10148.691605469 20.689073371 22.408362785 1.487650739 0.035298577 0.693127600 0.715943195 0.075851706
10148.724938802 20.707641309 22.423793541 1.484563349 0.028935336 0.694529407 0.715398632 0.070685549
10148.758272136 20.730769507 22.444640570 1.479807205 0.022834753 0.696128044 0.714538452 0.065720017
10148.791605469 20.749831712 22.463451360 1.474710801 0.019419811 0.697307274 0.713739944 0.062934330
10148.824938802 20.766071290 22.480804185 1.469448331 0.017598666 0.698154802 0.713086556 0.061463183
10148.858272136 20.787674810 22.506552862 1.461909670 0.014758242 0.699210889 0.712304742 0.059230745
10148.891605469 20.806066076 22.530928391 1.455411719 0.011184727 0.700136544 0.711694027 0.056350097
10148.924938802 20.821751126 22.551752746 1.451412496 0.006342829 0.700943920 0.711259680 0.052412375
10148.958272136 20.841126922 22.578425847 1.448367739 -0.001484045 0.701965894 0.710722175 0.045996432
10148.991605469 20.857086738 22.602167801 1.448101065 -0.009501695 0.702852334 0.710185922 0.039297207
10149.024938802 20.869782130 22.623015711 1.449612549 -0.016836601 0.703525335 0.709699606 0.033092302
10149.058272136 20.886036202 22.648311590 1.452821939 -0.025749903 0.704123664 0.709152577 0.025483934
10149.091605469 20.900974486 22.671446131 1.456455702 -0.033486688 0.704440766 0.708723414 0.018787521
10149.124938802 20.911835469 22.689594149 1.458982781 -0.038674511 0.704410987 0.708596194 0.014173153
10149.158272136 20.925937954 22.714281936 1.462054205 -0.044876591 0.704158585 0.708571642 0.008544456
10149.191605469 20.937412728 22.735943230 1.464496654 -0.049583983 0.703721890 0.708730591 0.004228398
10149.224938802 20.946906194 22.753408636 1.465866437 -0.052124195 0.703156133 0.709120162 0.001765530
10149.258272136 20.959448594 22.775867287 1.467070140 -0.053712851 0.702416933 0.709736125 -0.000125227
10149.291605469 20.970955132 22.794203698 1.467229395 -0.052791313 0.701876477 0.710339698 0.000040659
10149.324938802 20.983741389 22.814215007 1.466872501 -0.050537157 0.701465838 0.710907997 0.001221844
10149.358272136 20.997081694 22.836104219 1.465847473 -0.048308330 0.701168526 0.711353191 0.002375163
10149.391605469 21.008572882 22.856398991 1.464739981 -0.047643849 0.701015201 0.711548638 0.002507479
10149.424938802 21.020255302 22.878595177 1.463906933 -0.048871610 0.700935451 0.711547268 0.001243203
10149.458272136 21.032540738 22.903644915 1.462788726 -0.052094645 0.700892681 0.711360418 -0.001397490
10149.491605469 21.042731134 22.926326605 1.461556828 -0.055716509 0.700893813 0.711074177 -0.004128972
10149.524938802 21.051697635 22.947201399 1.460079727 -0.058465120 0.700889466 0.710844738 -0.005961996
10149.558272136 21.062951525 22.974690556 1.457732368 -0.060321549 0.700987400 0.710586188 -0.006726519
10149.591605469 21.073437076 23.001279517 1.455358744 -0.060033210 0.701213617 0.710397215 -0.005592296
10149.624938802 21.082786205 23.025465375 1.453306846 -0.057597713 0.701572752 0.710261068 -0.002718868
10149.658272136 21.095490757 23.057796148 1.450532242 -0.052730373 0.702208152 0.710012250 0.002413248
10149.691605469 21.108204465 23.088915574 1.447945568 -0.047537546 0.702837674 0.709718488 0.007684565
10149.724938802 21.120900226 23.117452352 1.445109166 -0.043213893 0.703406169 0.709371980 0.011988089
10149.758272136 21.139680827 23.158070500 1.440343066 -0.037866671 0.704161534 0.708818715 0.017282301
10149.791605469 21.154931348 23.190649537 1.436162695 -0.034386049 0.704716600 0.708352058 0.020723763
10149.824938802 21.169289820 23.222274850 1.431980689 -0.032178751 0.705362109 0.707744452 0.022948070
10149.858272136 21.188932685 23.267545643 1.426900819 -0.030654379 0.706519293 0.706597251 0.024720898
10149.891605469 21.204334627 23.305276426 1.423742521 -0.031395917 0.707814114 0.705272481 0.024580548
10149.924938802 21.216430309 23.337409096 1.421824887 -0.033888823 0.709143112 0.703869099 0.023149224
10149.958272136 21.229526351 23.376959210 1.419956371 -0.037338442 0.710978068 0.701896627 0.021381147
10149.991605469 21.241539474 23.412546934 1.418533138 -0.039111814 0.712942618 0.699822651 0.020768873
10150.024938802 21.252141998 23.442002724 1.417248035 -0.039271802 0.715010372 0.697675031 0.021620456
10150.058272136 21.262990192 23.478104525 1.415671065 -0.039559235 0.717912424 0.694621004 0.023205151
10150.091605469 21.271498901 23.508825584 1.414200920 -0.039470783 0.720728792 0.691642881 0.024943771
10150.124938802 21.278778429 23.537457062 1.412456457 -0.039308367 0.723551914 0.688643704 0.026406978
10150.158272136 21.287172635 23.574892838 1.409409992 -0.040055929 0.727346306 0.684554090 0.027360034
10150.191605469 21.294318982 23.609574844 1.405408686 -0.041483355 0.730886155 0.680676608 0.027639025
10150.224938802 21.300843524 23.643283594 1.400403408 -0.042549279 0.734337725 0.676878127 0.027814844
10150.258272136 21.308694840 23.687845678 1.392930095 -0.044412110 0.738930117 0.671765732 0.027214863
10150.291605469 21.314757684 23.731315038 1.384932552 -0.047152319 0.743411536 0.666662773 0.026013343
10150.324938802 21.318528375 23.775343913 1.376923292 -0.049244350 0.747904748 0.661479064 0.025669631
10150.358272136 21.320875153 23.828916400 1.367924856 -0.049204439 0.753448074 0.655066483 0.027979023
10150.391605469 21.321339913 23.881824588 1.360491678 -0.045838038 0.758791823 0.648839289 0.033784913
10150.424938802 21.320805656 23.927987786 1.355703286 -0.039084358 0.763153674 0.643606896 0.042884110
10150.458272136 21.319265274 23.984273063 1.351435498 -0.028784480 0.767941531 0.637369446 0.056545983
10150.491605469 21.317092943 24.034333459 1.349130130 -0.018427135 0.771445728 0.632135765 0.070258840
10150.524938802 21.313370993 24.085186399 1.347979078 -0.007354141 0.774467299 0.626864343 0.084778623
10150.558272136 21.307771944 24.142868348 1.347479306 0.005096944 0.777180685 0.621082491 0.101097694
10150.591605469 21.303058989 24.192773895 1.347896643 0.016144232 0.778961728 0.616150814 0.115395688
10150.624938802 21.299447923 24.233848074 1.349460278 0.025802047 0.779726245 0.612374063 0.127903260
10150.658272136 21.296185805 24.281772498 1.352564849 0.037667372 0.779884206 0.608173329 0.143132792
10150.691605469 21.295196938 24.322122494 1.356330566 0.048360634 0.779524837 0.604522971 0.156697977
10150.724938802 21.294233874 24.354407745 1.361476625 0.059266489 0.778148157 0.601720108 0.170017181
10150.758272136 21.294983083 24.388903487 1.370473949 0.075439232 0.774855030 0.598609628 0.188613675
10150.791605469 21.296310306 24.417055594 1.382672480 0.094097650 0.769716252 0.595651044 0.209481161
10150.824938802 21.299317014 24.438023815 1.397480311 0.114411261 0.762697694 0.592978281 0.231471487
10150.858272136 21.303354150 24.455424784 1.416921825 0.137781625 0.753238168 0.590134291 0.255714693
10150.891605469 21.307015431 24.465964892 1.436244445 0.158037858 0.743878883 0.588043008 0.275451745
10150.924938802 21.310634777 24.471219554 1.455442817 0.173461028 0.735954257 0.587066871 0.289197325
10150.958272136 21.315532804 24.473827866 1.479552719 0.188428054 0.727457054 0.587180043 0.300866583
10150.991605469 21.321657744 24.471850242 1.500674948 0.197906325 0.721511832 0.588931779 0.305635605
10151.024938802 21.329150470 24.467163485 1.519730118 0.202360718 0.718032161 0.592453716 0.304102862
10151.058272136 21.337431595 24.458712378 1.536423903 0.200291678 0.717371761 0.598574994 0.294905030
10151.091605469 21.344682556 24.448400894 1.545659978 0.192636248 0.719148089 0.605715985 0.280758700
10151.124938802 21.351408222 24.437815936 1.547405391 0.181132602 0.722358328 0.612919217 0.264044427
10151.158272135 21.359021448 24.423157191 1.543251530 0.162497409 0.727272618 0.622290658 0.239631942
10151.191605469 21.364925215 24.408513239 1.534144334 0.141897024 0.732156067 0.630635594 0.214735826
10151.224938802 21.369349842 24.393813488 1.522223030 0.124050235 0.735466519 0.637232185 0.193999176
10151.258272135 21.375278462 24.372727673 1.504915601 0.104275099 0.738040521 0.644231500 0.171431234
10151.291605469 21.381804074 24.351360065 1.487604709 0.089171710 0.739095882 0.649630144 0.154163416
10151.324938802 21.385611399 24.331362582 1.471870246 0.077124241 0.739463997 0.653737818 0.140967065
10151.358272135 21.389215948 24.303520268 1.451182048 0.061161600 0.739603984 0.658622299 0.124345781
10151.391605469 21.391512122 24.276663456 1.433289312 0.045939592 0.739369982 0.662840492 0.108922295
10151.424938802 21.392656400 24.250766285 1.418552036 0.029495184 0.739034347 0.666543383 0.093156781
10151.458272135 21.391854356 24.215007749 1.401978360 0.005146824 0.738048345 0.671073926 0.070128008
10151.491605469 21.389715078 24.180460641 1.389085099 -0.021017608 0.736379756 0.674682171 0.045902971
10151.524938802 21.387335562 24.148909702 1.380803431 -0.047793244 0.734136133 0.676972238 0.021645633
10151.558272135 21.379420296 24.107481987 1.373238442 -0.085189067 0.729866432 0.678160561 -0.011664820
10151.591605469 21.368921537 24.070198266 1.369310104 -0.122116599 0.724320576 0.677153040 -0.043714991
10151.624938802 21.358024969 24.037007364 1.369056793 -0.156471047 0.717828085 0.674470730 -0.072999219
10151.658272135 21.341935422 23.995026896 1.372242617 -0.200253113 0.707683594 0.668618784 -0.109688389
10151.691605469 21.324042333 23.955738761 1.378545679 -0.240170316 0.696518608 0.660966111 -0.142491571
10151.724938802 21.307819964 23.921586658 1.386098750 -0.274846276 0.685121341 0.652587184 -0.170874924
10151.758272135 21.288796568 23.881673409 1.396364038 -0.314941876 0.669588482 0.641108010 -0.203576517
10151.791605469 21.271787086 23.845680713 1.406617503 -0.348519990 0.654295005 0.630101639 -0.231092595
10151.824938802 21.256961284 23.812973383 1.417138132 -0.375048111 0.640483708 0.620548919 -0.253058438
10151.858272135 21.238812410 23.772339944 1.430886055 -0.404347176 0.623043487 0.609189908 -0.277862969
10151.891605469 21.223963254 23.736868500 1.442733232 -0.426495066 0.607972470 0.600158475 -0.297121588
10151.924938802 21.209792127 23.707290090 1.452857305 -0.442418972 0.595806281 0.593552699 -0.311408929
10151.958272135 21.191982107 23.673696362 1.464965787 -0.457985003 0.582376516 0.587170996 -0.326063725
10151.991605469 21.177203672 23.642306156 1.473796093 -0.467567424 0.572231545 0.583841944 -0.336244477
10152.024938802 21.163403966 23.611187928 1.481210970 -0.472368987 0.564558898 0.583324463 -0.343326902
10152.058272135 21.148417948 23.574389594 1.488785856 -0.472748223 0.558466990 0.585859196 -0.348414610
10152.091605469 21.135063555 23.544527448 1.495134355 -0.468449238 0.555763676 0.590732888 -0.350309438
10152.124938802 21.124088706 23.520358730 1.500159802 -0.460983573 0.555568180 0.596946298 -0.349990371
10152.158272135 21.110990398 23.488984075 1.505160727 -0.448460272 0.557050171 0.606070814 -0.348219270
10152.191605469 21.100566208 23.468130070 1.510538235 -0.435682196 0.559454968 0.614285340 -0.346185909
10152.224938802 21.092432952 23.451302555 1.514323469 -0.424091497 0.561830557 0.621006426 -0.344737359
10152.258272135 21.079505102 23.428041907 1.518479983 -0.407591564 0.565070816 0.629752629 -0.343475931
10152.291605469 21.068763025 23.411293389 1.521719733 -0.395314315 0.567196241 0.635393249 -0.343933767
10152.324938802 21.059063980 23.397289951 1.523152554 -0.386424242 0.568385358 0.638849187 -0.345667624
10152.358272135 21.045635460 23.378975995 1.522931772 -0.376949087 0.569229845 0.641813166 -0.349231482
10152.391605469 21.030096730 23.365799033 1.521222329 -0.369568713 0.569480321 0.643379242 -0.353799774
10152.424938802 21.017744781 23.356734005 1.519181237 -0.365042151 0.569218783 0.643633391 -0.358427487
10152.458272135 21.002327449 23.347901787 1.514718075 -0.360448979 0.568707289 0.643216607 -0.364583255
10152.491605469 20.985581616 23.339910008 1.510018625 -0.357019355 0.568217992 0.642425997 -0.370073415
10152.524938802 20.967314563 23.335424626 1.504160546 -0.354158001 0.568023179 0.641361487 -0.374936290
10152.558272135 20.943721750 23.336442421 1.494417589 -0.350488009 0.568514762 0.640036322 -0.379871857
10152.591605469 20.920049718 23.334039246 1.485210584 -0.346335184 0.569448561 0.638836219 -0.384276674
10152.624938802 20.899955309 23.330727929 1.477813633 -0.343267001 0.570350531 0.637890410 -0.387251679
10152.658272135 20.873361088 23.328628916 1.468367425 -0.340242271 0.571436395 0.636429347 -0.390708753
10152.691605469 20.845494428 23.324986766 1.459309753 -0.338542684 0.572190005 0.634570568 -0.394090907
10152.724938802 20.816876075 23.321367402 1.450815737 -0.337588560 0.572912694 0.632425867 -0.397294013
10152.758272135 20.781761328 23.318143962 1.441627027 -0.336695087 0.574123117 0.629869726 -0.400353836
10152.791605469 20.746617135 23.314188687 1.433390759 -0.335671614 0.575686249 0.627515071 -0.402659590
10152.824938802 20.717242636 23.311217527 1.428006709 -0.334637214 0.577398143 0.625776044 -0.403774272
10152.858272135 20.677721827 23.307796529 1.423462951 -0.333335738 0.580011021 0.623578515 -0.404505051
10152.891605469 20.636421799 23.304465105 1.421439523 -0.332539221 0.582662398 0.621207723 -0.404997732
10152.924938802 20.598679863 23.300778790 1.421278668 -0.332835724 0.584495102 0.618794817 -0.405806396
10152.958272135 20.567851076 23.297047649 1.422074653 -0.333628931 0.585499097 0.616821705 -0.406710620
10152.991605469 20.527897001 23.291533707 1.423243920 -0.334845709 0.586451911 0.614474871 -0.407888636
10153.024938802 20.488672691 23.285255778 1.424256758 -0.335940110 0.587239560 0.612453832 -0.408893930
10153.058272135 20.457394554 23.279298363 1.424340893 -0.336548356 0.587834024 0.611264501 -0.409319037
10153.091605469 20.415470286 23.270175024 1.422740379 -0.337188993 0.588520696 0.610084241 -0.409565858
10153.124938802 20.378070462 23.261207328 1.419988416 -0.337821349 0.588995660 0.609321108 -0.409498030
10153.158272135 20.349867328 23.254209053 1.417445015 -0.338329212 0.589377109 0.608957418 -0.409070691
10153.191605469 20.306239739 23.242744592 1.411852557 -0.338919023 0.590313726 0.608517534 -0.407884802
10153.224938802 20.262590129 23.231832588 1.405307559 -0.339196358 0.591663475 0.608248506 -0.406095946
10153.258272135 20.228484822 23.223422236 1.399028285 -0.338894267 0.593183765 0.608361311 -0.403955706
10153.291605469 20.183504185 23.212560993 1.390407938 -0.338119869 0.595608561 0.608667786 -0.400560760
10153.324938802 20.143567489 23.202786380 1.382913789 -0.337360697 0.598002544 0.608954033 -0.397184723
10153.358272135 20.108831556 23.193959685 1.376752167 -0.337197570 0.599873699 0.608916683 -0.394550145
10153.391605469 20.061707600 23.181277022 1.368877329 -0.337759162 0.601974725 0.608531735 -0.391451537
10153.424938802 20.020638907 23.168950004 1.362592240 -0.338901777 0.603354251 0.607977695 -0.389194496
10153.458272135 19.986590632 23.158589635 1.358738970 -0.340391838 0.604023188 0.607428545 -0.387711165
10153.491605469 19.936525834 23.143166157 1.355017196 -0.343128575 0.604604712 0.606443669 -0.385930045
10153.524938802 19.895212572 23.130263189 1.353727964 -0.345492571 0.605039224 0.605700955 -0.384302970
10153.558272135 19.863230592 23.120412498 1.353840645 -0.346464158 0.605836598 0.605590203 -0.382341614
10153.591605469 19.823410028 23.108553539 1.355267272 -0.346206365 0.607582156 0.606159389 -0.378887677
10153.624938802 19.783242003 23.096762152 1.357470284 -0.344426140 0.610143409 0.607463129 -0.374278241
10153.658272135 19.747625039 23.086510882 1.359787432 -0.342364973 0.612569025 0.608830674 -0.369960303
10153.691605469 19.710577592 23.076053958 1.362373922 -0.340465720 0.614691417 0.610155447 -0.365988915
10153.724938802 19.673491351 23.065716559 1.364011340 -0.339482198 0.616094632 0.611040170 -0.363055302
10153.758272135 19.644678123 23.057763791 1.364494887 -0.339977554 0.616315345 0.611137734 -0.362051556
10153.791605469 19.607939284 23.048059441 1.364983275 -0.342111757 0.615640173 0.610601404 -0.362094806
10153.824938802 19.576268729 23.040000494 1.366038127 -0.345254834 0.614225286 0.609587643 -0.363220736
10153.858272135 19.551896008 23.033795269 1.366005612 -0.348677639 0.612597986 0.608424058 -0.364647469
10153.891605469 19.512563568 23.023503162 1.364783268 -0.354269044 0.609987772 0.606528406 -0.366785570
10153.924938802 19.478954759 23.015078618 1.362495901 -0.358453924 0.608166836 0.605300280 -0.367770927
10153.958272135 19.449510138 23.008040186 1.359197489 -0.361082654 0.607233887 0.604823571 -0.367525199
10153.991605469 19.410104148 22.999306018 1.353820305 -0.363361743 0.606774984 0.604853277 -0.365984803
10154.024938802 19.374493614 22.991420362 1.347779066 -0.364556925 0.606917723 0.605478676 -0.363517124
10154.058272135 19.343999912 22.985161289 1.342086310 -0.365495259 0.607181038 0.606112766 -0.361070240
10154.091605469 19.302197274 22.976940297 1.334545800 -0.367176546 0.607427732 0.606724774 -0.357907786
10154.124938802 19.262468467 22.968980089 1.327768253 -0.369403650 0.607366314 0.607095766 -0.355080040
10154.158272135 19.230599038 22.962987405 1.322914201 -0.371297397 0.607245896 0.607449113 -0.352698511
10154.191605469 19.190626821 22.954942909 1.317760491 -0.373348750 0.607170143 0.608171399 -0.349403317
10154.224938802 19.153236609 22.948225781 1.314446174 -0.374228399 0.607715008 0.609364479 -0.345413529
10154.258272135 19.119673511 22.943635727 1.312714075 -0.372466981 0.609839070 0.611438926 -0.339863351
10154.291605469 19.083080412 22.940468569 1.312338210 -0.368136189 0.613763674 0.614119466 -0.332606644
10154.324938802 19.042797166 22.937150060 1.312886382 -0.363521365 0.617826773 0.616918846 -0.324889878
10154.358272135 19.014950485 22.934370510 1.313928008 -0.362367477 0.619235158 0.618140545 -0.321154008
10154.391605469 18.978739972 22.929251277 1.315821934 -0.363833225 0.619166768 0.618611001 -0.318713551
10154.424938802 18.943814600 22.923561608 1.317798835 -0.367593260 0.617612856 0.618182588 -0.318244941
10154.458272135 18.917756201 22.918992944 1.318964807 -0.371101540 0.615845023 0.617680079 -0.318574756
10154.491605469 18.879902976 22.912733855 1.320783796 -0.375909559 0.613188350 0.617310891 -0.318777845
10154.524938802 18.847084944 22.907599953 1.321296572 -0.379302695 0.611081859 0.617583823 -0.318274487
10154.558272135 18.820654668 22.902910020 1.321042915 -0.381441081 0.609579495 0.618162743 -0.317474982
10154.591605469 18.786945587 22.897643283 1.319926836 -0.383266621 0.607967779 0.619559003 -0.315639858
10154.624938802 18.755313587 22.891817422 1.317819606 -0.383526960 0.607096288 0.621687575 -0.312803016
10154.658272135 18.729030464 22.887210139 1.315778292 -0.382638630 0.606831849 0.624135826 -0.309511319
10154.691605469 18.695513282 22.881356608 1.312808358 -0.380619613 0.606882149 0.627746193 -0.304561136
10154.724938802 18.663432452 22.875498446 1.309716185 -0.378717144 0.606782826 0.631252187 -0.299847634
10154.758272135 18.638108159 22.870158530 1.307296925 -0.377515398 0.606392033 0.633951105 -0.296440251
10154.791605469 18.606995486 22.862678609 1.304226686 -0.375679541 0.605852133 0.637568753 -0.292085879
10154.824938802 18.580106492 22.855684943 1.302205938 -0.373292613 0.605601950 0.641095769 -0.287915122
10154.858272135 18.552103542 22.849090430 1.301111914 -0.370150998 0.605646258 0.644830461 -0.283504012
10154.891605469 18.521401301 22.841509977 1.300917042 -0.365940771 0.606036790 0.649084696 -0.278380709
10154.924938802 18.495303870 22.835531746 1.301711386 -0.361529164 0.606810777 0.652778560 -0.273783667
10154.958272135 18.469541759 22.830453863 1.303781885 -0.357045986 0.607791840 0.656035643 -0.269674762
10154.991605469 18.441225223 22.823980443 1.307229950 -0.352018547 0.608885735 0.659318661 -0.265781879
10155.024938802 18.412919202 22.819380469 1.311055422 -0.347266566 0.609911889 0.662116993 -0.262706125
10155.058272135 18.392250313 22.816619367 1.313780636 -0.344026656 0.610570409 0.663842368 -0.261079961
10155.091605469 18.368333551 22.813786725 1.316987121 -0.339749112 0.611574741 0.665793530 -0.259356613
10155.124938802 18.343060789 22.811603442 1.320093308 -0.335078074 0.612740635 0.667642677 -0.257924125
10155.158272135 18.324621292 22.810684076 1.321406945 -0.332783504 0.613337974 0.668309451 -0.257748223
10155.191605469 18.300291613 22.811008525 1.321652985 -0.330695904 0.614015412 0.668640053 -0.257964673
10155.224938802 18.274012886 22.811421857 1.321663366 -0.327728088 0.615404531 0.669055361 -0.257364503
10155.258272135 18.255487568 22.812550232 1.320827630 -0.324347925 0.617086497 0.669804922 -0.255663930
10155.291605469 18.229430727 22.814630149 1.318536730 -0.319132477 0.619789312 0.671025438 -0.252468874
10155.324938802 18.204944023 22.816553259 1.315744126 -0.314888411 0.622290356 0.671856371 -0.249417357
10155.358272135 18.183468215 22.817872753 1.312942655 -0.312893658 0.624003353 0.671839129 -0.247688431
10155.391605469 18.155407372 22.820022740 1.308785941 -0.312253406 0.625664115 0.670987561 -0.246612890
10155.424938802 18.129465063 22.823103334 1.304633352 -0.312085456 0.627273306 0.669932163 -0.245604895
10155.458272135 18.108031307 22.825936299 1.301453807 -0.311776987 0.628784613 0.669139519 -0.244289428
10155.491605469 18.079939837 22.829643962 1.297506420 -0.312464316 0.630490448 0.667623385 -0.243160157
10155.524938802 18.048518922 22.835096207 1.292989750 -0.314628890 0.632044967 0.665313824 -0.242663013
10155.558272135 18.025956187 22.839741532 1.289907502 -0.316173916 0.633258770 0.663659671 -0.242019062
10155.591605469 17.995775515 22.846672177 1.285386673 -0.318030198 0.634935712 0.661599747 -0.240830251
10155.624938802 17.967030042 22.853698645 1.280775668 -0.319706013 0.636551600 0.659688794 -0.239584686
10155.658272135 17.943926222 22.859345996 1.277483126 -0.321101143 0.637696002 0.658208723 -0.238744932
10155.691605469 17.914160530 22.866748372 1.273208587 -0.323025036 0.638986013 0.656315548 -0.237910912
10155.724938802 17.887999812 22.873321102 1.269899587 -0.325049581 0.639848161 0.654597711 -0.237568806
10155.758272135 17.861741958 22.879938779 1.267041977 -0.327163813 0.640449825 0.652996857 -0.237450976
10155.791605469 17.831521303 22.886889352 1.264286386 -0.329190270 0.641013317 0.651492897 -0.237260823
10155.824938802 17.804672289 22.892992317 1.262317592 -0.330104301 0.641581122 0.650655680 -0.236753037
10155.858272135 17.789238411 22.896453610 1.261352697 -0.330096625 0.642014518 0.650455055 -0.236139362
