# timestamp tx ty tz qx qy qz qw  (localization: SE2 map-aligned cam0)
10002.568373202 21.378477693 23.036816463 1.110008335 -0.278174935 0.678687189 0.599679661 -0.319979231
10002.601645470 21.368070191 23.027214454 1.109587741 -0.276656682 0.678830162 0.600567884 -0.319325708
10002.634703524 21.357912092 23.017281921 1.109151495 -0.275439071 0.678764330 0.601304202 -0.319132511
10002.668009211 21.351058906 23.010078570 1.108838753 -0.274772414 0.678549123 0.601711367 -0.319397307
10002.701553791 21.341370867 22.998901524 1.108388133 -0.274312717 0.677804986 0.602116747 -0.320606235
10002.734769106 21.332353233 22.987380430 1.107950196 -0.274711823 0.676456871 0.602176550 -0.322990586
10002.768152198 21.325959418 22.978676166 1.107620144 -0.275646960 0.675072661 0.601880025 -0.325631834
10002.801635489 21.317175635 22.966344005 1.107188841 -0.278231489 0.672396611 0.600960846 -0.330629850
10002.835079359 21.306790548 22.952563996 1.106754724 -0.283370907 0.668368358 0.598861026 -0.338156973
10002.868368041 21.298986256 22.943187884 1.106473531 -0.288356146 0.665001712 0.596658001 -0.344416442
10002.901655540 21.286132780 22.928574753 1.106022062 -0.297718483 0.658947373 0.592202790 -0.355595165
10002.935037151 21.273247313 22.914316289 1.105503455 -0.307740121 0.652309888 0.587012850 -0.367700615
10002.968364467 21.263969746 22.904297310 1.105088336 -0.314992485 0.647513764 0.582888146 -0.376493119
10003.001716750 21.250744172 22.889002904 1.104543446 -0.325280767 0.640559892 0.577005798 -0.388509661
10003.035114297 21.238822247 22.871409956 1.104123518 -0.333396569 0.633799962 0.572595934 -0.399096771
10003.068478102 21.230570684 22.858351374 1.103914574 -0.337646987 0.630080964 0.570581901 -0.404263262
10003.102025953 21.217653823 22.839271784 1.103610151 -0.340818730 0.627145158 0.569293617 -0.407966079
10003.135419704 21.202563661 22.820231607 1.103261963 -0.340643128 0.627297705 0.569916885 -0.407006872
10003.168758862 21.190195208 22.807373487 1.103324943 -0.338613585 0.629346189 0.571140707 -0.403809990
10003.202128757 21.172731135 22.792058073 1.104769022 -0.334564986 0.633590988 0.573226441 -0.397542674
10003.235421690 21.144256966 22.771420758 1.110817145 -0.327534976 0.641292443 0.576449137 -0.386226921
10003.268595433 21.124894048 22.759413686 1.117108006 -0.323387129 0.646183697 0.578117029 -0.379009360
10003.301927818 20.986568406 23.064800140 1.133069114 -0.315497509 0.662777886 0.567118799 -0.373581400
10003.335213988 20.995600660 23.124142427 1.165870189 -0.321959741 0.662436670 0.561979430 -0.376428883
10003.368611311 20.965795194 23.130594879 1.137208783 -0.319498254 0.672986176 0.564801028 -0.354979254
10003.402009600 20.958785594 23.152014933 1.181581625 -0.317785785 0.676698764 0.560754255 -0.355873072
10003.435345597 20.932078265 23.160795597 1.218954914 -0.319245736 0.677910232 0.557062324 -0.358052294
10003.468729569 20.905308853 23.163087902 1.237658167 -0.322740509 0.676071551 0.554332333 -0.362603759
10003.502168582 21.027171475 23.200544075 1.294643372 -0.331873847 0.666709134 0.541456033 -0.390107734
10003.535503395 21.023405610 23.222920611 1.315740138 -0.338723644 0.657470284 0.538081224 -0.404311409
10003.568823433 21.018889387 23.225495840 1.329908903 -0.342515566 0.651391094 0.535426490 -0.414356372
10003.602199498 21.001569285 23.222758058 1.359366349 -0.349292970 0.638991942 0.532128890 -0.431882581
10003.635615667 20.998795465 23.226818273 1.390273053 -0.352532413 0.624749007 0.530581597 -0.451544843
10003.669008766 20.992067637 23.228048593 1.408765308 -0.353814106 0.615747648 0.529358463 -0.464165951
10003.702419257 20.997150303 23.224264677 1.442304564 -0.352351551 0.603019039 0.529345307 -0.481674132
10003.735863930 20.996838962 23.228136329 1.461520660 -0.348894695 0.592833358 0.530765595 -0.495084825
10003.769206459 21.010552895 23.245595936 1.475240066 0.343419021 -0.583872057 -0.532947070 0.507074174
10003.802614492 21.023788503 23.249509010 1.496258412 0.335949508 -0.571177685 -0.535899345 0.523169066
10003.836003130 21.064508176 23.257765026 1.511155916 0.331264503 -0.559583007 -0.536119471 0.538243996
10003.869366777 21.072067203 23.260308135 1.521605482 0.326339848 -0.545987595 -0.538885865 0.552269747
10003.902780490 21.076145791 23.259998279 1.532744329 0.322408924 -0.527935726 -0.541966421 0.568866200
10003.936154454 21.076742194 23.257197989 1.543538673 0.318849900 -0.509042161 -0.544888441 0.585070428
10003.969538268 21.079733209 23.255325186 1.548177267 0.316417945 -0.495832541 -0.547284698 0.595406781
10004.003004548 21.083198746 23.254928291 1.551708329 0.311042267 -0.479214377 -0.551969697 0.607400810
10004.036368442 21.089489596 23.258669704 1.551698372 0.301694246 -0.464904412 -0.559403234 0.616370417
10004.069756611 21.091400582 23.262334444 1.549814111 0.294290469 -0.458143171 -0.564792273 0.620086803
10004.103172784 21.091835105 23.270177777 1.546454916 0.279446804 -0.449006804 -0.574878076 0.624353724
10004.136563524 21.086736556 23.279417390 1.538979920 0.265599462 -0.441454994 -0.584211322 0.627113663
10004.169927192 21.083866322 23.284952408 1.534748383 0.255991200 -0.435383697 -0.590657417 0.629311813
10004.203336128 21.073345473 23.294398270 1.527119738 0.243032415 -0.425327879 -0.599232594 0.633207500
10004.236683077 21.065362244 23.298659394 1.521405510 0.233110003 -0.413666949 -0.606177385 0.638034764
10004.270030817 21.060847733 23.300228445 1.518002537 0.228702946 -0.404992283 -0.609782180 0.641749099
10004.303436167 21.052859835 23.304355698 1.513721998 0.224159860 -0.387260846 -0.615314272 0.648975917
10004.336769316 21.039675741 23.303101249 1.507798091 0.223514336 -0.367703734 -0.618930280 0.657084937
10004.370103877 21.032477795 23.305669846 1.505904326 0.224762245 -0.353373298 -0.620965207 0.662579397
10004.403452774 21.019711907 23.309435104 1.501801126 0.229323985 -0.331628883 -0.623241172 0.670077037
10004.436806490 21.006555816 23.304471981 1.501179450 0.234314401 -0.311116543 -0.624416733 0.677057606
10004.470152916 20.994366548 23.307104566 1.498762097 0.237686984 -0.296772131 -0.625323535 0.681470232
10004.503553010 20.982498547 23.305834786 1.496506040 0.242118686 -0.280754056 -0.626800745 0.685329503
10004.536921174 20.962797586 23.308620126 1.494258774 0.244817555 -0.268029913 -0.629198073 0.687265680
10004.570302273 20.948398027 23.309925486 1.493346570 0.243853819 -0.264698504 -0.630305229 0.687884681
10004.603679998 20.920101291 23.315208129 1.493375550 0.240989733 -0.263673719 -0.631564557 0.688132494
10004.637038513 20.886999273 23.320517721 1.494761668 0.237627187 -0.264065476 -0.633028390 0.687806514
10004.670435624 20.865471133 23.323432981 1.493860461 0.236699843 -0.263558995 -0.633810519 0.687600223
10004.703810507 20.833416816 23.333897419 1.486071723 0.238574701 -0.261842303 -0.634087782 0.687352460
10004.737172227 20.804257375 23.335866193 1.479001381 0.243809925 -0.256465913 -0.633757369 0.687847042
10004.770552469 20.777131016 23.335443983 1.479900870 0.248701755 -0.251102079 -0.633347679 0.688451814
10004.803932532 20.754348312 23.337855133 1.470982772 0.256907257 -0.245280616 -0.630995914 0.689695757
10004.837303518 20.718732049 23.338646043 1.474687370 0.264972650 -0.238603532 -0.628873589 0.690923917
10004.870690759 20.690997223 23.336682133 1.480163450 0.270416247 -0.233833604 -0.627539805 0.691657930
10004.904052238 20.663402747 23.335229920 1.477196898 0.276946755 -0.229954510 -0.625780340 0.691968485
10004.937428197 20.625788871 23.337980630 1.473803772 0.280133539 -0.230249076 -0.625305621 0.691016240
10004.970788224 20.597556803 23.336537884 1.476372720 0.278967893 -0.232040908 -0.626762620 0.689566929
10005.004171090 20.556709875 23.341778542 1.469957440 0.273928553 -0.238566669 -0.630493360 0.685949863
10005.037565857 20.515717029 23.347991830 1.470025613 0.264113500 -0.250542536 -0.635527864 0.680864767
10005.070965405 20.489217656 23.350555320 1.474042213 0.256958694 -0.260508720 -0.638477966 0.677091813
10005.104369862 20.451059152 23.359966648 1.472150479 0.247876345 -0.274628722 -0.642068309 0.671479463
10005.137769750 20.415365108 23.365611624 1.477096221 0.240936782 -0.286461547 -0.644329906 0.666879466
10005.171187188 20.388940535 23.373082131 1.478029795 0.237793007 -0.293566247 -0.645328175 0.663946453
10005.204560280 20.352865376 23.380918713 1.478004845 0.235893996 -0.301009445 -0.645822440 0.660803082
10005.237951366 20.312444429 23.393919702 1.470083432 0.236758511 -0.306053596 -0.644816150 0.659157596
10005.271345603 20.285217051 23.399277604 1.468014103 0.239182877 -0.307303903 -0.643739215 0.658753130
10005.304713306 20.244872040 23.407113444 1.463007528 0.244660064 -0.306691640 -0.641667327 0.659048354
10005.338066937 20.194091099 23.416683330 1.458974773 0.252023946 -0.303608041 -0.639311381 0.659990186
10005.371471256 20.155962673 23.424575277 1.450566955 0.256572609 -0.300141006 -0.637480889 0.661592010
10005.404817472 20.126259639 23.430321746 1.446159115 0.258705661 -0.297571396 -0.637040743 0.662345633
10005.438185469 20.085825854 23.439619118 1.437540376 0.259684993 -0.294866954 -0.636756837 0.663443980
10005.471572024 20.043053203 23.450895987 1.430232113 0.258463857 -0.294088943 -0.637186794 0.663853235
10005.504911495 20.018321320 23.456530332 1.428177888 0.255828133 -0.294403337 -0.638252619 0.663710959
10005.538297170 19.976115065 23.468511220 1.423771571 0.247585627 -0.297768554 -0.640539904 0.663131869
10005.571682906 19.934564868 23.477217594 1.425611991 0.240455399 -0.299438347 -0.643121436 0.662504865
10005.605020315 19.908603984 23.481822933 1.424958060 0.235873563 -0.299343232 -0.644479216 0.662875427
10005.638392110 19.871303990 23.485921191 1.426181831 0.231133893 -0.296595809 -0.646328011 0.663979029
10005.671818838 19.835809660 23.487529585 1.427567945 0.228810413 -0.291702744 -0.647089728 0.666205815
10005.705137711 19.811453078 23.488331772 1.429701724 0.228852479 -0.287808079 -0.646918402 0.668049125
10005.738495603 19.789810452 23.485190154 1.437444829 0.230490684 -0.282125337 -0.645987928 0.670804693
10005.771889533 19.752010485 23.488055738 1.442458099 0.232712237 -0.277532232 -0.644365330 0.673508868
10005.805223065 19.736273427 23.487404356 1.445589459 0.234412055 -0.274391454 -0.643500041 0.675031863
10005.838591965 19.701119300 23.488830148 1.446308554 0.238272835 -0.269438941 -0.642216502 0.676894879
10005.871986543 19.660759310 23.488758201 1.445265081 0.244211420 -0.263954883 -0.641228937 0.677874659
10005.905311854 19.637077155 23.487246240 1.444106349 0.248217863 -0.260592415 -0.640908139 0.678023777
10005.938679230 19.600569215 23.483704370 1.441317916 0.253954115 -0.256672854 -0.641061863 0.677248877
10005.972060438 19.562686015 23.479067113 1.437969045 0.257378879 -0.255394129 -0.642472283 0.675099487
10006.005398264 19.536862943 23.476160471 1.433901537 0.257597659 -0.256096921 -0.644328321 0.672977583
10006.038774709 19.498695785 23.472541250 1.428445777 0.255837022 -0.258971052 -0.648067857 0.668946534
10006.072170765 19.456782061 23.469037063 1.423395501 0.251317546 -0.264837089 -0.653310611 0.663239061
10006.105501746 19.428263393 23.468209247 1.420067933 0.246926303 -0.269854025 -0.657460657 0.658750098
10006.138870781 19.391650740 23.465317025 1.417388456 0.239901594 -0.276959941 -0.663621227 0.652186541
10006.172278188 19.346345954 23.466347885 1.414646577 0.231166928 -0.285472668 -0.671298613 0.643758791
10006.205579134 19.318796656 23.466045923 1.414047655 0.224295581 -0.292221066 -0.676975111 0.637183679
10006.238943276 19.277026301 23.470928913 1.413498387 0.213332232 -0.301860977 -0.684789088 0.628039183
10006.272329336 19.235732795 23.474280691 1.415562531 0.200125496 -0.312529506 -0.694110207 0.616835565
10006.305678221 19.214012503 23.474659209 1.417543373 0.192533995 -0.318706989 -0.699700538 0.609734100
10006.339044063 19.181231151 23.479890722 1.419434242 0.183845228 -0.325917509 -0.707737912 0.599237647
10006.372454522 19.146403958 23.481808382 1.424197255 0.178005289 -0.331759859 -0.715932790 0.587953870
10006.405779038 19.125670545 23.482417867 1.427131881 0.175473655 -0.334787230 -0.721103665 0.580634146
10006.439137349 19.087498261 23.484170083 1.430601074 0.172737782 -0.338585646 -0.729045999 0.569221706
10006.472542904 19.059901433 23.487544004 1.431015627 0.169781509 -0.341967527 -0.736140993 0.558863926
10006.505878691 19.036242749 23.492682723 1.429579723 0.166478584 -0.345544995 -0.741812625 0.550088689
10006.539246796 19.005216129 23.501909242 1.426535626 0.159930400 -0.351451189 -0.749781292 0.537338201
10006.572633865 18.976298372 23.513688225 1.422652551 0.151272409 -0.358079540 -0.757450585 0.524561067
10006.605982298 18.958195764 23.523651993 1.419086163 0.144195837 -0.362740374 -0.762860520 0.515432643
10006.639343123 18.939376355 23.538431857 1.414451929 0.133315431 -0.368296941 -0.770620436 0.502721099
10006.672744773 18.919137364 23.555421145 1.408219877 -0.122578037 0.371749177 0.778731583 -0.490259417
10006.706059562 18.904636113 23.567165060 1.404255148 -0.116746338 0.372810202 0.783834291 -0.482686908
10006.739427402 18.880858948 23.587019101 1.398625735 -0.110343247 0.372353083 0.791718984 -0.471549148
10006.772830997 18.854107275 23.606752545 1.392993201 -0.106507279 0.369346291 0.799524674 -0.461519027
10006.806164504 18.838563833 23.619718717 1.390835312 -0.105464200 0.365930762 0.804719954 -0.455409460
10006.839529353 18.809364553 23.639249129 1.387977329 -0.106447758 0.359444249 0.812442783 -0.446548353
10006.872908834 18.783488644 23.657436537 1.385332501 -0.108234589 0.352882901 0.819698236 -0.438011112
10006.906252436 18.762512104 23.670077871 1.381971179 -0.108768937 0.349533151 0.824190254 -0.432095267
10006.939648685 18.736907995 23.688554428 1.382181701 -0.107655752 0.346148516 0.830858852 -0.422214415
10006.973008025 18.710791243 23.708166031 1.382900556 -0.103743934 0.345639148 0.837131549 -0.411073650
10007.006359230 18.697532663 23.720667911 1.385595443 -0.100051810 0.346281315 0.840802063 -0.403894514
10007.039729002 18.674308774 23.742914832 1.387394017 -0.093440988 0.348257844 0.846535081 -0.391616665
10007.073127248 18.650282331 23.764436025 1.392323821 -0.087855912 0.350501375 0.851488920 -0.379995716
10007.106466247 18.634928729 23.778654652 1.395004592 -0.085531196 0.351523891 0.854708012 -0.372276219
10007.139854848 18.611593607 23.800946226 1.397364425 -0.083497824 0.352836547 0.859363802 -0.360594427
10007.173254672 18.585564543 23.826909709 1.393831745 -0.082304692 0.353950714 0.864289245 -0.347777128
10007.206620825 18.568161805 23.844054369 1.390903309 -0.081322988 0.354270685 0.867568322 -0.339417235
10007.239994746 18.547561652 23.865718684 1.390542777 -0.079495510 0.353334208 0.872488658 -0.328022777
10007.273372343 18.523199235 23.890974959 1.382435864 -0.077701498 0.351851493 0.877680522 -0.315974533
10007.306728187 18.507382791 23.907602861 1.377890804 -0.076470363 0.350424423 0.881126043 -0.308175119
10007.340100005 18.480460256 23.934720717 1.373778653 -0.073955538 0.347979267 0.886714324 -0.295260420
10007.373488670 18.455652868 23.959070672 1.366269720 -0.070315159 0.344934202 0.892482187 -0.282049144
10007.406831815 18.437338671 23.976529787 1.364253992 -0.065863968 0.342989894 0.896714996 -0.271886164
10007.440204736 18.411038560 24.002126262 1.360238440 -0.056722250 0.340697965 0.902874524 -0.255978665
10007.473599154 18.386035401 24.028527972 1.360782152 -0.043263415 0.339627000 0.908601357 -0.239218208
10007.506946251 18.372223156 24.047560504 1.362223614 -0.031543056 0.339691800 0.912074893 -0.227450885
10007.540330011 18.352128296 24.074176573 1.369220755 -0.014824362 0.339856905 0.916087368 -0.212276839
10007.573717190 18.336342696 24.100663826 1.375874971 0.001214993 0.340328780 0.919708618 -0.195731713
10007.607058055 18.326869092 24.117700726 1.378513900 0.009465152 0.340575919 0.921762664 -0.185127104
10007.640453465 18.311546264 24.142334697 1.383424769 0.018890270 0.340961498 0.924272083 -0.170615152
10007.673876819 18.297346946 24.169933157 1.383714301 0.028169716 0.342116498 0.926459533 -0.154387510
10007.707171075 18.288940616 24.188782404 1.383689970 0.034241229 0.343128222 0.927518223 -0.144223807
10007.740550471 18.277922619 24.220323016 1.382584883 0.043970173 0.344937156 0.928743489 -0.128532151
10007.773913648 18.270564116 24.252107075 1.381297815 0.052226097 0.346448915 0.929562186 -0.114715853
10007.807263180 18.267433807 24.272759851 1.379015689 0.056361451 0.347051695 0.930072285 -0.106508462
10007.840654852 18.265294559 24.304058666 1.373828145 0.061427987 0.347183091 0.930915214 -0.095327688
10007.874023650 18.264702301 24.336438941 1.365727161 0.066718638 0.346350062 0.931861944 -0.084991624
10007.907379868 18.266667410 24.361395360 1.359854699 0.071216440 0.345381265 0.932516996 -0.077794941
10007.940809553 18.271473935 24.396984437 1.351622890 0.076827537 0.344102113 0.933241416 -0.068932757
10007.974140302 18.278488560 24.434119067 1.348232471 0.080936567 0.343114488 0.933795230 -0.061222458
10008.007488150 18.283722277 24.461000851 1.348193363 0.083385238 0.342705624 0.934020195 -0.056621847
10008.040866407 18.291166624 24.501850989 1.350476832 0.087072229 0.342975359 0.933915599 -0.050872232
10008.074229608 18.300750531 24.542636636 1.357289955 0.089141738 0.343031659 0.933955395 -0.045938570
10008.107604294 18.305807390 24.566674258 1.360596792 0.088339083 0.342597334 0.934311272 -0.043424877
10008.141015341 18.311956526 24.605543510 1.365953578 0.083039729 0.340382404 0.935750833 -0.040182100
10008.174367859 18.315342327 24.639230571 1.367827515 0.074842283 0.337966374 0.937393711 -0.038345712
10008.207728946 18.317830432 24.664934537 1.372006236 0.068047048 0.336568979 0.938448387 -0.037490634
10008.241098438 18.324295115 24.694361058 1.376311349 0.059425265 0.336018378 0.939257972 -0.036806931
10008.274477935 18.329144764 24.728005047 1.383526837 0.052308929 0.336497240 0.939526485 -0.036378108
10008.307817910 18.331663800 24.750140586 1.387839263 0.048602447 0.337124716 0.939503580 -0.036300838
10008.341195491 18.339131095 24.780916101 1.390811767 0.044009686 0.338426463 0.939246083 -0.036707920
10008.374555063 18.342269911 24.813383143 1.394203532 0.040533069 0.339989238 0.938798593 -0.037703984
10008.407917172 18.345869264 24.838021363 1.395452336 0.038344474 0.341496573 0.938300203 -0.038762367
10008.441307898 18.351356655 24.871304098 1.396654738 0.037213436 0.344059578 0.937328569 -0.040661057
10008.474660432 18.354112371 24.909884728 1.398350635 0.038527006 0.347302696 0.935977837 -0.042918479
10008.508031957 18.357769105 24.932785996 1.397104891 0.039833074 0.349391985 0.935076672 -0.044386763
10008.541421648 18.361332965 24.968348850 1.394053014 0.041467618 0.352250739 0.933808715 -0.046916277
10008.574787944 18.362340981 25.005448387 1.391242540 0.041941398 0.353947913 0.933039158 -0.048986971
10008.608158168 18.364412425 25.029903301 1.387593588 0.041130966 0.354232584 0.932904705 -0.050163051
10008.641534209 18.365278271 25.064147346 1.383711587 0.038089453 0.353664466 0.933177284 -0.051485876
10008.674913608 18.369119950 25.098714749 1.378468261 0.033129906 0.352745477 0.933629610 -0.052998013
10008.708245309 18.372896792 25.119374818 1.375128367 0.029369748 0.352040383 0.933928755 -0.054608308
10008.741646516 18.372949764 25.161348103 1.373930686 0.020418421 0.349634954 0.934808017 -0.058927572
10008.774985548 18.375362752 25.198293681 1.371985121 0.009990366 0.346096507 0.935907889 -0.064759734
10008.808341026 18.376774082 25.226336363 1.372514360 0.003942368 0.343554651 0.936524872 -0.069827093
10008.841717978 18.383312771 25.260771679 1.371321663 -0.002691698 0.339720670 0.937247710 -0.078417801
10008.875108257 18.392484096 25.296904659 1.370224661 -0.005967340 0.334603401 0.938120927 -0.089073461
10008.908463228 18.399537014 25.321644266 1.371044132 -0.004322219 0.332181744 0.938253625 -0.096523277
10008.941852767 18.409862542 25.356138624 1.374370258 0.001436086 0.329737377 0.937988716 -0.106997052
10008.975179506 18.420751090 25.392785752 1.376462398 0.008402509 0.328420080 0.937064895 -0.118232957
10009.008539273 18.428239355 25.419204517 1.376868814 0.012432034 0.328093277 0.935987475 -0.126994851
10009.041918171 18.437133802 25.456275864 1.376549266 0.014334724 0.327829155 0.934171655 -0.140163763
10009.075279825 18.446534248 25.496582758 1.375683195 0.010866814 0.327418931 0.931806234 -0.156255876
10009.108633200 18.451443554 25.524582111 1.374366330 0.006313432 0.327126491 0.929930126 -0.167864110
10009.142024489 18.458757755 25.565183218 1.371935331 -0.001276759 0.326860193 0.926754086 -0.185169240
10009.175385958 18.464881993 25.605298104 1.368965610 -0.008949468 0.326548258 0.923091753 -0.202947672
10009.208741079 18.468078522 25.635452560 1.366000541 -0.014066710 0.326115388 0.920375406 -0.215313711
10009.242113137 18.473499427 25.676088581 1.361444338 -0.020917164 0.325447950 0.916118472 -0.233180295
10009.275482400 18.478361270 25.719051390 1.356713234 -0.026835074 0.324741344 0.911222819 -0.251983953
10009.308844841 18.480212236 25.750933269 1.354364180 -0.030294347 0.324199257 0.907705255 -0.264666326
10009.342237330 18.484218994 25.790901386 1.350818059 -0.034628892 0.323111167 0.902343559 -0.283153873
10009.375593286 18.486031160 25.839659832 1.349525736 -0.038658738 0.321593745 0.896323482 -0.302798910
10009.408947655 18.485878931 25.890807238 1.351259544 -0.042900372 0.320472417 0.889630781 -0.322512109
10009.442343320 18.483926834 25.925005634 1.353451104 -0.047370245 0.319105729 0.884922802 -0.335915506
10009.475688191 18.477584898 25.971426740 1.358111821 -0.057530638 0.315570545 0.877609896 -0.356239142
10009.509055194 18.468702856 26.015289177 1.363094219 -0.072418447 0.310083493 0.869393973 -0.377833186
10009.542418086 18.460624152 26.047745747 1.367435071 -0.085193647 0.305776031 0.862609313 -0.393888606
10009.575782676 18.447928443 26.089965696 1.376708501 -0.105419707 0.298727221 0.851257019 -0.418342228
10009.609147392 18.436544832 26.126677178 1.384377053 -0.124833877 0.291737323 0.838478110 -0.443012749
10009.642531966 18.426134385 26.158417584 1.387750751 -0.137020872 0.287272667 0.828298617 -0.461108553
10009.675908366 18.411599199 26.200927865 1.390328190 -0.148355394 0.283369013 0.814614458 -0.483834646
10009.709260068 18.393841793 26.240301218 1.392331550 0.155474755 -0.282021229 -0.800675113 0.505184115
10009.742613210 18.379203051 26.269817709 1.391880292 0.158813126 -0.282300080 -0.791495451 0.518285643
10009.775981045 18.356865876 26.303022179 1.393003573 0.163647147 -0.282810050 -0.779043967 0.535096800
10009.809353683 18.328851948 26.339379817 1.390551325 0.171089626 -0.281193296 -0.765627074 0.552696891
10009.842735230 18.308059302 26.362466990 1.386666935 0.177630623 -0.278075749 -0.756973051 0.564015105
10009.876092866 18.277280695 26.389548471 1.382905211 0.188952529 -0.270924917 -0.744868894 0.579712827
10009.909475445 18.242985705 26.415197740 1.379688989 0.199280775 -0.264955110 -0.733036942 0.593921548
10009.942892579 18.216658647 26.433938308 1.378604560 0.204658641 -0.262228068 -0.725388450 0.602629967
10009.976218414 18.177754707 26.457444227 1.378211650 0.210544411 -0.258946060 -0.715655389 0.613559576
10010.009577308 18.136863361 26.481918662 1.380174821 0.215296744 -0.256480842 -0.707340500 0.622522534
10010.042952553 18.108964182 26.496145569 1.382243874 0.219010383 -0.253912016 -0.701834306 0.628483689
10010.076305835 18.073691118 26.516199364 1.383032517 0.225478908 -0.247632212 -0.694263775 0.637052086
10010.109667008 18.037753767 26.538075373 1.385163263 0.232759995 -0.239668578 -0.685366388 0.647035294
10010.143044175 18.013932582 26.552157144 1.388202855 0.236439956 -0.236079540 -0.679428643 0.653252874
10010.176410406 17.979204278 26.576009144 1.392394298 0.238726455 -0.235033891 -0.671409935 0.661042698
10010.209771196 17.943350255 26.597737682 1.396756734 0.237005845 -0.238674637 -0.664334443 0.667474639
10010.243167575 17.918496646 26.611339740 1.399257429 0.234546921 -0.242470964 -0.659996633 0.671267471
10010.276510285 17.882737699 26.634420932 1.396225139 0.231311440 -0.248057688 -0.653928093 0.676269510
10010.309899787 17.843992488 26.653045139 1.394109835 0.229904777 -0.251456006 -0.647945608 0.681234291
10010.343279004 17.818878733 26.663178892 1.392967887 0.230282333 -0.252285418 -0.644297663 0.684253342
10010.376624814 17.776344475 26.679229452 1.387858860 0.232162145 -0.251979080 -0.638434538 0.689208693
10010.409999124 17.735297352 26.692987590 1.382724481 0.234337025 -0.250364170 -0.633602765 0.693506652
10010.443375251 17.704947945 26.702430953 1.376872621 0.235245385 -0.248643620 -0.630653767 0.696499667
10010.476736761 17.676138382 26.711398909 1.369560098 0.235130047 -0.246881746 -0.628484654 0.699121094
10010.510106779 17.622919438 26.726185417 1.359789138 0.232881060 -0.244424002 -0.625914851 0.703031948
10010.543498333 17.592442742 26.734902566 1.356646783 0.230279388 -0.245086821 -0.624808808 0.704640197
10010.576830821 17.556435443 26.745870890 1.354613123 0.225879595 -0.246750851 -0.623960690 0.706233307
10010.610193620 17.500086860 26.763770519 1.357452352 0.219405390 -0.249838889 -0.622525284 0.708451886
10010.643559749 17.468672376 26.771864088 1.358701558 0.216763623 -0.249872873 -0.621692333 0.709982902
10010.676944384 17.424731557 26.780464375 1.360793700 0.214522418 -0.246369370 -0.620477310 0.712944720
10010.710301011 17.383142057 26.787054526 1.361311529 0.213130204 -0.239330773 -0.619159354 0.716894686
10010.743677353 17.355320278 26.790449155 1.363339475 0.213016712 -0.234333607 -0.617586353 0.719929675
10010.777061270 17.317582657 26.796037042 1.367526002 0.213165673 -0.228766785 -0.614796455 0.724052120
10010.810407270 17.277000733 26.801581670 1.372679710 0.214362166 -0.223211765 -0.611149289 0.728506635
10010.843792991 17.250680792 26.804075612 1.376283569 0.216258180 -0.219264662 -0.608445730 0.731402216
10010.877154637 17.210153441 26.807387742 1.380233582 0.220885652 -0.212452192 -0.604183529 0.735551398
10010.910518046 17.167273032 26.809154947 1.382204769 0.227465416 -0.204703035 -0.599598140 0.739485106
10010.943890485 17.136926261 26.810445732 1.382077549 0.231868501 -0.200248819 -0.596629472 0.741734914
10010.977272057 17.092699788 26.811666649 1.382057910 0.237074877 -0.196042929 -0.593010299 0.744111187
10011.010651725 17.048110018 26.812253160 1.378973868 0.240470500 -0.194503179 -0.590291368 0.745586046
10011.044012496 17.016040093 26.812642784 1.375604087 0.242225220 -0.194202891 -0.588830572 0.746251122
10011.077388449 16.969970079 26.812124022 1.368336479 0.244470574 -0.193548715 -0.587182929 0.746986775
10011.110750998 16.924180198 26.811042416 1.361373850 0.246096830 -0.192769304 -0.585981895 0.747597194
10011.144130176 16.894191105 26.810826763 1.356690594 0.246255472 -0.193441557 -0.585610355 0.747662436
10011.177497241 16.843638062 26.809544300 1.355116904 0.244740362 -0.196834891 -0.586100330 0.746889941
10011.210870829 16.795684424 26.807452971 1.352376437 0.241317990 -0.202120409 -0.588577970 0.744640142
10011.244224808 16.760610920 26.804581823 1.354531733 0.238244733 -0.206024742 -0.591231992 0.742454029
10011.277585633 16.708924411 26.800561545 1.357525976 0.233751344 -0.210798619 -0.596468920 0.738342115
10011.311012142 16.665835119 26.795611061 1.359411385 0.229655927 -0.212910370 -0.601930816 0.734579214
10011.344326991 16.634366771 26.793391576 1.361698992 0.226315962 -0.213560803 -0.606560743 0.731612557
10011.377703553 16.594674173 26.792737432 1.363463702 0.221203978 -0.216285505 -0.613114878 0.726897192
10011.411080806 16.554417580 26.790958969 1.367351373 0.214179418 -0.221541274 -0.621095230 0.720615956
10011.444437285 16.526352844 26.789415902 1.369197330 0.208698364 -0.226569770 -0.626930616 0.715590060
10011.477806283 16.482862520 26.787513390 1.370904913 0.200446601 -0.234788690 -0.635843464 0.707388522
10011.511197166 16.441197756 26.786767084 1.370763364 0.194256037 -0.241569225 -0.643649748 0.699731308
10011.544557674 16.411408589 26.786504816 1.369653755 0.191297073 -0.245066119 -0.648080997 0.695225897
10011.577926734 16.371898528 26.787576370 1.364973969 0.188684432 -0.248611221 -0.653246425 0.689825887
10011.611302904 16.330403146 26.789803006 1.359636752 0.186850519 -0.251157731 -0.657836794 0.685023671
10011.644667722 16.299465841 26.792997762 1.354794580 0.185873240 -0.252385996 -0.660553035 0.682218540
10011.678045598 16.259789300 26.797286023 1.344345503 0.184246822 -0.253189556 -0.664043689 0.678965490
10011.711427130 16.215333871 26.805348410 1.335198685 0.182369517 -0.253302812 -0.667025181 0.676503107
10011.744768668 16.182495831 26.812748273 1.329544212 0.180115710 -0.254451760 -0.668734718 0.674986303
10011.778133984 16.141850102 26.823668368 1.324188616 0.174980226 -0.257771627 -0.670590907 0.673233648
10011.811526461 16.096652456 26.838653728 1.321766034 0.167723254 -0.262822060 -0.672133630 0.671587566
10011.844869735 16.062653039 26.849379902 1.321956006 0.163088329 -0.264981395 -0.673192266 0.670819819
10011.878245572 16.018854900 26.860250773 1.322939968 0.159707807 -0.263055109 -0.674743803 0.670832488
10011.911631580 15.976970853 26.868931637 1.325383515 0.159316250 -0.257500859 -0.675824114 0.671992118
10011.944993013 15.947508771 26.875152068 1.329490151 0.160027816 -0.253933009 -0.675898835 0.673104665
10011.978348305 15.907678795 26.883682951 1.336247059 0.161916725 -0.248933670 -0.675233715 0.675184740
10012.011744991 15.863660764 26.892801689 1.343488075 0.165609995 -0.243740096 -0.673327236 0.678081506
10012.045082690 15.834945381 26.899387544 1.347340865 0.168798775 -0.239952045 -0.671923454 0.680035927
10012.078454039 15.792704692 26.907700243 1.350601054 0.173956345 -0.234746521 -0.669727583 0.682713868
10012.111842218 15.749629308 26.916454708 1.351161490 0.178579129 -0.230837757 -0.668052164 0.684492316
10012.145201442 15.718579724 26.922769479 1.349705620 0.180907333 -0.229183959 -0.667361384 0.685110234
10012.178588074 15.672508739 26.930181148 1.345912420 0.183055394 -0.228339096 -0.666944688 0.685227527
10012.211977642 15.623926306 26.938003130 1.338015400 0.183976860 -0.227740062 -0.667098740 0.685030109
10012.245316910 15.591786666 26.942758153 1.331334399 0.184606084 -0.226306386 -0.667412713 0.685030134
10012.278679090 15.546611980 26.949253628 1.321012663 0.185722856 -0.222605426 -0.667769886 0.685592608
10012.312123018 15.500949776 26.957284647 1.312329944 0.185657224 -0.218938990 -0.668100967 0.686467925
10012.345417604 15.467174074 26.963638809 1.308324883 0.183889464 -0.218067668 -0.668525948 0.686807262
10012.378776939 15.418469031 26.973229076 1.306336614 0.178081233 -0.219960035 -0.669887086 0.686408005
10012.412171838 15.366174567 26.985215727 1.309188678 0.169528594 -0.225178896 -0.671932393 0.684880559
10012.445510917 15.331234356 26.991374517 1.312194051 0.164363621 -0.227077161 -0.673891445 0.683586778
10012.478876185 15.283079569 26.999278995 1.314844660 0.158482146 -0.225670022 -0.677311062 0.682060244
10012.512261680 15.241105220 27.005978436 1.315422587 0.153050601 -0.221651003 -0.681955021 0.679988012
10012.545620369 15.212756406 27.011913388 1.318127867 0.148338849 -0.222407069 -0.685386786 0.677329783
10012.578985724 15.172668878 27.020053059 1.323985103 0.139022652 -0.227206175 -0.691609545 0.671361523
10012.612367812 15.131269942 27.027240295 1.329493425 0.129724907 -0.233778517 -0.698283126 0.664017869
10012.645714985 15.102507383 27.031974296 1.332083011 0.124929354 -0.237491897 -0.702779355 0.658856156
10012.679104228 15.062572388 27.038161482 1.333881968 0.121399893 -0.240165528 -0.708499932 0.652388252
10012.712494675 15.018815974 27.046371595 1.332781265 0.121605274 -0.239657166 -0.713950414 0.646568950
10012.745832676 14.989470557 27.052853451 1.330388982 0.122836612 -0.238312367 -0.717061413 0.643382710
10012.779194967 14.948591112 27.063965399 1.325545695 0.123972558 -0.236587387 -0.720934609 0.639461103
10012.812585873 14.905348328 27.079371543 1.318286265 0.122331571 -0.236296047 -0.724596346 0.635735244
10012.845930177 14.876504345 27.091366551 1.312002860 0.119698663 -0.236828150 -0.726782072 0.633539642
10012.879299077 14.835173622 27.111366707 1.302054711 0.115049475 -0.236832153 -0.729329796 0.631468288
10012.912707217 14.798233812 27.133562502 1.294792337 0.111846920 -0.235835197 -0.730489506 0.631076150
10012.946061243 14.768723793 27.150717995 1.291081772 0.110997098 -0.234023173 -0.730935828 0.631383888
10012.979408371 14.727293042 27.176680434 1.286660725 0.110651477 -0.229299457 -0.730900029 0.633216517
10013.012782211 14.687776046 27.201770618 1.284010823 0.111496054 -0.222876025 -0.730480671 0.635840307
10013.046136152 14.659671116 27.218757906 1.283400697 0.113120361 -0.216995579 -0.730094510 0.638027201
10013.079499965 14.617970410 27.241791451 1.285453922 0.116199280 -0.209045995 -0.729141715 0.641209684
10013.112892385 14.577667383 27.264706871 1.291785967 0.118815583 -0.204472014 -0.727471996 0.644095138
10013.146245515 14.549139994 27.280756102 1.298655890 0.120277104 -0.203372149 -0.725521443 0.646368179
10013.179606046 14.507400742 27.304599412 1.310073830 0.122847986 -0.204066915 -0.721608806 0.650035228
10013.213017096 14.466189559 27.328861079 1.319209026 0.126813517 -0.204629114 -0.716932711 0.654257400
10013.246343066 14.438208729 27.345062865 1.323273680 0.130402437 -0.204391959 -0.713657378 0.657200334
10013.279708523 14.397823157 27.366520477 1.325038031 0.135903013 -0.203785505 -0.709523039 0.660741172
10013.313145415 14.351601357 27.387356395 1.322778939 0.141036354 -0.204602995 -0.705994129 0.663188247
10013.346458170 14.305789478 27.406946763 1.318576111 0.144474589 -0.207021726 -0.703725638 0.664107916
10013.379831694 14.273518108 27.419825125 1.313992130 0.146164889 -0.208832664 -0.702675586 0.664282895
10013.413230331 14.229263155 27.434436936 1.306479993 0.148614533 -0.210477066 -0.701643452 0.664311367
10013.446576995 14.184118822 27.449749845 1.300706254 0.150972732 -0.212537104 -0.700735056 0.664082521
10013.479968430 14.148115546 27.461780359 1.298949253 0.152542861 -0.214724193 -0.700093493 0.663696691
10013.513328031 14.097353153 27.475958538 1.298799322 0.155400622 -0.216547024 -0.699781973 0.662769359
10013.546667022 14.047823203 27.487074322 1.299902038 0.158169590 -0.216488768 -0.700575161 0.661293761
10013.580077897 14.011503918 27.495164068 1.302666817 0.159405764 -0.217065768 -0.701630429 0.659687044
10013.613417484 13.961209096 27.505667754 1.305861854 0.160118144 -0.216496466 -0.704398130 0.656745563
10013.646773065 13.914327047 27.516773552 1.307067484 0.159688127 -0.213536315 -0.707885208 0.654064581
10013.680157670 13.883046088 27.526335220 1.310613887 0.158318838 -0.214231486 -0.709893368 0.651990354
10013.713542344 13.841892156 27.541370852 1.318150785 0.154146374 -0.218602841 -0.713254333 0.647857970
10013.746890940 13.796604748 27.556282481 1.326876481 0.149395983 -0.225138213 -0.717204553 0.642348235
10013.780274404 13.767001212 27.565468668 1.330766171 0.147126740 -0.228948331 -0.719741718 0.638676948
10013.813656739 13.723659245 27.578732284 1.334720090 0.145196777 -0.233280359 -0.723492414 0.633290532
10013.846986626 13.679728161 27.591366309 1.335018443 0.145064694 -0.235858491 -0.726560276 0.628837954
10013.880371689 13.648359075 27.601598558 1.332657079 0.145756956 -0.236901373 -0.728356130 0.626202841
10013.913764943 13.603236162 27.617176155 1.327900063 0.147094277 -0.237521106 -0.730640413 0.622986023
10013.947119380 13.569079121 27.629678684 1.323044377 0.147625765 -0.237986695 -0.732182175 0.620868931
10013.980473814 13.528726216 27.646056933 1.315705716 0.147160151 -0.238379083 -0.734123785 0.618531786
10014.013855387 13.485812093 27.664155326 1.305909521 0.145230622 -0.238182870 -0.736265027 0.616515042
10014.047204557 13.443269627 27.684748314 1.295208517 0.141463131 -0.237441857 -0.738345373 0.615187497
10014.080573593 13.412621578 27.700633090 1.289701360 0.137788688 -0.238308679 -0.739252442 0.614596679
10014.113954921 13.371589368 27.725134944 1.283344067 0.130486591 -0.240009073 -0.740435388 0.614104495
10014.147300946 13.329303767 27.751569370 1.279216186 0.123296645 -0.240462249 -0.741367489 0.614288280
10014.180685241 13.299003494 27.768470101 1.277540388 0.120082128 -0.239039828 -0.741916897 0.614816689
10014.214070485 13.259239119 27.789944292 1.277388739 0.118683364 -0.233585226 -0.742752838 0.616174021
10014.247408608 13.217188128 27.808270762 1.279190230 0.120300719 -0.226408530 -0.742974459 0.618268443
10014.280791903 13.185821342 27.822115693 1.283018192 0.122165803 -0.221743550 -0.742550618 0.620099907
10014.314231439 13.142500476 27.841302483 1.291861951 0.124955527 -0.217788483 -0.740871998 0.622947009
10014.347521825 13.101595843 27.860849136 1.301182096 0.128553817 -0.215737432 -0.738151669 0.626149654
10014.380911066 13.074207151 27.873963495 1.306575703 0.132098057 -0.214207338 -0.735935731 0.628541105
10014.414285793 13.034607065 27.891341734 1.312928108 0.139287079 -0.211138717 -0.732340801 0.632215551
10014.447638544 12.990195765 27.910364779 1.315793255 0.148680280 -0.207767277 -0.728387191 0.635750763
10014.481016609 12.959191896 27.923547578 1.315771789 0.154745053 -0.206211702 -0.726007605 0.637529341
10014.514381302 12.918702137 27.937432629 1.314788368 0.162205473 -0.205342961 -0.723070386 0.639290912
10014.547740482 12.871882345 27.954757112 1.308174297 0.167353708 -0.206222774 -0.720992150 0.640027518
10014.581119177 12.838798468 27.967466421 1.302689212 0.168920944 -0.208043875 -0.720096776 0.640034447
10014.614504909 12.792351973 27.985873178 1.295485505 0.168720090 -0.213007997 -0.719287836 0.639363851
10014.647849725 12.741288933 28.006104503 1.291237566 0.167341743 -0.219540827 -0.718791069 0.638073637
10014.681289208 12.704515831 28.019406947 1.289665721 0.167018027 -0.223256528 -0.718812692 0.636843635
10014.714617062 12.649932237 28.035496136 1.288870141 0.167941148 -0.226045606 -0.719819773 0.634475098
10014.747979717 12.596315513 28.049829295 1.290774100 0.169061673 -0.227785565 -0.721816181 0.631279088
10014.781359304 12.559445528 28.058680549 1.292672375 0.169434957 -0.227946824 -0.723763264 0.628886936
10014.814700404 12.512601678 28.070414276 1.295709215 0.169016485 -0.226930757 -0.727300651 0.625275637
10014.848074741 12.467141009 28.086637987 1.304327734 0.166081090 -0.229698177 -0.730668958 0.621110854
10014.881450006 12.437585149 28.097661087 1.312057142 0.163001064 -0.233142671 -0.732962963 0.617932393
10014.914837014 12.396996695 28.115565593 1.322347293 0.158539446 -0.238751566 -0.736560335 0.612651456
10014.948177044 12.355649899 28.130289044 1.330806470 0.155926050 -0.243215165 -0.740064821 0.607319941
10014.981560630 12.326249531 28.140824771 1.334641164 0.155625749 -0.245017931 -0.742537971 0.603642445
10015.014928334 12.283996999 28.156258502 1.336025013 0.157083066 -0.246013318 -0.745591241 0.599079343
10015.048295203 12.240550604 28.172983331 1.335236887 0.158962862 -0.247101457 -0.747903477 0.595241184
10015.081667502 12.210959816 28.185686551 1.333328294 0.159417648 -0.248581128 -0.749054098 0.593052607
10015.115042221 12.174232473 28.204454392 1.329649173 0.158361110 -0.251603060 -0.750225691 0.590575204
10015.148415772 12.134298439 28.226910948 1.323072991 0.155738677 -0.255162742 -0.751025679 0.588725631
10015.181815125 12.105561031 28.244492413 1.316402986 0.153440339 -0.257195812 -0.751456278 0.587894412
10015.215174503 12.068109607 28.269857864 1.305709786 0.149950293 -0.258436067 -0.751771955 0.587847460
10015.248527094 12.033057204 28.297485701 1.296335158 0.145989015 -0.259099693 -0.751443279 0.588971608
10015.281914247 12.005164539 28.318183911 1.291119114 0.143235451 -0.260019411 -0.750853249 0.589993992
10015.315335069 11.970496223 28.347121938 1.285981340 0.138753700 -0.260353082 -0.749971583 0.592035732
10015.348636561 11.932634755 28.379512420 1.283658565 0.134372252 -0.260672903 -0.748361540 0.594935914
10015.382011627 11.905542832 28.400591897 1.283385545 0.132590985 -0.259312107 -0.747228437 0.597349584
10015.415368137 11.865229503 28.428352253 1.284892012 0.132392671 -0.255384419 -0.745598013 0.601111122
10015.448732722 11.821744752 28.453016584 1.290665250 0.134167235 -0.251348793 -0.743224333 0.605343314
10015.482124433 11.793901787 28.470136484 1.296823295 0.136415377 -0.249125535 -0.741058140 0.608407878
10015.515486262 11.753416273 28.491006579 1.307263559 0.141513473 -0.246159950 -0.736794738 0.613606332
10015.548842730 11.714681041 28.512910777 1.317059998 0.148413368 -0.242584173 -0.731669192 0.619505112
10015.582222821 11.686903494 28.528659599 1.321714821 0.154313390 -0.239195800 -0.727662181 0.624083726
10015.615586359 11.646909231 28.549367972 1.324927829 0.162434379 -0.234446469 -0.722164273 0.630181472
10015.648961715 11.608222592 28.569649852 1.324974186 0.168162157 -0.232241460 -0.717811448 0.634454189
10015.682355700 11.579085255 28.577253059 1.323829449 0.170455091 -0.232759316 -0.715078697 0.636734340
10015.715703009 11.543418174 28.592640428 1.321655287 0.170141045 -0.236070898 -0.713148051 0.637763603
10015.749073009 11.503426052 28.610317533 1.315978281 0.167248251 -0.240589052 -0.712253959 0.637839500
10015.782456660 11.474408353 28.621323621 1.309993071 0.164593314 -0.243010523 -0.712103978 0.637779626
10015.815830127 11.433734314 28.635139831 1.301390170 0.161312687 -0.244553023 -0.712441646 0.637651110
10015.849183878 11.390637606 28.648040949 1.294900523 0.159442851 -0.244667506 -0.713109067 0.637331348
10015.882558997 11.358790994 28.656040850 1.292255610 0.159297501 -0.243909808 -0.713834538 0.636845793
10015.915917950 11.315813369 28.663747940 1.289645171 0.160195242 -0.240470850 -0.715955907 0.635545746
10015.949285201 11.269366691 28.670036318 1.287756223 0.161013603 -0.235507364 -0.719268883 0.633453372
10015.982661856 11.234524645 28.674657494 1.286897777 0.160235730 -0.232353288 -0.722423983 0.631221078
10016.016018172 11.188470359 28.680464601 1.285727848 0.157326860 -0.227992842 -0.727778362 0.627380411
10016.049392646 11.147882214 28.687494129 1.286082511 0.153051462 -0.224834126 -0.733115499 0.623351050
10016.082784319 11.118541705 28.694312011 1.288771387 0.148763145 -0.224742825 -0.736719485 0.620164970
10016.116127133 11.081927904 28.703109009 1.295079659 0.141576441 -0.227489081 -0.741917745 0.614624185
10016.149514619 11.042773675 28.712857225 1.303546137 0.133775289 -0.232945643 -0.747301353 0.607767379
10016.182870346 11.014796778 28.718955350 1.309457673 0.129243895 -0.236916203 -0.751279910 0.602283343
10016.216260681 10.977056575 28.725789638 1.315776459 0.125556746 -0.240816488 -0.756608694 0.594799300
10016.249602417 10.938789626 28.733859534 1.318915669 0.124758672 -0.243029978 -0.761577575 0.587682994
10016.282973312 10.910726460 28.740002716 1.319286378 0.125216519 -0.243906167 -0.764746502 0.583089524
10016.316330290 10.871706816 28.750693646 1.317594758 0.126001257 -0.245141511 -0.769016526 0.576752031
10016.349690609 10.832314343 28.762856334 1.313760812 0.125185302 -0.247225607 -0.773524818 0.569971487
10016.383072865 10.806370745 28.771754997 1.309516560 0.123018609 -0.249139695 -0.776810603 0.565120449
10016.416425692 10.770010975 28.785589205 1.301970958 0.117359278 -0.252664324 -0.782043586 0.557490242
10016.449786737 10.735604518 28.801009422 1.294307480 0.109421126 -0.256666279 -0.788064284 0.548729554
10016.483169077 10.709938427 28.811444193 1.289744555 0.103304207 -0.259861695 -0.792446502 0.542059666
10016.516528656 10.674165255 28.827374151 1.285893169 0.093948011 -0.264475212 -0.799248900 0.531439394
10016.549898883 10.639625188 28.844558322 1.287089747 0.084773270 -0.269572357 -0.806323656 0.519602154
10016.583273447 10.613477586 28.854155227 1.290132982 0.080001162 -0.272600465 -0.811278370 0.510995311
10016.616648791 10.583832978 28.863410474 1.294718768 0.076364689 -0.274652119 -0.817382475 0.500620152
10016.650013071 10.537024934 28.874979744 1.300901334 -0.073563534 0.275376987 0.826911456 -0.484740512
10016.683419232 10.507781242 28.882288548 1.305424851 -0.073280564 0.275650252 0.832248315 -0.475404711
10016.716758085 10.472396810 28.891608626 1.312335814 -0.074381361 0.276403467 0.838947320 -0.462856275
10016.750115416 10.432598216 28.902696602 1.320086063 -0.078284332 0.276896566 0.845233297 -0.450311590
10016.783489316 10.406273279 28.910592816 1.324836319 -0.082109274 0.276809169 0.849015142 -0.442502022
10016.816855101 10.368000922 28.922274655 1.328356134 -0.088310568 0.276866663 0.853824390 -0.431891197
10016.850220290 10.329069899 28.935691002 1.332084246 -0.093041310 0.278306262 0.858605356 -0.420340080
10016.883588024 10.302331714 28.945690133 1.333853565 -0.094496985 0.280471372 0.861773275 -0.412010864
10016.916965123 10.266206008 28.962308227 1.335686725 -0.093959832 0.284762266 0.866142503 -0.399848929
10016.950322738 10.228832565 28.982060717 1.335661986 -0.091824166 0.289415814 0.870354014 -0.387673444
10016.983694592 10.202755336 28.994890661 1.332947170 -0.090813401 0.291581458 0.873189897 -0.379832308
10017.017077649 10.168616418 29.014158381 1.328110080 -0.090522976 0.292964806 0.876944309 -0.370062011
10017.050450747 10.133726625 29.035267416 1.322676300 -0.091060068 0.293183586 0.880666932 -0.360800781
10017.083799035 10.108205758 29.049624443 1.319565339 -0.090661052 0.293456410 0.883227900 -0.354361943
10017.117170447 10.074167857 29.070503864 1.316473982 -0.087332778 0.294093322 0.887204285 -0.344602177
10017.150536274 10.037756546 29.092518811 1.314978846 -0.079157505 0.295532028 0.892034811 -0.332669215
10017.183901706 10.012403167 29.109028876 1.315978126 -0.070312749 0.297440097 0.895618800 -0.323191077
10017.217273149 9.976930228 29.131788027 1.319020763 -0.057260145 0.299137747 0.900903923 -0.309208675
10017.250635214 9.943556117 29.153806836 1.321953929 -0.045469180 0.298885590 0.906406437 -0.295003947
10017.283999979 9.911511919 29.174808411 1.326970670 -0.034463207 0.299103143 0.911448668 -0.280376397
10017.317394610 9.890826367 29.188713054 1.331620501 -0.028059699 0.299511082 0.914650075 -0.270038897
10017.350737458 9.862953926 29.208611550 1.337036871 -0.021679113 0.299727857 0.919209687 -0.254453886
10017.384100279 9.830875592 29.228271727 1.341323327 -0.018872662 0.299737023 0.923468004 -0.238764289
10017.417465388 9.809290259 29.242580629 1.343679202 -0.018634980 0.299658091 0.926219292 -0.227981556
10017.450833732 9.777075443 29.264696593 1.343229651 -0.019882552 0.299890903 0.929696816 -0.212917733
10017.484201704 9.749388026 29.288586976 1.342338504 -0.020589407 0.300615053 0.932545728 -0.198909857
10017.517572898 9.732722961 29.306392209 1.341308493 -0.019687964 0.301611618 0.934206235 -0.189476981
10017.550924042 9.713162180 29.333292429 1.339734044 -0.015456918 0.303513504 0.936209119 -0.176502468
10017.584294809 9.699787356 29.360654781 1.337094106 -0.007975200 0.305366287 0.937965898 -0.164035978
10017.617665129 9.689301134 29.381202933 1.332851248 -0.001552863 0.306324066 0.939139831 -0.155497697
10017.651036424 9.688827717 29.410434701 1.329603598 0.009287211 0.306820659 0.940805633 -0.143734448
10017.684420201 9.683372516 29.441304942 1.324643042 0.019231170 0.306921235 0.942158118 -0.133295154
10017.717763240 9.677373512 29.465654231 1.321960793 0.025722744 0.306999469 0.942961046 -0.126151226
10017.751134286 9.685241659 29.494790320 1.322743812 0.032647484 0.305914287 0.944277226 -0.117009023
10017.784513900 9.683098022 29.527864074 1.322055540 0.037229582 0.303786450 0.945823165 -0.108380311
10017.817886782 9.678831250 29.552045632 1.321475141 0.039409099 0.301839908 0.947001421 -0.102605565
10017.851239683 9.669872339 29.587973445 1.321615967 0.040918184 0.298150690 0.948991227 -0.094061257
10017.884610728 9.660549371 29.621353322 1.321124861 0.041028037 0.293750025 0.951134639 -0.085851739
10017.917991163 9.654938797 29.643869772 1.322220476 0.041264915 0.290933844 0.952478835 -0.080241967
10017.951347395 9.644016435 29.676774626 1.323430422 0.042361702 0.288389857 0.953825866 -0.072477537
10017.984710256 9.634831134 29.709123117 1.326614304 0.042457114 0.287458580 0.954634053 -0.065105936
10018.018074304 9.629839769 29.730138400 1.330616443 0.040935885 0.287374861 0.955010285 -0.060788964
10018.051450038 9.622113237 29.763298039 1.335005710 0.035548575 0.288056757 0.955385691 -0.054752040
10018.084812469 9.614206640 29.795772697 1.336630589 0.027971752 0.289488451 0.955526401 -0.048819208
10018.118188468 9.608515135 29.819300381 1.337715748 0.023043813 0.290756232 0.955500186 -0.044149641
10018.151555598 9.601051211 29.853136624 1.336596047 0.018132198 0.293395612 0.955127029 -0.036367529
10018.184912584 9.592464443 29.889413482 1.335626944 0.017042130 0.295973113 0.954666881 -0.026844524
10018.218287858 9.586927562 29.915488470 1.333204042 0.017900429 0.297497233 0.954361254 -0.019224145
10018.251661125 9.578404336 29.952213502 1.327665976 0.020172814 0.298988530 0.954015707 -0.007276487
10018.285015494 9.568866884 29.991630085 1.324036425 0.023939982 0.300046177 0.953607106 0.005714470
10018.318385429 9.560903119 30.018924690 1.323051102 0.027506789 0.300485569 0.953260902 0.015666885
10018.351747835 9.550746502 30.058192514 1.320983389 0.034601762 0.300554133 0.952607340 0.031767717
10018.385103893 9.539966216 30.098544189 1.320936697 0.045151498 0.300453207 0.951353541 0.051143455
10018.418475470 9.533221232 30.124285278 1.322563639 0.054648425 0.300784403 0.949849720 0.065786027
10018.451849438 9.523121413 30.163740060 1.328926148 0.070833737 0.301285413 0.946728778 0.088962366
10018.485204035 9.512305680 30.201067614 1.335940135 0.087754465 0.301019050 0.942697466 0.114053377
10018.518580069 9.504968073 30.224327994 1.340956724 0.099617013 0.300798632 0.939226214 0.132101301
10018.551955025 9.494842272 30.259036649 1.349015841 0.117762614 0.300490079 0.932670453 0.161131948
10018.585305066 9.483003944 30.297010802 1.359435722 0.134718880 0.300686487 0.924384964 0.192226166
10018.618663876 9.475671597 30.321096025 1.365149778 0.144276924 0.301179252 0.918038639 0.213729468
10018.652054257 9.464688780 30.358771011 1.373176212 0.154453288 0.302449413 0.908277160 0.244338157
10018.685420608 9.456908364 30.395936453 1.378172736 0.161076093 0.303881083 0.898106048 0.274073541
10018.718769699 9.453193438 30.421108512 1.380422850 0.165035662 0.304701614 0.890741507 0.294108356
10018.752167781 9.451317680 30.453997541 1.381511653 0.171550836 0.304857822 0.880067532 0.321112377
10018.785526042 9.453882094 30.485353239 1.380774529 0.181004606 0.303011625 0.867938211 0.349434613
10018.818868141 9.457618327 30.504930680 1.380098261 0.188674364 0.300389107 0.859703550 0.367529828
10018.852272292 9.466738019 30.529015048 1.377685726 0.201695742 0.294240246 0.847195632 0.393701747
10018.885597008 9.477799190 30.552547119 1.372655719 0.215239837 0.286040404 0.834330260 0.419220368
10018.918962396 9.487251991 30.569784752 1.368848701 0.223669934 0.279861089 0.825559891 0.436005045
10018.952412663 9.506294154 30.591394292 1.363376192 0.233095845 0.270889478 0.813655121 0.458530873
10018.985699162 9.530286838 30.607799335 1.360562038 0.239451891 0.263128933 0.803234614 0.477744817
10019.019068034 9.547494886 30.617241012 1.359532964 0.242498203 0.258638227 0.796948030 0.489054933
10019.052513445 9.573599187 30.634825309 1.360078295 0.244875859 0.253268493 0.788622511 0.503949819
10019.085800971 9.599817910 30.651517679 1.361921491 0.243818961 0.249503156 0.782025803 0.516465036
10019.119165719 9.619327639 30.662527051 1.363518255 0.241197490 0.247523596 0.778365782 0.524120740
10019.152572214 9.648811210 30.675853147 1.364031720 0.235160385 0.244772470 0.774320950 0.534053460
10019.185906440 9.673325389 30.693107563 1.361999877 0.228099742 0.241715994 0.771251463 0.542876659
10019.219272566 9.691371478 30.702726746 1.361716704 0.224183539 0.239137872 0.769098224 0.548673620
10019.252662658 9.715662911 30.722043907 1.360644871 0.222307825 0.234664010 0.765509314 0.556334004
10019.286029213 9.742327843 30.735124784 1.363709051 0.224064315 0.229144543 0.761518106 0.563363236
10019.319420689 9.761696629 30.743249185 1.365648631 0.225830413 0.225544860 0.758777284 0.567791488
10019.352776530 9.791877890 30.755688115 1.369322341 0.227209197 0.222218510 0.755161722 0.573346045
10019.386113448 9.822087405 30.767263684 1.370648909 0.225756494 0.221935286 0.752288153 0.577789987
10019.419479407 9.843358587 30.775970387 1.369582174 0.223304624 0.223172986 0.750538243 0.580535278
10019.452873400 9.876375289 30.786231045 1.368018673 0.219386568 0.225703030 0.748132110 0.584145548
10019.486224289 9.911691610 30.799626231 1.362428031 0.216558228 0.227789297 0.745355466 0.587928397
10019.519587886 9.935167626 30.808310692 1.357648836 0.215386004 0.228183809 0.743387448 0.590691222
10019.552981980 9.973094390 30.821574940 1.349174475 0.214334273 0.227737485 0.740371754 0.595017751
10019.586340067 10.009895530 30.834798982 1.340919399 0.213660984 0.226534269 0.737404319 0.599388087
10019.619716370 10.035878055 30.843759085 1.336251455 0.213287169 0.225418451 0.735341740 0.602467950
10019.653098577 10.077295326 30.855711929 1.330296728 0.213266311 0.223511440 0.732157125 0.607047000
10019.686443376 10.116767422 30.869701939 1.327481141 0.213132186 0.220977387 0.728764894 0.612082833
10019.719792977 10.147146298 30.881269385 1.327166813 0.213137443 0.218963520 0.725848224 0.616256248
10019.753181569 10.190930231 30.897587414 1.328834526 0.213801555 0.215605840 0.721162114 0.622678265
10019.786527180 10.235006804 30.912112909 1.329697255 0.214171508 0.211781117 0.716430967 0.629290071
10019.819885752 10.263581131 30.921506697 1.330963349 0.214567864 0.208555616 0.713265710 0.633811655
10019.853271488 10.304629402 30.930644023 1.333282841 0.217559803 0.202898122 0.708352126 0.640107295
10019.886626292 10.345650615 30.938650873 1.337529187 0.224862313 0.195935722 0.702114407 0.646592214
10019.919983636 10.372213411 30.943734691 1.342081451 0.230616300 0.191506943 0.697544103 0.650825197
10019.953415728 10.412438507 30.951898403 1.347482631 0.238554821 0.186761243 0.690346828 0.656987894
10019.986720958 10.455368250 30.959797979 1.351123118 0.243826985 0.185267002 0.683495282 0.662615076
10020.020088920 10.485118975 30.965607595 1.352073474 0.245649656 0.186144077 0.679508787 0.665788583
10020.053497584 10.527943668 30.972936472 1.350513650 0.247118171 0.188813653 0.674866680 0.669206229
10020.086829685 10.573119270 30.977642729 1.347673334 0.249179782 0.190777729 0.671195312 0.671572890
10020.120199573 10.602842343 30.978220109 1.345049472 0.251430663 0.190547819 0.669274951 0.672714791
10020.153580053 10.648353464 30.975159563 1.339683605 0.256509605 0.187525538 0.666757754 0.674144712
10020.186931604 10.692937358 30.972032697 1.331616472 0.261860846 0.182338204 0.664566179 0.675672606
10020.220300733 10.727203530 30.968230403 1.324561623 0.264855441 0.177999779 0.663481694 0.676727209
10020.253697867 10.770065998 30.961626938 1.317886066 0.267536372 0.173356199 0.663134212 0.677218528
10020.287034116 10.819204403 30.952140110 1.313610865 0.270140123 0.168947294 0.663691459 0.676753111
10020.320413755 10.852711398 30.945312838 1.313654825 0.272134451 0.166321770 0.664506490 0.675803992
10020.353783729 10.900432848 30.934863337 1.316246827 0.274299943 0.163245974 0.666492747 0.673719312
10020.387135089 10.947878360 30.924780798 1.320690837 0.272889617 0.163063366 0.669756756 0.671094243
10020.420500116 10.980118250 30.920337921 1.323861830 0.268582042 0.164927793 0.673000244 0.669128673
10020.453879113 11.024261489 30.915468130 1.327620030 0.259114726 0.169838059 0.679011050 0.665551340
10020.487245457 11.067559811 30.911960294 1.332687974 0.249471901 0.176016782 0.685909617 0.660537554
10020.520617409 11.096774614 30.908210914 1.337403574 0.243963429 0.179785133 0.690562354 0.656721239
10020.553997839 11.139841098 30.902761629 1.343877608 0.237040739 0.185331521 0.697885645 0.649938106
10020.587345691 11.182801859 30.898335504 1.348841727 0.230890498 0.190969575 0.705197702 0.642585714
10020.620719942 11.212660374 30.894600618 1.350446889 0.226466895 0.195187467 0.710383086 0.637158120
10020.654105525 11.255573522 30.889922679 1.351578546 0.220804897 0.200841156 0.717424005 0.629452798
10020.687472600 11.300948542 30.885999210 1.349429706 0.216628258 0.205549722 0.723552778 0.622328601
10020.720813019 11.332986074 30.883667165 1.346486640 0.214837423 0.207899239 0.727076543 0.618047319
10020.754181015 11.377143649 30.879953631 1.339083863 0.213099947 0.210370816 0.731725354 0.612299387
10020.787544897 11.422910814 30.877118136 1.329697428 0.210458448 0.212587899 0.736406779 0.606810252
10020.820928662 11.456282055 30.877356396 1.323139957 0.207828184 0.214246980 0.739741126 0.603066119
10020.854309140 11.503406473 30.876856873 1.316512279 0.205029332 0.216305806 0.744319292 0.597631628
10020.887645774 11.551383450 30.878391378 1.313276820 0.204589091 0.216849911 0.747797971 0.593226444
10020.921025752 11.585817941 30.879707305 1.311537119 0.204457646 0.216035577 0.749568487 0.591331366
10020.954393033 11.634835591 30.884457039 1.310924281 0.205180759 0.213751343 0.751099865 0.589966281
10020.987755252 11.680901103 30.889877799 1.310014635 0.204968652 0.210264075 0.751672800 0.590563182
10021.021124450 11.714365250 30.894222099 1.309180116 0.204292882 0.206890061 0.751952233 0.591632285
10021.054535650 11.756541750 30.893812661 1.311301838 0.206502923 0.201581830 0.751770559 0.592926922
10021.087851330 11.801615298 30.894782713 1.319215119 0.211815502 0.196412236 0.750636698 0.594223000
10021.121240089 11.831605814 30.895597440 1.325084417 0.214817398 0.194540478 0.749545182 0.595138226
10021.154608840 11.872131191 30.896432894 1.332389501 0.216756198 0.194748324 0.747869693 0.596473607
10021.187953368 11.915022680 30.900754560 1.337488920 0.215710931 0.198143860 0.746119243 0.597924645
10021.221338360 11.945660409 30.904129693 1.338472988 0.213902999 0.201567164 0.745087244 0.598716281
10021.254702332 11.990905833 30.908511115 1.337097486 0.211129796 0.206977642 0.743794382 0.599461744
10021.288069798 12.035078192 30.911211243 1.333680896 0.209461981 0.211458690 0.742683548 0.599860024
10021.321485812 12.081117773 30.910791076 1.328524888 0.209990784 0.214088752 0.741769445 0.599873292
10021.354809050 12.112947072 30.909160661 1.323984783 0.211595287 0.214526607 0.741277969 0.599760571
10021.388169299 12.161238569 30.904374825 1.316281023 0.215094054 0.213209275 0.740767412 0.599616540
10021.421555449 12.211877913 30.896430056 1.307877086 0.219281461 0.209814773 0.740871189 0.599168827
10021.454917319 12.246050756 30.889823299 1.304363034 0.222310852 0.207373232 0.741108059 0.598609282
10021.488263076 12.297736317 30.878438189 1.302199189 0.226522718 0.203785178 0.741712955 0.597512303
10021.521636180 12.348641138 30.866137107 1.303163206 0.229275104 0.200711732 0.742759131 0.596201812
10021.555008484 12.383210664 30.858249143 1.306155959 0.229999922 0.199376779 0.743645777 0.595264558
10021.588364660 12.434050006 30.848885915 1.310557424 0.226787764 0.199446544 0.745638851 0.593979031
10021.621758528 12.482361298 30.843780218 1.313679327 0.216992547 0.202309285 0.748713461 0.592801267
10021.655110391 12.513418721 30.842242555 1.316086042 0.208204632 0.205450569 0.751026741 0.591945715
10021.688475024 12.557457035 30.841080900 1.323355136 0.197728363 0.210984325 0.753932487 0.589893986
10021.721860278 12.600070821 30.838700447 1.333060522 0.191217054 0.215458259 0.756532193 0.587088424
10021.755217898 12.630072596 30.836641218 1.338472114 0.188877891 0.217767293 0.758369747 0.584617716
10021.788572931 12.676347732 30.831993508 1.346080778 0.186794873 0.220893747 0.761268064 0.580331425
10021.821963578 12.718253866 30.828995995 1.349170394 0.185118374 0.224143341 0.763584193 0.576567541
10021.855321316 12.750088225 30.827032287 1.349785714 0.184205434 0.226870544 0.764917219 0.574020699
10021.888678114 12.794324202 30.824467616 1.349217005 0.183792388 0.230531247 0.765959276 0.571298599
10021.922074558 12.839729075 30.823863581 1.346783519 0.184926935 0.233642217 0.766153363 0.569405275
10021.955434609 12.872204687 30.823567671 1.343758419 0.186270879 0.235223656 0.765928651 0.568617880
10021.988785935 12.918688062 30.824512298 1.337643012 0.186906438 0.237644957 0.765565969 0.567890487
10022.022180497 12.965438760 30.827493944 1.329090712 0.184077205 0.240753999 0.765703971 0.567318714
10022.055548325 12.998770447 30.829925416 1.323804260 0.181376147 0.243151004 0.766021042 0.566738076
10022.088907394 13.045259649 30.832566149 1.320722735 0.179715639 0.245928470 0.766262467 0.565741380
10022.122279403 13.095607157 30.836108296 1.320708871 0.180046610 0.246812462 0.766136514 0.565421673
10022.155639808 13.129791753 30.839175437 1.321791433 0.181451156 0.246292203 0.765648824 0.565859971
10022.188997977 13.180736590 30.844085248 1.323913464 0.184384701 0.243213813 0.764229943 0.568156596
10022.222381797 13.228292262 30.848371581 1.324220657 0.185682378 0.238167041 0.762828733 0.571743684
10022.255738086 13.259344140 30.849925898 1.324743610 0.185698574 0.234193858 0.762197763 0.574215854
10022.289107859 13.299422311 30.849581004 1.329480690 0.188030570 0.228723545 0.760974031 0.577276856
10022.322507075 13.340674904 30.848094998 1.337186823 0.193272323 0.221630360 0.758629788 0.581383382
10022.355833771 13.367278286 30.847407450 1.341394930 0.197614177 0.217089086 0.756586207 0.584292971
10022.389189125 13.407324864 30.847005237 1.346370109 0.203866095 0.210880089 0.752894853 0.589166822
10022.422565008 13.448433307 30.847925920 1.347206740 0.208168385 0.206173765 0.749225929 0.593985530
10022.455924907 13.478194065 30.848741434 1.345600545 0.209837184 0.204170425 0.746942129 0.596959169
10022.489295677 13.520098708 30.850073262 1.342475505 0.211020470 0.202753800 0.743920333 0.600785982
10022.522682736 13.564380562 30.849464682 1.337025453 0.212316638 0.202516110 0.741391634 0.603529051
10022.556047385 13.595254564 30.847182875 1.332743814 0.213752270 0.202299831 0.739892867 0.604932467
10022.589412689 13.638664834 30.843318950 1.326002429 0.216566271 0.201514973 0.737759776 0.606795912
10022.622788283 13.685760965 30.837418527 1.317105775 0.220424578 0.199483293 0.735576515 0.608725399
10022.656139002 13.719196269 30.832133859 1.310864640 0.223617897 0.197458792 0.734145579 0.609946990
10022.689523142 13.766220331 30.822779921 1.305903648 0.229946101 0.193923406 0.732013465 0.611289448
10022.722899368 13.817651500 30.811191977 1.305576783 0.238730507 0.189506220 0.729456435 0.612363002
10022.756234297 13.852573515 30.803135917 1.308129465 0.245405929 0.186747733 0.727658472 0.612710668
10022.789597380 13.899786845 30.791718850 1.314252061 0.254182275 0.183879843 0.725267821 0.612834530
10022.822981165 13.946894799 30.783627020 1.320635918 0.258795735 0.183416595 0.723563120 0.613057527
10022.856342967 13.979049815 30.780498054 1.325915622 0.259439276 0.185454720 0.722826042 0.613041859
10022.889708800 14.024717020 30.777941639 1.336741651 0.258880469 0.191422369 0.722276112 0.612091167
10022.923078789 14.072223276 30.776113969 1.349367873 0.257045958 0.199793447 0.722514626 0.609903738
10022.956450452 14.103005741 30.774251483 1.357656280 0.255267366 0.205841240 0.723014884 0.608043940
10022.989802665 14.145340158 30.771979012 1.367566377 0.251528968 0.214924708 0.724094536 0.605167457
10023.023169530 14.186177387 30.771158342 1.373843679 0.246699520 0.223802904 0.725330867 0.602450612
10023.056535274 14.215863535 30.770605089 1.375490386 0.243803233 0.229149906 0.725865940 0.600973328
10023.089900598 14.259835962 30.769454134 1.376367749 0.241033318 0.235454907 0.725994524 0.599496353
10023.123321026 14.302171737 30.767245995 1.375226217 0.241374022 0.238428875 0.725262520 0.599069721
10023.156652027 14.333011427 30.765687827 1.372467395 0.242908103 0.239145140 0.724308410 0.599318431
10023.190016589 14.375692304 30.763866349 1.366148596 0.244966385 0.239114110 0.722995689 0.600077617
10023.223394417 14.420501101 30.762961509 1.357572095 0.245318255 0.239162623 0.722048109 0.601054675
10023.256759791 14.452230843 30.762750694 1.351750686 0.244616229 0.239424512 0.721670135 0.601690137
10023.290122500 14.499438080 30.762566786 1.344533470 0.243245019 0.239469657 0.721208904 0.602780110
10023.323518329 14.547013348 30.763381896 1.340873504 0.241999035 0.238602229 0.720648894 0.604293484
10023.356844731 14.580921457 30.764280641 1.338906315 0.240826411 0.237437404 0.720218166 0.605732541
10023.390207277 14.627477758 30.766114753 1.337354715 0.238384207 0.234481350 0.719312964 0.608917339
10023.423567024 14.675713542 30.768840181 1.338436255 0.236010979 0.230421863 0.717990726 0.612938742
10023.456928472 14.708534367 30.770642454 1.338992923 0.233274915 0.226997446 0.717231612 0.616144292
10023.490279361 14.751070281 30.772544599 1.340112794 0.228846193 0.220506430 0.716051080 0.621512015
10023.523658865 14.790796217 30.771837706 1.341831152 0.227213978 0.211752658 0.714264818 0.627184494
10023.557012403 14.818706296 30.770445631 1.343620189 0.228208298 0.204351385 0.712278756 0.631522334
10023.590369180 14.857379677 30.769068410 1.346097591 0.231316312 0.193114580 0.708279458 0.638388387
10023.623750636 14.897072559 30.769148959 1.346706445 0.233603667 0.183211804 0.703612563 0.645594394
10023.657100604 14.924967284 30.769700210 1.345514801 0.233382638 0.178655516 0.700769866 0.650027958
10023.690470562 14.968151834 30.770798093 1.341555806 0.230495924 0.174796887 0.697043864 0.656085001
10023.723850537 15.013147628 30.771086535 1.334952496 0.225486435 0.173663711 0.694113623 0.661213325
10023.757204052 15.044251240 30.769782926 1.329379801 0.221957292 0.173656630 0.692510353 0.664084141
10023.790559282 15.090002814 30.767010147 1.320447176 0.217426065 0.173708350 0.690433139 0.667722544
10023.823934154 15.137976819 30.762046800 1.310395959 0.214291519 0.172817918 0.688661382 0.670789544
10023.857292222 15.169783559 30.757112921 1.303055345 0.212961792 0.171424696 0.687721584 0.672532431
10023.890660264 15.219474493 30.747023449 1.292406572 0.212065033 0.168274946 0.686998987 0.674347356
10023.924027089 15.270610360 30.733676067 1.283382468 0.212155946 0.164876710 0.686830681 0.675328913
10023.957393870 15.305895617 30.723668453 1.279231944 0.212412373 0.162346287 0.687162154 0.675524124
10023.990760754 15.356502878 30.708580585 1.278029433 0.213829579 0.158804083 0.687505482 0.675569675
10024.024129342 15.408131877 30.694008819 1.281168722 0.216386392 0.154629983 0.687213072 0.676021221
10024.057511439 15.443173202 30.686037644 1.284877826 0.218224791 0.151835287 0.686600132 0.676686224
10024.090865105 15.490099605 30.675828265 1.292478957 0.220592867 0.149520343 0.685583368 0.677464316
10024.124230835 15.539135362 30.667471295 1.304222827 0.221178410 0.151165199 0.685091327 0.677406132
10024.157597045 15.573096035 30.662455138 1.312825512 0.219234168 0.155365243 0.685520534 0.676653249
10024.190962444 15.619784322 30.656323730 1.323670269 0.212714711 0.165665470 0.687134483 0.674650729
10024.224337075 15.669561238 30.652124588 1.331467686 0.202516629 0.179693424 0.689612538 0.671663484
10024.257704294 15.703357058 30.650334437 1.334250617 0.195071392 0.189665066 0.691284289 0.669402978
10024.291073370 15.752361488 30.649021312 1.335367298 0.186030951 0.202781176 0.692992991 0.666358008
10024.324461192 15.801748628 30.647144546 1.334152810 0.181498792 0.212029868 0.693441619 0.664259170
10024.357802884 15.837126846 30.645688141 1.331668804 0.181232643 0.215710134 0.693037045 0.663568777
10024.391166776 15.889777814 30.644985978 1.325192709 0.183992419 0.217749109 0.691673923 0.663565595
10024.424544734 15.945543892 30.644296400 1.316471023 0.188695693 0.217150530 0.689455428 0.664748671
10024.457902243 15.983046447 30.644826626 1.311588682 0.192224779 0.216044211 0.687754775 0.665858771
10024.491271736 16.037727493 30.645384150 1.309113577 0.198282959 0.216053362 0.684815228 0.667107875
10024.524641211 16.094576139 30.648378566 1.310074476 0.202816844 0.217043313 0.681812150 0.668498108
10024.558007849 16.137329440 30.651954006 1.311642798 0.204399835 0.218831044 0.679698106 0.669585070
10024.591371849 16.194239954 30.655826596 1.313830808 0.205162117 0.221980314 0.676817965 0.671230727
10024.624742382 16.249830020 30.659989989 1.318808495 0.205243806 0.224214573 0.674309461 0.672985554
10024.658103979 16.285336509 30.661021777 1.322354131 0.205905231 0.224344980 0.672630682 0.674418514
10024.691485765 16.329854848 30.659840040 1.328989947 0.209466999 0.221773725 0.670132871 0.676654954
10024.724837739 16.372530501 30.657260292 1.338111721 0.215477740 0.217706425 0.667048577 0.679131396
10024.758197131 16.403673610 30.655473678 1.344259230 0.219869069 0.214663787 0.664527290 0.681161164
10024.791573446 16.446077579 30.653166634 1.350617368 0.225434818 0.210381542 0.660799206 0.684297566
10024.824939082 16.489664018 30.651246172 1.353265516 0.230532084 0.205916627 0.656732920 0.687862757
10024.858308557 16.520436454 30.650027802 1.352911386 0.233820587 0.202515747 0.653794175 0.690556647
10024.891681883 16.562641109 30.647794151 1.349001410 0.238062025 0.197634008 0.649748509 0.694329998
10024.925042957 16.605352473 30.643547409 1.343082388 0.242850160 0.192613474 0.645728293 0.697824348
10024.958455505 16.637759970 30.639489314 1.337148240 0.246490019 0.189066215 0.642991916 0.700041451
10024.991780489 16.683858809 30.631848363 1.327179811 0.251586803 0.184127957 0.639370817 0.702855557
10025.025129081 16.728882629 30.623156896 1.319042900 0.256130415 0.180676251 0.636349351 0.704849492
10025.058496434 16.764437969 30.616064764 1.314988564 0.259468550 0.179843801 0.634287088 0.705699772
10025.091877793 16.814325904 30.605987386 1.313090719 0.263921740 0.180193200 0.631598101 0.706370699
10025.125226512 16.868650464 30.595515434 1.317062261 0.269568487 0.181924668 0.628990494 0.706121239
10025.158598073 16.903891157 30.588090246 1.322151041 0.273328488 0.183723532 0.627272369 0.705738320
10025.191985254 16.956862888 30.579166073 1.331589340 0.277309524 0.187660881 0.625122742 0.705056294
10025.225333433 17.007779314 30.574259887 1.340690443 0.279018885 0.192555215 0.623621910 0.704390988
10025.258698136 17.043512206 30.571309679 1.347981688 0.279480084 0.196301776 0.622554903 0.704117809
10025.292084139 17.094360181 30.570450567 1.356759385 0.279472531 0.201819884 0.621106381 0.703839969
10025.325476667 17.143596159 30.571405215 1.364969936 0.278535978 0.207832988 0.619926405 0.703501536
10025.358793900 17.175087133 30.571280323 1.370349127 0.277461421 0.211789810 0.619161905 0.703419343
10025.392180621 17.223149472 30.571055536 1.377081643 0.276768406 0.218190982 0.618363710 0.702437376
10025.425544469 17.268941980 30.570051510 1.381567128 0.275819930 0.224419656 0.617806034 0.701337927
10025.458903117 17.302277824 30.568909259 1.383367994 0.274970625 0.229089642 0.617497616 0.700432571
10025.492290643 17.348358874 30.567746135 1.383339543 0.273586353 0.235625542 0.617170079 0.699093846
10025.525625466 17.394901169 30.568277725 1.380786474 0.271880584 0.242231110 0.617162915 0.697506254
10025.558996769 17.440679652 30.568430298 1.376721773 0.270049531 0.248214880 0.617011415 0.696246750
10025.592461990 17.472486127 30.569411275 1.373166948 0.268785577 0.251852737 0.617062360 0.695383748
10025.625728902 17.519302260 30.571294509 1.368375095 0.267681819 0.255832017 0.617144639 0.694283024
10025.659096325 17.568016831 30.571655552 1.365061902 0.268172642 0.258163228 0.616924196 0.693426073
10025.692507342 17.602191334 30.571095352 1.363780588 0.269057367 0.258589470 0.616622092 0.693193202
10025.725826413 17.653539761 30.570606841 1.364903579 0.271227371 0.257909488 0.615849069 0.693288059
10025.759197830 17.701935274 30.569356113 1.368067699 0.273976368 0.255372169 0.614571920 0.694279022
10025.792611717 17.733164556 30.568438113 1.370989928 0.276430902 0.252093490 0.613371991 0.695564253
10025.825929798 17.775639065 30.566095201 1.375477913 0.281050758 0.244961870 0.611112894 0.698244359
10025.859291988 17.814998946 30.562907674 1.379117393 0.286866487 0.234729919 0.608198653 0.701928687
10025.892703675 17.838669761 30.560413911 1.381059090 0.290307500 0.227765192 0.606372312 0.704384265
10025.926025789 17.874044163 30.555331105 1.384500619 0.294807060 0.218024001 0.603537790 0.708022929
10025.959391973 17.906970285 30.550109564 1.387521358 0.297969914 0.210460515 0.601442448 0.710765280
10025.992788637 17.933040406 30.546645853 1.388643675 0.299451727 0.205207907 0.599987240 0.712905106
10026.026127656 17.967853199 30.541145063 1.386825665 0.300571473 0.198505397 0.598558388 0.715527954
10026.059492515 18.001784134 30.536589284 1.381565121 0.300445907 0.192463010 0.597476220 0.718131195
10026.092898390 18.026433964 30.532571889 1.376184115 0.299599589 0.189010220 0.596943874 0.719842507
10026.126225672 18.065363951 30.525739961 1.367913722 0.298565106 0.185278830 0.596392327 0.721697183
10026.159593926 18.104971409 30.519996038 1.358221111 0.296297213 0.183020522 0.596270424 0.723307011
10026.193017193 18.127662446 30.514939807 1.352147615 0.294256488 0.182496378 0.596443133 0.724129671
10026.226328835 18.173140631 30.505488675 1.341472832 0.290015788 0.182852650 0.596975388 0.725311062
10026.259692812 18.215809185 30.495707643 1.334540893 0.286946564 0.183337151 0.597501337 0.725976109
10026.293078344 18.245750974 30.486644633 1.332747783 0.286145446 0.183053034 0.597634408 0.726254422
10026.326452132 18.288893815 30.475062144 1.333709805 0.286500176 0.181985699 0.597613697 0.726399837
10026.359789758 18.328952844 30.463801084 1.337845519 0.286526408 0.180827994 0.597348454 0.726896608
10026.393194983 18.356666212 30.456925119 1.341157092 0.285956105 0.180251608 0.597117606 0.727453798
10026.426526746 18.394627784 30.448597977 1.346345935 0.284060109 0.180262464 0.596889315 0.728380700
10026.459889877 18.433535207 30.441466138 1.351627532 0.282267950 0.180713940 0.596696423 0.729123210
10026.493269904 18.461089134 30.435418459 1.356108631 0.281888968 0.180873955 0.596371407 0.729495968
10026.526627419 18.499156236 30.428552509 1.362019722 0.281650665 0.181312572 0.595849935 0.729905137
10026.559988084 18.534618857 30.421515123 1.366740080 0.281124313 0.182393590 0.595403402 0.730203046
10026.593386559 18.561586575 30.416651302 1.368833562 0.280238649 0.184027142 0.595093193 0.730386474
10026.626727586 18.597363193 30.411972217 1.370110101 0.278510567 0.187459421 0.595025974 0.730229361
10026.660092138 18.637175778 30.407487542 1.369040240 0.276262307 0.192307252 0.594927881 0.729902648
10026.693547614 18.665272996 30.404413320 1.367202670 0.274861466 0.195824809 0.594692937 0.729687693
10026.726828933 18.705599188 30.402086147 1.363009735 0.273203857 0.200837245 0.594096535 0.729433589
10026.760192146 18.745053606 30.401691377 1.357577142 0.271799769 0.205419119 0.593158353 0.729445707
10026.793582709 18.776179390 30.401422439 1.353310634 0.271254658 0.208158064 0.591954766 0.729849770
10026.826930789 18.820585924 30.400989801 1.349363633 0.272354265 0.210389160 0.589862542 0.730494173
10026.860291607 18.871739212 30.401598707 1.347344610 0.274733168 0.211735771 0.586868953 0.731624550
10026.893680958 18.905581866 30.402349855 1.347648513 0.276254545 0.212571487 0.584569214 0.732649728
10026.927029250 18.954795551 30.404299060 1.351050816 0.278764689 0.213607702 0.581034281 0.734207847
10026.960415079 19.006385249 30.406613124 1.357742380 0.281435778 0.214820739 0.577160311 0.735888530
10026.993794755 19.040209553 30.408184826 1.362623771 0.282854715 0.215575768 0.574454653 0.737239547
10027.027121802 19.087160270 30.410776744 1.368752377 0.285148494 0.215413884 0.570288035 0.739634202
10027.060488089 19.134056311 30.411526310 1.372700565 0.289006179 0.212333610 0.565309270 0.742842713
10027.093885967 19.165670002 30.410278909 1.375206790 0.293415570 0.208233662 0.561656415 0.745042359
10027.127229095 19.209444954 30.405791834 1.378518774 0.300631988 0.201404816 0.556270518 0.748077281
10027.160597805 19.251363939 30.400948701 1.381298626 0.306942203 0.195637466 0.551454270 0.750606857
10027.193972463 19.280074484 30.398003875 1.382054332 0.309899869 0.193244669 0.548671765 0.752049110
10027.227317731 19.325035418 30.394501102 1.381014823 0.312731104 0.191504998 0.545237571 0.753817673
10027.260686139 19.368214844 30.391509644 1.377791783 0.314102254 0.191043235 0.542870873 0.755071832
10027.294087904 19.398783370 30.387817273 1.374519510 0.314969301 0.190895464 0.541640256 0.755631587
10027.327418535 19.442427610 30.382857618 1.368216993 0.316185947 0.190655783 0.540598280 0.755930102
10027.360784442 19.485465103 30.375541838 1.361099884 0.317149195 0.190434130 0.540157281 0.755897706
10027.394156119 19.517140852 30.369339371 1.355209153 0.317307908 0.190464273 0.540358629 0.755679565
10027.427515621 19.562485809 30.360655558 1.346985082 0.316382419 0.191285405 0.541535847 0.755017209
10027.460875953 19.610514575 30.352425845 1.339793583 0.314620473 0.193221607 0.543653533 0.753737491
10027.494249319 19.644519638 30.344428952 1.336762361 0.313593702 0.194519747 0.545361577 0.752596711
10027.527610133 19.693823783 30.332741495 1.335203652 0.312692818 0.195586554 0.548487016 0.750420612
10027.560992354 19.746185177 30.320832126 1.337717333 0.311704524 0.196890386 0.552581764 0.747481009
10027.594382426 19.779271299 30.312954972 1.340439279 0.310109434 0.198314975 0.555476533 0.745619964
10027.627713317 19.829350943 30.304282380 1.345165933 0.306476348 0.201120881 0.560823898 0.742360556
10027.661081028 19.875943715 30.297526862 1.349000062 0.301639479 0.204265768 0.566502558 0.739164375
10027.694488518 19.907931694 30.293014800 1.351799747 0.297756270 0.206451431 0.570610379 0.736968660
10027.727813302 19.953480372 30.288051344 1.356656466 0.293266295 0.209362916 0.576675082 0.733217498
10027.761183668 19.996999353 30.281181154 1.362648859 0.289607422 0.212024081 0.582998305 0.728893893
10027.794557517 20.028377732 30.276420837 1.365871052 0.286386344 0.214472594 0.588004998 0.725420216
10027.827911586 20.072551740 30.271818962 1.367859299 0.280469771 0.219540273 0.595731305 0.719890956
10027.861308488 20.115353783 30.266513195 1.367036973 0.273063881 0.225973484 0.603634096 0.714141428
10027.894661462 20.146671437 30.263600273 1.364075668 0.267144620 0.230980502 0.609263607 0.709985645
10027.928007404 20.190069482 30.262041251 1.357616527 0.258056604 0.238292796 0.617235772 0.704019413
10027.961414141 20.233340753 30.262422595 1.349230837 0.249099107 0.244832874 0.624793989 0.698311514
10027.994751395 20.266252258 30.262159323 1.342165515 0.243054693 0.248305201 0.629757960 0.694747332
10028.028116114 20.308568232 30.264167776 1.332975309 0.235743206 0.251040657 0.635997403 0.690587454
10028.061500283 20.356558889 30.265072436 1.326679528 0.231981178 0.250761726 0.640953634 0.687373064
10028.094869156 20.391084596 30.264869024 1.324320513 0.231957484 0.247923557 0.643599396 0.685936916
10028.128211698 20.439641554 30.264854566 1.323728312 0.235011490 0.241092151 0.645957131 0.685115727
10028.161605458 20.492766377 30.265640202 1.327107802 0.240383122 0.232123287 0.647445094 0.684944950
10028.194964760 20.533051076 30.266480151 1.329800145 0.244317503 0.225417548 0.647984956 0.685281974
10028.228308915 20.578349267 30.267139013 1.332970419 0.249379473 0.215887350 0.648842629 0.685715519
10028.261686889 20.625690701 30.267769057 1.335138481 0.253734819 0.205881991 0.649583675 0.686492751
10028.295043231 20.653992592 30.266399842 1.337127267 0.256840059 0.199841768 0.650124334 0.686611100
10028.328422280 20.701362219 30.264709171 1.337995146 0.261776755 0.192170293 0.650791776 0.686304286
10028.361809038 20.745784580 30.262452503 1.339118880 0.265433870 0.186046280 0.651588654 0.685830787
10028.395150168 20.775172428 30.260368038 1.339372886 0.266978214 0.183333745 0.652358474 0.685229737
10028.428504514 20.816428861 30.260523384 1.338379831 0.267661723 0.181090389 0.653637527 0.684340161
10028.461902227 20.858421245 30.259355839 1.335008507 0.267484091 0.180736878 0.655146723 0.683058719
10028.495248578 20.890420034 30.258434265 1.331365860 0.267437520 0.181071283 0.656299861 0.681880382
10028.528605608 20.938458195 30.256883837 1.324611601 0.267714947 0.182114120 0.658013315 0.679839416
10028.561977978 20.985796940 30.253077560 1.317172922 0.268411528 0.183450344 0.659727375 0.677540415
10028.595347397 21.019789903 30.248562875 1.312285316 0.269077578 0.184780650 0.661039257 0.675633384
10028.628700836 21.069398543 30.241469469 1.306252865 0.269839367 0.187305587 0.663202568 0.672507016
10028.662095648 21.120729365 30.233934364 1.302853050 0.270716956 0.190434584 0.665670233 0.668827437
10028.695474179 21.157549624 30.226830022 1.302619621 0.271765310 0.192300920 0.667543578 0.665995153
10028.728811280 21.212539000 30.215306365 1.305739505 0.275205686 0.194687692 0.670412484 0.660988377
10028.762194759 21.266313077 30.203433903 1.312384667 0.278276177 0.197327411 0.673584105 0.655674245
10028.795553037 21.300139949 30.196339722 1.317923802 0.279517006 0.199478359 0.676110338 0.651884529
10028.828902691 21.346582886 30.187410723 1.326504323 0.280413843 0.202567616 0.680033825 0.646442909
10028.862292923 21.394494956 30.179429291 1.337275683 0.282172616 0.205038350 0.683686212 0.641023442
10028.895643261 21.427012638 30.174357014 1.345952470 0.284503775 0.206488703 0.686138986 0.636893484
10028.928999217 21.473908971 30.166736408 1.359001447 0.288116312 0.208864088 0.689699826 0.630617898
10028.962393306 21.513734626 30.159367631 1.369692706 0.290459470 0.212667729 0.693529857 0.624036915
10028.995745361 21.546239004 30.154342479 1.375430150 0.291012022 0.216651385 0.696344512 0.619256410
10029.029089958 21.591270771 30.148042845 1.381505017 0.290382326 0.224138113 0.700760536 0.611861816
10029.062475122 21.634486320 30.143061715 1.385122111 0.287934170 0.233446856 0.705474507 0.604071352
10029.095846566 21.668444857 30.140523888 1.385695093 0.285190198 0.241084421 0.709094528 0.598105178
10029.129203237 21.715411502 30.139249390 1.385988210 0.280521690 0.252247718 0.714330298 0.589415724
10029.162577982 21.763045332 30.137239789 1.383087834 0.275690750 0.262410831 0.719130298 0.581366306
10029.195937559 21.798504672 30.136653139 1.379840136 0.272272335 0.268702227 0.722617675 0.575752191
10029.229304722 21.843607391 30.139256605 1.376463612 0.268549120 0.275259792 0.727260727 0.568511435
10029.262685346 21.895204590 30.140732277 1.373699852 0.265783727 0.280289955 0.731820409 0.561458315
10029.296040502 21.930620389 30.140212844 1.372888875 0.264484363 0.282594614 0.734589209 0.557285384
10029.329406611 21.976756106 30.142432217 1.375194018 0.262147262 0.284967015 0.738736750 0.551670761
10029.362788272 22.027488409 30.142153450 1.378454486 0.259562978 0.286417417 0.742577711 0.546964776
10029.396142684 22.061542965 30.141279832 1.380882328 0.257767747 0.286648235 0.744746352 0.544739799
10029.429499123 22.108344305 30.140101464 1.383539338 0.255238004 0.285310513 0.747404087 0.542990426
10029.462873223 22.151585311 30.138742309 1.382975954 0.253201043 0.282069997 0.748953868 0.543501475
10029.496232473 22.179728853 30.137121361 1.382903999 0.253614810 0.278805478 0.749115884 0.544768231
10029.529594209 22.217803245 30.134843861 1.382941319 0.257569264 0.272330934 0.748044142 0.547653082
10029.562978858 22.258057084 30.131186394 1.385068015 0.264182131 0.265577523 0.745681283 0.551031582
10029.596330025 22.286897693 30.129467222 1.385958535 0.269140979 0.261367311 0.743546184 0.553524466
10029.629691703 22.325241339 30.127406848 1.385713465 0.276196854 0.256088471 0.740088724 0.557137931
10029.663064878 22.369287774 30.125359080 1.383468963 0.284056814 0.250812988 0.735933789 0.561075779
10029.696437080 22.414065790 30.122296158 1.378913138 0.291657273 0.246102093 0.731858169 0.564582514
10029.729796199 22.445824090 30.119306503 1.374113582 0.296887819 0.242911188 0.729123435 0.566772259
10029.763175613 22.490747195 30.114518323 1.365816478 0.303837011 0.238315665 0.725431866 0.569769534
10029.796539546 22.535085604 30.108153500 1.357537671 0.309470324 0.233707418 0.722265439 0.572661853
10029.829907509 22.565822831 30.103187812 1.351584012 0.311889507 0.231003760 0.720706321 0.574408041
10029.863285855 22.613005820 30.094959213 1.342968341 0.312340777 0.228379810 0.719652439 0.576529504
10029.896647808 22.662303065 30.088015853 1.339197596 0.309150889 0.227979738 0.720043486 0.577917247
10029.930004354 22.696322661 30.081458951 1.337403597 0.305424331 0.228333516 0.720972068 0.578600951
10029.963396544 22.752165835 30.074052099 1.340531918 0.298442893 0.229347225 0.723182212 0.579084776
10029.996728315 22.804249775 30.067374481 1.345782676 0.287938991 0.231823462 0.726395134 0.579395486
10030.030101030 22.836911148 30.064268915 1.349380470 0.280499094 0.233411637 0.728514528 0.579746366
10030.063474138 22.883956862 30.060438219 1.353846827 0.268112229 0.234515720 0.732110005 0.580631682
10030.096830325 22.926981431 30.057208081 1.358581422 0.259529777 0.234323943 0.734894622 0.581090767
10030.130186952 22.956076592 30.053878579 1.362638558 0.255913890 0.233514299 0.736418113 0.581091659
10030.163579201 22.999797225 30.047284206 1.370065435 0.254248110 0.231798475 0.738311741 0.580106144
10030.196934934 23.041344394 30.039678422 1.376105086 0.254751715 0.230193518 0.739900626 0.578497685
10030.230299604 23.069925401 30.033739096 1.379346599 0.255125710 0.229997008 0.741128525 0.576836856
10030.263667983 23.110773887 30.025476765 1.382444896 0.254071762 0.232251653 0.743165639 0.573769590
10030.297027731 23.143441526 30.020568213 1.382901494 0.251750449 0.235721936 0.744681297 0.571407601
10030.330399879 23.179778322 30.015310442 1.381539649 0.248225361 0.240615453 0.746408482 0.568649938
10030.363763117 23.230332526 30.009342389 1.377014912 0.242888330 0.247626166 0.748573110 0.565088348
10030.397122887 23.277645589 30.004221917 1.370902112 0.238595905 0.252713912 0.750245544 0.562440482
10030.430491563 23.306914429 30.001239847 1.366485621 0.236461603 0.254897765 0.751147993 0.561150365
10030.463861886 23.355743697 29.995692825 1.358503515 0.234477753 0.256379018 0.752201888 0.559894902
10030.497228930 23.401728296 29.989502599 1.352301942 0.234183467 0.255461636 0.753025066 0.559330587
10030.530586910 23.435624274 29.985197096 1.349068455 0.234155153 0.254388857 0.753420947 0.559298266
10030.563955883 23.482051082 29.980398082 1.348262992 0.233537301 0.253004686 0.753726465 0.559772609
10030.597326982 23.533628725 29.976303021 1.351752410 0.232299759 0.252314045 0.753293948 0.561179715
10030.630688577 23.567717502 29.974425004 1.355499285 0.230843154 0.251865544 0.752767192 0.562687072
10030.664071016 23.608673943 29.973203765 1.359834344 0.227543075 0.250815373 0.751736724 0.565868974
10030.697442644 23.650570272 29.972574901 1.361932661 0.223103239 0.249133170 0.750403189 0.570133899
10030.730789225 23.678692092 29.971976952 1.362299977 0.220275637 0.246910324 0.749054463 0.573961102
10030.764182129 23.712389546 29.970422003 1.365440834 0.221426933 0.242235944 0.746099802 0.579333191
10030.797533945 23.750007463 29.966491020 1.369602269 0.227456833 0.235166554 0.741736408 0.585480300
10030.830888192 23.777791039 29.963191916 1.371993158 0.233714182 0.229357006 0.738146271 0.589841612
10030.864261661 23.814899221 29.959204563 1.373614770 0.244055338 0.220795328 0.732699979 0.595682093
10030.897627355 23.855716267 29.953650510 1.372582743 0.254880947 0.212468958 0.727429765 0.600615170
10030.930991151 23.886448677 29.949303136 1.369788497 0.262242679 0.207088905 0.723869814 0.603618634
10030.964359569 23.927584237 29.943284887 1.366924194 0.271421482 0.200626733 0.719151476 0.607371754
10030.997730499 23.973185228 29.937042254 1.359519268 0.278265310 0.196320107 0.715560022 0.609918590
10031.031100565 24.002664015 29.931682303 1.354020144 0.281020965 0.194549490 0.713865388 0.611206938
10031.064484364 24.047356026 29.922754686 1.345079807 0.282703325 0.193197027 0.712427679 0.612536155
10031.097849874 24.093743058 29.912717716 1.336028328 0.281427187 0.193336693 0.712399598 0.613112123
10031.131204193 24.126886763 29.905189075 1.330941319 0.279285490 0.194532667 0.713125049 0.612869742
10031.164581218 24.176120284 29.894088661 1.326669888 0.275572711 0.196852885 0.715169122 0.611425996
10031.197942036 24.232312081 29.880083408 1.326340646 0.271447896 0.199189190 0.718546205 0.608548320
10031.231293837 24.266056232 29.870387980 1.327869738 0.267587414 0.201338162 0.721337395 0.606244409
10031.264664377 24.320199803 29.859369392 1.332851518 0.259353073 0.205444759 0.726491822 0.602277400
10031.298024338 24.366672534 29.851098053 1.337404045 0.249272653 0.209585893 0.732351856 0.597994697
10031.331397746 24.398649593 29.844970036 1.340935413 0.243155456 0.212186190 0.736323303 0.594710382
10031.364757783 24.446650858 29.835855166 1.347940103 0.236716814 0.215497489 0.742088627 0.588923130
10031.398129843 24.494067320 29.826033086 1.356178350 0.233688297 0.217911511 0.747613058 0.582219090
10031.431489578 24.525844344 29.818737145 1.360887578 0.232962155 0.219097044 0.751208335 0.577417663
10031.464846427 24.569839890 29.807554919 1.366406895 0.232655918 0.221224261 0.756177935 0.570198194
10031.498207692 24.617244103 29.797384897 1.368956720 0.231988612 0.225208974 0.761007843 0.562431565
10031.531583719 24.649166461 29.791631951 1.369622824 0.230799976 0.228954996 0.763977875 0.557358759
10031.564936616 24.696421342 29.785948680 1.369530354 0.227837948 0.235941149 0.768171383 0.549849406
10031.598300645 24.746480217 29.782285047 1.367158518 0.224073653 0.243478118 0.771813075 0.542967754
10031.631666439 24.780969044 29.780616805 1.363869155 0.221348371 0.248453527 0.773947455 0.538777393
10031.665026968 24.829064449 29.780649600 1.358627452 0.217319076 0.254559962 0.776661195 0.533637548
10031.698400966 24.878687524 29.781478047 1.353033368 0.214161712 0.259327726 0.778798466 0.529487338
10031.731768114 24.914888976 29.781920670 1.350484676 0.213699084 0.261702768 0.779907124 0.526867385
10031.765123108 24.963909075 29.783638586 1.349947870 0.213617857 0.264278459 0.781092809 0.523849531
10031.798490143 25.008661262 29.786589142 1.351061738 0.212756284 0.266341503 0.781901980 0.521944691
10031.831863375 25.043580948 29.789892297 1.352657964 0.211621297 0.267509919 0.782213325 0.521341715
10031.865220247 25.089727571 29.794710954 1.354556030 0.209215243 0.268281523 0.782334174 0.521734843
10031.898588679 25.133874477 29.800076600 1.354797689 0.206867648 0.267305353 0.781991370 0.523682271
10031.931959453 25.163803067 29.802886992 1.355681242 0.206563999 0.265730181 0.781233915 0.525730307
10031.965337537 25.204904213 29.805628759 1.357448054 0.209258631 0.262658386 0.779165909 0.529265419
10031.998694022 25.247012143 29.806142692 1.362100823 0.215327211 0.258050433 0.776139442 0.533527631
10032.032065304 25.276446171 29.807094554 1.365782364 0.220912613 0.254651900 0.773651857 0.536481903
10032.065412477 25.317327012 29.808313772 1.369711085 0.229289238 0.250277161 0.769640957 0.540777760
10032.098770100 25.361442012 29.808527898 1.370594524 0.237065704 0.246870129 0.765473473 0.544890221
10032.132168412 25.393496511 29.809669911 1.369697005 0.242314426 0.244851865 0.762681103 0.547401880
10032.165510283 25.440481487 29.808353632 1.364971965 0.249256464 0.242338425 0.758983032 0.550534341
10032.198872372 25.486503876 29.806397951 1.359835999 0.255231655 0.239729711 0.755916977 0.553150967
10032.232262541 25.519732089 29.803925292 1.354881953 0.258677593 0.238109972 0.754172231 0.554629417
10032.265607250 25.567664650 29.798989623 1.346043750 0.261799944 0.236157186 0.752564483 0.556180971
10032.298967489 25.616610549 29.792199848 1.339763090 0.262377982 0.234568552 0.752282522 0.556961754
10032.332402920 25.650540040 29.787665418 1.335501180 0.261399827 0.234429089 0.752787212 0.556798479
10032.365707009 25.700881039 29.781063658 1.331610517 0.257852410 0.234674637 0.754476244 0.556062538
10032.399066661 25.748615939 29.773753579 1.329544858 0.252365222 0.235431884 0.757291432 0.554430617
10032.432459787 25.782154452 29.769401154 1.329747609 0.246429762 0.237136276 0.759721580 0.553047809
10032.465803205 25.835940711 29.766689157 1.332555576 0.235446983 0.240390568 0.763804218 0.550799609
10032.499174228 25.882266792 29.765184722 1.335683012 0.223275917 0.243511900 0.768046057 0.548593724
10032.532557003 25.912905393 29.765105409 1.338390351 0.216211039 0.245388451 0.770579297 0.547032761
10032.565894315 25.959070274 29.766055465 1.343845945 0.209588332 0.247110980 0.773597611 0.544569216
10032.599262505 26.000822982 29.764623811 1.349567834 0.207109371 0.247580361 0.775935633 0.541971924
10032.632651423 26.032202085 29.763399563 1.354003963 0.207188936 0.247393275 0.777440838 0.539865776
10032.665991263 26.081040357 29.760582198 1.358263680 0.208277638 0.247680605 0.779211858 0.536752852
10032.699366045 26.128093886 29.759194686 1.359840681 0.209146210 0.249739334 0.780648508 0.533362948
10032.732736969 26.159761394 29.760021133 1.359956929 0.208918341 0.252209131 0.781413080 0.531165962
10032.766089996 26.205277785 29.763310534 1.358351793 0.207512352 0.257027504 0.782185577 0.528262444
10032.799457199 26.250461797 29.769342520 1.355040637 0.205538219 0.262234059 0.782441272 0.526092192
10032.832881545 26.282183488 29.775068426 1.350877649 0.204178321 0.265286581 0.782404934 0.525144515
10032.866190959 26.326086712 29.784846712 1.343655362 0.202556604 0.268094573 0.781919565 0.525069440
10032.899558542 26.369188347 29.795447704 1.337021553 0.203260314 0.268456728 0.780843287 0.526212876
10032.932970891 26.402520992 29.802772236 1.333760891 0.206035275 0.267142796 0.779618589 0.527616383
10032.966305010 26.448230041 29.812664953 1.332335359 0.211222732 0.263990056 0.777399620 0.530418738
10032.999647938 26.495888974 29.823934117 1.334662979 0.215657069 0.261109504 0.774549904 0.534215595
10033.033030525 26.528418771 29.833043712 1.337082764 0.217995786 0.259252774 0.772320989 0.537388245
10033.066387176 26.574384836 29.845201887 1.338113155 0.220461989 0.255824894 0.768671932 0.543225181
10033.099751435 26.617831377 29.856442645 1.337717070 0.223339426 0.250313540 0.764479327 0.550485232
10033.133145656 26.647208912 29.863645229 1.337822944 0.226610974 0.245500807 0.761332943 0.555651843
10033.166483802 26.685594638 29.872111211 1.338847794 0.232485391 0.238707931 0.756341856 0.562952986
10033.199846196 26.724471953 29.879470167 1.342308271 0.239084684 0.232886189 0.750802125 0.569998865
10033.233247234 26.752975836 29.885067495 1.345570601 0.243675511 0.229701941 0.746569026 0.574886036
10033.266587899 26.790114171 29.892394456 1.347724330 0.249490064 0.226284621 0.740577840 0.581458891
10033.299952776 26.831278821 29.900329942 1.348430922 0.254643023 0.223509353 0.734718362 0.587698417
10033.333380201 26.860242541 29.905359128 1.346927964 0.257559649 0.222003589 0.730911363 0.591731369
10033.366708353 26.904006707 29.912680947 1.342138726 0.260923486 0.220133431 0.725838771 0.597175255
10033.400085673 26.948637522 29.917507128 1.335057501 0.263538867 0.218055041 0.721157062 0.602438176
10033.433448290 26.978076679 29.919624752 1.329008287 0.264678255 0.216545077 0.718524549 0.605620444
10033.466779662 27.024001967 29.920713535 1.319155299 0.265660921 0.213832797 0.715281775 0.609976879
10033.500147688 27.071440443 29.919210729 1.311507900 0.266099322 0.211237150 0.713054013 0.613289484
10033.533531909 27.104207287 29.917159773 1.307262435 0.266090924 0.209703588 0.712010869 0.615028900
10033.566883943 27.151169856 29.912189068 1.305236802 0.266071748 0.207075466 0.711291743 0.616757353
10033.600283255 27.192706420 29.904603156 1.305378073 0.266139694 0.204829693 0.711163615 0.617625107
10033.633634929 27.225824676 29.900608442 1.306776065 0.264785485 0.203778683 0.711402073 0.618279860
10033.666973653 27.267057289 29.896990404 1.308921983 0.260807923 0.202494123 0.712240250 0.619426496
10033.700351696 27.304826454 29.895823935 1.312010199 0.256243689 0.201821159 0.712884780 0.620808088
10033.733746143 27.335222943 29.896745714 1.316291886 0.253131221 0.202189229 0.712959555 0.621878423
10033.767075696 27.375978497 29.898150315 1.322985426 0.250051737 0.202896391 0.712481563 0.623439817
10033.800441650 27.416522938 29.899508613 1.329762252 0.248858297 0.202932655 0.711261841 0.625295513
10033.833823916 27.442670467 29.900348366 1.333428193 0.248486733 0.202817214 0.710181863 0.626706664
10033.867191493 27.479792255 29.901579426 1.336370178 0.247467778 0.203323705 0.708249248 0.629128105
10033.900544702 27.516129369 29.904166907 1.336553783 0.245490758 0.204880132 0.706083696 0.631826110
10033.933924628 27.554796342 29.907795802 1.333603384 0.242932981 0.206898996 0.703514412 0.635014837
10033.967283241 27.583453841 29.911046068 1.329593101 0.241586034 0.207816159 0.701618810 0.637322272
10034.000639207 27.623466853 29.914646983 1.322760552 0.240683253 0.207799902 0.698496746 0.641087411
10034.034019252 27.666749690 29.917759410 1.314754998 0.241423628 0.205869337 0.694821566 0.645411062
10034.067371369 27.696115438 29.920460268 1.308718886 0.242697425 0.203549049 0.692142421 0.648540371
10034.100728064 27.739179865 29.921689561 1.303007028 0.245275227 0.199451044 0.687989648 0.653245428
10034.134099765 27.785210241 29.924504085 1.298890617 0.248140656 0.195704344 0.683285619 0.658214849
10034.167462993 27.815372283 29.928188889 1.298094990 0.248996517 0.194254190 0.680153782 0.661556405
10034.200830733 27.864684345 29.933515059 1.299387611 0.248662413 0.193408082 0.674876386 0.667309659
10034.234214410 27.909520644 29.942216852 1.301227312 0.247718019 0.192727118 0.669397395 0.673349217
10034.267559889 27.941306846 29.948886994 1.302775838 0.247534279 0.191194828 0.665167825 0.678028821
10034.300935687 27.984498800 29.956661074 1.303551565 0.249403831 0.185759237 0.658222100 0.685590915
10034.334352655 28.029058218 29.960745555 1.304604303 0.255122932 0.175905557 0.650177810 0.693713442
10034.367662622 28.057723545 29.961999486 1.305852634 0.260485529 0.167940912 0.644734626 0.698756325
10034.401015564 28.098354780 29.961385308 1.309636157 0.268600940 0.157692833 0.637048674 0.705092542
10034.434387393 28.138923191 29.962704464 1.314828701 0.275762036 0.150694149 0.630058691 0.710121552
10034.467737089 28.167009713 29.961351555 1.318945744 0.280336452 0.147114856 0.625655153 0.712968669
10034.501108888 28.207732139 29.958549100 1.321163197 0.286571948 0.142958341 0.620159439 0.716129669
10034.534475224 28.250217449 29.952601333 1.321262800 0.293102360 0.139168013 0.615223211 0.718487071
10034.567845845 28.282523867 29.947582535 1.319587578 0.297496104 0.137023329 0.612237163 0.719643198
10034.601248089 28.326278699 29.937983293 1.317192997 0.302637815 0.135207268 0.609070153 0.720529594
10034.634586598 28.369831247 29.926859164 1.313034834 0.306889060 0.134783064 0.606944306 0.720604773
10034.667938480 28.401037218 29.917704498 1.309750020 0.309088561 0.135128107 0.606149776 0.720268773
10034.701324904 28.447616549 29.903954682 1.303186267 0.310886154 0.135987335 0.606211015 0.719281203
10034.734686154 28.491319846 29.888573896 1.300309714 0.311589370 0.137383382 0.607386438 0.717718320
10034.768032124 28.524977196 29.875850469 1.298505669 0.311599087 0.138719241 0.608862536 0.716204854
10034.801407576 28.572035686 29.856776706 1.297909416 0.311032080 0.140544908 0.612089507 0.713339056
10034.834773925 28.616592107 29.837658319 1.299469730 0.308083297 0.143841703 0.616905853 0.709803786
10034.868139839 28.646179298 29.825112828 1.302218733 0.304355764 0.147318191 0.620651993 0.707429165
10034.901521795 28.690869355 29.811503157 1.307328275 0.296402051 0.153803401 0.627637771 0.703250429
10034.934874087 28.739087381 29.799692296 1.312773002 0.288748038 0.160296031 0.634690063 0.698640306
10034.968239441 28.766440420 29.789318208 1.315748518 0.284433016 0.164474864 0.639359364 0.695172987
10035.001631720 28.812601126 29.775636214 1.322416413 0.279700856 0.170062443 0.646747688 0.688885785
10035.034978692 28.855909276 29.760639482 1.329736262 0.277088673 0.174643999 0.653977912 0.681934184
10035.068330659 28.885618521 29.750122163 1.333250269 0.275872944 0.177537342 0.658925000 0.676899147
10035.101706410 28.927843581 29.734199792 1.337839435 0.273610682 0.182469755 0.666500560 0.669043337
10035.135053253 28.972874572 29.719907309 1.339915778 0.269661885 0.189547816 0.674534407 0.660573559
10035.168408124 29.003419304 29.712249950 1.339134309 0.266238031 0.194922038 0.679574157 0.655211168
10035.201804283 29.051263906 29.700951869 1.335382643 0.260287123 0.203621058 0.686680775 0.647501808
10035.235150278 29.097602448 29.691180048 1.329449532 0.254787988 0.211098625 0.692762080 0.640781673
10035.268502338 29.129659972 29.685093483 1.324975686 0.251597825 0.214870803 0.696434706 0.636794922
10035.301870219 29.174317988 29.680267873 1.317924328 0.248265983 0.218335747 0.701280615 0.631584518
10035.335243978 29.223381160 29.676813951 1.313813666 0.247415987 0.219624309 0.705394911 0.626872006
10035.368603657 29.255251075 29.674356128 1.312789036 0.247770268 0.219798050 0.707654233 0.624118737
10035.401981774 29.305681296 29.669021561 1.315029716 0.248482523 0.219851340 0.710577198 0.620485189
10035.435345236 29.354414834 29.664743059 1.320609878 0.248867628 0.220642682 0.712822170 0.617467622
10035.468692942 29.390688345 29.660849409 1.324968811 0.248791030 0.221085926 0.714183798 0.615764192
10035.502083086 29.441515796 29.655499445 1.328024076 0.247654817 0.220732533 0.716174563 0.614034393
10035.535433047 29.487810461 29.650586685 1.329546885 0.245901760 0.218782634 0.718126336 0.613156627
10035.568784188 29.520428581 29.645202112 1.330369583 0.245881303 0.216698250 0.719346031 0.612474931
10035.602171315 29.564974416 29.639655037 1.332510581 0.246902179 0.213635409 0.720944287 0.611259814
10035.635519119 29.609578758 29.629395647 1.336210171 0.248711610 0.211162377 0.722375935 0.609693361
10035.668873270 29.637194988 29.623074676 1.338844437 0.250092025 0.210008859 0.723085301 0.608685392
10035.702267442 29.678717394 29.614472028 1.341363573 0.252864816 0.208256211 0.723796580 0.607295024
10035.735622693 29.720443496 29.606767582 1.340960636 0.256424329 0.206544620 0.724005789 0.606136536
10035.768987478 29.751311106 29.600969250 1.339152702 0.259249117 0.205238028 0.723828885 0.605589789
10035.802360950 29.794400591 29.592219160 1.334847179 0.263759457 0.203081594 0.723195314 0.605125898
10035.835722878 29.842725571 29.581976598 1.327190979 0.269291323 0.199927927 0.722047470 0.605110287
10035.869073075 29.875347094 29.575433149 1.320919324 0.273066471 0.197406119 0.721228014 0.605223659
10035.902460652 29.921250650 29.564916057 1.312182273 0.277821653 0.193546073 0.720222600 0.605503471
10035.935809039 29.971758433 29.553176337 1.304498134 0.281662729 0.190138621 0.719794664 0.605317316
10035.969169113 30.006716283 29.545168329 1.301075458 0.283482529 0.189006848 0.720029137 0.604542893
10036.002555919 30.056800889 29.531821183 1.299690635 0.284807545 0.188080100 0.721278524 0.602717040
10036.035908230 30.107491616 29.517723849 1.302029232 0.284249366 0.188737230 0.724055994 0.599435963
10036.069274756 30.140159295 29.509619764 1.305138331 0.281329618 0.190797442 0.726741878 0.596905541
10036.102649322 30.188846973 29.501396527 1.310947842 0.273156622 0.195282030 0.732073357 0.592721679
10036.136005340 30.234842952 29.494778979 1.316883017 0.263547480 0.200108399 0.738002408 0.588091660
10036.169366205 30.265477740 29.490763454 1.320216963 0.257448973 0.203274033 0.742064541 0.584585247
10036.202748480 30.312218413 29.485025872 1.327408802 0.249139092 0.207999624 0.748221038 0.578645961
10036.236094772 30.357256237 29.481103026 1.334452298 0.242566496 0.212545664 0.754261683 0.571904843
10036.269459455 30.387886038 29.474935652 1.338152040 0.238779383 0.215516692 0.758221278 0.567130898
10036.302846036 30.431223566 29.467182467 1.342534910 0.233795492 0.220105959 0.763675208 0.560083218
10036.336201926 30.476379911 29.459934747 1.343607576 0.227614485 0.226434073 0.769010510 0.552758621
10036.369555384 30.507943149 29.455248915 1.343057486 0.222818689 0.231452210 0.772331747 0.547983010
10036.402970214 30.553217746 29.454710035 1.340952551 0.215816015 0.238765435 0.776744380 0.541371113
10036.436287692 30.598856758 29.452930925 1.336853849 0.209776498 0.245242021 0.780331285 0.535661515
10036.469652899 30.630999218 29.450677186 1.332346781 0.206857215 0.248330002 0.782222115 0.532607610
10036.503022864 30.676104045 29.449933087 1.325310889 0.204334354 0.250659663 0.784267867 0.529472490
10036.536382763 30.723869631 29.450852979 1.318313632 0.203951364 0.251073575 0.785619866 0.527415706
10036.569748798 30.757905917 29.450037151 1.314390190 0.204636150 0.250637427 0.786190764 0.526506419
10036.603174160 30.811471427 29.452412164 1.312091959 0.205157908 0.250444590 0.786705414 0.525625657
10036.636488149 30.862218784 29.454782679 1.313614192 0.204983185 0.251196203 0.786688760 0.525360025
10036.669861481 30.896453878 29.456636748 1.316992623 0.204354927 0.251882986 0.786487344 0.525577476
10036.703224306 30.940563381 29.458144899 1.320906601 0.202434357 0.252862206 0.785961488 0.526636093
10036.736575094 30.982025264 29.461194479 1.324670889 0.199536584 0.252450241 0.785579061 0.528506923
10036.769942581 31.013596541 29.462461859 1.326721884 0.198375167 0.251087337 0.785132246 0.530254465
10036.803314409 31.057329858 29.462571713 1.330831424 0.199426826 0.248317265 0.783889895 0.532995413
10036.836673378 31.095376950 29.461899817 1.335273729 0.201951042 0.245547206 0.782264827 0.535708957
10036.870041053 31.124577821 29.461829248 1.338808478 0.204826615 0.243521017 0.780537318 0.538056751
10036.903406676 31.168307125 29.461302936 1.342316078 0.209610323 0.241080177 0.777582893 0.541579823
10036.936786302 31.209506804 29.461802413 1.343294747 0.214597575 0.239202852 0.774480019 0.544895014
10036.970135779 31.239937851 29.460927619 1.342883700 0.218662396 0.237785244 0.772132469 0.547226081
10037.003503888 31.285663239 29.459332046 1.339830902 0.225846124 0.234865341 0.768590380 0.550545754
10037.036869628 31.329176660 29.455672094 1.335264293 0.233347188 0.231125382 0.765203179 0.553709530
10037.070227411 31.360815198 29.453269267 1.329634860 0.238227241 0.228136096 0.763084941 0.555790496
10037.103596966 31.404766878 29.447433930 1.318861165 0.243769829 0.223736782 0.760576119 0.558607277
10037.136963392 31.450855633 29.441569390 1.309219809 0.247563114 0.219501653 0.758943886 0.560834831
10037.170323885 31.482441657 29.437034777 1.304148100 0.248983891 0.217551586 0.758359931 0.561754880
10037.203693751 31.530995053 29.430112294 1.301473683 0.249456309 0.215604755 0.758230919 0.562469566
10037.237057685 31.582347358 29.422900284 1.301991631 0.248583544 0.214566511 0.759200924 0.561944296
10037.270416659 31.617118480 29.418487613 1.304060962 0.245962892 0.215256688 0.760428969 0.561172521
10037.303786670 31.668542311 29.415850955 1.309697222 0.239228981 0.217266513 0.762972303 0.559855358
10037.337153426 31.718122936 29.415527087 1.314538754 0.230730430 0.219555383 0.766256005 0.558041789
10037.370511685 31.749194243 29.415546827 1.317975420 0.225629964 0.221064991 0.768579099 0.556334035
10037.403884071 31.797978206 29.416736360 1.325526586 0.219721665 0.223156700 0.772080768 0.553005212
10037.437240977 31.844427663 29.415520782 1.333965465 0.216567741 0.224963001 0.775603658 0.548569984
10037.470601128 31.873931293 29.414101906 1.338916047 0.215372096 0.226175575 0.778085588 0.545015859
10037.503977137 31.920257600 29.411665090 1.344577849 0.213578712 0.228444694 0.782135970 0.538943856
10037.537337744 31.967620727 29.411290914 1.347245237 0.210183942 0.232474960 0.786782028 0.531744434
10037.570706652 31.997818566 29.410606054 1.347471190 0.206926920 0.236029831 0.789809826 0.526945546
10037.604070263 32.036828362 29.414363592 1.346977240 0.200517834 0.242292437 0.794490664 0.519491634
10037.637439181 32.082196887 29.417108060 1.342594652 0.193315058 0.248962965 0.798948972 0.512178944
10037.670799449 32.115373688 29.421388970 1.338130875 0.187913072 0.253406884 0.802061858 0.507119713
10037.704189011 32.160344937 29.427854174 1.330136148 0.180741438 0.258349611 0.805984735 0.500975667
10037.737525912 32.202474044 29.437443028 1.324057072 0.174602134 0.262165083 0.809453698 0.495548458
10037.770886172 32.235009597 29.442668731 1.320384278 0.171565374 0.264312604 0.811356672 0.492345936
10037.804254704 32.282607497 29.454066305 1.318701143 0.167542415 0.267123387 0.813662593 0.488393099
10037.837636299 32.326590730 29.468309618 1.319883632 0.163156918 0.269596022 0.815305936 0.485771588
10037.870979924 32.359751550 29.477538971 1.322125266 0.160031169 0.271216408 0.815952715 0.484822496
10037.904343793 32.398842824 29.494697741 1.325642228 0.155495639 0.272620609 0.816474537 0.484632273
10037.937709330 32.445055846 29.507927947 1.328536203 0.152779965 0.271058968 0.816645340 0.486081996
10037.971073025 32.474778744 29.514968811 1.330510290 0.154090674 0.268011096 0.816460552 0.487666160
10038.004441904 32.517621799 29.522939242 1.334251246 0.159973899 0.261792065 0.815782246 0.490278078
10038.037801947 32.559521304 29.528918770 1.335675160 0.168292579 0.255093962 0.814552663 0.493060481
10038.071179799 32.587952977 29.532040903 1.338851098 0.175036675 0.250345103 0.813352196 0.495123921
10038.104534476 32.626924769 29.537130167 1.340570346 0.183570241 0.245190275 0.811399747 0.497809348
10038.137902975 32.667587473 29.542503427 1.339684384 0.190723050 0.241673207 0.809390820 0.500105269
10038.171289953 32.696360561 29.546892499 1.338596293 0.194846590 0.240050303 0.808169633 0.501270888
10038.204634491 32.736196456 29.553351869 1.333953142 0.200193598 0.238210852 0.806619180 0.502537174
10038.237992927 32.781104730 29.558859069 1.326798048 0.205865037 0.235972168 0.805355966 0.503327419
10038.271361009 32.812066755 29.561594354 1.321061801 0.209451986 0.234282443 0.804808188 0.503513041
10038.304729518 32.856096367 29.564183409 1.312007089 0.213646759 0.231892320 0.804547933 0.503272927
10038.338087702 32.904573604 29.566053547 1.301938885 0.215984457 0.229918908 0.805218179 0.502107254
10038.371461925 32.951422241 29.568020451 1.293168420 0.215299927 0.229733121 0.807051632 0.499536083
10038.404823228 32.985217036 29.568715204 1.289251944 0.213081388 0.231147935 0.808854450 0.496911897
10038.438195840 33.041045547 29.570025507 1.288539832 0.207807623 0.233431837 0.812428034 0.492225821
10038.471571802 33.092218236 29.570842542 1.288371286 0.201484204 0.236040272 0.816786429 0.486363070
10038.504914758 33.129852157 29.571864672 1.290147520 0.195636787 0.238476293 0.820130599 0.481914003
10038.538276378 33.184576802 29.577414879 1.295043592 0.184897395 0.242821436 0.825529278 0.474712666
10038.571667537 33.235230785 29.583606226 1.300332914 0.174247267 0.247085525 0.830746702 0.467382660
10038.605016428 33.271568240 29.588749586 1.305574316 0.168690041 0.249397451 0.834104771 0.462183743
10038.638383847 33.321121133 29.594832168 1.313756788 0.164064238 0.252184450 0.838683388 0.453978088
10038.671766859 33.360100029 29.598929438 1.320741000 0.163810182 0.253435560 0.842073825 0.447043974
10038.705127466 33.394988391 29.601660914 1.326527847 0.165407148 0.254223659 0.845106706 0.440233419
10038.738482327 33.451625472 29.605163041 1.332076349 0.168572605 0.256063205 0.849560078 0.429258182
10038.771873503 33.503142045 29.610583947 1.332893750 0.169410409 0.259605669 0.853148921 0.419573508
10038.805215396 33.536952843 29.615240612 1.333938959 0.168213277 0.263113510 0.855591397 0.412842507
10038.838573931 33.584827196 29.625227520 1.332923099 0.163559420 0.269738934 0.859117452 0.402996808
10038.871970069 33.632354686 29.639309962 1.330946421 0.156562436 0.276746244 0.862496866 0.393698965
10038.905316195 33.665022396 29.648937916 1.327900319 0.150695507 0.281598920 0.864755741 0.387544089
10038.938679532 33.706436545 29.668378347 1.325312723 0.140874095 0.287533275 0.868154296 0.379192858
10038.972067162 33.749921139 29.686265067 1.320066388 0.130748432 0.292031599 0.871437895 0.371777337
10039.005413889 33.782054770 29.698833668 1.316123963 0.124904897 0.294107496 0.873547159 0.367171498
10039.038781369 33.825692524 29.719276949 1.314600496 0.119371719 0.295628453 0.876255843 0.361289231
10039.072179334 33.871108480 29.742945624 1.316457717 0.115539807 0.296224457 0.878689028 0.356100010
10039.105512116 33.904059604 29.757466244 1.318735774 0.113584124 0.296284817 0.880039371 0.353333638
10039.138874394 33.946751335 29.780926422 1.322281040 0.110256498 0.295853443 0.881763156 0.350439698
10039.172274995 33.991527439 29.801824457 1.323886896 0.106777116 0.294257255 0.883371779 0.348805986
10039.205615019 34.021935733 29.816246657 1.325055982 0.104732326 0.292701408 0.884340379 0.348280232
10039.238981269 34.067513840 29.838694869 1.327404565 0.104019700 0.290362255 0.885252043 0.348135724
10039.272379295 34.110273326 29.857115513 1.331405174 0.108125775 0.287437783 0.885506120 0.348664954
10039.305715572 34.138363117 29.867222433 1.335633381 0.113555534 0.285276979 0.885229030 0.349416300
10039.339081407 34.177118207 29.884020752 1.340457582 0.122250200 0.282760757 0.884327543 0.350807696
10039.372476147 34.220507662 29.901792200 1.339394367 0.130314339 0.281400698 0.883033978 0.352253905
10039.405809595 34.248985477 29.913682321 1.339358451 0.135014542 0.281240137 0.882092660 0.352969683
10039.439182938 34.289947174 29.932206222 1.336140044 0.140526064 0.281974033 0.880743165 0.353602245
10039.472568512 34.334331730 29.949395745 1.333423879 0.145030021 0.283141530 0.879579844 0.353746329
10039.505917322 34.364940975 29.961096070 1.329938868 0.147436837 0.283791023 0.879105334 0.353410309
10039.539285718 34.408121564 29.974916893 1.323019137 0.149126728 0.283963357 0.879077895 0.352630240
10039.572683851 34.451106995 29.988014274 1.314691041 0.148407128 0.283322479 0.879956706 0.351254740
10039.606012492 34.479970101 29.996945106 1.309578893 0.147416135 0.282486818 0.880897721 0.349984122
10039.639377333 34.528833197 30.009706109 1.301785355 0.145710072 0.280754229 0.882850763 0.347160147
10039.672774641 34.579155560 30.020639100 1.298693355 0.144640362 0.278220498 0.885080054 0.343956129
10039.706122816 34.613553481 30.029804733 1.298096236 0.144009181 0.276696042 0.886758847 0.341114941
10039.739474101 34.659516565 30.041810105 1.301981006 0.140880704 0.275676933 0.889283194 0.336645595
10039.772857567 34.707193306 30.057227472 1.308334316 0.134245109 0.275350995 0.892457201 0.331180048
10039.806205427 34.736460058 30.068883230 1.312398233 0.128836571 0.275369244 0.894788727 0.326995492
10039.839567641 34.779466838 30.085252753 1.320995995 0.121418044 0.276168145 0.898034076 0.320193088
10039.872960115 34.822733242 30.103172418 1.330759229 0.115190175 0.278196213 0.901150435 0.311874949
10039.906303829 34.852005963 30.116038151 1.336797394 0.112016326 0.279942091 0.903177459 0.305540906
10039.939668735 34.895484773 30.131821786 1.346645301 0.108719895 0.282813659 0.905880178 0.295934996
10039.973079593 34.939775216 30.150000905 1.350806161 0.105540621 0.286323281 0.908447481 0.285662967
10040.006399832 34.969649109 30.162441909 1.351965358 0.103190217 0.289230127 0.909844830 0.279070060
10040.039762220 35.012198217 30.184281080 1.351868055 0.098730647 0.294459241 0.911463439 0.269778455
10040.073153294 35.048997887 30.208150105 1.352644299 0.093752600 0.300109085 0.912448488 0.261883074
10040.106498336 35.076586270 30.226292122 1.350471870 0.090853473 0.303956442 0.912759820 0.257343425
10040.139868772 35.113503661 30.253668164 1.346047633 0.088233031 0.308249767 0.912903598 0.252594602
10040.173260586 35.147532321 30.282471867 1.341171663 0.086594633 0.310889136 0.912922909 0.249842102
10040.206593785 35.171984292 30.303456776 1.337271558 0.085950781 0.312353575 0.912731044 0.248937241
10040.239958908 35.201932093 30.334027956 1.334692359 0.085243260 0.314657540 0.912013197 0.248909919
10040.273364131 35.236977831 30.368035468 1.334602565 0.084445768 0.316672426 0.911007654 0.250304896
10040.306692920 35.256896778 30.390652346 1.336336305 0.083640160 0.317676422 0.910153091 0.252403181
10040.340070908 35.285075641 30.425605181 1.337711821 0.082685849 0.318424406 0.908745038 0.256810056
10040.373448435 35.315884604 30.461446945 1.340484678 0.082339760 0.317665920 0.907114465 0.263537237
10040.406799282 35.340597778 30.485100991 1.339194082 0.083580208 0.316278263 0.905857699 0.269080356
10040.440164582 35.366971524 30.518813851 1.342609598 0.088809656 0.313420591 0.903611480 0.278148650
10040.473551303 35.394794885 30.547043321 1.347122535 0.098689887 0.310043862 0.900626572 0.288105687
10040.506890668 35.415344196 30.565432890 1.352674681 0.108360562 0.307495167 0.897755337 0.296209495
10040.540267955 35.447411946 30.593501054 1.358608139 0.121531614 0.304638812 0.893166575 0.307699090
10040.573646877 35.477443036 30.623249326 1.362101602 0.132562395 0.302837347 0.888350064 0.318670545
10040.606994755 35.496564416 30.642474846 1.363543226 0.139051248 0.301897136 0.885002378 0.326027086
10040.640365254 35.526469881 30.672102121 1.360810314 0.147192087 0.300902243 0.880298038 0.335957876
10040.673741823 35.559335722 30.702590332 1.355332756 0.155630266 0.299465640 0.875509543 0.345807158
10040.707109106 35.582357334 30.720626267 1.351117151 0.161621509 0.297995099 0.872413432 0.352096880
10040.740469199 35.617583865 30.746867363 1.341444537 0.170216287 0.294854257 0.868329959 0.360680558
10040.773871353 35.648672699 30.766685071 1.329772647 0.177356293 0.290654066 0.865078419 0.368380630
10040.807197309 35.675295237 30.780493859 1.322903239 0.182269341 0.287117949 0.863138575 0.373273321
10040.840564399 35.714369729 30.798185887 1.317316064 0.187494362 0.283156290 0.860844126 0.378966714
10040.873945931 35.753891982 30.817308177 1.313851817 0.189409131 0.279976431 0.859308189 0.383831754
10040.907295401 35.781173981 30.830232871 1.312978065 0.188980065 0.278029123 0.858681984 0.386848281
10040.940669607 35.823104479 30.852073773 1.314922515 0.184785658 0.275874483 0.858445211 0.390921157
10040.974036611 35.860045708 30.876029868 1.317364613 0.177071804 0.274215463 0.858974201 0.394480390
10041.007393469 35.884221612 30.891885930 1.318280738 0.169870412 0.272845188 0.859701398 0.397005105
10041.040777957 35.924978728 30.917402867 1.322417526 0.160132615 0.271135151 0.860789623 0.399855600
10041.074174740 35.964208583 30.943441644 1.328210826 0.151841719 0.270160366 0.861453674 0.402312114
10041.107490395 35.986277816 30.958019735 1.332038077 0.148112484 0.269538210 0.861590059 0.403824733
10041.140877329 36.023774412 30.980660405 1.337232710 0.145543476 0.268444686 0.861448782 0.405783863
10041.174233327 36.058260522 30.998312880 1.339782545 0.144626115 0.267370306 0.860944188 0.407886641
10041.207592041 36.082079236 31.012068929 1.340063999 0.143938358 0.267255347 0.860207585 0.409755097
10041.240967957 36.117452871 31.034634014 1.339122554 0.142280058 0.268282744 0.858728601 0.412754096
10041.274336317 36.151677913 31.057756203 1.335371470 0.140006977 0.270472604 0.856623498 0.416459841
10041.307693635 36.176227793 31.075937039 1.332187130 0.138430427 0.272266881 0.854746828 0.419661319
10041.341090294 36.210488858 31.101867717 1.325485583 0.136885696 0.273941529 0.851749143 0.425137322
10041.374462670 36.243875480 31.126476424 1.316971884 0.136322028 0.273898808 0.848543898 0.431704761
10041.407791599 36.267363785 31.144728629 1.311621165 0.136503007 0.273039529 0.846170960 0.436819244
10041.441160928 36.301408217 31.170958161 1.305298343 0.138037814 0.271007140 0.842347683 0.444916928
10041.474523024 36.336931033 31.197068972 1.299670569 0.140139963 0.267387294 0.837937119 0.454671540
10041.507881263 36.359641848 31.215411999 1.297950759 0.141748029 0.264308522 0.834884345 0.461537249
10041.541251900 36.391590329 31.242522928 1.296635208 0.145237499 0.258894890 0.829652803 0.472816806
10041.574618739 36.426418827 31.270027924 1.298018503 0.151237440 0.251345197 0.823731756 0.485199777
10041.607979304 36.450124934 31.286240450 1.299448348 0.156662272 0.245376358 0.819395773 0.493799496
10041.641364218 36.484026243 31.308720780 1.304657456 0.165835120 0.236639447 0.812785035 0.505846786
10041.674724440 36.517126671 31.328498898 1.311314231 0.175833447 0.228613407 0.805276282 0.518023763
10041.708091086 36.537625092 31.340196780 1.315900976 0.182245237 0.224036836 0.799956595 0.525988228
10041.741467329 36.566639975 31.360348964 1.322560052 0.189669504 0.219152989 0.792751006 0.536230630
10041.774828957 36.603854474 31.386713796 1.325932343 0.198706046 0.214258746 0.782624147 0.549644014
10041.808181313 36.628842648 31.400354495 1.325801069 0.204402907 0.211322364 0.775999446 0.558020761
10041.841555900 36.665137379 31.417955961 1.322674918 0.212537793 0.207165058 0.766967521 0.568921037
10041.874912811 36.702791471 31.431830637 1.318610032 0.221811981 0.201803716 0.757922690 0.579334015
10041.908280531 36.728340287 31.437478068 1.314647166 0.228270105 0.197552728 0.752051072 0.585905167
10041.941666583 36.763857713 31.442101469 1.307933690 0.236944682 0.190356496 0.744208686 0.594789924
10041.975030615 36.797971834 31.444034662 1.300317707 0.244860114 0.182025750 0.737160264 0.602913672
10042.008378138 36.825788308 31.443152277 1.294036459 0.250066431 0.175470448 0.732258705 0.608665829
10042.041749334 36.866400960 31.440730868 1.287866596 0.254618772 0.168492875 0.726437252 0.615685270
10042.075118661 36.909371064 31.438432281 1.283171416 0.255119583 0.163680047 0.721202366 0.622888423
10042.108478214 36.936237164 31.435976263 1.281405568 0.253511349 0.161575608 0.718272659 0.627462912
10042.141843733 36.977822241 31.435122343 1.280284762 0.248367206 0.160618341 0.714650749 0.633868903
10042.175218064 37.019684256 31.434870663 1.281521468 0.240106251 0.161412642 0.711589255 0.640262196
10042.208573901 37.050103729 31.438592606 1.282273752 0.233782488 0.162765763 0.709571501 0.644485329
10042.241953693 37.087349272 31.440644042 1.286963607 0.226270991 0.164635009 0.706549486 0.649988136
10042.275324793 37.129950385 31.445155691 1.291978550 0.222112487 0.166271236 0.703258388 0.654559057
10042.308667762 37.154946730 31.443805320 1.297906993 0.220573234 0.167168136 0.700736894 0.657548529
10042.342060551 37.190305287 31.440296295 1.304672136 0.219387415 0.169110417 0.697230518 0.661165965
10042.375405846 37.225255391 31.436206872 1.308801778 0.217940231 0.171968808 0.693693488 0.664618785
10042.408771670 37.253071440 31.432541874 1.310488932 0.217214607 0.174644809 0.691102907 0.666853640
10042.442136070 37.292947938 31.424347894 1.312636310 0.216989944 0.178400854 0.686897376 0.670268972
10042.475512367 37.329936338 31.413933040 1.312041108 0.218361020 0.181005656 0.682179465 0.673933672
10042.508869565 37.356986578 31.408261384 1.310383820 0.220600645 0.181382474 0.678743753 0.676566827
10042.542267109 37.395843413 31.396988847 1.306459727 0.224666432 0.180078451 0.673732216 0.680574498
10042.575617261 37.434030559 31.383607791 1.303015494 0.228224214 0.177908772 0.668982851 0.684634298
10042.608975314 37.475248707 31.369785939 1.298842988 0.230020976 0.176765861 0.664400520 0.688778723
10042.642338260 37.504067451 31.361333980 1.296469257 0.229670103 0.177342345 0.661637065 0.691402726
10042.675708706 37.544917249 31.349391910 1.295432021 0.227203239 0.180027051 0.657704963 0.695264792
10042.709086595 37.585218751 31.338397730 1.295099145 0.223656766 0.182680529 0.653443377 0.699726538
10042.742455727 37.615965720 31.330490684 1.296679297 0.221398496 0.183666671 0.649548154 0.703801432
10042.775808478 37.654909078 31.321860170 1.298797424 0.218892809 0.183042213 0.643143765 0.710596639
10042.809171214 37.696622019 31.310951188 1.301130451 0.217049756 0.179880775 0.634504504 0.719677945
10042.842556081 37.722282253 31.303553858 1.303266097 0.216408443 0.176396038 0.628024115 0.726386628
10042.875921455 37.754246290 31.294006720 1.306617434 0.218061521 0.169503376 0.617353137 0.736609044
10042.909270940 37.786755504 31.283389769 1.313060801 0.223118487 0.159429640 0.604683240 0.747769021
10042.942633476 37.808368089 31.275819779 1.316161102 0.227540446 0.151922308 0.595250432 0.755527552
10042.976006507 37.835730859 31.270643065 1.320535043 0.234016894 0.141167106 0.581311155 0.766410648
10043.009368593 37.869021162 31.257301148 1.323177063 0.240460855 0.131007789 0.567254792 0.776683679
10043.042761783 37.891736545 31.247340642 1.323838329 0.244203372 0.125036591 0.558106412 0.783101396
10043.076116472 37.922501479 31.231139361 1.321461850 0.248063699 0.118541724 0.546210713 0.791243400
10043.109465325 37.957201082 31.213354170 1.320502288 0.250420827 0.113133071 0.535002946 0.798913115
10043.142857917 37.977916595 31.199492492 1.315710557 0.251783377 0.109453054 0.527656017 0.803868328
10043.176244837 38.009880204 31.178305477 1.307851527 0.253912476 0.102490027 0.517136644 0.810921661
10043.209587042 38.037321769 31.155155637 1.299362478 0.255461507 0.094390015 0.507600767 0.817417521
10043.242938229 38.056786211 31.137012168 1.293274439 0.255754438 0.089115048 0.501266979 0.821814816
10043.276298755 38.086481257 31.106693250 1.287416961 0.255400702 0.082959690 0.492549868 0.827818095
10043.309664482 38.113079744 31.076518644 1.283656955 0.254332539 0.078992430 0.485026539 0.832961231
10043.343063553 38.132881016 31.054340763 1.283405311 0.253205863 0.076841689 0.480383409 0.836190126
10043.376409331 38.162399755 31.020970025 1.283572864 0.250340280 0.075271831 0.474341944 0.840632866
10043.409774686 38.192572188 30.991143032 1.286018496 0.245736023 0.076601353 0.469411140 0.844629636
10043.443145151 38.213748906 30.970324531 1.288876352 0.241461630 0.079230768 0.466467044 0.847246873
10043.476519785 38.243588707 30.941112627 1.294106166 0.236569560 0.084049038 0.463508923 0.849782373
10043.509868530 38.275205807 30.909923239 1.299947365 0.234265960 0.089222488 0.461702311 0.850875892
10043.543247227 38.294352651 30.889267800 1.307002094 0.233787873 0.092631851 0.461273192 0.850875792
10043.576605354 38.321479413 30.857221116 1.315750254 0.234329274 0.097215960 0.461549843 0.850065051
10043.609973965 38.348622082 30.825027022 1.321739313 0.235844859 0.101461977 0.462408053 0.848682191
10043.643348823 38.367565031 30.802422477 1.323660245 0.237279079 0.104032170 0.462815858 0.847748446
10043.676717690 38.397189200 30.768643148 1.323992144 0.240077264 0.107640947 0.463225136 0.846285299
10043.710092849 38.428251240 30.732177295 1.321370894 0.242939672 0.111867139 0.463382169 0.844833134
10043.743448669 38.447711816 30.710300347 1.319271868 0.244461653 0.114907502 0.463577886 0.843878137
10043.776814308 38.480769412 30.673769776 1.314012566 0.245975380 0.120659946 0.464316178 0.842227865
10043.810180135 38.512420023 30.638380847 1.306952924 0.246291694 0.126226494 0.465664849 0.840573329
10043.843558466 38.535331711 30.614089389 1.303758409 0.246605725 0.128927339 0.466605115 0.839549299
10043.876921002 38.564746339 30.580391829 1.299785568 0.247993718 0.130761742 0.467436835 0.838393278
10043.910284904 38.600126379 30.544326429 1.300041386 0.250560164 0.129853291 0.466988254 0.838021299
10043.943657118 38.624193708 30.521065363 1.303034002 0.253256557 0.127654680 0.465773530 0.838224563
10043.977031366 38.659511667 30.486663655 1.309234293 0.257950279 0.123151366 0.462660614 0.839190414
10044.010376525 38.690679311 30.458154138 1.313676042 0.259668046 0.119904282 0.459177471 0.841041925
10044.043746650 38.714084739 30.437878772 1.316850030 0.259209777 0.118475185 0.456230534 0.842987320
10044.077111241 38.737183872 30.414662529 1.319838021 0.259271908 0.116459354 0.451008572 0.846053524
10044.110478712 38.764270557 30.388628791 1.325911158 0.261358234 0.111854637 0.444081453 0.849689400
10044.143845921 38.781850164 30.370594350 1.329385692 0.263679131 0.107711228 0.438380994 0.852463320
10044.177211170 38.807813669 30.344822898 1.332797374 0.267465990 0.101622693 0.429449949 0.856567285
10044.210577655 38.832398603 30.320123979 1.332402272 0.270740329 0.097480470 0.420760014 0.860324498
10044.243951223 38.850071524 30.303294171 1.332492194 0.272398520 0.095923345 0.415632766 0.862465746
10044.277315467 38.876686604 30.275025494 1.330688278 0.274130471 0.095342083 0.408738805 0.865271612
10044.310683200 38.903296645 30.245143846 1.327166776 0.275514112 0.095579326 0.403306382 0.867352598
10044.344058016 38.919473908 30.223689523 1.323950612 0.276340821 0.094924939 0.400272802 0.868565881
10044.377420764 38.939956644 30.193542677 1.317108949 0.277043244 0.092354340 0.396594981 0.870304623
10044.410787218 38.959164798 30.160401311 1.306725761 0.276605853 0.087540138 0.392743054 0.872684835
10044.444160356 38.972931447 30.136525707 1.298962282 0.275907608 0.083563852 0.390080397 0.874488055
10044.477524587 38.989484173 30.101675433 1.290922915 0.275245579 0.077364122 0.386449798 0.876875828
10044.510893133 39.008015127 30.061700905 1.285206906 0.275332360 0.069668803 0.382532507 0.879208297
10044.544260689 39.019084810 30.034696196 1.283384512 0.275822681 0.064088475 0.380305662 0.880444274
10044.577621185 39.036401033 29.993224224 1.284130562 0.276523817 0.056431973 0.377333010 0.882025969
10044.610986227 39.054775867 29.954832491 1.287266339 0.275522326 0.052670296 0.375008937 0.883561874
10044.644373575 39.068219654 29.929683717 1.289179771 0.273181889 0.052645192 0.373794358 0.884803886
10044.677722603 39.086207115 29.897817596 1.291964789 0.269240025 0.055375708 0.372597506 0.886348937
10044.711109277 39.107740359 29.863493531 1.298019349 0.266405575 0.059672575 0.371545379 0.887367615
10044.744454696 39.121694491 29.841218313 1.303202704 0.266153045 0.062242161 0.370912344 0.887531691
10044.777818560 39.140326740 29.810523388 1.311746788 0.267826258 0.065293904 0.370159315 0.887123375
10044.811193551 39.158327096 29.777295302 1.319682270 0.271116015 0.068781518 0.369404189 0.886174788
10044.844554477 39.171162106 29.753395910 1.324162512 0.273552661 0.071717272 0.368770317 0.885456960
10044.877924994 39.189134627 29.716407499 1.328808466 0.277880601 0.076609645 0.367704638 0.884141749
10044.911296640 39.208394519 29.680006739 1.331899285 0.283227475 0.081270421 0.365938951 0.882760443
10044.944658085 39.219912468 29.657178604 1.332912358 0.287526966 0.083426209 0.364386855 0.881810938
10044.978047246 39.240288194 29.617950166 1.332664128 0.294340325 0.084319922 0.361149579 0.880809233
10045.011393463 39.260519021 29.580230809 1.330392272 0.300846787 0.083695309 0.357417278 0.880192704
10045.044760604 39.274805005 29.553194623 1.328038279 0.304850114 0.083131242 0.354430395 0.880076530
10045.078125047 39.296598695 29.514438577 1.324801081 0.309412962 0.082871519 0.349873320 0.880332091
10045.111505184 39.318366082 29.475399346 1.321471536 0.312840608 0.083051363 0.344514752 0.881216665
10045.144861089 39.333711808 29.448666268 1.320214588 0.314259307 0.083362471 0.340433231 0.882268101
10045.178228186 39.356256612 29.412096957 1.318821264 0.314803604 0.083462402 0.333457226 0.884725379
10045.211600568 39.379450662 29.375948111 1.320678264 0.315304925 0.081535234 0.324910320 0.887900948
10045.244955401 39.396539770 29.349750716 1.323012588 0.315339483 0.078507840 0.317463663 0.890850353
10045.278317373 39.420364785 29.313913247 1.325644310 0.313331166 0.073627812 0.306619946 0.895760422
10045.311699960 39.441259176 29.281552901 1.326663223 0.309343103 0.068732037 0.295885337 0.901129635
10045.345055124 39.454717992 29.256458170 1.328871538 0.307338327 0.062838077 0.286884860 0.905147284
10045.378416472 39.467814451 29.232215781 1.332667060 0.307090322 0.053450665 0.275656279 0.909314124
10045.411807229 39.482806165 29.202527175 1.338737646 0.308405440 0.039907990 0.260905823 0.913904584
10045.445163618 39.493137752 29.182183446 1.340822573 0.309849845 0.031041958 0.250908591 0.916555699
10045.478526280 39.509770664 29.149947762 1.343904699 0.312129895 0.019319775 0.235457116 0.920196513
10045.511929355 39.525228336 29.118935507 1.345086731 0.314024349 0.011553912 0.221141764 0.923228864
10045.545256624 39.536278257 29.095259611 1.343426150 0.315282207 0.008604177 0.212254128 0.924916906
10045.578632791 39.550135210 29.062590656 1.340113694 0.316902337 0.006690725 0.200892793 0.926914359
10045.612017094 39.563151787 29.026866390 1.335373096 0.318539842 0.005229409 0.190609045 0.928532829
10045.645370968 39.569435571 29.000705695 1.331150650 0.319370130 0.003505718 0.184177592 0.929553142
10045.678738425 39.575196621 28.965517468 1.324044518 0.320050271 -0.000582578 0.175568253 0.930990480
10045.712137745 39.577709189 28.927399238 1.316122349 0.320487549 -0.007686626 0.166918926 0.932398369
10045.745470761 39.579418068 28.897168014 1.311314792 0.320876731 -0.013947516 0.161017851 0.933229255
10045.778834121 39.578343998 28.854769277 1.308338101 0.321287197 -0.022518531 0.153982424 0.934107524
10045.812229135 39.574761081 28.812224467 1.308916964 0.320498349 -0.029463183 0.148776209 0.935028539
10045.845561192 39.573935502 28.780526079 1.309373711 0.319317399 -0.032026979 0.145849144 0.935809114
10045.878927603 39.571585444 28.739713385 1.312080947 0.316199556 -0.031126827 0.143075180 0.937325159
10045.912332700 39.573174896 28.700718068 1.314436195 0.311451975 -0.025622699 0.141703710 0.939287604
10045.945663058 39.575012477 28.674143435 1.316598368 0.308027178 -0.020182670 0.141527514 0.940575292
10045.979030330 39.578717582 28.635883522 1.321993151 0.304612168 -0.012535369 0.142004183 0.941747898
10046.012422803 39.584105261 28.597790091 1.329197470 0.303581010 -0.006246564 0.143506760 0.941915793
10046.045764389 39.584566370 28.570415818 1.334925253 0.303761467 -0.002873366 0.144749109 0.941683817
10046.079132318 39.585289951 28.531968527 1.340920097 0.304767951 0.001302767 0.146917338 0.941026086
10046.112546469 39.586563235 28.492750123 1.344315612 0.306400155 0.005087124 0.148828057 0.940182576
10046.145870507 39.586827476 28.463981454 1.344907302 0.308146635 0.007055971 0.149520624 0.939488929
10046.179227137 39.589270959 28.421935734 1.344437496 0.311270283 0.008216277 0.149287483 0.938486308
10046.212617746 39.592517733 28.378870390 1.342604912 0.314482146 0.008421739 0.147705405 0.937663675
10046.245960597 39.595511513 28.350192317 1.339938742 0.316207116 0.008844263 0.146228924 0.937311016
10046.279327991 39.601418230 28.304144728 1.333174572 0.317397423 0.010760758 0.143555696 0.937301896
10046.312735767 39.607946981 28.263009347 1.326956836 0.317177689 0.013743986 0.141016926 0.937722583
10046.346068738 39.612578029 28.232176268 1.323545814 0.316868447 0.015685591 0.138833569 0.938122374
10046.379428850 39.619413607 28.191168639 1.320761850 0.315904335 0.017279954 0.134663489 0.939026943
10046.412832899 39.627959238 28.147580099 1.319459586 0.314474390 0.016751888 0.128643001 0.940359618
10046.446163167 39.634597677 28.117140353 1.320368589 0.313516370 0.014675360 0.123375558 0.941419456
10046.479533449 39.642898619 28.074470586 1.321777559 0.311730252 0.010312408 0.114786003 0.943155384
10046.512921054 39.650491069 28.036003063 1.321914813 0.308434003 0.006652050 0.105429283 0.945361773
10046.546272916 39.655523976 28.009944584 1.323164867 0.306076153 0.003703011 0.098451040 0.946895490
10046.579633196 39.661120339 27.976323647 1.327170385 0.304357283 -0.003609457 0.086553893 0.948610584
10046.613020235 39.667105461 27.941274321 1.333361869 0.304340827 -0.015532117 0.071258368 0.949767161
10046.646365168 39.671815036 27.916768131 1.337458481 0.305021598 -0.024547720 0.059775844 0.950150558
10046.679727167 39.679312805 27.885951905 1.341240548 0.306194717 -0.035141466 0.044050296 0.950299660
10046.713170391 39.687439981 27.847636905 1.343064601 0.307671950 -0.043703242 0.025119435 0.950156309
10046.746465236 39.693481008 27.812170676 1.341282838 0.308850317 -0.046252695 0.008552415 0.949946854
10046.779830310 39.697436163 27.785867675 1.339506933 0.309615968 -0.046164120 -0.001817290 0.949738661
10046.813215360 39.701107900 27.748843029 1.336258234 0.310222551 -0.045535376 -0.015917549 0.949439377
10046.846566127 39.701101851 27.713622812 1.330524466 0.309857850 -0.046175508 -0.029385759 0.949206201
10046.879932214 39.699976140 27.687986496 1.325220354 0.308815609 -0.047820405 -0.038859580 0.949123839
10046.913325587 39.695072879 27.650915975 1.317597738 0.306080045 -0.051961639 -0.052244478 0.949149888
10046.946662380 39.687909965 27.613547912 1.311638247 0.303040122 -0.057579883 -0.065282586 0.948993902
10046.980056639 39.681641411 27.588455845 1.308459101 0.300688449 -0.061493350 -0.073757559 0.948875570
10047.013431182 39.671775837 27.550230573 1.304994544 0.296292743 -0.066821833 -0.085952857 0.948871730
10047.046768082 39.661138030 27.514241062 1.304269957 0.291717941 -0.070874406 -0.096311414 0.949000302
10047.080130565 39.655165400 27.489225696 1.303674519 0.288194675 -0.072498600 -0.103294073 0.949219741
10047.113518932 39.648096790 27.456120707 1.304721322 0.282943792 -0.073345000 -0.112444529 0.949694450
10047.146863411 39.638896894 27.424562796 1.307621823 0.278393333 -0.074072245 -0.121922406 0.949813340
10047.180239049 39.634016378 27.400840049 1.311078326 0.276398924 -0.075207509 -0.127813326 0.949532105
10047.213630575 39.625186371 27.371070647 1.316431971 0.274716851 -0.077126049 -0.135380594 0.948817326
10047.246971007 39.615750555 27.340837756 1.322321704 0.274157229 -0.077770591 -0.142087401 0.947945526
10047.280339130 39.610498798 27.318167548 1.324656102 0.274429770 -0.076636842 -0.146747403 0.947248803
10047.313724901 39.603853163 27.284319803 1.326498323 0.275989126 -0.073302171 -0.154106984 0.945889968
10047.347067379 39.598844325 27.249343565 1.326450309 0.278656419 -0.069712117 -0.162476052 0.943976882
10047.380437207 39.595260259 27.223622781 1.325509827 0.280498879 -0.068076069 -0.169470898 0.942319289
10047.413815613 39.589828062 27.188269507 1.322593102 0.282905866 -0.067536042 -0.180545023 0.939577910
10047.447165030 39.584716709 27.149304102 1.316847835 0.284414659 -0.069122664 -0.193410515 0.936441526
10047.480533556 39.581448919 27.121897798 1.312479097 0.284853167 -0.071028676 -0.202814654 0.934173333
10047.513916064 39.576537234 27.083630676 1.307108367 0.285077784 -0.074860461 -0.216386978 0.930754127
10047.547265520 39.570787243 27.040961652 1.302909955 0.284701911 -0.080537682 -0.231859137 0.926660587
10047.580637197 39.567109124 27.012465021 1.300377553 0.283797829 -0.084590113 -0.242685200 0.923800411
10047.614010414 39.563043593 26.970646224 1.298851357 0.281661603 -0.090946212 -0.259126384 0.919374268
10047.647362836 39.559189295 26.926909514 1.300210336 0.278821302 -0.100160355 -0.277845347 0.913798965
10047.680735092 39.555888784 26.894516826 1.302232142 0.275841368 -0.108810893 -0.292506999 0.909126715
10047.714134554 39.554012994 26.849401125 1.308294153 0.270805797 -0.121564200 -0.312555585 0.902327752
10047.747460307 39.548910689 26.807231036 1.313279089 0.265010127 -0.135501714 -0.333980408 0.894352282
10047.780850354 39.545643543 26.781981769 1.317880379 0.261323405 -0.145420061 -0.348464842 0.888332898
10047.814208541 39.540629489 26.747164204 1.325645450 0.257339194 -0.158410761 -0.368986946 0.878937543
10047.847568822 39.534417998 26.706565514 1.333841042 0.255639363 -0.168019282 -0.390469234 0.868303987
10047.880945972 39.530014929 26.680098336 1.338498188 0.256005563 -0.171356507 -0.403496502 0.861561763
10047.914313255 39.521967961 26.640131488 1.343014484 0.258355695 -0.172582134 -0.421715606 0.851835483
10047.947661442 39.514063611 26.598365028 1.342399074 0.261390572 -0.171143844 -0.437988788 0.842941620
10047.981071673 39.505854016 26.571021262 1.342659572 0.263446573 -0.169875626 -0.449062474 0.836708473
10048.014402458 39.493888183 26.536692463 1.339791592 0.265194082 -0.169636922 -0.462391694 0.828908520
10048.047765883 39.476657121 26.504527834 1.336471102 0.264490913 -0.172502189 -0.476019972 0.820787755
10048.081153285 39.464672043 26.485375110 1.333443794 0.262618686 -0.175745921 -0.484347446 0.815813918
10048.114543819 39.444114177 26.458442301 1.327573832 0.258079488 -0.181685376 -0.496270950 0.808764828
10048.147875794 39.421445650 26.436064647 1.322120599 0.252397596 -0.187933791 -0.507004413 0.802448047
10048.181234164 39.405388537 26.420447503 1.318363886 0.248410315 -0.192079246 -0.513654842 0.798471403
10048.214600854 39.380876022 26.405427994 1.314498693 0.242972412 -0.196736842 -0.521520526 0.793898837
10048.247957535 39.355253850 26.386750009 1.310251829 0.237319807 -0.199501415 -0.529143212 0.789864517
10048.281352664 39.338129836 26.373859802 1.308573061 0.233779794 -0.200852331 -0.533808189 0.787435182
10048.314704451 39.311927156 26.361706291 1.308854187 0.228685518 -0.202202059 -0.540372958 0.784100968
10048.348066088 39.287626662 26.353620559 1.310891741 0.223900850 -0.203314688 -0.546752470 0.780764551
10048.381444412 39.271597639 26.340909084 1.313562781 0.220850869 -0.204477090 -0.551258242 0.778157031
10048.414843200 39.250553735 26.324042351 1.318462563 0.217601523 -0.206280130 -0.556784908 0.774653891
10048.448176094 39.229646215 26.307881749 1.324529173 0.216505217 -0.206221322 -0.561278929 0.771728075
10048.481552864 39.213718930 26.296797876 1.328607694 0.217217439 -0.204695504 -0.564042405 0.769917204
10048.514908856 39.192025248 26.282326518 1.333102919 0.219822519 -0.201411081 -0.567406623 0.767568473
10048.548265452 39.171611407 26.266466839 1.335663823 0.222981998 -0.198776001 -0.570693721 0.764902482
10048.581652931 39.155289920 26.256578971 1.337479291 0.224251627 -0.198715656 -0.573458826 0.762475095
10048.615005411 39.131865100 26.243786478 1.339339401 0.224185874 -0.202094042 -0.577930769 0.758218120
10048.648364951 39.105762217 26.232237742 1.341144855 0.221308542 -0.210022328 -0.583222475 0.752837762
10048.681755517 39.087238323 26.224088224 1.340888812 0.218240237 -0.216544106 -0.587102077 0.748859800
10048.715143248 39.061111139 26.212897894 1.342058544 0.213774061 -0.225628887 -0.592405937 0.743268095
10048.748492185 39.034185979 26.200861855 1.340837095 0.210344954 -0.232747618 -0.597514357 0.737943182
10048.781836949 39.015388651 26.191554532 1.338678032 0.208755736 -0.235997647 -0.600874591 0.734626354
10048.815203193 38.988513821 26.178058924 1.336502276 0.206762720 -0.239484663 -0.605564735 0.730196977
10048.848571076 38.961546697 26.165033027 1.334792521 0.203643858 -0.243001490 -0.610579655 0.725721668
10048.881939947 38.941886170 26.155010148 1.332401121 0.199934152 -0.246520249 -0.614434303 0.722305052
10048.915308044 38.912839449 26.142804400 1.332379875 0.191917238 -0.255769409 -0.619696007 0.716747265
10048.948667082 38.884081903 26.131402255 1.336594784 0.183253702 -0.266237152 -0.624360557 0.711132727
10048.982067183 38.864070054 26.123498774 1.337939967 0.178788214 -0.271147275 -0.626983284 0.708100199
10049.015404525 38.837016732 26.113570083 1.340415519 0.174287932 -0.275297706 -0.629596375 0.705296600
10049.048776115 38.811116693 26.106625369 1.344340901 0.170900978 -0.279817654 -0.630878178 0.703198166
10049.082132609 38.792593701 26.101991814 1.347241984 0.169141360 -0.283073426 -0.631490031 0.701769888
10049.115498344 38.767683917 26.095950306 1.350513917 0.168438970 -0.286302779 -0.631947508 0.700215238
10049.148858016 38.741234254 26.088906552 1.353382565 0.170597870 -0.287039421 -0.631676901 0.699634926
10049.182243169 38.720639543 26.083197030 1.354744617 0.173812558 -0.286039500 -0.630924590 0.699931969
10049.215594502 38.691135135 26.076292264 1.355969437 0.179889048 -0.283500245 -0.628826924 0.701316078
10049.248957811 38.662278044 26.070417662 1.354380780 0.186487594 -0.280868637 -0.625791526 0.703363457
10049.282330213 38.640055447 26.066565860 1.354944805 0.191537210 -0.279141601 -0.622820818 0.705328074
10049.315709143 38.608661119 26.061789706 1.355383593 0.198495422 -0.276993190 -0.617956537 0.708522447
10049.349072651 38.579023969 26.058002917 1.354292214 0.204972945 -0.274995044 -0.612324498 0.712335965
10049.382432235 38.553902986 26.055359677 1.353464032 0.209673141 -0.273253638 -0.607579968 0.715692815
10049.415790598 38.520750052 26.054002189 1.351802389 0.215553335 -0.270633203 -0.600570499 0.720839444
10049.449154169 38.488386701 26.053311788 1.349867643 0.220305537 -0.268180938 -0.593050601 0.726522841
10049.482535855 38.463277695 26.052354852 1.347840395 0.222535440 -0.267080862 -0.587555372 0.730701359
10049.515902397 38.429241928 26.054529395 1.346454039 0.224014614 -0.266807090 -0.579441045 0.736803573
10049.549251988 38.393185429 26.056462109 1.345305857 0.224312102 -0.267023348 -0.570695126 0.743431022
10049.582647298 38.368673744 26.057304302 1.344964416 0.224490764 -0.266982909 -0.564660642 0.747985550
10049.616002563 38.331305861 26.058170511 1.345853382 0.225987174 -0.264724807 -0.554812998 0.755667328
10049.649364679 38.296086683 26.058339102 1.346956825 0.229412823 -0.258791276 -0.544223131 0.764341557
10049.682742721 38.270755040 26.055686117 1.346947218 0.233044687 -0.252126486 -0.536272891 0.771060176
10049.716100152 38.236376170 26.051317606 1.347717422 0.239333594 -0.241032725 -0.523982622 0.781066494
10049.749447017 38.199618157 26.045521865 1.350443999 0.246573795 -0.230038407 -0.509625883 0.791558687
10049.782834694 38.175358396 26.041596834 1.352689698 0.250937445 -0.223720908 -0.499924412 0.798157213
10049.816195655 38.138462114 26.035840753 1.355822956 0.257162938 -0.215441737 -0.484703848 0.807783548
10049.849554706 38.100944047 26.029764140 1.358445936 0.263510484 -0.207802149 -0.468814580 0.817063878
10049.882943435 38.074172084 26.022820633 1.359136836 0.268032549 -0.202438841 -0.457947497 0.823080287
10049.916295461 38.036340364 26.012443099 1.360074070 0.274742240 -0.194281624 -0.442291220 0.831354214
10049.949667886 37.998446556 26.001411956 1.359675434 0.281860731 -0.185139364 -0.426149125 0.839449146
10049.983049187 37.972325747 25.989314566 1.357345371 0.286405767 -0.178940851 -0.415428403 0.844613018
10050.016395748 37.938065781 25.976805285 1.352532047 0.291760787 -0.170173440 -0.400940000 0.851565476
10050.049764286 37.903004953 25.956939278 1.343503933 0.295387246 -0.161348250 -0.386831048 0.858530639
10050.083172314 37.878515605 25.939684558 1.336498799 0.296458332 -0.156351736 -0.378262862 0.862892693
10050.116518039 37.844503787 25.914503712 1.327982533 0.296533167 -0.151741751 -0.367548835 0.868303159
10050.149875260 37.815102066 25.906538309 1.321705981 0.295361709 -0.150886637 -0.358320679 0.872697528
10050.183235695 37.789890825 25.881448267 1.319672122 0.294028387 -0.152131930 -0.353343458 0.874958047
10050.216605196 37.759519496 25.850743960 1.319436334 0.291849050 -0.154598831 -0.349135648 0.876942206
10050.249966925 37.724927605 25.808759602 1.322539043 0.289036390 -0.160856798 -0.347422479 0.877428445
10050.283333079 37.701409577 25.781528980 1.325332412 0.286388841 -0.166605039 -0.347288536 0.877276961
10050.316699320 37.670505491 25.752189654 1.329670434 0.282255207 -0.174045240 -0.347291339 0.877171009
10050.350070553 37.639463098 25.718519102 1.333630184 0.278868380 -0.177311098 -0.346899964 0.877754872
10050.383436667 37.621199999 25.699622636 1.336606126 0.277981476 -0.176452547 -0.346469117 0.878379160
10050.416801033 37.598307142 25.671963900 1.341972076 0.278342999 -0.172361217 -0.346637257 0.879010465
10050.450163978 37.574808269 25.643618939 1.347982212 0.279930841 -0.168608800 -0.348663651 0.878432385
10050.483540176 37.559497120 25.623780525 1.352060149 0.280888566 -0.167696230 -0.351454466 0.877188318
10050.516915402 37.536616122 25.595936048 1.356058973 0.281372513 -0.169286382 -0.356809319 0.874562027
10050.550266958 37.510865738 25.566941896 1.357949366 0.281334012 -0.172154252 -0.363185397 0.871384218
10050.583636724 37.492061534 25.548229972 1.357983291 0.281474983 -0.173727377 -0.367382921 0.869264299
10050.616999880 37.463251004 25.521054875 1.356617110 0.282141284 -0.174793504 -0.372813595 0.866518061
10050.650371382 37.432763452 25.495223747 1.351706114 0.283181254 -0.174314515 -0.377192332 0.864377679
10050.683742147 37.410003564 25.480428938 1.347600984 0.283956531 -0.173256769 -0.379405303 0.863366896
10050.717130861 37.375657241 25.460886322 1.339905001 0.284595639 -0.170575389 -0.381491046 0.862771083
10050.750461636 37.341033620 25.445457505 1.330024174 0.284109548 -0.166933615 -0.381958273 0.863436628
10050.783836615 37.314757472 25.437428295 1.323200815 0.282790833 -0.165607666 -0.381098698 0.864504036
10050.817201628 37.273692288 25.429279269 1.314772119 0.279125539 -0.166770330 -0.378566639 0.866581727
10050.850570819 37.229835829 25.423377800 1.311339577 0.274402375 -0.172066250 -0.374426604 0.868850540
10050.883936627 37.181779795 25.417693131 1.314566663 0.269336032 -0.180602995 -0.369562529 0.870783668
10050.917302068 37.150874077 25.412719373 1.318754921 0.266154233 -0.185623245 -0.366579260 0.871966502
10050.950668731 37.110435433 25.403668985 1.325104422 0.262450560 -0.189005215 -0.362149463 0.874210786
10050.984070487 37.073019687 25.391049473 1.332243992 0.261511309 -0.185586878 -0.357385559 0.877180089
10051.017404351 37.048134423 25.381475425 1.338154158 0.262906274 -0.179520281 -0.353343751 0.879659567
10051.050773281 37.014094107 25.362410818 1.346253064 0.267057512 -0.167647151 -0.346458066 0.883482612
10051.084145753 36.979476777 25.346507316 1.354374140 0.272857860 -0.152469001 -0.337591589 0.887881586
10051.117501464 36.957199597 25.336969943 1.358721716 0.276751451 -0.142964331 -0.331371756 0.890596763
10051.150866320 36.926567211 25.322574720 1.362989425 0.282006438 -0.131646590 -0.323061799 0.893740800
10051.184241020 36.896552578 25.308718278 1.365791391 0.286127110 -0.125183094 -0.316274027 0.895785248
10051.217602146 36.875768135 25.298817750 1.366795452 0.288228781 -0.124221814 -0.312677413 0.896507639
10051.250970435 36.845799790 25.281820006 1.367437549 0.290375675 -0.127192304 -0.309151799 0.896621018
10051.284335652 36.815287197 25.263509952 1.367333173 0.292454013 -0.133072184 -0.306989098 0.895834883
10051.317712850 36.796013158 25.248969031 1.366128969 0.293930513 -0.136098847 -0.306064691 0.895213026
10051.351107021 36.769277357 25.223106750 1.361946468 0.296585629 -0.137309441 -0.305416035 0.894373595
10051.384443611 36.747272298 25.198731379 1.356667241 0.299585052 -0.134323584 -0.305180015 0.893907786
10051.417805732 36.732081987 25.178893588 1.352104061 0.301836808 -0.130090882 -0.305363904 0.893713483
10051.451179000 36.711769539 25.150548336 1.346217553 0.304324931 -0.124025690 -0.306184268 0.893451263
10051.484541948 36.692580996 25.124008055 1.341824744 0.305850781 -0.119923778 -0.307881231 0.892906902
10051.517906291 36.676315309 25.100165148 1.339067094 0.306228469 -0.118534393 -0.310168920 0.892170927
10051.551285125 36.657547149 25.068082713 1.336810464 0.305453420 -0.118142188 -0.315064333 0.890772192
10051.584641740 36.637422192 25.032067277 1.335495241 0.303182928 -0.120842987 -0.322555789 0.888501462
10051.618012285 36.622614482 25.007033566 1.336425951 0.300685194 -0.125536868 -0.328713292 0.886440343
10051.651384209 36.599025419 24.970827797 1.340373332 0.296155348 -0.135684379 -0.338531508 0.882767340
10051.684745218 36.577219733 24.942282363 1.344987328 0.291567160 -0.144941527 -0.347359436 0.879387268
10051.718116010 36.561186741 24.922127784 1.349871555 0.288885683 -0.150130547 -0.353293857 0.877034396
10051.751486860 36.539450152 24.897161724 1.357325754 0.287185382 -0.154353773 -0.360485998 0.873927522
10051.784841036 36.519520902 24.873733345 1.364089507 0.287481258 -0.155457451 -0.367354924 0.870768549
10051.818208893 36.505696922 24.856904498 1.367619814 0.288478972 -0.155037261 -0.372050384 0.868517036
10051.851588019 36.484698494 24.831209773 1.370784220 0.290645672 -0.154010219 -0.379665813 0.864673242
10051.884943975 36.462287450 24.805779113 1.371923621 0.292459545 -0.154815190 -0.387211795 0.860561850
10051.918314226 36.446550837 24.789862602 1.371702980 0.293047270 -0.157157443 -0.392140274 0.857700905
10051.951692173 36.420661396 24.769686439 1.370732425 0.292954684 -0.163587106 -0.399276774 0.853226154
10051.985040651 36.392143906 24.750965198 1.369170517 0.291801751 -0.172244363 -0.406186637 0.848643643
10052.018410139 36.373010338 24.740938213 1.367587524 0.290513901 -0.178183709 -0.410432130 0.845811862
10052.051792654 36.343683523 24.727693305 1.363244340 0.288001436 -0.186698985 -0.416573854 0.841822360
10052.085148964 36.313048278 24.714902773 1.357606597 0.284806080 -0.194411499 -0.422527028 0.838188867
10052.118519992 36.290458533 24.706356864 1.352699612 0.281998626 -0.199478969 -0.426669934 0.835845490
10052.151899639 36.258414491 24.698128425 1.344855495 0.276839713 -0.206187189 -0.432438652 0.832972646
10052.185250990 36.223135838 24.691603487 1.337723590 0.271072948 -0.212611716 -0.437805533 0.830446886
10052.218621577 36.200219433 24.688002169 1.334877135 0.267575461 -0.216152879 -0.440749522 0.829108656
10052.252019710 36.161601226 24.682161242 1.332629550 0.262264144 -0.220559556 -0.444868888 0.827443456
10052.285356941 36.121758355 24.675378573 1.332411446 0.257567528 -0.222503818 -0.448495951 0.826439594
10052.318717106 36.094728914 24.670702681 1.333311064 0.255135944 -0.221710506 -0.450677714 0.826220128
10052.352111600 36.058655022 24.661722915 1.334679025 0.252928295 -0.217224789 -0.453362510 0.826621499
10052.385460538 36.021123225 24.650492116 1.337078479 0.251725591 -0.209478144 -0.456268654 0.827388693
10052.418820866 35.997784671 24.643229150 1.339689263 0.251418740 -0.205132505 -0.458001484 0.827613384
10052.452214567 35.962718704 24.631835022 1.345434233 0.250948819 -0.201078722 -0.460495342 0.827366955
10052.485564951 35.929775648 24.623426299 1.352274292 0.250756971 -0.199504882 -0.462224823 0.826841555
10052.518928368 35.906560531 24.617877637 1.356237326 0.251082573 -0.198901793 -0.462873542 0.826525077
10052.552322371 35.872726895 24.610556556 1.360245924 0.252706637 -0.197399043 -0.463113774 0.826255775
10052.585663192 35.836002299 24.602294102 1.362855760 0.256046644 -0.194884604 -0.463027666 0.825872561
10052.619027279 35.811309952 24.596551330 1.363684109 0.258828863 -0.193282097 -0.463097291 0.825342686
10052.652427300 35.775084916 24.587772708 1.362643560 0.262775869 -0.191681161 -0.463658661 0.824152790
10052.685769225 35.738004642 24.577982436 1.360146346 0.265755913 -0.191561159 -0.464728540 0.822621116
10052.719165928 35.712137103 24.571715513 1.357195917 0.267132243 -0.191781368 -0.465993946 0.821407276
10052.752515084 35.677608735 24.565925835 1.352682718 0.268288360 -0.191198512 -0.468315486 0.819844553
10052.785870872 35.640165896 24.556381601 1.345045518 0.268457246 -0.189467454 -0.471485363 0.818372986
10052.819241065 35.614365879 24.549467879 1.340481649 0.267956228 -0.188468710 -0.473943754 0.817347125
10052.852647548 35.578322618 24.539883241 1.336299776 0.266300012 -0.187667626 -0.478238420 0.815569236
10052.885974188 35.542456239 24.529726924 1.332737163 0.262927668 -0.186971677 -0.484205566 0.813299209
10052.919335369 35.516800748 24.520486814 1.330858059 0.259631026 -0.186585134 -0.489442673 0.811309797
10052.952734763 35.481060224 24.507254149 1.329874648 0.253558177 -0.186664523 -0.498782891 0.807514851
10052.986120694 35.446776300 24.494819042 1.328774123 0.246252449 -0.186228677 -0.509819321 0.802971277
10053.019454656 35.422888968 24.484861478 1.328141015 0.241270580 -0.185766288 -0.517772192 0.799494435
10053.052827969 35.391608634 24.473711429 1.328512172 0.234522221 -0.185239853 -0.529513384 0.793915047
10053.086178691 35.364923484 24.467771064 1.331684466 0.228315948 -0.186446869 -0.541619903 0.787246641
10053.119538345 35.344735825 24.459669961 1.334443952 0.224280427 -0.188616874 -0.550354312 0.781813338
10053.152942758 35.315992751 24.451779613 1.338809012 0.218985215 -0.193398996 -0.563577208 0.772672657
10053.186277186 35.286855869 24.441209104 1.342261919 0.214925293 -0.198753120 -0.576331368 0.762985236
10053.219642211 35.265688987 24.432838634 1.344024230 0.212806006 -0.202432324 -0.584988178 0.755991792
10053.253023362 35.234800936 24.424560463 1.345525549 0.210756771 -0.207369938 -0.596728678 0.745985373
10053.286377715 35.202800497 24.419869026 1.346065153 0.209171112 -0.212109784 -0.607655911 0.736214085
10053.319746934 35.180093222 24.414629280 1.344693631 0.207776882 -0.215676132 -0.614887835 0.729537884
10053.353190620 35.146097813 24.412503010 1.340820998 0.204769791 -0.221595026 -0.624712443 0.720207846
10053.386478443 35.112901120 24.411534548 1.334746917 0.200154390 -0.227639645 -0.634318751 0.711166742
10053.419846919 35.089998646 24.410934202 1.329382363 0.196193490 -0.231585686 -0.640729356 0.705224841
10053.453272714 35.059714100 24.417419478 1.322024402 0.189859540 -0.236800475 -0.648868963 0.697744909
10053.486576285 35.024204787 24.423287853 1.315587075 0.183365808 -0.242237572 -0.656850632 0.690105200
10053.519944561 35.000149457 24.426653366 1.312505642 0.179668339 -0.245033984 -0.661415136 0.685716889
10053.553333267 34.963397695 24.434980797 1.308685859 0.174073363 -0.248145584 -0.667423306 0.680197298
10053.586683563 34.927393536 24.444171377 1.307330463 0.169243521 -0.249833817 -0.672022500 0.676258423
10053.620049679 34.901198201 24.450350746 1.307844779 0.166634581 -0.250278663 -0.674565674 0.674206689
10053.653431446 34.864882906 24.459174627 1.309666888 0.163605511 -0.249606659 -0.677296241 0.672457846
10053.686783430 34.827358445 24.466389003 1.313477128 0.161549048 -0.248166525 -0.679079657 0.671688991
10053.720179235 34.802822691 24.471607952 1.316991043 0.160838214 -0.247804040 -0.679613075 0.671453867
10053.753544797 34.768019892 24.480326449 1.324939270 0.160760736 -0.247986166 -0.679271091 0.671751168
10053.786880585 34.731783514 24.488956903 1.332592771 0.163098787 -0.247770699 -0.677519469 0.673034795
10053.820256439 34.707145213 24.495048633 1.337029573 0.166444208 -0.246934733 -0.675647069 0.674403886
10053.853637791 34.671489522 24.500313502 1.341205761 0.173106717 -0.245307161 -0.672406575 0.676555880
10053.886985409 34.632704851 24.507395243 1.345566419 0.180814619 -0.243901897 -0.668673753 0.678743951
10053.920353297 34.606168852 24.512892523 1.347433617 0.185486752 -0.243793952 -0.666285546 0.679869653
10053.953746352 34.567015402 24.519627534 1.348988256 0.191121986 -0.244906251 -0.663113577 0.681009323
10053.987088419 34.526037761 24.526627425 1.347933523 0.195233095 -0.247055893 -0.660488406 0.681617554
10054.020474917 34.497999297 24.530339641 1.345948331 0.197526576 -0.248247209 -0.658932092 0.682030111
10054.053867030 34.457153659 24.534172304 1.340524800 0.201145750 -0.248090701 -0.656863480 0.683023982
10054.087194858 34.415454321 24.537137780 1.333997843 0.205880380 -0.244729252 -0.654885951 0.684722757
10054.120559837 34.386430524 24.538578005 1.330156376 0.209441568 -0.241447421 -0.653626317 0.686010212
10054.153948503 34.345032433 24.539873785 1.325864645 0.213808234 -0.236327785 -0.652287620 0.687718022
10054.187295723 34.303534107 24.539870339 1.322877786 0.216286385 -0.231688934 -0.652026626 0.688768260
10054.220674690 34.274388778 24.539127911 1.322036175 0.216446240 -0.229069074 -0.652782056 0.688878779
10054.254042885 34.232819909 24.537856221 1.323255860 0.214293200 -0.228095458 -0.654980994 0.687786874
10054.287411155 34.189344487 24.537763040 1.326313056 0.209818787 -0.229310490 -0.658216200 0.685670627
10054.320778572 34.160622896 24.537545881 1.328363888 0.206180057 -0.229547783 -0.660889920 0.684121416
10054.354182031 34.124142625 24.538225688 1.330949990 0.200979095 -0.229625128 -0.664857845 0.681794508
10054.387507670 34.088841223 24.539881919 1.334593552 0.195466976 -0.231947333 -0.668990399 0.678560935
10054.420886027 34.064998068 24.541061524 1.338359598 0.191608710 -0.234685646 -0.672030634 0.675709683
10054.454242546 34.030532652 24.542762384 1.343044304 0.187128318 -0.239418004 -0.676410727 0.670917686
10054.487600083 33.995031414 24.544403596 1.346778136 0.184797121 -0.243499608 -0.680374019 0.666069936
10054.520982512 33.969933904 24.545799704 1.347655399 0.184670124 -0.245499925 -0.682653506 0.663031616
10054.554361195 33.931054361 24.549319799 1.347504599 0.186149698 -0.247362565 -0.685155561 0.659334443
10054.587701990 33.891584496 24.554357920 1.346202011 0.188314543 -0.248929991 -0.686716919 0.656499327
10054.621079065 33.865650387 24.558929211 1.344103055 0.189150285 -0.250600764 -0.687495652 0.654806197
10054.654452977 33.829101290 24.567635528 1.340899280 0.188672500 -0.254203166 -0.688337527 0.652667516
10054.687805231 33.789938942 24.579961303 1.335789889 0.185741520 -0.259309123 -0.689290682 0.650489986
10054.721187572 33.763669091 24.588428721 1.330917110 0.182996608 -0.262686386 -0.689897565 0.649268399
10054.754549595 33.728063030 24.603257849 1.323813876 0.179198295 -0.266320243 -0.690098112 0.648634022
10054.787915316 33.688964317 24.618880875 1.317814114 0.177367697 -0.267850471 -0.689379612 0.649270803
10054.821303166 33.661515961 24.630154228 1.314750678 0.177129264 -0.267639435 -0.688356289 0.650507476
10054.854662405 33.621534670 24.647387812 1.311781214 0.176922486 -0.266242687 -0.686412123 0.653185780
10054.888040308 33.580441668 24.666148921 1.311867596 0.177075509 -0.264294249 -0.683780107 0.656686821
10054.921406664 33.553067950 24.678227072 1.313334226 0.178273062 -0.261687935 -0.681771778 0.659488728
10054.954765850 33.511723728 24.692164473 1.316027894 0.181831026 -0.255026805 -0.678777850 0.664198342
10054.988135479 33.473892211 24.705121613 1.319274075 0.186446766 -0.247059005 -0.675235179 0.669519906
10055.021500891 33.434576958 24.718141668 1.326040992 0.191449458 -0.240612421 -0.670509156 0.675181634
10055.054873174 33.409367643 24.726509458 1.332105854 0.194675788 -0.237628305 -0.666799558 0.678978995
10055.088232778 33.375925491 24.740955828 1.341449374 0.199848745 -0.234551308 -0.660542656 0.684638272
10055.121622444 33.339356648 24.753730522 1.349917280 0.207009385 -0.230834563 -0.652623840 0.691335405
10055.154987909 33.314139316 24.761901713 1.353838277 0.212657119 -0.227629327 -0.646918652 0.696030241
10055.188350250 33.277753212 24.774649946 1.357226701 0.220994161 -0.223182314 -0.638464992 0.702647628
10055.221726583 33.236996233 24.789810224 1.357406097 0.229253067 -0.219310420 -0.629565735 0.709219964
10055.255074461 33.210737894 24.797936502 1.356642341 0.233470080 -0.217704774 -0.624514768 0.712795664
10055.288437899 33.170668793 24.811493481 1.353427291 0.238143787 -0.216910795 -0.617754069 0.717368214
10055.321821054 33.132521968 24.821646239 1.348896623 0.241017213 -0.217231232 -0.612875924 0.720488998
10055.355190550 33.104188817 24.827685646 1.345439635 0.242671082 -0.217599025 -0.610194357 0.722097124
10055.388546955 33.063997834 24.834675308 1.340268640 0.244558184 -0.218155008 -0.607619508 0.723462661
10055.421940309 33.023661369 24.839509814 1.334885601 0.246227003 -0.217966601 -0.606455510 0.723929926
10055.455310081 32.994345145 24.841362480 1.332136760 0.247205740 -0.217158814 -0.606470705 0.723826399
10055.488665808 32.953293103 24.840474499 1.329122994 0.248211311 -0.215424571 -0.608016401 0.722702882
10055.522047301 32.910966479 24.838280724 1.325659316 0.248351726 -0.212765019 -0.611410565 0.720575872
10055.555402825 32.880988532 24.836364199 1.323216060 0.247674178 -0.210500683 -0.614742861 0.718636333
10055.588758768 32.841239383 24.833286706 1.321841486 0.245563480 -0.208838988 -0.620915058 0.714527358
10055.622135118 32.797126963 24.831112338 1.322933958 0.241784683 -0.209434983 -0.627681393 0.709713480
10055.655492076 32.772190577 24.830819978 1.324704244 0.238877239 -0.210050957 -0.632282619 0.706424058
10055.688859182 32.735498586 24.829619216 1.328627470 0.233788123 -0.212387622 -0.639424055 0.700978951
10055.722266988 32.700565100 24.829484213 1.333872426 0.227533136 -0.217828619 -0.647004289 0.694380886
10055.755613132 32.677865895 24.828021129 1.338164855 0.222802357 -0.222966579 -0.652505831 0.689116213
10055.788982223 32.642925441 24.826492791 1.344737218 0.216386514 -0.231327129 -0.660642874 0.680599463
10055.822338802 32.608351011 24.826428349 1.351035818 0.211939816 -0.238613748 -0.668441142 0.671812052
10055.855702909 32.585249490 24.823579912 1.353315287 0.210525383 -0.241884413 -0.673070985 0.666443128
10055.889071593 32.549507492 24.820337102 1.355595809 0.210751320 -0.244237939 -0.679378762 0.659072232
10055.922440017 32.513326975 24.817166389 1.355114697 0.212353389 -0.244601425 -0.684646728 0.652943366
10055.955807823 32.490546218 24.815936244 1.353069610 0.212793483 -0.244893295 -0.687812331 0.649353837
10055.989189226 32.455996416 24.818551081 1.346292316 0.211130887 -0.246546642 -0.692454663 0.644317500
10056.022559524 32.424691088 24.820841759 1.339760471 0.205807750 -0.249952867 -0.697445156 0.639325417
10056.055915869 32.402843216 24.823017758 1.334419923 0.200394195 -0.252999994 -0.701106843 0.635832025
10056.089279567 32.374137422 24.827945535 1.328075445 0.190509355 -0.258265905 -0.706416735 0.630856802
10056.122657800 32.346567423 24.834742460 1.320494876 0.178935893 -0.263502576 -0.711671898 0.626156089
10056.156007367 32.328744583 24.839440791 1.315865298 0.171255378 -0.266176758 -0.714889306 0.623502052
10056.189373485 32.299790638 24.846501542 1.311211326 0.161215216 -0.269336222 -0.719077288 0.619996377
10056.222747863 32.276288729 24.850630139 1.309090108 0.154727137 -0.270582344 -0.722353203 0.617292928
10056.256109167 32.252031843 24.853368428 1.308492152 0.148826608 -0.270912352 -0.725708520 0.614657858
10056.289480934 32.225560707 24.856423374 1.309393851 0.141921506 -0.273121671 -0.729584353 0.610712298
10056.322852489 32.199751770 24.859018463 1.314734595 0.135255529 -0.277998027 -0.733375169 0.605461725
10056.356235352 32.180744865 24.860135295 1.319758758 0.131348502 -0.282247731 -0.736042070 0.601103868
10056.389586180 32.153028536 24.860831628 1.327717310 0.128680676 -0.287526868 -0.739703534 0.594649700
10056.422951368 32.126103212 24.860441762 1.334029743 0.129641279 -0.291448501 -0.743731977 0.587463749
10056.456317001 32.106395565 24.858932399 1.337924031 0.131560285 -0.293707554 -0.746858625 0.581919202
10056.489681522 32.078794211 24.854818803 1.342641656 0.134628033 -0.297498478 -0.752011464 0.572580742
10056.523071522 32.045749180 24.850222980 1.346149624 0.135903609 -0.303619524 -0.758500691 0.560376744
10056.556424975 32.026570737 24.846737435 1.347845146 0.135375951 -0.308058145 -0.763049844 0.551840979
10056.589786812 31.993584840 24.839919010 1.349729395 0.133310602 -0.315476606 -0.770987554 0.536918045
10056.623216019 31.960435235 24.833386274 1.351846644 0.130560830 -0.321719436 -0.779483006 0.521398808
10056.656536032 31.938752524 24.826954603 1.352010103 0.128554928 -0.325021074 -0.785565592 0.510609080
10056.689913550 31.906058210 24.816396117 1.353553627 -0.125431533 0.328698807 0.794382134 -0.495157602
10056.723278491 31.872108972 24.805250366 1.353250931 -0.121391557 0.331698824 0.804206130 -0.478008872
10056.756624941 31.848155002 24.797497167 1.352955971 -0.118278119 0.332681251 0.811020512 -0.466453858
10056.789992875 31.815293760 24.783969914 1.350482277 -0.112462297 0.333815249 0.820773231 -0.449723154
10056.823364646 31.782096363 24.773146122 1.351269072 -0.101568060 0.337472479 0.830790879 -0.430793188
10056.856744541 31.760956121 24.766768488 1.352040527 -0.091495543 0.341486997 0.837169684 -0.417327350
10056.890109373 31.730693451 24.758911341 1.353534237 -0.076184901 0.346561976 0.845844703 -0.398293103
10056.923468114 31.701544205 24.752157218 1.355362573 -0.062127110 0.350431990 0.853913457 -0.379696524
10056.956846469 31.683497724 24.747971056 1.357041430 -0.053967225 0.353078765 0.858601876 -0.367730530
10056.990210515 31.657589111 24.744465045 1.361784635 -0.044753278 0.356359770 0.864591040 -0.351407444
10057.023565700 31.632244773 24.743891172 1.368383931 -0.039815593 0.358587091 0.869812448 -0.336535768
10057.056926537 31.614947261 24.745453516 1.373066123 -0.038903892 0.359397898 0.873063841 -0.327229535
10057.090299720 31.589492648 24.745147212 1.376190013 -0.040011850 0.359679564 0.877560764 -0.314510364
10057.123674091 31.567377331 24.748964917 1.377904225 -0.041400876 0.359799904 0.881277274 -0.303612192
10057.157045073 31.553847948 24.751589969 1.378497725 -0.041107608 0.360072019 0.883660014 -0.296316191
10057.190414286 31.538906187 24.761413803 1.377349664 -0.038859347 0.360623948 0.886563456 -0.287133345
10057.223766285 31.527118842 24.769387637 1.375004636 -0.034000042 0.361617386 0.889073989 -0.278611389
10057.257136136 31.520986256 24.776326999 1.374383021 -0.029377667 0.362864689 0.890494590 -0.272920419
10057.290494769 31.517052117 24.786943905 1.377598242 -0.022874704 0.364837262 0.891998808 -0.265910975
10057.323861548 31.511819656 24.796110351 1.379130878 -0.017881259 0.366068177 0.893427930 -0.259732331
10057.357230728 31.505677872 24.799960845 1.379118619 -0.015774252 0.366539765 0.894425413 -0.255740014
10057.390591363 31.496217158 24.804745995 1.380083511 -0.014607247 0.367031417 0.895555060 -0.251108944
10057.423963623 31.491119356 24.811918315 1.384022451 -0.015434317 0.367553438 0.896042992 -0.248542164
10057.457330186 31.485793381 24.814292930 1.386382346 -0.017721820 0.367623373 0.896206859 -0.247693881
10057.490686857 31.480262825 24.819603697 1.389238777 -0.023261218 0.367608312 0.895854039 -0.248532868
10057.524063238 31.473773196 24.821794927 1.392892842 -0.030248399 0.367760142 0.895012569 -0.250579354
10057.557425616 31.469244196 24.823344465 1.394587036 -0.035357143 0.368132242 0.894034419 -0.252845767
10057.590790856 31.463921569 24.825045662 1.396650473 -0.042370594 0.369022495 0.892202417 -0.256908501
10057.624163106 31.458950101 24.826008073 1.398090718 -0.049651761 0.370303370 0.889666141 -0.262496237
10057.657522130 31.456099206 24.825330715 1.399189960 -0.054507153 0.371122842 0.887794970 -0.266677515
10057.690889214 31.451708771 24.823716954 1.400161354 -0.062292607 0.372448998 0.884403717 -0.274283502
10057.724275087 31.448167882 24.821857482 1.402511262 -0.070488606 0.373729665 0.880389383 -0.283323188
10057.757627371 31.446259993 24.818327531 1.403467289 -0.076263056 0.374559951 0.877347931 -0.290085156
10057.790984540 31.443860175 24.812530586 1.405061564 -0.084947067 0.375606728 0.872382434 -0.301085488
10057.824363389 31.442146106 24.805983621 1.406458675 -0.094498189 0.375968006 0.866873697 -0.313445600
10057.857724484 31.441189550 24.800912260 1.406657363 -0.101547207 0.375616694 0.862860491 -0.322601978
10057.891086642 31.440511034 24.792322318 1.406310576 -0.112847685 0.374377687 0.856149408 -0.337809026
10057.924457078 31.439384601 24.782509635 1.405802295 -0.123258850 0.373198325 0.848983078 -0.353210984
10057.957820655 31.438599542 24.775962257 1.405328598 -0.129621932 0.372505354 0.843826284 -0.363861399
10057.991192069 31.436225867 24.764203934 1.404392761 -0.137741495 0.372031745 0.835590127 -0.380011580
10058.024561994 31.435182308 24.755496289 1.404015278 -0.143713264 0.372863135 0.826548541 -0.396405210
10058.057936443 31.433665580 24.749045512 1.404242320 -0.146403719 0.374153130 0.820388229 -0.406864277
10058.091305700 31.432167997 24.743215390 1.405022157 -0.150048850 0.376769393 0.810198523 -0.423212145
10058.124658444 31.429481139 24.737049025 1.405288054 -0.154906675 0.378567338 0.799508372 -0.439860269
10058.158024470 31.427094154 24.732631011 1.405366864 -0.159786956 0.378748527 0.791829126 -0.451690510
10058.191399874 31.424050740 24.729001907 1.404819300 -0.168691357 0.377769929 0.780328596 -0.468956703
10058.224762653 31.419298384 24.724899237 1.404613481 -0.179088695 0.375388718 0.768158764 -0.486767566
10058.258123214 31.414883901 24.722006605 1.404691376 -0.185691934 0.373250127 0.760135720 -0.498393956
10058.291503632 31.409159464 24.719846868 1.404080046 0.193936430 -0.369879880 -0.748888684 0.514532093
10058.324864362 31.403130821 24.719955664 1.403104519 0.200708192 -0.366227569 -0.738436859 0.529437998
10058.358244468 31.397720223 24.719697411 1.402592984 0.205338079 -0.363155339 -0.731135991 0.539809815
10058.391612369 31.388855692 24.719757151 1.401030259 0.211784996 -0.357727781 -0.721157497 0.554174896
10058.424961450 31.379242438 24.721353356 1.398900584 0.218221196 -0.350882314 -0.711080922 0.568880510
10058.458325483 31.372164936 24.722238627 1.397513774 0.221753738 -0.346377515 -0.705140051 0.577603156
10058.491704932 31.361513798 24.725103423 1.394891448 0.226183297 -0.339698484 -0.696467173 0.590236845
10058.525059545 31.349768751 24.728632041 1.392373149 0.229090088 -0.334085293 -0.688908599 0.601090418
10058.558424508 31.340310856 24.731165822 1.390776365 0.230498439 -0.330699163 -0.684148997 0.607822904
10058.591804208 31.326365990 24.735731142 1.388594513 0.231808942 -0.326736330 -0.677967420 0.616334457
10058.625156774 31.310178138 24.741841269 1.386039023 0.232717360 -0.323272058 -0.672149471 0.624141727
10058.658531576 31.298047268 24.746200777 1.384026278 0.233297045 -0.321129124 -0.668503341 0.628929136
10058.691917978 31.278465863 24.753446887 1.380826137 0.234198718 -0.317920174 -0.663417438 0.635574564
10058.725287804 31.257807256 24.761549902 1.377316121 0.235207607 -0.314450769 -0.658429064 0.642081976
10058.758625591 31.242351876 24.766473359 1.374991955 0.236201139 -0.311755209 -0.655163354 0.646358021
10058.792012795 31.216803461 24.776011821 1.370223531 0.237856704 -0.306846386 -0.649885693 0.653389677
10058.825364361 31.191209519 24.787342860 1.365965140 0.238941138 -0.302158246 -0.644740467 0.660240303
10058.858730031 31.171752003 24.795423405 1.362980142 0.239014640 -0.299398127 -0.641140367 0.664959994
10058.892129703 31.143506698 24.808353815 1.359371460 0.237564987 -0.296670383 -0.636108847 0.671502119
10058.925471984 31.113310814 24.823945235 1.356052381 0.234090997 -0.295369405 -0.631209725 0.677888341
10058.958839647 31.091564895 24.835485411 1.355203297 0.230864511 -0.295594952 -0.627731061 0.682113566
10058.992288417 31.060996352 24.850895575 1.355320486 0.226372387 -0.295175431 -0.623053745 0.688063251
10059.025564920 31.033012879 24.862991646 1.355577473 0.223665965 -0.291784844 -0.618755486 0.694245482
10059.058929407 31.005555781 24.872982796 1.356969619 0.223028096 -0.286148810 -0.614447548 0.700593704
10059.092326435 30.987324998 24.878504841 1.359575058 0.223304143 -0.282098549 -0.611435133 0.704771414
10059.125668766 30.961711971 24.886562448 1.364744698 0.224498728 -0.276323966 -0.606885608 0.710587958
10059.159031017 30.937112703 24.894071707 1.370555010 0.226784478 -0.269830903 -0.602297672 0.716238507
10059.192421456 30.920939850 24.898325274 1.373440572 0.228860948 -0.265339420 -0.599275831 0.719782007
10059.225764414 30.898221789 24.903734922 1.377449935 0.232018758 -0.258974220 -0.595275755 0.724393833
10059.259128350 30.875019747 24.908892834 1.379624163 0.234771090 -0.253580025 -0.591736080 0.728304962
10059.292517895 30.859184204 24.912815822 1.380166261 0.235796610 -0.250879519 -0.589694281 0.730561483
10059.325876330 30.835370266 24.919089977 1.379156543 0.236020283 -0.248780076 -0.587212306 0.733201614
10059.359239539 30.809970952 24.924343743 1.377500852 0.234654901 -0.249013890 -0.585569083 0.734872784
10059.392619929 30.792241288 24.927691441 1.375958314 0.233141347 -0.250126372 -0.584755815 0.735623916
10059.425970241 30.767107122 24.932352143 1.373477213 0.231152803 -0.251464974 -0.583742741 0.736599050
10059.459336037 30.740414450 24.935980253 1.370018728 0.230464159 -0.250392708 -0.582630757 0.738059052
10059.492736952 30.721719362 24.937357224 1.367058487 0.231152324 -0.247903051 -0.581710878 0.739408638
10059.526071611 30.693211430 24.939024518 1.363334619 0.233484482 -0.242375429 -0.580321065 0.741597337
10059.559447860 30.664592132 24.939055575 1.360257979 0.236048175 -0.236671695 -0.579393752 0.743350959
10059.592835768 30.643843782 24.937735806 1.358311580 0.237363102 -0.233391896 -0.579287217 0.744051948
10059.626172626 30.614217402 24.936135209 1.356075654 0.238371257 -0.229560607 -0.580032041 0.744341255
10059.659531116 30.582807065 24.932334071 1.355180530 0.238934187 -0.226172696 -0.581643412 0.743940392
10059.692920406 30.560210896 24.928222131 1.355567809 0.239581358 -0.224021654 -0.583118994 0.743227630
10059.726277201 30.526161056 24.920673112 1.358398738 0.241374175 -0.220639175 -0.585673000 0.741649512
10059.759632410 30.493788935 24.913181434 1.363337325 0.244377104 -0.216283982 -0.588151543 0.739985697
10059.793021211 30.471285146 24.907754179 1.366337593 0.246543196 -0.212851448 -0.589396557 0.739271542
10059.826378631 30.441001283 24.903593805 1.371561082 0.248952229 -0.208511535 -0.590421831 0.738882798
10059.859744554 30.412696226 24.902147061 1.376398181 0.250405210 -0.205823498 -0.590732261 0.738897364
10059.893135637 30.392287088 24.901017761 1.379618595 0.250904850 -0.204782829 -0.590995285 0.738806688
10059.926475136 30.361897214 24.902463766 1.382328725 0.250469123 -0.205490015 -0.591563270 0.738303440
10059.959833240 30.334389073 24.903263659 1.384382544 0.248980243 -0.207703017 -0.592221131 0.737660103
10059.993222211 30.314020183 24.903706986 1.384705697 0.247926022 -0.209451793 -0.592546923 0.737258963
10060.026572103 30.283520579 24.906303454 1.384800766 0.247349397 -0.211217078 -0.592422635 0.737048874
10060.059936540 30.252916845 24.909208957 1.383258908 0.248007287 -0.211737450 -0.591530434 0.737394998
10060.093324601 30.231759435 24.910688903 1.381916913 0.248829105 -0.211713182 -0.590686429 0.737801564
10060.126672049 30.201814688 24.914682096 1.378024996 0.249592313 -0.212272375 -0.589206091 0.738566380
10060.160043489 30.168684743 24.918564381 1.374383011 0.249118054 -0.213848839 -0.588329888 0.738970102
10060.193440203 30.146371574 24.921327197 1.370539229 0.247771994 -0.215868206 -0.588078564 0.739035561
10060.226775553 30.113911286 24.925426769 1.364760584 0.244945752 -0.219195877 -0.588095302 0.738984886
10060.260136973 30.079144889 24.929654258 1.357838959 0.241237374 -0.222610807 -0.588590975 0.738789295
10060.293533799 30.056350462 24.932121550 1.354113644 0.238871228 -0.224566508 -0.588994193 0.738644881
10060.326880866 30.020798979 24.935668963 1.350040944 0.235896484 -0.226358956 -0.589527838 0.738628052
10060.360274977 29.984691266 24.938416897 1.346854389 0.234115649 -0.225385201 -0.589842337 0.739241092
10060.393646712 29.961135076 24.940267704 1.344715821 0.233461282 -0.223343888 -0.589777966 0.740118429
10060.426979327 29.925670756 24.942955622 1.343895036 0.233567249 -0.218864384 -0.589105668 0.741956355
10060.460348591 29.890511828 24.944375143 1.344918864 0.234163301 -0.212965999 -0.588094435 0.744283526
10060.493745882 29.867889289 24.944665738 1.345542511 0.233957553 -0.209301892 -0.587253429 0.746049591
10060.527081637 29.837423934 24.945335858 1.348349900 0.232541018 -0.206010319 -0.585830726 0.748523068
10060.560449631 29.807713003 24.946474187 1.353935166 0.230751305 -0.204643515 -0.583414891 0.751333436
10060.593857380 29.788669923 24.947443703 1.357744785 0.230462249 -0.203600172 -0.581051959 0.753533505
10060.627182816 29.762968909 24.949715254 1.362204593 0.232000477 -0.200877039 -0.576831331 0.757026954
10060.660555941 29.735164712 24.950107405 1.366778362 0.235774446 -0.196289519 -0.572040111 0.760691098
10060.693953291 29.719086666 24.949956818 1.369584484 0.238558237 -0.193673528 -0.569271113 0.762568641
10060.727302666 29.692337176 24.949121026 1.372851218 0.242835082 -0.190567954 -0.565632501 0.764705729
10060.760650707 29.666292821 24.947938005 1.375629678 0.246679638 -0.188778912 -0.562678553 0.766096942
10060.794042084 29.647442665 24.945798303 1.376910193 0.249109800 -0.188215031 -0.561005561 0.766676053
10060.827384086 29.618974597 24.942413084 1.378243695 0.252795283 -0.187713800 -0.558734743 0.767250651
10060.860757454 29.589308381 24.938302099 1.379105989 0.257037423 -0.186655460 -0.556451989 0.767758221
10060.894127790 29.571314131 24.934732390 1.379646585 0.259765964 -0.185593360 -0.555019859 0.768133911
10060.927486184 29.543125371 24.928865233 1.379531403 0.263628687 -0.184083917 -0.553216143 0.768482222
10060.960868290 29.515376550 24.923094623 1.376996665 0.266291481 -0.183574025 -0.552025067 0.768542614
10060.994317128 29.495416977 24.917187835 1.374971342 0.267396113 -0.183471544 -0.551685888 0.768427090
10061.027581385 29.466553462 24.908242227 1.370702156 0.268304744 -0.183114099 -0.551835743 0.768087953
10061.060971240 29.436805057 24.897169724 1.365332022 0.268287998 -0.182789194 -0.552612830 0.767612351
10061.094372143 29.416150939 24.888644233 1.362469163 0.267654845 -0.183234598 -0.553501301 0.767086877
10061.127687588 29.386658272 24.875501510 1.359495366 0.266165141 -0.184467517 -0.555423953 0.765919111
10061.161077278 29.357631365 24.860889363 1.357314504 0.264789616 -0.184483051 -0.557948241 0.764556226
10061.194433848 29.336574366 24.847869550 1.355429842 0.264140080 -0.182983590 -0.560015648 0.763629162
10061.227788426 29.307235908 24.827988292 1.352809892 0.263362573 -0.178848360 -0.563666572 0.762189881
10061.261187601 29.274218461 24.808020530 1.353553620 0.261996886 -0.176168506 -0.568055035 0.760023530
10061.294538741 29.251840233 24.793660075 1.355137695 0.259960519 -0.176187109 -0.571236190 0.758332280
10061.327888109 29.222400900 24.779093923 1.358204879 0.256479708 -0.177700454 -0.575643744 0.755827353
10061.361309571 29.193382494 24.764544036 1.360845275 0.252689039 -0.178953177 -0.579980302 0.753489787
10061.394637513 29.173382775 24.753640798 1.362009682 0.249564096 -0.180011714 -0.583341228 0.751682484
10061.428006314 29.146563175 24.741536745 1.363700037 0.243696444 -0.184168522 -0.588631399 0.748469822
10061.461365193 29.122513768 24.733100569 1.365949794 0.236139216 -0.192261263 -0.594495670 0.744210170
10061.494727220 29.104375947 24.725503080 1.368101862 0.229718504 -0.200004690 -0.599570253 0.740096646
10061.528088653 29.079584016 24.715916977 1.371799408 0.221555621 -0.211086989 -0.606546703 0.733795944
10061.561477984 29.053454388 24.706948847 1.374947267 0.216048370 -0.219756587 -0.613011338 0.727493810
10061.594833137 29.034746862 24.699323049 1.376574806 0.214397494 -0.223281344 -0.617054174 0.723479995
10061.628189273 29.008188869 24.690345320 1.378096048 0.214990629 -0.225016455 -0.622109041 0.718419769
10061.661558658 28.983221412 24.682498533 1.378304003 0.216691896 -0.224601006 -0.626571974 0.714147444
10061.694936547 28.964292681 24.676134679 1.377393097 0.217430281 -0.224628090 -0.629769635 0.711095283
10061.728317417 28.937779691 24.669724887 1.373769591 0.216493716 -0.226538292 -0.634576864 0.706486430
10061.761662797 28.908901973 24.663930848 1.369935553 0.212365076 -0.231130487 -0.640480288 0.700902827
10061.795030879 28.889339975 24.661082872 1.366152481 0.208116867 -0.235239693 -0.644826476 0.696813083
10061.828389743 28.860795514 24.657765628 1.360533086 0.201261472 -0.241114780 -0.651190514 0.690875095
10061.861772280 28.830711122 24.655054988 1.355469820 0.195512662 -0.245277502 -0.656974289 0.685564387
10061.895132164 28.810325924 24.653567037 1.352549432 0.192443824 -0.246772147 -0.660594549 0.682410231
10061.928488869 28.780485432 24.651625365 1.348573760 0.189009368 -0.247422887 -0.665362771 0.678490793
10061.961863089 28.750239038 24.651338962 1.345176270 0.185120624 -0.247884509 -0.670030406 0.674790990
10061.995247073 28.729872147 24.652244663 1.344736572 0.181699846 -0.249663078 -0.672939573 0.672165043
10062.028589159 28.698192926 24.653099871 1.346836591 0.175931823 -0.254066182 -0.677430885 0.667522108
10062.061960178 28.667014295 24.652741234 1.350010482 0.170774433 -0.258010553 -0.682081547 0.662594455
10062.095333067 28.645984605 24.652550858 1.351723425 0.167766910 -0.259947982 -0.685196310 0.659384052
10062.128690651 28.615832271 24.652047307 1.354063085 0.165393356 -0.261512461 -0.688931312 0.655461606
10062.162071878 28.585339790 24.651832805 1.358292029 0.166275749 -0.261634953 -0.691701325 0.652264367
10062.195435972 28.565946157 24.652092481 1.361831535 0.168392099 -0.261027993 -0.692806501 0.650790012
10062.228786441 28.536714709 24.652868142 1.367412342 0.172805063 -0.260104479 -0.693615625 0.649138995
10062.262163080 28.507984006 24.654540430 1.372600843 0.177173141 -0.259940810 -0.693778981 0.647851201
10062.295522033 28.487195404 24.656021280 1.375735180 0.179829156 -0.260651515 -0.693663239 0.646957165
10062.328888474 28.458195677 24.659101096 1.379497913 0.182670948 -0.262611470 -0.693265283 0.645793921
10062.362284153 28.427712924 24.663660313 1.381720917 0.184821606 -0.265199767 -0.692543200 0.644898422
10062.395625981 28.406793163 24.666708142 1.382377024 0.186112484 -0.266804123 -0.692015663 0.644431552
10062.428990258 28.377565044 24.671037086 1.382422573 0.187850794 -0.268483256 -0.690937012 0.644387202
10062.462382435 28.346904523 24.675819639 1.380720745 0.190238124 -0.268548046 -0.689605987 0.645085255
10062.495734859 28.325195619 24.678601172 1.378360737 0.192158386 -0.267515754 -0.688689771 0.645923273
10062.529093007 28.294147642 24.682521706 1.374245987 0.195079259 -0.264638908 -0.687091198 0.647932108
10062.562465658 28.261971721 24.686378256 1.370424611 0.197812501 -0.260384123 -0.685192962 0.650830952
10062.595834938 28.239491011 24.688865217 1.367887897 0.199163356 -0.257435026 -0.683839741 0.653011771
10062.629188870 28.208368411 24.692253317 1.364828779 0.200086390 -0.253167417 -0.681971535 0.656343295
10062.662579080 28.175386099 24.694917257 1.362283416 0.199977895 -0.248549143 -0.680282118 0.659885146
10062.695928643 28.150783288 24.695862508 1.360294313 0.199487226 -0.244782976 -0.679510242 0.662232567
10062.729305491 28.116135739 24.696591216 1.358421523 0.197903103 -0.239816294 -0.678981130 0.665061750
10062.762697042 28.080180549 24.697320583 1.357437486 0.194305451 -0.236802300 -0.679139598 0.667037832
10062.796060042 28.055201510 24.698145893 1.357219753 0.191047912 -0.235625134 -0.679521527 0.668005977
10062.829409806 28.021591510 24.700012376 1.356430268 0.186355919 -0.233718996 -0.679895221 0.669618840
10062.862764775 27.990138930 24.702696651 1.355437884 0.182375592 -0.231590410 -0.679804056 0.671544095
10062.896126658 27.968877075 24.705130274 1.355763681 0.179965875 -0.230544374 -0.679631173 0.672728061
10062.929495372 27.939978314 24.708907328 1.357893223 0.177232812 -0.229961162 -0.679181849 0.674105638
10062.962865252 27.909425228 24.712892132 1.361200334 0.175427579 -0.229971438 -0.678573266 0.675186363
10062.996227096 27.888608338 24.715931449 1.363356617 0.175041630 -0.229862963 -0.678056534 0.675842277
10063.029590333 27.858811003 24.719925612 1.366297742 0.175721898 -0.228882567 -0.676992756 0.677063804
10063.062983417 27.828183981 24.723222173 1.367281211 0.177370391 -0.226798069 -0.675598373 0.678726174
10063.096333418 27.807219517 24.726340333 1.366554763 0.178396455 -0.224938725 -0.674653904 0.680014253
10063.129686864 27.776547640 24.730799080 1.364291450 0.178908673 -0.222853944 -0.673363406 0.681842746
10063.163081327 27.745103889 24.735933082 1.360497363 0.177481349 -0.222108165 -0.672309400 0.683497187
10063.196423275 27.716575277 24.741715173 1.354904201 0.174436527 -0.222171861 -0.671677496 0.684880211
10063.229799443 27.696826151 24.746296666 1.349243085 0.171775696 -0.221890846 -0.671460641 0.685855794
10063.263183443 27.668588172 24.752862969 1.339539072 0.167449611 -0.220843566 -0.671389135 0.687332072
10063.296524784 27.641155564 24.759603827 1.328667784 0.162606313 -0.219470399 -0.671469563 0.688854526
10063.329887425 27.621987713 24.764303398 1.321354094 0.159449902 -0.218010104 -0.671620744 0.689907892
10063.363315926 27.596133242 24.770984247 1.309846668 0.155069116 -0.214805659 -0.672061952 0.691480174
10063.396627982 27.568596313 24.777519272 1.298101313 0.150018490 -0.211313771 -0.672527421 0.693215559
10063.429984142 27.549313954 24.782931298 1.291646565 0.146400194 -0.209534327 -0.672748942 0.694313481
10063.463361406 27.522576849 24.790515485 1.284745540 0.142077099 -0.207191945 -0.673092305 0.695580581
10063.496715484 27.493051907 24.797018997 1.279888395 0.138829437 -0.203859312 -0.673455101 0.696868707
10063.530081657 27.472274852 24.801146153 1.277948270 0.136812311 -0.201975615 -0.673533746 0.697739590
10063.563453413 27.441863542 24.807124506 1.277137585 0.134710788 -0.200095819 -0.673421972 0.698797191
10063.596819491 27.411614557 24.812546599 1.280116013 0.134357649 -0.200025781 -0.672804482 0.699479691
10063.630177343 27.391851607 24.816097734 1.284070919 0.135006712 -0.201469119 -0.671975063 0.699737734
10063.663549481 27.360067448 24.821882495 1.293932350 0.137597014 -0.206003101 -0.669937554 0.699866742
10063.696923242 27.330386838 24.826859367 1.306041735 0.142539990 -0.211880344 -0.667345311 0.699599390
10063.730300638 27.307581647 24.830071287 1.314285351 0.147750461 -0.215906249 -0.665212106 0.699319060
10063.763650259 27.274601131 24.833333768 1.325303774 0.157788445 -0.220215031 -0.661897632 0.698927515
10063.797010657 27.242581933 24.835194304 1.335442316 0.169858934 -0.222721580 -0.658710517 0.698314754
10063.830374613 27.219869726 24.835391152 1.340835221 0.177826829 -0.224193359 -0.656664602 0.697786899
10063.863760212 27.185449875 24.834383238 1.347711313 0.188606233 -0.226685142 -0.654206157 0.696459503
10063.897120115 27.152716935 24.833505363 1.351848222 0.196020123 -0.230062326 -0.652657666 0.694755647
10063.930470514 27.129374930 24.832683989 1.353305081 0.199374684 -0.232764007 -0.652020269 0.693498537
10063.963843791 27.095051377 24.831284543 1.353513061 0.202244710 -0.236369838 -0.651568877 0.691870201
10063.997238278 27.059511483 24.828369063 1.351664750 0.203284613 -0.238992655 -0.651701062 0.690538633
10064.030567638 27.037233232 24.825823031 1.349903016 0.203182471 -0.240005490 -0.652013952 0.689921774
10064.063939830 27.002006965 24.820796359 1.345936965 0.202083651 -0.240378708 -0.652806835 0.689364571
10064.097304557 26.969084763 24.814440427 1.341228411 0.200141268 -0.239187262 -0.654039410 0.689177318
10064.130667801 26.946518768 24.809158424 1.337534255 0.198227538 -0.237715953 -0.655260456 0.689079606
10064.164042408 26.912548446 24.799931048 1.332865684 0.193856974 -0.235335561 -0.657974064 0.688554122
10064.197426785 26.876672089 24.790305957 1.330638346 0.187170733 -0.236115810 -0.661303118 0.686945869
10064.230770737 26.852418046 24.784023674 1.330638454 0.181276069 -0.238492829 -0.663728549 0.685364553
10064.264135455 26.814549663 24.774187173 1.331893268 0.172219797 -0.242365373 -0.667038052 0.683124882
10064.297496046 26.776624968 24.764340916 1.331584635 0.166036644 -0.242144428 -0.669971173 0.681862549
10064.330863088 26.753178271 24.757205066 1.331293418 0.163553645 -0.240759510 -0.671434202 0.681513885
10064.364230575 26.719185773 24.747850474 1.333970230 0.159965242 -0.240525559 -0.673465525 0.680443064
10064.397592284 26.685515491 24.740435982 1.338344451 0.155238562 -0.243879110 -0.675302503 0.678520817
10064.430958389 26.662804623 24.736039676 1.342019377 0.151783680 -0.247492548 -0.676492584 0.676806426
10064.464330187 26.626436206 24.730431309 1.347481577 0.148307583 -0.253143671 -0.678129914 0.673841942
10064.497697675 26.590550151 24.725179429 1.352699042 0.148756702 -0.257069432 -0.679022887 0.671352865
10064.531064282 26.565209728 24.721384145 1.355567955 0.151662351 -0.258253303 -0.679225104 0.670042552
10064.564424523 26.527341884 24.716307331 1.359127102 0.158731633 -0.258869835 -0.678677098 0.668721223
10064.597801854 26.486881782 24.712855976 1.362215956 0.167115765 -0.260001132 -0.677326971 0.667607599
10064.631178703 26.459923861 24.711981000 1.363520792 0.172045051 -0.262078596 -0.676186255 0.666698927
10064.664530513 26.419073041 24.712186274 1.365255173 0.178447445 -0.267866505 -0.674124741 0.664800630
10064.697896543 26.376620800 24.713536163 1.366591586 0.183559837 -0.275512050 -0.672175775 0.662252689
10064.731270036 26.347459196 24.715576566 1.367181441 0.186606638 -0.281080957 -0.670830873 0.660422136
10064.764626146 26.304126781 24.719025617 1.366225785 0.190653001 -0.288139793 -0.668889667 0.658189568
10064.798000275 26.259226488 24.724572638 1.365907794 0.194993833 -0.293884517 -0.666595406 0.656703785
10064.831360253 26.228164160 24.728610655 1.366412150 0.198304673 -0.296569123 -0.664993560 0.656129239
10064.864720478 26.185027001 24.734934913 1.367674455 0.203151117 -0.298656011 -0.662823419 0.655895819
10064.898082896 26.140770839 24.741915919 1.370581621 0.207094175 -0.299787283 -0.660978074 0.656008821
10064.931458584 26.109441196 24.746565700 1.373505685 0.209350674 -0.300244966 -0.659841031 0.656227910
10064.964817286 26.063744453 24.754173043 1.380302455 0.212970223 -0.299796878 -0.657837036 0.657279203
10064.998172508 26.018455571 24.759917887 1.387317340 0.218102361 -0.296246971 -0.655583179 0.659454159
10065.031551599 25.989095419 24.762725973 1.390822403 0.222220796 -0.292259614 -0.653768928 0.661655820
10065.064914560 25.946871233 24.767529876 1.395924203 0.229036853 -0.285120168 -0.650260231 0.665890563
10065.098318802 25.907018496 24.772676876 1.402739627 0.235783641 -0.278650527 -0.645794168 0.670604095
10065.131649023 25.880518819 24.776425955 1.407081018 0.240111662 -0.274985128 -0.642469665 0.673767243
10065.164999585 25.843892852 24.782259139 1.413608695 0.245078327 -0.272026445 -0.637308360 0.678068051
10065.198365407 25.805618103 24.788456947 1.418506926 0.249007814 -0.271211808 -0.632260053 0.681679169
10065.231747456 25.779129923 24.792535349 1.420551082 0.251422416 -0.271299272 -0.628987315 0.683782445
10065.265092423 25.741252292 24.797667515 1.421590040 0.255454065 -0.271320679 -0.624450481 0.686432740
10065.298453680 25.701455718 24.801572893 1.420384421 0.260084696 -0.270705874 -0.620186188 0.688798500
10065.331839650 25.673308748 24.803765592 1.418760356 0.263569360 -0.269855569 -0.617275558 0.690420197
10065.365196402 25.634943594 24.806060192 1.416344856 0.268478091 -0.268023550 -0.613204007 0.692866320
10065.398551390 25.591386565 24.808196669 1.410758961 0.273515610 -0.264794263 -0.608838951 0.695980130
10065.431955837 25.563235004 24.809533632 1.406428557 0.276167611 -0.261826686 -0.606060765 0.698475903
10065.465283787 25.523775284 24.811414065 1.399612587 0.279112383 -0.256485542 -0.601897751 0.702873062
10065.498647956 25.484003145 24.812915269 1.394375175 0.280486607 -0.251582102 -0.598292572 0.707163140
10065.532044229 25.453658966 24.813523554 1.391865348 0.280689413 -0.248945268 -0.596212105 0.709768154
10065.565387726 25.410090682 24.812519115 1.390364474 0.280471991 -0.245184843 -0.594127342 0.712904311
10065.598763773 25.365984566 24.808823461 1.390108555 0.280546474 -0.240660871 -0.593237098 0.715154365
10065.632156614 25.334072477 24.805026649 1.390623001 0.281046106 -0.236782455 -0.593159946 0.716315876
10065.665483962 25.291242606 24.800216181 1.391703624 0.281122458 -0.231383417 -0.593719136 0.717585859
10065.698861987 25.249849382 24.799397509 1.394040043 0.278597584 -0.229103337 -0.594421643 0.718719665
10065.732298286 25.223151730 24.800828479 1.396993760 0.275485440 -0.229322734 -0.594867359 0.719480147
10065.765581897 25.187247133 24.804049274 1.401112610 0.270155719 -0.231790844 -0.596066708 0.719717564
10065.798944676 25.150013662 24.807759889 1.405882067 0.263832438 -0.237574040 -0.597888021 0.718666080
10065.832325854 25.125011009 24.809805370 1.409911789 0.259107285 -0.243468139 -0.599471500 0.717091766
10065.865686405 25.086560800 24.813212789 1.413327423 0.253375663 -0.252613554 -0.601486413 0.714283740
10065.899052839 25.046770942 24.815725834 1.416104619 0.250003485 -0.260274695 -0.602816554 0.711595069
10065.932440963 25.019869300 24.817157576 1.417044771 0.249965571 -0.263357691 -0.602918643 0.710386549
10065.965784954 24.981193553 24.819202374 1.417174933 0.252675338 -0.265009363 -0.602077588 0.709526454
10065.999193858 24.942150469 24.821062765 1.415868367 0.256186496 -0.265769371 -0.600673356 0.709173209
10066.032540833 24.915552597 24.823145475 1.413766782 0.257795064 -0.266991731 -0.599869813 0.708811208
10066.065881903 24.877291574 24.827080466 1.408785065 0.257284613 -0.270959526 -0.599408481 0.707880665
10066.099260155 24.838492659 24.832343795 1.401853394 0.253262984 -0.277380052 -0.600189014 0.706180795
10066.132652721 24.813442484 24.835665814 1.397594347 0.249508942 -0.282107696 -0.601353067 0.704652414
10066.165989784 24.775138428 24.840350029 1.392358261 0.243004665 -0.289179002 -0.603679443 0.702065073
10066.199364218 24.738776837 24.845126605 1.388050568 0.236836509 -0.293978475 -0.606591927 0.699665176
10066.232735657 24.713347693 24.848051773 1.386655448 0.233906201 -0.295229890 -0.608119898 0.698797103
10066.266082563 24.681694244 24.850209784 1.388288914 0.233803927 -0.292687370 -0.609514790 0.698685585
10066.299455956 24.645716696 24.848562049 1.392006617 0.238683362 -0.284282646 -0.609615152 0.700416302
10066.332848567 24.622592467 24.846330371 1.393734755 0.242983588 -0.276831259 -0.609035829 0.702423511
10066.366192156 24.591144978 24.843154728 1.397034915 0.247521247 -0.267512489 -0.607974781 0.705363004
10066.399548034 24.560448034 24.841685100 1.402772628 0.250023273 -0.262909236 -0.606212382 0.707724272
10066.432932522 24.540059722 24.840470439 1.407993043 0.251806929 -0.260793591 -0.604719265 0.709150608
10066.466291183 24.510454603 24.837743928 1.415983357 0.255670305 -0.257670591 -0.601709596 0.711466179
10066.499645029 24.478306185 24.834738559 1.422262362 0.262249002 -0.253269798 -0.597457696 0.714229775
10066.533032976 24.457622886 24.832546122 1.425524517 0.267646595 -0.249664294 -0.593955087 0.716414960
10066.566385452 24.427045375 24.829303417 1.429130825 0.276692711 -0.243593060 -0.587821522 0.720117646
10066.599757270 24.394019141 24.826652460 1.430744179 0.286291260 -0.237915011 -0.580737296 0.724001350
10066.633192589 24.370842085 24.825053089 1.432159554 0.292253138 -0.235384110 -0.575530730 0.726599479
10066.666485921 24.333151498 24.824115176 1.433169371 0.298819851 -0.235073715 -0.567821202 0.730086384
10066.699853273 24.297400681 24.822728490 1.435682269 0.303838280 -0.237249321 -0.559732877 0.733549021
10066.733258780 24.273661290 24.821371627 1.436988956 0.306979487 -0.239060733 -0.554244876 0.735816674
10066.766585481 24.236318035 24.818038746 1.438570712 0.312377771 -0.241143154 -0.545264262 0.739565408
10066.799951615 24.198981304 24.813295638 1.438644700 0.318230590 -0.241668398 -0.535943526 0.743700352
10066.833340512 24.174067158 24.808890757 1.437498814 0.322326338 -0.241168630 -0.529601592 0.746636175
10066.866688858 24.135654958 24.799668829 1.434943969 0.328215878 -0.238997725 -0.519931314 0.751548969
10066.900061655 24.096965798 24.788201579 1.431300396 0.332940895 -0.236255802 -0.511097325 0.756381571
10066.933441870 24.071861729 24.779523633 1.429728064 0.335103058 -0.235314607 -0.505715417 0.759331873
10066.966792930 24.035190694 24.765437282 1.428295307 0.336859703 -0.235152430 -0.498790813 0.763175340
10067.000177118 23.998031939 24.748561292 1.427554366 0.336960307 -0.235346834 -0.492900477 0.766889000
10067.033541327 23.972968643 24.735878866 1.427624883 0.336382220 -0.235476529 -0.489452232 0.769307688
10067.066891069 23.940357816 24.717898143 1.429774438 0.334611286 -0.236370938 -0.485297293 0.772431618
10067.100271277 23.905257811 24.701255067 1.432368094 0.331251307 -0.238336668 -0.481217862 0.775820581
10067.133642310 23.881336267 24.690809307 1.433894129 0.327992479 -0.239845383 -0.478283730 0.778549806
10067.166999245 23.848660634 24.678665450 1.435774737 0.323017734 -0.242454157 -0.474234851 0.782289480
10067.200368774 23.822238243 24.666871537 1.438505037 0.318317263 -0.245467558 -0.470522704 0.785511415
10067.233760238 23.804553782 24.659245384 1.439154096 0.315534816 -0.247448288 -0.468269961 0.787356570
10067.267088779 23.772469122 24.646420868 1.441392333 0.312995234 -0.250067152 -0.464940671 0.789512873
10067.300460001 23.743842930 24.633032450 1.442457917 0.313133726 -0.251146136 -0.461198763 0.791308150
10067.333826918 23.721084665 24.623587004 1.443360331 0.314606147 -0.251230970 -0.458017843 0.792543770
10067.367190064 23.686009279 24.610474926 1.443787015 0.318317332 -0.250418843 -0.452511097 0.794479821
10067.400556361 23.651355683 24.598496309 1.443604721 0.323149011 -0.249226799 -0.446003124 0.796581404
10067.433941370 23.613424338 24.586872498 1.443450451 0.328630972 -0.248451061 -0.438241182 0.798885737
10067.467279110 23.588150568 24.579799804 1.442437507 0.332137085 -0.248322023 -0.432624409 0.800535602
10067.500662364 23.551233975 24.570136326 1.439278744 0.336935998 -0.248462118 -0.424014512 0.803089287
10067.534051853 23.514929099 24.562245505 1.434390730 0.340554951 -0.249228696 -0.415431678 0.805806368
10067.567382244 23.488003894 24.557569987 1.430904596 0.342379967 -0.250230243 -0.409424253 0.807794878
10067.600750059 23.450412565 24.551362910 1.424984491 0.344393643 -0.251840726 -0.400114536 0.811096558
10067.634151256 23.409514917 24.544893015 1.421452249 0.346627156 -0.252776677 -0.390042296 0.814751848
10067.667495326 23.380878600 24.540141164 1.420466712 0.348454798 -0.252279360 -0.382924433 0.817498170
10067.700886867 23.338345671 24.533221304 1.420459548 0.351658071 -0.248421964 -0.370738958 0.822906893
10067.734257204 23.295151472 24.524808146 1.424408830 0.355790007 -0.240939563 -0.357814165 0.829054052
10067.767576132 23.263891527 24.518020106 1.428668233 0.359249523 -0.233591516 -0.347670856 0.833966282
10067.800955611 23.219656047 24.507733648 1.436802166 0.364273735 -0.221040153 -0.332380558 0.841408974
10067.834324677 23.173624225 24.495161271 1.447790840 0.368959811 -0.206961991 -0.315308460 0.849479821
10067.867667162 23.145155523 24.486512635 1.454162335 0.371562979 -0.198324000 -0.304066156 0.854489506
10067.901051265 23.107127105 24.473712220 1.461410335 0.374463115 -0.187867742 -0.288217927 0.861053723
10067.934404482 23.070175490 24.459926670 1.469249928 0.376108823 -0.180603268 -0.272553340 0.866971331
10067.967763860 23.044552224 24.451193594 1.471850902 0.376735202 -0.177664483 -0.262274668 0.870469941
10068.001179079 23.004347073 24.436523816 1.474161104 0.377472576 -0.175414688 -0.247312865 0.874974564
10068.034507884 22.965582629 24.422091006 1.474193206 0.378301363 -0.174432602 -0.232989691 0.878736109
10068.067872128 22.939292196 24.411287928 1.473431481 0.379170367 -0.173711498 -0.222881814 0.881123059
10068.101253279 22.904279137 24.393489691 1.470813829 0.381134531 -0.171869816 -0.207828845 0.884310131
10068.134603376 22.867260472 24.373898365 1.468984720 0.383694364 -0.169188079 -0.192493324 0.887186761
10068.167966165 22.841336692 24.358477184 1.466610366 0.385723620 -0.167306209 -0.181555347 0.888967703
10068.201357265 22.799986424 24.333818238 1.463162124 0.388990898 -0.165476700 -0.165916435 0.890940671
10068.234699903 22.762110980 24.307771354 1.461200792 0.391972377 -0.165958867 -0.151598886 0.892094775
10068.268062100 22.736056158 24.288301164 1.460222719 0.393981290 -0.167870805 -0.142351023 0.892375662
10068.301434068 22.698172324 24.257299800 1.461576985 0.396888620 -0.173119961 -0.130296899 0.891925793
10068.334804414 22.659185327 24.223545022 1.462229727 0.400009651 -0.181278932 -0.118900682 0.890501463
10068.368154619 22.632345799 24.199300672 1.463788699 0.402465358 -0.187475608 -0.111709243 0.889041944
10068.401528002 22.592256202 24.161147083 1.466310541 0.406777357 -0.196315643 -0.101735250 0.886364648
10068.434886336 22.553103105 24.121719678 1.471932815 0.412086391 -0.205626040 -0.092800042 0.882774541
10068.468239324 22.523671019 24.093535760 1.474060823 0.416197210 -0.212583544 -0.087069490 0.879776690
10068.501617456 22.485289389 24.054682684 1.480003245 0.422795492 -0.223367723 -0.079780582 0.874634718
10068.534974371 22.443086420 24.015590715 1.483100580 0.430350114 -0.235837162 -0.073270448 0.868222929
10068.568337869 22.417053631 23.990722926 1.486415142 0.435748938 -0.244701955 -0.069536389 0.863370435
10068.601727699 22.375888027 23.953538253 1.487913666 0.444488155 -0.258096157 -0.064284953 0.855385351
10068.635080447 22.336404853 23.914902124 1.490600957 0.454293226 -0.271089317 -0.059084545 0.846544307
10068.668429121 22.310300511 23.887869351 1.492247143 0.461516153 -0.278517942 -0.055120728 0.840471476
10068.701803170 22.275076560 23.847832245 1.494640434 0.472472714 -0.285559669 -0.048246536 0.832404638
10068.735185263 22.239800798 23.804366329 1.494946343 0.484650412 -0.287867445 -0.039470080 0.825038438
10068.768529557 22.215954206 23.773318409 1.494407513 0.493339258 -0.286449415 -0.032510153 0.820674234
10068.801910208 22.184262466 23.728998798 1.493575735 0.505641718 -0.281130209 -0.021659864 0.815366856
10068.835262391 22.152470295 23.680027299 1.490924270 0.518778912 -0.271908313 -0.008870022 0.810466305
10068.868625730 22.131148267 23.645651644 1.488519019 0.527641565 -0.264073247 0.000385395 0.807378195
10068.902003705 22.104124321 23.596566719 1.485572996 0.539497157 -0.252362847 0.013758299 0.803160333
10068.935362142 22.073068394 23.542073594 1.479934696 0.551966957 -0.240219581 0.028000391 0.798024441
10068.968715369 22.053652395 23.506414611 1.476458812 0.559691199 -0.233038534 0.036979265 0.794399986
10069.002112896 22.026262384 23.455285038 1.470749106 0.570303158 -0.224034460 0.049562594 0.788737230
10069.035454297 22.000859731 23.405094997 1.467020712 0.579990534 -0.215575391 0.062120766 0.783121473
10069.068822005 21.984889032 23.370048161 1.465186974 0.586379751 -0.208548938 0.071338400 0.779472232
10069.102213354 21.964576796 23.320135646 1.464211087 0.594585166 -0.196738178 0.085630394 0.774874186
10069.135555467 21.944172946 23.267044371 1.464082605 0.602334233 -0.181938612 0.102098077 0.770498408
10069.168914345 21.934521165 23.232578414 1.465903847 0.606926723 -0.170827138 0.113584086 0.767825955
10069.202290165 21.924310385 23.183712416 1.468733324 0.612783639 -0.155175616 0.129682370 0.763936662
10069.235661718 21.918367052 23.137490726 1.471905938 0.618090934 -0.141434255 0.143796771 0.759791048
10069.269026409 21.914510267 23.106357841 1.473222262 0.621602396 -0.134425072 0.151366886 0.756722160
10069.302398338 21.910322823 23.061272078 1.473151453 0.627180875 -0.128015329 0.159188412 0.751608458
10069.335747350 21.906629023 23.016337996 1.470152905 0.633306553 -0.124806347 0.163752606 0.746010235
10069.369122678 21.904251129 22.986871811 1.466874770 0.637107806 -0.123410006 0.165756720 0.742555267
10069.402507873 21.900619958 22.944693591 1.459955640 0.642574844 -0.120327348 0.168501482 0.737716849
10069.435851252 21.901341041 22.902908024 1.452568591 0.647556558 -0.115202431 0.171833693 0.733397632
10069.469234359 21.903716932 22.876454659 1.447345672 0.650690755 -0.110983810 0.174055637 0.730745353
10069.502603186 21.911374440 22.840604833 1.439869918 0.655365850 -0.105460100 0.175910231 0.726931469
10069.535968469 21.919276996 22.802010403 1.430754884 0.660974529 -0.102937854 0.174389479 0.722568184
10069.569327739 21.926081374 22.777696730 1.424304181 0.665464440 -0.104784101 0.170101305 0.719196022
10069.602692197 21.932781003 22.743135920 1.416467798 0.672536566 -0.111680409 0.159662242 0.713953795
10069.636061477 21.943585979 22.709305794 1.407452359 0.680468971 -0.122419622 0.144682658 0.707843447
10069.669424671 21.948062834 22.684551754 1.401929699 0.685747783 -0.129950266 0.133530845 0.703585404
10069.702794809 21.954915232 22.650258629 1.394097506 0.692547468 -0.138192226 0.117555875 0.698184453
10069.736163216 21.966694041 22.619641416 1.390331452 0.698254710 -0.142461725 0.103467146 0.693858463
10069.769519729 21.973808945 22.597082283 1.387359378 0.701737064 -0.143671976 0.094555328 0.691362962
10069.802922003 21.987405098 22.568602055 1.383786927 0.706172262 -0.143659045 0.082432395 0.688395029
10069.836269358 22.001977233 22.541551823 1.380790141 0.710089409 -0.142724406 0.069908452 0.685941385
10069.869628180 22.011486606 22.523446841 1.377126347 0.712354073 -0.141537989 0.061489059 0.684644264
10069.902992626 22.027330244 22.500586562 1.372685716 0.715015097 -0.138927601 0.049141364 0.683401535
10069.936358498 22.042024857 22.478989692 1.366429664 0.716771636 -0.135125847 0.037780157 0.683046182
10069.969728321 22.053759175 22.466236979 1.361909746 0.717650899 -0.132235240 0.029942495 0.683077211
10070.003117998 22.069505262 22.448255499 1.355966680 0.718499701 -0.128114875 0.018480076 0.683376357
10070.036462713 22.083408491 22.427639286 1.348071073 0.719262387 -0.124556702 0.006379274 0.683451938
10070.069829668 22.092386530 22.415184675 1.342267101 0.719537330 -0.122521863 -0.001461302 0.683558548
10070.103222092 22.105569221 22.395097062 1.333509066 0.719828397 -0.119537669 -0.013387613 0.683650931
10070.136571505 22.116656660 22.376963743 1.324404411 0.719948636 -0.116244077 -0.023892738 0.683805830
10070.169935743 22.123720146 22.364997020 1.318261613 0.719975518 -0.113309085 -0.030251552 0.684018383
10070.203315909 22.132795847 22.347275068 1.309776400 0.720160204 -0.107743018 -0.037453988 0.684366804
10070.236662281 22.140659034 22.327829292 1.301324847 0.720710677 -0.099637181 -0.041842030 0.684761124
10070.270032091 22.144925087 22.316635423 1.295920918 0.721165888 -0.092975581 -0.042832872 0.685157390
10070.303400129 22.152101612 22.298677024 1.287300949 0.722374407 -0.081970929 -0.042382109 0.685317255
10070.336762615 22.156307550 22.282122804 1.278258322 0.723721746 -0.071666527 -0.041569965 0.685100490
10070.370138171 22.157618976 22.270866956 1.272144004 0.724781575 -0.065951256 -0.041329139 0.684568479
10070.403508664 22.159397715 22.255549068 1.262897071 0.726580046 -0.059329349 -0.041224391 0.683273017
10070.436882022 22.159554694 22.240366310 1.254624119 0.728556521 -0.053040297 -0.040811162 0.681708568
10070.470237995 22.159486157 22.232524101 1.248877264 0.730037355 -0.048962514 -0.039818920 0.680487021
10070.503614232 22.157013410 22.218815430 1.242729674 0.732295893 -0.041688940 -0.036670417 0.678719411
10070.536963180 22.155830587 22.206378000 1.237877187 0.734748680 -0.032930340 -0.031015339 0.676829387
10070.570333072 22.155568303 22.198478955 1.234606857 0.736552993 -0.026175492 -0.025870465 0.675377858
10070.603707061 22.153534469 22.186652669 1.230724842 0.739169205 -0.016396345 -0.017440032 0.673094266
10070.637084079 22.150726267 22.175301052 1.226280248 0.741954180 -0.006866575 -0.008366567 0.670363219
10070.670434149 22.150065253 22.168291217 1.223538200 0.743661280 -0.001382930 -0.002573334 0.668550197
10070.703807090 22.146596394 22.158063273 1.220214267 0.746038294 0.004861367 0.004912508 0.665867177
10070.737186066 22.144446852 22.148796720 1.216266418 0.748241082 0.008160748 0.010203376 0.663298256
10070.770532973 22.142915242 22.143753826 1.213777539 0.749500676 0.008335336 0.012155721 0.661839480
10070.803904980 22.139319600 22.136947410 1.210810567 0.751029575 0.006179232 0.012891610 0.660113779
10070.837266125 22.136344642 22.131932251 1.207844274 0.752312230 0.001998870 0.011970266 0.658694942
10070.870634262 22.134163595 22.129319030 1.205697332 0.753001309 -0.001512603 0.010724918 0.657929872
10070.904004567 22.130935556 22.126290167 1.203742273 0.753617315 -0.007063380 0.008153002 0.657224908
10070.937374802 22.127431622 22.123717407 1.201254653 0.753970637 -0.012646405 0.005694401 0.656761692
10070.970730837 22.125549991 22.122241982 1.199816389 0.754006015 -0.015653668 0.004506829 0.656665501
10071.004139919 22.122920204 22.120607999 1.197873436 0.753833813 -0.018607424 0.004125248 0.656788648
10071.037472948 22.122232867 22.119141867 1.195796708 0.753475536 -0.019112553 0.005406527 0.657175849
10071.070830025 22.122137479 22.118401518 1.193871609 0.753123751 -0.018417507 0.006942006 0.657584383
10071.104206251 22.122499283 22.118445559 1.191912462 0.752386080 -0.016675259 0.009138907 0.658447874
10071.137571304 22.123281872 22.118163714 1.189137007 0.751694708 -0.014762997 0.010944793 0.659255134
10071.170935385 22.124031771 22.117978092 1.187025922 0.751144700 -0.013647827 0.011569111 0.659895092
10071.204298369 22.125380063 22.117309784 1.184226622 0.750477101 -0.012940008 0.010899255 0.660679864
10071.237674258 22.126566181 22.116674458 1.181687137 0.750009426 -0.013816231 0.008014474 0.661234255
10071.271033024 22.126941675 22.116008525 1.181653207 0.749672319 -0.015874338 0.005158470 0.661598677
10071.304410801 22.127147003 22.112228117 1.181053242 0.750851503 -0.019400466 0.000745080 0.660185646
10071.337779617 22.127631466 22.108648722 1.180689105 0.751576148 -0.021423080 -0.001809468 0.659295890
10071.371143483 22.128035866 22.105793375 1.180305390 0.752353012 -0.021828260 -0.002598974 0.658393285
10071.404501424 22.128521802 22.100988984 1.180014672 0.753198669 -0.021451591 -0.002708409 0.657437646
10071.437865445 22.129215445 22.097052726 1.179523034 0.754054326 -0.020502569 -0.002020921 0.656488868
10071.471238478 22.129229927 22.094583043 1.179101068 0.754560451 -0.020093259 -0.001367972 0.655921425
10071.504605524 22.129166331 22.090878533 1.178686246 0.755306518 -0.018814446 0.000097543 0.655101573
10071.537971585 22.129862149 22.086947930 1.178099927 0.756188938 -0.016738090 0.002431791 0.654134705
10071.571341733 22.130072169 22.083924160 1.177662686 0.756739050 -0.014954059 0.004399970 0.653531198
10071.604702917 22.131122460 22.078444547 1.176752082 0.757933358 -0.012212712 0.007561343 0.652173826
10071.638076111 22.131601167 22.072456297 1.175791230 0.759194933 -0.009706885 0.010487641 0.650706416
10071.671458262 22.132003757 22.065943444 1.174660117 0.760554101 -0.007701360 0.012935466 0.649100009
10071.704806356 22.132057873 22.061001366 1.173917521 0.761629042 -0.006779627 0.014196847 0.647822267
10071.738183408 22.131615859 22.053730427 1.172679482 0.763136855 -0.006058183 0.015233294 0.646028936
10071.771549425 22.130970901 22.046356297 1.171366023 0.764795230 -0.006298411 0.015344889 0.644059873
10071.804902395 22.130497899 22.041685584 1.170538136 0.765790431 -0.006803269 0.014984495 0.642879613
10071.838266367 22.129888725 22.035676343 1.169438991 0.767163585 -0.007720924 0.014148839 0.641248962
10071.871649372 22.129584168 22.030763807 1.168598810 0.768216351 -0.008469250 0.013198886 0.639998203
10071.905003271 22.129559159 22.028019938 1.168204908 0.768775328 -0.008960446 0.012565736 0.639332705
10071.938367266 22.129737471 22.024765956 1.167775210 0.769460090 -0.009765192 0.011405988 0.638518375
10071.971752271 22.129866447 22.022284570 1.167512737 0.769994667 -0.010887325 0.009990236 0.637879200
10072.005119262 22.129676737 22.020666817 1.167224072 0.770351609 -0.011888806 0.008799878 0.637447736
10072.038468263 22.129225595 22.018870384 1.167134460 0.770741981 -0.013725061 0.006756076 0.636963717
10072.071859260 22.128542822 22.017140984 1.166903191 0.771134987 -0.015593559 0.004763994 0.636462864
10072.105205268 22.127960210 22.016083927 1.166777379 0.771341448 -0.016781155 0.003570929 0.636190232
10072.138584271 22.127373430 22.014718795 1.166602214 0.771614057 -0.017911485 0.002452989 0.635834026
10072.171967275 22.127254811 22.013729291 1.166543358 0.771804232 -0.018073709 0.002359483 0.635598932
10072.205306272 22.127515096 22.013412769 1.166585253 0.771857169 -0.017531094 0.003021634 0.635547041
10072.238670262 22.128365890 22.013196134 1.166658532 0.771872498 -0.015428222 0.005151861 0.635569253
10072.272075266 22.129927436 22.013293115 1.166817736 0.771798663 -0.011953441 0.008678889 0.635695380
10072.305407269 22.131413066 22.013446366 1.166924941 0.771700257 -0.008773478 0.011876975 0.635814971
10072.338768270 22.134010589 22.013853773 1.167198525 0.771470495 -0.003180595 0.017432351 0.636018296
10072.372182257 22.136965638 22.014301847 1.167481447 0.771140885 0.002937086 0.023531250 0.636222751
10072.405508247 22.139255337 22.014728790 1.167711053 0.770893475 0.007311900 0.027828018 0.636313907
10072.438867234 22.142588437 22.015450595 1.168016918 0.770441425 0.013263484 0.033496849 0.636491989
10072.472279319 22.145822663 22.016156911 1.168267579 0.770070912 0.018039841 0.037720336 0.636586625
10072.505600296 22.148011266 22.016626590 1.168426014 0.769873810 0.020461407 0.039576897 0.636639079
10072.538970275 22.151133115 22.017421843 1.168648699 0.769636853 0.022923640 0.040922507 0.636756602
10072.572372250 22.154138036 22.018226879 1.168860103 0.769478191 0.024449638 0.041110729 0.636879453
10072.605721237 22.156254246 22.018755442 1.168991446 0.769394253 0.025287166 0.040932921 0.636959606
10072.639081215 22.159355756 22.019399353 1.169170824 0.769273546 0.026628746 0.040812200 0.637058463
10072.672497198 22.162543967 22.019802950 1.169317561 0.769176174 0.028375162 0.041210185 0.637075022
10072.705816191 22.164632428 22.019934978 1.169412067 0.769119123 0.029825362 0.041852880 0.637035759
10072.739186186 22.167805555 22.020039100 1.169523860 0.769004070 0.032459993 0.043417538 0.636941133
10072.772596184 22.170843643 22.019985045 1.169607177 0.768912898 0.035189940 0.045195088 0.636782560
10072.805904173 22.172846623 22.019867087 1.169670844 0.768870651 0.036962250 0.046337684 0.636651029
10072.839267171 22.175500871 22.019574378 1.169700448 0.768858674 0.039083326 0.047628298 0.636443539
10072.872656164 22.177879454 22.019090032 1.169678007 0.768934739 0.040624730 0.048304862 0.636204086
10072.906000155 22.179231279 22.018677654 1.169668629 0.769012294 0.041318728 0.048483114 0.636052075
10072.939367155 22.180913439 22.018018368 1.169578277 0.769159658 0.042141755 0.048663685 0.635806054
10072.972759162 22.182318842 22.017388484 1.169615544 0.769261514 0.042965454 0.048917438 0.635608194
10073.006127166 22.183234783 22.016936261 1.169518957 0.769391110 0.043324503 0.048912015 0.635427354
10073.039471168 22.184512558 22.016124568 1.169477901 0.769565055 0.043777855 0.048823507 0.635192404
10073.072859176 22.185535758 22.015400955 1.169408989 0.769731561 0.044463919 0.049225969 0.634911874
10073.106211183 22.186124722 22.014999772 1.169380862 0.769775385 0.045009839 0.049614199 0.634790045
10073.139566190 22.186700956 22.014452242 1.169335493 0.769853575 0.045606521 0.050071564 0.634616700
10073.172961194 22.186902897 22.013847689 1.169258818 0.769974070 0.045802938 0.050281406 0.634439755
10073.206305199 22.186775017 22.013342412 1.169215394 0.770107756 0.045660780 0.050224776 0.634292211
10073.239665205 22.186336804 22.012570066 1.169100958 0.770323387 0.045145411 0.049892046 0.634093491
10073.273052207 22.185673529 22.011672051 1.168935284 0.770551625 0.044506526 0.049511321 0.633891151
10073.306398209 22.185151355 22.011032158 1.168848853 0.770707109 0.044122894 0.049364886 0.633740349
10073.339767207 22.184430043 22.010173456 1.168741857 0.770901328 0.043815603 0.049434822 0.633519955
10073.373234205 22.183779714 22.009344626 1.168634042 0.771083755 0.043688766 0.049674105 0.633287942
10073.406499204 22.183362181 22.008790050 1.168528354 0.771201745 0.043580454 0.049809923 0.633141046
10073.439863202 22.182835776 22.008011348 1.168507856 0.771353189 0.043343927 0.049781970 0.632974974
10073.473257200 22.182316964 22.007154885 1.168451852 0.771520883 0.042912789 0.049531556 0.632819599
10073.506600194 22.182020361 22.006416054 1.168537369 0.771647661 0.042502303 0.049211360 0.632717697
10073.539968186 22.181389161 22.005367802 1.168375295 0.771884058 0.041948525 0.048923737 0.632488570
10073.573351176 22.180784958 22.004284228 1.168191809 0.772114732 0.041599135 0.048852274 0.632235564
10073.606700168 22.180360637 22.003510232 1.168043554 0.772260490 0.041485895 0.048957926 0.632056784
10073.640074161 22.179828320 22.002505179 1.167876110 0.772436094 0.041526458 0.049345744 0.631809331
10073.673465153 22.179266086 22.001561656 1.167699595 0.772593499 0.041641719 0.049812423 0.631572620
10073.706803143 22.178874103 22.001020428 1.167611068 0.772684960 0.041601717 0.049997360 0.631448742
10073.740185129 22.178231289 22.000257360 1.167490165 0.772824602 0.041355044 0.050028569 0.631291563
10073.773556096 22.177553222 21.999565056 1.167387435 0.772986398 0.040883252 0.049819152 0.631140745
10073.806902085 22.177070643 21.999142265 1.167351343 0.773084480 0.040514540 0.049637874 0.631058666
10073.840270059 22.176270735 21.998591645 1.167277544 0.773195259 0.040097701 0.049527859 0.630958205
10073.873655050 22.175562185 21.998210965 1.167246280 0.773273224 0.039826477 0.049579421 0.630875784
10073.906999039 22.175058211 21.998040858 1.167229751 0.773303267 0.039666847 0.049663308 0.630842416
10073.940376034 22.174384609 21.997977971 1.167229170 0.773307660 0.039458645 0.049769703 0.630841703
10073.973757032 22.173752317 21.998111841 1.167270669 0.773283210 0.039138403 0.049691349 0.630897799
10074.007118026 22.173375461 21.998258189 1.167330056 0.773275198 0.038789122 0.049468045 0.630946737
10074.040468019 22.172895380 21.998599717 1.167423041 0.773235425 0.038319066 0.049144172 0.631049504
10074.073856012 22.172568666 21.999098034 1.167527885 0.773163067 0.038009123 0.048926545 0.631173804
10074.107203012 22.172452929 21.999548448 1.167652809 0.773093067 0.037811997 0.048752435 0.631284851
10074.140575020 22.172350397 22.000198005 1.167814335 0.772973832 0.037594843 0.048549327 0.631459457
10074.173951019 22.172278930 22.000794964 1.167949796 0.772882704 0.037408117 0.048398469 0.631593656
10074.207314998 22.172253027 22.001188882 1.168043215 0.772829334 0.037289428 0.048330274 0.631671199
10074.240691985 22.172158947 22.001707751 1.168132599 0.772749437 0.037181707 0.048319196 0.631776135
10074.274079993 22.172077356 22.002241357 1.168232160 0.772671749 0.037167360 0.048435950 0.631863050
10074.307404990 22.171922819 22.002626558 1.168290834 0.772594965 0.037191022 0.048587957 0.631943872
10074.340774966 22.171860512 22.003382799 1.168444730 0.772471125 0.037250644 0.048847981 0.632071693
10074.374184937 22.171599307 22.004213194 1.168577250 0.772330609 0.037222541 0.049031713 0.632230816
10074.407503933 22.171343131 22.004780398 1.168665491 0.772225056 0.037115605 0.049059509 0.632363867
10074.440877939 22.171021254 22.005868972 1.168866106 0.772061330 0.036853379 0.049021457 0.632582033
10074.474249937 22.170541885 22.006996678 1.169057807 0.771876686 0.036532109 0.048914515 0.632834225
10074.507604943 22.170225163 22.007850449 1.169214028 0.771738804 0.036305171 0.048832671 0.633021740
10074.540992946 22.169678070 22.009293028 1.169478431 0.771485607 0.035959267 0.048704711 0.633359882
10074.574350946 22.169094337 22.010864039 1.169767781 0.771210163 0.035574641 0.048548579 0.633728937
10074.607714944 22.168752064 22.011950368 1.169971883 0.771015462 0.035318865 0.048419256 0.633989993
10074.641076943 22.168208701 22.013856818 1.170318622 0.770665197 0.034876662 0.048157418 0.634460113
10074.674446940 22.167654662 22.015796956 1.170685271 0.770325456 0.034318491 0.047744355 0.634934177
10074.707806932 22.167206673 22.017131680 1.170953389 0.770096392 0.033880604 0.047404729 0.635260925
10074.741230931 22.166577740 22.019110868 1.171356653 0.769740476 0.033331394 0.047009588 0.635750514
10074.774550923 22.165944352 22.021182418 1.171763946 0.769362701 0.032898644 0.046768451 0.636247927
10074.807918922 22.165576826 22.022595204 1.172021737 0.769090176 0.032705244 0.046717001 0.636591069
10074.841276917 22.164005073 22.023919074 1.172599697 0.768629313 0.032510523 0.046660226 0.637161571
10074.874662916 22.163405053 22.026016549 1.173049880 0.768209495 0.032339395 0.046693955 0.637673906
10074.907999907 22.162749458 22.027296859 1.173413214 0.767906724 0.032144063 0.046635549 0.638052622
10074.941383919 22.162244065 22.029442856 1.173878145 0.767481963 0.031868696 0.046509923 0.638586447
10074.974741892 22.161786105 22.031532331 1.174328196 0.767062345 0.031536834 0.046268666 0.639124400
10075.008100892 22.161533225 22.032834604 1.174584688 0.766816727 0.031294938 0.046078514 0.639444684
10075.041496880 22.161281158 22.034590336 1.174961703 0.766458523 0.031100597 0.045871734 0.639898328
10075.074850878 22.161100096 22.036108550 1.175255673 0.766158523 0.031132263 0.045958638 0.640249720
10075.108202866 22.160975657 22.037000497 1.175495478 0.765952251 0.031275397 0.046159424 0.640475063
10075.141570842 22.160909585 22.038300277 1.175789073 0.765648545 0.031726556 0.046692798 0.640777273
