# timestamp tx ty tz qx qy qz qw  (localization: SE2 map-aligned cam0)
9999.162000000 56.474917326 41.882415477 0.452030339 -0.166246779 0.699280884 -0.675489240 0.164567736
9999.195333333 56.471356333 41.888971108 0.456707049 -0.161009523 0.700446699 -0.674445794 0.169036166
9999.228666667 56.467791530 41.895525204 0.461380415 -0.155764244 0.701577602 -0.673368731 0.173496171
9999.262000000 56.464222957 41.902077791 0.466050376 -0.150511200 0.702673535 -0.672258104 0.177947529
9999.295333333 56.460650654 41.908628896 0.470716880 -0.145250655 0.703734445 -0.671113970 0.182390017
9999.328666667 56.457074665 41.915178544 0.475379867 -0.139982869 0.704760277 -0.669936385 0.186823414
9999.362000000 56.453495032 41.921726764 0.480039284 -0.134708106 0.705750982 -0.668725408 0.191247498
9999.395333333 56.449911798 41.928273581 0.484695076 -0.129426630 0.706706510 -0.667481099 0.195662051
9999.428666667 56.446325008 41.934819024 0.489347190 -0.124138702 0.707626813 -0.666203521 0.200066851
9999.462000000 56.442734706 41.941363122 0.493995570 -0.118844586 0.708511846 -0.664892736 0.204461678
9999.495333333 56.439140938 41.947905901 0.498640168 -0.113544546 0.709361563 -0.663548812 0.208846315
9999.528666667 56.435543751 41.954447390 0.503280930 -0.108238848 0.710175924 -0.662171813 0.213220543
9999.562000000 56.431943190 41.960987618 0.507917806 -0.102927754 0.710954886 -0.660761809 0.217584142
9999.595333333 56.428339304 41.967526614 0.512550746 -0.097611531 0.711698413 -0.659318870 0.221936896
9999.628666667 56.424732140 41.974064407 0.517179700 -0.092290440 0.712406465 -0.657843069 0.226278588
9999.662000000 56.421121749 41.980601025 0.521804621 -0.086964751 0.713079009 -0.656334479 0.230609002
9999.695333333 56.417508179 41.987136500 0.526425460 -0.081634727 0.713716010 -0.654793174 0.234927921
9999.728666667 56.413891481 41.993670861 0.531042171 -0.076300634 0.714317437 -0.653219232 0.239235131
9999.762000000 56.410271705 42.000204137 0.535654708 -0.070962738 0.714883260 -0.651612731 0.243530416
9999.795333333 56.406648903 42.006736358 0.540263025 -0.065621304 0.715413451 -0.649973751 0.247813563
9999.828666667 56.403023127 42.013267557 0.544867080 -0.060276601 0.715907982 -0.648302374 0.252084358
9999.862000000 56.399394428 42.019797763 0.549466828 -0.054928892 0.716366830 -0.646598685 0.256342587
9999.895333333 56.395762862 42.026327007 0.554062226 -0.049578446 0.716789973 -0.644862765 0.260588041
9999.928666667 56.392128482 42.032855319 0.558653233 -0.044225528 0.717177386 -0.643094705 0.264820505
9999.962000000 56.388491341 42.039382732 0.563239808 -0.038870407 0.717529054 -0.641294589 0.269039769
9999.995333333 56.384851495 42.045909277 0.567821911 -0.033513347 0.717844958 -0.639462509 0.273245624
10000.028666667 56.381208999 42.052434986 0.572399504 -0.028154618 0.718125082 -0.637598555 0.277437859
10000.062000000 56.377563910 42.058959888 0.576972547 -0.022794484 0.718369411 -0.635702823 0.281616266
10000.095333333 56.373916282 42.065484019 0.581541004 -0.017433215 0.718577935 -0.633775404 0.285780636
10000.128666667 56.370266174 42.072007409 0.586104839 -0.012071077 0.718750642 -0.631816395 0.289930762
10000.162000000 56.366613643 42.078530090 0.590664015 -0.006708338 0.718887524 -0.629825894 0.294066436
10000.195333333 56.362958748 42.085052095 0.595218499 -0.001345264 0.718988574 -0.627804001 0.298187454
10000.228666667 56.359301546 42.091573456 0.599768256 0.004017878 0.719053787 -0.625750815 0.302293608
10000.262000000 56.355642096 42.098094207 0.604313256 0.009380818 0.719083160 -0.623666440 0.306384696
10000.295333333 56.351980458 42.104614379 0.608853465 0.014743292 0.719076691 -0.621550979 0.310460511
10000.328666667 56.348316691 42.111134005 0.613388853 0.020105031 0.719034380 -0.619404538 0.314520852
10000.362000000 56.344650856 42.117653119 0.617919390 0.025465766 0.718956231 -0.617227223 0.318565516
10000.395333333 56.340983013 42.124171754 0.622445049 0.030825234 0.718842246 -0.615019144 0.322594302
10000.428666667 56.337313224 42.130689944 0.626965799 0.036183165 0.718692431 -0.612780410 0.326607009
10000.462000000 56.333641549 42.137207719 0.631481615 0.041539292 0.718506793 -0.610511133 0.330603436
10000.495333333 56.329968051 42.143725116 0.635992471 0.046893348 0.718285344 -0.608211425 0.334583385
10000.528666667 56.326292791 42.150242167 0.640498344 0.052245068 0.718028092 -0.605881402 0.338546656
10000.562000000 56.322615831 42.156758905 0.644999207 0.057594183 0.717735052 -0.603521179 0.342493055
10000.595333333 56.318937236 42.163275364 0.649495039 0.062940427 0.717406236 -0.601130875 0.346422381
10000.628666667 56.315257069 42.169791577 0.653985817 0.068283534 0.717041662 -0.598710609 0.350334441
10000.662000000 56.311575392 42.176307580 0.658471522 0.073623238 0.716641349 -0.596260500 0.354229039
10000.695333333 56.307892269 42.182823404 0.662952132 0.078959273 0.716205315 -0.593780672 0.358105980
10000.728666667 56.304207764 42.189339084 0.667427630 0.084291372 0.715733584 -0.591271248 0.361965072
10000.762000000 56.300521943 42.195854653 0.671897997 0.089619270 0.715226177 -0.588732353 0.365806123
10000.795333333 56.296834867 42.202370146 0.676363217 0.094942699 0.714683121 -0.586164113 0.369628940
10000.828666667 56.293146605 42.208885596 0.680823274 0.100261397 0.714104443 -0.583566656 0.373433335
10000.862000000 56.289457220 42.215401037 0.685278153 0.105575098 0.713490170 -0.580940113 0.377219115
10000.895333333 56.285766777 42.221916503 0.689727841 0.110883536 0.712840336 -0.578284613 0.380986094
10000.928666667 56.282075343 42.228432028 0.694172325 0.116186447 0.712154970 -0.575600289 0.384734083
10000.962000000 56.278382982 42.234947645 0.698611592 0.121483568 0.711434109 -0.572887275 0.388462896
10000.995333333 56.274689761 42.241463388 0.703045634 0.126774633 0.710677787 -0.570145707 0.392172345
10001.028666667 56.270995745 42.247979290 0.707474439 0.132059380 0.709886042 -0.567375721 0.395862248
10001.062000000 56.267301001 42.254495388 0.711898001 0.137337543 0.709058914 -0.564577454 0.399532419
10001.095333333 56.263605596 42.261011712 0.716316311 0.142608862 0.708196443 -0.561751047 0.403182677
10001.128666667 56.259909596 42.267528298 0.720729362 0.147873073 0.707298674 -0.558896640 0.406812838
10001.162000000 56.256213068 42.274045178 0.725137151 0.153129912 0.706365650 -0.556014376 0.410422723
10001.195333333 56.252516077 42.280562387 0.729539671 0.158379119 0.705397419 -0.553104398 0.414012151
10001.228666667 56.248818692 42.287079957 0.733936921 0.163620433 0.704394028 -0.550166852 0.417580942
10001.262000000 56.245120977 42.293597922 0.738328898 0.168853590 0.703355527 -0.547201882 0.421128920
10001.295333333 56.241423003 42.300116315 0.742715599 0.174078332 0.702281969 -0.544209639 0.424655907
10001.328666667 56.237724834 42.306635170 0.747097027 0.179294397 0.701173406 -0.541190270 0.428161727
10001.362000000 56.234026539 42.313154521 0.751473182 0.184501525 0.700029895 -0.538143926 0.431646207
10001.395333333 56.230328183 42.319674399 0.755844064 0.189699457 0.698851491 -0.535070759 0.435109172
10001.428666667 56.226629835 42.326194837 0.760209679 0.194887934 0.697638254 -0.531970923 0.438550450
10001.462000000 56.222931561 42.332715870 0.764570029 0.200066696 0.696390244 -0.528844571 0.441969868
10001.495333333 56.219233427 42.339237528 0.768925121 0.205235486 0.695107524 -0.525691859 0.445367257
10001.528666667 56.215535503 42.345759846 0.773274959 0.210394047 0.693790158 -0.522512945 0.448742448
10001.562000000 56.211837854 42.352282854 0.777619552 0.215542121 0.692438209 -0.519307988 0.452095271
10001.595333333 56.208140547 42.358806587 0.781958908 0.220679452 0.691051748 -0.516077145 0.455425561
10001.628666667 56.204443650 42.365331076 0.786293036 0.225805783 0.689630841 -0.512820581 0.458733150
10001.662000000 56.200747229 42.371856352 0.790621945 0.230920860 0.688175562 -0.509538455 0.462017874
10001.695333333 56.197051350 42.378382449 0.794945650 0.236024426 0.686685980 -0.506230931 0.465279571
10001.728666667 56.193356080 42.384909395 0.799264160 0.241116228 0.685162173 -0.502898176 0.468518076
10001.762000000 56.189661487 42.391437226 0.803577490 0.246196012 0.683604214 -0.499540354 0.471733227
10001.795333333 56.185967636 42.397965971 0.807885655 0.251263525 0.682012182 -0.496157633 0.474924866
10001.828666667 56.182274593 42.404495661 0.812188669 0.256318514 0.680386156 -0.492750181 0.478092833
10001.862000000 56.178582425 42.411026327 0.816486551 0.261360727 0.678726216 -0.489318171 0.481236971
10001.895333333 56.174891197 42.417558001 0.820779317 0.266389912 0.677032447 -0.485861770 0.484357121
10001.928666667 56.171200975 42.424090713 0.825066985 0.271405820 0.675304933 -0.482381152 0.487453130
10001.962000000 56.167511824 42.430624493 0.829349576 0.276408200 0.673543758 -0.478876490 0.490524842
10001.995333333 56.163823810 42.437159371 0.833627110 0.281396803 0.671749011 -0.475347960 0.493572104
10002.028666667 56.160136998 42.443695378 0.837899609 0.286371379 0.669920783 -0.471795736 0.496594766
10002.062000000 56.156451452 42.450232543 0.842167096 0.291331683 0.668059163 -0.468219996 0.499592675
10002.095333333 56.152767238 42.456770896 0.846429593 0.296277465 0.666164244 -0.464620919 0.502565683
10002.128666667 56.149084419 42.463310464 0.850687127 0.301208480 0.664236121 -0.460998683 0.505513641
10002.162000000 56.145403059 42.469851279 0.854939722 0.306124482 0.662274891 -0.457353470 0.508436401
10002.195333333 56.141723222 42.476393369 0.859187406 0.311025224 0.660280650 -0.453685460 0.511333821
10002.228666667 56.138044971 42.482936762 0.863430206 0.315910465 0.658253499 -0.449994836 0.514205753
10002.262000000 56.134368371 42.489481485 0.867668149 0.320779959 0.656193538 -0.446281784 0.517052055
10002.295333333 56.130693483 42.496027569 0.871901267 0.325633465 0.654100869 -0.442546487 0.519872586
10002.328666667 56.127020369 42.502575040 0.876129590 0.330470740 0.651975598 -0.438789134 0.522667204
10002.362000000 56.123349092 42.509123925 0.880353147 0.335291543 0.649817830 -0.435009907 0.525435771
10002.395333333 56.119679714 42.515674251 0.884571975 0.340095633 0.647627673 -0.431208999 0.528178148
10002.428666667 56.116012294 42.522226046 0.888786103 0.344882772 0.645405236 -0.427386597 0.530894199
10002.462000000 56.112346897 42.528779337 0.892995568 0.349652721 0.643150629 -0.423542895 0.533583788
10002.495333333 56.108683580 42.535334149 0.897200405 0.354405242 0.640863967 -0.419678079 0.536246782
10002.528666667 56.105022405 42.541890507 0.901400648 0.359140099 0.638545360 -0.415792347 0.538883047
10002.562000000 56.101363431 42.548448440 0.905596337 0.363857054 0.636194926 -0.411885889 0.541492451
10002.595333333 56.097706717 42.555007971 0.909787509 0.368555873 0.633812782 -0.407958902 0.544074866
10002.628666667 56.094052322 42.561569125 0.913974201 0.373236323 0.631399046 -0.404011580 0.546630163
10002.662000000 56.090400305 42.568131926 0.918156456 0.377898168 0.628953839 -0.400044122 0.549158213
10002.695333333 56.086750723 42.574696401 0.922334311 0.382541178 0.626477283 -0.396056724 0.551658891
10002.728666667 56.083103633 42.581262572 0.926507811 0.387165121 0.623969501 -0.392049584 0.554132073
10002.762000000 56.079459093 42.587830463 0.930676998 0.391769766 0.621430618 -0.388022904 0.556577635
10002.795333333 56.075817160 42.594400098 0.934841912 0.396354883 0.618860761 -0.383976882 0.558995455
10002.828666667 56.072177888 42.600971500 0.939002601 0.400920246 0.616260058 -0.379911723 0.561385412
10002.862000000 56.068541333 42.607544691 0.943159109 0.405465624 0.613628638 -0.375827626 0.563747388
10002.895333333 56.064907548 42.614119693 0.947311479 0.409990793 0.610966631 -0.371724798 0.566081266
10002.928666667 56.061276591 42.620696530 0.951459762 0.414495526 0.608274174 -0.367603441 0.568386927
10002.962000000 56.057648514 42.627275221 0.955604001 0.418979600 0.605551397 -0.363463762 0.570664257
10002.995333333 56.054023369 42.633855789 0.959744249 0.423442789 0.602798437 -0.359305965 0.572913145
10003.028666667 56.050401210 42.640438254 0.963880552 0.427884874 0.600015432 -0.355130261 0.575133475
10003.062000000 56.046782088 42.647022637 0.968012959 0.432305631 0.597202519 -0.350936856 0.577325139
10003.095333333 56.043166055 42.653608957 0.972141523 0.436704840 0.594359839 -0.346725958 0.579488028
10003.128666667 56.039553159 42.660197234 0.976266295 0.441082282 0.591487535 -0.342497779 0.581622032
10003.162000000 56.035943454 42.666787489 0.980387325 0.445437739 0.588585749 -0.338252527 0.583727046
10003.195333333 56.032336988 42.673379740 0.984504669 0.449770994 0.585654626 -0.333990415 0.585802966
10003.228666667 56.028733809 42.679974004 0.988618377 0.454081831 0.582694312 -0.329711658 0.587849686
10003.262000000 56.025133965 42.686570301 0.992728507 0.458370034 0.579704953 -0.325416465 0.589867107
10003.295333333 56.021537505 42.693168648 0.996835113 0.462635391 0.576686701 -0.321105054 0.591855125
10003.328666667 56.017944474 42.699769062 1.000938249 0.466877688 0.573639704 -0.316777636 0.593813644
10003.362000000 56.014354919 42.706371559 1.005037973 0.471096714 0.570564114 -0.312434430 0.595742565
10003.395333333 56.010768886 42.712976158 1.009134341 0.475292259 0.567460087 -0.308075650 0.597641793
10003.428666667 56.007186418 42.719582874 1.013227413 0.479464114 0.564327775 -0.303701515 0.599511230
10003.462000000 56.003607561 42.726191722 1.017317245 0.483612072 0.561167334 -0.299312243 0.601350787
10003.495333333 56.000032357 42.732802717 1.021403897 0.487735924 0.557978923 -0.294908051 0.603160370
10003.528666667 55.996460849 42.739415875 1.025487430 0.491835464 0.554762700 -0.290489161 0.604939889
10003.562000000 55.992893078 42.746031210 1.029567902 0.495910490 0.551518826 -0.286055791 0.606689257
10003.595333333 55.989329085 42.752648734 1.033645375 0.499960799 0.548247462 -0.281608164 0.608408384
10003.628666667 55.985768912 42.759268462 1.037719912 0.503986187 0.544948772 -0.277146499 0.610097186
10003.662000000 55.982212598 42.765890409 1.041791573 0.507986455 0.541622919 -0.272671022 0.611755579
10003.695333333 55.978660181 42.772514585 1.045860422 0.511961404 0.538270070 -0.268181953 0.613383480
10003.728666667 55.975111699 42.779141002 1.049926522 0.515910834 0.534890392 -0.263679516 0.614980807
10003.762000000 55.971567190 42.785769672 1.053989936 0.519834549 0.531484053 -0.259163937 0.616547481
10003.795333333 55.968026690 42.792400608 1.058050730 0.523732354 0.528051222 -0.254635441 0.618083425
10003.828666667 55.964490233 42.799033819 1.062108968 0.527604055 0.524592072 -0.250094252 0.619588561
10003.862000000 55.960957856 42.805669316 1.066164714 0.531449457 0.521106774 -0.245540598 0.621062815
10003.895333333 55.957429594 42.812307108 1.070218036 0.535268370 0.517595503 -0.240974706 0.622506111
10003.928666667 55.953905478 42.818947207 1.074269000 0.539060603 0.514058432 -0.236396803 0.623918381
10003.962000000 55.950385540 42.825589619 1.078317672 0.542825969 0.510495738 -0.231807115 0.625299552
10003.995333333 55.946869813 42.832234354 1.082364121 0.546564276 0.506907601 -0.227205874 0.626649557
10004.028666667 55.943358328 42.838881419 1.086408412 0.550275342 0.503294196 -0.222593309 0.627968326
10004.062000000 55.939851112 42.845530822 1.090450616 0.553958980 0.499655706 -0.217969649 0.629255796
10004.095333333 55.936348197 42.852182572 1.094490800 0.557615006 0.495992312 -0.213335123 0.630511900
10004.128666667 55.932849611 42.858836674 1.098529032 0.561243239 0.492304195 -0.208689966 0.631736578
10004.162000000 55.929355379 42.865493133 1.102565384 0.564843498 0.488591539 -0.204034406 0.632929768
10004.195333333 55.925865530 42.872151956 1.106599924 0.568415603 0.484854532 -0.199368676 0.634091410
10004.228666667 55.922380088 42.878813149 1.110632723 0.571959376 0.481093356 -0.194693009 0.635221447
10004.262000000 55.918899078 42.885476716 1.114663852 0.575474641 0.477308201 -0.190007638 0.636319823
10004.295333333 55.915422522 42.892142661 1.118693379 0.578961220 0.473499257 -0.185312795 0.637386482
10004.328666667 55.911950447 42.898810987 1.122721378 0.582418943 0.469666710 -0.180608717 0.638421371
10004.362000000 55.908482871 42.905481700 1.126747920 0.585847637 0.465810754 -0.175895636 0.639424439
10004.395333333 55.905019818 42.912154801 1.130773075 0.589247130 0.461931580 -0.171173788 0.640395636
10004.428666667 55.901561306 42.918830293 1.134796917 0.592617251 0.458029382 -0.166443408 0.641334913
10004.462000000 55.898107355 42.925508176 1.138819516 0.595957836 0.454104354 -0.161704732 0.642242223
10004.495333333 55.894657984 42.932188454 1.142840947 0.599268715 0.450156692 -0.156957996 0.643117522
10004.528666667 55.891213209 42.938871127 1.146861282 0.602549725 0.446186593 -0.152203437 0.643960765
10004.562000000 55.887773048 42.945556196 1.150880593 0.605800701 0.442194253 -0.147441291 0.644771912
10004.595333333 55.884337517 42.952243659 1.154898954 0.609021483 0.438179874 -0.142671796 0.645550920
10004.628666667 55.880906629 42.958933518 1.158916437 0.612211908 0.434143653 -0.137895190 0.646297752
10004.662000000 55.877480399 42.965625772 1.162933118 0.615371818 0.430085794 -0.133111711 0.647012371
10004.695333333 55.874058839 42.972320418 1.166949070 0.618501056 0.426006497 -0.128321597 0.647694740
10004.728666667 55.870641962 42.979017454 1.170964364 0.621599466 0.421905967 -0.123525087 0.648344825
10004.762000000 55.867229777 42.985716878 1.174979078 0.624666893 0.417784407 -0.118722420 0.648962594
10004.795333333 55.863822296 42.992418689 1.178993284 0.627703184 0.413642024 -0.113913835 0.649548017
10004.828666667 55.860419527 42.999122881 1.183007055 0.630708188 0.409479024 -0.109099573 0.650101064
10004.862000000 55.857021480 43.005829451 1.187020467 0.633681757 0.405295612 -0.104279872 0.650621707
10004.895333333 55.853628160 43.012538397 1.191033594 0.636623739 0.401092001 -0.099454974 0.651109922
10004.928666667 55.850239574 43.019249711 1.195046511 0.639533990 0.396868397 -0.094625119 0.651565682
10004.962000000 55.846855727 43.025963389 1.199059292 0.642412364 0.392625011 -0.089790547 0.651988967
10004.995333333 55.843476624 43.032679425 1.203072010 0.645258718 0.388362056 -0.084951500 0.652379753
10005.028666667 55.840102269 43.039397814 1.207084742 0.648072911 0.384079743 -0.080108219 0.652738023
10005.062000000 55.836732664 43.046118549 1.211097561 0.650854801 0.379778286 -0.075260945 0.653063758
10005.095333333 55.833367809 43.052841622 1.215110541 0.653604249 0.375457901 -0.070409919 0.653356942
10005.128666667 55.830007708 43.059567025 1.219123758 0.656321120 0.371118800 -0.065555385 0.653617560
10005.162000000 55.826652357 43.066294752 1.223137284 0.659005278 0.366761202 -0.060697581 0.653845600
10005.195333333 55.823301757 43.073024794 1.227151196 0.661656588 0.362385324 -0.055836753 0.654041049
10005.228666667 55.819955904 43.079757140 1.231165567 0.664274918 0.357991382 -0.050973142 0.654203899
10005.262000000 55.816614797 43.086491782 1.235180470 0.666860140 0.353579597 -0.046106990 0.654334141
10005.295333333 55.813278431 43.093228711 1.239195982 0.669412122 0.349150189 -0.041238541 0.654431769
10005.328666667 55.809946800 43.099967915 1.243212174 0.671930738 0.344703377 -0.036368036 0.654496777
10005.362000000 55.806619899 43.106709385 1.247229120 0.674415863 0.340239384 -0.031495717 0.654529162
10005.395333333 55.803297720 43.113453108 1.251246896 0.676867373 0.335758433 -0.026621829 0.654528924
10005.428666667 55.799980257 43.120199073 1.255265573 0.679285145 0.331260746 -0.021746614 0.654496061
10005.462000000 55.796667499 43.126947268 1.259285226 0.681669060 0.326746547 -0.016870315 0.654430576
10005.495333333 55.793359437 43.133697680 1.263305928 0.684018996 0.322216063 -0.011993176 0.654332473
10005.528666667 55.790056061 43.140450298 1.267327749 0.686334840 0.317669518 -0.007115438 0.654201755
10005.562000000 55.786757360 43.147205105 1.271350766 0.688616473 0.313107139 -0.002237346 0.654038429
10005.595333333 55.783463319 43.153962090 1.275375049 0.690863784 0.308529155 0.002640858 0.653842503
10005.628666667 55.780173926 43.160721237 1.279400669 0.693076659 0.303935791 0.007518930 0.653613988
10005.662000000 55.776889166 43.167482533 1.283427701 0.695254989 0.299327279 0.012396627 0.653352894
10005.695333333 55.773609024 43.174245959 1.287456214 0.697398666 0.294703846 0.017273707 0.653059233
10005.728666667 55.770333483 43.181011504 1.291486281 0.699507582 0.290065725 0.022149925 0.652733023
10005.762000000 55.767062528 43.187779151 1.295517973 0.701581631 0.285413146 0.027025039 0.652374278
10005.795333333 55.763796138 43.194548881 1.299551358 0.703620711 0.280746341 0.031898806 0.651983017
10005.828666667 55.760534296 43.201320679 1.303586510 0.705624719 0.276065543 0.036770984 0.651559258
10005.862000000 55.757276981 43.208094528 1.307623497 0.707593558 0.271370983 0.041641328 0.651103023
10005.895333333 55.754024173 43.214870409 1.311662389 0.709527126 0.266662899 0.046509597 0.650614335
10005.928666667 55.750775849 43.221648305 1.315703256 0.711425331 0.261941523 0.051375548 0.650093217
10005.962000000 55.747531988 43.228428197 1.319746165 0.713288074 0.257207091 0.056238938 0.649539697
10005.995333333 55.744292565 43.235210066 1.323791186 0.715115265 0.252459839 0.061099525 0.648953801
10006.028666667 55.741057557 43.241993893 1.327838387 0.716906812 0.247700002 0.065957067 0.648335560
10006.062000000 55.737826937 43.248779659 1.331887835 0.718662625 0.242927820 0.070811320 0.647685002
10006.095333333 55.734600681 43.255567342 1.335939598 0.720382618 0.238143529 0.075662045 0.647002162
10006.128666667 55.731378760 43.262356924 1.339993740 0.722066705 0.233347369 0.080508999 0.646287073
10006.162000000 55.728161146 43.269148382 1.344050332 0.723714801 0.228539577 0.085351938 0.645539770
10006.195333333 55.724947813 43.275941696 1.348109436 0.725326824 0.223720395 0.090190625 0.644760292
10006.228666667 55.721738729 43.282736843 1.352171117 0.726902694 0.218890061 0.095024816 0.643948677
10006.262000000 55.718533864 43.289533803 1.356235443 0.728442333 0.214048817 0.099854270 0.643104965
10006.295333333 55.715333186 43.296332554 1.360302476 0.729945665 0.209196904 0.104678747 0.642229197
10006.328666667 55.712136664 43.303133071 1.364372278 0.731412612 0.204334564 0.109498007 0.641321419
10006.362000000 55.708944266 43.309935332 1.368444915 0.732843103 0.199462040 0.114311809 0.640381676
10006.395333333 55.705755955 43.316739314 1.372520448 0.734237067 0.194579572 0.119119913 0.639410014
10006.428666667 55.702571699 43.323544993 1.376598940 0.735594435 0.189687407 0.123922080 0.638406480
10006.462000000 55.699391462 43.330352346 1.380680452 0.736915136 0.184785788 0.128718070 0.637371127
10006.495333333 55.696215208 43.337161347 1.384765043 0.738199109 0.179874957 0.133507643 0.636304004
10006.528666667 55.693042901 43.343971972 1.388852776 0.739446286 0.174955161 0.138290564 0.635205165
10006.562000000 55.689874500 43.350784196 1.392943710 0.740656606 0.170026645 0.143066590 0.634074667
10006.595333333 55.686709969 43.357597994 1.397037901 0.741830010 0.165089654 0.147835486 0.632912562
10006.628666667 55.683549268 43.364413339 1.401135410 0.742966437 0.160144434 0.152597014 0.631718913
10006.662000000 55.680392357 43.371230206 1.405236294 0.744065833 0.155191231 0.157350935 0.630493775
10006.695333333 55.677177169 43.377188020 1.410061987 0.742867754 0.151738503 0.156985206 0.632833763
10006.728666667 55.673626229 43.383255252 1.413552278 0.740730721 0.148328117 0.153771663 0.636923107
10006.762000000 55.670632285 43.389576752 1.417775023 0.739718370 0.144100078 0.150135211 0.639930714
10006.795333333 55.666748097 43.397058180 1.422746974 0.738211374 0.139064981 0.145420891 0.643861525
10006.828666667 55.662703859 43.404557435 1.427660589 0.736371754 0.134416506 0.140553301 0.648022849
10006.862000000 55.660175327 43.409723451 1.430853589 0.734770658 0.131605230 0.137100904 0.651149357
10006.895333333 55.657314187 43.416171108 1.434506737 0.732860807 0.129238993 0.133680644 0.654478269
10006.928666667 55.655597779 43.421878766 1.437122128 0.730675555 0.126921664 0.130025008 0.658101529
10006.962000000 55.654761904 43.425722166 1.438482572 0.728948309 0.125010858 0.127046049 0.660958357
10006.995333333 55.653397750 43.430378163 1.440473298 0.727061553 0.122501681 0.123415069 0.664186387
10007.028666667 55.652066916 43.435961416 1.442728269 0.724964738 0.119453319 0.119285287 0.667778446
10007.062000000 55.650503021 43.441092819 1.445242458 0.722936579 0.117151816 0.116308696 0.670902707
10007.095333333 55.649724543 43.445979553 1.447635344 0.720767081 0.115373823 0.113326768 0.674048024
10007.128666667 55.647050296 43.452446650 1.451302233 0.717858526 0.113713612 0.111026941 0.677806292
10007.162000000 55.643766069 43.459785296 1.456360986 0.715025623 0.112567283 0.109641072 0.681209073
10007.195333333 55.642497599 43.465228326 1.459623272 0.712772106 0.111418431 0.107459842 0.684101045
10007.228666667 55.641039033 43.470019204 1.463122375 0.710829783 0.109290923 0.104650108 0.686895093
10007.262000000 55.638276372 43.473166617 1.466231761 0.709240977 0.107291715 0.102761141 0.689134147
10007.295333333 55.636198506 43.475529552 1.468721969 0.707848623 0.104682580 0.100046775 0.691362804
10007.328666667 55.634368738 43.477395174 1.471243061 0.706631163 0.101762741 0.097061532 0.693466512
10007.362000000 55.633106047 43.478539259 1.473310645 0.705803339 0.099774214 0.095142611 0.694863034
10007.395333333 55.631971219 43.479700420 1.475704247 0.704892243 0.098460235 0.094062496 0.696121221
10007.428666667 55.630595143 43.483537608 1.479050369 0.703469192 0.098299495 0.093971287 0.697594225
10007.462000000 55.628268616 43.485337821 1.481335444 0.702383631 0.098671350 0.094907659 0.698508221
10007.495333333 55.626177790 43.485693091 1.483211895 0.701642198 0.098855863 0.095851957 0.699098095
10007.528666667 55.623992134 43.487555242 1.485546851 0.701177364 0.097729933 0.095621650 0.699754003
10007.562000000 55.621931590 43.489016670 1.487752853 0.700886825 0.096186327 0.094940330 0.700351471
10007.595333333 55.618996703 43.489485149 1.490871935 0.700687555 0.093701110 0.093855689 0.701033638
10007.628666667 55.615778724 43.488696351 1.495129852 0.700469194 0.091356071 0.093186264 0.701650409
10007.662000000 55.613492968 43.488158003 1.499384371 0.700197798 0.090251524 0.093132093 0.702071307
10007.695333333 55.611147911 43.486984328 1.505306853 0.699834177 0.089541156 0.093473057 0.702479390
10007.728666667 55.609076543 43.485102382 1.512744991 0.699377059 0.088948107 0.093849761 0.702959591
10007.762000000 55.607812593 43.483399503 1.519329433 0.698981431 0.088263584 0.093923619 0.703429351
10007.795333333 55.607043933 43.481453208 1.527663455 0.698513531 0.086788112 0.093297341 0.704160689
10007.828666667 55.607170976 43.479681843 1.537217404 0.697891326 0.085014247 0.092300489 0.705124737
10007.862000000 55.607926089 43.479410917 1.545338505 0.697129597 0.083945277 0.091551188 0.706103317
10007.895333333 55.610835840 43.479352694 1.554408018 0.696130356 0.083635370 0.091025540 0.707193045
10007.928666667 55.614600461 43.479915331 1.563790811 0.694781366 0.084407944 0.091435362 0.708374002
10007.962000000 55.617794875 43.480859184 1.570645864 0.693615306 0.085795545 0.092395594 0.709224919
10007.995333333 55.621666814 43.482869496 1.578392111 0.692363115 0.087310777 0.093329138 0.710140703
10008.028666667 55.626617778 43.484667598 1.585871776 0.691216939 0.088972000 0.094415137 0.710907103
10008.062000000 55.630983064 43.485503960 1.590358327 0.690437558 0.090042148 0.095232662 0.711420502
10008.095333333 55.636373255 43.485276655 1.595738814 0.689827375 0.091462103 0.096590794 0.711648153
10008.128666667 55.643154280 43.485193858 1.600359662 0.689185015 0.094004122 0.098909966 0.711620727
10008.162000000 55.648673500 43.484792277 1.603565214 0.688750797 0.096577834 0.101249394 0.711367431
10008.195333333 55.655084207 43.484024593 1.606177641 0.688498066 0.099915363 0.104174892 0.710728447
10008.228666667 55.662230534 43.482584761 1.608037735 0.688452156 0.103254774 0.107060966 0.709866206
10008.262000000 55.667712829 43.480824614 1.609247844 0.688669674 0.105537509 0.108937082 0.709033587
10008.295333333 55.673259208 43.478427246 1.610630244 0.689152833 0.107738180 0.110556169 0.707981773
10008.328666667 55.678144240 43.475665446 1.612280623 0.689843638 0.109960140 0.111982097 0.706742197
10008.362000000 55.680985394 43.473156578 1.613602109 0.690458433 0.111560626 0.112887544 0.705746258
10008.395333333 55.682893302 43.469600433 1.615005163 0.691273237 0.113404561 0.113932978 0.704485623
10008.428666667 55.683528585 43.465870234 1.616281587 0.692045458 0.115316257 0.114886729 0.703261178
10008.462000000 55.682882905 43.463079182 1.617168552 0.692610738 0.116369187 0.115235481 0.702473744
10008.495333333 55.680355576 43.460175372 1.618015451 0.693214630 0.116647714 0.114979827 0.701873512
10008.528666667 55.675676394 43.457225429 1.618730623 0.693901213 0.115869717 0.113808564 0.701514737
10008.562000000 55.670521651 43.454946366 1.619079364 0.694454174 0.114170699 0.111938293 0.701547055
10008.595333333 55.663160792 43.452445873 1.619529607 0.695105119 0.111205788 0.108898054 0.701857079
10008.628666667 55.653443920 43.449804161 1.619810733 0.695738497 0.107005174 0.104665541 0.702526129
10008.662000000 55.644876497 43.447822027 1.619970797 0.696174175 0.103344224 0.101003018 0.703178412
10008.695333333 55.634546206 43.445957425 1.620405567 0.696537532 0.099472625 0.096927522 0.703950083
10008.728666667 55.622290393 43.444154880 1.621201133 0.696807079 0.095350192 0.092398779 0.704862185
10008.762000000 55.611880628 43.442896383 1.622139316 0.696978595 0.091982111 0.088569354 0.705631347
10008.795333333 55.599224116 43.441701522 1.623214704 0.697095413 0.087562843 0.083523623 0.706692676
10008.828666667 55.584595221 43.440823819 1.624353683 0.697194478 0.081906030 0.077183046 0.707992966
10008.862000000 55.572566271 43.440455678 1.625308842 0.697273525 0.076831465 0.071585648 0.709071261
10008.895333333 55.558666554 43.440568098 1.626198563 0.697354440 0.070733520 0.064890875 0.710269476
10008.928666667 55.542860006 43.440408447 1.627539907 0.697326539 0.063640310 0.057075167 0.711637573
10008.962000000 55.531636470 43.439948569 1.628536989 0.697248027 0.058429232 0.051281886 0.712601840
10008.995333333 55.517939117 43.440444719 1.629277302 0.697113083 0.052564826 0.044416418 0.713650804
10009.028666667 55.503276884 43.441485970 1.630151366 0.697004938 0.046931269 0.037293868 0.714556324
10009.062000000 55.492622428 43.442330331 1.631053489 0.696964230 0.043168445 0.032158609 0.715082633
10009.095333333 55.481869942 43.442640061 1.632591492 0.697056862 0.039216266 0.026389625 0.715456081
10009.128666667 55.470949140 43.442665707 1.634442284 0.697234842 0.034627533 0.019805190 0.715731977
10009.162000000 55.462948933 43.442697322 1.635782117 0.697421678 0.030904990 0.014599510 0.715845472
10009.195333333 55.455376354 43.442520264 1.637174928 0.697659266 0.026862112 0.009078040 0.715868399
10009.228666667 55.448590949 43.442005151 1.638608037 0.697944424 0.022924367 0.003593053 0.715775903
10009.262000000 55.444488611 43.441385478 1.639614064 0.698183344 0.020301108 -0.000246393 0.715631066
10009.295333333 55.441558620 43.440288235 1.640468488 0.698489057 0.017828427 -0.003910585 0.715387931
10009.328666667 55.440170841 43.438869649 1.640832460 0.698874634 0.015716497 -0.007233794 0.715034901
10009.362000000 55.440346960 43.437540091 1.640715060 0.699215644 0.014563871 -0.009239861 0.714702737
10009.395333333 55.442291160 43.435612029 1.639998444 0.699696014 0.013983605 -0.010505037 0.714226568
10009.428666667 55.446329810 43.433089696 1.638569906 0.700360690 0.014059515 -0.010949788 0.713566630
10009.462000000 55.450819529 43.430861172 1.637072177 0.700973807 0.014787730 -0.010484055 0.712956611
10009.495333333 55.457342395 43.428224708 1.635134287 0.701719894 0.016379642 -0.008940355 0.712208514
10009.528666667 55.466061750 43.425220666 1.632740491 0.702591296 0.018684090 -0.006434927 0.711319174
10009.562000000 55.474123277 43.422923176 1.630622748 0.703310976 0.020823610 -0.003880815 0.710566667
10009.595333333 55.484055844 43.419931560 1.628205417 0.704163760 0.023261883 -0.000554837 0.709656238
10009.628666667 55.496486844 43.417290894 1.625270270 0.705169520 0.026544593 0.003867977 0.708531137
10009.662000000 55.507293562 43.414632128 1.623015238 0.705967632 0.029586682 0.008040484 0.707580159
10009.695333333 55.519953809 43.412406510 1.620233962 0.706771724 0.033516759 0.013203542 0.706523902
10009.728666667 55.535022185 43.411161150 1.616730532 0.707564610 0.038675742 0.019316112 0.705325029
10009.762000000 55.546813085 43.410424933 1.613921648 0.708060716 0.042696298 0.024040007 0.704449520
10009.795333333 55.561899412 43.410038605 1.610318589 0.708474863 0.047899867 0.029964325 0.703470760
10009.828666667 55.579092767 43.410125293 1.606350260 0.708751406 0.053775901 0.036483601 0.702458927
10009.862000000 55.591765881 43.410544973 1.603516061 0.708826478 0.058151783 0.041263193 0.701769722
10009.895333333 55.607569568 43.411338353 1.600190336 0.708677395 0.064219464 0.047622672 0.700988082
10009.928666667 55.625812170 43.412671586 1.596569034 0.708292090 0.071513267 0.055149962 0.700119026
10009.962000000 55.638687183 43.413991658 1.594084589 0.707937150 0.076603618 0.060414785 0.699504775
10009.995333333 55.653890658 43.416012412 1.591498181 0.707386139 0.082104762 0.066100042 0.698923774
10010.028666667 55.670452358 43.418662964 1.588843689 0.706718868 0.087577552 0.071672918 0.698384999
10010.062000000 55.681815734 43.420821573 1.587189616 0.706235877 0.091068790 0.075221708 0.698053763
10010.095333333 55.694566078 43.423800515 1.585460911 0.705612182 0.094708428 0.079043643 0.697777805
10010.128666667 55.708149387 43.427194938 1.583496943 0.704831362 0.098677241 0.083331844 0.697517997
10010.162000000 55.717774392 43.429657355 1.582116919 0.704228367 0.101617869 0.086521455 0.697316466
10010.195333333 55.726152162 43.431866981 1.581150495 0.703622368 0.104481950 0.089564721 0.697120682
10010.228666667 55.734623935 43.434363856 1.580354171 0.702852279 0.107929676 0.093216908 0.696893440
10010.262000000 55.740358114 43.436188283 1.579862581 0.702230043 0.110812209 0.096204294 0.696662296
10010.295333333 55.744411010 43.437691078 1.579345719 0.701530226 0.113663512 0.099164526 0.696492889
10010.328666667 55.746704749 43.438719403 1.578816254 0.700851300 0.115679206 0.101488066 0.696509834
10010.362000000 55.747052474 43.438991049 1.578448581 0.700482309 0.116130213 0.102324449 0.696683584
10010.395333333 55.744953542 43.438489567 1.578129004 0.700316781 0.114933250 0.101983084 0.697098418
10010.428666667 55.740374206 43.437270308 1.578055701 0.700427055 0.112096536 0.100367461 0.697683797
10010.462000000 55.736166854 43.436052775 1.578367430 0.700696785 0.109401540 0.098656860 0.698084625
10010.495333333 55.729062811 43.434348901 1.579128923 0.701093292 0.105831302 0.096082177 0.698595840
10010.528666667 55.719286615 43.432432058 1.580443799 0.701489065 0.101550458 0.092642989 0.699298129
10010.562000000 55.710511200 43.431052674 1.581845562 0.701707174 0.098023198 0.089505681 0.699990877
10010.595333333 55.700067583 43.429805939 1.583655850 0.701753694 0.094017697 0.085607360 0.700980603
10010.628666667 55.685701487 43.428830884 1.585865994 0.701561465 0.088406192 0.079882491 0.702577144
10010.662000000 55.673657279 43.428443209 1.587570211 0.701286328 0.083576647 0.074848042 0.703995881
10010.695333333 55.658491036 43.428764258 1.589567909 0.700823491 0.077372814 0.068106570 0.705847984
10010.728666666 55.639866072 43.429433577 1.592087928 0.700209501 0.069592307 0.059714883 0.708023797
10010.762000000 55.624302909 43.430157982 1.594214415 0.699676968 0.062908056 0.052649577 0.709734274
10010.795333333 55.606409237 43.431180152 1.596598370 0.698965169 0.055336893 0.044586209 0.711616182
10010.828666666 55.586102565 43.432494673 1.599301383 0.698006156 0.047316663 0.035785100 0.713630133
10010.862000000 55.565993052 43.433983587 1.601831763 0.696943907 0.040060570 0.027479463 0.715478315
10010.895333333 55.550056808 43.435243482 1.603833042 0.696028290 0.034450372 0.020907156 0.716882614
10010.928666666 55.532011867 43.436777530 1.605765971 0.695016895 0.027679162 0.012979486 0.718343172
10010.962000000 55.511762915 43.438520846 1.607475871 0.693863009 0.019552320 0.003546494 0.719832796
10010.995333333 55.495932268 43.439838035 1.608827841 0.692938453 0.012834425 -0.004239500 0.720870033
10011.028666666 55.479587114 43.441126203 1.610408540 0.691997701 0.005600303 -0.012674054 0.721766712
10011.062000000 55.462167383 43.442389585 1.612212459 0.691040479 -0.002098314 -0.021762885 0.722485315
10011.095333333 55.449023908 43.443132434 1.613746874 0.690353390 -0.007857686 -0.028694738 0.722860336
10011.128666666 55.436093754 43.443341749 1.615689563 0.689737874 -0.013662712 -0.035809183 0.723044050
10011.162000000 55.423102966 43.442725145 1.617957981 0.689167666 -0.019751970 -0.043217647 0.723042200
10011.195333333 55.414200196 43.441849367 1.619930643 0.688830939 -0.024161436 -0.048695948 0.722880949
10011.228666666 55.407028443 43.440846362 1.621967765 0.688713339 -0.027824977 -0.053605099 0.722513807
10011.262000000 55.401459598 43.439649609 1.623920421 0.688848261 -0.030357080 -0.057906815 0.721951052
10011.295333333 55.399048247 43.438383077 1.625034472 0.689184434 -0.031187881 -0.060321391 0.721396882
10011.328666666 55.399205229 43.436779257 1.625388030 0.689734821 -0.030948947 -0.061780604 0.720757377
10011.362000000 55.401630725 43.434474652 1.624815457 0.690484874 -0.030076671 -0.062536754 0.720010547
10011.395333333 55.405194134 43.432169977 1.623666244 0.691203907 -0.028910852 -0.062413187 0.719378840
10011.428666666 55.410875796 43.429150210 1.621975872 0.692149721 -0.026987031 -0.061209982 0.718647203
10011.462000000 55.419162379 43.425128928 1.619817464 0.693498485 -0.023970617 -0.058592111 0.717671391
10011.495333333 55.426721920 43.421712668 1.618129983 0.694735273 -0.021263373 -0.055921772 0.716772994
10011.528666666 55.435190821 43.417849505 1.616805506 0.696152848 -0.019090507 -0.053110586 0.715671734
10011.562000000 55.444252942 43.413146040 1.616224128 0.697807635 -0.017778499 -0.050448184 0.714285245
10011.595333333 55.450713373 43.409255564 1.616679890 0.699112795 -0.017533318 -0.048838609 0.713125986
10011.628666666 55.456234758 43.405437444 1.618185523 0.700474166 -0.017837491 -0.047631673 0.711863042
10011.662000000 55.461118995 43.400913971 1.621415496 0.702129179 -0.018110221 -0.046314983 0.710310888
10011.695333333 55.463744186 43.396554632 1.625164284 0.703427913 -0.018397697 -0.045249183 0.709086177
10011.728666666 55.464336787 43.392370276 1.629608392 0.704680057 -0.019299979 -0.044930196 0.707838121
10011.762000000 55.462687095 43.388078531 1.634812901 0.705900879 -0.021771321 -0.046012143 0.706479186
10011.795333333 55.459611038 43.384576432 1.638992790 0.706632411 -0.024916113 -0.047929785 0.705515810
10011.828666666 55.454622603 43.380872288 1.643168019 0.707058488 -0.028944061 -0.050746605 0.704737765
10011.862000000 55.447802012 43.376596710 1.647931671 0.707287550 -0.033163691 -0.053980075 0.704081418
10011.895333333 55.441678072 43.373000700 1.651917895 0.707294289 -0.035666457 -0.056187936 0.703779517
10011.928666666 55.434995794 43.369027666 1.656291736 0.707235328 -0.036730256 -0.057706143 0.703661197
10011.962000000 55.427095745 43.364464136 1.661444537 0.706980611 -0.037332493 -0.059386953 0.703745615
10011.995333333 55.420182861 43.360839324 1.665559409 0.706506353 -0.038086883 -0.061139201 0.704031364
10012.028666666 55.412863424 43.357280900 1.669555600 0.705739745 -0.039301153 -0.063800694 0.704497199
10012.062000000 55.404425733 43.353142505 1.673919417 0.704880493 -0.040820029 -0.067089096 0.704965438
10012.095333333 55.397390053 43.349635758 1.677508173 0.704259022 -0.041911510 -0.069699330 0.705269210
10012.128666666 55.390037672 43.345328181 1.681646452 0.703856729 -0.042633102 -0.072276081 0.705368195
10012.162000000 55.381646225 43.339425871 1.686621060 0.703597156 -0.043585640 -0.075249010 0.705258053
10012.195333333 55.374564310 43.333801350 1.690772018 0.703384592 -0.044800805 -0.077933477 0.705102387
10012.228666666 55.366831886 43.327082923 1.694910151 0.703007186 -0.046785366 -0.081310231 0.704968561
10012.262000000 55.357648380 43.318792533 1.699063907 0.702350255 -0.050031452 -0.085973487 0.704847170
10012.295333333 55.349819207 43.311673677 1.701878614 0.701544877 -0.053682313 -0.090540510 0.704808776
10012.328666666 55.341619106 43.304240249 1.704214999 0.700416926 -0.058423137 -0.095824505 0.704854972
10012.362000000 55.331847629 43.294270913 1.706469932 0.698921979 -0.064394450 -0.102162701 0.704928510
10012.395333333 55.323753145 43.285335069 1.708215637 0.697599087 -0.069397970 -0.107312556 0.704998901
10012.428666666 55.314910380 43.275424542 1.709858258 0.696112361 -0.075057413 -0.112710421 0.705046329
10012.462000000 55.304481189 43.263082374 1.711224707 0.694090895 -0.082536572 -0.119537494 0.705078954
10012.495333333 55.296451035 43.253260218 1.711841034 0.692254966 -0.088944715 -0.125225690 0.705117314
10012.528666666 55.287441571 43.241770934 1.711901994 0.689870380 -0.096768616 -0.132164383 0.705157620
10012.562000000 55.276994869 43.228032863 1.711771242 0.686977344 -0.105891821 -0.140409532 0.705077452
10012.595333333 55.268965822 43.217206333 1.711739887 0.684598303 -0.113087298 -0.147153098 0.704898852
10012.628666666 55.260141399 43.205825555 1.712306695 0.681790385 -0.121652802 -0.155361614 0.704432562
10012.662000000 55.250054418 43.193466525 1.713785743 0.678423816 -0.132136312 -0.165454591 0.703495487
10012.695333333 55.242266371 43.184368114 1.715772088 0.675742004 -0.140612298 -0.173629349 0.702462650
10012.728666666 55.233500920 43.174239444 1.718719168 0.672744533 -0.149897981 -0.182864636 0.701074827
10012.762000000 55.223007297 43.162200758 1.722885217 0.669627145 -0.159279790 -0.192821424 0.699320623
10012.795333333 55.215267248 43.153292386 1.726476040 0.667767968 -0.164833518 -0.199174381 0.698029669
10012.828666666 55.206347004 43.142615947 1.731041562 0.666190586 -0.169882635 -0.205504924 0.696489569
10012.862000000 55.195170677 43.129905923 1.736251564 0.664427094 -0.176003258 -0.212951929 0.694414117
10012.895333333 55.185678372 43.119991605 1.740034335 0.662989333 -0.181395432 -0.219076528 0.692492828
10012.928666666 55.174820749 43.109267700 1.743498100 0.661493139 -0.187757049 -0.225776512 0.690071797
10012.962000000 55.161138892 43.096542669 1.747330940 0.659897973 -0.195357511 -0.233316732 0.686974097
10012.995333333 55.149247979 43.085377159 1.750386386 0.658902919 -0.201226630 -0.238831934 0.684334782
10013.028666666 55.136267552 43.072385042 1.753192916 0.658644969 -0.206082006 -0.242987675 0.681670009
10013.062000000 55.120276527 43.057078715 1.756207872 0.658827159 -0.210987256 -0.246879307 0.678588064
10013.095333333 55.106923290 43.045155558 1.758539534 0.659072885 -0.214930410 -0.249741418 0.676059965
10013.128666666 55.090147953 43.030351093 1.760859861 0.659041555 -0.221125001 -0.254027252 0.672486518
10013.162000000 55.068839915 43.012766473 1.763383159 0.658335036 -0.230227754 -0.260289626 0.667712118
10013.195333333 55.051023672 42.998553802 1.765248340 0.657413177 -0.238206840 -0.265738777 0.663662805
10013.228666666 55.032142220 42.983182429 1.767247609 0.656661099 -0.245599611 -0.270797326 0.659655849
10013.262000000 55.010002899 42.964595363 1.769811145 0.656161675 -0.252660382 -0.275502404 0.655524991
10013.295333333 54.991856780 42.949219751 1.772055843 0.655755121 -0.257671183 -0.278746145 0.652603531
10013.328666666 54.972983055 42.933756426 1.774415635 0.654923356 -0.262564106 -0.281965727 0.650100620
10013.362000000 54.951442735 42.916458539 1.777306780 0.653795413 -0.267658352 -0.285367153 0.647669786
10013.395333333 54.933570459 42.902774965 1.780101871 0.652521841 -0.271941694 -0.288373391 0.645835698
10013.428666666 54.915165177 42.889675872 1.783417124 0.650355840 -0.277408341 -0.292514219 0.643830199
10013.462000000 54.893768552 42.875466543 1.787455385 0.646949071 -0.284933257 -0.298347293 0.641294652
10013.495333333 54.877081819 42.865115104 1.790612444 0.643758495 -0.291405733 -0.303390325 0.639227667
10013.528666666 54.858480453 42.854173392 1.794356371 0.640095146 -0.298205067 -0.308770752 0.637191153
10013.562000000 54.836602260 42.841030556 1.799030014 0.636388521 -0.304584515 -0.313893393 0.635380879
10013.595333333 54.820864542 42.831410418 1.802606336 0.634233535 -0.307946924 -0.316701364 0.634520891
10013.628666666 54.803226944 42.819947905 1.805931657 0.632077524 -0.310982925 -0.319469455 0.633803512
10013.662000000 54.782428059 42.806018228 1.808383519 0.629157579 -0.315053994 -0.323310182 0.632749751
10013.695333333 54.765991468 42.795305884 1.809373865 0.626371913 -0.318941420 -0.327022486 0.631657257
10013.728666666 54.749865198 42.785228129 1.809733972 0.623440277 -0.322960395 -0.330904785 0.630492528
10013.762000000 54.728911481 42.771852829 1.809663505 0.620144153 -0.327291577 -0.335248675 0.629213620
10013.795333333 54.711823480 42.760638251 1.809471792 0.617933733 -0.330143464 -0.338191102 0.628323144
10013.828666666 54.692601458 42.748046379 1.809529537 0.616059255 -0.332676763 -0.340744204 0.627447649
10013.862000000 54.668432460 42.732699342 1.810071630 0.613675999 -0.336161912 -0.343952122 0.626173997
10013.895333333 54.648835076 42.721016581 1.810921311 0.611334531 -0.339754095 -0.346988154 0.624849156
10013.928666666 54.628059770 42.709576040 1.811829159 0.608080624 -0.344604312 -0.350875967 0.623194896
10013.962000000 54.603424168 42.696109790 1.812708483 0.603941203 -0.350429624 -0.355504558 0.621345807
10013.995333333 54.582795521 42.684923552 1.813383873 0.600399429 -0.355071767 -0.359314189 0.619949901
10014.028666666 54.561773469 42.674130463 1.814233942 0.596575004 -0.359916459 -0.363406601 0.618461033
10014.062000000 54.539030068 42.663079959 1.815669505 0.592309345 -0.365407552 -0.368134467 0.616541949
10014.095333333 54.520184176 42.654482553 1.817461044 0.588631909 -0.370228840 -0.372414803 0.614613941
10014.128666666 54.497507358 42.644561195 1.820379569 0.584133524 -0.376154769 -0.377704436 0.612074321
10014.162000000 54.471382540 42.632829977 1.823783150 0.579511905 -0.381871566 -0.382997953 0.609633191
10014.195333333 54.452213559 42.623962607 1.826143368 0.576744353 -0.384820872 -0.386018386 0.608497045
10014.228666666 54.430815461 42.613617784 1.828239967 0.574429443 -0.386566130 -0.388445140 0.608036031
10014.262000000 54.404848358 42.600768999 1.830172787 0.571917375 -0.387994293 -0.391003906 0.607854334
10014.295333333 54.386156396 42.591312623 1.831178793 0.570159274 -0.388852669 -0.392781123 0.607811643
10014.328666666 54.365390308 42.580808257 1.831994819 0.567977750 -0.390152892 -0.395077871 0.607532281
10014.362000000 54.339780822 42.567894411 1.832853012 0.565503192 -0.391531113 -0.397737716 0.607218443
10014.395333333 54.320786960 42.558118718 1.833262703 0.564069209 -0.392085487 -0.399382021 0.607115228
10014.428666666 54.299795263 42.546815160 1.833292002 0.562862470 -0.392408267 -0.400981396 0.606972415
10014.462000000 54.274034816 42.532534458 1.832830732 0.561444795 -0.393053673 -0.403097968 0.606465647
10014.495333333 54.254797744 42.522133722 1.832121230 0.560278658 -0.393854480 -0.404903180 0.605821664
10014.528666666 54.233527785 42.510905064 1.830621956 0.558767206 -0.394999339 -0.407266046 0.604887675
10014.562000000 54.207457454 42.496749812 1.828164646 0.557119683 -0.395929616 -0.409899110 0.604019964
10014.595333333 54.186753692 42.485122451 1.825999041 0.556214670 -0.395930852 -0.411632460 0.603674349
10014.628666666 54.166724427 42.473427282 1.823861278 0.555571359 -0.395491044 -0.413284009 0.603426571
10014.662000000 54.142627672 42.459361631 1.821629832 0.554630031 -0.395137668 -0.415620274 0.602919181
10014.695333333 54.121976453 42.447235799 1.820181322 0.553647757 -0.395138510 -0.417954630 0.602207312
10014.728666666 54.101876407 42.435156117 1.819181221 0.552602213 -0.395446601 -0.420384434 0.601273405
10014.762000000 54.078220917 42.420664096 1.818261174 0.551560732 -0.395735417 -0.423158235 0.600092782
10014.795333333 54.058666680 42.408695479 1.817765213 0.550927183 -0.395868730 -0.425289571 0.599079267
10014.828666666 54.038898924 42.396688179 1.817669525 0.550412994 -0.396093570 -0.427296940 0.597973866
10014.862000000 54.015691712 42.382872332 1.817705498 0.549514331 -0.396835103 -0.429852230 0.596475449
10014.895333333 53.996534617 42.371859502 1.817938961 0.548534843 -0.397747288 -0.432043887 0.595184594
10014.928666666 53.976894190 42.360727351 1.818527367 0.547609810 -0.398547510 -0.434041413 0.594046656
10014.962000000 53.953149715 42.347390039 1.819650644 0.546621133 -0.399344909 -0.436063603 0.592939722
10014.995333333 53.934183373 42.336803675 1.820888836 0.545867612 -0.399906435 -0.437409621 0.592263638
10015.028666666 53.913414661 42.325181468 1.822141581 0.544874319 -0.400573019 -0.438768451 0.591722469
10015.062000000 53.887457605 42.310948053 1.823316458 0.543328635 -0.401600858 -0.440454007 0.591194564
10015.095333333 53.867570490 42.300295601 1.823822269 0.541906776 -0.402617880 -0.441789699 0.590811096
10015.128666666 53.844350908 42.288459886 1.824027001 0.539654407 -0.404722243 -0.443822918 0.589910370
10015.162000000 53.817002909 42.275343797 1.824635751 0.536334794 -0.408223850 -0.446819349 0.588260781
10015.195333333 53.793315072 42.264943379 1.825732396 0.532970317 -0.412244754 -0.449899993 0.586162861
10015.228666666 53.768137228 42.254468485 1.827600392 0.529562554 -0.416793742 -0.453040200 0.583610362
10015.262000000 53.739241788 42.242713634 1.830419196 0.526635422 -0.421291478 -0.455789331 0.580882697
10015.295333333 53.713284775 42.232410143 1.833134541 0.525143107 -0.424203845 -0.457320387 0.578907487
10015.328666666 53.688651538 42.222954899 1.835723456 0.524777528 -0.425763286 -0.457908946 0.577627533
10015.362000000 53.656895580 42.211227578 1.838710496 0.524878631 -0.427074738 -0.458264545 0.576283955
10015.395333333 53.627964945 42.201246219 1.841182789 0.524988220 -0.428147612 -0.458674046 0.575060963
10015.428666666 53.601518731 42.193154707 1.843207427 0.524572166 -0.429586181 -0.459599473 0.573627126
10015.462000000 53.570913401 42.184486906 1.845032992 0.523670398 -0.431564003 -0.461048251 0.571800958
10015.495333333 53.542654467 42.176839875 1.846145444 0.522838408 -0.433151382 -0.462295099 0.570353505
10015.528666666 53.513561859 42.168933498 1.846767716 0.522498020 -0.433958894 -0.462986835 0.569489849
10015.562000000 53.481338950 42.160121227 1.846918825 0.522644903 -0.434019569 -0.463196535 0.569138198
10015.595333333 53.453944487 42.152776790 1.846667340 0.522990393 -0.433622663 -0.463121098 0.569184753
10015.628666666 53.426087515 42.146129695 1.846175176 0.523055978 -0.433348787 -0.463217268 0.569254807
10015.662000000 53.393326283 42.139071413 1.845589170 0.522581541 -0.433550867 -0.463779628 0.569078760
10015.695333333 53.365239128 42.133349501 1.845078765 0.521706394 -0.434219280 -0.464613085 0.568692128
10015.728666666 53.337101967 42.128004669 1.844254249 0.520268802 -0.435362860 -0.465763058 0.568193917
10015.762000000 53.304240096 42.121995453 1.842842768 0.518687712 -0.436353999 -0.466870395 0.567970315
10015.795333333 53.275985598 42.116806233 1.841358782 0.518011774 -0.436360288 -0.467076047 0.568413113
10015.828666666 53.247064771 42.111541420 1.839954526 0.518305668 -0.435265723 -0.466206096 0.569697167
10015.862000000 53.213448340 42.105198944 1.838601543 0.518938333 -0.433599625 -0.464748800 0.571579325
10015.895333333 53.185188386 42.099609034 1.837660647 0.519550989 -0.432130130 -0.463305069 0.573305096
10015.928666666 53.157092775 42.094318742 1.836884937 0.519991292 -0.430850175 -0.461878778 0.575017545
10015.962000000 53.123705579 42.088326403 1.836013305 0.519873946 -0.430045435 -0.460633735 0.576722260
10015.995333333 53.094870546 42.083100327 1.835209386 0.519160105 -0.430114691 -0.460028730 0.577795557
10016.028666666 53.066299452 42.077992810 1.834322129 0.517777257 -0.431067528 -0.460034157 0.578321773
10016.062000000 53.032769436 42.071946206 1.833261187 0.515943057 -0.432748824 -0.460279942 0.578509803
10016.095333333 53.004047441 42.066414332 1.832403012 0.514577281 -0.434280298 -0.460392260 0.578489249
10016.128666666 52.977236000 42.060794974 1.831872099 0.513876880 -0.435306202 -0.460120309 0.578557139
10016.162000000 52.943897183 42.053239579 1.831074209 0.513701715 -0.436017571 -0.459256109 0.578863587
10016.195333333 52.911521920 42.045548887 1.829919136 0.513860819 -0.436402798 -0.458207045 0.579263292
10016.228666666 52.879574476 42.037541150 1.828495278 0.513726773 -0.436919267 -0.457490114 0.579559447
10016.262000000 52.843865002 42.028249539 1.826605653 0.512658663 -0.438206949 -0.457571514 0.579468786
10016.295333333 52.813437936 42.020460720 1.824783011 0.510877527 -0.439961740 -0.458476766 0.578996438
10016.328666666 52.782272373 42.012320587 1.822641595 0.508640517 -0.441954248 -0.459802908 0.578396536
10016.362000000 52.745249056 42.002218252 1.820368100 0.506124651 -0.444090352 -0.461401638 0.577693799
10016.395333333 52.714375800 41.993810847 1.819047368 0.503875703 -0.446050920 -0.463030742 0.576845200
10016.428666666 52.684663651 41.986263164 1.818437507 0.500843223 -0.449090871 -0.465481724 0.575152345
10016.462000000 52.647033706 41.976718010 1.818554717 0.496201957 -0.454067279 -0.469240366 0.572206259
10016.495333333 52.613972484 41.968107669 1.819224154 0.492174455 -0.458493768 -0.472478902 0.569483501
10016.528666666 52.582937545 41.959723174 1.820197881 0.489823337 -0.461110452 -0.474453191 0.567753837
10016.562000000 52.546604375 41.948699530 1.821469485 0.489279063 -0.461663435 -0.475153932 0.567187458
10016.595333333 52.515735505 41.938555671 1.822457612 0.490562422 -0.460064493 -0.474608471 0.567834459
10016.628666666 52.487434183 41.928707274 1.822977774 0.492505993 -0.457602165 -0.473799686 0.568816282
10016.662000000 52.451383251 41.916467404 1.823007202 0.494022669 -0.455453712 -0.473943889 0.569105182
10016.695333333 52.418516145 41.906371703 1.822564416 0.493871550 -0.455160395 -0.475560546 0.568121531
10016.728666666 52.389097528 41.898054360 1.821917472 0.491885198 -0.457032955 -0.478547087 0.565829052
10016.762000000 52.354669368 41.888367504 1.821179128 0.489270767 -0.459501361 -0.482157744 0.563024445
10016.795333333 52.325231317 41.880011375 1.820417516 0.487745860 -0.460646877 -0.484555397 0.561350602
10016.828666666 52.295592280 41.870694710 1.819435618 0.487900869 -0.459722481 -0.485459468 0.561192558
10016.862000000 52.262209605 41.859796406 1.818226422 0.489189993 -0.457304981 -0.485449637 0.562053339
10016.895333333 52.232596728 41.850809508 1.817082300 0.490452288 -0.454908290 -0.485268116 0.563054044
10016.928666666 52.203537044 41.842605749 1.815939736 0.490749018 -0.453630780 -0.485875406 0.563302412
10016.962000000 52.167734683 41.834037563 1.814367869 0.488876268 -0.454671042 -0.488476336 0.561840820
10016.995333333 52.129374823 41.826606697 1.812391404 0.484592790 -0.458466628 -0.493026173 0.558483098
10017.028666666 52.101812210 41.822043959 1.811037458 0.480797977 -0.462249866 -0.496581198 0.555486706
10017.062000000 52.071902665 41.817779520 1.810094414 0.477928243 -0.465641796 -0.498761032 0.553172437
10017.095333333 52.032652904 41.812298801 1.809379308 0.475340701 -0.469161388 -0.500407305 0.550936783
10017.128666666 52.002924079 41.808363582 1.809453054 0.474254341 -0.471072920 -0.500847669 0.549840646
10017.162000000 51.971377798 41.803977388 1.809836300 0.474107377 -0.472055575 -0.500466909 0.549471202
10017.195333333 51.931838227 41.798249989 1.809615522 0.474080592 -0.472948335 -0.499732207 0.549395291
10017.228666666 51.900343585 41.793849515 1.808342032 0.473730929 -0.473800279 -0.499287259 0.549367396
10017.262000000 51.869233460 41.789282341 1.806005114 0.472777546 -0.475246706 -0.499384484 0.548850707
10017.295333333 51.832027964 41.783656524 1.803344968 0.471097292 -0.477781445 -0.500052884 0.547484562
10017.328666666 51.801999487 41.779308896 1.801787119 0.469508597 -0.480305412 -0.500844335 0.545915141
10017.362000000 51.770958001 41.774821153 1.801350702 0.468325086 -0.482852813 -0.501369255 0.544200004
10017.395333333 51.730866391 41.768793492 1.801275092 0.467404817 -0.485656979 -0.501640719 0.542242219
10017.428666666 51.697714307 41.763173006 1.801329277 0.467216455 -0.487353913 -0.501492065 0.541018167
10017.462000000 51.663985393 41.756677891 1.800810183 0.467764205 -0.488070374 -0.500939543 0.540410522
10017.495333333 51.623082568 41.748619698 1.799016109 0.468746353 -0.488249578 -0.500160417 0.540119212
10017.528666666 51.591076743 41.742156600 1.797182198 0.469447429 -0.488193613 -0.499689983 0.539996322
10017.562000000 51.557223282 41.735423771 1.794996261 0.469473332 -0.488612623 -0.499852536 0.539444100
10017.595333333 51.513085010 41.726712008 1.792314020 0.468213279 -0.490312981 -0.501056310 0.537877384
10017.628666666 51.478277458 41.720221357 1.790805143 0.465901629 -0.492913389 -0.503000980 0.535688414
10017.662000000 51.444166857 41.714568791 1.790548731 0.462838249 -0.496385269 -0.505537294 0.532742400
10017.695333333 51.403178609 41.708270214 1.791684910 0.459286280 -0.500544166 -0.508484575 0.529107822
10017.728666666 51.368368771 41.703388979 1.793917040 0.457087561 -0.503383939 -0.510384809 0.526481640
10017.762000000 51.334030502 41.699136105 1.797352520 0.456297986 -0.504876318 -0.511323110 0.524824475
10017.795333333 51.293217561 41.694849551 1.802041776 0.456042795 -0.506014678 -0.511941333 0.523345189
10017.828666666 51.260562616 41.691799016 1.806104093 0.456063596 -0.506795159 -0.512218985 0.522299123
10017.862000000 51.226483329 41.689113237 1.810712137 0.455896095 -0.507870889 -0.512574160 0.521050516
10017.895333333 51.182915206 41.686667183 1.816571611 0.455213368 -0.509619606 -0.513394596 0.519128727
10017.928666666 51.148430609 41.685514693 1.820913353 0.454540612 -0.510959842 -0.514171500 0.517629734
10017.962000000 51.114436808 41.684691515 1.824361862 0.454542189 -0.511391648 -0.514559942 0.516815293
10017.995333333 51.073857940 41.684024852 1.827183885 0.454894402 -0.511237800 -0.514859747 0.516358824
10018.028666666 51.042241394 41.683674196 1.828213740 0.455186843 -0.510846399 -0.515088723 0.516260110
10018.062000000 51.009244815 41.683605685 1.827853750 0.455607481 -0.510182712 -0.515332248 0.516302332
10018.095333333 50.966430982 41.684364472 1.826630134 0.455864059 -0.509552975 -0.515887743 0.516142967
10018.128666666 50.933204432 41.685305561 1.825238275 0.455756047 -0.509312140 -0.516511176 0.515852474
10018.162000000 50.899586014 41.686158554 1.823535500 0.456197976 -0.508383408 -0.516674933 0.516213842
10018.195333333 50.858568866 41.687374042 1.821396682 0.458122619 -0.505686721 -0.515883611 0.517946625
10018.228666666 50.827131261 41.687954669 1.819858972 0.460682586 -0.502367777 -0.514480439 0.520296118
10018.262000000 50.794045084 41.688304113 1.818823069 0.464187009 -0.497957346 -0.512227806 0.523633056
10018.295333333 50.750067281 41.689301627 1.817738300 0.468174438 -0.492784591 -0.509521461 0.527602049
10018.328666666 50.717045777 41.690552139 1.816919072 0.469773785 -0.490309851 -0.508313633 0.529647139
10018.362000000 50.684880076 41.693147793 1.816505680 0.469652246 -0.489635343 -0.508147219 0.530537843
10018.395333333 50.643486163 41.696780989 1.816250751 0.468682921 -0.489742638 -0.508364523 0.531087545
10018.428666666 50.610196501 41.699871869 1.816232267 0.467597507 -0.490282907 -0.508528006 0.531389226
10018.462000000 50.578247846 41.702964151 1.816665678 0.467037426 -0.490434489 -0.508137605 0.532114864
10018.495333333 50.539377927 41.706105657 1.817460774 0.467530470 -0.489604663 -0.506701911 0.533812427
10018.528666666 50.508609425 41.708318548 1.818067423 0.468733761 -0.488237309 -0.504950399 0.535666021
10018.562000000 50.477399274 41.710934842 1.818450529 0.470225713 -0.486758400 -0.503056899 0.537482833
10018.595333333 50.438060903 41.713986653 1.818576763 0.471540733 -0.485610339 -0.501137241 0.539159902
10018.628666666 50.404939902 41.716740975 1.818416248 0.471392952 -0.485973127 -0.500463248 0.539588123
10018.662000000 50.369073036 41.719871896 1.817783494 0.470175968 -0.487337700 -0.500455693 0.539426199
10018.695333333 50.328034748 41.723263867 1.816211125 0.468557566 -0.488934356 -0.500493214 0.539354749
10018.728666666 50.293385815 41.725957427 1.814148801 0.467434254 -0.489823558 -0.500306812 0.539695465
10018.762000000 50.261958098 41.728436456 1.811487794 0.466752035 -0.490084132 -0.499805544 0.540513182
10018.795333333 50.219220800 41.731959902 1.807663971 0.465569540 -0.490696943 -0.499179804 0.541554279
10018.828666666 50.182518730 41.735222616 1.804589376 0.463749555 -0.492117809 -0.499137926 0.541865060
10018.862000000 50.149891412 41.738517846 1.802893222 0.461230974 -0.494406244 -0.499743860 0.541372819
10018.895333333 50.110718551 41.742003586 1.802341894 0.458722183 -0.496748122 -0.500174705 0.540962592
10018.928666666 50.076697763 41.744704374 1.803098053 0.457594242 -0.497816229 -0.499845752 0.541239999
10018.962000000 50.044846564 41.746757127 1.804897661 0.457876918 -0.497532859 -0.498636222 0.542375976
10018.995333333 50.004902151 41.748557346 1.807865314 0.459361581 -0.496160748 -0.496431932 0.544395800
10019.028666666 49.968769249 41.750150198 1.810836448 0.461035398 -0.494730611 -0.494354928 0.546169562
10019.062000000 49.936238750 41.751887718 1.813667480 0.462067539 -0.494187154 -0.493095188 0.546927583
10019.095333333 49.897644075 41.754297184 1.816981667 0.462513898 -0.494540584 -0.492399944 0.546857202
10019.128666666 49.864379800 41.756482545 1.819700578 0.462533957 -0.495299494 -0.492262991 0.546276393
10019.162000000 49.831443389 41.758279750 1.821984175 0.462981611 -0.495508438 -0.491940341 0.545998276
10019.195333333 49.791186631 41.759870491 1.824230714 0.464528271 -0.494533430 -0.490968601 0.546443048
10019.228666666 49.755979581 41.761165219 1.825516613 0.466557278 -0.492793669 -0.489735890 0.547391508
10019.262000000 49.721815932 41.762370734 1.825989338 0.468475426 -0.491015341 -0.488585449 0.548378491
10019.295333333 49.679743338 41.764249192 1.825870951 0.470143627 -0.489425761 -0.487699430 0.549159958
10019.328666666 49.642538855 41.766677165 1.825278270 0.470926976 -0.488545078 -0.487410991 0.549528903
10019.362000000 49.610527606 41.768301869 1.824411375 0.471589703 -0.487632899 -0.487090124 0.550055015
10019.395333333 49.568878887 41.769842252 1.823126444 0.473202468 -0.485446569 -0.485962877 0.551598708
10019.428666666 49.530041557 41.771614265 1.822070026 0.475264243 -0.482651741 -0.484352605 0.553691024
10019.462000000 49.495992144 41.773012430 1.821424634 0.477679660 -0.479455788 -0.482288876 0.556184978
10019.495333333 49.450620468 41.774904693 1.820693023 0.480910692 -0.475043730 -0.479394528 0.559677807
10019.528666666 49.416406727 41.776609851 1.820273359 0.482952642 -0.472038629 -0.477462803 0.562108131
10019.562000000 49.383265998 41.778995740 1.820048918 0.483674885 -0.470367490 -0.476503826 0.563699507
10019.595333333 49.338640760 41.782945584 1.819806085 0.483409536 -0.469532623 -0.476082975 0.564977290
10019.628666666 49.303276781 41.786306905 1.819933469 0.482402305 -0.469984418 -0.476278990 0.565297255
10019.662000000 49.272181630 41.788330846 1.820468700 0.482048343 -0.470035259 -0.476015080 0.565779014
10019.695333333 49.232286766 41.789679456 1.821476221 0.483463617 -0.468332371 -0.474225090 0.567484172
10019.728666666 49.193539821 41.790497174 1.822403991 0.486211262 -0.465400095 -0.471417636 0.569883122
10019.762000000 49.161818218 41.790526945 1.822904629 0.488637436 -0.462927682 -0.469031026 0.571787822
10019.795333333 49.121846598 41.790681642 1.822844258 0.490646877 -0.460980981 -0.466931839 0.573355767
10019.828666666 49.083848619 41.791500119 1.822115487 0.491523578 -0.460276677 -0.465859074 0.574042922
10019.862000000 49.050000790 41.792267812 1.820861733 0.491600991 -0.460385500 -0.465570540 0.574123444
10019.895333333 49.008936880 41.793066452 1.818923348 0.491420995 -0.460731122 -0.465479881 0.574073793
10019.928666666 48.972788257 41.793827230 1.816690049 0.491168232 -0.461074666 -0.465557515 0.573951323
10019.962000000 48.940471594 41.794450344 1.814061204 0.490975912 -0.461234446 -0.465534217 0.574006387
10019.995333333 48.903089792 41.795023124 1.810870254 0.490728776 -0.461356827 -0.465525600 0.574126347
10020.028666666 48.869373281 41.795899671 1.808402618 0.490458906 -0.461597348 -0.465700365 0.574021881
10020.062000000 48.834044947 41.797394743 1.807395290 0.490189951 -0.462153119 -0.466123173 0.573460979
10020.095333333 48.791236398 41.799663933 1.807588309 0.489605276 -0.463507367 -0.467067204 0.572097737
10020.128666666 48.757209514 41.801954550 1.808755264 0.488806360 -0.465339866 -0.468183025 0.570378652
10020.162000000 48.724311651 41.804023234 1.810481844 0.488474382 -0.466795173 -0.468924556 0.568862730
10020.195333333 48.684040588 41.806015198 1.812709727 0.489225510 -0.467255486 -0.468796636 0.567944034
10020.228666666 48.649482112 41.807689900 1.814330530 0.490997940 -0.466367484 -0.467717440 0.568034143
10020.262000000 48.616991951 41.809857514 1.815363680 0.493085428 -0.465026279 -0.466448467 0.568368849
10020.295333333 48.577072391 41.813489070 1.816055739 0.495113609 -0.463899128 -0.465335206 0.568439319
10020.328666666 48.542684181 41.817449583 1.816145032 0.496194977 -0.463607458 -0.464885920 0.568101884
10020.362000000 48.513834227 41.821523501 1.815885631 0.497113129 -0.463196438 -0.464434065 0.568004046
10020.395333333 48.475311552 41.826879445 1.814840845 0.499194535 -0.461290081 -0.463024702 0.568879954
10020.428666666 48.435240388 41.831445978 1.812755301 0.502131480 -0.458116716 -0.460808386 0.570656361
10020.462000000 48.404459102 41.834995391 1.810744623 0.504657097 -0.455045451 -0.458704569 0.572577480
10020.495333333 48.364535991 41.839623350 1.807617536 0.507847819 -0.450728324 -0.455932711 0.575378080
10020.528666666 48.324680627 41.844569864 1.804323709 0.511233036 -0.445939773 -0.452898465 0.578499336
10020.562000000 48.291955546 41.848260338 1.802310572 0.514288318 -0.441777798 -0.450065057 0.581189597
10020.595333333 48.252543615 41.852755451 1.800951572 0.517913175 -0.437173447 -0.446503825 0.584191454
10020.628666666 48.217737335 41.856837216 1.800824246 0.520856321 -0.433779984 -0.443348703 0.586502810
10020.662000000 48.184932299 41.860454551 1.801114477 0.523256363 -0.431214894 -0.440489905 0.588408989
10020.695333333 48.146505438 41.864768495 1.801677988 0.525791027 -0.428660588 -0.437264269 0.590418373
10020.728666666 48.111597036 41.868348819 1.802735656 0.527760140 -0.426930988 -0.434647316 0.591845315
10020.762000000 48.076508689 41.871040311 1.804157651 0.528976770 -0.426317221 -0.432809276 0.592548171
10020.795333333 48.037817845 41.873321766 1.806347366 0.529431433 -0.426922891 -0.431642031 0.592557474
10020.828666666 48.002385796 41.875210315 1.808347217 0.529604010 -0.427956796 -0.430771675 0.592290754
10020.862000000 47.973169990 41.875813253 1.809455089 0.530311856 -0.428180061 -0.429542166 0.592388976
10020.895333333 47.936827422 41.875162496 1.810535416 0.531942666 -0.427478359 -0.427313971 0.593044705
10020.928666666 47.903449845 41.874056893 1.811259183 0.533675965 -0.426452192 -0.425022938 0.593872035
10020.962000000 47.873259929 41.872913814 1.811326635 0.534609749 -0.426140178 -0.423527100 0.594324626
10020.995333333 47.836550064 41.870634139 1.810767332 0.534823522 -0.426771802 -0.422550193 0.594374430
10021.028666666 47.805021994 41.868303671 1.809654666 0.534172934 -0.428137625 -0.422428975 0.594063306
10021.062000000 47.777192917 41.866310233 1.808008604 0.533223771 -0.429477123 -0.422618512 0.593814284
10021.095333333 47.742932765 41.862889931 1.805274301 0.532286081 -0.430478851 -0.422634054 0.593919139
10021.128666666 47.709898272 41.859637968 1.802315900 0.531557234 -0.430942345 -0.422532316 0.594308039
10021.162000000 47.684025574 41.857123850 1.799759823 0.530667639 -0.431606186 -0.422820199 0.594416551
10021.195333333 47.651696199 41.853841948 1.796693523 0.528787000 -0.433489111 -0.424014263 0.593871538
10021.228666666 47.619006203 41.850200917 1.794243870 0.526556158 -0.435955294 -0.425764993 0.592794875
10021.262000000 47.593131550 41.846925447 1.793613598 0.525376356 -0.437366288 -0.426871186 0.592006255
10021.295333333 47.559578109 41.841782084 1.794019577 0.524712330 -0.438178196 -0.427840089 0.591294932
10021.328666666 47.527250977 41.835511576 1.795245114 0.524799649 -0.438146625 -0.428531108 0.590740173
10021.362000000 47.501236779 41.829772246 1.796673919 0.525420576 -0.437680546 -0.428827498 0.590318503
10021.395333333 47.469591686 41.822397327 1.798805529 0.526151420 -0.437277280 -0.429194988 0.589699013
10021.428666666 47.441488806 41.816066044 1.801058819 0.526549499 -0.437237468 -0.429674828 0.589023398
10021.462000000 47.413504751 41.810216484 1.803239955 0.526793702 -0.437204952 -0.430212809 0.588436202
10021.495333333 47.382508435 41.804045233 1.805810673 0.526889231 -0.437031943 -0.430694862 0.588126478
10021.528666666 47.353505902 41.798592477 1.808103852 0.526873914 -0.436655906 -0.431035311 0.588170093
10021.562000000 47.327795465 41.794159934 1.809561627 0.526812566 -0.435991852 -0.431107347 0.588664659
10021.595333333 47.295730653 41.789006716 1.810836467 0.527058104 -0.434396968 -0.430706069 0.589916360
10021.628666666 47.263029490 41.784398659 1.811407284 0.527733074 -0.431841814 -0.429785303 0.591857283
10021.662000000 47.235319182 41.780179888 1.811439863 0.528304130 -0.429422997 -0.429003539 0.593672131
10021.695333333 47.210831897 41.776599499 1.810903647 0.528532869 -0.427338021 -0.428615172 0.595251424
10021.728666666 47.178898350 41.771924260 1.809750443 0.528644201 -0.424580356 -0.428435800 0.597251702
10021.762000000 47.153321166 41.767753370 1.808258991 0.528314300 -0.422553748 -0.428899339 0.598646547
10021.795333333 47.125563250 41.763305489 1.806309854 0.527146719 -0.421176715 -0.430267011 0.599663915
10021.828666666 47.095903230 41.758831470 1.804240664 0.525220411 -0.420423490 -0.432487915 0.600284776
10021.862000000 47.070840159 41.754230297 1.803072723 0.523542558 -0.419572747 -0.434483457 0.600904339
10021.895333333 47.050030356 41.749721038 1.802730738 0.522813214 -0.417849964 -0.435564763 0.601956052
10021.928666666 47.022857368 41.742627409 1.803408407 0.522937346 -0.414342956 -0.435997971 0.603955476
10021.962000000 46.995581468 41.735516895 1.805192635 0.523481718 -0.410438432 -0.435922681 0.606200132
10021.995333333 46.974063017 41.729290720 1.807742324 0.523928290 -0.407667669 -0.435711291 0.607833769
10022.028666666 46.941315867 41.719048569 1.812130045 0.524714288 -0.403765566 -0.435101533 0.610192543
10022.062000000 46.912894055 41.709202836 1.815849270 0.525665552 -0.400445150 -0.434131110 0.612249614
10022.095333333 46.890068806 41.701349822 1.818687937 0.526586867 -0.397595723 -0.433067338 0.614065626
10022.128666666 46.860001692 41.690457392 1.821366991 0.527634944 -0.394272630 -0.431844794 0.616165995
10022.162000000 46.831892801 41.679926251 1.823137357 0.528418172 -0.391564213 -0.430997815 0.617812743
10022.195333333 46.809468444 41.671128622 1.824445679 0.528996017 -0.389585377 -0.430457462 0.618944925
10022.228666666 46.775301618 41.657136918 1.826216056 0.529939981 -0.386644143 -0.429655800 0.620536716
10022.262000000 46.749102726 41.645948237 1.827218017 0.530711309 -0.384576722 -0.428982006 0.621627453
10022.295333333 46.725003372 41.635096945 1.827752200 0.531199368 -0.383101361 -0.428446679 0.622490178
10022.328666666 46.688202352 41.618431264 1.828465440 0.531462880 -0.381508485 -0.427810383 0.623680013
10022.362000000 46.660936830 41.606178861 1.828869490 0.531338532 -0.380840251 -0.427395644 0.624478206
10022.395333333 46.636832352 41.595589214 1.829012708 0.530977977 -0.380625550 -0.426980138 0.625199600
10022.428666666 46.603020202 41.580724750 1.829317238 0.530637442 -0.380125210 -0.425940361 0.626501029
10022.462000000 46.577251991 41.569226866 1.829592218 0.531169973 -0.378875128 -0.424250866 0.627951670
10022.495333333 46.549497821 41.557196775 1.830415620 0.532230244 -0.377189597 -0.421778573 0.629731539
10022.528666666 46.514645316 41.543063603 1.832046962 0.533202440 -0.375788128 -0.418731754 0.631776986
10022.562000000 46.486141030 41.532305308 1.833472910 0.533580424 -0.375368687 -0.416404820 0.633243481
10022.595333333 46.460325262 41.522554190 1.834657686 0.534052168 -0.374947892 -0.413921678 0.634721360
10022.628666666 46.426423591 41.509849662 1.836222605 0.535343676 -0.373811852 -0.409832818 0.636952831
10022.662000000 46.396261345 41.498560131 1.837640595 0.537146851 -0.372393100 -0.405459601 0.639061148
10022.695333333 46.370957576 41.489386311 1.838515521 0.538888783 -0.371460512 -0.401537045 0.640612182
10022.728666666 46.338828419 41.477486143 1.839389284 0.541212512 -0.370554035 -0.396334888 0.642415271
10022.762000000 46.305562339 41.465644789 1.839616207 0.543793598 -0.369649270 -0.390828462 0.644128134
10022.795333333 46.279123342 41.456270012 1.839275232 0.546017257 -0.368747887 -0.386266615 0.645513945
10022.828666666 46.245106871 41.443479981 1.838447349 0.549164935 -0.367065043 -0.380081976 0.647471096
10022.862000000 46.206604227 41.429135385 1.836865134 0.552830858 -0.364722927 -0.373009194 0.649784096
10022.895333333 46.176782534 41.418219702 1.834930132 0.555786174 -0.362437254 -0.367416717 0.651725342
10022.928666666 46.139557235 41.404365059 1.832073993 0.559510603 -0.359068419 -0.360444243 0.654291757
10022.962000000 46.106255474 41.391336247 1.829109616 0.563009506 -0.355409558 -0.354032732 0.656783958
10022.995333333 46.075811209 41.379025812 1.826789852 0.566230890 -0.351924849 -0.348294006 0.658955814
10023.028666666 46.036328869 41.363943331 1.824979429 0.569983206 -0.348253598 -0.341536067 0.661204727
10023.062000000 46.004187920 41.351609197 1.823959053 0.572750630 -0.346092137 -0.336424673 0.662567270
10023.095333333 45.979756824 41.342243178 1.823069409 0.574766146 -0.344693686 -0.332547275 0.663507686
10023.128666666 45.943229509 41.326566360 1.822150297 0.577879563 -0.341776816 -0.326511623 0.665307431
10023.162000000 45.909441877 41.311409058 1.820907031 0.580998872 -0.338055979 -0.320452967 0.667434163
10023.195333333 45.886351818 41.300808823 1.819416962 0.583192765 -0.335034580 -0.316179293 0.669080476
10023.228666666 45.852977040 41.284594916 1.817127463 0.586160520 -0.330779503 -0.310337904 0.671335348
10023.262000000 45.825568036 41.269790520 1.815020028 0.588442551 -0.327624015 -0.305736148 0.672995747
10023.295333333 45.805061663 41.257872355 1.813968507 0.590154308 -0.325533747 -0.302361571 0.674034979
10023.328666666 45.774403715 41.239044894 1.812576936 0.593006567 -0.322131010 -0.296878651 0.675601872
10023.362000000 45.748520856 41.222031656 1.811757483 0.595895084 -0.318519293 -0.291516620 0.677106024
10023.395333333 45.728590523 41.208009755 1.811487119 0.598740441 -0.314313368 -0.286254199 0.678804482
10023.428666666 45.700290802 41.186974071 1.811227950 0.603216274 -0.306797237 -0.277632643 0.681854601
10023.462000000 45.678369531 41.169857884 1.810563460 0.606848108 -0.299881427 -0.270148110 0.684709064
10023.495333333 45.660546636 41.156295924 1.809384904 0.609196306 -0.294828601 -0.264609119 0.686977417
10023.528666666 45.637276052 41.139819670 1.806464360 0.611254677 -0.289499198 -0.258453799 0.689753266
10023.562000000 45.614875130 41.123534306 1.802771995 0.612817574 -0.284271144 -0.252308446 0.692809487
10023.595333333 45.601505903 41.112024379 1.799394074 0.613986170 -0.279480075 -0.247177353 0.695568276
10023.628666666 45.582155455 41.094944752 1.794145072 0.616167594 -0.270362072 -0.238101035 0.700392564
10023.662000000 45.567532629 41.081615190 1.790403149 0.618465720 -0.261356410 -0.229648943 0.704595163
10023.695333333 45.555201194 41.070818226 1.787771254 0.620563875 -0.253408218 -0.222075789 0.708072804
10023.728666666 45.536627900 41.055130720 1.784463282 0.623624715 -0.242092765 -0.210953642 0.712728468
10023.762000000 45.524292452 41.043291364 1.782909971 0.626149601 -0.233468552 -0.202180754 0.715927409
10023.795333333 45.511689397 41.030308843 1.782753602 0.629147562 -0.223832780 -0.192550868 0.719024613
10023.828666666 45.498540481 41.015169641 1.783645726 0.633053389 -0.211311608 -0.180767654 0.722436064
10023.862000000 45.487519087 41.001713933 1.784739267 0.637075737 -0.198135612 -0.169134725 0.725444850
10023.895333333 45.481218333 40.991322327 1.785818487 0.640456841 -0.186663116 -0.159553636 0.727677506
10023.928666666 45.473726918 40.978770825 1.786885102 0.644641322 -0.172106926 -0.147584819 0.730092798
10023.962000000 45.468636781 40.966243282 1.787217138 0.648861734 -0.156611971 -0.134846339 0.732302946
10023.995333333 45.466276143 40.956022218 1.786821715 0.652073996 -0.143996149 -0.124481557 0.733872574
10024.028666666 45.464590554 40.941185047 1.785781227 0.656970099 -0.123173767 -0.107399303 0.735991781
10024.062000000 45.464382416 40.929366084 1.784597631 0.661073525 -0.104266927 -0.091586542 0.737375147
10024.095333333 45.465282994 40.919409711 1.784413352 0.664735628 -0.087387985 -0.076938718 0.737950078
10024.128666666 45.467148115 40.907803361 1.784888158 0.669082731 -0.067355507 -0.058722335 0.737796193
10024.162000000 45.469963226 40.896400283 1.785068657 0.672759790 -0.050286412 -0.042140761 0.736946197
10024.195333333 45.474723811 40.888701214 1.785191867 0.675789011 -0.034966868 -0.027001387 0.735769975
10024.228666666 45.482502634 40.880716293 1.784904460 0.679111482 -0.015185121 -0.007382187 0.733840930
10024.262000000 45.487447278 40.870459019 1.782291889 0.681972525 0.004530045 0.012442768 0.731257910
10024.295333333 45.493038741 40.861710544 1.779520666 0.683940945 0.019254551 0.027749209 0.728755122
10024.328666666 45.500427395 40.851562714 1.775132817 0.686199251 0.036313966 0.046136445 0.725040215
10024.362000000 45.510769739 40.841956498 1.771201402 0.688064974 0.050951585 0.062572718 0.721148517
10024.395333333 45.521222768 40.835423556 1.767943079 0.689406071 0.063361522 0.076558262 0.717525902
10024.428666666 45.536181653 40.827311160 1.764823200 0.690575730 0.079587649 0.094473390 0.712632968
10024.462000000 45.551178790 40.819979691 1.762180670 0.691080939 0.094989930 0.111172876 0.707830941
10024.495333333 45.567995474 40.813182391 1.760196562 0.690996600 0.111014993 0.128388720 0.702649064
10024.528666666 45.589198778 40.808301475 1.757847299 0.690247486 0.128880425 0.147645211 0.696526479
10024.562000000 45.608991022 40.802220716 1.755112454 0.689119829 0.144709376 0.164886044 0.690641477
10024.595333333 45.626575759 40.797803589 1.753165099 0.687816228 0.157230138 0.178721049 0.685745075
10024.628666666 45.649046068 40.792600501 1.750672594 0.685919860 0.171901990 0.195219276 0.679597738
10024.662000000 45.669024961 40.789171275 1.748597283 0.683976458 0.184007468 0.209125377 0.674228473
10024.695333333 45.690838663 40.788316987 1.746906204 0.681706547 0.195681212 0.222641409 0.668891509
10024.728666666 45.717706805 40.789122149 1.745255087 0.678501713 0.209479152 0.238540266 0.662459396
10024.762000000 45.742583354 40.791117217 1.744367067 0.675100516 0.221798762 0.252653283 0.656666522
10024.795333333 45.764616435 40.793774506 1.743782535 0.671806550 0.232035872 0.264489364 0.651828728
10024.828666666 45.793980699 40.798679081 1.743031075 0.667401497 0.244277294 0.278866876 0.645861526
10024.862000000 45.820692722 40.803385606 1.742450202 0.663454985 0.254019507 0.291011047 0.640791810
10024.895333333 45.843422786 40.809703047 1.741977308 0.660661827 0.260504602 0.299627594 0.637092307
10024.928666666 45.873759759 40.815761263 1.742122546 0.657583552 0.267176265 0.309294745 0.632880302
10024.962000000 45.902594482 40.821135205 1.741737626 0.654683189 0.272981931 0.318369601 0.628897118
10024.995333333 45.924623530 40.825562496 1.741520946 0.652506556 0.277159742 0.325045093 0.625910025
10025.028666666 45.953210500 40.831403485 1.741937357 0.649686746 0.282397592 0.333256904 0.622172459
10025.062000000 45.986119982 40.839133699 1.741681732 0.646290878 0.288512147 0.342419555 0.617913983
10025.095333333 46.010297755 40.845891325 1.741987215 0.643954360 0.292563119 0.348360088 0.615121819
10025.128666666 46.042078626 40.854701512 1.742682823 0.641476682 0.296812827 0.354660781 0.612066616
10025.162000000 46.071939511 40.861117633 1.743320576 0.639902217 0.299479953 0.358787574 0.610006875
10025.195333333 46.095389120 40.865858138 1.743871127 0.639087648 0.301145232 0.361145461 0.608648078
10025.228666666 46.134715974 40.873746190 1.745464710 0.637750861 0.304255449 0.364876128 0.606273761
10025.262000000 46.166901579 40.880484719 1.746984556 0.636099381 0.308132466 0.368504143 0.603851519
10025.295333333 46.194702730 40.887047242 1.747748898 0.633805890 0.313064488 0.372557084 0.601233680
10025.328666666 46.231143724 40.896557720 1.748099828 0.629957666 0.320817218 0.378744853 0.597312304
10025.362000000 46.266431627 40.905126853 1.748257517 0.625968970 0.328797120 0.384665833 0.593369615
10025.395333333 46.295826993 40.911445096 1.748311009 0.623048734 0.334860782 0.388892421 0.590289096
10025.428666666 46.335079971 40.919492469 1.747537763 0.620073931 0.341616625 0.393412585 0.586543211
10025.462000000 46.369310735 40.925294813 1.747246266 0.618162236 0.346948393 0.396484885 0.583354093
10025.495333333 46.396545134 40.929282553 1.746995826 0.616890360 0.350922086 0.398731586 0.580786618
10025.528666666 46.431944382 40.934074660 1.746644382 0.615004236 0.356171513 0.401891870 0.577403297
10025.562000000 46.473609207 40.938696980 1.745787885 0.612366375 0.362517203 0.405929589 0.573419453
10025.595333333 46.503286471 40.941502193 1.744864681 0.610207198 0.366887786 0.408794759 0.570900493
10025.628666666 46.541050309 40.944910446 1.743522373 0.607608969 0.371672263 0.411860266 0.568368007
10025.662000000 46.583464954 40.948826231 1.742382689 0.604921657 0.376304191 0.414364395 0.566363040
10025.695333333 46.614747810 40.951346972 1.741391948 0.603254975 0.378861569 0.415374927 0.565695162
10025.728666666 46.654469390 40.954514717 1.739615730 0.601272103 0.381602869 0.416093722 0.565435340
10025.762000000 46.693449007 40.958144619 1.736308803 0.599016561 0.384375322 0.416751731 0.565466857
10025.795333333 46.731734359 40.961760421 1.732500677 0.596205895 0.387707210 0.417893345 0.565320088
10025.828666666 46.760301466 40.964836314 1.729736274 0.594176113 0.390307044 0.418658077 0.565102268
10025.862000000 46.799141290 40.969617726 1.727408602 0.592126952 0.393084094 0.419019634 0.565060275
10025.895333333 46.838135907 40.974728309 1.726091803 0.590629210 0.395362309 0.419164782 0.564930674
10025.928666666 46.867933014 40.978714854 1.725677139 0.589105677 0.397969064 0.420030660 0.564047312
10025.962000000 46.906598498 40.984667854 1.725955154 0.586733527 0.401974786 0.421930408 0.562258633
10025.995333333 46.944233619 40.990569601 1.725884666 0.584790062 0.405547095 0.423812088 0.560299430
10026.028666666 46.975952800 40.995295595 1.725707431 0.583633421 0.408109008 0.425183956 0.558603321
10026.062000000 47.012951597 41.000461674 1.725682917 0.582678805 0.410761810 0.426622400 0.556555004
10026.095333333 47.049862100 41.005504968 1.725601215 0.581996273 0.413186140 0.428112457 0.554325965
10026.128666666 47.080507641 41.009931493 1.725797417 0.581460048 0.415115162 0.429436766 0.552419839
10026.162000000 47.124594749 41.016427006 1.726313147 0.580946888 0.417377057 0.431138410 0.549924338
10026.195333333 47.163753025 41.022145105 1.727200608 0.581019505 0.418394003 0.432157569 0.548272404
10026.228666666 47.192468461 41.026365679 1.727563536 0.581660223 0.417991848 0.432337304 0.547757844
10026.262000000 47.240224166 41.032887382 1.727684057 0.583048353 0.416179788 0.432323111 0.547673014
10026.295333333 47.279236374 41.038479054 1.727534937 0.583966175 0.414306386 0.432504153 0.547972519
10026.328666666 47.311129020 41.043351920 1.727824167 0.584367711 0.412921691 0.432958012 0.548231170
10026.362000000 47.352306228 41.049507936 1.729745876 0.584794586 0.410998238 0.433751024 0.548594376
10026.395333333 47.388454989 41.055710747 1.733198537 0.585233983 0.409254606 0.434433168 0.548889493
10026.428666666 47.417323591 41.061217171 1.736827048 0.585344783 0.408002942 0.435351447 0.548975594
10026.462000000 47.455232681 41.068551431 1.741649946 0.583998962 0.408168291 0.437993097 0.548184190
10026.495333333 47.490702581 41.076037664 1.746428966 0.580815213 0.410512757 0.442120563 0.546500112
10026.528666666 47.517550070 41.081396400 1.749724771 0.578213540 0.412599628 0.445160295 0.545218269
10026.562000000 47.555933351 41.087508425 1.754595475 0.575729101 0.414259565 0.447879871 0.544360759
10026.595333333 47.589554033 41.091411740 1.758991211 0.575591563 0.413633762 0.447888722 0.544974455
10026.628666666 47.617087026 41.093838751 1.762586654 0.576785393 0.411900614 0.446477747 0.546181394
10026.662000000 47.654018424 41.095874422 1.767211196 0.578360271 0.410003662 0.444513183 0.547543993
10026.695333333 47.690523213 41.098012302 1.770972891 0.578412064 0.410078242 0.444057564 0.547803066
10026.728666666 47.719999134 41.100216273 1.773019802 0.577063105 0.411780543 0.445118506 0.547087262
10026.762000000 47.761782105 41.103826561 1.775084274 0.574060919 0.415272429 0.447563614 0.545609460
10026.795333333 47.799750925 41.106271370 1.775997437 0.571098261 0.418297737 0.449775200 0.544587962
10026.828666666 47.830765795 41.107113784 1.776185904 0.569584728 0.419300055 0.450577637 0.544738923
10026.862000000 47.872235193 41.107529687 1.776003361 0.568577853 0.419145465 0.450573686 0.545911767
10026.895333333 47.908956039 41.107326039 1.775562783 0.568097826 0.418295120 0.450300836 0.547287136
10026.928666666 47.935499642 41.106783385 1.775181837 0.567707788 0.417756712 0.450359994 0.548053896
10026.962000000 47.978998156 41.105985223 1.774853222 0.566861075 0.417159658 0.450883800 0.548953678
10026.995333333 48.018790391 41.105281093 1.775092672 0.565868032 0.416897502 0.451963494 0.549289398
10027.028666666 48.046709923 41.104294130 1.775306065 0.565058285 0.416642931 0.453058712 0.549413875
10027.062000000 48.084622855 41.101729772 1.774841279 0.563622650 0.416407767 0.455007040 0.549456708
10027.095333333 48.118757762 41.099395751 1.774355326 0.561836936 0.416477366 0.457270320 0.549353907
10027.128666666 48.144408434 41.097789468 1.774095532 0.560586823 0.416350934 0.458821876 0.549433163
10027.162000000 48.185545873 41.094796836 1.773409084 0.559158667 0.415673006 0.460769788 0.549771534
10027.195333333 48.221804508 41.092013281 1.772680691 0.558425147 0.415046962 0.461931939 0.550014780
10027.228666666 48.249689602 41.089842486 1.772154392 0.558154507 0.414714605 0.462567106 0.550006377
10027.262000000 48.286105989 41.086958119 1.771629469 0.558291471 0.414345462 0.462970129 0.549806448
10027.295333333 48.326236652 41.083710300 1.771142641 0.559199992 0.413657193 0.462749140 0.549587417
10027.328666666 48.357562492 41.080787166 1.770657498 0.560592006 0.412615770 0.461943172 0.549630180
10027.362000000 48.399475678 41.076065473 1.769553113 0.562781371 0.411014004 0.460434929 0.549858430
10027.395333333 48.435870366 41.072345425 1.768668799 0.564595808 0.409846137 0.459329882 0.549794305
10027.428666666 48.472912217 41.069018971 1.767816838 0.566146384 0.408925155 0.458477374 0.549597113
10027.462000000 48.514128352 41.065154025 1.766681853 0.568032173 0.407487787 0.457126975 0.549843689
10027.495333333 48.556482220 41.060492505 1.765480132 0.570909489 0.404605158 0.454687858 0.551013588
10027.528666666 48.585146656 41.056683224 1.764432457 0.573840064 0.401070038 0.451815257 0.552913536
10027.562000000 48.631925771 41.050726117 1.763081065 0.579405164 0.393755613 0.446091369 0.556999697
10027.595333333 48.668765616 41.046066126 1.762056762 0.583043116 0.388497307 0.442257138 0.559945703
10027.628666666 48.695782911 41.043293858 1.761621941 0.583840541 0.386984312 0.441410713 0.560829696
10027.662000000 48.741193820 41.039006347 1.761067864 0.583214761 0.387095641 0.442064023 0.560889389
10027.695333333 48.780826289 41.034295762 1.760733299 0.582005891 0.388210963 0.443334426 0.560371285
10027.728666666 48.810479747 41.031070174 1.760925660 0.581958776 0.388092878 0.443373649 0.560470970
10027.762000000 48.847707641 41.026397770 1.761158059 0.583273099 0.386372270 0.441959360 0.561409730
10027.795333333 48.886635891 41.020718631 1.761388978 0.585438438 0.383662198 0.439679580 0.562802825
10027.828666666 48.915933052 41.016367030 1.761542743 0.586700341 0.382176772 0.438268706 0.563599296
10027.862000000 48.955899104 41.010435795 1.761344035 0.587621582 0.381241421 0.437059402 0.564211781
10027.895333333 48.993653734 41.004871294 1.760547453 0.588101995 0.380811661 0.436243290 0.564632903
10027.928666666 49.023435957 41.000297372 1.759728688 0.588606557 0.380321654 0.435387183 0.565098011
10027.962000000 49.065767670 40.993596037 1.758096506 0.589620605 0.379222197 0.433707091 0.566070867
10027.995333333 49.105880055 40.987094336 1.756275125 0.590719208 0.377863110 0.431854467 0.567249509
10028.028666666 49.136561380 40.982307096 1.754673669 0.591395532 0.376932779 0.430477116 0.568209871
10028.062000000 49.179041282 40.976027405 1.752252861 0.592073324 0.375891535 0.428772269 0.569481409
10028.095333333 49.217632485 40.971059043 1.749898242 0.592490097 0.375118229 0.427335730 0.570636464
10028.128666666 49.247460181 40.967689760 1.748688704 0.592960500 0.374194598 0.425921515 0.571810380
10028.162000000 49.287037960 40.963248773 1.747293471 0.593833481 0.372273940 0.423655103 0.573838186
10028.195333333 49.324817123 40.958970879 1.746555218 0.594384960 0.370237080 0.421688957 0.576029034
10028.228666666 49.354221828 40.956268391 1.746018597 0.594017276 0.369413531 0.421046034 0.577405712
10028.262000000 49.393286237 40.953579820 1.745367124 0.592620127 0.369461401 0.421359404 0.578580946
10028.295333333 49.430000372 40.951462238 1.744499632 0.590659436 0.370564001 0.422659865 0.578932112
10028.328666666 49.458745043 40.950491135 1.744125854 0.588955583 0.371897256 0.424098705 0.578760780
10028.362000000 49.496957693 40.949349107 1.743861288 0.587083410 0.373609013 0.425855705 0.578270087
10028.395333333 49.536347700 40.947783628 1.743742100 0.585917007 0.374878696 0.427064852 0.577739419
10028.428666666 49.565753388 40.946408458 1.743969786 0.585742195 0.375205934 0.427353415 0.577490820
10028.462000000 49.604479304 40.943918368 1.744251981 0.586241489 0.374831256 0.426988292 0.577497571
10028.495333333 49.647402792 40.940849783 1.744438584 0.587202860 0.373989071 0.426255085 0.577608499
10028.528666666 49.678879339 40.938798290 1.744661219 0.587910980 0.373314003 0.425695582 0.577737489
10028.562000000 49.719528794 40.936387770 1.745006994 0.588844763 0.372161884 0.424844955 0.578155811
10028.595333333 49.762670781 40.933740823 1.745460261 0.590105371 0.370084280 0.423507385 0.579184575
10028.628666666 49.793598288 40.931914407 1.745920349 0.591300345 0.367859069 0.422044432 0.580449916
10028.662000000 49.832827124 40.929482088 1.747082203 0.593135668 0.364212183 0.419718044 0.582560150
10028.695333333 49.874782867 40.926160661 1.748644955 0.595224045 0.359679511 0.416983355 0.585204124
10028.728666666 49.902903787 40.924240809 1.750075293 0.596200652 0.356825738 0.415472536 0.587028745
10028.762000000 49.936587350 40.922510889 1.752185322 0.596292885 0.354743624 0.414805696 0.588666282
10028.795333333 49.977518453 40.920008314 1.754952010 0.594778859 0.354582351 0.415630736 0.589712266
10028.828666666 50.001914661 40.918371915 1.756823549 0.593375589 0.355341226 0.416638232 0.589958139
10028.862000000 50.043107659 40.914613947 1.759953656 0.591609611 0.356112467 0.417646018 0.590553793
10028.895333333 50.081883879 40.910035156 1.762544476 0.591170088 0.355572257 0.417130818 0.591682498
10028.928666666 50.106516494 40.906449418 1.763878162 0.591784594 0.354392342 0.415834855 0.592687468
10028.962000000 50.148934957 40.899734932 1.766200796 0.593488709 0.351659790 0.412824678 0.594711972
10028.995333333 50.182210959 40.893923505 1.767625645 0.594635379 0.349985173 0.410714923 0.596013756
10029.028666666 50.218585259 40.887189066 1.768769645 0.595104116 0.349429260 0.409202853 0.596911474
10029.062000000 50.260840452 40.879307868 1.769432902 0.595064876 0.349670133 0.408081997 0.597576501
10029.095333333 50.300578458 40.871566637 1.769195787 0.595116056 0.349651696 0.406758966 0.598437728
10029.128666666 50.331882622 40.865046963 1.768345925 0.595540379 0.349085083 0.405100960 0.599470161
10029.162000000 50.373887543 40.855766216 1.766494509 0.596484151 0.347598208 0.402334176 0.601256479
10029.195333333 50.414412575 40.846842399 1.763952780 0.597374640 0.346126222 0.399686585 0.602984918
10029.228666666 50.439544126 40.841719747 1.762164017 0.597700294 0.345640832 0.398453546 0.603756198
10029.262000000 50.482312747 40.833724606 1.759115772 0.597737897 0.345739695 0.397194535 0.604491498
10029.295333333 50.527458469 40.825605857 1.755837621 0.597120327 0.347009921 0.397136659 0.604412031
10029.328666666 50.558111353 40.820028587 1.753612109 0.596542075 0.348121301 0.397589760 0.604045938
10029.362000000 50.599202836 40.812558633 1.750571699 0.595969737 0.349192563 0.398116136 0.603645732
10029.395333333 50.639044874 40.805363451 1.748212177 0.596210615 0.349375723 0.398145663 0.603282304
10029.428666666 50.669578620 40.799496240 1.746936798 0.596866101 0.349301969 0.397996678 0.602774947
10029.462000000 50.708525711 40.792301343 1.746100719 0.597797503 0.349698976 0.398108054 0.601546964
10029.495333333 50.750693535 40.783606372 1.745740207 0.598751881 0.350974620 0.398642394 0.599497492
10029.528666666 50.777928743 40.778028901 1.745705573 0.599588108 0.351689810 0.398827399 0.598117951
10029.562000000 50.829584023 40.767002868 1.745325443 0.601822513 0.352137609 0.398410292 0.595884222
10029.595333333 50.873717288 40.757832585 1.744495382 0.604463965 0.351190352 0.397087507 0.594651296
10029.628666666 50.907210365 40.751049932 1.743483124 0.606767096 0.349683744 0.395641449 0.594157230
10029.662000000 50.951285008 40.742805148 1.741993309 0.609655173 0.347386792 0.393644622 0.593874480
10029.695333333 50.998999528 40.733478189 1.739758275 0.612575935 0.344298502 0.391540937 0.594058044
10029.728666666 51.032223492 40.727183614 1.737984065 0.614551937 0.341578854 0.389970291 0.594620026
10029.762000000 51.076542793 40.718759936 1.735462126 0.616970221 0.337688421 0.387834444 0.595733766
10029.795333333 51.118754915 40.711486038 1.734048950 0.618864397 0.334112452 0.386081314 0.596922899
10029.828666666 51.149791188 40.706195822 1.733546841 0.619897976 0.331591503 0.385085141 0.597898828
10029.862000000 51.189916642 40.699674649 1.733163803 0.620681912 0.328688184 0.384173766 0.599273360
10029.895333333 51.232801755 40.692631492 1.733117413 0.620612966 0.326328251 0.383880486 0.600820432
10029.928666666 51.262768575 40.687581024 1.732957684 0.620034619 0.325310317 0.384010291 0.601885675
10029.962000000 51.302264827 40.681453529 1.732811030 0.619147861 0.323945830 0.383886620 0.603610875
10029.995333333 51.339820291 40.675082647 1.732405233 0.618636408 0.322076707 0.383060557 0.605656833
10030.028666666 51.368061691 40.670104233 1.732183147 0.618248543 0.320960755 0.382265265 0.607145946
10030.062000000 51.404619936 40.664169958 1.731750801 0.617693389 0.320061137 0.381241442 0.608827322
10030.095333333 51.439759550 40.657129025 1.731190128 0.617577850 0.318876663 0.379760286 0.610489474
10030.128666666 51.470725781 40.649980444 1.730482628 0.618076425 0.317172186 0.377759693 0.612111878
10030.162000000 51.503390798 40.642079674 1.729336365 0.619029784 0.314825158 0.375146981 0.613964159
10030.195333333 51.547300054 40.629335304 1.727360645 0.620698004 0.311304405 0.371298853 0.616409537
10030.228666666 51.582974379 40.618259824 1.725156077 0.621787135 0.309129994 0.368753941 0.617931984
10030.262000000 51.607913206 40.609761798 1.723216564 0.622227555 0.308220233 0.367616160 0.618620656
10030.295333333 51.646698680 40.596847470 1.719830787 0.622551473 0.307202220 0.366489343 0.619469145
10030.328666666 51.679061475 40.585790014 1.716636596 0.622522971 0.306116840 0.365772351 0.620458071
10030.362000000 51.700660129 40.578008592 1.714157132 0.622480915 0.305076397 0.365216625 0.621339455
10030.395333333 51.727864079 40.567604541 1.710565386 0.622683871 0.302935778 0.364069607 0.622854745
10030.428666666 51.762212877 40.555167047 1.707098796 0.623316580 0.299347173 0.361924945 0.625202403
10030.462000000 51.784461979 40.547117305 1.705105437 0.623743834 0.297253969 0.360537847 0.626574950
10030.495333333 51.807293672 40.537842891 1.703107975 0.624291207 0.295049934 0.358925972 0.627995360
10030.528666666 51.841685123 40.525566932 1.701519592 0.624989475 0.293173869 0.357055141 0.629244678
10030.562000000 51.859929767 40.519070760 1.701031624 0.625309956 0.292730570 0.356247241 0.629590483
10030.595333333 51.891391056 40.507373728 1.700519563 0.626333297 0.291573422 0.354286663 0.630216233
10030.628666666 51.927733263 40.493415999 1.699653148 0.628465828 0.288649780 0.350563930 0.631519547
10030.662000000 51.953158025 40.483654368 1.698755219 0.630279984 0.285862448 0.347458853 0.632694356
10030.695333333 51.988651644 40.470224000 1.697444214 0.632721839 0.281862807 0.343053457 0.634453118
10030.728666666 52.023187395 40.457703005 1.696066090 0.634619375 0.278404891 0.339147624 0.636182250
10030.762000000 52.044861313 40.449945528 1.695226302 0.635662765 0.276220851 0.336809631 0.637333636
10030.795333333 52.086701843 40.434274790 1.693233706 0.637759098 0.271407649 0.332042638 0.639803804
10030.828666666 52.123411460 40.420285640 1.690886189 0.639606369 0.266453571 0.327799967 0.642225326
10030.862000000 52.148782900 40.410591057 1.689697632 0.640814250 0.262733387 0.324877910 0.644036186
10030.895333333 52.184790124 40.396633542 1.688754790 0.642414283 0.257490908 0.321093403 0.646452897
10030.928666666 52.218208978 40.383488193 1.688916201 0.644062531 0.252380584 0.317375469 0.648660395
10030.962000000 52.241053187 40.373667138 1.689212917 0.645537416 0.247844800 0.314308703 0.650434039
10030.995333333 52.275187040 40.357840782 1.689724677 0.647338396 0.241538656 0.310343900 0.652915570
10031.028666666 52.307734746 40.341512937 1.690411743 0.647984129 0.237956743 0.308210972 0.654598468
10031.062000000 52.331146721 40.328543833 1.691010075 0.648176346 0.236224843 0.307239689 0.655491435
10031.095333333 52.364238088 40.310232950 1.691857965 0.648522050 0.234411579 0.305914334 0.656419670
10031.128666666 52.395922173 40.291786436 1.693307697 0.649366885 0.232651876 0.304088836 0.657058394
10031.162000000 52.419139810 40.277755669 1.694295933 0.650462737 0.230965893 0.301982085 0.657540725
10031.195333333 52.449225200 40.258124771 1.695254812 0.652367148 0.227959822 0.298287330 0.658389014
10031.228666666 52.483107471 40.234970381 1.696005701 0.654553110 0.224473683 0.293834402 0.659418787
10031.262000000 52.506679396 40.218753481 1.695850985 0.655868337 0.222400885 0.290905354 0.660112601
10031.295333333 52.539425251 40.195878520 1.695238748 0.657443630 0.219852653 0.287163162 0.661037066
10031.328666666 52.571568735 40.172656794 1.694160601 0.658728950 0.217992895 0.283749559 0.661847004
10031.362000000 52.593764520 40.156332438 1.693306170 0.659519622 0.216840465 0.281494268 0.662400980
10031.395333333 52.621783450 40.135153841 1.692067445 0.660337542 0.215489200 0.278875899 0.663134201
10031.428666666 52.657536709 40.108048898 1.690509576 0.660895792 0.214312823 0.276117503 0.664112860
10031.462000000 52.680078026 40.091130404 1.689036863 0.660906074 0.214110217 0.274921061 0.664664115
10031.495333333 52.709633774 40.068236559 1.686953102 0.660722342 0.213885893 0.273548804 0.665484683
10031.528666666 52.734828948 40.048510014 1.685061582 0.660628911 0.213124067 0.272036314 0.666441159
10031.562000000 52.755532052 40.031892619 1.683614666 0.660672486 0.211819021 0.270363880 0.667493776
10031.595333333 52.786035898 40.005803191 1.680925175 0.661218216 0.208829525 0.266965161 0.669261012
10031.628666666 52.812743626 39.984653784 1.678958921 0.661948850 0.206172969 0.263851101 0.670596021
10031.662000000 52.829510631 39.972337913 1.678076684 0.662289044 0.205331567 0.262393952 0.671089848
10031.695333333 52.862954468 39.947328298 1.676259226 0.662718989 0.204966496 0.260190883 0.671634560
10031.728666666 52.891256141 39.926533812 1.674555840 0.663109111 0.204734197 0.258292124 0.672053118
10031.762000000 52.911846207 39.911241618 1.673286443 0.663611322 0.203739460 0.256361427 0.672598740
10031.795333333 52.936625763 39.891417973 1.671142044 0.664466891 0.201467994 0.253314825 0.673591862
10031.828666666 52.967604333 39.868138427 1.669191217 0.665272684 0.198613657 0.249674812 0.675001748
10031.862000000 52.989205705 39.852373800 1.668093370 0.665554375 0.197023701 0.247696450 0.675918267
10031.895333333 53.017661849 39.831673488 1.666709530 0.665774761 0.195067711 0.245238778 0.677163568
10031.928666666 53.047861939 39.809437843 1.665324524 0.666010385 0.191908805 0.242164301 0.678938605
10031.962000000 53.065473007 39.796587861 1.664193153 0.666268323 0.189513501 0.240179147 0.680062594
10031.995333333 53.097626784 39.772603855 1.662274181 0.666683838 0.184185900 0.235979244 0.682584801
10032.028666666 53.125182328 39.752115083 1.661060745 0.666931634 0.179568109 0.232535195 0.684751687
10032.062000000 53.144533767 39.738153089 1.660829679 0.666827438 0.177111982 0.230727438 0.686103027
10032.095333333 53.169814569 39.719984391 1.661459580 0.666074444 0.175386566 0.229520670 0.687680630
10032.128666666 53.195483333 39.702107971 1.662328939 0.664760523 0.175550829 0.229624751 0.688874319
10032.162000000 53.211573264 39.691226262 1.662824221 0.663790890 0.176342194 0.230056938 0.689462755
10032.195333333 53.238115199 39.671489160 1.664346612 0.662350060 0.177441275 0.230312041 0.690480525
10032.228666666 53.267168614 39.651011877 1.665591319 0.661948424 0.176997633 0.228875866 0.691456405
10032.262000000 53.282102148 39.639625339 1.666626353 0.662243723 0.175939193 0.227337626 0.691951050
10032.295333333 53.313322989 39.615693343 1.668300600 0.663380076 0.173852778 0.224021172 0.692471372
10032.328666666 53.339821355 39.594588358 1.669994960 0.664763156 0.172434005 0.221379599 0.692349286
10032.362000000 53.355685976 39.581832422 1.670689154 0.665683269 0.171681958 0.219995776 0.692093165
10032.395333333 53.389020389 39.554222504 1.671959109 0.667444478 0.170920320 0.217831411 0.691269549
10032.428666666 53.416289031 39.530870382 1.672044645 0.668580721 0.171190891 0.216944410 0.690382953
10032.462000000 53.431117250 39.517395306 1.671866445 0.669192219 0.171158419 0.216411366 0.689965716
10032.495333333 53.460404011 39.490973652 1.670795018 0.670292343 0.170299686 0.214988743 0.689554952
10032.528666666 53.493059989 39.459654709 1.669328189 0.671441586 0.168445606 0.212854344 0.689554423
10032.562000000 53.515605490 39.437800062 1.667600285 0.672227995 0.166640223 0.211089196 0.689769462
10032.595333333 53.539176010 39.414091401 1.665006661 0.673178108 0.164350123 0.208892906 0.690060885
10032.628666666 53.565336965 39.389190769 1.662702745 0.674140488 0.162510877 0.206796591 0.690188371
10032.662000000 53.584500376 39.371549088 1.661862167 0.675003702 0.161416600 0.205205604 0.690076332
10032.695333333 53.609505537 39.347132510 1.661067319 0.676706432 0.159050023 0.202244831 0.689832243
10032.728666666 53.636352559 39.322207639 1.660861046 0.678480163 0.156756073 0.199022667 0.689552159
10032.762000000 53.651047483 39.308343099 1.660867108 0.679346041 0.155680779 0.197347329 0.689424748
10032.795333333 53.682050138 39.279081697 1.660285084 0.680938980 0.153725165 0.193924475 0.689263358
10032.828666666 53.703957347 39.258636512 1.660037286 0.681924533 0.152412144 0.191411303 0.689283094
10032.862000000 53.723549892 39.240798224 1.659738214 0.682760605 0.151373213 0.189191666 0.689297194
10032.895333333 53.755046248 39.213143583 1.659541681 0.684102522 0.149956543 0.185571910 0.689260357
10032.928666666 53.782266831 39.189322869 1.659367010 0.685454336 0.148047184 0.181766181 0.689344211
10032.962000000 53.803126819 39.170937650 1.659281367 0.686518683 0.146108065 0.178609823 0.689523794
10032.995333333 53.826469524 39.150035535 1.658887681 0.687649725 0.143457885 0.174803778 0.689928496
10033.028666666 53.859645005 39.119363060 1.658945241 0.689042032 0.138619840 0.169420275 0.690870746
10033.062000000 53.874470605 39.105649517 1.659044960 0.689533128 0.135996072 0.166837439 0.691530478
10033.095333333 53.906969247 39.074509923 1.658715028 0.690467125 0.128408253 0.160530017 0.693539172
10033.128666666 53.932905783 39.049242150 1.658131082 0.691028691 0.121314718 0.155199492 0.695467616
10033.162000000 53.946694581 39.035185116 1.658135080 0.691298285 0.117086383 0.152240974 0.696577451
10033.195333333 53.970528451 39.010184815 1.658940958 0.691868671 0.109501700 0.147301408 0.698304672
10033.228666666 53.997439481 38.980084917 1.661216679 0.692474585 0.100440592 0.141760805 0.700210333
10033.262000000 54.012670373 38.962057070 1.663022482 0.692619751 0.095780416 0.139231348 0.701226515
10033.295333333 54.035625739 38.934777225 1.666165813 0.692498445 0.091795954 0.137313829 0.702256590
10033.328666666 54.055230934 38.908191002 1.669601964 0.692167545 0.088842673 0.135955835 0.703226195
10033.362000000 54.064589898 38.893339781 1.671690539 0.692104339 0.086855086 0.134773407 0.703764099
10033.395333333 54.086589480 38.859319370 1.675907382 0.692517422 0.081014933 0.130511663 0.704856657
10033.428666666 54.104496920 38.829473479 1.679922897 0.693706567 0.074338841 0.125068535 0.705409666
10033.462000000 54.118487564 38.807441686 1.683284350 0.694781275 0.069183106 0.120655836 0.705644986
10033.495333333 54.137094189 38.774011866 1.687695957 0.696321080 0.062275105 0.114589309 0.705781875
10033.528666666 54.146336906 38.749070963 1.690888603 0.697278227 0.057906993 0.110422225 0.705873067
10033.561999999 54.161295687 38.720063841 1.692975807 0.697923557 0.054306547 0.106583705 0.706111480
10033.595333333 54.177649469 38.686379157 1.694369319 0.698113737 0.051145406 0.102716300 0.706732424
10033.628666666 54.188374206 38.656152613 1.695371356 0.697849705 0.048593903 0.099272040 0.707664810
10033.661999999 54.199667440 38.632633721 1.695201574 0.697474940 0.046739433 0.096794358 0.708501931
10033.695333333 54.211981948 38.603068319 1.695005595 0.696836902 0.043767904 0.093106245 0.709812601
10033.728666666 54.220573658 38.571637591 1.693662601 0.695828430 0.038855245 0.088251100 0.711705564
10033.761999999 54.229655789 38.549948678 1.691950082 0.694929822 0.035764685 0.085273343 0.713107206
10033.795333333 54.238563369 38.524057907 1.689412296 0.693541890 0.032432760 0.082160793 0.714980676
10033.828666666 54.250085374 38.492293667 1.687316955 0.691904701 0.029009464 0.078746889 0.717095017
10033.861999999 54.255854586 38.476500779 1.686592106 0.691252794 0.027299509 0.077080132 0.717971424
10033.895333333 54.264694776 38.448020440 1.686240265 0.690456296 0.024095701 0.073985028 0.719177111
10033.928666666 54.273147515 38.413846763 1.686467817 0.690275649 0.019873018 0.069784202 0.719899129
10033.961999999 54.278697267 38.392862297 1.687332544 0.690533933 0.017358002 0.067212651 0.719961142
10033.995333333 54.286045802 38.362246015 1.689192208 0.691224358 0.013785843 0.063335587 0.719727338
10034.028666666 54.291181188 38.332944950 1.691194135 0.692004696 0.009785901 0.059089121 0.719404068
10034.061999999 54.296751298 38.308379502 1.692745079 0.692609507 0.006844202 0.055743956 0.719122965
10034.095333333 54.303783846 38.274405593 1.694939491 0.693383907 0.003755723 0.051743890 0.718698283
10034.128666666 54.311294183 38.240260926 1.696764803 0.694091744 0.000580063 0.047752548 0.718300778
10034.161999999 54.316094989 38.216178256 1.697963256 0.694497785 -0.002137625 0.044708252 0.718101266
10034.195333333 54.323054454 38.183678308 1.698947032 0.694835297 -0.006549476 0.040199734 0.718014621
10034.228666666 54.329878037 38.145898356 1.699304694 0.694829258 -0.013537119 0.033948417 0.718245469
10034.261999999 54.332891463 38.122881087 1.699648551 0.694591986 -0.018580246 0.029791131 0.718546614
10034.295333333 54.338480998 38.088992980 1.699643456 0.693934894 -0.025250616 0.023991214 0.719194822
10034.328666666 54.342681624 38.056131739 1.700648473 0.693185160 -0.032358766 0.017761598 0.719813705
10034.361999999 54.344435715 38.038869321 1.701390841 0.692757065 -0.036946737 0.013795484 0.720091849
10034.395333333 54.347523880 38.001649174 1.704087678 0.691592595 -0.047967674 0.003896908 0.720682731
10034.428666666 54.349700504 37.970949770 1.707156263 0.690379783 -0.056050952 -0.004091712 0.721260912
10034.461999999 54.350678299 37.954190200 1.708876865 0.689586972 -0.059777797 -0.008050373 0.721686645
10034.495333333 54.353220751 37.917195368 1.712206383 0.687570552 -0.065401780 -0.015396877 0.723002268
10034.528666666 54.355400760 37.885898156 1.713807572 0.685631881 -0.067967727 -0.020652508 0.724474144
10034.561999999 54.357144229 37.864156756 1.714084298 0.684277062 -0.069853446 -0.024708270 0.725448068
10034.595333333 54.359489200 37.832744588 1.713049693 0.682322381 -0.074830811 -0.032627167 0.726479171
10034.628666666 54.361559940 37.801820139 1.711068753 0.680171794 -0.082795525 -0.042952419 0.727094438
10034.661999999 54.362206466 37.770642021 1.709184144 0.677771626 -0.092088016 -0.054159677 0.727469690
10034.695333333 54.362667489 37.748323313 1.707822510 0.676084224 -0.097264775 -0.061028832 0.727822209
10034.728666666 54.363444289 37.715801930 1.706221503 0.673941465 -0.100543365 -0.067954958 0.728749653
10034.761999999 54.364797326 37.683027738 1.705498506 0.672306914 -0.098937373 -0.071100247 0.730177762
10034.795333333 54.365369077 37.660275509 1.705325728 0.671329939 -0.096082865 -0.071852964 0.731383174
10034.828666666 54.367919799 37.627175729 1.705034827 0.669829915 -0.092416017 -0.073249259 0.733090520
10034.861999999 54.368635245 37.595469604 1.704504606 0.667714011 -0.091629750 -0.076389943 0.734796955
10034.895333333 54.368735673 37.574378655 1.704091224 0.666072917 -0.092391806 -0.079287458 0.735883226
10034.928666666 54.368476211 37.544643945 1.703395909 0.663674284 -0.093503691 -0.082867325 0.737513736
10034.961999999 54.368113522 37.514763433 1.702207827 0.661738150 -0.092453353 -0.084440863 0.739205478
10034.995333333 54.368344919 37.493374746 1.701635332 0.660779251 -0.090837659 -0.084713764 0.740231639
10035.028666666 54.367500619 37.463232984 1.700697776 0.659989119 -0.089090251 -0.084960239 0.741120130
10035.061999999 54.365680827 37.430790439 1.699878390 0.659780405 -0.088297829 -0.085465921 0.741342625
10035.095333333 54.363628796 37.408311942 1.699842281 0.660020290 -0.088093396 -0.085806122 0.741114080
10035.128666666 54.360472091 37.373675507 1.700359149 0.660648298 -0.088234357 -0.086453097 0.740462279
10035.161999999 54.356157460 37.338549814 1.700785471 0.661481537 -0.088886239 -0.087102164 0.739563807
10035.195333333 54.353622456 37.318371994 1.700805337 0.661958680 -0.089400612 -0.087534649 0.739023627
10035.228666666 54.348678432 37.276618072 1.701177326 0.662764173 -0.090342495 -0.088198255 0.738107683
10035.261999999 54.345390724 37.239990249 1.700826279 0.663227885 -0.090544393 -0.088377007 0.737644894
10035.295333333 54.343132058 37.213662782 1.700013839 0.663358785 -0.090883522 -0.088666294 0.737450741
10035.328666666 54.339525924 37.177428867 1.698779164 0.663231949 -0.092418949 -0.089864800 0.737228891
10035.361999999 54.335786085 37.139159293 1.696587035 0.662774560 -0.095419251 -0.091951878 0.737000611
10035.395333333 54.333499970 37.115054924 1.695086276 0.662457706 -0.097639686 -0.093379753 0.736815107
10035.428666666 54.329731686 37.076931792 1.692089794 0.661883804 -0.101141886 -0.095446880 0.736593539
10035.461999999 54.325989926 37.037280826 1.688849830 0.661465034 -0.103756284 -0.096719099 0.736440126
10035.495333333 54.324207954 37.016796464 1.687087232 0.661355909 -0.104499619 -0.096970709 0.736399941
10035.528666666 54.320237311 36.973691319 1.683144737 0.661276459 -0.105311215 -0.097051112 0.736345079
10035.561999999 54.315747582 36.935288703 1.679658643 0.661339605 -0.106212819 -0.097118633 0.736149941
10035.595333333 54.312809577 36.913959134 1.677731529 0.661496930 -0.106703346 -0.097099306 0.735940169
10035.628666666 54.306911656 36.871154232 1.674572606 0.662039345 -0.107854936 -0.096774027 0.735327142
10035.661999999 54.301209238 36.832857384 1.672401562 0.662826163 -0.108692144 -0.096105153 0.734582395
10035.695333333 54.298507686 36.812030167 1.671743039 0.663321067 -0.108927466 -0.095494160 0.734180383
10035.728666666 54.291920891 36.765643951 1.671456854 0.664405424 -0.109334483 -0.094074921 0.733322107
10035.761999999 54.285883202 36.725923016 1.671567399 0.665096585 -0.109745362 -0.093016294 0.732769034
10035.795333333 54.281379833 36.698577956 1.671441269 0.665416468 -0.110063426 -0.092374117 0.732512109
10035.828666666 54.275020847 36.659171889 1.671523318 0.665724262 -0.110492202 -0.091608926 0.732263945
10035.861999999 54.268556334 36.618596253 1.671211322 0.666043785 -0.110311159 -0.090577165 0.732129020
10035.895333333 54.264167637 36.590902703 1.670635710 0.666191106 -0.109990200 -0.089780762 0.732141367
10035.928666666 54.258018398 36.551875519 1.669497416 0.666350439 -0.109251970 -0.088727349 0.732235316
10035.961999999 54.252957955 36.512450051 1.667959942 0.666356278 -0.108869620 -0.088086739 0.732364283
10035.995333333 54.250430666 36.491218535 1.666861476 0.666241868 -0.108857447 -0.087884442 0.732494474
10036.028666666 54.247028471 36.453862324 1.664561061 0.666096128 -0.108087496 -0.087032821 0.732842637
10036.061999999 54.244187185 36.408456901 1.661540900 0.666027816 -0.105930107 -0.084992437 0.733458960
10036.095333333 54.242967942 36.382777527 1.659391220 0.665992132 -0.104237461 -0.083504466 0.733904651
10036.128666666 54.242016067 36.345434664 1.656186221 0.665929428 -0.101870473 -0.081407029 0.734529305
10036.161999999 54.241266352 36.302394278 1.652606708 0.665873809 -0.100630645 -0.079900710 0.734915928
10036.195333333 54.240931106 36.273677619 1.650178500 0.665944094 -0.100165343 -0.079110014 0.735001342
10036.228666666 54.241757556 36.229787153 1.647859922 0.666661896 -0.098642559 -0.077066801 0.734773618
10036.261999999 54.242807228 36.186207109 1.646635477 0.667969395 -0.096314784 -0.074432894 0.734166258
10036.295333333 54.243102750 36.162701753 1.646432208 0.668874622 -0.095327768 -0.073064219 0.733608190
10036.328666666 54.244320265 36.112921529 1.646601033 0.670828193 -0.094410729 -0.071057834 0.732138603
10036.361999999 54.244567850 36.068838811 1.646346679 0.672322943 -0.095412576 -0.070467264 0.730693277
10036.395333333 54.244536215 36.044430318 1.646051082 0.672920536 -0.096407403 -0.070574065 0.730001964
10036.428666666 54.246094752 35.996119326 1.644437787 0.673563364 -0.098744870 -0.071225453 0.729032770
10036.461999999 54.247201528 35.960667656 1.642224654 0.673644554 -0.100965147 -0.072191433 0.728558475
10036.495333333 54.249326976 35.924188409 1.640407570 0.673428027 -0.103648670 -0.073520707 0.728248825
10036.528666666 54.250885346 35.891979852 1.638781766 0.673088003 -0.105906064 -0.074610271 0.728127567
10036.561999999 54.254533428 35.844967816 1.637853488 0.672324130 -0.108638972 -0.076030476 0.728283739
10036.595333333 54.255866338 35.823160062 1.637691756 0.671954855 -0.109609618 -0.076517560 0.728428080
10036.628666666 54.258236267 35.781965900 1.637769942 0.671229231 -0.110150558 -0.076694928 0.728996613
10036.661999999 54.260092100 35.739602410 1.638429108 0.670834362 -0.109124783 -0.075703662 0.729617705
10036.695333333 54.260455123 35.719866450 1.639228723 0.670821810 -0.107976550 -0.074801082 0.729893117
10036.728666666 54.263074807 35.677116163 1.640763681 0.671426122 -0.105497618 -0.072532876 0.729928899
10036.761999999 54.263373847 35.638758547 1.643031669 0.672540933 -0.104382300 -0.071322305 0.729181842
10036.795333333 54.264170515 35.610249852 1.644466687 0.673477669 -0.104729220 -0.071184916 0.728280390
10036.828666666 54.263698397 35.576169184 1.646236318 0.674732243 -0.105821491 -0.071632162 0.726916120
10036.861999999 54.263813906 35.529873969 1.647823757 0.676403223 -0.107080222 -0.072104352 0.725129967
10036.895333333 54.262858787 35.503384014 1.649051563 0.677416061 -0.107178886 -0.071844392 0.724195105
10036.928666666 54.262434649 35.459995322 1.650082028 0.678991164 -0.105849122 -0.070600725 0.723036998
10036.961999999 54.262797301 35.415954984 1.650281104 0.680362832 -0.104117159 -0.068938693 0.722158910
10036.995333333 54.262398181 35.390032600 1.650152759 0.680997066 -0.103097553 -0.068052294 0.721791366
10037.028666666 54.261467481 35.342734961 1.648659408 0.681738939 -0.101729718 -0.066935347 0.721389452
10037.061999999 54.260075308 35.299451351 1.645563650 0.681912765 -0.101269605 -0.066452825 0.721334506
10037.095333333 54.259292149 35.269697346 1.642560687 0.681903509 -0.100922231 -0.066028670 0.721430885
10037.128666666 54.259295734 35.229888754 1.638558732 0.681786450 -0.099899142 -0.064768570 0.721798053
10037.161999999 54.258999015 35.196320040 1.635113351 0.681656482 -0.098492045 -0.063130194 0.722259189
10037.195333333 54.257674090 35.161867112 1.631167021 0.681372619 -0.097007428 -0.061028584 0.722908311
10037.228666666 54.256227628 35.130789684 1.627754664 0.681135258 -0.095774418 -0.059105795 0.723455960
10037.261999999 54.254470926 35.093298863 1.623992872 0.680826237 -0.095156196 -0.056852616 0.724008780
10037.295333333 54.252809684 35.066418093 1.621443881 0.680700133 -0.094689866 -0.055048293 0.724327856
10037.328666666 54.250980771 35.025197902 1.618173786 0.680872988 -0.093220964 -0.051734170 0.724600166
10037.361999999 54.248225942 34.988603140 1.615577427 0.681443069 -0.091676555 -0.048720315 0.724470209
10037.395333333 54.247766519 34.966989087 1.614518666 0.681838091 -0.091225352 -0.047516041 0.724235444
10037.428666666 54.244725418 34.927223825 1.612611156 0.682656485 -0.092516680 -0.046713431 0.723352364
10037.461999999 54.242529739 34.881103510 1.610381944 0.683410669 -0.095870911 -0.047478783 0.722152610
10037.495333333 54.240701004 34.850575230 1.608658653 0.683797828 -0.098331880 -0.048042943 0.721417527
10037.528666666 54.237235609 34.810455742 1.605648066 0.684246073 -0.100125498 -0.047821504 0.720760224
10037.561999999 54.236294146 34.767499873 1.602098114 0.684268238 -0.100833763 -0.046649342 0.720717261
10037.595333333 54.235935811 34.737227773 1.599519847 0.684089191 -0.100923784 -0.045687392 0.720936218
10037.628666666 54.235483406 34.703311812 1.596823878 0.683565904 -0.101811052 -0.045528941 0.721317739
10037.661999999 54.233942969 34.664306681 1.594271136 0.682459780 -0.105749879 -0.047510905 0.721670511
10037.695333333 54.231812694 34.630336872 1.592996513 0.681205295 -0.111357818 -0.050911610 0.721780292
10037.728666666 54.229454585 34.592630410 1.592492046 0.679788689 -0.116796584 -0.054025649 0.722029865
10037.761999999 54.227870974 34.558869014 1.593196590 0.679020599 -0.117786746 -0.054054974 0.722589350
10037.795333333 54.227115695 34.525631018 1.594646622 0.678634813 -0.115229739 -0.051527618 0.723548065
10037.828666666 54.227039021 34.487490994 1.596921733 0.678412452 -0.110710135 -0.047770063 0.724719140
10037.861999999 54.226029381 34.450649203 1.598921703 0.678350730 -0.107984938 -0.045541816 0.725331292
10037.895333333 54.224174733 34.421064916 1.600364905 0.678407380 -0.107539235 -0.045203546 0.725365687
10037.928666666 54.221593681 34.388292849 1.601958096 0.678550813 -0.108400980 -0.045868006 0.725061479
10037.961999999 54.217117127 34.348843425 1.604051331 0.678814730 -0.109580471 -0.046788301 0.724578179
10037.995333333 54.213421157 34.314614893 1.605676854 0.679173786 -0.109385503 -0.046776610 0.724271861
10038.028666666 54.209115680 34.274489658 1.607035331 0.679681994 -0.107509159 -0.045526588 0.724155713
10038.061999999 54.203538969 34.236503951 1.608240295 0.680100967 -0.104801894 -0.043856110 0.724262300
10038.095333333 54.199903053 34.216410187 1.608816281 0.680203072 -0.103335323 -0.043040599 0.724426047
10038.128666666 54.194304323 34.175793730 1.609188707 0.680320278 -0.099929927 -0.041399810 0.724889222
10038.161999999 54.190174437 34.137238318 1.608406116 0.680199369 -0.096377468 -0.039956117 0.725564408
10038.195333333 54.187555707 34.110283936 1.606773234 0.679666082 -0.094280525 -0.039464932 0.726366105
10038.228666666 54.184056239 34.076399665 1.603727223 0.678675350 -0.091825401 -0.039488739 0.727604635
10038.261999999 54.180412932 34.040249611 1.600494637 0.677529978 -0.090955206 -0.041083138 0.728692291
10038.295333333 54.177217265 34.015562652 1.598582441 0.676646158 -0.092156776 -0.043503963 0.729221853
10038.328666666 54.173883421 33.981184935 1.596657792 0.676045485 -0.093779538 -0.046594642 0.729381135
10038.361999999 54.171424942 33.953375051 1.596255697 0.676117206 -0.094530263 -0.048542834 0.729090630
10038.395333333 54.170127510 33.922079074 1.596881895 0.676800422 -0.093886584 -0.049388160 0.728482881
10038.428666666 54.168485672 33.888452392 1.598105215 0.678046957 -0.091388934 -0.049017600 0.727665900
10038.461999999 54.167487959 33.856839676 1.600149626 0.679504986 -0.088573674 -0.048511616 0.726687210
10038.495333333 54.167816453 33.823377360 1.602870397 0.680977959 -0.086273244 -0.048593422 0.725578822
10038.528666666 54.168132974 33.786050425 1.606108686 0.682480888 -0.084891186 -0.049829076 0.724244702
10038.561999999 54.168640099 33.746799773 1.609699009 0.683639373 -0.085083984 -0.052389009 0.722947657
10038.595333333 54.169204169 33.719339332 1.612235794 0.684190073 -0.085995545 -0.054948136 0.722128391
10038.628666666 54.169003413 33.687892938 1.614631356 0.684417928 -0.087716255 -0.058652254 0.721413801
10038.661999999 54.169631171 33.651665367 1.616961969 0.684043383 -0.090538519 -0.063487751 0.721010910
10038.695333333 54.170609901 33.628632834 1.617725695 0.683577711 -0.092296873 -0.066433669 0.720964193
10038.728666666 54.172187498 33.599859338 1.618508168 0.682820819 -0.093998802 -0.069824230 0.721141132
10038.761999999 54.173976436 33.565097584 1.620725853 0.681922467 -0.094358710 -0.073021559 0.721627352
10038.795333333 54.176380083 33.538891288 1.622552825 0.681538385 -0.093943139 -0.074571040 0.721885917
10038.828666666 54.178416926 33.511753774 1.625924700 0.681126380 -0.093670299 -0.076665392 0.722090817
10038.861999999 54.180637633 33.485988075 1.629499783 0.680683678 -0.094217125 -0.079341098 0.722148083
10038.895333333 54.182642582 33.456079864 1.632374338 0.680008714 -0.095830401 -0.082724371 0.722192053
10038.928666666 54.183428391 33.424660734 1.635464204 0.679032773 -0.097982425 -0.086558446 0.722372185
10038.961999999 54.184847220 33.393656655 1.638375945 0.678084667 -0.099410605 -0.089280034 0.722736322
10038.995333333 54.185455961 33.369020103 1.640326106 0.677543271 -0.099553757 -0.090098353 0.723122709
10039.028666666 54.184815717 33.344994416 1.642629370 0.677255744 -0.098400724 -0.089372074 0.723639818
10039.061999999 54.184306158 33.306468366 1.646813227 0.677351706 -0.094987796 -0.086066698 0.724406315
10039.095333333 54.183244281 33.281015878 1.649507640 0.677460508 -0.092892755 -0.083650365 0.724859168
10039.128666666 54.180779356 33.254837457 1.652499553 0.677403698 -0.092023547 -0.081788430 0.725235513
10039.161999999 54.174381445 33.217462060 1.656281404 0.676904690 -0.093379796 -0.080778196 0.725641191
10039.195333333 54.170045575 33.190913908 1.658362135 0.676396281 -0.095109526 -0.080731539 0.725895769
10039.228666666 54.163114240 33.160033850 1.660608875 0.675619258 -0.096926955 -0.080523046 0.726401971
10039.261999999 54.155720360 33.126155800 1.662042588 0.674898671 -0.097116358 -0.078995045 0.727213847
10039.295333333 54.149367042 33.093534291 1.662215029 0.674239681 -0.095869798 -0.076541242 0.728252204
10039.328666666 54.145364039 33.072428463 1.661913144 0.673865430 -0.094794086 -0.074785649 0.728921511
10039.361999999 54.140532843 33.035116924 1.660658910 0.673313548 -0.092634581 -0.071829722 0.730005611
10039.395333333 54.134629264 33.000598218 1.659427575 0.672691109 -0.091438541 -0.069813756 0.730925239
10039.428666666 54.131170747 32.979475943 1.658802793 0.672185229 -0.091760828 -0.069354355 0.731393835
10039.461999999 54.124429378 32.942852797 1.657445055 0.671114584 -0.093409209 -0.069420810 0.732161653
10039.495333333 54.119412247 32.913524463 1.656061293 0.670190734 -0.094611713 -0.069368527 0.732858111
10039.528666666 54.114395826 32.882484517 1.654597976 0.669454725 -0.094988372 -0.068451327 0.733567990
10039.561999999 54.108421829 32.849744677 1.652488840 0.668990674 -0.093629516 -0.065958878 0.734393912
10039.595333333 54.103035025 32.816509195 1.651083390 0.668862551 -0.091057829 -0.062749800 0.735114837
10039.628666666 54.099605666 32.789534299 1.650629654 0.668958645 -0.089104104 -0.060448439 0.735459568
10039.661999999 54.094934396 32.756281318 1.649859755 0.669145927 -0.087938793 -0.058405718 0.735594500
10039.695333333 54.091311517 32.718294172 1.648975777 0.669409328 -0.087913204 -0.057341403 0.735441625
10039.728666666 54.088205433 32.688491816 1.648486203 0.669680809 -0.088467296 -0.056975097 0.735156439
10039.761999999 54.085067700 32.648723882 1.647161610 0.670080441 -0.089501303 -0.056813402 0.734679492
10039.795333333 54.081821902 32.606386303 1.645465858 0.670424986 -0.090590197 -0.056879172 0.734226473
10039.828666666 54.079357454 32.574521363 1.644087544 0.670689079 -0.091612429 -0.057163080 0.733836293
10039.861999999 54.077415715 32.532712831 1.641729986 0.671057531 -0.093402242 -0.057844421 0.733220181
10039.895333333 54.075205419 32.494897518 1.639127845 0.671362530 -0.095230719 -0.058661261 0.732640648
10039.928666666 54.073345408 32.456475163 1.636491814 0.671696620 -0.096829599 -0.059498536 0.732057104
10039.961999999 54.071912651 32.412907536 1.633141984 0.672205461 -0.097665800 -0.060070145 0.731432012
10039.995333333 54.070665869 32.373186054 1.630333940 0.672671425 -0.097618082 -0.060288793 0.730991878
10040.028666666 54.069269400 32.341988608 1.629044514 0.673070842 -0.097139672 -0.060190733 0.730695970
10040.061999999 54.066752856 32.302603018 1.627921428 0.673643742 -0.096308748 -0.059809415 0.730309227
10040.095333333 54.065237133 32.259675572 1.626952080 0.674294039 -0.095393699 -0.059253734 0.729874363
10040.128666666 54.064098733 32.233478347 1.626676643 0.674734456 -0.094670152 -0.058785941 0.729599334
10040.161999999 54.062931585 32.195113756 1.626644904 0.675397861 -0.093303666 -0.057934108 0.729229590
10040.195333333 54.060844756 32.146749463 1.627184063 0.676363117 -0.091711137 -0.056863786 0.728620966
10040.228666666 54.059254178 32.120028172 1.627817198 0.676917832 -0.090986346 -0.056412687 0.728231655
10040.261999999 54.056457303 32.077318677 1.629565621 0.677896949 -0.089961333 -0.055850740 0.727491154
10040.295333333 54.053156281 32.030750927 1.631658819 0.678927929 -0.089440221 -0.055605616 0.726612228
10040.328666666 54.049636731 31.997573724 1.633157076 0.679562851 -0.089335734 -0.055622196 0.726030047
10040.361999999 54.047060125 31.962177314 1.634806779 0.680230796 -0.088776134 -0.055393581 0.725490464
10040.395333333 54.042738378 31.910887605 1.636910833 0.681136659 -0.086189763 -0.053939755 0.725061845
10040.428666666 54.039229965 31.876691829 1.637986810 0.681641189 -0.083379587 -0.052291495 0.725037057
10040.461999999 54.035886544 31.837643851 1.639091496 0.682059039 -0.079014415 -0.049464773 0.725331252
10040.495333333 54.032745432 31.796868401 1.639376535 0.682227373 -0.074456320 -0.046626126 0.725843008
10040.528666666 54.029729570 31.766990023 1.639459737 0.682086741 -0.072086085 -0.045178322 0.726305854
10040.561999999 54.026801724 31.727880933 1.639249624 0.681614332 -0.071268911 -0.044654959 0.726862146
10040.595333333 54.022044576 31.689392725 1.639077674 0.680927451 -0.071929664 -0.044928035 0.727423812
10040.628666666 54.018855726 31.659565348 1.638765626 0.680412047 -0.072748315 -0.045145769 0.727811094
10040.661999999 54.016468796 31.625874755 1.638187324 0.680087191 -0.072796945 -0.044532149 0.728147585
10040.695333333 54.012821733 31.584371990 1.638049400 0.680273524 -0.070635164 -0.041843213 0.728345901
10040.728666666 54.010672239 31.560824745 1.637869779 0.680605362 -0.068717625 -0.039721450 0.728338133
10040.761999999 54.006916019 31.517650440 1.638766693 0.681726275 -0.065783174 -0.036019236 0.727753031
10040.795333333 54.003488838 31.474939046 1.640341125 0.682730777 -0.065458586 -0.034360996 0.726920341
10040.828666666 54.001585391 31.450153550 1.641141592 0.683241843 -0.066510449 -0.034211791 0.726351498
10040.861999999 53.996042175 31.407537658 1.642237673 0.683829409 -0.069815506 -0.034926500 0.725453840
10040.895333333 53.991191256 31.360075548 1.642831807 0.684102261 -0.073604499 -0.035711879 0.724783510
10040.928666666 53.987097731 31.326959614 1.642496329 0.684099073 -0.076061061 -0.036139433 0.724511639
10040.961999999 53.982778731 31.288175007 1.642225744 0.683948382 -0.078639354 -0.036391739 0.724366002
10040.995333333 53.978159330 31.248402921 1.642351369 0.683464149 -0.082043097 -0.037288363 0.724399934
10041.028666666 53.974453783 31.218257171 1.642726288 0.682905305 -0.084707466 -0.038124055 0.724576805
10041.061999999 53.970685959 31.186002917 1.643476158 0.682094449 -0.086437959 -0.038325377 0.725125374
10041.095333333 53.966562011 31.144219008 1.644841759 0.680858197 -0.086791294 -0.037632250 0.726280387
10041.128666666 53.964384205 31.119690268 1.645524348 0.679971300 -0.086836653 -0.037284515 0.727123299
10041.161999999 53.961082707 31.081490143 1.646774272 0.678249311 -0.087490400 -0.037521120 0.728639463
10041.195333333 53.959250251 31.044148945 1.647887291 0.676476427 -0.088513179 -0.038391926 0.730117197
10041.228666666 53.958004498 31.023162559 1.648384330 0.675461638 -0.089009844 -0.038969110 0.730965274
10041.261999999 53.956399739 30.989789145 1.649896349 0.674178527 -0.088774265 -0.039090048 0.732171026
10041.295333333 53.954356460 30.950118663 1.651256213 0.673229611 -0.087469954 -0.038286063 0.733242849
10041.328666666 53.952577433 30.922096669 1.652304090 0.672867075 -0.086160893 -0.037324301 0.733780005
10041.361999999 53.950505446 30.887403220 1.653534198 0.672637683 -0.083861728 -0.035367081 0.734353408
10041.395333333 53.947866660 30.847941023 1.654627757 0.672596267 -0.081272825 -0.032992114 0.734792835
10041.428666666 53.945582776 30.820656585 1.655023570 0.672653347 -0.079831087 -0.031437187 0.734966785
10041.461999999 53.941984841 30.783744723 1.654891676 0.672883155 -0.078498206 -0.029718713 0.734971489
10041.495333333 53.938396834 30.742594702 1.654786122 0.673234521 -0.076532698 -0.027306421 0.734950600
10041.528666666 53.936129945 30.718583797 1.654880147 0.673510328 -0.074867128 -0.025592076 0.734931151
10041.561999999 53.932718253 30.684582498 1.655226182 0.673985859 -0.071968890 -0.022790408 0.734876954
10041.595333333 53.929418882 30.640174090 1.655015907 0.674666596 -0.068991475 -0.019798927 0.734624505
10041.628666666 53.926561521 30.609604882 1.654820298 0.675076093 -0.067802386 -0.018393223 0.734395530
10041.661999999 53.923243764 30.574908757 1.654134384 0.675366910 -0.067335965 -0.017370994 0.734195923
10041.695333333 53.919791153 30.537846597 1.653277079 0.675609800 -0.066632999 -0.016206010 0.734063217
10041.728666666 53.917202606 30.509715470 1.653093749 0.675767743 -0.065606462 -0.015070846 0.734034481
10041.761999999 53.914862706 30.472575373 1.652279847 0.676224552 -0.063506106 -0.012848829 0.733840744
10041.795333333 53.913373954 30.435016824 1.650566159 0.676991422 -0.060890251 -0.010039989 0.733399067
10041.828666666 53.912632180 30.406834328 1.649460328 0.677699605 -0.059012006 -0.007988808 0.732923603
10041.861999999 53.912075337 30.370382959 1.648439192 0.678710591 -0.057351204 -0.005922802 0.732139121
10041.895333333 53.911287473 30.330252141 1.647506549 0.679811247 -0.056675689 -0.004602744 0.731179424
10041.928666666 53.910979602 30.306800156 1.646942543 0.680407817 -0.056720581 -0.004141255 0.730623589
10041.961999999 53.910070278 30.264248583 1.645978668 0.681434864 -0.057618094 -0.003942609 0.729596557
10041.995333333 53.910179127 30.219343038 1.644748255 0.682313209 -0.058638321 -0.003728543 0.728694950
10042.028666666 53.910194794 30.187294548 1.643349280 0.682813396 -0.059443721 -0.003619925 0.728161525
10042.061999999 53.910453257 30.149758265 1.640679346 0.683190819 -0.060484236 -0.003517158 0.727722194
10042.095333333 53.911631468 30.108940296 1.638410102 0.683440679 -0.061900325 -0.003851075 0.727366728
10042.128666666 53.912098838 30.079732354 1.636525025 0.683491832 -0.063729800 -0.004922942 0.727154174
10042.161999999 53.913214250 30.045114287 1.634349451 0.683323107 -0.066570799 -0.007037808 0.727040803
10042.195333333 53.914680663 30.009268292 1.632206694 0.682952023 -0.069008577 -0.009091564 0.727139391
10042.228666666 53.915688751 29.986937808 1.631120248 0.682666429 -0.070045439 -0.010086728 0.727295292
10042.261999999 53.918857474 29.949872713 1.629117277 0.682229254 -0.070456948 -0.010821688 0.727655107
10042.295333333 53.921526390 29.916605553 1.627845331 0.682027991 -0.070023702 -0.010899374 0.727884403
10042.328666666 53.923723357 29.885202688 1.627294749 0.682172698 -0.068966590 -0.010581930 0.727854410
10042.361999999 53.926333543 29.856536148 1.626677740 0.682671932 -0.067796001 -0.010231454 0.727501239
10042.395333333 53.928526607 29.820525134 1.627195039 0.683608047 -0.066945345 -0.010336676 0.726699052
10042.428666666 53.929770687 29.791092584 1.627986084 0.684450550 -0.066243303 -0.010345756 0.725969858
10042.461999999 53.931449552 29.755202496 1.629021409 0.685577587 -0.064165770 -0.009319409 0.725106389
10042.495333333 53.934371643 29.718897888 1.629795834 0.686636535 -0.060947029 -0.007453629 0.724403321
10042.528666666 53.936133685 29.698382389 1.630684891 0.687187467 -0.058988819 -0.006218544 0.724054579
10042.561999999 53.937716542 29.663042888 1.630777378 0.687889713 -0.056688127 -0.004945464 0.723581192
10042.595333333 53.940489351 29.621852602 1.630293334 0.688444035 -0.054347007 -0.003772778 0.723240610
10042.628666666 53.942178502 29.591642324 1.629101400 0.688671975 -0.052477385 -0.002908066 0.723165665
10042.661999999 53.943759861 29.561506101 1.627264416 0.688616293 -0.050097645 -0.001702706 0.723391269
10042.695333333 53.947396641 29.522571819 1.624471314 0.688141728 -0.046067359 0.000372084 0.724112299
10042.728666666 53.949084842 29.499023102 1.622457364 0.687658029 -0.043884927 0.001434445 0.724705796
10042.761999999 53.951952724 29.463965482 1.619177679 0.686594965 -0.042137170 0.002191601 0.725814721
10042.795333333 53.955052604 29.429553971 1.616290892 0.685565177 -0.040701139 0.003017916 0.726866355
10042.828666666 53.957747338 29.403568576 1.614310507 0.684981229 -0.039197519 0.004142279 0.727493720
10042.861999999 53.962043620 29.375340976 1.612805761 0.684567691 -0.036601391 0.006328781 0.728002309
10042.895333333 53.968081239 29.340401786 1.611570471 0.684366010 -0.032639394 0.009711483 0.728342998
10042.928666666 53.972771993 29.314021487 1.610845645 0.684362732 -0.029621289 0.012261558 0.728436603
10042.961999999 53.979012117 29.281510826 1.610178099 0.684481934 -0.026977918 0.014596151 0.728384257
10042.995333333 53.985634688 29.250292010 1.609785007 0.684695446 -0.025747738 0.015920072 0.728200351
10043.028666666 53.990265674 29.225437926 1.609707887 0.684925160 -0.025581236 0.016427775 0.727978883
10043.061999999 53.997608173 29.191634511 1.609851964 0.685485009 -0.026095026 0.016763453 0.727425830
10043.095333333 54.006265303 29.150421322 1.611066089 0.686261713 -0.027254953 0.017045031 0.726643995
10043.128666666 54.011428605 29.125803805 1.612023904 0.686716220 -0.027906993 0.017313556 0.726183361
10043.161999999 54.021111429 29.086973974 1.613849715 0.687348570 -0.028228690 0.018459535 0.725544161
10043.195333333 54.032177352 29.047834383 1.614890618 0.687748015 -0.028366603 0.019748733 0.725126190
10043.228666666 54.038698212 29.026359339 1.615241104 0.687821941 -0.028496873 0.020404886 0.725032790
10043.261999999 54.048132492 28.994601552 1.615481860 0.687694050 -0.028646635 0.021144083 0.725127017
10043.295333333 54.060588782 28.958059005 1.615862751 0.687321095 -0.028638503 0.021785920 0.725461868
10043.328666666 54.069074537 28.930393972 1.616356060 0.686965834 -0.028576062 0.022196154 0.725788318
10043.361999999 54.079510485 28.899630343 1.617218487 0.686499045 -0.027982970 0.023077247 0.726225485
10043.395333333 54.091996735 28.869862058 1.618737793 0.686116219 -0.026417215 0.024732608 0.726591332
10043.428666666 54.099713277 28.849699290 1.619754910 0.685984692 -0.025132202 0.026004606 0.726716681
10043.461999999 54.109630715 28.818892140 1.620754842 0.685999571 -0.023299162 0.027887716 0.726693892
10043.495333333 54.122132873 28.780415866 1.621908292 0.686275365 -0.021574364 0.029641215 0.726417283
10043.528666666 54.130564186 28.752714293 1.622796298 0.686615073 -0.020944916 0.030398000 0.726083338
10043.561999999 54.140109582 28.723678507 1.624668176 0.687158497 -0.020557517 0.031009504 0.725554270
10043.595333333 54.150388890 28.688901745 1.627052166 0.687855807 -0.019929885 0.032141641 0.724861437
10043.628666666 54.160758972 28.653523485 1.629673777 0.688638146 -0.018356398 0.034302044 0.724060713
10043.661999999 54.167766203 28.630147030 1.631667545 0.689195159 -0.016787105 0.036339714 0.723469178
10043.695333333 54.178105253 28.594994958 1.634195119 0.689927331 -0.013586691 0.040145056 0.722636876
10043.728666666 54.190352205 28.558601987 1.636479124 0.690496030 -0.009476986 0.044608634 0.721897146
10043.761999999 54.197995651 28.534886686 1.637508541 0.690727211 -0.006760425 0.047480798 0.721523243
10043.795333333 54.209015847 28.500101025 1.638605045 0.690822664 -0.003061662 0.051415884 0.721187271
10043.828666666 54.219267202 28.468802959 1.639501368 0.690670472 -0.000172171 0.054734461 0.721095284
10043.861999999 54.228074694 28.443541415 1.640087707 0.690355336 0.001794298 0.057130545 0.721208979
10043.895333333 54.241079736 28.407470137 1.639526619 0.689383519 0.004571212 0.060567300 0.721845599
10043.928666666 54.254167070 28.370969574 1.637705173 0.687916067 0.008197725 0.064599018 0.722863229
10043.961999999 54.263945835 28.346207484 1.636016030 0.686781475 0.011139069 0.067677313 0.723620693
10043.995333333 54.276176163 28.316694892 1.633820256 0.685503297 0.014325144 0.071350706 0.724423286
10044.028666666 54.289211920 28.285780372 1.631798018 0.684508181 0.017137881 0.075087162 0.724925349
10044.061999999 54.299566263 28.262345121 1.630526144 0.683968029 0.019201613 0.078052760 0.725070203
10044.095333333 54.312146359 28.230780821 1.630199069 0.683530607 0.022098881 0.082112454 0.724951788
10044.128666666 54.326372370 28.198118538 1.630234790 0.682998589 0.026006526 0.087136131 0.724737113
10044.161999999 54.336957943 28.176616111 1.630686957 0.682575192 0.028949750 0.090787196 0.724576224
10044.195333333 54.352393652 28.144962444 1.631818472 0.682029261 0.032600686 0.095732950 0.724298616
10044.228666666 54.368752604 28.110485913 1.633344426 0.681666113 0.034818738 0.099828063 0.723984339
10044.261999999 54.380691793 28.085571759 1.634462028 0.681536130 0.035324192 0.101958793 0.723785265
10044.295333333 54.395004530 28.056567228 1.635833087 0.681371024 0.034942360 0.103648060 0.723719310
10044.328666666 54.410693207 28.024911646 1.636897742 0.681120331 0.034276134 0.105050940 0.723784873
10044.361999999 54.423389970 28.000537914 1.637364314 0.680827748 0.033867690 0.105973552 0.723944862
10044.395333333 54.438158549 27.972429174 1.638175742 0.680484344 0.033453182 0.106729355 0.724175936
10044.428666666 54.452293608 27.946496716 1.639565154 0.680318823 0.032867890 0.107007556 0.724317185
10044.461999999 54.466390969 27.920955334 1.641976848 0.680370008 0.032062632 0.106702511 0.724350201
10044.495333333 54.481045194 27.894855476 1.645410248 0.680505553 0.031366623 0.106216106 0.724324835
10044.528666666 54.499571940 27.862795590 1.648968375 0.680533122 0.032138951 0.106433197 0.724233203
10044.561999999 54.514565110 27.838434870 1.651268624 0.680443845 0.034036346 0.107306755 0.724101485
10044.595333333 54.532047657 27.810748801 1.653119662 0.680302036 0.037482037 0.108849058 0.723834317
10044.628666666 54.551043845 27.782536791 1.654634835 0.680256695 0.041469001 0.110281227 0.723442604
10044.661999999 54.566131407 27.761381555 1.655396416 0.680352981 0.044480793 0.111127841 0.723043486
10044.695333333 54.583688854 27.737348902 1.655947681 0.680751286 0.047718403 0.111778596 0.722361535
10044.728666666 54.603430376 27.709919323 1.656308916 0.681535487 0.050893531 0.112149064 0.721347223
10044.761999999 54.618840661 27.688260785 1.656360583 0.682354790 0.053106837 0.112333224 0.720383822
10044.795333333 54.637519861 27.661521532 1.656103825 0.683480251 0.055995038 0.112789586 0.719025599
10044.828666666 54.658746390 27.630301731 1.655175071 0.684750620 0.059577588 0.113715632 0.717381248
10044.861999999 54.675726401 27.605782123 1.654153213 0.685613929 0.062950318 0.114917848 0.716075894
10044.895333333 54.695396211 27.578686270 1.652181329 0.686195183 0.068039605 0.117339295 0.714659551
10044.928666666 54.718192398 27.549586707 1.649352692 0.686446148 0.075137254 0.121094198 0.713079431
10044.961999999 54.736526618 27.526554558 1.646748462 0.686458341 0.081050364 0.124217880 0.711881804
10044.995333333 54.755333209 27.505713995 1.643689969 0.686380432 0.086365904 0.126856737 0.710865811
10045.028666666 54.775371144 27.483188995 1.640142466 0.686346251 0.090817306 0.128580898 0.710033798
10045.061999999 54.794158503 27.460050952 1.636311017 0.686379766 0.093045205 0.128701318 0.709691044
10045.095333333 54.814210221 27.435078406 1.631735874 0.686395971 0.093460465 0.127590895 0.709821298
10045.128666666 54.831776253 27.411018443 1.627656166 0.686232437 0.093594449 0.126631674 0.710133467
10045.161999999 54.849063208 27.388354841 1.623812698 0.685815162 0.094693404 0.126698724 0.710378882
10045.195333333 54.865876019 27.368085292 1.620460277 0.685200815 0.097349109 0.128194431 0.710344410
10045.228666666 54.888995951 27.341504899 1.616777878 0.684080188 0.103677713 0.132611613 0.709717823
10045.261999999 54.906842422 27.320632620 1.614289018 0.683261994 0.108902192 0.136462828 0.708993128
10045.295333333 54.927231355 27.295107214 1.613085077 0.682825627 0.112378039 0.139437208 0.708292033
10045.328666666 54.948701836 27.266278649 1.612079807 0.682887220 0.113143252 0.140842718 0.707832592
10045.361999999 54.962556830 27.246793369 1.611437674 0.683182520 0.112363051 0.141079456 0.707624743
10045.395333333 54.982235002 27.218413318 1.610978521 0.683561436 0.110502893 0.141429456 0.707481860
10045.428666666 55.004886487 27.185797955 1.610729669 0.683585705 0.109190618 0.142798272 0.707387196
10045.461999999 55.020036488 27.164071834 1.610573474 0.683329714 0.108934502 0.144404293 0.707347988
10045.495333333 55.041807165 27.134386103 1.610305424 0.682375603 0.109549721 0.147782345 0.707476342
10045.528666666 55.066207786 27.102900981 1.610291616 0.681047414 0.110204606 0.151371397 0.707895519
10045.561999999 55.084395128 27.079500324 1.610507773 0.680030799 0.110088958 0.153498023 0.708432700
10045.595333333 55.104809632 27.053263054 1.612117255 0.679326282 0.108020737 0.154149549 0.709285020
10045.628666666 55.126453023 27.024078834 1.614969850 0.679076899 0.103145844 0.152702418 0.710561378
10045.661999999 55.143193392 27.001180350 1.617636968 0.679036469 0.098595535 0.150849724 0.711640889
10045.695333333 55.163270063 26.974947401 1.620653039 0.678589481 0.095621916 0.150052821 0.712640805
10045.728666666 55.187448101 26.945481201 1.623976991 0.677336100 0.095780002 0.151508412 0.713503469
10045.761999999 55.206322422 26.923136063 1.626062835 0.675985276 0.097710815 0.153833415 0.714025058
10045.795333333 55.227502427 26.901003509 1.628296560 0.674287603 0.100550153 0.156752251 0.714601027
10045.828666666 55.247418914 26.879103102 1.629580420 0.672912632 0.102674073 0.159052760 0.715086599
10045.861999999 55.266880479 26.855642103 1.630217004 0.672018927 0.103697104 0.160458007 0.715465373
10045.895333333 55.286357171 26.831587560 1.631053953 0.671441033 0.104002853 0.161378219 0.715756534
10045.928666666 55.309868244 26.801786931 1.631843058 0.671007131 0.104394267 0.162563589 0.715838212
10045.961999999 55.326162408 26.780936060 1.632499769 0.670770223 0.104813169 0.163511421 0.715783154
10045.995333333 55.349156669 26.750836255 1.633409562 0.670529791 0.105640722 0.165223994 0.715493444
10046.028666666 55.374589766 26.717784610 1.634613910 0.670278607 0.106990791 0.167406901 0.715020621
10046.061999999 55.394026399 26.692985595 1.635674285 0.670114946 0.108469747 0.169286044 0.714508578
10046.095333333 55.416939127 26.663900011 1.636747309 0.669922505 0.110914100 0.171631988 0.713753711
10046.128666666 55.442702383 26.632014592 1.638324926 0.669597629 0.114480577 0.174549788 0.712787195
10046.161999999 55.460041572 26.610836168 1.639402872 0.669320713 0.117182737 0.176564721 0.712111571
10046.195333333 55.485735713 26.581631062 1.640542399 0.669048488 0.119943213 0.178516438 0.711420851
10046.228666666 55.513926436 26.550040567 1.641115121 0.668812335 0.121323894 0.179582537 0.711140412
10046.261999999 55.532174437 26.529678799 1.641137089 0.668577847 0.121665823 0.179958139 0.711207535
10046.295333333 55.559197646 26.501708912 1.640616390 0.667931613 0.122702628 0.181031887 0.711364099
10046.328666666 55.589344418 26.472709871 1.639556169 0.667092826 0.124581469 0.182793209 0.711374207
10046.361999999 55.609081802 26.454952046 1.638885728 0.666544610 0.126270486 0.184302979 0.711200716
10046.395333333 55.637574912 26.430150720 1.638686413 0.665901020 0.129633792 0.187057096 0.710479102
10046.428666666 55.670436326 26.400617111 1.639233245 0.665578593 0.133369060 0.190023359 0.709301736
10046.461999999 55.691799708 26.382001335 1.639901992 0.665708428 0.135251298 0.191562893 0.708408804
10046.495333333 55.717197277 26.359517526 1.641079475 0.666474772 0.135733547 0.192171382 0.707430522
10046.528666666 55.751537857 26.326567186 1.642814373 0.668133268 0.134316076 0.191667179 0.706272483
10046.561999999 55.777585279 26.302422384 1.644168373 0.669569094 0.132387281 0.190776658 0.705517614
10046.595333333 55.805527929 26.275339658 1.644936626 0.670979650 0.129868597 0.189705027 0.704934366
10046.628666666 55.836707895 26.242317208 1.645146021 0.672144373 0.127792605 0.189045218 0.704381216
10046.661999999 55.856679541 26.222007377 1.645355238 0.672644641 0.126904937 0.188972054 0.704083722
10046.695333333 55.884244488 26.199910825 1.645674733 0.672666813 0.126480712 0.189526224 0.703989914
10046.728666666 55.915526680 26.173647198 1.646599857 0.672082147 0.127214660 0.191040208 0.704006859
10046.761999999 55.939600780 26.154586900 1.647299352 0.671141452 0.128860833 0.192979574 0.704075934
10046.795333333 55.966402861 26.134622821 1.648979210 0.669754229 0.131410795 0.195533546 0.704220923
10046.828666666 55.996271394 26.111081278 1.650576148 0.668594026 0.133794189 0.197923706 0.704206894
10046.861999999 56.019740051 26.092936607 1.651547399 0.668199641 0.134938596 0.199156848 0.704015173
10046.895333333 56.045355948 26.070649075 1.652986956 0.668626025 0.134687551 0.199026287 0.703695275
10046.928666666 56.070721519 26.046903667 1.654456307 0.669695949 0.133285367 0.197854515 0.703275150
10046.961999999 56.093413520 26.027058072 1.655848283 0.670942723 0.131875823 0.196526938 0.702724549
10046.995333333 56.118812324 26.002710066 1.657136502 0.672032511 0.131413482 0.195970902 0.701924645
10047.028666666 56.148546433 25.973358378 1.658626575 0.672687656 0.132703807 0.197041951 0.700753514
10047.061999999 56.173059097 25.951207402 1.659930825 0.672804614 0.134928727 0.198990071 0.699665021
10047.095333333 56.195986036 25.928856305 1.661067045 0.672608926 0.137398966 0.201168222 0.698748956
10047.128666666 56.227487977 25.897260760 1.662220692 0.672459125 0.139156603 0.202920002 0.698038422
10047.161999999 56.252411416 25.872727066 1.662857502 0.672600788 0.138817247 0.203018532 0.697940848
10047.195333333 56.275418362 25.848108354 1.663188876 0.673052774 0.136501221 0.201671868 0.698352230
10047.228666666 56.304401828 25.816580552 1.663571468 0.673318085 0.134394166 0.200643175 0.698801317
10047.261999999 56.328304147 25.792502449 1.663834274 0.673044090 0.134547140 0.201309940 0.698844066
10047.295333333 56.353469397 25.770424037 1.663996658 0.672101285 0.137741369 0.204496383 0.698203700
10047.328666666 56.382505422 25.741724573 1.664720295 0.670957330 0.141675613 0.208492281 0.697334390
10047.361999999 56.405164271 25.719012318 1.665075032 0.670258267 0.143693377 0.211027077 0.696831143
10047.395333333 56.427341462 25.695847316 1.664807028 0.669988077 0.143589978 0.212075564 0.696793979
10047.428666666 56.452753710 25.666361962 1.663579783 0.670118429 0.141517087 0.211966093 0.697125943
10047.461999999 56.471968259 25.644824598 1.662178745 0.670355270 0.139469521 0.211553834 0.697436048
10047.495333333 56.492614856 25.621483140 1.660369498 0.670434801 0.138460149 0.211835950 0.697475086
10047.528666666 56.517021122 25.594592798 1.658456192 0.670091900 0.139449354 0.213596325 0.697070537
10047.561999999 56.537641898 25.574568076 1.656953790 0.669529153 0.141633050 0.215871614 0.696469840
10047.595333333 56.558526866 25.551549460 1.655793893 0.669033349 0.143894265 0.217945573 0.695836579
10047.628666666 56.585099810 25.522840978 1.654665208 0.668892851 0.145310964 0.219202829 0.695282099
10047.661999999 56.610462199 25.498885881 1.653839422 0.669246185 0.145187476 0.219000391 0.695031632
10047.695333333 56.635705072 25.472928428 1.653836972 0.669885433 0.143860399 0.217580600 0.695137666
10047.728666666 56.664494275 25.444551114 1.654106805 0.670587776 0.141932137 0.215448810 0.695520750
10047.761999999 56.688790374 25.423513856 1.654191159 0.670966310 0.140582548 0.213866868 0.695917898
10047.795333333 56.713251594 25.402850701 1.654046641 0.670862975 0.140221867 0.213048470 0.696341185
10047.828666666 56.743885076 25.377140877 1.653909764 0.670211288 0.141007332 0.212803899 0.696884683
10047.861999999 56.765829881 25.360195565 1.654150982 0.669601008 0.141970392 0.212836369 0.697265787
10047.895333333 56.793778455 25.339605022 1.655555929 0.668983692 0.142721474 0.212326426 0.697860222
10047.928666666 56.826422384 25.313690260 1.657718621 0.668469146 0.142662734 0.210948185 0.698782662
10047.961999999 56.850949035 25.294860675 1.659496066 0.668050086 0.142487711 0.209859780 0.699546430
10047.995333333 56.878253955 25.274953504 1.661286576 0.667191144 0.143489393 0.209672914 0.700217138
10048.028666666 56.909559432 25.251567593 1.663127855 0.665967822 0.145852537 0.210434410 0.700664867
10048.061999999 56.940523607 25.229352281 1.664982784 0.664748371 0.149036216 0.212006110 0.700679113
10048.095333333 56.962942568 25.213998403 1.666419486 0.663971160 0.151566777 0.213375662 0.700457449
10048.128666666 56.991595024 25.191032362 1.668375025 0.663544723 0.154291900 0.214898703 0.699800656
10048.161999999 57.024380559 25.164161951 1.670664739 0.663433660 0.156990077 0.216495784 0.698812900
10048.195333333 57.049594421 25.144752332 1.672367707 0.663495340 0.158955495 0.217783722 0.697909260
10048.228666666 57.077737889 25.121361426 1.673646794 0.663560187 0.161124737 0.219349023 0.696859171
10048.261999999 57.110266631 25.094401525 1.674644089 0.663555438 0.163641510 0.221241412 0.695677996
10048.295333333 57.136584379 25.073804367 1.675215061 0.663491575 0.165538790 0.222726446 0.694815637
10048.328666666 57.164791962 25.051413787 1.675915264 0.663410831 0.167262408 0.224104789 0.694036310
10048.361999999 57.192780771 25.029717666 1.676555630 0.663292882 0.168828748 0.225397036 0.693350981
10048.395333333 57.220381121 25.007795801 1.676891848 0.663137812 0.170167561 0.226712977 0.692742716
10048.428666666 57.247419270 24.986037920 1.677194485 0.662886158 0.171583833 0.228380096 0.692086310
10048.461999999 57.282073947 24.960397390 1.677457389 0.662061630 0.174710471 0.232127674 0.690845418
10048.495333333 57.307963201 24.942581325 1.677343991 0.661153610 0.177690165 0.235739628 0.689731062
10048.528666666 57.338458295 24.922698701 1.675996447 0.659483985 0.181995071 0.241319199 0.688275898
10048.561999999 57.374074084 24.899416290 1.673597325 0.657343890 0.186812872 0.248094645 0.686621444
10048.595333333 57.400643590 24.882348058 1.670933946 0.655774265 0.189822060 0.253012045 0.685501718
10048.628666666 57.427703197 24.865184533 1.667500955 0.654631317 0.191565196 0.257185505 0.684555499
10048.661999999 57.460348401 24.843340735 1.663305112 0.653967536 0.192328505 0.261210480 0.683451018
10048.695333333 57.487516882 24.825277041 1.659801163 0.653854562 0.192361388 0.264044686 0.682460044
10048.728666666 57.515545074 24.807875188 1.655904782 0.654219353 0.191969357 0.266593703 0.681228744
10048.761999999 57.551549566 24.782324634 1.651454313 0.654859970 0.192019321 0.269596915 0.679414825
10048.795333333 57.581820436 24.761547818 1.648707939 0.655388596 0.192730176 0.272340685 0.677607127
10048.828666666 57.612179611 24.743177219 1.647283280 0.655836434 0.193903021 0.275129841 0.675709820
10048.861999999 57.650250029 24.720821531 1.646078380 0.656670704 0.194751141 0.277855075 0.673537034
10048.895333333 57.678071786 24.705474114 1.645367348 0.657543081 0.194446186 0.279039641 0.672283166
10048.928666666 57.712217290 24.685677363 1.643877907 0.659214155 0.191744806 0.278488038 0.671650980
10048.961999999 57.752698750 24.662176827 1.641962819 0.661434636 0.187614300 0.276777919 0.671341255
10048.995333333 57.783037163 24.645681014 1.641028394 0.663162369 0.184200300 0.274904817 0.671351818
10049.028666666 57.814468447 24.629725519 1.640740649 0.664364295 0.181909615 0.273550680 0.671341196
10049.061999999 57.846816328 24.614686688 1.641448356 0.664507197 0.181900583 0.273804408 0.671098733
10049.095333333 57.878928437 24.600614820 1.642467655 0.663272756 0.184785461 0.276103190 0.670589750
10049.128666666 57.915471865 24.585691088 1.643080671 0.660940155 0.189462094 0.279735684 0.670082214
10049.161999999 57.948476330 24.573941183 1.643210727 0.658745341 0.193220922 0.282633691 0.669954064
10049.195333333 57.978782583 24.562544794 1.642339738 0.657386205 0.194661639 0.283716210 0.670414302
10049.228666666 58.009626703 24.549333602 1.640658101 0.656886263 0.194216185 0.283252541 0.671229103
10049.261999999 58.044391620 24.535159394 1.638313171 0.656867720 0.193171253 0.282107609 0.672030477
10049.295333333 58.069192103 24.525473541 1.636599802 0.656846238 0.192910324 0.281578980 0.672348053
10049.328666666 58.097909519 24.512635136 1.634464638 0.656387534 0.194491470 0.282180825 0.672088131
10049.361999999 58.132452132 24.496993506 1.632017742 0.655671586 0.197141988 0.283339030 0.671527216
10049.395333333 58.163587214 24.483399532 1.630146622 0.655332843 0.199222834 0.283890590 0.671010626
10049.428666666 58.197997750 24.464593190 1.628435720 0.655838519 0.199907078 0.282929024 0.670719140
10049.461999999 58.233865224 24.445367197 1.627069320 0.657026177 0.199742541 0.280842072 0.670482848
10049.495333333 58.262919664 24.432343421 1.626621725 0.657944402 0.199913459 0.279167242 0.670230873
10049.528666666 58.294248860 24.418687171 1.626609111 0.658165902 0.201718845 0.278554734 0.669727119
10049.561999999 58.326892230 24.405480665 1.626331293 0.657679593 0.204952030 0.278989427 0.669041941
10049.595333333 58.358106000 24.394825001 1.625566772 0.656718615 0.208593199 0.279902574 0.668478935
10049.628666666 58.392424961 24.381682528 1.623624642 0.655875994 0.211576870 0.280220881 0.668235113
10049.661999999 58.428688199 24.367631115 1.620997273 0.655486717 0.213434272 0.279743465 0.668226435
10049.695333333 58.455393200 24.358413563 1.619216302 0.655415449 0.214453404 0.279235060 0.668182690
10049.728666666 58.487798953 24.347662636 1.617424498 0.655338720 0.216469867 0.279287915 0.667585365
10049.761999999 58.527969463 24.334185622 1.615277636 0.654812850 0.220762412 0.280674534 0.666112524
10049.795333333 58.559081632 24.324806205 1.613892110 0.654058200 0.225371094 0.282625057 0.664483874
10049.828666666 58.592741115 24.315188722 1.612220379 0.653380190 0.230290154 0.284504088 0.662659940
10049.861999999 58.632004436 24.304344475 1.610546450 0.653069975 0.234885308 0.285695300 0.660837873
10049.895333333 58.664609842 24.295831229 1.609522552 0.653207566 0.237551765 0.285877952 0.659668728
10049.928666666 58.699440138 24.285398625 1.608768641 0.653567794 0.239413578 0.285570786 0.658771283
10049.961999999 58.735875014 24.274945294 1.607927447 0.653905900 0.241016257 0.285265425 0.657983188
10049.995333333 58.771271058 24.266099491 1.606629918 0.654090556 0.242264005 0.285166411 0.657384069
10050.028666666 58.806003962 24.256159914 1.604703632 0.654129266 0.243117642 0.285260818 0.656989331
10050.061999999 58.843219182 24.247979342 1.602054182 0.653867919 0.243870242 0.285849091 0.656714813
10050.095333333 58.880790609 24.241046180 1.599087193 0.653218220 0.245043893 0.287274971 0.656302171
10050.128666666 58.913319954 24.235405243 1.596760482 0.652262425 0.246793128 0.289508334 0.655615592
10050.161999999 58.953082487 24.229316541 1.594624320 0.650998147 0.249142352 0.292900576 0.654475938
10050.195333333 58.985158823 24.223774716 1.593099345 0.650081216 0.250829780 0.295710955 0.653478282
10050.228666666 59.014420067 24.217418639 1.591981176 0.649288027 0.252254109 0.298497408 0.652450932
10050.261999999 59.056581139 24.206192238 1.590568908 0.648062771 0.254410764 0.302779412 0.650856693
10050.295333333 59.090755118 24.196627736 1.589852418 0.647013648 0.256262195 0.306456864 0.649451474
10050.328666666 59.118902264 24.189129189 1.590006442 0.646133817 0.257964786 0.309553906 0.648183337
10050.361999999 59.156617031 24.179270469 1.590638261 0.644792903 0.260662164 0.313992232 0.646301962
10050.395333333 59.188141238 24.170940088 1.591207555 0.643504996 0.263120130 0.317976869 0.644639301
10050.428666666 59.214705883 24.163929819 1.591501514 0.642265218 0.265119359 0.321372990 0.643371212
10050.461999999 59.252070768 24.153006959 1.591128920 0.640370720 0.267599114 0.325981532 0.641912842
10050.495333333 59.280875433 24.144037198 1.590437033 0.638844157 0.269327008 0.329421291 0.640954538
10050.528666666 59.308870834 24.137167736 1.589445130 0.637335079 0.270733192 0.332472200 0.640288819
10050.561999999 59.345706479 24.127269189 1.588173643 0.635693128 0.272001698 0.335774929 0.639659692
10050.595333333 59.376357881 24.117184971 1.587513583 0.634760150 0.272662316 0.337740476 0.639270040
10050.628666666 59.408142043 24.105816187 1.587026799 0.634049320 0.273564337 0.339455310 0.638681537
10050.661999999 59.440520414 24.094815738 1.586807240 0.633212235 0.274969328 0.341431348 0.637854818
10050.695333333 59.471129256 24.085628634 1.586861256 0.631948624 0.277211709 0.343870858 0.636826066
10050.728666666 59.506762953 24.074662231 1.586922412 0.629794986 0.280991944 0.347550021 0.635303696
10050.761999999 59.545205228 24.063897102 1.586698552 0.627032699 0.285654787 0.351965020 0.633523450
10050.795333333 59.575692218 24.056236171 1.586025077 0.624995929 0.288763987 0.355117366 0.632366275
10050.828666666 59.601544134 24.050005757 1.585524925 0.623953104 0.289780276 0.356729219 0.632023876
10050.861999999 59.632465080 24.041671663 1.584749643 0.623535568 0.289553746 0.357601354 0.632046909
10050.895333333 59.663881761 24.032675664 1.584040411 0.623549243 0.288902793 0.358101541 0.632048102
10050.928666666 59.691869111 24.026019209 1.583413330 0.623411952 0.289028725 0.359019504 0.631605043
10050.961999999 59.727346863 24.017995684 1.583176939 0.622083979 0.291980430 0.362016779 0.629843475
10050.995333333 59.760973792 24.010406919 1.583965613 0.620128315 0.296369141 0.365766587 0.627551599
10051.028666666 59.790673963 24.004899363 1.585603208 0.618326928 0.300503683 0.369045592 0.625439604
10051.061999999 59.828017161 23.997584214 1.587252948 0.617080177 0.304112142 0.371637729 0.623388529
10051.095333333 59.861208566 23.990154364 1.588061654 0.616984011 0.305719052 0.372474302 0.622197304
10051.128666666 59.893738184 23.982298595 1.588050787 0.617804081 0.305774052 0.372069223 0.621598617
10051.161999999 59.931389766 23.974583997 1.587573831 0.618837933 0.305740555 0.371638008 0.620844197
10051.195333333 59.963050278 23.969062755 1.587032736 0.619391256 0.306160919 0.371841659 0.619962697
10051.228666666 59.991062896 23.964687046 1.586207823 0.619322014 0.307284788 0.372861185 0.618862536
10051.261999999 60.025785622 23.959052822 1.584866904 0.618698465 0.309454404 0.374786409 0.617240090
10051.295333333 60.057329093 23.953126509 1.584087297 0.618056523 0.311515891 0.376557487 0.615766549
10051.328666666 60.087855433 23.946498198 1.584539847 0.617972335 0.312545909 0.377438463 0.614788951
10051.361999999 60.126961239 23.937568384 1.585913217 0.618610478 0.312411284 0.377459106 0.614202644
10051.395333333 60.159554287 23.930022924 1.587577573 0.619237933 0.312032176 0.377279022 0.613873638
10051.428666666 60.187193039 23.923070578 1.589010783 0.619214107 0.312655866 0.377801067 0.613258960
10051.461999999 60.222986781 23.913220630 1.590029175 0.618884756 0.314159994 0.378877248 0.612157813
10051.495333333 60.254756383 23.904188851 1.590790952 0.618730609 0.315515730 0.379672247 0.611122936
10051.528666666 60.279210024 23.896609287 1.590777431 0.618919035 0.316434262 0.379878762 0.610328364
10051.561999999 60.313680297 23.886310697 1.591369619 0.619481393 0.317369025 0.379620780 0.609432334
10051.595333333 60.346505001 23.876526056 1.592498040 0.620277481 0.317835420 0.378912057 0.608820289
10051.628666666 60.374078780 23.866779515 1.592643662 0.621365435 0.317519146 0.377523362 0.608738614
10051.661999999 60.408374354 23.854388267 1.592855259 0.622947634 0.316465926 0.375196509 0.609108482
10051.695333333 60.438595489 23.843361952 1.593271519 0.624290618 0.315400604 0.373028205 0.609617619
10051.728666666 60.464917300 23.835459433 1.593400827 0.625126768 0.314889967 0.371424026 0.610004119
10051.761999999 60.494573006 23.826423161 1.593366376 0.625527447 0.314969014 0.370316818 0.610225685
10051.795333333 60.524514150 23.815771527 1.593343695 0.625314875 0.315821231 0.370008338 0.610190206
10051.828666666 60.552356946 23.805968332 1.592615283 0.624856982 0.316908013 0.370063469 0.610062367
10051.861999999 60.584623760 23.793885682 1.591269748 0.624448334 0.317591923 0.369931527 0.610205141
10051.895333333 60.614338275 23.782614508 1.590467907 0.624250145 0.317564826 0.369471571 0.610700497
10051.928666666 60.640952220 23.772435180 1.590078894 0.624200335 0.316763986 0.368763366 0.611594718
10051.961999999 60.672477677 23.760761614 1.589330103 0.623856129 0.315678205 0.368166131 0.612865810
10051.995333333 60.696013267 23.752300747 1.588633374 0.623233473 0.315085387 0.368152291 0.613811965
10052.028666666 60.722716352 23.742581235 1.587806356 0.621707247 0.315511806 0.369248970 0.614481568
10052.061999999 60.760784008 23.729405043 1.586931181 0.619253942 0.316977104 0.371406916 0.614904036
10052.095333333 60.790204923 23.719902128 1.586279108 0.617151952 0.318819929 0.373561254 0.614759555
10052.128666666 60.815384775 23.711903690 1.585288179 0.615561391 0.320468006 0.375272010 0.614455328
10052.161999999 60.842348009 23.703365904 1.584047815 0.614896458 0.321078661 0.375888259 0.614425631
10052.195333333 60.866735298 23.695444921 1.582989394 0.615424318 0.320253828 0.375092924 0.614813543
10052.228666666 60.891132733 23.687450554 1.582137597 0.616431999 0.318803255 0.373678018 0.615419218
10052.261999999 60.920423638 23.676879416 1.581275609 0.617525324 0.317167287 0.371939231 0.616221222
10052.295333333 60.950436605 23.665568549 1.580354281 0.618331028 0.315669462 0.370371877 0.617125759
10052.328666666 60.980167560 23.654618137 1.579042221 0.618615161 0.314375301 0.369318894 0.618131869
10052.361999999 61.013423315 23.642833725 1.577674297 0.618408915 0.313185278 0.368599105 0.619370726
10052.395333333 61.044826274 23.632326402 1.576319324 0.617821341 0.312065537 0.368116541 0.620807622
10052.428666666 61.070440859 23.624056685 1.575216311 0.617099052 0.311208278 0.367834322 0.622122238
10052.461999999 61.095899425 23.617273879 1.575140008 0.616174774 0.310671305 0.367696138 0.623387149
10052.495333333 61.125390824 23.609195533 1.576409086 0.615275243 0.309812079 0.367256111 0.624960638
10052.528666666 61.149233164 23.602520488 1.577914487 0.614785253 0.308780157 0.366583958 0.626346636
10052.561999999 61.171247397 23.595287313 1.579090627 0.614387098 0.308052476 0.366013195 0.627428488
10052.595333333 61.200086804 23.585743126 1.581207457 0.613622804 0.307829553 0.365634227 0.628505873
10052.628666666 61.226353201 23.578846902 1.583612031 0.612617892 0.308318164 0.365671528 0.629224572
10052.661999999 61.248808971 23.573867196 1.586396919 0.611245398 0.309726744 0.366300043 0.629501935
10052.695333333 61.276625922 23.567599457 1.589485581 0.609448791 0.311794573 0.367207930 0.629694093
10052.728666666 61.300023008 23.562230237 1.591075230 0.608166843 0.313303967 0.367769590 0.629856527
10052.761999999 61.326082880 23.555610114 1.591718421 0.607150185 0.314375144 0.367930910 0.630209304
10052.795333333 61.358871127 23.546890700 1.592038730 0.606078998 0.315536107 0.367914904 0.630669356
10052.828666666 61.387707542 23.539947877 1.592167585 0.605376686 0.316491670 0.367624400 0.631034382
10052.861999999 61.418825537 23.533433140 1.592570045 0.605126265 0.317115387 0.366695021 0.631502016
10052.895333333 61.452608862 23.526137279 1.593458918 0.605255211 0.317666308 0.365340684 0.631886406
10052.928666666 61.477900865 23.521472889 1.594648591 0.605298914 0.318533946 0.364493642 0.631896934
10052.961999999 61.504872244 23.516564857 1.596296034 0.604926807 0.320488985 0.364358707 0.631342301
10052.995333333 61.545370301 23.508527066 1.598717042 0.603657055 0.324502111 0.365214119 0.630012053
10053.028666666 61.576008504 23.503347010 1.600594616 0.602052891 0.328517656 0.366747483 0.628573584
10053.061999999 61.604335247 23.499293360 1.602108313 0.599936167 0.333095270 0.369077275 0.626822225
10053.095333333 61.645642669 23.492365295 1.604153294 0.597035944 0.338964409 0.372274916 0.624549917
10053.128666666 61.679691092 23.486369539 1.605897364 0.595124547 0.342603623 0.374370029 0.623134506
10053.161999999 61.708194292 23.482215792 1.607433852 0.594272616 0.344272624 0.375449654 0.622377679
10053.195333333 61.744498320 23.476429848 1.608871422 0.593628584 0.345753609 0.376681009 0.621426555
10053.228666666 61.777052651 23.471269391 1.610079320 0.592884314 0.347559139 0.378391856 0.620089057
10053.261999999 61.806852896 23.467987204 1.611454462 0.591521494 0.350724087 0.381351165 0.617791409
10053.295333333 61.843972835 23.464013994 1.612987320 0.589460701 0.355458691 0.385850130 0.614251478
10053.328666666 61.876570173 23.459845157 1.614317710 0.587876552 0.359339829 0.389801961 0.611007756
10053.361999999 61.909300290 23.454327192 1.615359226 0.587397738 0.361505790 0.392620807 0.608380114
10053.395333333 61.944865943 23.447644319 1.616220885 0.587882966 0.362260129 0.394682704 0.606124394
10053.428666666 61.975908979 23.441841797 1.616857672 0.589153600 0.361497222 0.395805777 0.604611926
10053.461999999 62.010519808 23.435262585 1.617252396 0.590706570 0.360126830 0.397047639 0.603098322
10053.495333333 62.050027582 23.428212311 1.617161516 0.591794741 0.359127705 0.399318936 0.601124499
10053.528666666 62.082512259 23.422772991 1.616570683 0.592038974 0.358932992 0.401821208 0.599330191
10053.561999999 62.112127779 23.418451490 1.615341005 0.591628325 0.359174352 0.404617117 0.597707870
10053.595333333 62.152722083 23.412789856 1.613475895 0.590938498 0.359342508 0.408392782 0.595718045
10053.628666666 62.182729935 23.408085459 1.611988769 0.590595183 0.358931731 0.410748446 0.594685679
10053.661999999 62.210132164 23.403073549 1.610134575 0.590760422 0.357571086 0.412076191 0.594422623
10053.695333333 62.250113190 23.395459423 1.606902978 0.590898366 0.355686858 0.413915662 0.594137867
10053.728666666 62.280763423 23.389821841 1.604051973 0.590618265 0.354756162 0.415651615 0.593760781
10053.761999999 62.307561807 23.385465528 1.601600592 0.589647121 0.355127950 0.417897498 0.592926718
10053.795333333 62.345870294 23.378893248 1.599040906 0.587928536 0.356548505 0.421350400 0.591334964
10053.828666666 62.379010777 23.372333100 1.597917141 0.586593691 0.357968096 0.424071458 0.589855985
10053.861999999 62.407916365 23.366354404 1.597858480 0.586032461 0.358708899 0.425708984 0.588783272
10053.895333333 62.440373210 23.358062555 1.598370408 0.585760500 0.359221704 0.427042100 0.587774998
10053.928666666 62.471290589 23.349206092 1.599066001 0.585646983 0.359625750 0.427953110 0.586977911
10053.961999999 62.505540575 23.340600048 1.599560568 0.585481657 0.360162862 0.428892474 0.586127280
10053.995333333 62.541332157 23.331995376 1.599814760 0.585049370 0.361102008 0.430053227 0.585129726
10054.028666666 62.570857366 23.325302557 1.599821904 0.584223406 0.362455498 0.431396669 0.584128357
10054.061999999 62.600576282 23.318001393 1.599634255 0.582440556 0.364873290 0.433559577 0.582800630
10054.095333333 62.637575996 23.309403682 1.599007601 0.579373360 0.368783248 0.436911742 0.580890313
10054.128666666 62.667916656 23.302592351 1.598297157 0.576540748 0.372197001 0.439820317 0.579334313
10054.161999999 62.695629907 23.295902669 1.597636972 0.574572947 0.374374254 0.441745835 0.578420663
10054.195333333 62.731153293 23.286254565 1.596541504 0.573420364 0.375226415 0.442863788 0.578157322
10054.228666666 62.762385618 23.277523443 1.595232595 0.573384201 0.374576421 0.442939016 0.578556903
10054.261999999 62.789147895 23.270261545 1.593859298 0.573504739 0.373995694 0.443002491 0.578764485
10054.295333333 62.824203859 23.260724331 1.592554039 0.573094314 0.374532075 0.443880914 0.578150816
10054.328666666 62.854503200 23.252692915 1.591956037 0.572334732 0.375976719 0.445166069 0.576976283
10054.361999999 62.880374684 23.246618848 1.591867539 0.571492708 0.378129678 0.446635312 0.575265964
10054.395333333 62.918719062 23.237786310 1.592032539 0.570746724 0.381209940 0.448344625 0.572637980
10054.428666666 62.948650583 23.230819717 1.592548081 0.570837060 0.383083956 0.448974527 0.570800847
10054.461999999 62.978327667 23.223354166 1.593386799 0.571894213 0.383812440 0.448506539 0.569619965
10054.495333333 63.021445155 23.212598283 1.594620716 0.573901725 0.384191097 0.447196125 0.568374557
10054.528666666 63.055437084 23.204293178 1.595563949 0.575726201 0.383960306 0.445783782 0.567794545
10054.561999999 63.086845664 23.197094466 1.596176113 0.577234833 0.383491869 0.444494918 0.567589819
10054.595333333 63.124674356 23.188938587 1.596418617 0.578619421 0.382777979 0.443151544 0.567712334
10054.628666666 63.157311319 23.182118676 1.596011930 0.579457844 0.381991750 0.442061190 0.568236583
10054.661999999 63.186784952 23.176186648 1.595491939 0.580316011 0.380677952 0.440662379 0.569327930
10054.695333333 63.223353011 23.168636024 1.595276336 0.582080334 0.377759369 0.437892545 0.571603414
10054.728666666 63.253141257 23.162757332 1.595728406 0.584055074 0.374466803 0.434808940 0.574104058
10054.761999999 63.278965020 23.158162410 1.596599917 0.585491944 0.371901315 0.432344421 0.576165686
10054.795333333 63.317241472 23.150954303 1.597865661 0.586091085 0.370185227 0.430455714 0.578072674
10054.828666666 63.350198614 23.144865442 1.599291001 0.584990447 0.371063044 0.430708176 0.578436567
10054.861999999 63.378556689 23.139137492 1.600249588 0.583215776 0.373092423 0.432043317 0.577927309
10054.895333333 63.414796919 23.130441513 1.600804873 0.581445073 0.375119093 0.433487057 0.577318166
10054.928666666 63.446672144 23.122543186 1.601242692 0.580774282 0.375860083 0.434028905 0.577104272
10054.961999999 63.472691755 23.115472218 1.601356085 0.581108321 0.375518558 0.433749573 0.577200345
10054.995333333 63.505589475 23.105408104 1.601326249 0.581524611 0.375354960 0.433608033 0.576993808
10055.028666666 63.537408191 23.096216989 1.601512661 0.581338968 0.376148976 0.434247308 0.576182461
10055.061999999 63.564592070 23.087594907 1.601347490 0.580551475 0.377757756 0.435557107 0.574933969
10055.095333333 63.596499658 23.077127032 1.600704551 0.579454695 0.379824718 0.437330975 0.573329799
10055.128666666 63.624891704 23.069280701 1.599917473 0.578505931 0.381460311 0.438869530 0.572024872
10055.161999999 63.655360461 23.060166131 1.598382702 0.577574375 0.382842145 0.440320497 0.570926960
10055.195333333 63.693179503 23.049110312 1.596031845 0.576107701 0.384791301 0.442387444 0.569498833
10055.228666666 63.722502362 23.041249604 1.594033679 0.574429205 0.386867583 0.444552595 0.568099949
10055.261999999 63.750251528 23.034033790 1.592350443 0.572274475 0.389533755 0.447325857 0.566272864
10055.295333333 63.785114579 23.024059836 1.590395605 0.569583925 0.392888221 0.450911973 0.563818580
10055.328666666 63.815838654 23.014944847 1.588703468 0.567812174 0.395002319 0.453593118 0.561974899
10055.361999999 63.842944717 23.007340172 1.587196536 0.567195847 0.395725076 0.455190237 0.560796205
10055.395333333 63.876288781 22.997227558 1.585819879 0.567134441 0.395943421 0.456529997 0.559613880
10055.428666666 63.904859296 22.989111109 1.585094293 0.567395846 0.395947425 0.457448658 0.558594948
10055.461999999 63.931063658 22.981794051 1.584666379 0.567616643 0.396246013 0.458364012 0.557407281
10055.495333333 63.965070494 22.972495701 1.584380733 0.567413292 0.397585807 0.460076073 0.555245612
10055.528666666 63.997820472 22.965154402 1.584127619 0.566672481 0.399881683 0.462287860 0.552509614
10055.561999999 64.026553033 22.959437100 1.584156668 0.565802087 0.402457445 0.464333014 0.549809835
10055.595333333 64.061532393 22.952558901 1.584390930 0.565144732 0.405240855 0.466215455 0.546840407
10055.628666666 64.090235607 22.947357489 1.584580529 0.565317903 0.406716953 0.466882757 0.544993100
10055.661999999 64.118058581 22.942309015 1.584808385 0.566703887 0.406475315 0.466132830 0.544375521
10055.695333333 64.157267705 22.936429151 1.584796189 0.569290947 0.404893886 0.464309470 0.544412963
10055.728666666 64.188598430 22.932094931 1.584234531 0.571203324 0.403287123 0.462900897 0.544801815
10055.761999999 64.216059746 22.929499806 1.583369582 0.571694428 0.402727300 0.462687027 0.544882480
10055.795333333 64.255323743 22.926031983 1.582190170 0.571762284 0.402360895 0.462786477 0.544997503
10055.828666666 64.286394932 22.922367128 1.581574058 0.572005050 0.401572234 0.462403365 0.545649238
10055.861999999 64.314217296 22.919901177 1.581869110 0.573207835 0.399408617 0.460844853 0.547291107
10055.895333333 64.344967026 22.919519729 1.582773360 0.574970046 0.396109666 0.458417354 0.549872811
10055.928666666 64.370539717 22.920757910 1.583953301 0.575690244 0.394060705 0.456965957 0.551796174
10055.961999999 64.395880789 22.919610678 1.585096606 0.574486356 0.394519000 0.457462067 0.552312088
10055.995333333 64.427503116 22.919576991 1.586655607 0.571275491 0.397341997 0.459735585 0.551730770
10056.028666666 64.459533342 22.919360968 1.588020970 0.567863412 0.400701809 0.462248383 0.550722832
10056.061999999 64.483001535 22.919279229 1.589201175 0.566418548 0.402206980 0.463093838 0.550403189
10056.095333333 64.512637902 22.918397755 1.590851043 0.566264613 0.402563752 0.462550248 0.550757734
10056.128666666 64.547706528 22.912898008 1.592243355 0.566976050 0.402230328 0.461184057 0.551414715
10056.161999999 64.577694484 22.905653286 1.593234016 0.567511094 0.402379829 0.460246843 0.551538281
10056.195333333 64.612384822 22.899749543 1.594782028 0.567590992 0.403367691 0.459855038 0.551061081
10056.228666666 64.643139543 22.895679109 1.596192121 0.566923477 0.405127065 0.460310964 0.550076039
10056.261999999 64.670613007 22.892987281 1.597271374 0.565711471 0.407278857 0.461301542 0.548903772
10056.295333333 64.701386565 22.890206007 1.598101653 0.564222907 0.409551114 0.462440805 0.547785449
10056.328666666 64.729052455 22.886922942 1.598438961 0.563184624 0.410854631 0.463027058 0.547382403
10056.361999999 64.755440964 22.883032828 1.598349598 0.562379384 0.411553814 0.463306614 0.547448507
10056.395333333 64.787544268 22.878978656 1.598023082 0.560916348 0.412839822 0.464040856 0.547359311
10056.428666666 64.821665553 22.875437168 1.597738550 0.558770076 0.415021159 0.465381292 0.546766580
10056.461999999 64.846456043 22.873117289 1.597816614 0.557016871 0.416962116 0.466523458 0.546104992
10056.495333332 64.878537150 22.869727278 1.597857892 0.555286904 0.418974019 0.467492783 0.545497684
10056.528666666 64.913376366 22.866354813 1.597715943 0.554110723 0.420428230 0.467935756 0.545194954
10056.561999999 64.939840404 22.863493975 1.597469350 0.554020705 0.420745133 0.467660534 0.545278109
10056.595333332 64.972923792 22.859879886 1.596800294 0.554142036 0.421065228 0.467297019 0.545219381
10056.628666666 65.008718763 22.857305919 1.595412584 0.553748206 0.422371059 0.467603391 0.544346105
10056.661999999 65.037699151 22.855582774 1.593882137 0.552871544 0.424384383 0.468498926 0.542899354
10056.695333332 65.064241330 22.853522595 1.591951508 0.552312639 0.426191342 0.469176646 0.541465570
10056.728666666 65.103007461 22.849435864 1.588763923 0.552649966 0.427672411 0.469141778 0.539981774
10056.761999999 65.134607178 22.845839764 1.586191256 0.554493963 0.427180070 0.467767574 0.539673169
10056.795333332 65.161619347 22.842349071 1.584137924 0.557001361 0.425690233 0.465833805 0.539940901
10056.828666666 65.196371844 22.837258475 1.581604074 0.560345458 0.423514836 0.463418546 0.540269750
10056.861999999 65.229055759 22.832427140 1.579132064 0.563096854 0.421788355 0.461608677 0.540309120
10056.895333332 65.254553781 22.829263628 1.576831597 0.564409021 0.421265701 0.461008854 0.539859706
10056.928666666 65.293083432 22.824605010 1.573436321 0.566083266 0.420600845 0.460214364 0.539302702
10056.961999999 65.322594596 22.821092211 1.570841974 0.567804332 0.419304365 0.458926412 0.539600444
10056.995333332 65.347767611 22.816926324 1.569306056 0.569973791 0.417039186 0.456844110 0.540834220
10057.028666666 65.380233461 22.810260932 1.567762775 0.573250255 0.413096080 0.453362545 0.543321431
10057.061999999 65.413889294 22.803174613 1.566369591 0.576455164 0.408894606 0.449769224 0.546088171
10057.095333332 65.439367132 22.797677438 1.565735778 0.577615904 0.406994047 0.448298011 0.547489366
10057.128666666 65.476803828 22.790594501 1.565259195 0.578093308 0.405557374 0.447422368 0.548766406
10057.161999999 65.507348701 22.786175791 1.565105176 0.577637058 0.405361016 0.447580374 0.549262856
10057.195333332 65.531560768 22.781931286 1.565530212 0.577240398 0.405137659 0.447826763 0.549643694
10057.228666666 65.567224373 22.775776174 1.566525726 0.577072371 0.404232725 0.447830584 0.550482652
10057.261999999 65.593536881 22.770379744 1.567487356 0.577367340 0.403040380 0.447497389 0.551317961
10057.295333332 65.617535308 22.765753322 1.568477970 0.577618121 0.402053932 0.447198956 0.552017243
10057.328666666 65.653293017 22.757449588 1.569725817 0.577603783 0.401196915 0.447045869 0.552779247
10057.361999999 65.681557567 22.750118845 1.570592016 0.576901036 0.401456912 0.447472311 0.552979270
10057.395333332 65.706788613 22.744086464 1.571406112 0.575696107 0.402445728 0.448120384 0.552991456
10057.428666666 65.743756919 22.734173401 1.572196344 0.573836895 0.403955087 0.448878166 0.553208729
10057.461999999 65.771202218 22.727628703 1.572609603 0.572357143 0.405106354 0.449359941 0.553508615
10057.495333332 65.795284189 22.722524254 1.572841448 0.570809551 0.406190598 0.449862174 0.553904034
10057.528666666 65.830920071 22.716639303 1.573061525 0.568485111 0.407555107 0.450435326 0.554825676
10057.561999999 65.857612404 22.711785363 1.572926548 0.567130449 0.407933294 0.450477656 0.555898698
10057.595333332 65.880878542 22.707892484 1.572517235 0.566344743 0.407649497 0.450177239 0.557149866
10057.628666666 65.914157590 22.701771811 1.571706453 0.565473894 0.406926856 0.449557335 0.559059935
10057.661999999 65.940740274 22.697227379 1.571050501 0.564893759 0.406463121 0.449145357 0.560313503
10057.695333332 65.970966091 22.692250810 1.569921115 0.563777376 0.406956456 0.449333522 0.560928604
10057.728666666 66.004196726 22.686839694 1.568817925 0.561919944 0.408903370 0.450312595 0.560591275
10057.761999999 66.032362916 22.682672649 1.568090220 0.560353444 0.410975382 0.451306397 0.559844433
10057.795333332 66.057970868 22.677708889 1.567906985 0.559796200 0.412072744 0.451429710 0.559495742
10057.828666666 66.097688345 22.669259575 1.567789316 0.560369087 0.411876876 0.450282091 0.559991040
10057.861999999 66.127651716 22.662596571 1.567731066 0.562186741 0.409732287 0.448180442 0.561426587
10057.895333332 66.153848194 22.656065036 1.567518308 0.564176813 0.406953201 0.446140271 0.563074128
10057.928666666 66.192273017 22.646578594 1.567345251 0.566668553 0.403105890 0.443761523 0.565215094
10057.961999999 66.223392073 22.640395473 1.567783080 0.567556779 0.401361868 0.443188505 0.566014047
10057.995333332 66.249755540 22.635885638 1.569289183 0.567771572 0.400668245 0.443387343 0.566134316
10058.028666666 66.281723327 22.629843308 1.572133068 0.568343670 0.399625453 0.443317684 0.566351835
10058.061999999 66.312039203 22.622989139 1.575233678 0.569723635 0.397562827 0.442503505 0.567053283
10058.095333332 66.340145758 22.616179192 1.578006541 0.571487530 0.394896947 0.441323942 0.568059488
10058.128666666 66.377641413 22.606160717 1.580436344 0.573232436 0.392044984 0.440354566 0.569028260
10058.161999999 66.413608431 22.596544370 1.581671662 0.573998513 0.390456602 0.440405449 0.569308695
10058.195333332 66.438408114 22.590165005 1.581993621 0.573907637 0.390336052 0.441136865 0.568916564
10058.228666666 66.476583871 22.578786594 1.581659285 0.573708033 0.390632552 0.442338468 0.567980617
10058.261999999 66.508172920 22.569075277 1.581137274 0.573816890 0.390951643 0.443036499 0.567106384
10058.295333332 66.530707309 22.562076346 1.580979688 0.574392890 0.390874863 0.442966955 0.566630326
10058.328666666 66.569068705 22.549418973 1.580683042 0.575813127 0.390431742 0.442260301 0.566046044
10058.361999999 66.608730883 22.535544735 1.580217308 0.577262330 0.390053806 0.441267896 0.565604875
10058.395333332 66.637569725 22.525402152 1.579818987 0.577685775 0.390591398 0.441014199 0.564999099
10058.428666666 66.674342921 22.511372992 1.579290972 0.577458447 0.392101767 0.441233076 0.564013580
10058.461999999 66.710423498 22.499187593 1.578377549 0.576715181 0.394009013 0.441796366 0.563003081
10058.495333332 66.738922633 22.489626228 1.577076085 0.575802134 0.395458320 0.442360420 0.562478336
10058.528666666 66.774858019 22.476770754 1.574812105 0.574494663 0.396766057 0.442999325 0.562391479
10058.561999999 66.803847331 22.467243219 1.572694973 0.573509872 0.397277724 0.443249225 0.562838309
10058.595333332 66.826514148 22.459511349 1.570844132 0.573331652 0.396579770 0.442789042 0.563873360
10058.628666666 66.860938464 22.446931700 1.567651556 0.573640659 0.394651666 0.441496736 0.565921451
10058.661999999 66.886906377 22.437890264 1.565408322 0.574200072 0.393016859 0.440330957 0.567398162
10058.695333332 66.910080643 22.429853967 1.563789668 0.574326626 0.392660932 0.440058272 0.567727959
10058.728666666 66.947861843 22.417014997 1.561220448 0.573652877 0.393845412 0.440797227 0.567014968
10058.761999999 66.977789727 22.407120268 1.559395211 0.572355445 0.396381923 0.442376750 0.565325947
10058.795333332 67.003873210 22.398322217 1.558474343 0.571719671 0.398203308 0.443292682 0.563970160
10058.828666666 67.038316847 22.385879954 1.557674364 0.572429548 0.398701397 0.442776014 0.563303658
10058.861999999 67.073862102 22.372767792 1.557667150 0.574964025 0.396911131 0.440291616 0.563933699
10058.895333332 67.102537492 22.361436854 1.558393723 0.578147108 0.393747137 0.436974826 0.565475124
10058.928666666 67.140228299 22.346816616 1.559821175 0.582025566 0.389632855 0.432827358 0.567532340
10058.961999999 67.174368334 22.333985533 1.560934041 0.584674530 0.386843936 0.430052474 0.568825398
10058.995333332 67.203067197 22.324559022 1.562094908 0.586001580 0.385625436 0.428765500 0.569258568
10059.028666666 67.239642634 22.313339968 1.563929113 0.587376993 0.384438020 0.427398814 0.569671775
10059.061999999 67.274202451 22.301695379 1.565711502 0.589138704 0.382717267 0.425578442 0.570373624
10059.095333332 67.300819194 22.292481001 1.567841732 0.590924478 0.380808979 0.423522732 0.571332896
10059.128666666 67.342046374 22.279024541 1.571895108 0.593827434 0.377639881 0.420018334 0.573011080
10059.161999999 67.376192588 22.267421714 1.575724559 0.595970678 0.375168145 0.417250233 0.574430202
10059.195333332 67.402158332 22.258990879 1.578342110 0.596751457 0.374090250 0.416040876 0.575199246
10059.228666666 67.447207736 22.244788127 1.581402014 0.596824763 0.373574963 0.415322662 0.575976593
10059.261999999 67.483481141 22.232826619 1.582371512 0.595620382 0.374448163 0.416166080 0.576047504
10059.295333332 67.511221553 22.224395664 1.582839962 0.594060769 0.375637939 0.417362437 0.576017828
10059.328666666 67.546498251 22.212030594 1.582988000 0.592230325 0.376678100 0.418563672 0.576351719
10059.361999999 67.578966015 22.199661167 1.582963850 0.591244435 0.376552557 0.418831726 0.577250530
10059.395333332 67.604223707 22.189819881 1.582937244 0.591116549 0.375622770 0.418335416 0.578346125
10059.428666666 67.636687057 22.175356145 1.582730049 0.591302685 0.374140315 0.417506973 0.579713797
10059.461999999 67.671780129 22.161413503 1.582923762 0.591248326 0.373116927 0.416977329 0.580808990
10059.495333332 67.694104432 22.152672107 1.583063850 0.590610728 0.373773949 0.417515305 0.580648752
10059.528666666 67.730447081 22.137922448 1.583598995 0.589159143 0.375960846 0.419115611 0.579557634
10059.561999999 67.768580675 22.123141298 1.584349552 0.587527342 0.378850525 0.421112809 0.577882258
10059.595333332 67.793655226 22.112815916 1.584668583 0.586614396 0.380462569 0.422347422 0.576848714
10059.628666666 67.824489199 22.099686088 1.584403370 0.585659149 0.381644045 0.423635870 0.576093597
10059.661999999 67.857903123 22.085141655 1.583643626 0.585051319 0.381667013 0.424439782 0.576104258
10059.695333332 67.882051162 22.074214160 1.582526284 0.585034676 0.380418741 0.424491478 0.576908134
10059.728666666 67.909640060 22.061659149 1.580834925 0.585229685 0.378146499 0.424294985 0.578346960
10059.761999999 67.941935191 22.047171159 1.578540362 0.585376540 0.375552001 0.424082243 0.580042457
10059.795333332 67.968929157 22.035684936 1.576422177 0.585312113 0.373892946 0.424191636 0.581098314
10059.828666666 67.995410575 22.025099429 1.574565638 0.585009150 0.373112225 0.424782107 0.581473752
10059.861999999 68.028934557 22.011575615 1.573325417 0.584604717 0.372993580 0.425619171 0.581344507
10059.895333332 68.053341376 22.001410367 1.572783677 0.584632500 0.372980581 0.426030021 0.581023879
10059.928666666 68.097171874 21.982184080 1.571879472 0.585082053 0.372536477 0.426365167 0.580610291
10059.961999999 68.130920164 21.967240737 1.571111999 0.585827261 0.371663755 0.426221553 0.580523610
10059.995333332 68.155447041 21.956541584 1.570398322 0.586704247 0.370404494 0.425791332 0.580758451
10060.028666666 68.197736260 21.937339012 1.568701637 0.588682262 0.367344170 0.424529754 0.581623540
10060.061999999 68.237067657 21.918993696 1.566871922 0.591015459 0.363507274 0.422781261 0.582940129
10060.095333332 68.263957728 21.906771607 1.565680729 0.592544226 0.360755556 0.421612097 0.583943498
10060.128666666 68.300693279 21.889439436 1.564856042 0.593989672 0.357838145 0.420639254 0.584970725
10060.161999999 68.336592313 21.873043794 1.564996149 0.594638176 0.355996762 0.420352545 0.585641087
10060.195333332 68.363750024 21.861155979 1.565693138 0.594813554 0.354995117 0.420372171 0.586056772
10060.228666666 68.398621853 21.845450538 1.566730652 0.594992791 0.353642070 0.420277869 0.586760068
10060.261999999 68.431354908 21.831005608 1.567429757 0.595296257 0.352167634 0.419904418 0.587605823
10060.295333332 68.453821134 21.820518058 1.567829445 0.595567241 0.351074195 0.419394618 0.588349152
10060.328666666 68.489841481 21.804018570 1.568294135 0.595772160 0.349828504 0.418619065 0.589435009
10060.361999999 68.520072004 21.790940372 1.568842660 0.595375368 0.349870432 0.418426812 0.589947333
10060.395333332 68.552256269 21.777475948 1.569564596 0.594464673 0.350715669 0.418719991 0.590155777
10060.428666666 68.587599863 21.763255558 1.569854028 0.593226489 0.352095733 0.419309726 0.590161233
10060.461999999 68.621762795 21.749180976 1.569576521 0.591882601 0.353857382 0.420159537 0.589852441
10060.495333332 68.647832398 21.739193828 1.568904408 0.590544524 0.355938239 0.421269571 0.589149458
10060.528666666 68.680861737 21.726220825 1.568019823 0.588451325 0.359415986 0.423191175 0.587753704
10060.561999999 68.722118808 21.710014769 1.567658281 0.585468583 0.364515884 0.425900712 0.585630680
10060.595333332 68.749012339 21.699177634 1.567999007 0.583718729 0.367648913 0.427386075 0.584335404
10060.628666666 68.781442855 21.683926436 1.568992119 0.582378969 0.370232486 0.428127126 0.583497907
10060.661999999 68.816819405 21.669667153 1.570073858 0.581946924 0.371395798 0.427527213 0.583629524
10060.695333332 68.842876766 21.658792667 1.570285093 0.582508565 0.370646748 0.426188080 0.584524149
10060.728666666 68.877109582 21.644276252 1.569996701 0.583354700 0.369259588 0.424307692 0.585924597
10060.761999999 68.910258184 21.631157663 1.569291222 0.583881176 0.368197779 0.422828947 0.587136142
10060.795333332 68.936869822 21.621130924 1.568889184 0.583454703 0.368766385 0.422759166 0.587253481
10060.828666666 68.968915213 21.609914539 1.568587872 0.581970634 0.371276743 0.424008961 0.586242409
10060.861999999 69.007912699 21.596350432 1.569053827 0.579772506 0.375449486 0.426212017 0.584161657
10060.895333332 69.043027649 21.584860569 1.569598787 0.578517687 0.378531574 0.427580782 0.582413778
10060.928666666 69.072915906 21.574429120 1.570332335 0.578643803 0.379537347 0.427556152 0.581651518
10060.961999999 69.112857122 21.558872989 1.571614169 0.579949598 0.379163097 0.426261986 0.581544950
10060.995333332 69.147908303 21.546344469 1.572651901 0.582003688 0.377406295 0.424299387 0.582070636
10061.028666666 69.175088864 21.536388541 1.573244222 0.583783539 0.375450670 0.422622632 0.582772412
10061.061999999 69.218868225 21.521739223 1.573784822 0.586126936 0.372541544 0.420475875 0.583839063
10061.095333332 69.255009325 21.509596020 1.573827434 0.587145638 0.371017324 0.419609982 0.584408768
10061.128666666 69.283687779 21.500936698 1.573831600 0.587579244 0.370099152 0.419175345 0.584866891
10061.161999999 69.319799723 21.491213762 1.574306018 0.588439295 0.368204896 0.418122915 0.585950150
10061.195333332 69.351258582 21.485705260 1.574579502 0.589735070 0.365339798 0.416346729 0.587702969
10061.228666666 69.377591036 21.477459516 1.574863165 0.590541563 0.363064435 0.415170880 0.589133277
10061.261999999 69.410589134 21.468177180 1.574906037 0.590625743 0.361353818 0.414760739 0.590388160
10061.295333332 69.444333848 21.458908002 1.574516353 0.589704887 0.361031340 0.415568881 0.590937410
10061.328666666 69.468999387 21.451528761 1.574171623 0.588638042 0.361540046 0.416762424 0.590849501
10061.361999999 69.510280538 21.437758999 1.573657288 0.586950999 0.362771146 0.418781370 0.590345480
10061.395333332 69.543405381 21.425537828 1.573877199 0.585984317 0.363742035 0.420174604 0.589718081
10061.428666666 69.563072634 21.418407006 1.574206975 0.585654797 0.364242428 0.420786423 0.589300178
10061.461999999 69.599706420 21.406329422 1.574130265 0.585399031 0.364860956 0.421506065 0.588657025
10061.495333332 69.639844262 21.392108809 1.573613670 0.585582838 0.365213395 0.421769472 0.588066686
10061.528666666 69.667462062 21.381902893 1.573032099 0.585926363 0.365330796 0.421680220 0.587715491
10061.561999999 69.703182092 21.368496528 1.572062484 0.586274511 0.365921371 0.421657687 0.587016647
10061.595333332 69.741584798 21.354099203 1.571315103 0.586308324 0.367339234 0.422077130 0.585794616
10061.628666666 69.770248340 21.343883476 1.570688161 0.585812435 0.369277005 0.423018492 0.584391684
10061.661999999 69.807763209 21.330569105 1.569388075 0.584726885 0.372359596 0.424774730 0.582244991
10061.695333332 69.843577052 21.316029606 1.567956711 0.583802652 0.374899776 0.426271232 0.580445913
10061.728666666 69.871179442 21.306357867 1.566762731 0.583732460 0.375874949 0.426687758 0.579579154
10061.761999999 69.907966757 21.292782272 1.565394830 0.584481487 0.375802988 0.426215551 0.579218274
10061.795333332 69.940371507 21.279870108 1.564345950 0.585609613 0.375021195 0.425285396 0.579269209
10061.828666666 69.964470640 21.271337955 1.563433434 0.586353396 0.374669514 0.424717892 0.579160739
10061.861999999 70.003105103 21.258744664 1.561813527 0.587114387 0.374967360 0.424394745 0.578433467
10061.895333332 70.032191796 21.248801013 1.560889159 0.587150830 0.376339899 0.424822762 0.577189574
10061.928666666 70.063373056 21.239899631 1.560246171 0.587110452 0.378340498 0.425432451 0.575471124
10061.961999999 70.106459604 21.227475618 1.559844551 0.587757382 0.380462936 0.425515281 0.573346283
10061.995333332 70.142786255 21.216162421 1.559916133 0.589385185 0.380818905 0.424336510 0.572311621
10062.028666666 70.169512029 21.208076312 1.560209712 0.591428053 0.379904472 0.422444149 0.572211840
10062.061999999 70.215444838 21.194474482 1.560714190 0.595602978 0.377090544 0.418445329 0.572680819
10062.095333332 70.251446751 21.185347360 1.561344773 0.598952578 0.374272718 0.415289845 0.573332440
10062.128666666 70.277103605 21.178216397 1.561509308 0.600783097 0.372657920 0.413598688 0.573691441
10062.161999999 70.319900502 21.166409051 1.561293234 0.602717006 0.370918901 0.411902995 0.574009845
10062.195333332 70.354915391 21.158034742 1.560926368 0.603032336 0.370625798 0.411786168 0.573951803
10062.228666666 70.380473176 21.150735027 1.560808716 0.602994911 0.370281163 0.411959576 0.574089110
10062.261999999 70.413933876 21.140469659 1.560989888 0.603282743 0.368813791 0.411814967 0.574834544
10062.295333332 70.448079552 21.130696332 1.561317784 0.603978967 0.366052745 0.411295370 0.576238592
10062.328666666 70.472634143 21.123243284 1.561803289 0.604441999 0.363804045 0.410970732 0.577407606
10062.361999999 70.507982020 21.111945446 1.562743121 0.604677086 0.361161496 0.411036515 0.578771958
10062.395333332 70.538973685 21.101828712 1.563963051 0.604242292 0.359809823 0.411918377 0.579440588
10062.428666666 70.562718702 21.093136880 1.564840872 0.603635898 0.359512423 0.412846044 0.579596984
10062.461999999 70.594614812 21.082144478 1.566569554 0.602622081 0.359336869 0.414330760 0.579701357
10062.495333332 70.626381562 21.070102744 1.567972892 0.601783296 0.359070914 0.415642834 0.579798222
10062.528666666 70.655824172 21.058951557 1.568943711 0.601270370 0.358491921 0.416472233 0.580093410
10062.561999999 70.685400441 21.046183668 1.569666620 0.600930670 0.357501904 0.417021210 0.580661717
10062.595333332 70.717847447 21.033395380 1.570090741 0.600571846 0.356475853 0.417378363 0.581406679
10062.628666666 70.739238040 21.024787410 1.570148991 0.600365544 0.355664637 0.417460891 0.582056942
10062.661999999 70.779684001 21.009229625 1.570018053 0.599640337 0.354665394 0.417910048 0.583091002
10062.695333332 70.811096414 20.998427211 1.569801371 0.597957605 0.355469507 0.419404083 0.583256674
10062.728666666 70.833463592 20.990126439 1.569561534 0.596108237 0.357121155 0.421179240 0.582861474
10062.761999999 70.870018654 20.977030973 1.569446124 0.592909478 0.360169962 0.424048700 0.582167201
10062.795333332 70.908916110 20.963483011 1.569474780 0.590790030 0.361560329 0.425459668 0.582430545
10062.828666666 70.932635246 20.954667890 1.569389042 0.590777696 0.360289379 0.424664779 0.583809132
10062.861999999 70.964476928 20.942704635 1.568971680 0.591501693 0.357470023 0.422731422 0.586207365
10062.895333332 70.999711610 20.931935424 1.567892892 0.592091663 0.354430221 0.420893115 0.588774717
10062.928666666 71.024711668 20.924404823 1.567237425 0.591545423 0.353979729 0.420769924 0.589682148
10062.961999999 71.059069044 20.915529663 1.567196063 0.589648232 0.355735485 0.422100427 0.589574810
10062.995333332 71.092280933 20.907196615 1.567955030 0.587260930 0.358968635 0.424114774 0.588551423
10063.028666666 71.117100362 20.901050608 1.569033313 0.586061648 0.360919107 0.424883095 0.587999573
10063.061999999 71.157269611 20.889604151 1.571086056 0.586097566 0.361487050 0.423812311 0.588387526
10063.095333332 71.192690377 20.877852407 1.573179149 0.588435008 0.358665607 0.420250175 0.590332968
10063.128666666 71.219986271 20.869602361 1.574436349 0.591192343 0.355019329 0.416406307 0.592502048
10063.161999999 71.259853142 20.859134692 1.575520989 0.594394733 0.350630763 0.411922145 0.595040432
10063.195333332 71.301328928 20.850861604 1.575717526 0.595949255 0.348400855 0.409468856 0.596486870
10063.228666666 71.321131750 20.846223032 1.575579633 0.595994225 0.348203974 0.408959987 0.596905860
10063.261999999 71.360097766 20.835285657 1.574786087 0.595053413 0.349069042 0.409210084 0.597167771
10063.295333332 71.399327684 20.824015673 1.573519301 0.593792304 0.350156782 0.409832842 0.597359163
10063.328666666 71.424195492 20.816835797 1.572591478 0.593772587 0.349635591 0.409474068 0.597929809
10063.361999999 71.456760211 20.807304013 1.571461550 0.594673957 0.347792510 0.408150775 0.599012687
10063.395333332 71.489495267 20.797555894 1.571116409 0.595986455 0.345978848 0.406691468 0.599750642
10063.428666666 71.514105637 20.789096988 1.571176652 0.596746182 0.345480673 0.406061330 0.599709342
10063.461999999 71.545808800 20.778393728 1.571455188 0.597160475 0.346289773 0.406056155 0.598833164
10063.495333332 71.581875117 20.764888494 1.571699637 0.597190159 0.348344815 0.406630506 0.597219756
10063.528666666 71.607124668 20.755024819 1.571249088 0.597355091 0.349692591 0.406818939 0.596137852
10063.561999999 71.640415309 20.739418895 1.570104541 0.598098311 0.350445215 0.406255208 0.595334585
10063.595333332 71.681764897 20.721228592 1.568053927 0.599749191 0.350263034 0.404505972 0.594971960
10063.628666666 71.707071855 20.710492508 1.566538413 0.600995782 0.349613789 0.403026006 0.595100249
10063.661999999 71.737653268 20.697726805 1.564829096 0.602314726 0.349007003 0.401456789 0.595183610
10063.695333332 71.770617868 20.685512754 1.563217932 0.602891733 0.349455271 0.400753702 0.594810090
10063.728666666 71.802660198 20.672085922 1.562300616 0.602494296 0.351207471 0.401272755 0.593830036
10063.761999999 71.833980066 20.658463915 1.561822419 0.601408602 0.353951676 0.402749304 0.592299674
10063.795333332 71.875720629 20.639763372 1.561810553 0.599727732 0.358078967 0.405259005 0.589806103
10063.828666666 71.902329060 20.627731926 1.562564340 0.599396476 0.359814217 0.406232958 0.588415141
10063.861999999 71.938987648 20.609757467 1.564086961 0.600747694 0.359426479 0.405550474 0.587744526
10063.895333332 71.970779480 20.593238397 1.565918285 0.603682965 0.356212894 0.402871977 0.588534979
10063.928666666 71.993721991 20.580061203 1.566899996 0.606073079 0.353048158 0.400423987 0.589655028
10063.961999999 72.028708399 20.561793901 1.567257694 0.608518429 0.349455982 0.397858403 0.591011446
10063.995333332 72.065789565 20.542683619 1.566654494 0.609635205 0.347433827 0.396954278 0.591660336
10064.028666666 72.089040431 20.530746047 1.565967522 0.609157328 0.347871681 0.397946762 0.591228398
10064.061999999 72.120149356 20.516436300 1.564689303 0.607835797 0.349718703 0.400247842 0.589944182
10064.095333332 72.152247489 20.501926268 1.563547075 0.606943382 0.351319809 0.402212321 0.588574016
10064.128666666 72.175793840 20.490203595 1.563028361 0.607199729 0.351294227 0.402606235 0.588055333
10064.161999999 72.207014546 20.474817396 1.561993456 0.608679265 0.349529941 0.401715824 0.588185998
10064.195333332 72.243949325 20.456149511 1.560292643 0.611284611 0.345974871 0.399629216 0.589006794
10064.228666666 72.271083107 20.443914432 1.558721933 0.613145797 0.343307645 0.398121195 0.589653802
10064.261999999 72.300101246 20.432571432 1.557008240 0.615078726 0.340331600 0.396730731 0.590302711
10064.295333332 72.334601120 20.415994165 1.554616054 0.617058866 0.336902017 0.395399846 0.591095888
10064.328666666 72.365985129 20.400834115 1.552380618 0.618444574 0.333939523 0.394618171 0.591850659
10064.361999999 72.400389116 20.386459962 1.550152870 0.619691171 0.330749900 0.393775541 0.592898119
10064.395333332 72.428353130 20.376330343 1.548601956 0.620963261 0.327279316 0.392537351 0.594312464
10064.428666666 72.458090470 20.362045344 1.547104660 0.622391096 0.322953722 0.390819561 0.596313917
10064.461999999 72.490933929 20.347576783 1.545710474 0.623105200 0.319384214 0.389760436 0.598180939
10064.495333332 72.527261400 20.332019376 1.544144079 0.622525334 0.317127240 0.390042333 0.599799551
10064.528666666 72.549741144 20.321335891 1.543004099 0.621274435 0.316776387 0.391183668 0.600538204
10064.561999999 72.582088809 20.306469886 1.541388900 0.619290466 0.316936027 0.393130274 0.601231620
10064.595333332 72.614894261 20.291189609 1.539203462 0.617220801 0.317172123 0.395184805 0.601888111
10064.628666666 72.637126756 20.280376825 1.537550074 0.616295494 0.316865998 0.396151005 0.602362170
10064.661999999 72.668671242 20.262927433 1.535859389 0.615724132 0.315957507 0.396804003 0.602993557
10064.695333332 72.699224049 20.245206518 1.534787476 0.615730644 0.314846115 0.397006483 0.603434794
10064.728666666 72.720473934 20.232189061 1.534328650 0.615817392 0.314345534 0.397193614 0.603484099
10064.761999999 72.750264197 20.215497003 1.533540101 0.615683806 0.314667662 0.397876780 0.603002306
10064.795333332 72.788044984 20.194363276 1.532839027 0.614968112 0.316470386 0.399416126 0.601770284
10064.828666666 72.812183689 20.181582065 1.532532724 0.614120369 0.318379136 0.400849319 0.600675222
10064.861999999 72.845702587 20.163361832 1.531641498 0.612519119 0.321461931 0.403095837 0.599163002
10064.895333332 72.878370060 20.144568494 1.530152925 0.610555984 0.324803603 0.405479581 0.597754397
10064.928666666 72.902591004 20.132313711 1.528567663 0.608986446 0.327343006 0.407164261 0.596824371
10064.961999999 72.935213059 20.115413747 1.525848917 0.607345241 0.329884276 0.408628738 0.596096198
10064.995333332 72.964372029 20.098428264 1.522889703 0.606575401 0.331155457 0.408854166 0.596020651
10065.028666666 72.987241527 20.086698772 1.520692885 0.606500562 0.331586787 0.408388597 0.596176170
10065.061999999 73.015410473 20.071801901 1.518337451 0.607080569 0.331471907 0.407111121 0.596523338
10065.095333332 73.046908883 20.055880835 1.515613964 0.608461034 0.330937429 0.404922100 0.596903411
10065.128666666 73.077300232 20.041336348 1.513740044 0.609806641 0.330774637 0.403108344 0.596848108
10065.161999999 73.096392979 20.032829783 1.512748569 0.610326855 0.331303940 0.402390519 0.596507083
10065.195333332 73.134770243 20.015528741 1.510660139 0.610866806 0.333354420 0.401573890 0.595361223
10065.228666666 73.169045042 19.999403547 1.508961051 0.611176139 0.335265145 0.400795097 0.594494996
10065.261999999 73.189804307 19.990221287 1.507867239 0.611669331 0.335501981 0.399778410 0.594538707
10065.295333332 73.224139200 19.974357969 1.506535429 0.613218009 0.334379361 0.396841561 0.595542519
10065.328666666 73.265691513 19.955353609 1.505015636 0.616265340 0.330336193 0.391442152 0.598220755
10065.361999999 73.290452047 19.943643495 1.504050788 0.618507855 0.326578847 0.387490013 0.600537909
10065.395333332 73.324697501 19.929867784 1.502919410 0.620793121 0.322142732 0.383197287 0.603323959
10065.428666666 73.367193751 19.913014684 1.501659484 0.622707641 0.317461953 0.378661741 0.606686399
10065.461999999 73.391874185 19.902553450 1.501704170 0.623117319 0.315720150 0.376852096 0.608299344
10065.495333332 73.426047180 19.887192158 1.503020374 0.623416481 0.313757202 0.374829490 0.610254998
10065.528666666 73.457237698 19.872791991 1.505580041 0.624014235 0.311074214 0.372078868 0.612695996
10065.561999999 73.487263852 19.860206453 1.508576152 0.624731643 0.308070667 0.369077592 0.615292263
10065.595333332 73.522213708 19.844920189 1.512489647 0.625042562 0.305251086 0.366298370 0.618036467
10065.628666666 73.553833168 19.832448480 1.515881529 0.624444883 0.304292148 0.364918953 0.619926636
10065.661999999 73.578224298 19.823057610 1.518111259 0.623392913 0.304916451 0.364788828 0.620754658
10065.695333332 73.612461954 19.808210070 1.521247265 0.621874591 0.306651355 0.364906142 0.621353722
10065.728666666 73.646124623 19.791985514 1.524411455 0.621226920 0.307661743 0.363962573 0.622055152
10065.761999999 73.668171397 19.781418216 1.526214864 0.621710647 0.307169802 0.362261984 0.622807225
10065.795333332 73.697998866 19.764602784 1.528767878 0.623140508 0.305535533 0.359103761 0.624009963
10065.828666666 73.734335684 19.745196903 1.531188655 0.624847135 0.303898381 0.355565755 0.625127848
10065.861999999 73.754517680 19.734086784 1.532536588 0.625382064 0.303816918 0.354308247 0.625346480
10065.895333332 73.792780125 19.713076600 1.535402721 0.625352979 0.305450273 0.353414987 0.625085298
10065.928666666 73.824364630 19.697182877 1.537916510 0.624124811 0.308781158 0.354287554 0.624181662
10065.961999999 73.848541259 19.685226717 1.539455484 0.622733689 0.311911255 0.355602322 0.623266484
10065.995333332 73.878218132 19.671158160 1.541287687 0.620804815 0.315852602 0.357463781 0.622139985
10066.028666666 73.914568248 19.653558004 1.542284538 0.618609969 0.320045334 0.359656683 0.620918481
10066.061999999 73.937621718 19.642342897 1.542358349 0.617677209 0.321577532 0.360453459 0.620593313
10066.095333332 73.965792099 19.628357795 1.541489674 0.617089726 0.322113719 0.360654809 0.620782676
10066.128666666 73.998392669 19.611590888 1.539902278 0.616602747 0.322090293 0.360638024 0.621288267
10066.161999999 74.022285333 19.598925965 1.538351501 0.616405483 0.321898373 0.360603779 0.621603275
10066.195333332 74.052343599 19.583306298 1.536655424 0.616516849 0.321399370 0.360538123 0.621789097
10066.228666666 74.083987475 19.567385440 1.535423228 0.616785816 0.321474557 0.360947058 0.621245996
10066.261999999 74.106565460 19.557038408 1.535148299 0.616883692 0.322333914 0.361803610 0.620204407
10066.295333332 74.140303602 19.541482253 1.535697872 0.616891252 0.324403945 0.363613749 0.618055261
10066.328666666 74.179451827 19.522837087 1.537527903 0.617115467 0.326182047 0.365171468 0.615973677
10066.361999999 74.204673942 19.511396897 1.538733859 0.617805709 0.326464988 0.365561130 0.614899811
10066.395333332 74.235002887 19.499437233 1.540081943 0.619241208 0.325471192 0.364981115 0.614326961
10066.428666666 74.272597739 19.481314403 1.542470438 0.621791068 0.322500063 0.363204495 0.614371282
10066.461999999 74.305344775 19.466006404 1.544422307 0.624358018 0.318806159 0.361122962 0.614922682
10066.495333332 74.335182195 19.453176645 1.545797445 0.626422554 0.315465233 0.359555477 0.615464320
10066.528666666 74.377817458 19.433663103 1.547485957 0.628694289 0.311357484 0.358047214 0.616118658
10066.561999999 74.402329248 19.422492106 1.548488267 0.629539823 0.309555301 0.357762200 0.616328918
10066.595333332 74.431461187 19.410028189 1.550219376 0.630144862 0.307899397 0.357842101 0.616493670
10066.628666666 74.472932165 19.392413443 1.552805340 0.630731828 0.305509023 0.357928730 0.617032108
10066.661999999 74.492796916 19.383324517 1.553788367 0.630944196 0.304313199 0.357873772 0.617437658
10066.695333332 74.530557726 19.366638001 1.555477059 0.631331135 0.301801115 0.357577675 0.618445868
10066.728666666 74.567247115 19.349243914 1.556127224 0.631950638 0.298764268 0.356624045 0.619836748
10066.761999999 74.589431510 19.338694534 1.556425666 0.632392492 0.296955054 0.355775171 0.620742667
10066.795333332 74.622361490 19.321942811 1.557317611 0.633406511 0.293846431 0.353970486 0.622218098
10066.828666666 74.652856797 19.305424791 1.558661843 0.634679443 0.290520535 0.351774364 0.623726398
10066.861999999 74.674230389 19.293594985 1.559232080 0.635469201 0.288467682 0.350338402 0.624682556
10066.895333332 74.700589661 19.277283544 1.560691285 0.636228047 0.286235520 0.348883163 0.625750459
10066.928666666 74.734849433 19.256161360 1.562173731 0.636838833 0.284110880 0.347562459 0.626831433
10066.961999999 74.756308129 19.243475207 1.563216651 0.636925176 0.283296049 0.347151595 0.627339970
10066.995333332 74.779948018 19.227399644 1.566141588 0.636522600 0.282830717 0.347127095 0.627971771
10067.028666666 74.805996288 19.210422670 1.568412356 0.635552169 0.282996425 0.347638148 0.628596994
10067.061999999 74.826109283 19.197933182 1.569636876 0.634647169 0.283231965 0.348119385 0.629138712
10067.095333332 74.851219276 19.180742259 1.571677111 0.633696042 0.282498939 0.348015808 0.630482889
10067.128666666 74.871946126 19.166414396 1.572723053 0.633803291 0.279446413 0.346162640 0.632751545
10067.161999999 74.888700011 19.154016435 1.573406770 0.634460827 0.275758204 0.343763278 0.635014709
10067.195333332 74.896157060 19.145935906 1.574930545 0.635297173 0.271451288 0.340946424 0.637547830
10067.228666666 74.920358320 19.129049812 1.575127855 0.636354393 0.266223103 0.337361436 0.640597852
10067.261999999 74.941042648 19.114508598 1.575189612 0.637114373 0.262394322 0.334630927 0.642850401
10067.295333332 74.964261846 19.099372927 1.576127246 0.637575133 0.259429545 0.332296344 0.644804932
10067.328666666 74.983850916 19.085792530 1.578030270 0.637759257 0.257934244 0.330550948 0.646118508
10067.361999999 74.997641586 19.076893617 1.578938909 0.638040949 0.257136318 0.329296310 0.646798733
10067.395333332 75.023690165 19.060019679 1.580864912 0.639351666 0.254362614 0.325630922 0.648454786
10067.428666666 75.056764398 19.037697137 1.583837690 0.642611543 0.247493279 0.317969793 0.651684504
10067.461999999 75.075835564 19.024659487 1.585077298 0.645012653 0.242052607 0.312400347 0.654045286
10067.495333332 75.100367926 19.009708364 1.586173666 0.647892912 0.234985540 0.305354442 0.657096063
10067.528666666 75.130308051 18.993082945 1.586424692 0.650383102 0.227940255 0.298470746 0.660272879
10067.561999999 75.154755969 18.977857917 1.586404964 0.652070307 0.222073525 0.292805865 0.663138289
10067.595333332 75.177331832 18.964557861 1.585408548 0.653265725 0.217107776 0.288008651 0.665701978
10067.628666666 75.212415361 18.944350991 1.584702639 0.655386889 0.208648436 0.280076764 0.669694604
10067.661999999 75.234002407 18.935095322 1.585824144 0.656651774 0.204173407 0.276148812 0.671463700
10067.695333332 75.268601983 18.913650906 1.586468207 0.660003320 0.192528905 0.265842020 0.675763463
10067.728666666 75.297102266 18.896717189 1.587523727 0.662317504 0.183398650 0.257925792 0.679098480
10067.761999999 75.317755082 18.884921619 1.587942313 0.663106507 0.178654099 0.253737846 0.681167806
10067.795333332 75.348636815 18.867227629 1.588595555 0.662719836 0.175377268 0.250347525 0.683645632
10067.828666666 75.377467140 18.851225864 1.588330187 0.661322947 0.174850120 0.248995913 0.685624118
10067.861999999 75.397678301 18.839061830 1.588615005 0.660470045 0.174265764 0.247561948 0.687112688
10067.895333332 75.425185284 18.820154231 1.590088315 0.660205703 0.171268195 0.243747793 0.689479984
10067.928666666 75.451690598 18.802013668 1.590767635 0.661080436 0.165981737 0.237693084 0.692043870
10067.961999999 75.469520286 18.790112607 1.590818580 0.662016646 0.161952024 0.233107175 0.693661695
10067.995333332 75.496360478 18.772559398 1.591671864 0.663043712 0.157392683 0.227156278 0.695701520
10068.028666666 75.522386190 18.754979850 1.593094694 0.663173568 0.155822174 0.223521757 0.697107088
10068.061999999 75.537252931 18.744448449 1.592901755 0.662956134 0.155956715 0.222399160 0.697642660
10068.095333332 75.570015543 18.720176121 1.592739268 0.662171559 0.157534154 0.220858711 0.698522187
10068.128666666 75.596419043 18.697640058 1.592774071 0.661733055 0.158576957 0.219462650 0.699141515
10068.161999999 75.616084656 18.682500756 1.592816933 0.661674974 0.158967235 0.218321376 0.699465098
10068.195333332 75.637883506 18.662177068 1.594336338 0.661949809 0.158692065 0.216316748 0.699890237
10068.228666666 75.664314550 18.639333516 1.595926898 0.662525826 0.156997103 0.213447611 0.700607991
10068.261999999 75.682328811 18.624091444 1.596875464 0.662934330 0.155769569 0.211756094 0.701008753
10068.295333332 75.701280438 18.606403034 1.599506496 0.663348993 0.154227291 0.210062762 0.701466815
10068.328666666 75.717723366 18.590566272 1.602076983 0.663480014 0.153201344 0.209361274 0.701777369
10068.361999999 75.739617947 18.570614403 1.603288661 0.663386340 0.153064445 0.209720684 0.701788482
10068.395333332 75.753695923 18.555951487 1.605126825 0.663197150 0.153404344 0.210774464 0.701577346
10068.428666666 75.782739405 18.530116426 1.605757481 0.663166740 0.154160255 0.212904592 0.700796779
10068.461999999 75.800665601 18.515234391 1.605543840 0.663438380 0.154368956 0.213975949 0.700167148
10068.495333332 75.824330042 18.493811255 1.605766124 0.664294358 0.153705547 0.214374304 0.699379202
10068.528666666 75.846746033 18.472949801 1.605912030 0.665815331 0.151124117 0.212884765 0.698950301
10068.561999999 75.864362706 18.456158704 1.605971068 0.667548516 0.147475810 0.210208788 0.698886349
10068.595333332 75.883800718 18.440075893 1.605260306 0.669728432 0.142580968 0.206475010 0.698929586
10068.628666666 75.914901328 18.412906082 1.604807867 0.673344042 0.134461802 0.199943656 0.698963776
10068.661999999 75.932843629 18.397571657 1.603879653 0.675319404 0.129965371 0.196230515 0.698960864
10068.695333332 75.953486078 18.381526937 1.603158787 0.677270867 0.125148043 0.192353766 0.699029448
10068.728666666 75.985107722 18.358383212 1.601585953 0.679807244 0.118742533 0.186963476 0.699147324
10068.761999999 76.002893604 18.344843993 1.600392427 0.681052662 0.115483828 0.184155864 0.699226268
10068.795333332 76.029475196 18.326918477 1.599063845 0.682661722 0.111015905 0.180317691 0.699381135
10068.828666666 76.051008643 18.314878407 1.597583198 0.683824464 0.107439050 0.177192816 0.699602501
10068.861999999 76.073566152 18.298278331 1.598054050 0.685014961 0.103129848 0.173558301 0.699997324
10068.895333332 76.095708273 18.281429806 1.598990622 0.685836807 0.099563528 0.170553291 0.700447394
10068.928666666 76.119604603 18.264063344 1.600058543 0.686270614 0.096730396 0.168110131 0.701009885
10068.961999999 76.141923378 18.247574257 1.600815479 0.686415083 0.094820339 0.166242245 0.701574624
10068.995333332 76.165540852 18.230688682 1.601645469 0.686540322 0.093232921 0.164386640 0.702101873
10069.028666666 76.191166663 18.211198494 1.603242858 0.686918944 0.091090064 0.161587556 0.702662384
10069.061999999 76.206857630 18.198862869 1.604024920 0.687281239 0.089134421 0.159090116 0.703128643
10069.095333332 76.226019447 18.184210682 1.606726224 0.687687257 0.086702954 0.155933036 0.703742654
10069.128666666 76.255236053 18.162334286 1.608264076 0.687916832 0.083405986 0.150725304 0.705050180
10069.161999999 76.271949807 18.149258614 1.609025486 0.687704373 0.082099005 0.148019669 0.705983447
10069.195333332 76.296819266 18.130480380 1.610629863 0.686985509 0.081080399 0.144658011 0.707496247
10069.228666666 76.320191727 18.111451820 1.611952712 0.686142011 0.079976620 0.141380311 0.709101183
10069.261999999 76.339720084 18.097000241 1.611861467 0.685424827 0.078505478 0.138278398 0.710569336
10069.295333332 76.360471917 18.083772999 1.611341828 0.684658986 0.076832942 0.135064349 0.712107010
10069.328666666 76.392776360 18.061719165 1.610138246 0.682897711 0.075281018 0.131314451 0.714660758
10069.361999999 76.419868892 18.043857470 1.608311659 0.680873196 0.077336725 0.131112563 0.716407857
10069.395333332 76.438523486 18.031306961 1.607025605 0.679253940 0.080847216 0.132429182 0.717314662
10069.428666666 76.465833580 18.013431751 1.606404783 0.677216895 0.085464505 0.133924052 0.718427063
10069.461999999 76.491515844 17.994125441 1.607088297 0.676208795 0.087053571 0.133045885 0.719348409
10069.495333332 76.507058277 17.982301452 1.608616807 0.676204712 0.085958977 0.130856078 0.719885358
10069.528666666 76.530365446 17.961712416 1.611593057 0.677141839 0.081347008 0.125173499 0.720550616
10069.561999999 76.551431775 17.942744371 1.614837183 0.678341156 0.077138157 0.120047618 0.720757622
10069.595333332 76.560352318 17.933578236 1.617288689 0.678842519 0.076164570 0.118410318 0.720659968
10069.628666666 76.584525712 17.909494249 1.623426439 0.679672499 0.077312672 0.117136518 0.719963250
10069.661999999 76.603507793 17.888168058 1.628673169 0.680163938 0.079398101 0.117198475 0.719261758
10069.695333332 76.617948918 17.872290258 1.630922397 0.680576049 0.080047746 0.116682667 0.718883686
10069.728666666 76.630753639 17.856784297 1.634853155 0.681181237 0.079096087 0.114932898 0.718697683
10069.761999999 76.650323534 17.831720902 1.638969743 0.682593696 0.073861129 0.109480010 0.718765961
10069.795333332 76.652999318 17.824122491 1.640852928 0.683178319 0.070749170 0.106712703 0.718939732
10069.828666666 76.670595905 17.797630563 1.643155445 0.684588409 0.061410443 0.098876448 0.719576900
10069.861999999 76.685532675 17.774121735 1.643936401 0.685386986 0.053863355 0.092850945 0.720223660
10069.895333332 76.696691806 17.757875768 1.643384093 0.685698862 0.049274509 0.089213926 0.720714901
10069.928666666 76.711695353 17.736229110 1.642445729 0.685896601 0.044194271 0.085282791 0.721331800
10069.961999999 76.722418999 17.716395017 1.642129291 0.685956020 0.040138764 0.082273750 0.721861654
10069.995333332 76.730055388 17.704419507 1.641500201 0.685992018 0.038363917 0.080979752 0.722070246
10070.028666666 76.750793223 17.676720891 1.641269640 0.686134816 0.035907873 0.079229368 0.722255042
10070.061999999 76.764645881 17.653270772 1.642903551 0.686354482 0.034496336 0.078327490 0.722213495
10070.095333332 76.774775354 17.636559027 1.644222878 0.686589451 0.033802175 0.077892598 0.722069998
10070.128666666 76.790083591 17.612301522 1.646127318 0.687114432 0.032984340 0.077440261 0.721656980
10070.161999999 76.806341021 17.588347152 1.647184368 0.687781434 0.032660378 0.077418523 0.721038398
10070.195333332 76.816584274 17.571971960 1.647872968 0.688250977 0.033279735 0.078059835 0.720492689
10070.228666666 76.830256241 17.551315206 1.648247745 0.688749613 0.035371788 0.079701840 0.719736358
10070.261999999 76.847430753 17.524218899 1.648243056 0.689322671 0.038972943 0.082285275 0.718710302
10070.295333332 76.856726952 17.510364417 1.648054092 0.689578799 0.040230202 0.083139603 0.718296886
10070.328666666 76.876402741 17.481866660 1.647117398 0.690278733 0.040927842 0.083503375 0.717542591
10070.361999999 76.891353183 17.457784926 1.646219997 0.690898862 0.040528384 0.083311368 0.716990535
10070.395333332 76.901939204 17.440212133 1.645787398 0.691216019 0.040973812 0.083826201 0.716599420
10070.428666666 76.918106900 17.417133249 1.644867730 0.691366114 0.043940907 0.086547019 0.715955101
10070.461999999 76.936364002 17.392513541 1.644317961 0.691151736 0.049958956 0.091760864 0.715117699
10070.495333332 76.951267222 17.377341483 1.644603348 0.690954108 0.053803691 0.095093455 0.714594163
10070.528666666 76.975216374 17.348604047 1.644154542 0.690504369 0.062795336 0.102788517 0.713228562
10070.561999999 76.995258702 17.324813627 1.643880611 0.690365617 0.068207681 0.107835635 0.712119725
10070.595333332 77.005117552 17.313495680 1.643751909 0.690406280 0.070041299 0.109742041 0.711610898
10070.628666666 77.026679734 17.286945798 1.642517388 0.690332426 0.073322427 0.113333439 0.710788643
10070.661999999 77.045894761 17.267401815 1.640710936 0.689990578 0.076947434 0.117005194 0.710142154
10070.695333332 77.055354141 17.257378070 1.639577210 0.689652494 0.079489182 0.119315255 0.709806155
10070.728666666 77.081197599 17.236211663 1.636500073 0.688579990 0.087353393 0.126182092 0.708734832
10070.761999999 77.105777536 17.217160390 1.634529054 0.687489491 0.095449943 0.133116784 0.707479632
10070.795333332 77.122363258 17.204368935 1.633296628 0.686750872 0.101125076 0.138081783 0.706456212
10070.828666666 77.144997033 17.189433624 1.631701476 0.685987499 0.107828126 0.144120301 0.704998997
10070.861999999 77.169845378 17.172090896 1.631558446 0.685472644 0.112749908 0.149169744 0.703678265
10070.895333332 77.187477072 17.159189288 1.631893241 0.685137788 0.115615359 0.152533610 0.702817756
10070.928666666 77.204577681 17.148234847 1.632394673 0.684698669 0.118778413 0.156505071 0.701844416
10070.961999999 77.236296938 17.127828012 1.633798924 0.683435208 0.124634186 0.164138195 0.700315136
10070.995333332 77.252994295 17.119492621 1.634395189 0.682302031 0.128737390 0.169446983 0.699412856
10071.028666666 77.280400667 17.102953639 1.635381135 0.680576790 0.133756526 0.176373480 0.698438845
10071.061999999 77.313942707 17.082509778 1.635657545 0.678158468 0.139260129 0.184772348 0.697543467
10071.095333332 77.333582988 17.071611210 1.635565466 0.676568260 0.142283437 0.189955838 0.697085069
10071.128666666 77.359456781 17.060052737 1.635568897 0.674508465 0.145724577 0.196507603 0.696553975
10071.161999999 77.382555619 17.051512854 1.635887503 0.672617600 0.148559176 0.202329620 0.696116700
10071.195333332 77.399535512 17.045685979 1.636312271 0.671255759 0.150554478 0.206352830 0.695821503
10071.228666666 77.423920518 17.037840769 1.636766887 0.668971103 0.154723696 0.212546123 0.695242682
10071.261999999 77.447602777 17.032073185 1.637898157 0.665939959 0.161358964 0.220217577 0.694256058
10071.295333332 77.467197115 17.024893293 1.638541123 0.663694893 0.166436187 0.225671150 0.693455562
10071.328666666 77.498455777 17.012970487 1.639613767 0.660592965 0.174007017 0.233292044 0.692035632
10071.361999999 77.525233108 17.005601499 1.641017459 0.657865547 0.181579146 0.240523491 0.690210393
10071.395333332 77.546057263 16.999269477 1.641963296 0.656122901 0.186940214 0.245435161 0.688707251
10071.428666666 77.572690548 16.993971620 1.643042574 0.654008580 0.194182312 0.251943824 0.686360195
10071.461999999 77.602992807 16.986273363 1.643557572 0.651866103 0.201992669 0.258788158 0.683592155
10071.495333332 77.622617934 16.979825873 1.643325535 0.650696602 0.206393211 0.262581534 0.681943335
10071.528666666 77.658587677 16.970084111 1.642128054 0.648387893 0.214972398 0.269984742 0.678592844
10071.561999999 77.696506575 16.960057960 1.640559540 0.645758907 0.224619549 0.278280596 0.674612038
10071.595333332 77.716165949 16.954824482 1.639672385 0.644422658 0.229498831 0.282505275 0.672488285
10071.628666666 77.755593204 16.947414949 1.638072900 0.640989830 0.241299283 0.292709060 0.667254150
10071.661999999 77.790995407 16.940660157 1.636653929 0.637647684 0.252087552 0.302096007 0.662265279
10071.695333332 77.814965903 16.935702895 1.635403839 0.635149840 0.259494079 0.308666763 0.658765765
10071.728666666 77.845917835 16.930881274 1.633390786 0.631767471 0.269176133 0.317271687 0.654028095
10071.761999999 77.883404899 16.928583520 1.630126696 0.627363009 0.281188554 0.327865845 0.647960369
10071.795333332 77.907783927 16.925714550 1.627610057 0.624531837 0.288647803 0.334549868 0.643986659
10071.828666666 77.941293747 16.924403529 1.623429170 0.621246710 0.297510301 0.342703512 0.638822706
10071.861999999 77.974071686 16.921120538 1.619300020 0.618897027 0.304622951 0.349690528 0.633946262
10071.895333332 77.992087920 16.921119049 1.617162179 0.617998132 0.307916491 0.353048274 0.631365710
10071.928666666 78.028483759 16.922299102 1.613115545 0.616098733 0.315316312 0.360707542 0.625210399
10071.961999999 78.064430315 16.923402179 1.609724220 0.613734228 0.323606419 0.368931279 0.618464950
10071.995333332 78.089226121 16.924361428 1.607995874 0.611623014 0.330208854 0.375279050 0.613225110
10072.028666666 78.120990713 16.928489802 1.606306157 0.608613840 0.339176273 0.383810782 0.606001595
10072.061999999 78.152891024 16.935531451 1.606330958 0.606267123 0.346953766 0.391186424 0.599196497
10072.095333332 78.178376804 16.937892724 1.605737455 0.605345439 0.351214836 0.395395999 0.594867247
10072.128666666 78.207030462 16.945042367 1.606156817 0.604916026 0.355176055 0.399408262 0.590253854
10072.161999999 78.241876529 16.951851965 1.606136223 0.604689804 0.358746462 0.403022286 0.585853440
10072.195333332 78.273338145 16.959272564 1.606375510 0.604354963 0.362001002 0.406468176 0.581802351
10072.228666666 78.306734456 16.968201325 1.606577172 0.603901653 0.365091604 0.410053109 0.577812566
10072.261999999 78.342469909 16.976312885 1.605440450 0.603381460 0.367776047 0.413545846 0.574152790
10072.295333332 78.360941150 16.980943603 1.604832816 0.603051509 0.369179209 0.415404367 0.572254139
10072.328666666 78.396660252 16.991067386 1.603620608 0.602051979 0.372006778 0.419205275 0.568692632
10072.361999999 78.424560485 17.003933518 1.604136413 0.600877914 0.374707055 0.422802063 0.565489851
10072.395333332 78.455570393 17.011635150 1.603436393 0.599727002 0.377069872 0.426048565 0.562697481
10072.428666666 78.484758272 17.022002715 1.603385331 0.598285077 0.379306573 0.429371828 0.560197576
10072.461999999 78.519679321 17.034004279 1.603401018 0.595471563 0.383061827 0.434301683 0.556829690
10072.495333332 78.543170138 17.040838504 1.602863288 0.593115331 0.386086496 0.437999146 0.554353831
10072.528666666 78.565766724 17.050385376 1.602793970 0.590220575 0.389725434 0.442358608 0.551427801
10072.561999999 78.595470935 17.061283029 1.602043033 0.586709531 0.394345022 0.447531739 0.547703636
10072.595333332 78.619613033 17.068564069 1.600706903 0.584349452 0.397747595 0.451042729 0.544878909
10072.628666666 78.656500245 17.079334499 1.598660332 0.581459961 0.402566799 0.455467909 0.540734011
10072.661999999 78.689808790 17.088995050 1.596969004 0.578950560 0.407040305 0.459045806 0.537039465
10072.695333332 78.707765241 17.094099990 1.595955807 0.577582227 0.409530173 0.460831696 0.535086868
10072.728666666 78.742535753 17.103897715 1.593453127 0.574888669 0.414285276 0.464055314 0.531529297
10072.761999999 78.779945562 17.114618619 1.591105618 0.571461797 0.419760801 0.467670520 0.527746690
10072.795333332 78.804545688 17.122367007 1.589992972 0.568608149 0.424074689 0.470464134 0.524889445
10072.828666666 78.837863084 17.133425728 1.588088960 0.564176352 0.430455193 0.474587283 0.520749730
10072.861999999 78.875036076 17.144280028 1.586292875 0.559468781 0.436970731 0.478846674 0.516485358
10072.895333332 78.899737665 17.153172925 1.585358949 0.556134588 0.441745105 0.481820453 0.513249095
10072.928666666 78.931698751 17.166354843 1.583519681 0.552394891 0.447501424 0.485230696 0.509071243
10072.961999999 78.965619135 17.179724933 1.581164233 0.548800698 0.453034679 0.488755677 0.504673421
10072.995333332 78.988736214 17.189276401 1.580119444 0.545953277 0.457112571 0.491578388 0.501332030
10073.028666666 79.015504947 17.200323952 1.578019223 0.542256712 0.461972705 0.495243283 0.497265491
10073.061999999 79.047502027 17.214283195 1.575876520 0.537438464 0.467986703 0.500092943 0.491991251
10073.095333332 79.077712352 17.228271404 1.573798319 0.533161278 0.473395757 0.504457591 0.486988755
10073.128666666 79.104085693 17.241701937 1.572197674 0.530149852 0.477595251 0.507634670 0.482857073
10073.161999999 79.141667623 17.261084585 1.570831071 0.526871198 0.483055235 0.511158678 0.477264273
10073.195333332 79.165752255 17.273780270 1.570405731 0.525336517 0.486188162 0.512835422 0.473964603
10073.228666666 79.190314442 17.287141298 1.571140432 0.524289107 0.488952350 0.513920475 0.471096887
10073.261999999 79.228372904 17.308309836 1.571534992 0.523587026 0.492162339 0.514542461 0.467844969
10073.295333332 79.253446621 17.322193938 1.571224581 0.523512079 0.493726409 0.514562346 0.466256290
10073.328666666 79.278375540 17.341205598 1.572602591 0.523555429 0.495036035 0.514390457 0.465006984
10073.361999999 79.308115229 17.364933716 1.572948709 0.523568304 0.496413389 0.514207184 0.463725081
10073.395333332 79.334624704 17.382757316 1.571666655 0.523595004 0.497420537 0.514039620 0.462800551
10073.428666666 79.363444493 17.403640399 1.570027590 0.523561795 0.498243030 0.513867493 0.462144057
10073.461999999 79.393004322 17.427345380 1.568571806 0.523110958 0.498955053 0.514018158 0.461718652
10073.495333332 79.413220423 17.442919444 1.567770913 0.522275747 0.499658329 0.514535915 0.461326772
10073.528666666 79.434922427 17.461883699 1.567508953 0.520556088 0.500833523 0.515765023 0.460623037
10073.561999999 79.464625097 17.491597201 1.568109886 0.517009881 0.503036050 0.518461223 0.459187844
10073.595333332 79.490743460 17.517414236 1.568995657 0.513272259 0.505340458 0.521513020 0.457391276
10073.628666666 79.505111972 17.530365116 1.569566390 0.511171581 0.506732201 0.523258551 0.456208921
10073.661999999 79.533969002 17.559967208 1.571518940 0.506592684 0.510074009 0.527040806 0.453228803
10073.695333332 79.557528649 17.586985410 1.573952489 0.502094976 0.513591801 0.530673695 0.450010585
10073.728666666 79.572939089 17.601812463 1.574986527 0.499206449 0.515956084 0.532924846 0.447854161
10073.761999999 79.600157100 17.627565712 1.576327591 0.493978616 0.520380967 0.536894044 0.443771969
10073.795333332 79.621512559 17.657880670 1.578119925 0.489080916 0.524400531 0.540595998 0.439954438
10073.828666666 79.639091187 17.675193416 1.578802197 0.485924915 0.526986831 0.542964449 0.437437384
10073.861999999 79.664747346 17.700826212 1.579234031 0.481781954 0.530384925 0.546055202 0.434052642
10073.895333332 79.692285080 17.724840537 1.579332128 0.477179343 0.534036069 0.549426987 0.430389750
10073.928666666 79.711457967 17.741697819 1.579455495 0.473210985 0.537034438 0.552274934 0.427384807
10073.961999999 79.733375784 17.761780226 1.579691960 0.468403733 0.540508668 0.555643180 0.423920958
10073.995333332 79.766634887 17.791336084 1.579886565 0.460653116 0.545582189 0.561089505 0.418709147
10074.028666666 79.782803128 17.806636951 1.579779300 0.456364002 0.548125133 0.564153359 0.415958800
10074.061999999 79.806353070 17.827602286 1.579289577 0.450818315 0.551042828 0.568261460 0.412545224
10074.095333332 79.834965599 17.854795205 1.577535261 0.444277062 0.553959440 0.573352034 0.408673803
10074.128666666 79.855568272 17.872795730 1.576099962 0.440271127 0.555602720 0.576524469 0.406308368
10074.161999999 79.880789464 17.893494943 1.575132483 0.435989328 0.557509080 0.579786696 0.403663622
10074.195333332 79.905878641 17.918613733 1.573905106 0.431400229 0.559769398 0.583261849 0.400446849
10074.228666666 79.921078602 17.931077171 1.574052804 0.429362020 0.560766156 0.584803537 0.398991727
10074.261999999 79.950273644 17.955549575 1.574840807 0.426249602 0.562473416 0.586936017 0.396788413
10074.295333332 79.972316493 17.979032342 1.575997624 0.423409104 0.564037634 0.588662305 0.395048058
10074.328666666 79.994260635 17.990595125 1.578004246 0.421801039 0.564803063 0.589578563 0.394307623
10074.361999999 80.023065777 18.017705709 1.580195956 0.419374052 0.565580191 0.590846028 0.393885038
10074.395333332 80.046662232 18.043587734 1.581948696 0.418304488 0.565321512 0.591292808 0.394722382
10074.428666666 80.061155290 18.058122341 1.583293611 0.418363582 0.564569927 0.591154894 0.395940149
10074.461999999 80.084403331 18.084570813 1.584828906 0.419621798 0.562216486 0.590310970 0.399203117
10074.495333332 80.108883302 18.110663570 1.586225515 0.420981960 0.559412330 0.589570415 0.402788729
10074.528666666 80.123195353 18.129496545 1.586629674 0.421662972 0.557510578 0.589204353 0.405241315
10074.561999999 80.139719937 18.148982329 1.587544161 0.421668147 0.555990370 0.589301782 0.407178207
10074.595333332 80.159702520 18.178390451 1.588336564 0.420749805 0.554656489 0.590033188 0.408884602
10074.628666666 80.172048360 18.198886031 1.588983861 0.419743673 0.554235721 0.590769855 0.409425199
10074.661999999 80.186994434 18.224127482 1.589777007 0.418358787 0.554028860 0.591868068 0.409536492
10074.695333332 80.203133656 18.251663472 1.591490972 0.416690547 0.554095095 0.593152085 0.409289894
10074.728666666 80.215047329 18.272033762 1.593172845 0.415025094 0.554600737 0.594281906 0.408657816
10074.761999999 80.227457362 18.292829218 1.595158458 0.412907100 0.555531576 0.595556107 0.407682864
10074.795333332 80.246622594 18.324138786 1.598589471 0.410278017 0.557009717 0.597088074 0.406076293
10074.828666666 80.259860974 18.344612279 1.600948564 0.409151007 0.557879128 0.597736922 0.405064075
10074.861999999 80.273822233 18.365269242 1.603208382 0.408388228 0.558823825 0.598178877 0.403877479
10074.895333332 80.295705795 18.395218833 1.606024877 0.406547316 0.561062409 0.599241831 0.401045484
10074.928666666 80.310073558 18.416981695 1.607471559 0.404493745 0.563151515 0.600412979 0.398433727
10074.961999999 80.328189170 18.443457262 1.608360845 0.401300519 0.565889495 0.602261264 0.394978914
10074.995333332 80.345175464 18.467553028 1.607981672 0.398718255 0.567810669 0.603805344 0.392471534
10075.028666666 80.359485938 18.487996938 1.607612869 0.397163150 0.568817105 0.604815277 0.391033265
10075.061999999 80.378653972 18.517506880 1.607454775 0.395988380 0.569354843 0.605793769 0.389925858
10075.095333332 80.400029376 18.550033269 1.606765645 0.394652031 0.569897698 0.606942358 0.388699579
10075.128666666 80.414830497 18.572769973 1.606040946 0.393168777 0.570614411 0.608077361 0.387375051
10075.161999999 80.433044791 18.602240252 1.605052562 0.390446354 0.572022383 0.610057368 0.384931222
10075.195333332 80.455684694 18.632341593 1.604354762 0.387063826 0.573743797 0.612612370 0.381714205
10075.228666666 80.469763105 18.655163635 1.603324930 0.384193054 0.575256307 0.614773141 0.378853354
10075.261999999 80.482940906 18.678767756 1.601455132 0.381053638 0.576909984 0.617174267 0.375591426
10075.295333332 80.499169654 18.708152076 1.598964489 0.377049871 0.578958277 0.620247946 0.371393584
10075.328666666 80.513826096 18.736062945 1.596720960 0.373703296 0.580552231 0.622962017 0.367727181
10075.361999999 80.524179941 18.762748451 1.594560009 0.371660906 0.581341235 0.624877935 0.365291809
10075.395333332 80.538940567 18.798675776 1.592972609 0.369834127 0.581800290 0.627040520 0.362700051
10075.428666666 80.549240646 18.823208866 1.592323073 0.368194601 0.582386532 0.628633489 0.360664109
10075.461999999 80.557007073 18.853350958 1.592589430 0.365259369 0.583773499 0.630728702 0.357736495
10075.495333332 80.566530774 18.884190129 1.593095596 0.361441656 0.585709056 0.633121283 0.354206541
10075.528666666 80.577256676 18.915441903 1.593800358 0.357958772 0.587484194 0.635196987 0.351073534
10075.561999999 80.586039524 18.947687750 1.594620695 0.356185588 0.588323588 0.636346539 0.349385553
10075.595333332 80.593066054 18.988216268 1.596641415 0.357010952 0.587585798 0.636419775 0.349651226
10075.628666666 80.601008701 19.015711617 1.597555490 0.359024493 0.586176727 0.635913300 0.350873957
10075.661999999 80.604972752 19.046322821 1.599565342 0.361181710 0.584610597 0.635436948 0.352133649
10075.695333332 80.612749024 19.082876258 1.600814941 0.362975609 0.583114055 0.635423400 0.352794286
10075.728666666 80.621906077 19.117873273 1.601805842 0.363330043 0.582427608 0.636149861 0.352253767
10075.761999999 80.630484722 19.151452578 1.602887836 0.362764347 0.582271746 0.637332319 0.350954639
10075.795333332 80.640545533 19.189700916 1.603928725 0.362627105 0.581912246 0.638507062 0.349554649
10075.828666666 80.647466143 19.217042289 1.604491405 0.363128288 0.581362225 0.639100551 0.348864295
10075.861999999 80.654191238 19.251161877 1.605363124 0.363845434 0.580604145 0.639816536 0.348066268
10075.895333332 80.664157379 19.287736453 1.605578850 0.363630103 0.580211727 0.641072369 0.346631961
10075.928666666 80.671701823 19.314813838 1.605037990 0.362624071 0.580266094 0.642439542 0.345060107
10075.961999999 80.680689417 19.342362118 1.603981073 0.360926135 0.580726068 0.644086172 0.342990616
10075.995333332 80.693484111 19.382408904 1.602194369 0.357750719 0.582053613 0.646541518 0.339429051
10076.028666666 80.701634556 19.410552099 1.601384017 0.355332668 0.583365123 0.648132236 0.336672590
10076.061999999 80.712444590 19.443448214 1.600701960 0.352578053 0.585412467 0.649579403 0.333207982
10076.095333332 80.722766784 19.478660056 1.600678460 0.350390140 0.587528985 0.650540136 0.329899944
10076.128666666 80.730851366 19.505416736 1.601357206 0.349583662 0.588874284 0.650723890 0.327988962
10076.161999999 80.737989614 19.532411996 1.601800011 0.349741060 0.589882470 0.650325379 0.326797741
10076.195333332 80.751740539 19.573471734 1.603072544 0.350470168 0.591128691 0.649398462 0.325605850
10076.228666666 80.762094526 19.603260104 1.604216990 0.350424341 0.592263986 0.648951360 0.324481562
10076.261999999 80.774345867 19.637695611 1.605924322 0.348598273 0.594413231 0.649173699 0.322064690
10076.295333332 80.787140031 19.674974457 1.607387043 0.345238818 0.597280790 0.650050308 0.318591295
10076.328666666 80.796147213 19.704490855 1.608211427 0.342455052 0.599409517 0.650911798 0.315826850
10076.361999999 80.807715883 19.741336407 1.608357968 0.339292051 0.601667346 0.652059322 0.312563512
10076.395333332 80.820800249 19.779080322 1.608120511 0.336426388 0.603701118 0.653201545 0.309337983
10076.428666666 80.829247622 19.808374217 1.607746983 0.334789698 0.604967895 0.653902321 0.307150548
10076.461999999 80.839316339 19.843932260 1.607279521 0.333038895 0.606430681 0.654703961 0.304449746
10076.495333332 80.851155283 19.882456336 1.607058928 0.330071722 0.608630958 0.656030709 0.300407596
10076.528666666 80.858345002 19.912204657 1.606743337 0.327095192 0.610791773 0.657255924 0.296575110
10076.561999999 80.866374626 19.948643670 1.606500808 0.323041202 0.613769326 0.658833217 0.291325229
10076.595333332 80.872980176 19.988407509 1.606214717 0.318961260 0.616894664 0.660352741 0.285725297
10076.628666666 80.878305807 20.019157551 1.605885862 0.316127520 0.619209130 0.661330691 0.281576207
10076.661999999 80.884389035 20.049833402 1.605875996 0.313745647 0.621327072 0.662099879 0.277741047
10076.695333332 80.892800609 20.095876122 1.605718263 0.311466534 0.623995962 0.662698877 0.272851309
10076.728666666 80.898768597 20.129430102 1.605356611 0.310662223 0.625578896 0.662772299 0.269949824
10076.761999999 80.905103088 20.167702572 1.604951067 0.310747412 0.626879234 0.662521745 0.267438610
10076.795333332 80.911116934 20.209272745 1.604557208 0.311214273 0.627956799 0.662213079 0.265122186
10076.828666666 80.915591833 20.241009163 1.603755570 0.312000355 0.628418873 0.661945268 0.263768765
10076.861999999 80.919806565 20.277216103 1.602596764 0.313404952 0.628486408 0.661623084 0.262749053
10076.895333332 80.924396968 20.320156079 1.600266892 0.315315391 0.628174903 0.661321165 0.261967197
10076.928666666 80.927059533 20.352329078 1.598898355 0.316911334 0.627799072 0.661017550 0.261708484
10076.961999999 80.929304697 20.385409389 1.598364808 0.319563067 0.626967241 0.660235505 0.262451143
10076.995333332 80.931820114 20.427680676 1.598569724 0.324801027 0.624861857 0.658618413 0.265091943
10077.028666666 80.934318893 20.459169961 1.598869784 0.328396589 0.623215664 0.657617190 0.267016005
10077.061999999 80.937267006 20.496154044 1.599072070 0.329453431 0.622331751 0.657882820 0.267121362
10077.095333332 80.939381293 20.536025202 1.598916235 0.326697645 0.622811514 0.659888117 0.264427950
10077.128666666 80.940981650 20.567112389 1.598349511 0.322655812 0.623894005 0.662223650 0.260977652
10077.161999999 80.940180076 20.603379895 1.597010094 0.317037270 0.625532492 0.665217180 0.256286118
10077.195333332 80.940001068 20.641416878 1.595568522 0.312244077 0.627008974 0.667682459 0.252118060
10077.228666666 80.940836992 20.670166708 1.593850698 0.309811260 0.627852708 0.668849509 0.249916576
10077.261999999 80.941163801 20.700053963 1.591918732 0.308329390 0.628575646 0.669409521 0.248428134
10077.295333332 80.941709010 20.734402115 1.589659249 0.307102533 0.629452530 0.669653066 0.247067435
10077.328666666 80.943725650 20.768147261 1.587583952 0.305747955 0.630530862 0.669778127 0.245654799
10077.361999999 80.945864827 20.802283922 1.585642713 0.303383902 0.632110219 0.670174894 0.243434777
10077.395333332 80.948642411 20.845157590 1.583801540 0.299016004 0.634712612 0.671058212 0.239604269
10077.428666666 80.950922917 20.877857081 1.582870325 0.295217619 0.636889608 0.671817314 0.236388836
10077.461999999 80.954132725 20.908530946 1.582912832 0.291603222 0.638999880 0.672464298 0.233320557
10077.495333332 80.959363610 20.954396552 1.583536513 0.287435409 0.641533328 0.673107391 0.229656950
10077.528666666 80.963066996 20.987567507 1.583853607 0.284967637 0.643002963 0.673531369 0.227367830
10077.561999999 80.967173945 21.024762871 1.584078474 0.282028720 0.644459703 0.674312023 0.224576909
10077.595333332 80.971389731 21.062207612 1.583846892 0.278970940 0.645751225 0.675323604 0.221627163
10077.628666666 80.974314931 21.093162776 1.583218846 0.276471463 0.646665985 0.676282062 0.219155669
10077.661999999 80.977659458 21.128533448 1.582139044 0.273391493 0.647698688 0.677525393 0.216108405
10077.695333332 80.980835548 21.161681016 1.581219241 0.270387964 0.648826780 0.678652942 0.212942111
10077.728666666 80.984095917 21.193967561 1.580518745 0.267664878 0.650124848 0.679511247 0.209660823
10077.761999999 80.987232008 21.229706220 1.580073595 0.265103147 0.651788409 0.680060671 0.205936096
10077.795333332 80.990780043 21.266342306 1.580188529 0.262939758 0.653662032 0.680221816 0.202205127
10077.828666666 80.994463390 21.304041920 1.580361041 0.261391061 0.655540047 0.679967179 0.198963806
10077.861999999 80.997118951 21.329590308 1.580331354 0.260782302 0.656692297 0.679590003 0.197244125
10077.895333332 81.001406567 21.367359674 1.580157858 0.260624917 0.658009268 0.678837219 0.195648883
10077.928666666 81.003897040 21.400922528 1.579601745 0.260943763 0.658931563 0.678065680 0.194793435
10077.961999999 81.007464514 21.435416494 1.578651125 0.261870867 0.659511235 0.677185462 0.194649506
10077.995333332 81.010236624 21.469760542 1.577148436 0.263090518 0.659846343 0.676321476 0.194872892
10078.028666666 81.014363122 21.511976192 1.575532213 0.265009876 0.659796346 0.675372389 0.195731150
10078.061999999 81.017365830 21.539680316 1.574426869 0.266296670 0.659615399 0.674824852 0.196481625
10078.095333332 81.022545087 21.573133065 1.573194938 0.267878776 0.659198531 0.674224891 0.197785372
10078.128666666 81.027813818 21.614325901 1.572803625 0.270573325 0.658374905 0.673232522 0.200226203
10078.161999999 81.030919319 21.644999930 1.573216489 0.272780803 0.657637401 0.672424470 0.202358628
10078.195333332 81.036367100 21.680826518 1.574707881 0.274214878 0.656988972 0.671920711 0.204191698
10078.228666666 81.041119593 21.719743178 1.576971444 0.273773698 0.656788257 0.672108924 0.204809041
10078.261999999 81.044108092 21.747991472 1.578562819 0.272403847 0.656856991 0.672689951 0.204507378
10078.295333332 81.048217819 21.783814592 1.579942938 0.269986050 0.656955658 0.673822036 0.203668016
10078.328666666 81.054598447 21.822310979 1.580286106 0.267596251 0.656910922 0.675042983 0.202921803
10078.361999999 81.058420404 21.850961064 1.579800930 0.266122539 0.656812320 0.675852529 0.202483902
10078.395333332 81.063020269 21.884295785 1.578554685 0.264870620 0.656837742 0.676427012 0.202124301
10078.428666666 81.067668867 21.920414064 1.576885420 0.264036900 0.656970360 0.676686468 0.201915540
10078.461999999 81.071755881 21.948530925 1.575488871 0.263736783 0.657096632 0.676673357 0.201940814
10078.495333332 81.078276828 21.982185451 1.573725391 0.263828135 0.657181038 0.676427681 0.202369442
10078.528666666 81.085679491 22.020076192 1.571556968 0.264322376 0.657153581 0.676008648 0.203212110
10078.561999999 81.091186655 22.049372332 1.569848186 0.264459711 0.657186163 0.675780347 0.203686844
10078.595333332 81.098441903 22.083779737 1.568529853 0.262974015 0.657682992 0.676075327 0.203026849
10078.628666666 81.105039802 22.121010580 1.567150633 0.259533254 0.658718835 0.677007055 0.200981177
10078.661999999 81.109583021 22.149927981 1.565965429 0.255977540 0.659623073 0.678157744 0.198683102
10078.695333332 81.115262313 22.183876131 1.564438716 0.251646749 0.660443103 0.679800593 0.195857029
10078.728666666 81.121077087 22.219966181 1.562402431 0.248336159 0.660630340 0.681436222 0.193755985
10078.761999999 81.124286428 22.241738457 1.560956341 0.247093777 0.660399729 0.682329329 0.192985883
10078.795333332 81.130197759 22.275940976 1.559030314 0.246034983 0.659758900 0.683517766 0.192323801
10078.828666666 81.135720980 22.311913094 1.557630157 0.244347725 0.659479605 0.684748408 0.191050929
10078.861999999 81.139178661 22.336179004 1.556916994 0.242567732 0.659675052 0.685572177 0.189685295
10078.895333332 81.143458358 22.367603590 1.556525838 0.239326029 0.660447029 0.686662517 0.187155984
10078.928666666 81.148139763 22.401599506 1.556447636 0.235471532 0.661520695 0.687772480 0.184153588
10078.961999999 81.151572202 22.428167843 1.556496735 0.232698106 0.662374194 0.688469930 0.181992236
10078.995333332 81.156022277 22.459144470 1.556666352 0.230709796 0.663131882 0.688814980 0.180452264
10079.028666666 81.161352305 22.494465089 1.557527862 0.230269809 0.663585766 0.688606182 0.180142369
10079.061999999 81.165405204 22.521439150 1.558383373 0.231123585 0.663631391 0.688088941 0.180855951
10079.095333332 81.170244437 22.555957730 1.559830659 0.233682574 0.663293139 0.686993960 0.182958920
10079.128666666 81.175584793 22.594028802 1.561346747 0.236985792 0.662583336 0.685783105 0.185802556
10079.161999999 81.178639403 22.618359337 1.562221658 0.238877490 0.662069277 0.685148679 0.187544942
10079.195333332 81.181648655 22.650553557 1.563001250 0.240193666 0.661426419 0.684867681 0.189151672
10079.228666666 81.185749916 22.695887464 1.563314590 0.240381312 0.660645952 0.685220585 0.190358875
10079.261999999 81.188223296 22.722951544 1.563409336 0.240053101 0.660170978 0.685662508 0.190829019
10079.295333332 81.190147711 22.760736205 1.563814888 0.240153938 0.659302317 0.686147401 0.191959069
10079.328666666 81.192864440 22.801407658 1.564467898 0.241304946 0.658064561 0.686388470 0.193891269
10079.361999999 81.194594949 22.830405611 1.565244781 0.242109294 0.657242265 0.686531801 0.195166034
10079.395333332 81.195888593 22.861956524 1.566730454 0.241699380 0.656847188 0.686965479 0.195477908
10079.428666665 81.199180212 22.900738165 1.568893994 0.239550367 0.656889118 0.687937013 0.194563546
10079.461999999 81.202060251 22.925893687 1.570378048 0.237660618 0.657138393 0.688644604 0.193533386
10079.495333332 81.205080241 22.956563326 1.572667946 0.235419636 0.657581077 0.689397285 0.192083590
10079.528666665 81.210120356 23.000026128 1.576115283 0.233776279 0.658147808 0.689734744 0.190934799
10079.561999999 81.213872703 23.026901145 1.578218964 0.233383755 0.658448379 0.689663244 0.190636736
10079.595333332 81.220153664 23.064134263 1.580625196 0.233504893 0.658890607 0.689243650 0.190477882
10079.628666665 81.226488748 23.099182370 1.582271153 0.233611575 0.659358259 0.688833885 0.190210928
10079.661999999 81.233257142 23.133313805 1.582882855 0.233446746 0.659878530 0.688542967 0.189661605
10079.695333332 81.241189255 23.172079572 1.582742083 0.232567568 0.660619887 0.688466011 0.188436311
10079.728666665 81.248485599 23.210631705 1.582363520 0.230860978 0.661516876 0.688668719 0.186638758
10079.761999999 81.254094901 23.241386120 1.581988273 0.229024195 0.662308739 0.688991470 0.184894043
10079.795333332 81.258426877 23.270406676 1.581416958 0.226994021 0.663034588 0.689489882 0.182927725
10079.828666665 81.264612311 23.313293636 1.580165320 0.223602179 0.664124354 0.690399997 0.179690712
10079.861999999 81.269247154 23.347040684 1.579055285 0.221004583 0.664914700 0.691129678 0.177158640
10079.895333332 81.273071064 23.376298400 1.577880631 0.219052227 0.665477250 0.691737326 0.175087477
10079.928666665 81.277784533 23.417705356 1.575289461 0.216471692 0.666191433 0.692561664 0.172300096
10079.961999999 81.281125143 23.450980347 1.573172130 0.214739343 0.666772436 0.693041617 0.170278745
10079.995333332 81.283062179 23.484910244 1.570890413 0.214192981 0.667280256 0.693041132 0.168974602
10080.028666665 81.284808194 23.522826158 1.568872449 0.214547809 0.667865560 0.692605567 0.167995121
10080.061999999 81.286208315 23.553317590 1.567793239 0.214846679 0.668520429 0.692105440 0.167067055
10080.095333332 81.288087410 23.585705695 1.567271233 0.214530573 0.669506008 0.691616447 0.165544644
10080.128666665 81.289288477 23.627127980 1.566491707 0.213501813 0.670967783 0.691069556 0.163224012
10080.161999999 81.289291738 23.660527518 1.565784004 0.212761452 0.672127041 0.690583714 0.161468075
10080.195333332 81.288334804 23.690393363 1.564426048 0.212957303 0.672892098 0.689968153 0.160652916
10080.228666665 81.287004393 23.733394250 1.562725317 0.215777290 0.673187883 0.688589368 0.161563974
10080.261999999 81.286109799 23.762913605 1.561602257 0.218707364 0.673032118 0.687482670 0.162979860
10080.295333332 81.284513817 23.797576164 1.560101319 0.223327503 0.672218525 0.686146960 0.165678693
10080.328666665 81.281838455 23.839240729 1.558573932 0.228556776 0.670984419 0.684885399 0.168741518
10080.361999999 81.279265420 23.865621890 1.557951032 0.231322928 0.670174377 0.684366009 0.170291435
10080.395333332 81.273958753 23.900869749 1.557564199 0.233498576 0.669089169 0.684426624 0.171342627
10080.428666665 81.268269289 23.938242438 1.557477690 0.234723574 0.667921092 0.685058426 0.171700937
10080.461999999 81.263414271 23.965708221 1.557732565 0.234636044 0.667177745 0.685918797 0.171275182
10080.495333332 81.257445288 23.996950589 1.558386803 0.233448667 0.666548018 0.687266059 0.169943590
10080.528666665 81.251292610 24.032693961 1.559600454 0.231427691 0.666105545 0.688870916 0.167932989
10080.561999999 81.246637629 24.061791159 1.560978169 0.229686384 0.665951023 0.690012395 0.166241678
10080.595333332 81.243744892 24.090603465 1.562611805 0.228322716 0.665924587 0.690832172 0.164815329
10080.628666665 81.238187241 24.126941817 1.564902054 0.227397500 0.665922675 0.691388671 0.163765298
10080.661999999 81.233400005 24.152232990 1.566607853 0.227057539 0.665924001 0.691592389 0.163370946
10080.695333332 81.229241586 24.181391896 1.567937629 0.227009248 0.665864415 0.691656472 0.163409626
10080.728666665 81.224794327 24.222704451 1.568908426 0.227365767 0.665558074 0.691664176 0.164127773
10080.761999999 81.221758720 24.254590628 1.569118207 0.227809024 0.665172358 0.691674445 0.165031045
10080.795333332 81.219037519 24.285814884 1.568644343 0.228321902 0.664631041 0.691752605 0.166171663
10080.828666665 81.215381577 24.324841809 1.567623113 0.228700988 0.663890423 0.692022267 0.167482974
10080.861999999 81.212635569 24.351430749 1.566880777 0.228639845 0.663452589 0.692303353 0.168138490
10080.895333332 81.208404016 24.389390262 1.566217913 0.227502223 0.663123391 0.692947298 0.168327505
10080.928666665 81.204190240 24.432389267 1.565761493 0.226139192 0.662822000 0.693635428 0.168516929
10080.961999999 81.201377938 24.464262844 1.565804444 0.225653251 0.662499402 0.693976577 0.169031545
10080.995333332 81.198443036 24.497062749 1.566273201 0.226393048 0.661917072 0.693965194 0.170365154
10081.028666665 81.195440245 24.537434875 1.567104071 0.228675163 0.660800794 0.693679960 0.172794950
10081.061999999 81.192956571 24.569617253 1.567771293 0.230582644 0.659826841 0.693540141 0.174534404
10081.095333332 81.189489138 24.602259913 1.567972194 0.230968629 0.659229132 0.693921407 0.174767059
10081.128666665 81.184709976 24.640215975 1.567854725 0.229095572 0.659178103 0.695044542 0.172952397
10081.161999999 81.180080817 24.672790589 1.567345967 0.225753767 0.659650486 0.696433880 0.169930348
10081.195333332 81.175123917 24.702237572 1.566424568 0.221632377 0.660467583 0.697846847 0.166347347
10081.228666665 81.168021545 24.742877732 1.564127364 0.216433918 0.661640247 0.699351562 0.162160213
10081.261999999 81.161982424 24.775905113 1.561897898 0.214032250 0.662220494 0.699944977 0.160409606
10081.295333332 81.157292040 24.803600498 1.559863359 0.215076543 0.662045978 0.699536213 0.161512509
10081.328666665 81.150673801 24.842719366 1.557365577 0.220008429 0.661103360 0.697844337 0.165987709
10081.361999999 81.144239246 24.876269694 1.555675533 0.225108562 0.660224469 0.695948945 0.170542813
10081.395333332 81.136836336 24.911909676 1.554846624 0.229861921 0.659665436 0.693862410 0.174814089
10081.428666665 81.129559120 24.946413172 1.554905225 0.233775892 0.659371948 0.691939192 0.178318875
10081.461999999 81.122803779 24.977031991 1.555834559 0.236927783 0.659281817 0.690249822 0.181019043
10081.495333332 81.115565594 25.010957231 1.557244947 0.240575726 0.658977807 0.688537396 0.183814645
10081.528666665 81.108924218 25.046499375 1.558905306 0.244288290 0.658479230 0.687025574 0.186344293
10081.561999999 81.103030260 25.077466118 1.560505690 0.246365333 0.658228703 0.686232955 0.187412454
10081.595333332 81.097088998 25.110504188 1.562473936 0.246206529 0.658470625 0.686322584 0.186440584
10081.628666665 81.089063322 25.147406792 1.565011964 0.243575831 0.659265009 0.687330426 0.183350342
10081.661999999 81.082311478 25.177203931 1.567448426 0.240705492 0.660046508 0.688415438 0.180232232
10081.695333332 81.075728580 25.208624882 1.570409350 0.238882607 0.660552095 0.689161569 0.177939205
10081.728666665 81.069614084 25.242413440 1.573922957 0.239288725 0.660505087 0.689196029 0.177433846
10081.761999999 81.066085362 25.267124757 1.576259863 0.240782406 0.660211425 0.688771572 0.178152826
10081.795333332 81.062016588 25.298715602 1.578752615 0.242969681 0.659906537 0.687905743 0.179651846
10081.828666665 81.057346039 25.340215481 1.581170700 0.244508463 0.659971726 0.686968268 0.180907520
10081.861999999 81.053977916 25.372383685 1.582554130 0.244678991 0.660314364 0.686453040 0.181381795
10081.895333332 81.051188170 25.405936538 1.582964721 0.244383548 0.660587297 0.686155986 0.181909505
10081.928666665 81.049486375 25.444493765 1.582141829 0.244495839 0.660460349 0.685898203 0.183187246
10081.961999999 81.048289615 25.475221853 1.580869257 0.245009366 0.660001104 0.685721550 0.184810467
10081.995333332 81.046658557 25.507200601 1.578915729 0.245844894 0.659201998 0.685635523 0.186860759
10082.028666665 81.045196871 25.546498727 1.576080825 0.246361680 0.658246997 0.685754274 0.189097565
10082.061999999 81.044025281 25.579040657 1.573838492 0.246047660 0.657680050 0.686051845 0.190395291
10082.095333332 81.043549622 25.609372246 1.571702687 0.245064424 0.657446582 0.686483950 0.190911516
10082.128666665 81.041592686 25.650741467 1.568862578 0.243060019 0.657493901 0.687183554 0.190794027
10082.161999999 81.036143887 25.686411767 1.566185535 0.241197550 0.657722077 0.687742715 0.190355901
10082.195333332 81.032734436 25.718180973 1.564123657 0.240485478 0.657692680 0.688000220 0.190427865
10082.228666665 81.032532061 25.752045067 1.561831536 0.241202311 0.657160504 0.687991451 0.191387775
10082.261999999 81.032541896 25.790996463 1.559023860 0.242768369 0.656254626 0.687975579 0.192569435
10082.295333332 81.031205176 25.820392725 1.556782819 0.243372338 0.655756664 0.688185693 0.192752572
10082.328666665 81.029548998 25.855826214 1.553947660 0.241506743 0.656049315 0.689160109 0.190609898
10082.361999999 81.028343945 25.897321967 1.551023987 0.237602365 0.657059567 0.690646056 0.186616898
10082.395333332 81.027577831 25.924572117 1.549271764 0.234720174 0.657916448 0.691607472 0.183661350
10082.428666665 81.027488749 25.959464074 1.547496791 0.233226743 0.658602212 0.691988778 0.181658869
10082.461999999 81.027929654 26.000409689 1.545608444 0.234691604 0.658663516 0.691382900 0.181856839
10082.495333332 81.028966887 26.027259438 1.544574237 0.237517885 0.658228614 0.690403273 0.183476611
10082.528666665 81.030635015 26.058638265 1.543769978 0.242195481 0.657369484 0.688788880 0.186484825
10082.561999999 81.032734012 26.104348719 1.542253923 0.248871754 0.656028552 0.686514144 0.190755654
10082.595333332 81.033849175 26.134688625 1.541144241 0.252924210 0.655163783 0.685135776 0.193335795
10082.628666665 81.035441917 26.169947986 1.539439330 0.257043608 0.654184846 0.683757322 0.196078288
10082.661999999 81.035901042 26.211216922 1.537155899 0.262260445 0.652780432 0.682074645 0.199678105
10082.695333332 81.036330744 26.238413497 1.535753448 0.265690789 0.651788835 0.680960684 0.202168905
10082.728666665 81.039054010 26.273707596 1.534265464 0.269272229 0.650728300 0.679709365 0.205037377
10082.761999999 81.042840083 26.314982026 1.532782667 0.272858507 0.649599073 0.678423953 0.208111075
10082.795333332 81.045417842 26.341401788 1.531911901 0.274778459 0.648939396 0.677732662 0.209887822
10082.828666665 81.048534072 26.373313755 1.530587885 0.276314978 0.648345877 0.677127500 0.211650671
10082.861999999 81.052351388 26.415588480 1.528595316 0.277210270 0.647980270 0.676575253 0.213358766
10082.895333332 81.054783035 26.442857072 1.527381517 0.277155731 0.648008689 0.676329474 0.214121186
10082.928666665 81.057132406 26.471184362 1.526427261 0.276681930 0.648270069 0.676015749 0.214931927
10082.961999999 81.060838753 26.511400421 1.525912621 0.277052214 0.648345415 0.675053900 0.217238407
10082.995333332 81.064210229 26.543356893 1.526043358 0.278308828 0.648067911 0.673870499 0.220115265
10083.028666665 81.068402150 26.571971426 1.526309346 0.280088638 0.647515163 0.672577904 0.223413140
10083.061999999 81.073967602 26.609752489 1.527055074 0.282218150 0.646777920 0.670915304 0.227824257
10083.095333332 81.078338224 26.640883376 1.528207472 0.283416973 0.646277983 0.669755416 0.231143397
10083.128666665 81.082615528 26.673078507 1.529977415 0.283382254 0.646170347 0.669014433 0.233619497
10083.161999999 81.087711250 26.710432927 1.531921418 0.282780597 0.646173987 0.668436575 0.235980630
10083.195333332 81.090834846 26.736672627 1.533139269 0.282293936 0.646102724 0.668170994 0.237505635
10083.228666665 81.094787941 26.769885849 1.534290544 0.281651896 0.645887664 0.668061134 0.239156131
10083.261999999 81.098933541 26.808319341 1.535176655 0.280745390 0.645549078 0.668201060 0.240740020
10083.295333332 81.101043508 26.833753286 1.535350851 0.280046029 0.645259189 0.668478686 0.241559615
10083.328666665 81.104837007 26.865334655 1.534529944 0.279111199 0.644843444 0.668982675 0.242355217
10083.361999999 81.108410797 26.902792530 1.533362582 0.277943359 0.644426252 0.669620657 0.243044174
10083.395333332 81.109821567 26.931028276 1.532462739 0.277012414 0.644265888 0.670080358 0.243265086
10083.428666665 81.111768892 26.960485885 1.532109984 0.275852854 0.644373655 0.670533748 0.243047912
10083.461999999 81.113939832 26.994624382 1.532305546 0.274292647 0.644804410 0.670993368 0.242401976
10083.495333332 81.115234525 27.023483123 1.532582430 0.273346073 0.645180168 0.671170702 0.241980091
10083.528666665 81.117485183 27.053592082 1.533034808 0.274051658 0.644990547 0.670804728 0.242701255
10083.561999999 81.120243795 27.088834700 1.533501603 0.276946270 0.643956912 0.669797190 0.244932611
10083.595333332 81.123868109 27.117081951 1.534055421 0.280347905 0.642691925 0.668722501 0.247310246
10083.628666665 81.128059589 27.145203079 1.534645052 0.284145479 0.641261243 0.667612836 0.249676725
10083.661999999 81.131963519 27.180956475 1.535093463 0.288980347 0.639283631 0.666460591 0.252263909
10083.695333332 81.134621078 27.207582794 1.535507009 0.292265889 0.637839068 0.665856139 0.253727367
10083.728666665 81.137313288 27.236530204 1.535859928 0.294343315 0.636652600 0.665945802 0.254070205
10083.761999999 81.140362061 27.272457892 1.536205619 0.295642201 0.635385779 0.666792413 0.253512286
10083.795333332 81.142055591 27.297277215 1.536101496 0.295917609 0.634588387 0.667738070 0.252697877
10083.828666665 81.143801586 27.325116565 1.535037205 0.296001339 0.633494053 0.669104164 0.251730233
10083.861999999 81.145910529 27.358207010 1.533377496 0.295822916 0.632212009 0.670896147 0.250389972
10083.895333332 81.147563844 27.384140491 1.531682110 0.295281583 0.631448280 0.672337247 0.249087301
10083.928666665 81.150590126 27.410936278 1.530240644 0.294482882 0.630968366 0.673689140 0.247591794
10083.961999999 81.153978404 27.440691951 1.529292665 0.293730063 0.630769527 0.674788959 0.245992508
10083.995333332 81.156411814 27.465234385 1.529002824 0.293561806 0.630791216 0.675203566 0.244998064
10084.028666665 81.159812695 27.490102557 1.529222817 0.294498347 0.630702359 0.674956215 0.244784324
10084.061999999 81.165079014 27.519373570 1.529657026 0.296365606 0.630486208 0.674172274 0.245247456
10084.095333332 81.170391837 27.544640058 1.530177878 0.298047211 0.630328295 0.673319394 0.245957503
10084.128666665 81.176918004 27.568664133 1.530809596 0.299617953 0.630233193 0.672361440 0.246911521
10084.161999999 81.185555605 27.599065879 1.531981428 0.301746593 0.630014568 0.670941680 0.248732588
10084.195333332 81.192871367 27.626043296 1.533359453 0.303620355 0.629726265 0.669569061 0.250872047
10084.228666665 81.199767704 27.652473011 1.534980183 0.305226699 0.629362906 0.668198212 0.253476122
10084.261999999 81.207563895 27.683635698 1.536734484 0.306268326 0.629016753 0.666903827 0.256470121
10084.295333332 81.213248512 27.706207403 1.537773673 0.306231753 0.628938999 0.666266380 0.258354331
10084.328666665 81.218937873 27.734635585 1.539127701 0.304036806 0.629502534 0.666298807 0.259488110
10084.361999999 81.224162878 27.770306660 1.540645667 0.299471316 0.630767675 0.667090195 0.259691630
10084.395333332 81.226754683 27.798392575 1.541266372 0.294494431 0.632153791 0.668350561 0.258770444
10084.428666665 81.228099451 27.828199414 1.541323210 0.288559124 0.633700259 0.670077242 0.257204400
10084.461999999 81.230090241 27.863292702 1.540673642 0.282593185 0.635058327 0.671824303 0.255918187
10084.495333332 81.231502119 27.892495985 1.539845641 0.279052826 0.635605203 0.672888117 0.255650400
10084.528666665 81.231031081 27.920930856 1.539022771 0.276828099 0.635654726 0.673610747 0.256042644
10084.561999999 81.229598788 27.953926271 1.538294392 0.274328470 0.635829904 0.674416740 0.256176275
10084.595333332 81.228369954 27.982626493 1.538168780 0.271756095 0.636321940 0.675209763 0.255606709
10084.628666665 81.226644739 28.012028798 1.538565842 0.268629944 0.637260158 0.676069384 0.254298313
10084.661999999 81.224672737 28.046908568 1.539840198 0.265455482 0.638408231 0.676793946 0.252820631
10084.695333332 81.223445943 28.077496328 1.541693312 0.263928872 0.639053965 0.676992957 0.252254072
10084.728666665 81.222311852 28.106829721 1.543858489 0.264059716 0.639049950 0.676728871 0.252835249
10084.761999999 81.219545121 28.143384292 1.546547473 0.265224051 0.638447762 0.676265247 0.254373690
10084.795333332 81.216551626 28.175401138 1.548626405 0.266357865 0.637672370 0.676002111 0.255829204
10084.828666665 81.213601975 28.205792075 1.550070764 0.267110098 0.636864256 0.676065498 0.256888221
10084.861999999 81.210323608 28.240898985 1.551460086 0.267860866 0.635933898 0.676291341 0.257815158
10084.895333332 81.208194982 28.270818036 1.552699227 0.268715595 0.635120816 0.676456292 0.258496350
10084.928666665 81.205668828 28.299413885 1.554055055 0.270009852 0.634184616 0.676547677 0.259206082
10084.961999999 81.201855694 28.334770089 1.555385859 0.270744870 0.633320249 0.677096893 0.259118651
10084.995333332 81.199424148 28.362794160 1.556111512 0.269938095 0.633178166 0.678026833 0.257872931
10085.028666665 81.197781457 28.390020179 1.556274098 0.266445759 0.634102046 0.679807787 0.254524312
10085.061999999 81.196194095 28.430902634 1.555679330 0.259559128 0.636092237 0.682963622 0.248145956
10085.095333332 81.195092909 28.465744075 1.554552975 0.253590975 0.637832930 0.685570968 0.242596824
10085.128666665 81.193895090 28.496636074 1.553041764 0.249932763 0.638974762 0.687184820 0.238792569
10085.161999999 81.193704243 28.532089627 1.551352268 0.247644674 0.639890494 0.688244366 0.235652209
10085.195333332 81.194476809 28.561855185 1.550126208 0.246918380 0.640517118 0.688551249 0.233808282
10085.228666665 81.195220344 28.589850553 1.549050500 0.246513109 0.641332207 0.688494158 0.232163909
10085.261999999 81.196947845 28.626974622 1.548080044 0.245283206 0.642991767 0.688354673 0.229271847
10085.295333332 81.199535652 28.662114142 1.547570981 0.243330960 0.644971089 0.688320766 0.225869125
10085.328666665 81.200931442 28.688685742 1.546873608 0.240935736 0.646976498 0.688429291 0.222343190
10085.361999999 81.202943223 28.725485496 1.546390899 0.236796333 0.650054856 0.688757486 0.216724033
10085.395333332 81.205823032 28.763021185 1.546607852 0.232428006 0.653057401 0.689170242 0.211039403
10085.428666665 81.208257315 28.797592469 1.547001592 0.228289272 0.655685272 0.689673203 0.205698093
10085.461999999 81.210506097 28.836340113 1.547231196 0.223579198 0.658433436 0.690389756 0.199598940
10085.495333332 81.211988908 28.869987887 1.547058889 0.219362358 0.660628915 0.691184438 0.194200068
10085.528666665 81.213305538 28.905549274 1.546495630 0.214814828 0.662734513 0.692207854 0.188376861
10085.561999999 81.214499776 28.945993955 1.545133452 0.209349933 0.665074637 0.693487115 0.181449591
10085.595333332 81.214902518 28.979548444 1.543554854 0.204685820 0.667072789 0.694483140 0.175529991
10085.628666665 81.214360690 29.013580705 1.542229982 0.200373898 0.669257458 0.695093150 0.169676956
10085.661999999 81.212134286 29.053068598 1.541671092 0.196112857 0.672009934 0.695199279 0.163218745
10085.695333332 81.209811007 29.086271006 1.541959617 0.193444397 0.674360833 0.694782078 0.158412742
10085.728666665 81.207747983 29.120054136 1.542393147 0.191355313 0.676770653 0.693997119 0.154053973
10085.761999999 81.203688307 29.159240166 1.543215713 0.188509461 0.679749328 0.693015280 0.148777875
10085.795333332 81.199069233 29.194706929 1.543952820 0.185134427 0.682574221 0.692260124 0.143504695
10085.828666665 81.194712685 29.232212615 1.544183844 0.180777270 0.685564785 0.691692546 0.137411521
10085.861999999 81.189832671 29.270833805 1.544089735 0.176010350 0.688588585 0.691165339 0.130983173
10085.895333332 81.185017087 29.306458493 1.543527637 0.172206735 0.690975739 0.690736295 0.125621412
10085.928666665 81.179308248 29.339800150 1.542434392 0.169710953 0.692695506 0.690372850 0.121476157
10085.961999999 81.172417874 29.380676011 1.539923550 0.168345466 0.693873225 0.690137396 0.117941201
10085.995333332 81.166168281 29.420389503 1.536766179 0.167490495 0.694482725 0.690224465 0.115025508
10086.028666665 81.158750800 29.451747739 1.533746572 0.165977652 0.694661546 0.690893563 0.112084075
10086.061999999 81.149461896 29.490670939 1.530070998 0.162021997 0.694778347 0.692542754 0.106847808
10086.095333332 81.142363359 29.525050597 1.526912279 0.157025906 0.694787533 0.694550502 0.101058151
10086.128666665 81.135472345 29.556408260 1.524295196 0.151738770 0.694561101 0.696785311 0.095133869
10086.161999999 81.126261796 29.587889888 1.522499787 0.147199156 0.694004008 0.699050696 0.089548707
10086.195333332 81.119797480 29.616162569 1.521653244 0.145074253 0.693251038 0.700698379 0.085896687
10086.228666665 81.115264525 29.643054525 1.520968008 0.144089148 0.692525561 0.701951278 0.083132828
10086.261999999 81.110013897 29.676638983 1.521322704 0.142783123 0.691957654 0.703194689 0.079528697
10086.295333332 81.106948000 29.711193465 1.522225529 0.140705784 0.691722158 0.704302963 0.075363619
10086.328666665 81.105682104 29.736976393 1.523191185 0.138246729 0.691837121 0.705069540 0.071597375
10086.361999999 81.103933704 29.770426810 1.524690272 0.135133147 0.692064364 0.705912138 0.066887984
10086.395333332 81.102522673 29.808514320 1.525876401 0.132403538 0.692301410 0.706590535 0.062592949
10086.428666665 81.102090688 29.834962215 1.526394168 0.130963562 0.692452447 0.706903308 0.060381011
10086.461999999 81.101679806 29.866152379 1.526595972 0.128915725 0.692647157 0.707276457 0.058143493
10086.495333332 81.100212414 29.906178840 1.526232845 0.125430511 0.692997509 0.707807712 0.055044375
10086.528666665 81.098875137 29.933648719 1.525777656 0.122459135 0.693294485 0.708200006 0.052908126
10086.561999999 81.098105746 29.962190248 1.525562517 0.119610697 0.693602957 0.708508403 0.051225591
10086.595333332 81.095505902 30.000176286 1.525300330 0.116467610 0.694035113 0.708724426 0.049600859
10086.628666665 81.093260921 30.033980379 1.525083567 0.114444575 0.694369089 0.708786484 0.048741436
10086.661999999 81.092094928 30.061275915 1.524909477 0.112920771 0.694629375 0.708823047 0.048050163
10086.695333332 81.090142029 30.097973142 1.524430418 0.110050721 0.695047643 0.708983965 0.046253111
10086.728666665 81.088289364 30.132410517 1.523660520 0.106812536 0.695532387 0.709150686 0.043944123
10086.761999999 81.086261445 30.162409455 1.522985629 0.103670541 0.696250663 0.709068428 0.041344849
10086.795333332 81.083623777 30.199681670 1.522708039 0.100075735 0.697400848 0.708638646 0.038054888
10086.828666665 81.082005261 30.226426952 1.522912249 0.097801313 0.698411038 0.708081023 0.035751771
10086.861999999 81.080320420 30.256664301 1.523681704 0.096027333 0.699692731 0.707161845 0.033629724
10086.895333332 81.078126870 30.298528721 1.524913692 0.094412034 0.701438211 0.705754919 0.031317706
10086.928666665 81.076801403 30.332077459 1.526087189 0.093697183 0.702743356 0.704609299 0.029972477
10086.961999999 81.075553763 30.362689321 1.527453495 0.092924711 0.703793536 0.703712080 0.028791744
10086.995333332 81.073138394 30.401351452 1.529064191 0.091701508 0.704840065 0.702881498 0.027366319
10087.028666665 81.070694754 30.434108567 1.530030194 0.090757297 0.705465857 0.702413412 0.026390087
10087.061999999 81.068643492 30.459632088 1.530368235 0.090564899 0.705563671 0.702348786 0.026155078
10087.095333332 81.064945652 30.500041740 1.529360359 0.090888691 0.705060434 0.702804598 0.026357682
10087.128666665 81.061530091 30.537677700 1.527140951 0.091405794 0.704121723 0.703660908 0.026812429
10087.161999999 81.059112493 30.567518302 1.524333131 0.091712426 0.702913715 0.704813751 0.027179338
10087.195333332 81.056147107 30.603339539 1.521026395 0.091665720 0.701274612 0.706443384 0.027368962
10087.228666665 81.054278837 30.628664357 1.519049422 0.091279212 0.700050111 0.707708556 0.027323014
10087.261999999 81.052754515 30.655011927 1.517493378 0.090868427 0.698841296 0.708959043 0.027218518
10087.295333332 81.051313596 30.692274749 1.515769207 0.090573752 0.697220617 0.710594390 0.027118630
10087.328666665 81.050920039 30.719376988 1.514734023 0.090460036 0.696097531 0.711713762 0.026995012
10087.361999999 81.050943587 30.742356430 1.513421334 0.089997063 0.695198908 0.712666907 0.026549702
10087.395333332 81.052189369 30.776456206 1.511042829 0.088608534 0.694011923 0.714036106 0.025464071
10087.428666665 81.053469537 30.807689439 1.508757454 0.086991137 0.693107467 0.715148436 0.024439644
10087.461999999 81.055715521 30.833152745 1.506836791 0.086301595 0.692504409 0.715817197 0.024401177
10087.495333332 81.059536190 30.864354914 1.504933901 0.086394773 0.691895870 0.716359757 0.025391885
10087.528666665 81.062762876 30.893026146 1.503841402 0.087001415 0.691519803 0.716591005 0.026989775
10087.561999999 81.066131725 30.920454839 1.503207636 0.087730344 0.691271982 0.716668829 0.028848280
10087.595333332 81.070402916 30.955399725 1.502917598 0.088126059 0.691009590 0.716784055 0.030986488
10087.628666665 81.073819853 30.987059932 1.502901788 0.087316906 0.690841456 0.716993175 0.032165622
10087.661999999 81.076854850 31.014385127 1.503343461 0.084568179 0.690874223 0.717313381 0.031662989
10087.695333332 81.080738312 31.049109219 1.504286702 0.080389516 0.690932804 0.717784416 0.030576433
10087.728666665 81.084101910 31.080265502 1.505032638 0.077571041 0.690782029 0.718247452 0.030389468
10087.761999999 81.087998799 31.108953331 1.505377925 0.077104791 0.690304877 0.718693689 0.031834081
10087.795333332 81.093135421 31.142912283 1.505319949 0.077581225 0.689574005 0.719235633 0.034189904
10087.828666665 81.096145173 31.168490269 1.504944386 0.078048838 0.689041706 0.719613703 0.035861187
10087.861999999 81.099184848 31.195901424 1.504324190 0.077720702 0.688734536 0.719901777 0.036683284
10087.895333332 81.102565378 31.233103914 1.503721549 0.076306504 0.688656918 0.720122713 0.036772881
10087.928666665 81.103986566 31.257752286 1.503738952 0.074650677 0.688952436 0.720048627 0.036080364
10087.961999999 81.104777064 31.285027797 1.504043069 0.072959918 0.689573752 0.719665716 0.035300820
10087.995333332 81.105794272 31.323358571 1.504482104 0.071659949 0.690494833 0.718927598 0.034997810
10088.028666665 81.106973651 31.353217422 1.504732523 0.072144308 0.691162247 0.718192318 0.035912961
10088.061999999 81.107468785 31.382699458 1.504968278 0.073997038 0.691682877 0.717408300 0.037743433
10088.095333332 81.107897507 31.418584061 1.505270878 0.077030930 0.692143368 0.716498643 0.040416434
10088.128666665 81.107745933 31.450231733 1.505417284 0.079648307 0.692372688 0.715866642 0.042557715
10088.161999999 81.106286425 31.477063805 1.505569141 0.081216601 0.692341571 0.715651686 0.043699847
10088.195333332 81.103516948 31.509981077 1.505568405 0.082271979 0.691988659 0.715837530 0.044267916
10088.228666665 81.101125556 31.542337371 1.505042908 0.082566405 0.691408737 0.716370862 0.044153552
10088.261999999 81.099088143 31.569289483 1.504625967 0.082338872 0.690721729 0.717089057 0.043670226
10088.295333332 81.096862753 31.601740068 1.504321015 0.083179547 0.689519750 0.718131181 0.043946385
10088.328666665 81.095323683 31.631882780 1.503948134 0.085500263 0.688090823 0.719143774 0.045309559
10088.361999999 81.094636113 31.655039468 1.503557203 0.087770650 0.686875577 0.719945094 0.046661721
10088.395333332 81.093778967 31.684964703 1.503204387 0.088928187 0.685402546 0.721184224 0.046994064
10088.428666665 81.092766071 31.716204188 1.502714934 0.088238337 0.684014176 0.722659363 0.045848096
10088.461999999 81.091604066 31.740040131 1.502363841 0.086306678 0.682943683 0.724020822 0.043965132
10088.495333332 81.090934129 31.766922444 1.501974741 0.084207040 0.681712327 0.725546620 0.041947346
10088.528666665 81.091318577 31.791752875 1.501363747 0.083136964 0.680641236 0.726746490 0.040685284
10088.561999999 81.091993323 31.819232317 1.500784603 0.083170247 0.679521233 0.727820206 0.040141653
10088.595333332 81.093570925 31.853498947 1.500074007 0.083605868 0.678339801 0.728893464 0.039742819
10088.628666665 81.095294963 31.878307879 1.499645257 0.083871708 0.677697351 0.729478482 0.039407879
10088.661999999 81.097409585 31.903614546 1.499503608 0.084067068 0.677322427 0.729821000 0.039094326
10088.695333332 81.100526657 31.936378847 1.499400096 0.084265014 0.676992419 0.730126817 0.038671745
10088.728666665 81.103493797 31.964149302 1.499360459 0.084095855 0.676942367 0.730224762 0.038062003
10088.761999999 81.106844561 31.994897562 1.499388576 0.083308547 0.677051379 0.730269605 0.036978641
10088.795333332 81.110929522 32.028298204 1.499636174 0.081480571 0.677272439 0.730364960 0.035071135
10088.828666665 81.114827070 32.060037020 1.499969705 0.079187205 0.677484369 0.730525817 0.032807730
10088.861999999 81.117862267 32.085463780 1.500326784 0.077519308 0.677520555 0.730744720 0.031125703
10088.895333332 81.121971755 32.116892410 1.500468183 0.076458577 0.677334198 0.731088360 0.029703201
10088.928666665 81.125427698 32.146435624 1.500176268 0.076296793 0.676999354 0.731448789 0.028867666
10088.961999999 81.128645981 32.173482822 1.499503807 0.076618393 0.676699192 0.731710493 0.028417952
10088.995333332 81.132284999 32.206436540 1.498454427 0.077134652 0.676562941 0.731800925 0.027932740
10089.028666665 81.134596690 32.234162278 1.497441048 0.077545060 0.676763593 0.731589027 0.027482690
10089.061999999 81.136687950 32.258740486 1.496296707 0.077591464 0.677304054 0.731104228 0.026933082
10089.095333332 81.139189903 32.290810969 1.494779121 0.077229882 0.678409798 0.730146150 0.026120679
10089.128666665 81.141323358 32.320370204 1.493318677 0.076842575 0.679622503 0.729081275 0.025474836
10089.161999999 81.142654681 32.346653006 1.491993355 0.077044056 0.680852439 0.727908800 0.025552861
10089.195333332 81.145041089 32.386957853 1.489978643 0.078313627 0.682747123 0.725962665 0.026486820
10089.228666665 81.146695450 32.421991181 1.488335299 0.080295773 0.684374409 0.724152933 0.028049723
10089.261999999 81.147539494 32.449742615 1.487263840 0.082156561 0.685572190 0.722748273 0.029597384
10089.295333332 81.148845794 32.487474149 1.485814574 0.084472352 0.686939025 0.721100508 0.031515955
10089.328666665 81.149190600 32.527392165 1.484159676 0.086623588 0.688191742 0.719568305 0.033315673
10089.361999999 81.148395686 32.559114006 1.483126840 0.087719475 0.688927401 0.718679918 0.034402108
10089.395333332 81.147543798 32.598180721 1.482255096 0.088155868 0.689688821 0.717856611 0.035210220
10089.428666665 81.146328743 32.631971611 1.481917408 0.087804369 0.690272536 0.717321932 0.035545242
10089.461999999 81.144554083 32.658874528 1.481799843 0.087697961 0.690596239 0.716997365 0.036064951
10089.495333332 81.142438339 32.693964110 1.481516368 0.088437038 0.690633505 0.716793714 0.037563602
10089.528666665 81.140625375 32.731688283 1.480959745 0.089621947 0.690327155 0.716834156 0.039561569
10089.561999999 81.139130596 32.758276151 1.480671301 0.090174058 0.689801008 0.717198195 0.040865109
10089.595333332 81.137951282 32.791103367 1.480230277 0.090103284 0.689001054 0.717914607 0.041923290
10089.628666665 81.137718101 32.823647688 1.479629006 0.089469030 0.688268016 0.718668020 0.042411184
10089.661999999 81.137421396 32.848277323 1.479735827 0.088529366 0.687897761 0.719141945 0.042356640
10089.695333332 81.137785438 32.879675183 1.480678750 0.087131036 0.687791850 0.719437901 0.041948304
10089.728666665 81.139657828 32.908958605 1.481857248 0.085847779 0.687991312 0.719433465 0.041395687
10089.761999999 81.141717443 32.931917179 1.483336669 0.085174542 0.688393779 0.719146096 0.041087642
10089.795333332 81.144384818 32.968276769 1.486080089 0.084773772 0.689118435 0.718498734 0.041094507
10089.828666665 81.147545986 33.000919043 1.488254695 0.084799866 0.689714068 0.717906246 0.041401813
10089.861999999 81.150202427 33.025570101 1.489315840 0.084680177 0.690007091 0.717624137 0.041654294
10089.895333332 81.154163070 33.062804720 1.490456224 0.084088575 0.690288175 0.717406665 0.041940732
10089.928666665 81.157286003 33.092498745 1.491214487 0.083208021 0.690405604 0.717388252 0.042078775
10089.961999999 81.159923467 33.118401415 1.491803038 0.082274283 0.690415531 0.717472394 0.042316675
10089.995333332 81.163591178 33.155885433 1.492422656 0.080898490 0.690265026 0.717745833 0.042784888
10090.028666665 81.165681430 33.183614188 1.492820204 0.079676609 0.690014438 0.718104249 0.043104535
10090.061999999 81.166452189 33.209696944 1.493506991 0.078050597 0.689727447 0.718556231 0.043140428
10090.095333332 81.166774957 33.242567155 1.494267678 0.075575343 0.689306362 0.719240721 0.042870643
10090.128666665 81.166511019 33.270488317 1.494742503 0.073241053 0.688950671 0.719845921 0.042480252
10090.161999999 81.165759414 33.293412965 1.495198479 0.071489498 0.688725565 0.720251074 0.042246169
10090.195333332 81.164303507 33.322656611 1.495737703 0.069549323 0.688634021 0.720541123 0.042030545
10090.228666665 81.162710148 33.354343109 1.496347306 0.067606123 0.688789543 0.720594840 0.041730722
10090.261999999 81.161439517 33.380474304 1.497007932 0.066178430 0.689249803 0.720308741 0.041357483
10090.295333332 81.160125358 33.414068542 1.498092729 0.064853028 0.690114006 0.719621224 0.041012647
10090.328666665 81.159165941 33.445311510 1.499518022 0.064343359 0.691081576 0.718736578 0.041035572
10090.361999999 81.158283302 33.471993107 1.501111876 0.064575486 0.691949683 0.717856881 0.041438392
10090.395333332 81.157179778 33.506561209 1.503565256 0.065752365 0.692991543 0.716682359 0.042494051
10090.428666665 81.156267510 33.542601382 1.506145412 0.067780326 0.693856764 0.715566589 0.043966749
10090.461999999 81.155563498 33.573646684 1.508022399 0.069695516 0.694319510 0.714868284 0.045014330
10090.495333332 81.154364178 33.612701708 1.509992658 0.071223071 0.694755880 0.714270433 0.045379389
10090.528666665 81.152673338 33.646545819 1.511470528 0.071333673 0.695058462 0.714014435 0.044594050
10090.561999999 81.150177014 33.676220064 1.512246427 0.070501835 0.695205407 0.714047887 0.043064467
10090.595333332 81.147952751 33.712824850 1.512634547 0.069852155 0.695093153 0.714315214 0.041472392
10090.628666665 81.146766984 33.749193950 1.512200272 0.071305222 0.694439526 0.714804326 0.041522106
10090.661999999 81.145830715 33.780583260 1.511077236 0.074322391 0.693419071 0.715407613 0.042873304
10090.695333332 81.145776703 33.808372223 1.509375391 0.076953318 0.692324398 0.716123907 0.043950696
10090.728666665 81.146334764 33.843020932 1.506996662 0.078637234 0.691023366 0.717198843 0.043917121
10090.761999999 81.146074030 33.873208471 1.504944000 0.078129634 0.690098763 0.718248208 0.042177821
10090.795333332 81.145572442 33.899774927 1.503257990 0.075848863 0.689728822 0.719026978 0.039003930
10090.828666665 81.145540127 33.933063792 1.501489963 0.072796990 0.689778255 0.719519866 0.034608095
10090.861999999 81.146484688 33.962163540 1.500592573 0.071258151 0.690226881 0.719387996 0.031464921
10090.895333332 81.148098997 33.988197761 1.500322963 0.071870004 0.690984565 0.718664452 0.029940589
10090.928666665 81.151561546 34.026471720 1.500665183 0.074292149 0.692284995 0.717205363 0.028959120
10090.961999999 81.155129070 34.054998300 1.501619533 0.076729941 0.693326075 0.715943283 0.028925528
10090.995333332 81.158418399 34.081831375 1.502357422 0.077876534 0.694265109 0.714923421 0.028560573
10091.028666665 81.163450933 34.126758436 1.503207813 0.078310295 0.695762916 0.713469471 0.027253918
10091.061999999 81.167064853 34.162256860 1.503497492 0.077258129 0.696886157 0.712553623 0.025459775
10091.095333332 81.169925697 34.194382024 1.503530463 0.075514755 0.697792063 0.711922898 0.023442404
10091.128666665 81.173640962 34.235009413 1.503202858 0.072712846 0.698741849 0.711371708 0.020566071
10091.161999999 81.176661139 34.270728838 1.502594655 0.069768582 0.699379049 0.711116399 0.017741404
10091.195333332 81.179101176 34.302891499 1.501938671 0.067156976 0.699665544 0.711142248 0.015322223
10091.228666665 81.182947272 34.344338685 1.500781209 0.064591027 0.699647915 0.711447008 0.012804244
10091.261999999 81.185432473 34.376898803 1.499379059 0.063328640 0.699368426 0.711859872 0.011349477
10091.295333332 81.187220132 34.403588085 1.497624525 0.063236972 0.698869852 0.712367414 0.010709033
10091.328666665 81.190231420 34.443841253 1.494488331 0.063797681 0.697958114 0.713219810 0.010091011
10091.361999999 81.192103543 34.472878500 1.492091425 0.064621911 0.697262752 0.713830018 0.009765699
10091.395333332 81.193606550 34.498046264 1.490126757 0.065033173 0.696793223 0.714259109 0.009155057
10091.428666665 81.195509218 34.534829009 1.487609871 0.065402298 0.696300738 0.714718248 0.008102362
10091.461999999 81.196833270 34.561489130 1.486548401 0.066066470 0.696190189 0.714768767 0.007749318
10091.495333332 81.198580994 34.593114147 1.485809443 0.068059000 0.696214250 0.714551105 0.008390980
10091.528666665 81.200688914 34.633044660 1.485576234 0.071665835 0.696367255 0.714023685 0.010335897
10091.561999999 81.201750065 34.665024187 1.486131099 0.075380614 0.696488263 0.713482351 0.012837361
10091.595333332 81.202563743 34.690951134 1.487032074 0.078766028 0.696479530 0.713077379 0.015258736
10091.628666665 81.203148045 34.725307953 1.488618314 0.082952423 0.696334994 0.712665761 0.018546849
10091.661999999 81.202058841 34.763036442 1.490798624 0.087432742 0.696049301 0.712296778 0.022454114
10091.695333332 81.201494832 34.788457065 1.492460303 0.090337612 0.695710686 0.712171046 0.025261814
10091.728666665 81.199993759 34.821800624 1.494872478 0.093386577 0.695185623 0.712169158 0.028477839
10091.761999999 81.198094341 34.858233986 1.497699230 0.095334461 0.694640032 0.712343973 0.030864729
10091.795333332 81.195739262 34.884688567 1.500137807 0.095399792 0.694193163 0.712748203 0.031380431
10091.828666665 81.192269654 34.916494549 1.503271388 0.094249090 0.693543283 0.713554836 0.030892066
10091.861999999 81.189934502 34.943521113 1.505553192 0.092558540 0.692967179 0.714381231 0.029813794
10091.895333332 81.188510258 34.965333654 1.507072410 0.091633504 0.692360798 0.715109263 0.029301350
10091.928666665 81.187443100 35.001606388 1.509008052 0.091299581 0.691219690 0.716250326 0.029414226
10091.961999999 81.187523922 35.032404105 1.510105784 0.091984928 0.690226185 0.717085699 0.030243797
10091.995333332 81.189273976 35.058580098 1.510237327 0.092727256 0.689506439 0.717651553 0.030964092
10092.028666665 81.189647041 35.093053421 1.510515049 0.093661132 0.688453596 0.718498317 0.031928147
10092.061999999 81.190839994 35.119564916 1.510406176 0.094090370 0.687749583 0.719091410 0.032481659
10092.095333332 81.192059584 35.149875360 1.510142978 0.094505068 0.686948903 0.719767121 0.033245890
10092.128666665 81.194191158 35.184355687 1.509545517 0.094788801 0.685961635 0.720625574 0.034212595
10092.161999999 81.196207145 35.215129119 1.508806727 0.094484633 0.685024115 0.721524987 0.034875640
10092.195333332 81.197250478 35.239378925 1.508202334 0.093333367 0.684196530 0.722461843 0.034826366
10092.228666665 81.198298122 35.269558374 1.507279727 0.090378000 0.683112731 0.723909184 0.033827628
10092.261999999 81.198614681 35.301464497 1.506343778 0.085930864 0.681859551 0.725717144 0.031907146
10092.295333332 81.198238515 35.323546184 1.505366402 0.082107622 0.680750437 0.727271196 0.030228916
10092.328666665 81.198279480 35.350577139 1.503674693 0.078457199 0.679089726 0.729266176 0.029196864
10092.361999999 81.198947999 35.382616630 1.501455632 0.076702462 0.676872972 0.731479649 0.029953881
10092.395333332 81.199717738 35.404217549 1.499938169 0.078083280 0.675266277 0.732717605 0.032301211
10092.428666665 81.200556697 35.430822465 1.498230836 0.081076056 0.673476118 0.733867838 0.035980382
10092.461999999 81.201003543 35.461928958 1.496985204 0.084242071 0.671791669 0.734857492 0.039795642
10092.495333332 81.200555833 35.484759363 1.496682462 0.084252886 0.671055361 0.735476390 0.040750862
10092.528666665 81.199159173 35.513082237 1.496695327 0.081097217 0.670603234 0.736304462 0.039626806
10092.561999999 81.197153861 35.543575110 1.496886775 0.076005395 0.670396732 0.737164676 0.037143541
10092.595333332 81.195918124 35.567083626 1.497313882 0.072635291 0.670245283 0.737714420 0.035676471
10092.628666665 81.195339049 35.598171097 1.498193527 0.070987434 0.669880926 0.738199071 0.035811466
10092.661999999 81.194812926 35.635559105 1.499211261 0.071984710 0.669266125 0.738540965 0.038187688
10092.695333332 81.194475403 35.663167147 1.500135277 0.074790039 0.668641647 0.738657573 0.041349585
10092.728666665 81.193765874 35.698164595 1.501252457 0.078345901 0.667860187 0.738771155 0.045187057
10092.761999999 81.193326838 35.730792124 1.502448240 0.080173839 0.667292553 0.738948473 0.047412645
10092.795333332 81.192397335 35.760006518 1.503526599 0.079753893 0.666996884 0.739240405 0.047729411
10092.828666665 81.191485638 35.797915566 1.505158963 0.078073508 0.666714863 0.739705010 0.047247403
10092.861999999 81.191050218 35.831556932 1.506999596 0.077013355 0.666442509 0.740064485 0.047200467
10092.895333332 81.191450030 35.860527528 1.508514054 0.078310666 0.666069416 0.740161225 0.048788661
10092.928666665 81.193648537 35.897738670 1.510592208 0.081731101 0.665502073 0.740071668 0.052162663
10092.961999999 81.195171410 35.930142066 1.512784804 0.084517604 0.665217455 0.739804751 0.055058541
10092.995333332 81.196203886 35.957461487 1.514781995 0.084867585 0.665469006 0.739464237 0.056045855
10093.028666665 81.197857476 35.993259571 1.517239821 0.083486998 0.666254024 0.738923400 0.055925891
10093.061999999 81.199291629 36.028682714 1.519468983 0.081450110 0.667378935 0.738183272 0.055287369
10093.095333332 81.201182602 36.054703143 1.520250661 0.080460435 0.668267481 0.737507000 0.055028332
10093.128666665 81.204667626 36.087390392 1.520239671 0.080274701 0.669294840 0.736569821 0.055365040
10093.161999999 81.209647503 36.126563402 1.518880155 0.080781444 0.670392776 0.735443629 0.056307664
10093.195333332 81.213481352 36.153767685 1.517024460 0.081083102 0.671031244 0.734778269 0.056951699
10093.228666665 81.219007800 36.188961216 1.513155314 0.080958102 0.671800408 0.734055296 0.057383096
10093.261999999 81.225341089 36.225107711 1.508229178 0.080188805 0.672629535 0.733379414 0.057392499
10093.295333332 81.230141584 36.253142324 1.504174674 0.079024686 0.673355047 0.732868792 0.057021165
10093.328666665 81.235888438 36.287453123 1.499107358 0.077053254 0.674365759 0.732208313 0.056254829
10093.361999999 81.241272685 36.320571202 1.495066408 0.074574166 0.675439912 0.731550550 0.055257690
10093.395333332 81.245604452 36.349512498 1.492435720 0.072208569 0.676424168 0.730949395 0.054306995
10093.428666665 81.250286880 36.384410152 1.489511655 0.069394277 0.677631880 0.730170653 0.053388074
10093.461999999 81.253499718 36.413473997 1.487111914 0.067105881 0.678624042 0.729504256 0.052818082
10093.495333332 81.256617229 36.441054009 1.485727652 0.065600665 0.679344754 0.728977738 0.052713519
10093.528666665 81.260174745 36.475737222 1.483735090 0.064762035 0.680115381 0.728281325 0.053434619
10093.561999999 81.263554387 36.506700021 1.482058712 0.065307510 0.680647935 0.727624022 0.054923591
10093.595333332 81.266158223 36.531391965 1.481004468 0.066224243 0.681091205 0.727022492 0.056279804
10093.628666665 81.268514874 36.560748572 1.479514654 0.066923443 0.681795602 0.726207754 0.057430893
10093.661999999 81.271496872 36.597780994 1.477941526 0.066982514 0.682715990 0.725295007 0.057960091
10093.695333332 81.273191890 36.624804736 1.476813511 0.066581136 0.683372832 0.724715197 0.057934517
10093.728666665 81.275042487 36.656357520 1.475681721 0.066603008 0.683943157 0.724148656 0.058262520
10093.761999999 81.277150933 36.694792958 1.474333417 0.067510301 0.684263546 0.723680324 0.059266739
10093.795333332 81.277847629 36.722323702 1.473784191 0.068750456 0.684173472 0.723551625 0.060440720
10093.828666665 81.278329643 36.754801852 1.473377953 0.070372783 0.683773693 0.723643227 0.061981359
10093.861999999 81.278026863 36.781922021 1.472926991 0.071596331 0.683070845 0.724070068 0.063330257
10093.895333332 81.277412771 36.811780456 1.472403890 0.073090868 0.681999311 0.724787693 0.064942009
10093.928666665 81.276010716 36.839664510 1.472625377 0.075248011 0.680581199 0.725685909 0.067282472
10093.961999999 81.274673769 36.870463551 1.473652365 0.077851261 0.678893667 0.726727110 0.070073376
10093.995333332 81.272727852 36.894279208 1.475331701 0.078969811 0.677760561 0.727520024 0.071547222
10094.028666665 81.269050628 36.923921623 1.478123053 0.079475264 0.676578897 0.728440825 0.072791777
10094.061999999 81.266275713 36.951078621 1.481215936 0.079412635 0.675742836 0.729155766 0.073465103
10094.095333332 81.264714884 36.975838176 1.484117984 0.079245904 0.675190693 0.729631427 0.073997264
10094.128666665 81.263700473 37.008732577 1.487465122 0.079866770 0.674396189 0.730156188 0.075385815
10094.161999999 81.262432962 37.036938171 1.489669019 0.081489754 0.673433463 0.730656273 0.077383471
10094.195333332 81.261430993 37.060520816 1.490254274 0.082373327 0.672573261 0.731226020 0.078538851
10094.228666665 81.260112769 37.090526646 1.489827588 0.081794983 0.671645037 0.732130537 0.078660044
10094.261999999 81.257504559 37.120589866 1.488591821 0.079481874 0.670897891 0.733194191 0.077491489
10094.295333332 81.255631669 37.147601473 1.486918248 0.077170832 0.670404680 0.734027104 0.076199992
10094.328666665 81.254687432 37.175277114 1.485398307 0.076501521 0.669897386 0.734555047 0.076248885
10094.361999999 81.253904562 37.207537818 1.483876407 0.078308756 0.669256549 0.734744453 0.078192066
10094.395333332 81.254253415 37.237331378 1.483150747 0.081614410 0.668707078 0.734573084 0.081069825
10094.428666665 81.254991698 37.266458096 1.483237025 0.084179931 0.668393748 0.734334482 0.083164928
10094.461999999 81.254805727 37.301691044 1.483641501 0.084466860 0.668523594 0.734153404 0.083428610
10094.495333332 81.253582007 37.335703860 1.484106412 0.080938358 0.669327734 0.734145905 0.080493203
10094.528666665 81.252028147 37.371095697 1.484607171 0.075532650 0.670436199 0.734213163 0.075770397
10094.561999999 81.251363665 37.401076338 1.484703359 0.072025998 0.671179210 0.734251112 0.072152814
10094.595333332 81.250324926 37.432934507 1.484024737 0.070776389 0.671597568 0.734210153 0.069877477
10094.628666665 81.250158954 37.469197146 1.483103660 0.072171041 0.671712787 0.734035129 0.069178767
10094.661999999 81.250543859 37.503006506 1.482515132 0.075024035 0.671680986 0.733741745 0.069563625
10094.695333332 81.250226487 37.528949561 1.481934844 0.077255558 0.671797228 0.733380339 0.069809322
10094.728666665 81.248094053 37.564325537 1.481593966 0.078825655 0.672347878 0.732781249 0.069039761
10094.761999999 81.244788280 37.599733194 1.481645581 0.077967986 0.673367027 0.732156177 0.066672135
10094.795333332 81.241198343 37.628088632 1.482109671 0.076036745 0.674479393 0.731567182 0.064073549
10094.828666665 81.236440910 37.665790480 1.482764270 0.074155031 0.675927280 0.730649961 0.061432711
10094.861999999 81.231592765 37.708409077 1.483714022 0.074912746 0.677218190 0.729425358 0.060846121
10094.895333332 81.227971987 37.745098768 1.484487919 0.078668900 0.677864994 0.728259233 0.062839029
10094.928666665 81.224923952 37.774055306 1.485021500 0.082991802 0.678022833 0.727398790 0.065485870
10094.961999999 81.220740554 37.810673434 1.485261994 0.088045807 0.677907705 0.726642878 0.068404723
10094.995333332 81.214858111 37.853281521 1.485434834 0.091803100 0.677602168 0.726285200 0.070265930
10095.028666665 81.209401052 37.881665266 1.485354068 0.091728715 0.677398419 0.726553041 0.069555040
10095.061999999 81.201036852 37.918141804 1.485258871 0.089328191 0.677258244 0.727232003 0.066898118
10095.095333332 81.194123367 37.952008062 1.485560355 0.087177287 0.677217741 0.727760441 0.064350542
10095.128666665 81.189081119 37.979542508 1.485877537 0.087476289 0.677051751 0.727939815 0.063658866
10095.161999999 81.183185114 38.015011330 1.486070259 0.089631069 0.676724962 0.727941028 0.064120641
10095.195333332 81.178501702 38.049812131 1.486345117 0.092100372 0.676371669 0.727889634 0.064927408
10095.228666665 81.175485906 38.077109188 1.486391745 0.093625086 0.676184342 0.727841537 0.065236307
10095.261999999 81.171937634 38.112370696 1.485890618 0.094740917 0.676174059 0.727742507 0.064835522
10095.295333332 81.169127110 38.148739152 1.485257864 0.094937059 0.676513653 0.727525390 0.063427435
10095.328666665 81.167212246 38.176260501 1.484655867 0.094159384 0.677088312 0.727268734 0.061364613
10095.361999999 81.165722083 38.213262798 1.483644224 0.092188040 0.678080102 0.726877789 0.057943246
10095.395333332 81.164746136 38.243886431 1.483018737 0.090271611 0.678949789 0.726532719 0.055031152
10095.428666665 81.164633020 38.266705560 1.482584326 0.089673392 0.679441538 0.726226908 0.053966255
10095.461999999 81.165592435 38.304499605 1.481971331 0.090185834 0.680029483 0.725627777 0.053765656
10095.495333332 81.167268909 38.342811084 1.481856472 0.091981057 0.680424789 0.724928924 0.055132998
10095.528666665 81.168402473 38.369110036 1.482293061 0.093365143 0.680684169 0.724404661 0.056479201
10095.561999999 81.169138993 38.401969969 1.483278753 0.093744374 0.681082280 0.723914470 0.057330275
10095.595333332 81.169654160 38.439207220 1.484943368 0.092093823 0.681649332 0.723614428 0.057053280
10095.628666665 81.169935333 38.461869988 1.485829445 0.090094782 0.681900865 0.723699275 0.056156031
10095.661999999 81.170227890 38.497806030 1.486956609 0.087031018 0.682149366 0.723946116 0.054771026
10095.695333332 81.170963582 38.532932059 1.487838303 0.085593900 0.682022038 0.724257959 0.054498009
10095.728666665 81.171902875 38.558214254 1.488069220 0.085741702 0.681722665 0.724486713 0.054968818
10095.761999999 81.172753660 38.590684854 1.487824782 0.085943895 0.681420456 0.724715124 0.055387712
10095.795333332 81.173808661 38.620111085 1.487693250 0.085737449 0.681294262 0.724868282 0.055255695
10095.828666665 81.174925343 38.644209664 1.487393688 0.085357637 0.681397731 0.724846754 0.054848778
10095.861999999 81.176257120 38.674812319 1.486531668 0.084890879 0.681755243 0.724610495 0.054249033
10095.895333332 81.178109299 38.705489875 1.485808404 0.084782153 0.682249258 0.724187126 0.053860409
10095.928666665 81.180242700 38.736229934 1.485015843 0.085172531 0.682808588 0.723613842 0.053861675
10095.961999999 81.182241562 38.768152792 1.484639118 0.085662460 0.683492160 0.722895390 0.054061677
10095.995333332 81.184318203 38.804454880 1.484837576 0.086481136 0.684303219 0.721988679 0.054611947
10096.028666665 81.186026297 38.831682064 1.485599767 0.087842378 0.684828317 0.721244695 0.055677488
10096.061999999 81.188593785 38.868024852 1.487006534 0.090845319 0.685282943 0.720260881 0.057954111
10096.095333332 81.191026756 38.900432908 1.488067432 0.094890559 0.685255948 0.719523318 0.060879088
10096.128666665 81.192938159 38.923373819 1.488605596 0.098116949 0.684916388 0.719227855 0.063038863
10096.161999999 81.195867640 38.964621359 1.489173735 0.102501255 0.684082892 0.719158207 0.065844984
10096.195333332 81.197913328 38.998978263 1.489912587 0.104178101 0.683249901 0.719631307 0.066687921
10096.228666665 81.199804545 39.023310024 1.490669155 0.104893362 0.682519617 0.720193966 0.066970194
10096.261999999 81.202477508 39.055531236 1.491996749 0.105657686 0.681468302 0.721064166 0.067110918
10096.295333332 81.205532916 39.090292572 1.493187892 0.105793387 0.680423623 0.722080524 0.066567022
10096.328666665 81.207799823 39.114813595 1.493806069 0.105164506 0.679748500 0.722898952 0.065570641
10096.361999999 81.211020567 39.144464409 1.493575946 0.104142632 0.678961386 0.723911431 0.064171561
10096.395333332 81.215265630 39.181938179 1.492711477 0.102906438 0.677896725 0.725224667 0.062573777
10096.428666665 81.217758947 39.203066980 1.491759192 0.102416122 0.677331943 0.725880203 0.061889479
10096.461999999 81.222871729 39.241185122 1.489809678 0.101320137 0.676566774 0.726849643 0.060673113
10096.495333332 81.227409898 39.272394683 1.487566023 0.099771418 0.676209418 0.727500765 0.059406426
10096.528666665 81.231856104 39.299714809 1.485152583 0.098264438 0.676037509 0.727948515 0.058381041
10096.561999999 81.238464046 39.335917719 1.481641427 0.096687796 0.675901109 0.728341350 0.057689159
10096.595333332 81.245808025 39.368704154 1.478423115 0.096013000 0.675838185 0.728474578 0.057870891
10096.628666665 81.251796562 39.395445029 1.475723487 0.096017210 0.675875866 0.728383535 0.058565652
10096.661999999 81.259352863 39.426873359 1.472795801 0.095794482 0.676027260 0.728213492 0.059293095
10096.695333332 81.267669648 39.461819470 1.469996181 0.094240743 0.676475453 0.728012326 0.059141332
10096.728666665 81.272573910 39.486722428 1.468792790 0.092074767 0.676986867 0.727895541 0.058130032
10096.761999999 81.278248542 39.518325460 1.467635941 0.088491458 0.677876131 0.727671633 0.056099967
10096.795333332 81.284694531 39.554740370 1.467434245 0.084442902 0.678881094 0.727396324 0.053707021
10096.828666665 81.289113935 39.580022433 1.467876918 0.082172907 0.679547399 0.727126794 0.052436356
10096.861999999 81.294804867 39.609605421 1.468595371 0.080431382 0.680295231 0.726687236 0.051525264
10096.895333332 81.300110834 39.642000729 1.468848992 0.079823490 0.680917627 0.726185259 0.051326065
10096.928666665 81.305186328 39.674071620 1.469156921 0.079692637 0.681568038 0.725594469 0.051251927
10096.961999999 81.309450251 39.706330652 1.469803161 0.079043739 0.682473569 0.724863215 0.050549334
10096.995333332 81.312297228 39.740892719 1.471328491 0.077590488 0.683770135 0.723912285 0.048878651
10097.028666665 81.315083979 39.766717725 1.472375368 0.076530834 0.684880268 0.723071610 0.047428862
10097.061999999 81.318880725 39.799975147 1.473983877 0.076461834 0.686260780 0.721834644 0.046416338
10097.095333332 81.323112792 39.835740490 1.475649829 0.078565453 0.687501892 0.720396926 0.046870958
10097.128666665 81.326194232 39.861778508 1.476647140 0.080843313 0.688138082 0.719471924 0.047859052
10097.161999999 81.329522075 39.893879901 1.477585888 0.083366750 0.688647211 0.718620277 0.048988792
10097.195333332 81.334048687 39.937498505 1.478396971 0.086132579 0.688978062 0.717913894 0.049900401
10097.228666665 81.336260947 39.964529802 1.478376799 0.087525325 0.688909414 0.717790824 0.050194318
10097.261999999 81.338522305 40.001805626 1.477833920 0.089457064 0.688572304 0.717843271 0.050662162
10097.295333332 81.341023955 40.038430038 1.476583287 0.092035704 0.687937953 0.718046786 0.051764999
10097.328666665 81.343467018 40.065460591 1.475829786 0.095042558 0.687282400 0.718154783 0.053511896
10097.361999999 81.346707200 40.099501043 1.474740683 0.100406915 0.686266072 0.718128370 0.056999782
10097.395333332 81.349651906 40.135822854 1.473899507 0.107159829 0.684916675 0.718075009 0.061434525
10097.428666665 81.352336832 40.162686502 1.473581161 0.110092848 0.684078866 0.718273345 0.063238222
10097.461999999 81.355303865 40.199615338 1.472977392 0.110990154 0.683229562 0.718919934 0.063503387
10097.495333332 81.358575956 40.233841386 1.472470094 0.109764080 0.682406561 0.719987828 0.062375155
10097.528666665 81.362093138 40.265975242 1.471788535 0.108795132 0.681529408 0.721029134 0.061630130
10097.561999999 81.366347496 40.298790879 1.470701285 0.110238671 0.680405233 0.721765439 0.062855428
10097.595333332 81.372527535 40.337286948 1.469393258 0.114320560 0.679009414 0.722153730 0.066113654
10097.628666665 81.376881636 40.363309101 1.468593602 0.116875010 0.678240976 0.722278046 0.068145681
10097.661999999 81.382019308 40.396521849 1.468014653 0.117469565 0.677752556 0.722583197 0.068745167
10097.695333332 81.388020205 40.436527403 1.467671339 0.114223852 0.677750559 0.723304823 0.066612501
10097.728666665 81.392690549 40.463808349 1.467494601 0.110388658 0.677991441 0.723913582 0.063961523
10097.761999999 81.399610320 40.499909884 1.467769797 0.105904852 0.678241136 0.724616002 0.060866858
10097.795333332 81.405898771 40.530386546 1.468686041 0.103546071 0.678264183 0.725068102 0.059263453
10097.828666665 81.412319380 40.561364020 1.469592309 0.101557322 0.678166085 0.725539711 0.058043079
10097.861999999 81.419882679 40.595390138 1.470596672 0.099224368 0.677835355 0.726292615 0.056504815
10097.895333332 81.426933489 40.627339215 1.471193673 0.096147085 0.677428529 0.727247886 0.054376823
10097.928666665 81.431245201 40.650670905 1.470925278 0.093619968 0.677093801 0.728019437 0.052602147
10097.961999999 81.437867212 40.685503736 1.470284756 0.090268381 0.676463508 0.729190591 0.050297350
10097.995333332 81.444045655 40.717571209 1.469384328 0.088418464 0.675795263 0.730122433 0.049032340
10098.028666665 81.448624560 40.741036854 1.468713912 0.088486248 0.675271921 0.730596960 0.049052002
10098.061999999 81.454764993 40.772984731 1.467982862 0.090341894 0.674597302 0.730919664 0.050132485
10098.095333332 81.460281488 40.805085582 1.467339310 0.092754057 0.674067446 0.731020882 0.051363722
10098.128666665 81.464154725 40.828912816 1.466809479 0.093472554 0.673930708 0.731053173 0.051395923
10098.161999999 81.467900465 40.858272127 1.466332117 0.092635327 0.674067157 0.731116764 0.050204000
10098.195333332 81.472734152 40.897684866 1.466094599 0.089958365 0.674580087 0.731159861 0.047481111
10098.228666665 81.476118273 40.924720107 1.466026606 0.088851168 0.674962508 0.731021138 0.046251257
10098.261999999 81.480737108 40.961919117 1.466453006 0.089346473 0.675402107 0.730553984 0.046260992
10098.295333332 81.485677227 40.996797200 1.467231043 0.092364597 0.675602538 0.729867054 0.048208666
10098.328666665 81.489583802 41.026629926 1.467787793 0.096142118 0.675681338 0.729123832 0.050890669
10098.361999999 81.493962670 41.065111419 1.468183019 0.100552068 0.675784289 0.728201239 0.054109448
10098.395333332 81.497122581 41.098330396 1.468471867 0.102950713 0.675962289 0.727558569 0.055988067
10098.428666665 81.499926116 41.136978457 1.468997303 0.104567694 0.676324384 0.726871973 0.057515744
10098.461999999 81.502708502 41.174748058 1.469919684 0.105780973 0.676851972 0.726077138 0.059108238
10098.495333332 81.505988483 41.205743781 1.470679457 0.108376843 0.677106782 0.725238511 0.061724933
10098.528666665 81.510068662 41.242179558 1.471450420 0.113439170 0.677084761 0.724077784 0.066326045
10098.561999999 81.514198208 41.280641462 1.471793909 0.118473281 0.676920775 0.722975602 0.071053672
10098.595333332 81.517112957 41.312676381 1.471511344 0.120485025 0.676846908 0.722488337 0.073295470
10098.628666665 81.520297635 41.350362746 1.470553886 0.119995367 0.677012208 0.722371202 0.073725362
10098.661999999 81.523271293 41.388334385 1.469241995 0.117246841 0.677453130 0.722524893 0.072582468
10098.695333332 81.526333706 41.424682459 1.468108486 0.114739066 0.678052847 0.722462901 0.071600566
10098.728666665 81.528971921 41.453095438 1.467476426 0.114456352 0.678473469 0.722069291 0.072037726
10098.761999999 81.533833136 41.492349111 1.467061564 0.116302282 0.679051445 0.721004901 0.074262019
10098.795333332 81.538807679 41.529803458 1.466695511 0.118609112 0.679699196 0.719758754 0.076734723
10098.828666665 81.543408432 41.558009260 1.466472436 0.119578475 0.680389328 0.718806427 0.078029935
10098.861999999 81.548613126 41.590897788 1.466303375 0.119572648 0.681397171 0.717776878 0.078718673
10098.895333332 81.554354548 41.635917058 1.466340210 0.117765765 0.683056715 0.716551221 0.078224655
10098.928666665 81.558698509 41.668947048 1.467224675 0.115019139 0.684414308 0.715863093 0.076731256
10098.961999999 81.563602894 41.710413222 1.468751805 0.110431068 0.686141895 0.715214888 0.074040145
10098.995333332 81.567804983 41.744823626 1.470179664 0.106456737 0.687184768 0.715055518 0.071691448
10099.028666665 81.572670646 41.793360015 1.471264476 0.100942400 0.688257983 0.715136284 0.068495815
10099.061999999 81.575328133 41.820851838 1.471163471 0.098671311 0.688515589 0.715313700 0.067354039
10099.095333332 81.580564149 41.857064649 1.470764954 0.097873010 0.688322673 0.715602562 0.067422145
10099.128666665 81.585294834 41.894911537 1.469512406 0.099159599 0.687729390 0.715847002 0.068983553
10099.161999999 81.588998292 41.915343473 1.468728743 0.100283934 0.687364872 0.715939874 0.070019720
10099.195333332 81.595863741 41.957791882 1.466914854 0.102534971 0.686677444 0.716098662 0.071856621
10099.228666665 81.600377886 41.989633317 1.466101756 0.103139424 0.686450896 0.716207614 0.072069970
10099.261999999 81.602599085 42.009965562 1.465997060 0.102862506 0.686455090 0.716297362 0.071531844
10099.295333332 81.606620064 42.049645447 1.466339781 0.101798999 0.686537216 0.716522083 0.069997998
10099.328666665 81.611059355 42.084625404 1.467008480 0.100867710 0.686504446 0.716830579 0.068492866
10099.361999999 81.613485504 42.112136950 1.466905806 0.100422863 0.686353147 0.717128218 0.067540546
10099.395333332 81.617637891 42.150409247 1.466396042 0.100555355 0.685934975 0.717572347 0.066871192
10099.428666665 81.620941575 42.187970083 1.465411501 0.101627458 0.685411504 0.717919310 0.066893895
10099.461999999 81.623698679 42.216429514 1.464825119 0.103453917 0.684896384 0.718081721 0.067623017
10099.495333332 81.628037509 42.252967634 1.464005656 0.107136852 0.684093840 0.718139263 0.069378040
10099.528666665 81.631347803 42.288660695 1.463199681 0.111381583 0.683266115 0.718057700 0.071656818
10099.561999999 81.634334391 42.316675268 1.462598504 0.114573042 0.682566197 0.718029545 0.073552550
10099.595333332 81.639486093 42.351797446 1.461719115 0.118201055 0.681549615 0.718183879 0.075700393
10099.628666665 81.644608207 42.391920562 1.461327021 0.121046209 0.680361938 0.718654067 0.077406592
10099.661999999 81.647365715 42.420071348 1.461216800 0.121878495 0.679653079 0.719143324 0.077783055
10099.695333332 81.651071609 42.458449121 1.461421194 0.122172031 0.678824015 0.719885258 0.077699207
10099.728666665 81.655114066 42.496511341 1.461598217 0.122243523 0.678128602 0.720556404 0.077437646
10099.761999999 81.658029647 42.524788729 1.462014476 0.122600637 0.677671887 0.720910259 0.077577674
10099.795333332 81.662472461 42.564348800 1.462300320 0.123738203 0.677181634 0.721102774 0.078260343
10099.828666665 81.666931042 42.601947902 1.462479343 0.125178530 0.676828437 0.721089604 0.079141552
10099.861999999 81.669760946 42.625160565 1.462439628 0.125814221 0.676712387 0.721048144 0.079502837
10099.895333332 81.676080351 42.672023750 1.461926170 0.126211736 0.676710057 0.720978251 0.079526467
10099.928666665 81.682197922 42.712737494 1.460637977 0.126064803 0.676827158 0.720928843 0.079210267
10099.961999999 81.686733264 42.743171523 1.459037128 0.126285303 0.676962844 0.720759628 0.079239437
10099.995333332 81.693589036 42.785385161 1.456948284 0.127090191 0.677205333 0.720344094 0.079658064
10100.028666665 81.699570621 42.825061165 1.455102378 0.127535776 0.677538432 0.719936506 0.079798033
10100.061999999 81.702713879 42.849199306 1.454273028 0.126709815 0.677971924 0.719732596 0.079269684
10100.095333332 81.709162841 42.900037282 1.454220243 0.123209276 0.679031185 0.719597482 0.076912855
10100.128666665 81.713503146 42.942530410 1.454709207 0.118724373 0.680021050 0.719749661 0.073731407
10100.161999999 81.716024462 42.973932882 1.455331650 0.115140357 0.680786082 0.719865685 0.071178683
10100.195333332 81.719772236 43.018680584 1.455883089 0.111878802 0.681486723 0.719950274 0.068779233
10100.228666665 81.723818963 43.061725446 1.455506682 0.110882235 0.681646558 0.720028299 0.067987858
10100.261999999 81.727025582 43.083648937 1.454630469 0.111186425 0.681596117 0.720015191 0.068135432
10100.295333332 81.733182534 43.132608472 1.452679923 0.112456286 0.681401800 0.719938365 0.068803505
10100.328666665 81.735337996 43.165124951 1.451000859 0.112626560 0.681453155 0.719868568 0.068746633
10100.361999999 81.737633505 43.196219706 1.449735526 0.111632646 0.681905939 0.719699667 0.067637503
10100.395333332 81.739426887 43.236079357 1.448533351 0.109126549 0.682813653 0.719437305 0.065321330
10100.428666665 81.742216376 43.287120908 1.447558424 0.106552455 0.684096657 0.718823502 0.062857861
10100.461999999 81.742509960 43.305882417 1.446945188 0.106247270 0.684639534 0.718377311 0.062564089
10100.495333332 81.743873003 43.350504588 1.446818900 0.107226159 0.685594614 0.717260433 0.063245932
10100.528666665 81.746590418 43.399633503 1.447857633 0.110139845 0.686227932 0.716019056 0.065399928
10100.561999999 81.747433285 43.422393431 1.447944158 0.112158568 0.686350998 0.715441505 0.066979223
10100.595333332 81.750390807 43.479324702 1.449377631 0.117185621 0.686436492 0.714184404 0.070803321
10100.628666665 81.751217494 43.521006588 1.450240863 0.120567287 0.686370038 0.713393373 0.073685783
10100.661999999 81.752701098 43.552523314 1.451215005 0.123063808 0.686239084 0.712848587 0.076013883
10100.695333332 81.754339175 43.596248035 1.453503606 0.126365124 0.685979630 0.712155368 0.079363308
10100.728666665 81.755014110 43.633487114 1.456603070 0.128536293 0.685712774 0.711734081 0.081920761
10100.761999999 81.756654420 43.674854591 1.460967642 0.130480135 0.685347895 0.711399544 0.084757811
10100.795333332 81.757881601 43.720074124 1.465699073 0.130944396 0.684870339 0.711525666 0.086818259
10100.828666665 81.758862599 43.764339736 1.469049786 0.129604852 0.684473395 0.712049641 0.087658783
10100.861999999 81.759120919 43.793682666 1.471190167 0.128471162 0.684119596 0.712528782 0.088194520
10100.895333332 81.759776357 43.826441443 1.473146239 0.127762359 0.683650925 0.712974986 0.089246076
10100.928666665 81.761127000 43.875907728 1.474827480 0.127352874 0.682837602 0.713571033 0.091271215
10100.961999999 81.761900650 43.905941619 1.475082368 0.126817483 0.682328143 0.714015208 0.092346711
10100.995333332 81.763543581 43.948445391 1.474193029 0.125469239 0.681626131 0.714821141 0.093134443
10101.028666665 81.765422468 43.991822807 1.470840144 0.123207663 0.680971529 0.715855689 0.092996135
10101.061999999 81.766891780 44.026103414 1.467144432 0.120671840 0.680657256 0.716709066 0.092044130
10101.095333332 81.769086203 44.072245041 1.462834752 0.115279715 0.680600410 0.718028139 0.089046402
10101.128666665 81.770359362 44.115076877 1.459688138 0.108208333 0.681107684 0.719192261 0.084532663
10101.161999999 81.771729036 44.145783010 1.458267894 0.103169351 0.681676028 0.719803143 0.080977238
10101.195333332 81.773537499 44.188455656 1.457114335 0.098038475 0.682509059 0.720171341 0.076961553
10101.228666665 81.775887995 44.228605591 1.456768307 0.096387598 0.683148967 0.719996122 0.074983361
10101.261999999 81.777619707 44.259197243 1.456718049 0.097167947 0.683422975 0.719662254 0.074683785
10101.295333332 81.780679684 44.300830111 1.456454265 0.099269815 0.683569692 0.719233787 0.074704352
10101.328666665 81.783544332 44.339568238 1.455836953 0.100011918 0.683711909 0.719107237 0.073623521
10101.361999999 81.785201754 44.367552408 1.455230193 0.099192336 0.683974725 0.719162231 0.071729648
10101.395333332 81.786889493 44.407271274 1.454292336 0.097259062 0.684530340 0.719233876 0.068275322
10101.428666665 81.788539604 44.448245345 1.453465410 0.095944941 0.685095515 0.719160753 0.065165289
10101.461999999 81.789021513 44.477663946 1.452996049 0.096199527 0.685409580 0.718942492 0.063883114
10101.495333332 81.789967800 44.518617540 1.452534572 0.098565054 0.685665006 0.718397835 0.063663025
10101.528666665 81.790893003 44.560336971 1.453085901 0.102706310 0.685685780 0.717679953 0.064976230
10101.561999999 81.791278277 44.590035449 1.453903858 0.106066398 0.685592019 0.717167715 0.066211560
10101.595333332 81.791266034 44.632452677 1.455439097 0.110266141 0.685265774 0.716718541 0.067577588
10101.628666665 81.790061751 44.665849515 1.456571543 0.112286772 0.684875339 0.716760070 0.067767635
10101.661999999 81.788844406 44.705409369 1.457666106 0.113265784 0.684341333 0.717180918 0.067077068
10101.695333332 81.787142899 44.747635680 1.458554839 0.113911095 0.683498356 0.717950949 0.066337722
10101.728666665 81.785479819 44.787903934 1.459446829 0.116042625 0.682194614 0.718786500 0.067011828
10101.761999999 81.784797041 44.815869108 1.460003485 0.118257905 0.681046089 0.719410626 0.068114926
10101.795333332 81.783347995 44.856570468 1.461159524 0.121383123 0.679288103 0.720377821 0.069925707
10101.828666665 81.781949557 44.889046723 1.462147515 0.123145464 0.677982200 0.721199220 0.071042356
10101.861999999 81.780728596 44.926221410 1.463968213 0.123919010 0.676610916 0.722306114 0.071523601
10101.895333332 81.777494371 44.964935889 1.466597913 0.123061151 0.675656693 0.723389961 0.071070038
10101.928666665 81.776009267 45.009447484 1.469721849 0.121791851 0.675124584 0.724181996 0.070242275
10101.961999999 81.774717374 45.037912654 1.472239152 0.121163595 0.675019227 0.724416859 0.069918808
10101.995333332 81.774094620 45.080483647 1.475700310 0.121384304 0.675004694 0.724363984 0.070223452
10102.028666665 81.774556353 45.123894054 1.478425789 0.123201029 0.675030707 0.723886367 0.071718742
10102.061999999 81.775019214 45.155066922 1.479892138 0.125020478 0.675019168 0.723438732 0.073180624
10102.095333332 81.775470563 45.198599555 1.481289756 0.126970416 0.675087032 0.722873462 0.074766104
10102.128666665 81.775904542 45.235983119 1.481848512 0.127391675 0.675260594 0.722595008 0.075172778
10102.161999999 81.775533395 45.278175542 1.482719948 0.125971990 0.675559981 0.722650258 0.074339588
10102.195333332 81.774451750 45.324758261 1.483615604 0.121904714 0.676037932 0.723159947 0.071774962
10102.228666665 81.772706496 45.370856456 1.484332411 0.116141258 0.676525931 0.723985662 0.068327411
10102.261999998 81.771103293 45.404339712 1.484089001 0.111604464 0.676860611 0.724628419 0.065710049
10102.295333332 81.767465184 45.453349180 1.483841305 0.105575145 0.677300405 0.725400100 0.062551936
10102.328666665 81.764511748 45.497911402 1.483304351 0.103084362 0.677418591 0.725695224 0.062000882
10102.361999998 81.762552848 45.532302427 1.482369580 0.103832845 0.677036930 0.725809370 0.063564887
10102.395333332 81.759149410 45.574740198 1.480153815 0.105924703 0.676348149 0.725876134 0.066610643
10102.428666665 81.754468263 45.619197385 1.477701119 0.106158258 0.675971826 0.726036577 0.068289117
10102.461999998 81.750430057 45.649438678 1.476658158 0.104459708 0.676113525 0.726177140 0.068010523
10102.495333332 81.743173053 45.693340103 1.475700753 0.099235417 0.676901676 0.726395325 0.065622284
10102.528666665 81.736100770 45.734910967 1.475793564 0.093302474 0.678038084 0.726382144 0.062673644
10102.561999998 81.730099054 45.768773796 1.476095801 0.089285003 0.679015043 0.726122425 0.060934261
10102.595333332 81.721868897 45.812851884 1.476827410 0.086033100 0.680063002 0.725585611 0.060317000
10102.628666665 81.713906885 45.858941098 1.477552550 0.085132695 0.680840319 0.724851597 0.061636400
10102.661999998 81.708472213 45.889896606 1.477742239 0.085584590 0.681216215 0.724296284 0.063361186
10102.695333332 81.700244532 45.935153705 1.477954401 0.087077151 0.681595296 0.723500631 0.066274115
10102.728666665 81.691419317 45.979318714 1.477971775 0.088633283 0.681840227 0.722826742 0.068989466
10102.761999998 81.684588044 46.009506345 1.477748355 0.089218405 0.682038273 0.722438870 0.070327449
10102.795333332 81.675113048 46.054493526 1.477504921 0.088903062 0.682265905 0.722202239 0.070946506
10102.828666665 81.668633488 46.095417093 1.476894873 0.087997791 0.682281183 0.722312862 0.070801876
10102.861999998 81.661370345 46.133932529 1.476379385 0.086665322 0.682156802 0.722646841 0.070233631
10102.895333332 81.655783952 46.170727393 1.475592603 0.085064750 0.681942301 0.723121810 0.069379648
10102.928666665 81.647716766 46.219661101 1.475483753 0.083187785 0.681546977 0.723802661 0.068434047
10102.961999998 81.641578550 46.257172456 1.475084997 0.082678162 0.681151263 0.724257069 0.068183396
10102.995333332 81.635396701 46.302206501 1.474782240 0.083191753 0.680899533 0.724396000 0.068595874
10103.028666665 81.629680450 46.344785347 1.475041191 0.084782022 0.680977401 0.724054166 0.069479156
10103.061999998 81.626019097 46.372785219 1.475122469 0.086177089 0.681270880 0.723546851 0.070167318
10103.095333332 81.621546412 46.415726171 1.475026958 0.087532576 0.682003760 0.722660409 0.070504283
10103.128666665 81.617440433 46.454291286 1.474119620 0.087989742 0.682929438 0.721770216 0.070092393
10103.161999998 81.613926827 46.487160598 1.473134890 0.088225788 0.683705297 0.721044220 0.069703014
10103.195333332 81.609954875 46.529869981 1.471385438 0.089117731 0.684555907 0.720124536 0.069727277
10103.228666665 81.607189314 46.564190191 1.469676378 0.090322042 0.685152871 0.719368416 0.070118138
10103.261999998 81.603452858 46.601967551 1.467757691 0.091512439 0.685746430 0.718627543 0.070368754
10103.295333332 81.598848936 46.645792015 1.466127208 0.091840808 0.686427671 0.718009143 0.069607393
10103.328666665 81.595028280 46.676781324 1.465707890 0.090926123 0.686922264 0.717792451 0.068148670
10103.361999998 81.589042339 46.722882513 1.465599240 0.088333310 0.687594103 0.717765261 0.064996973
10103.395333332 81.582962498 46.760962059 1.466280339 0.084873774 0.688302274 0.717853160 0.061018539
10103.428666665 81.576426152 46.801628086 1.467386871 0.082745031 0.688831829 0.717891647 0.057406930
10103.461999998 81.571537620 46.834259586 1.468045927 0.084469973 0.688719116 0.717889389 0.056263919
10103.495333332 81.567694946 46.863366609 1.468081397 0.086440299 0.688448358 0.717938851 0.055953005
10103.528666665 81.562960245 46.897942092 1.467771325 0.088330975 0.688069210 0.718168850 0.054698293
10103.561999998 81.557666962 46.928136356 1.467613881 0.088385990 0.687871110 0.718511187 0.052563559
10103.595333332 81.550554493 46.959553755 1.467531658 0.086324432 0.687836286 0.719087431 0.048400443
10103.628666665 81.541340593 46.987676689 1.467496061 0.082864617 0.687829935 0.719841017 0.043038905
10103.661999998 81.531319193 47.017240002 1.466902140 0.079843583 0.687765789 0.720520245 0.038128702
10103.695333332 81.524233495 47.045257197 1.466028790 0.078638799 0.687628143 0.720921956 0.035426113
10103.728666665 81.514764877 47.081926697 1.464624617 0.078949438 0.687356502 0.721247967 0.033307596
10103.761999998 81.502622363 47.104518276 1.464061610 0.080731768 0.687001752 0.721423747 0.032538449
10103.795333332 81.495357124 47.132188526 1.463867415 0.082390319 0.686733267 0.721496152 0.032443157
10103.828666665 81.488615916 47.167713282 1.462887179 0.084010722 0.686479084 0.721563727 0.032162927
10103.861999998 81.473866403 47.214093948 1.464290207 0.085736329 0.685785050 0.722049048 0.031516970
10103.895333332 81.464931150 47.243211715 1.464825611 0.086010607 0.685337467 0.722475060 0.030733037
10103.928666665 81.452244687 47.276807735 1.465364273 0.085944482 0.684568440 0.723266296 0.029418728
10103.961999998 81.439129615 47.312992021 1.465765315 0.086370737 0.683460823 0.724293383 0.028644277
10103.995333332 81.430038450 47.339560862 1.466029557 0.086702768 0.682550961 0.725123673 0.028327997
10104.028666665 81.420622480 47.362864104 1.466180041 0.086907531 0.681518172 0.726083435 0.027980495
10104.061999998 81.408059570 47.396963647 1.466811401 0.086826654 0.680135457 0.727414054 0.027307257
10104.095333332 81.396591280 47.427656116 1.467122810 0.086074547 0.679005868 0.728604365 0.026036189
10104.128666665 81.385431057 47.449635675 1.468029148 0.084632984 0.678327600 0.729470027 0.024133064
10104.161999998 81.370695063 47.489353648 1.468354352 0.081771085 0.678035650 0.730175568 0.020610358
10104.195333332 81.360770433 47.516464039 1.468465493 0.079073215 0.678159828 0.730435387 0.017630077
10104.228666665 81.350063021 47.540350549 1.468909021 0.075226508 0.678504736 0.730601396 0.013924620
10104.261999998 81.331625439 47.583700288 1.468866979 0.067362074 0.679427554 0.730610548 0.006984067
10104.295333332 81.323664578 47.604551060 1.468909003 0.064016387 0.679826911 0.730561366 0.004166897
10104.328666665 81.305923422 47.649234631 1.468928678 0.057673483 0.680713606 0.730275356 -0.000812697
10104.361999998 81.289791131 47.679677809 1.470273563 0.053006492 0.681333139 0.730040399 -0.004059782
10104.395333332 81.278597561 47.708876116 1.470746556 0.049662012 0.681771844 0.729849340 -0.006385776
10104.428666665 81.262403343 47.747535622 1.472057207 0.043692634 0.682439210 0.729557210 -0.010674983
10104.461999998 81.244277986 47.787791107 1.473750878 0.035209794 0.683210160 0.729169017 -0.017224769
10104.495333332 81.230897830 47.817799903 1.474830084 0.027998995 0.683737026 0.728829439 -0.022964829
10104.528666665 81.213756212 47.854536320 1.476014584 0.018604304 0.684212571 0.728396864 -0.030741598
10104.561999998 81.192162970 47.901507465 1.476243989 0.008242827 0.684408802 0.727967265 -0.039753100
10104.595333332 81.178958685 47.929958917 1.475457587 0.002636928 0.684243714 0.727851288 -0.045123049
10104.628666665 81.161725645 47.966804818 1.473171623 -0.003078971 0.683834282 0.727831596 -0.051209017
10104.661999998 81.141644660 48.010554777 1.469999435 -0.008924758 0.683342475 0.727714463 -0.058267230
10104.695333332 81.127599164 48.037974855 1.467494607 -0.012486439 0.683089927 0.727495060 -0.063112426
10104.728666665 81.112845582 48.068335271 1.465640776 -0.016550802 0.682956421 0.727031568 -0.068714604
10104.761999998 81.087307526 48.114180626 1.462655125 -0.023903423 0.682923950 0.725846406 -0.078679734
10104.795333332 81.072234973 48.141112631 1.461705516 -0.028187387 0.682981047 0.724982351 -0.084515984
10104.828666665 81.050304886 48.180582003 1.460468280 -0.033698675 0.683268095 0.723522745 -0.092325226
10104.861999998 81.028524487 48.220965506 1.461002651 -0.037897411 0.683816747 0.721904925 -0.099054132
10104.895333332 81.012202829 48.248277897 1.460939154 -0.039913282 0.684397330 0.720668212 -0.103172437
10104.928666665 80.988815197 48.284211234 1.462028407 -0.041737449 0.685228552 0.719062215 -0.108024754
10104.961999998 80.964616650 48.316104981 1.463444034 -0.043072121 0.685781129 0.717754511 -0.112594395
10104.995333332 80.947452661 48.342521960 1.463236726 -0.043720964 0.686030264 0.717028766 -0.115415353
10105.028666665 80.924183509 48.375529190 1.463400933 -0.044138537 0.686159464 0.716354089 -0.118633040
10105.061999998 80.900910436 48.404582491 1.464787141 -0.043395176 0.686052676 0.716116173 -0.120938874
10105.095333332 80.884228822 48.428452995 1.464342369 -0.043020416 0.685870297 0.716018958 -0.122670416
10105.128666665 80.860324677 48.459963481 1.464192229 -0.044879499 0.685058019 0.715955220 -0.126844252
10105.161999998 80.835418822 48.488171752 1.464548495 -0.049522100 0.683677674 0.715834915 -0.133089349
10105.195333332 80.817584378 48.511216532 1.463606627 -0.053752789 0.682513276 0.715675028 -0.138186539
10105.228666665 80.798376251 48.534461075 1.462753026 -0.057748436 0.681412984 0.715441847 -0.143123820
10105.261999998 80.770735960 48.572161573 1.460885384 -0.061567187 0.680492105 0.714844038 -0.148788366
10105.295333332 80.752158704 48.593279896 1.460902456 -0.063089953 0.680326624 0.714268998 -0.151641486
10105.328666665 80.728511914 48.617837370 1.461476112 -0.065711049 0.680376501 0.713134354 -0.155593276
10105.361999998 80.707882340 48.638600251 1.462899013 -0.069234000 0.680422213 0.711860542 -0.159645968
10105.395333332 80.685929501 48.666365975 1.462540753 -0.074355122 0.680421453 0.710159513 -0.164837580
10105.428666665 80.659942620 48.695808823 1.463023907 -0.080483957 0.680411432 0.708103032 -0.170741654
10105.461999998 80.631902833 48.721816410 1.464514037 -0.086080319 0.680503065 0.706048587 -0.176071436
10105.495333332 80.612985519 48.744584589 1.464383045 -0.089933706 0.680625650 0.704554411 -0.179621088
10105.528666665 80.592225746 48.765201233 1.465608547 -0.094491562 0.680512525 0.702981108 -0.183824944
10105.561999998 80.558206146 48.797372163 1.467684484 -0.105027476 0.679327843 0.700182876 -0.192942610
10105.595333332 80.536524538 48.819087503 1.467974628 -0.113605021 0.677819242 0.698246670 -0.200266228
10105.628666665 80.509292538 48.842893556 1.468257481 -0.125318782 0.675215531 0.695815865 -0.210284263
10105.661999998 80.474904499 48.875436991 1.466156193 -0.140201826 0.671348285 0.692721077 -0.223097374
10105.695333332 80.452522627 48.893967949 1.464865664 -0.148166522 0.668973289 0.691055379 -0.230138833
10105.728666665 80.428704855 48.911907793 1.463686177 -0.154474105 0.666888749 0.689715580 -0.235986368
10105.761999998 80.392106388 48.937405554 1.460668742 -0.162994925 0.663971062 0.687797138 -0.243947085
10105.795333332 80.369170530 48.947479728 1.460124212 -0.168600832 0.662219790 0.686287883 -0.249093660
10105.828666665 80.336576373 48.950982062 1.461429158 -0.177251033 0.659834235 0.683530299 -0.256879705
10105.861999998 80.303361895 48.955481092 1.461048831 -0.187536005 0.657151398 0.679912352 -0.265897501
10105.895333332 80.285192766 48.960545841 1.460455927 -0.193906810 0.655487214 0.677549887 -0.271408937
10105.928666665 80.244511804 48.967953627 1.459714940 -0.208857989 0.651319232 0.671785041 -0.284370283
10105.961999998 80.206141615 48.974930268 1.459239198 -0.222266600 0.647355840 0.666217820 -0.296111112
10105.995333332 80.181032207 48.959057901 1.460375637 -0.230218597 0.644974900 0.662609426 -0.303241694
10106.028666665 80.149404695 48.940523731 1.460166560 -0.238420007 0.642671134 0.658370958 -0.310929888
10106.061999998 80.111033577 48.946634347 1.459885151 -0.246285387 0.640607397 0.653753935 -0.318702782
10106.095333332 80.084494601 48.932055346 1.459887035 -0.251806562 0.639012215 0.650385479 -0.324431153
10106.128666665 80.051111020 48.915311339 1.459315901 -0.259161945 0.636505619 0.645924524 -0.332381096
10106.161999998 80.023546236 48.875140723 1.460007997 -0.266487308 0.633616758 0.641666415 -0.340262443
10106.195333332 79.991957085 48.873315848 1.459693674 -0.274516652 0.630222905 0.636991769 -0.348856969
10106.228666665 79.959110409 48.853354745 1.459961407 -0.283077479 0.626242181 0.631882284 -0.358347110
10106.261999998 79.928613727 48.826634916 1.460452199 -0.290248500 0.622537533 0.627331729 -0.366957396
10106.295333332 79.904503797 48.824661881 1.460128246 -0.294610419 0.619980024 0.624487091 -0.372619570
10106.328666665 79.877331682 48.813301723 1.459541907 -0.299437427 0.616718009 0.621420682 -0.379252502
10106.361999998 79.841168924 48.799019612 1.460038199 -0.307293245 0.611049616 0.616924978 -0.389349201
10106.395333332 79.816999730 48.796425978 1.459167946 -0.313510972 0.606578482 0.613500346 -0.396725020
10106.428666665 79.788642794 48.792753290 1.460783454 -0.321382500 0.601014241 0.609126395 -0.405536935
10106.461999998 79.754604200 48.788925294 1.462455853 -0.331243238 0.594315366 0.603319607 -0.416019969
10106.495333332 79.730522437 48.787965655 1.464352892 -0.337673994 0.590103684 0.599229678 -0.422702861
10106.528666665 79.701036700 48.789924527 1.467840388 -0.344919109 0.585673095 0.594337423 -0.429861445
10106.561999998 79.669941167 48.795400256 1.472370454 -0.352322822 0.581435012 0.589074725 -0.436798494
10106.595333332 79.640626733 48.793100560 1.474094922 -0.359862893 0.577384337 0.583710338 -0.443179722
10106.628666665 79.609312409 48.799784889 1.479353647 -0.368037862 0.572820067 0.578029914 -0.449785195
10106.661999998 79.573526871 48.804513862 1.484066296 -0.377628566 0.567401712 0.571235803 -0.457320042
10106.695333332 79.542140702 48.801597638 1.485895367 -0.386180719 0.562525128 0.564981211 -0.463924739
10106.728666665 79.510316060 48.804343597 1.489164029 -0.394464402 0.557492737 0.558773887 -0.470501251
10106.761999998 79.475865111 48.814070836 1.494245552 -0.403944278 0.551179116 0.551765546 -0.478106040
10106.795333332 79.442396977 48.808713144 1.495100714 -0.414984682 0.543226152 0.543570328 -0.487056834
10106.828666665 79.407307157 48.797783727 1.494210142 -0.427831160 0.533319377 0.533820024 -0.497561175
10106.861999998 79.379089154 48.791176125 1.494043361 0.437713751 -0.525435546 -0.526042900 0.505571979
10106.895333332 79.347919495 48.781489972 1.492822464 0.447888970 -0.517076677 -0.517552753 0.513971135
10106.928666665 79.314391279 48.768992424 1.490395016 0.457434771 -0.509183689 -0.508968152 0.521954808
10106.961999998 79.288192575 48.760410746 1.489314149 0.464610793 -0.503288769 -0.502125724 0.527927063
10106.995333332 79.259341750 48.747461839 1.488180909 0.472862675 -0.496824139 -0.493805238 0.534530685
10107.028666665 79.228093561 48.732226600 1.487823549 0.482167488 -0.489753819 -0.483924671 0.541731135
10107.061999998 79.197304148 48.718232001 1.488213983 0.491325885 -0.482796467 -0.473737532 0.548706841
10107.095333332 79.174447447 48.704381218 1.488386851 0.497751087 -0.477912955 -0.466289532 0.553549578
10107.128666665 79.144601478 48.684846764 1.487893262 0.505534591 -0.471876431 -0.456829509 0.559530348
10107.161999998 79.112350901 48.664393766 1.488127726 0.512823068 -0.466012501 -0.447474118 0.565342165
10107.195333332 79.089131488 48.648737376 1.487547042 0.517455519 -0.462293191 -0.441100682 0.569170431
10107.228666665 79.059755531 48.625969180 1.485713230 0.522346834 -0.458491606 -0.433698008 0.573450320
10107.261999998 79.029973017 48.602621625 1.483656923 0.526399440 -0.455445160 -0.426769875 0.577356744
10107.295333332 79.008481169 48.585026666 1.482693620 0.528886866 -0.453438940 -0.422035339 0.580136176
10107.328666665 78.981388661 48.561390393 1.481307809 0.532040082 -0.450370139 -0.415896929 0.584063210
10107.361999998 78.951845184 48.537847282 1.479933629 0.535347588 -0.446266650 -0.409346289 0.588799332
10107.395333332 78.932148177 48.519867870 1.478875891 0.537411718 -0.443132544 -0.404897693 0.592351291
10107.428666665 78.907729432 48.496751449 1.477458160 0.539468894 -0.439304557 -0.399715830 0.596835047
10107.461999998 78.885351397 48.473704654 1.475868572 0.540891379 -0.435849328 -0.395231630 0.601052275
10107.495333332 78.866629957 48.454177376 1.474642962 0.542106979 -0.432616376 -0.391378811 0.604802216
10107.528666665 78.843441140 48.429930573 1.473924932 0.544442959 -0.427151382 -0.385714725 0.610203008
10107.561999998 78.822668759 48.407594974 1.474260696 0.547241386 -0.421468907 -0.380062511 0.615177465
10107.595333332 78.803656884 48.386639265 1.474035772 0.550064771 -0.415842426 -0.374418048 0.619931408
10107.628666665 78.780264939 48.362863530 1.474846452 0.553131594 -0.410313128 -0.368264762 0.624555556
10107.661999998 78.758231960 48.339838425 1.476213069 0.556099572 -0.405537832 -0.362560167 0.628364908
10107.695333332 78.732486358 48.312123887 1.477950878 0.560062923 -0.399703107 -0.355653672 0.632516730
10107.728666665 78.713526086 48.292031722 1.479548527 0.563132896 -0.395329016 -0.350723662 0.635286725
10107.761999998 78.692694063 48.269209953 1.481851723 0.566632056 -0.390492480 -0.345546373 0.637997994
10107.795333332 78.663219921 48.237876587 1.484269303 0.570894788 -0.384922919 -0.339595993 0.640771449
10107.828666665 78.642919864 48.217467754 1.486037558 0.573147768 -0.382174154 -0.336623540 0.641972853
10107.861999998 78.616421816 48.190534348 1.488056520 0.575642889 -0.379260245 -0.333582597 0.643054882
10107.895333332 78.589621994 48.161648068 1.491622748 0.578597142 -0.375371954 -0.329967719 0.644548329
10107.928666665 78.570512702 48.140312798 1.492811696 0.581292410 -0.371506952 -0.326479110 0.646137067
10107.961999998 78.545331601 48.111427430 1.494927543 0.585794434 -0.364841721 -0.320293082 0.648958968
10107.995333332 78.518717872 48.080088355 1.497207128 0.591563685 -0.356434525 -0.312041938 0.652408357
10108.028666665 78.499961769 48.056642832 1.499072635 0.595727679 -0.350522822 -0.305807243 0.654770352
10108.061999998 78.475952956 48.026946882 1.501712249 0.599880537 -0.345295249 -0.299359434 0.656733173
10108.095333332 78.450121692 47.995906156 1.504237770 0.602920853 -0.341981338 -0.294478436 0.657888790
10108.128666665 78.430836115 47.972167459 1.505968018 0.604692388 -0.340103434 -0.291572508 0.658530366
10108.161999998 78.409449705 47.945826118 1.507159555 0.606627919 -0.337695402 -0.288256924 0.659448504
10108.195333332 78.383692000 47.910989493 1.508031444 0.609459256 -0.333674281 -0.283398090 0.660988965
10108.228666665 78.366976734 47.886839824 1.507846959 0.611691980 -0.330215240 -0.279508564 0.662318488
10108.261999998 78.346997006 47.855696610 1.507445084 0.614794982 -0.325013311 -0.274015764 0.664310800
10108.295333332 78.326359883 47.822125488 1.506480192 0.617872428 -0.319519551 -0.268477359 0.666378892
10108.328666665 78.310469586 47.796998715 1.505115250 0.619628384 -0.316232812 -0.265130474 0.667655081
10108.361999998 78.288993317 47.765319534 1.503036944 0.620973462 -0.313801823 -0.262436670 0.668616011
10108.395333332 78.267633170 47.732985887 1.501669044 0.621356165 -0.313508034 -0.261579024 0.668734359
10108.428666665 78.255380015 47.713914990 1.500966554 0.621179312 -0.314263651 -0.261847740 0.668438764
10108.461999998 78.233774405 47.680583539 1.499805157 0.620374050 -0.316580775 -0.262930228 0.667667841
10108.495333332 78.212739015 47.647634662 1.498525489 0.619766713 -0.317970121 -0.263369128 0.667398626
10108.528666665 78.199186363 47.625134727 1.497648403 0.619594305 -0.317960682 -0.263092514 0.667672248
10108.561999998 78.181391611 47.594737640 1.496509906 0.619782868 -0.316167619 -0.261771855 0.668866750
10108.595333332 78.162605123 47.562780154 1.495489480 0.619797145 -0.313610680 -0.260300435 0.670629200
10108.628666665 78.148958606 47.540194992 1.494057612 0.619573145 -0.311716499 -0.259484437 0.672034054
10108.661999998 78.134748227 47.517020192 1.492486708 0.619083843 -0.310161845 -0.259026756 0.673379511
10108.695333332 78.115804238 47.486846643 1.490784136 0.618257651 -0.308898030 -0.258922133 0.674758337
10108.728666665 78.098629943 47.460489883 1.489559024 0.617303006 -0.308598338 -0.259190475 0.675665866
10108.761999998 78.080162711 47.432583223 1.489707008 0.616889870 -0.308014945 -0.258784352 0.676464590
10108.795333332 78.062013603 47.403643647 1.490201972 0.617715767 -0.305427928 -0.256644297 0.677698102
10108.828666665 78.052263861 47.387298051 1.490317410 0.618542690 -0.303342446 -0.254933239 0.678525862
10108.861999998 78.033000186 47.356209057 1.491137952 0.620354245 -0.299310957 -0.251710500 0.679864241
10108.895333332 78.014267014 47.327267552 1.491423528 0.621735815 -0.296452869 -0.249498458 0.680669370
10108.928666665 77.995754225 47.301037574 1.491058910 0.622625069 -0.295080843 -0.248586431 0.680786388
10108.961999998 77.974612162 47.272545439 1.491245271 0.623155309 -0.294549090 -0.248505688 0.680560958
10108.995333332 77.953071967 47.242756106 1.491455464 0.624118077 -0.292795177 -0.247595430 0.680767297
10109.028666665 77.936326234 47.219223541 1.491912886 0.625559742 -0.289687348 -0.245541218 0.681517248
10109.061999998 77.916718455 47.189306515 1.492476193 0.628306085 -0.283527981 -0.241012317 0.683195734
10109.095333332 77.897271141 47.158185848 1.492597462 0.631537604 -0.276181011 -0.235319767 0.685207203
10109.128666665 77.883484718 47.135135362 1.491842933 0.633748044 -0.271222218 -0.231372788 0.686490027
10109.161999998 77.865170765 47.107311482 1.491237236 0.635818601 -0.266750163 -0.227653337 0.687570371
10109.195333332 77.846814414 47.082651234 1.491187019 0.637028768 -0.264552509 -0.225651144 0.687959214
10109.228666665 77.829353544 47.056289937 1.490468343 0.637818620 -0.263956847 -0.224542858 0.687818796
10109.261999998 77.811373805 47.028978295 1.490831546 0.638774761 -0.263537003 -0.223308879 0.687494144
10109.295333332 77.790496077 46.995615680 1.491327855 0.640583334 -0.261970605 -0.220566819 0.687295186
10109.328666665 77.777559518 46.972834898 1.491400898 0.642264852 -0.260036069 -0.217788002 0.687346702
10109.361999998 77.760283508 46.941819242 1.492099640 0.644925310 -0.256863645 -0.213350613 0.687440128
10109.395333332 77.742125243 46.908204195 1.493155214 0.647412520 -0.254758216 -0.209518937 0.687064113
10109.428666665 77.728881320 46.884369397 1.494021286 0.648875197 -0.254332471 -0.207483691 0.686459387
10109.461999998 77.712186523 46.855013046 1.496282871 0.650054319 -0.255161122 -0.206136098 0.685441531
10109.495333332 77.690959691 46.817779408 1.498999460 0.650894920 -0.257454371 -0.205323849 0.684028631
10109.528666665 77.676884954 46.792447755 1.500151087 0.651305248 -0.259138675 -0.204838935 0.683146860
10109.561999998 77.660238054 46.763612820 1.501326032 0.651746558 -0.260562428 -0.203851806 0.682479367
10109.595333332 77.641086578 46.729179484 1.502175323 0.652109908 -0.262175154 -0.202632729 0.681877433
10109.628666665 77.628218319 46.705416655 1.502681889 0.652274713 -0.263008504 -0.201625241 0.681697504
10109.661999998 77.614528270 46.683021101 1.502596836 0.652529061 -0.263017852 -0.200136444 0.681889169
10109.695333332 77.594665085 46.646790806 1.502968087 0.652945368 -0.261555750 -0.197097569 0.682937395
10109.728666665 77.581211476 46.621208250 1.503494496 0.653270981 -0.259782447 -0.194492349 0.684048852
10109.761999998 77.567139637 46.594440331 1.503814207 0.653724448 -0.257309682 -0.191271470 0.685456999
10109.795333332 77.549947074 46.561211232 1.504519750 0.654211744 -0.254612047 -0.187498828 0.687039947
10109.828666665 77.537203077 46.537162502 1.505556729 0.654500678 -0.253424662 -0.185179591 0.687832336
10109.861999998 77.524873050 46.514562607 1.506643231 0.654513496 -0.253532444 -0.183785974 0.688154124
10109.895333332 77.503560753 46.478381004 1.508537748 0.654261450 -0.254789339 -0.182574143 0.688252156
10109.928666665 77.489285279 46.453851636 1.509137393 0.654145837 -0.255281737 -0.181510523 0.688460884
10109.961999998 77.475341589 46.430070981 1.509115158 0.654169487 -0.254682112 -0.179846904 0.689096796
10109.995333332 77.455884072 46.395486930 1.508012167 0.654305981 -0.252331400 -0.176677591 0.690650112
10110.028666665 77.441621497 46.369397898 1.506869096 0.654431678 -0.249742296 -0.173922000 0.692169850
10110.061999998 77.425741132 46.339200276 1.506055696 0.654561855 -0.245543517 -0.170099813 0.694494934
10110.095333332 77.410258897 46.307225499 1.504173265 0.654774839 -0.239833709 -0.165639216 0.697361708
10110.128666665 77.399198080 46.283173193 1.502528574 0.655043228 -0.234615973 -0.161863198 0.699767118
10110.161999998 77.388051408 46.256723625 1.500720103 0.655423493 -0.228484605 -0.157578595 0.702412853
10110.195333332 77.373828678 46.221661244 1.499277549 0.655674208 -0.222049523 -0.152996944 0.705249798
10110.228666665 77.364041212 46.197186833 1.498480123 0.655570920 -0.218809522 -0.150581911 0.706876404
10110.261999998 77.353784702 46.172089161 1.498344686 0.655458770 -0.216340086 -0.148490892 0.708181631
10110.295333332 77.340043862 46.134441081 1.498273237 0.656023151 -0.210840248 -0.143545782 0.710334163
10110.328666665 77.332525466 46.108370725 1.498245986 0.656948605 -0.205623141 -0.138771258 0.711955190
10110.361999998 77.325572641 46.083430814 1.498963214 0.658255754 -0.199801294 -0.133339748 0.713441881
10110.395333332 77.318172221 46.046399491 1.500936456 0.660761950 -0.190217492 -0.124238078 0.715385107
10110.428666665 77.312317556 46.017329366 1.502852848 0.662686477 -0.183299084 -0.117551058 0.716540179
10110.461999998 77.305269458 45.986410425 1.504977387 0.664458508 -0.177405203 -0.111660259 0.717324384
10110.495333332 77.298266449 45.953567469 1.506977335 0.666212249 -0.172329132 -0.106177651 0.717767522
10110.528666665 77.291791998 45.922251624 1.508540028 0.667781383 -0.168521464 -0.101505032 0.717889455
10110.561999998 77.284472906 45.886829828 1.509778361 0.669370699 -0.165284380 -0.096721222 0.717822364
10110.595333332 77.278511088 45.850084088 1.510627232 0.670779231 -0.162271053 -0.091877114 0.717831404
10110.628666665 77.274605984 45.829055230 1.510831387 0.671545092 -0.160538895 -0.088919411 0.717877282
10110.661999998 77.267812653 45.792226774 1.510586936 0.672638502 -0.156993225 -0.083104896 0.718334288
10110.695333332 77.262808899 45.754373342 1.510167414 0.673548357 -0.152812612 -0.076934195 0.719070265
10110.728666665 77.259094760 45.728261138 1.509610902 0.673995220 -0.149906592 -0.072731210 0.719700374
10110.761999998 77.254456586 45.697802012 1.509004748 0.674184101 -0.146878128 -0.068337122 0.720577998
10110.795333332 77.249444902 45.668696427 1.508777444 0.674203967 -0.143980702 -0.064568878 0.721491114
10110.828666665 77.245063352 45.640635366 1.507842701 0.674074534 -0.140865517 -0.060906695 0.722544672
10110.861999998 77.240748982 45.612720021 1.506768077 0.673869982 -0.137742514 -0.057385800 0.723624984
10110.895333332 77.234931570 45.576941750 1.505682886 0.673662411 -0.133696605 -0.052936138 0.724915126
10110.928666665 77.231263845 45.552110575 1.504965299 0.673654559 -0.130624317 -0.049668974 0.725713315
10110.961999998 77.226836768 45.521260335 1.505141126 0.673992414 -0.126792922 -0.045600799 0.726345887
10110.995333332 77.221750676 45.488745315 1.504997523 0.674618914 -0.123098093 -0.041569189 0.726641716
10111.028666665 77.217812477 45.464542063 1.504552554 0.675250330 -0.120721822 -0.038931139 0.726600028
10111.061999998 77.213211627 45.438675273 1.504440710 0.676034652 -0.118798199 -0.036764891 0.726300544
10111.095333332 77.205616607 45.400354953 1.504121712 0.677379543 -0.116291301 -0.034211069 0.725577626
10111.128666665 77.199549956 45.371073875 1.504291635 0.678470879 -0.114296431 -0.032516151 0.724952614
10111.161999998 77.192490483 45.337621303 1.504622268 0.679812879 -0.111541094 -0.030615326 0.724206970
10111.195333332 77.185288533 45.302910836 1.505168349 0.681174783 -0.108269456 -0.028632018 0.723504560
10111.228666665 77.179323173 45.272783990 1.505849595 0.682257506 -0.105266235 -0.027018710 0.722989422
10111.261999998 77.173562399 45.243982779 1.506312944 0.683265049 -0.102248948 -0.025527746 0.722524988
10111.295333332 77.165772389 45.203024450 1.507255111 0.684697675 -0.097422334 -0.023199312 0.721913966
10111.328666665 77.160304919 45.172876250 1.508515554 0.685807165 -0.093502668 -0.021284819 0.721437966
10111.361999998 77.155497442 45.146446519 1.509888879 0.686855403 -0.090100863 -0.019729358 0.720917639
10111.395333332 77.148757480 45.108357120 1.511672044 0.688122705 -0.086519799 -0.018757690 0.720173324
10111.428666665 77.143111157 45.077959500 1.512501275 0.688949214 -0.084588630 -0.018806287 0.719611053
10111.461999998 77.136974142 45.045027171 1.512726426 0.689670760 -0.083591824 -0.019688009 0.719012540
10111.495333332 77.130907420 45.010602359 1.512627892 0.690302599 -0.083164187 -0.020949580 0.718419901
10111.528666665 77.126572860 44.984280061 1.512639592 0.690781892 -0.082796149 -0.021695526 0.717979442
10111.561999998 77.122521442 44.956683481 1.512810913 0.691316116 -0.081839125 -0.021848380 0.717570229
10111.595333332 77.118124858 44.923140692 1.513185635 0.691965532 -0.079775321 -0.021146479 0.717197621
10111.628666665 77.115276330 44.898518099 1.513188416 0.692453558 -0.077851619 -0.020188016 0.716965578
10111.661999998 77.111215125 44.861645116 1.513168536 0.693088912 -0.075314305 -0.018936859 0.716656760
10111.695333332 77.106365885 44.823967398 1.513721055 0.693566298 -0.074488998 -0.019076141 0.716277376
10111.728666665 77.102539774 44.797790671 1.514180802 0.693802989 -0.075448219 -0.020289818 0.715914312
10111.761999998 77.096653134 44.766836238 1.514896196 0.693923983 -0.078537447 -0.023073076 0.715380324
10111.795333332 77.090864375 44.735465982 1.515578278 0.693860393 -0.082028337 -0.026131722 0.714944921
10111.828666665 77.085721843 44.709035800 1.516166166 0.693644207 -0.084581617 -0.028395221 0.714770856
10111.861999998 77.079790502 44.679182720 1.516813858 0.693150093 -0.086412026 -0.030188365 0.714957742
10111.895333332 77.074585970 44.652358438 1.517057209 0.692546753 -0.087065074 -0.031146483 0.715421948
10111.928666665 77.068881738 44.623947424 1.517422706 0.691692353 -0.087464384 -0.031854875 0.716168232
10111.961999998 77.062824052 44.596654573 1.518101516 0.690746571 -0.088534727 -0.032985424 0.716897997
10111.995333332 77.053710505 44.563134509 1.519385586 0.689441701 -0.091683385 -0.035483638 0.717638634
10112.028666665 77.042739338 44.530146297 1.520938092 0.688196616 -0.096000631 -0.038540804 0.718111345
10112.061999998 77.036112019 44.512087651 1.521762820 0.687573960 -0.098572999 -0.040231738 0.718266538
10112.095333332 77.024573665 44.482996094 1.523014726 0.686724541 -0.101920370 -0.042167574 0.718500897
10112.128666665 77.010171516 44.448491265 1.523631620 0.686019778 -0.103748569 -0.043044100 0.718860420
10112.161999998 77.000436983 44.424589695 1.523256575 0.685657552 -0.103990483 -0.042987327 0.719174382
10112.195333332 76.992521616 44.402682697 1.522040208 0.685287077 -0.104191998 -0.043165259 0.719487602
10112.228666665 76.978154294 44.368068363 1.519378392 0.684483222 -0.106854894 -0.045616484 0.719710974
10112.261999998 76.966155717 44.342975239 1.517127454 0.683724849 -0.110582178 -0.048919851 0.719651833
10112.295333332 76.951773758 44.316665181 1.515145192 0.682758830 -0.115989789 -0.053659484 0.719379878
10112.328666665 76.933264177 44.284079511 1.513698075 0.681656966 -0.121851433 -0.058908906 0.719045026
10112.361999998 76.918772534 44.259075156 1.513173883 0.680947810 -0.125112312 -0.062046271 0.718893072
10112.395333332 76.901613172 44.229920430 1.513399974 0.680288080 -0.127109158 -0.064479981 0.718953213
10112.428666665 76.887025435 44.206523147 1.513924638 0.679736199 -0.128515857 -0.066545056 0.719036946
10112.461999998 76.873366182 44.185986733 1.514823814 0.679049899 -0.130921363 -0.069483573 0.718973480
10112.495333332 76.853556719 44.160023712 1.515856464 0.677501179 -0.137845544 -0.076448787 0.718433255
10112.528666665 76.834337104 44.137336036 1.516533317 0.675812231 -0.145656360 -0.083831477 0.717658928
10112.561999998 76.815562451 44.116474651 1.517223904 0.674030900 -0.153896547 -0.091471813 0.716680617
10112.595333332 76.796106062 44.095287418 1.518004973 0.672505236 -0.160934501 -0.098089661 0.715692121
10112.628666665 76.776339969 44.074319973 1.518267920 0.671312816 -0.166267216 -0.103456391 0.714836409
10112.661999998 76.761974161 44.057823142 1.518435383 0.670695458 -0.169210486 -0.106839867 0.714227314
10112.695333332 76.748992850 44.043492739 1.518033226 0.670132685 -0.172183015 -0.110524269 0.713484114
10112.728666665 76.729502976 44.021870657 1.517341807 0.668856266 -0.178740732 -0.117809570 0.711901644
10112.761999998 76.713332076 44.004607992 1.516848355 0.667392493 -0.185976756 -0.125262581 0.710147303
10112.795333332 76.694167399 43.987655549 1.516786807 0.665140395 -0.196270239 -0.135511013 0.707603712
10112.828666665 76.676705115 43.971353427 1.516883867 0.662823236 -0.206064516 -0.145287214 0.705049217
10112.861999998 76.657804848 43.953795853 1.517405315 0.660098750 -0.216255847 -0.155584810 0.702350636
10112.895333332 76.636731821 43.934099490 1.518322758 0.656846021 -0.226806343 -0.166599191 0.699540490
10112.928666665 76.616215448 43.914801002 1.519399206 0.653271797 -0.236867658 -0.177399227 0.696892521
10112.961999998 76.603205571 43.903716587 1.520229294 0.650715846 -0.243549640 -0.184614352 0.695104310
10112.995333332 76.586063824 43.892004149 1.520863847 0.647105324 -0.252405705 -0.194035671 0.692745421
10113.028666665 76.561367883 43.875048154 1.520991432 0.641144585 -0.266260049 -0.208242456 0.688966099
10113.061999998 76.547216769 43.865869576 1.520556200 0.637446492 -0.274477287 -0.216540611 0.686610772
10113.095333332 76.525962617 43.852427253 1.518770168 0.631726536 -0.286162332 -0.228397913 0.683276736
10113.128666665 76.507184837 43.841704286 1.516878593 0.626667975 -0.295689523 -0.238353607 0.680472272
10113.161999998 76.488138499 43.831527080 1.514671537 0.621784719 -0.304392189 -0.247739472 0.677756824
10113.195333332 76.466216995 43.822173649 1.512985327 0.616169195 -0.314555276 -0.258498651 0.674217287
10113.228666665 76.442206693 43.811722957 1.512674304 0.610294040 -0.325720075 -0.269981892 0.669744277
10113.261999998 76.423352148 43.803208528 1.513080473 0.605699464 -0.334739714 -0.278989099 0.665764648
10113.295333332 76.400454662 43.793444080 1.513665559 0.600380963 -0.345306161 -0.289200986 0.660809461
10113.328666665 76.374062303 43.781940536 1.513947547 0.594465681 -0.356784645 -0.300196321 0.655131621
10113.361999998 76.353374851 43.773065877 1.513654438 0.589848294 -0.365331222 -0.308487025 0.650728702
10113.395333332 76.327717352 43.761393223 1.512479729 0.584871701 -0.373980305 -0.317326165 0.646040192
10113.428666665 76.300257531 43.748947280 1.510903257 0.579808858 -0.382239874 -0.326243655 0.641310724
10113.461999998 76.278949909 43.739677146 1.509672869 0.575797978 -0.388471423 -0.333124958 0.637631872
10113.495333332 76.258312716 43.730253947 1.508438983 0.571817708 -0.394456259 -0.339779009 0.634018134
10113.528666665 76.227886334 43.716952320 1.506846635 0.565772270 -0.403157554 -0.349433161 0.628698808
10113.561999998 76.204325101 43.706794789 1.505871956 0.561199034 -0.409494012 -0.356532164 0.624704022
10113.595333332 76.180257002 43.692497330 1.504759015 0.556783251 -0.415464119 -0.363266507 0.620821570
10113.628666665 76.153860862 43.682073824 1.503585564 0.551885384 -0.421869752 -0.370254205 0.616733540
10113.661999998 76.133367731 43.674671993 1.502483086 0.547931513 -0.426918220 -0.375682004 0.613494028
10113.695333332 76.111838563 43.666595703 1.501146889 0.543574198 -0.432325561 -0.381433080 0.610025004
10113.728666665 76.085196307 43.656409418 1.499069683 0.538052168 -0.439170893 -0.388592338 0.605495488
10113.761999998 76.066620303 43.649812965 1.497854377 0.534384038 -0.443689396 -0.393277426 0.602417037
10113.795333332 76.040549163 43.640475833 1.496640717 0.530192660 -0.449013501 -0.398707232 0.598594322
10113.828666665 76.016616710 43.631425444 1.495879337 0.526925683 -0.453306192 -0.403068299 0.595314007
10113.861999998 75.992359579 43.622035346 1.495768755 0.524131815 -0.457250062 -0.406982224 0.592092637
10113.895333332 75.963091400 43.611273067 1.496211832 0.520616343 -0.462445597 -0.411771629 0.587832305
10113.928666665 75.931870197 43.600682674 1.497246923 0.516045892 -0.469268137 -0.417548943 0.582354645
10113.961999998 75.906880876 43.592428563 1.498364122 0.511676590 -0.475649140 -0.422772390 0.577242123
10113.995333332 75.883991367 43.585350845 1.499897087 0.506912760 -0.482320109 -0.428161056 0.571913347
10114.028666665 75.850179975 43.575419951 1.501576045 0.499134572 -0.492490326 -0.436393637 0.563807193
10114.061999998 75.822581948 43.566784126 1.502571399 0.492882547 -0.500141184 -0.442761891 0.557572865
10114.095333332 75.796453342 43.558306708 1.503197210 0.487713402 -0.505967317 -0.447915093 0.552724868
10114.128666665 75.763998977 43.547388218 1.504557574 0.482892149 -0.510833362 -0.452796667 0.548488493
10114.161999998 75.737998188 43.538118068 1.505533524 0.479875836 -0.513513825 -0.455869752 0.546081956
10114.195333332 75.710410262 43.528549088 1.506441741 0.476929501 -0.515714993 -0.458910602 0.544038010
10114.228666665 75.679091663 43.517949976 1.506763881 0.473513190 -0.518079282 -0.462417960 0.541801390
10114.261999998 75.653830497 43.509907886 1.506887187 0.470783068 -0.519890112 -0.465263333 0.540007042
10114.295333332 75.627554041 43.502525425 1.507155234 0.467990430 -0.521747793 -0.468229049 0.538075975
10114.328666665 75.594593244 43.494362998 1.506850148 0.464436492 -0.524334917 -0.471893299 0.535432866
10114.361999998 75.572369401 43.489031616 1.506705529 0.462170725 -0.526085223 -0.474163749 0.533667779
10114.395333332 75.546076320 43.483105148 1.506491887 0.460138002 -0.527743427 -0.476188448 0.531981632
10114.428666665 75.507159357 43.474714669 1.506396985 0.458363122 -0.529141991 -0.478094533 0.530412687
10114.461999998 75.481460925 43.469380089 1.506280823 0.457712375 -0.529632271 -0.478903027 0.529755538
10114.495333332 75.452727805 43.464341331 1.505839352 0.457238922 -0.529896762 -0.479684429 0.529192629
10114.528666665 75.411310354 43.457433029 1.505426017 0.456163687 -0.530544733 -0.481264522 0.528035451
10114.561999998 75.379279871 43.452255263 1.505299568 0.455325460 -0.530948197 -0.482565466 0.527165353
10114.595333332 75.351110862 43.448359251 1.505065089 0.455025988 -0.530707440 -0.483490357 0.526818790
10114.628666665 75.309634529 43.441444802 1.504754869 0.455715168 -0.528756786 -0.484215043 0.527518472
10114.661999998 75.281965413 43.436419565 1.504711085 0.456734390 -0.526754138 -0.484319143 0.528543984
10114.695333332 75.245035442 43.428711900 1.505136322 0.459248092 -0.522887162 -0.483663049 0.530801527
10114.728666665 75.203703850 43.420241926 1.505800452 0.461025609 -0.519709710 -0.483572190 0.532461400
10114.761999998 75.174220299 43.414900074 1.506101212 0.460962058 -0.518856163 -0.484378998 0.532615480
10114.795333332 75.144661614 43.410019371 1.506112828 0.459779361 -0.519209042 -0.485884862 0.531921810
10114.828666665 75.106702625 43.403903301 1.505789068 0.458387713 -0.519738460 -0.487472571 0.531152643
10114.861999998 75.076384197 43.399142104 1.505385226 0.457788490 -0.519844802 -0.488154559 0.530938986
10114.895333332 75.049699155 43.394632348 1.505688291 0.457872298 -0.519600368 -0.488055323 0.531197155
10114.928666665 75.015854144 43.388767429 1.506250253 0.458644874 -0.518813460 -0.487272780 0.532017585
10114.961999998 74.980179519 43.382913008 1.506502230 0.459935288 -0.517632072 -0.485956800 0.533256559
10114.995333332 74.942449936 43.376951198 1.506864388 0.461310644 -0.516416495 -0.484522319 0.534550854
10115.028666665 74.902861240 43.370923886 1.507111156 0.462289254 -0.515710182 -0.483398906 0.535403728
10115.061999998 74.876882160 43.367201959 1.507232412 0.462613179 -0.515650256 -0.482939771 0.535595966
10115.095333332 74.840759789 43.363055317 1.507613316 0.462013025 -0.516754110 -0.483169888 0.534842046
10115.128666665 74.794578353 43.358208047 1.508389040 0.460112193 -0.519230300 -0.484404563 0.532962368
10115.161999998 74.760094326 43.355080063 1.508901552 0.458002102 -0.521538781 -0.485889110 0.531171486
10115.195333332 74.728290715 43.352160819 1.509043810 0.455821030 -0.523570092 -0.487511663 0.529560125
10115.228666665 74.686797195 43.347952214 1.508286124 0.452576277 -0.525856639 -0.490058274 0.527723789
10115.261999998 74.654574079 43.345281789 1.507069692 0.449730164 -0.527454406 -0.492346507 0.526430951
10115.295333332 74.627507005 43.343001165 1.505847316 0.447434550 -0.528357800 -0.494290860 0.525658544
10115.328666665 74.589148040 43.340119017 1.504573061 0.444833199 -0.528839799 -0.496666554 0.525142101
10115.361999998 74.557666026 43.338613999 1.503784021 0.442962898 -0.528979950 -0.498477572 0.524865882
10115.395333332 74.526471544 43.338035236 1.503416236 0.441140638 -0.529233612 -0.500279467 0.524430335
10115.428666665 74.490571428 43.338196253 1.503048238 0.438845043 -0.530050826 -0.502401204 0.523501844
10115.461999998 74.461948241 43.338728969 1.502589238 0.436868525 -0.531154707 -0.504081407 0.522419855
10115.495333332 74.430899628 43.340030010 1.501807176 0.434729650 -0.532767979 -0.505770235 0.520926945
10115.528666665 74.396151107 43.341768645 1.500879736 0.432844814 -0.534542928 -0.507219924 0.519265995
10115.561999998 74.367728863 43.343317364 1.499972204 0.431851453 -0.535844327 -0.507986985 0.518000389
10115.595333332 74.336328354 43.345623623 1.498912973 0.431131232 -0.537317397 -0.508635680 0.516435495
10115.628666665 74.301005520 43.348519009 1.497794901 0.430117535 -0.539446800 -0.509689335 0.514016379
10115.661999998 74.271604844 43.351600376 1.496770374 0.428748437 -0.541735251 -0.511147038 0.511298740
10115.695333332 74.241551971 43.355404202 1.495620552 0.426651813 -0.544566810 -0.513365914 0.507809667
10115.728666665 74.205731083 43.360909218 1.494331357 0.424240601 -0.547576873 -0.516395074 0.503503335
10115.761999998 74.175247405 43.365183146 1.493178861 0.422721081 -0.549309258 -0.518945673 0.500261547
10115.795333332 74.142903925 43.368484934 1.491522356 -0.421930002 0.549930314 0.521534313 -0.497547671
10115.828666665 74.107593788 43.371453295 1.489427915 -0.421465260 0.549851212 0.524403616 -0.495006593
10115.861999998 74.079027710 43.373491490 1.487659516 -0.420953357 0.549642213 0.526887464 -0.493032766
10115.895333332 74.049760931 43.375830783 1.485605678 -0.419724251 0.549762563 0.529986354 -0.490619142
10115.928666665 74.017604188 43.378199485 1.483015724 -0.418009093 0.550069363 0.533605267 -0.487808890
10115.961999998 73.992383988 43.379461278 1.480965583 -0.416803509 0.550157575 0.536271580 -0.485812998
10115.995333332 73.971338482 43.380372134 1.479392119 -0.416409397 0.549748215 0.538099912 -0.484591167
10116.028666665 73.939681588 43.380918047 1.477885813 -0.417129635 0.548271063 0.539676726 -0.483891248
10116.061999998 73.910773092 43.380946423 1.476944102 -0.418277077 0.546685208 0.540575222 -0.483692050
10116.095333332 73.881742255 43.381159972 1.476415519 -0.419262689 0.545389191 0.541417992 -0.483359065
10116.128666665 73.847903626 43.381784701 1.475846022 -0.419321606 0.544872426 0.542989585 -0.482126270
10116.161999998 73.815322760 43.383045563 1.475245566 -0.417997624 0.545661629 0.545347874 -0.479715613
10116.195333332 73.787970049 43.384263219 1.475011158 -0.416110994 0.547012379 0.547641560 -0.477197883
10116.228666665 73.757298146 43.385426906 1.475422962 -0.413533499 0.548828525 0.550295624 -0.474291072
10116.261999998 73.722340441 43.386766413 1.476390416 -0.410541364 0.550735484 0.553236166 -0.471249361
10116.295333332 73.692884846 43.387612301 1.477304343 -0.408384194 0.551880671 0.555422794 -0.469207411
10116.328666665 73.660487270 43.387732219 1.478577923 -0.406440944 0.552582286 0.557489336 -0.467615458
10116.361999998 73.624292279 43.388031298 1.480261308 -0.404012280 0.553465123 0.559757892 -0.465963021
10116.395333332 73.600050145 43.388368922 1.481492707 -0.402001041 0.554340025 0.561368108 -0.464723732
10116.428666665 73.571538302 43.389701134 1.482672946 -0.398293998 0.556305159 0.563855752 -0.462550702
10116.461999998 73.533301476 43.391754317 1.483647869 -0.393179429 0.558841784 0.567188427 -0.459785913
10116.495333332 73.508680024 43.392976729 1.484109383 -0.390438199 0.559924472 0.569050871 -0.458501585
10116.528666665 73.478154499 43.394014586 1.484136284 -0.389154962 0.559445802 0.570410087 -0.458487888
10116.561999998 73.441291620 43.395271930 1.483956925 -0.388250767 0.558374408 0.571730935 -0.458915135
10116.595333332 73.413371087 43.396534756 1.483626633 -0.387454532 0.557693612 0.572738756 -0.459159164
10116.628666665 73.385101272 43.398053845 1.483158095 -0.385854362 0.557685291 0.574071714 -0.458852040
10116.661999998 73.351624586 43.399592928 1.482324753 -0.383727626 0.558015839 0.575610174 -0.458305967
10116.695333332 73.323290585 43.400958790 1.481570036 -0.382445063 0.558101731 0.576480253 -0.458179823
10116.728666665 73.293643294 43.402854407 1.481098528 -0.381906841 0.557749205 0.576918976 -0.458505708
10116.761999998 73.258461706 43.405327909 1.480749911 -0.381607394 0.557285727 0.577284182 -0.458858789
10116.795333332 73.228654341 43.407801095 1.480641191 -0.381473151 0.556956725 0.577604897 -0.458966256
10116.828666665 73.197189947 43.410252166 1.480996583 -0.381360389 0.556690011 0.578107085 -0.458751222
10116.861999998 73.160983627 43.412953851 1.481755519 -0.381673499 0.556125882 0.578592518 -0.458563019
10116.895333332 73.130585846 43.415466463 1.482495598 -0.382635055 0.555165669 0.578727563 -0.458754730
10116.928666665 73.097347532 43.416925023 1.483487121 -0.384289744 0.553719379 0.578621501 -0.459253090
10116.961999998 73.060807647 43.418897014 1.484853713 -0.385313248 0.552745130 0.578978704 -0.459118919
10116.995333332 73.031450496 43.420555620 1.486097335 -0.385004410 0.552751315 0.579919829 -0.458181820
10117.028666665 73.003933887 43.421338656 1.487394364 -0.384199605 0.552943400 0.581157237 -0.457056370
10117.061999998 72.968859969 43.422065100 1.488586838 -0.384157331 0.552119126 0.582342837 -0.456579057
10117.095333332 72.942086885 43.422499024 1.489082353 -0.384893603 0.550797349 0.582880739 -0.456868951
10117.128666665 72.910525572 43.421964212 1.489126993 -0.386907173 0.548393895 0.582815022 -0.458141490
10117.161999998 72.876248147 43.419765714 1.489239530 -0.389573260 0.545576349 0.582444171 -0.459715031
10117.195333332 72.855600014 43.417888138 1.489417980 -0.391306332 0.543981205 0.582044571 -0.460638601
10117.228666665 72.829535961 43.415969037 1.489726361 -0.392961724 0.542850776 0.581478929 -0.461276895
10117.261999998 72.788860910 43.413381497 1.490495410 -0.394550949 0.542289419 0.580939670 -0.461260052
10117.295333332 72.754688957 43.411687703 1.491472279 -0.395094261 0.542685794 0.580823834 -0.460474025
10117.328666665 72.727262574 43.410364750 1.492649258 -0.394826081 0.543702602 0.581051121 -0.459216117
10117.361999998 72.687359032 43.408646732 1.494623093 -0.393944126 0.545605561 0.581574232 -0.457049242
10117.395333332 72.651087387 43.407271584 1.496552826 -0.392986717 0.547326015 0.582113847 -0.455125415
10117.428666665 72.619358731 43.405840768 1.497961702 -0.392173950 0.548679924 0.582588678 -0.453586117
10117.461999998 72.583767999 43.404424122 1.499195187 -0.391182665 0.550090697 0.583180808 -0.451969572
10117.495333332 72.550924275 43.403078626 1.499920837 -0.390040006 0.551362822 0.583868019 -0.450517446
10117.528666665 72.510660921 43.401222286 1.500182469 -0.388227825 0.553064275 0.584862759 -0.448703262
10117.561999998 72.468050805 43.399434691 1.500172808 -0.385843891 0.555096865 0.586032380 -0.446719164
10117.595333332 72.436179338 43.398274380 1.499929327 -0.384036427 0.556507124 0.586849615 -0.445447385
10117.628666665 72.401923982 43.397131180 1.499309403 -0.383560323 0.556780721 0.586941618 -0.445394482
10117.661999998 72.363123689 43.395637945 1.498339387 -0.385169042 0.555473051 0.585911613 -0.446992259
10117.695333332 72.331458429 43.394581467 1.497442629 -0.387648616 0.553591602 0.584394682 -0.449163382
10117.728666665 72.300535714 43.393750264 1.496452213 -0.389959810 0.551948626 0.582875611 -0.451154167
10117.761999998 72.261535828 43.393206301 1.494936066 -0.391582948 0.551197763 0.581370107 -0.452606473
10117.795333332 72.228204691 43.393599894 1.493516990 -0.391993082 0.551597753 0.580379074 -0.453035841
10117.828666665 72.200631921 43.394951211 1.491989887 -0.391824086 0.552595060 0.579600915 -0.452962874
10117.861999998 72.160300103 43.397024975 1.489937323 -0.392454408 0.553665948 0.577890541 -0.453294692
10117.895333332 72.122870483 43.399051887 1.488209163 -0.393724030 0.554177608 0.575973504 -0.454007809
10117.928666665 72.094416516 43.401059511 1.486671481 -0.394957540 0.554341128 0.574401318 -0.454728029
10117.961999998 72.058643645 43.404225482 1.484826035 -0.396097773 0.554662689 0.572821126 -0.455337032
10117.995333332 72.019046333 43.407854588 1.482934027 -0.397209998 0.554845351 0.571358098 -0.455983308
10118.028666665 71.984485878 43.410559794 1.481234954 -0.398592424 0.554445075 0.569998051 -0.456964943
10118.061999998 71.940711060 43.412955843 1.479259968 -0.401579370 0.552672660 0.567721494 -0.459324771
10118.095333332 71.900763045 43.414894797 1.477639693 -0.404853220 0.550500050 0.565302765 -0.462035009
10118.128666665 71.867403201 43.414630058 1.476199620 -0.407476688 0.548706726 0.563250773 -0.464362190
10118.161999998 71.828282081 43.414377693 1.474316374 -0.409869058 0.547094017 0.561111806 -0.466743005
10118.195333332 71.790357675 43.415660866 1.472352181 -0.411235249 0.546232424 0.559491859 -0.468491802
10118.228666665 71.757945448 43.416750297 1.470425496 -0.411342416 0.546337561 0.558701706 -0.469217530
10118.261999998 71.717807899 43.419353034 1.467116047 -0.409909239 0.547780581 0.558479206 -0.469054184
10118.295333332 71.681827119 43.422002104 1.464166661 -0.408219233 0.549461116 0.558383790 -0.468675883
10118.328666665 71.648123045 43.423133001 1.462250759 -0.407652754 0.550439381 0.557483624 -0.469092452
10118.361999998 71.607124296 43.423585506 1.460729288 -0.409005078 0.550177050 0.555054118 -0.471099761
10118.395333332 71.572715058 43.423615979 1.460050090 -0.411522970 0.548991547 0.552081073 -0.473775913
10118.428666665 71.536852970 43.423725162 1.460067738 -0.414170934 0.547923161 0.548861971 -0.476438017
10118.461999998 71.493480377 43.423927857 1.460935478 -0.415510022 0.548223879 0.546054608 -0.478148895
10118.495333332 71.457191020 43.424768137 1.462102048 -0.414885254 0.549917892 0.544755731 -0.478227699
10118.528666665 71.424809878 43.426537533 1.463415562 -0.412926153 0.552491907 0.544378979 -0.477384763
10118.561999998 71.384176841 43.428970156 1.465156064 -0.410300730 0.555581981 0.543989214 -0.476505728
10118.595333332 71.347296651 43.430738351 1.466420202 -0.408563148 0.557581135 0.543402656 -0.476332852
10118.628666665 71.314150445 43.431894070 1.467232834 -0.407904173 0.558405320 0.542529695 -0.476926844
10118.661999998 71.272775895 43.433295934 1.468195797 -0.407362869 0.559051978 0.541491733 -0.477810717
10118.695333332 71.235638114 43.434593841 1.469081622 -0.406435126 0.559821781 0.541016852 -0.478237209
10118.728666665 71.201154180 43.436149181 1.469904244 -0.404869202 0.560903597 0.541233084 -0.478053169
10118.761999998 71.160196783 43.438151914 1.470174482 -0.403298401 0.561861561 0.541463822 -0.477994682
10118.795333332 71.125146234 43.440121352 1.469978232 -0.402533369 0.562184676 0.541360201 -0.478376849
10118.828666665 71.089993426 43.442832272 1.469659967 -0.402443526 0.562024555 0.540823163 -0.479247236
10118.861999998 71.049736342 43.446081076 1.469084230 -0.402811548 0.561731323 0.539854213 -0.480372987
10118.895333332 71.016447979 43.448981833 1.468573112 -0.403331304 0.561665124 0.538873303 -0.481115070
10118.928666665 70.982313494 43.452434775 1.468316687 -0.403805575 0.562144013 0.537883512 -0.481265513
10118.961999998 70.942670270 43.457314144 1.468172441 -0.404102317 0.563306331 0.536922074 -0.480730675
10118.995333332 70.907547677 43.462542449 1.467973750 -0.404171551 0.564714150 0.536274312 -0.479742795
10119.028666665 70.869898341 43.468470592 1.467590204 -0.404434577 0.566112487 0.535704918 -0.478507644
10119.061999998 70.831724828 43.474603404 1.467091962 -0.405142925 0.567104447 0.535103804 -0.477405147
10119.095333332 70.793912492 43.480253823 1.466642585 -0.406544867 0.567303935 0.534426735 -0.476734288
10119.128666665 70.752596781 43.485254972 1.466281538 -0.408810872 0.566625557 0.533555246 -0.476579426
10119.161999998 70.706112037 43.489977450 1.465555880 -0.412336446 0.564679818 0.532308241 -0.477245529
10119.195333332 70.662486160 43.493883482 1.464467426 -0.415977154 0.562305447 0.531100941 -0.478233606
10119.228666665 70.628207933 43.496746408 1.463389098 -0.418673375 0.560395209 0.530444054 -0.478851669
10119.261999998 70.590007094 43.500398758 1.461764553 -0.420590390 0.558885692 0.530568940 -0.478797564
10119.295333332 70.548438275 43.504802029 1.459303028 -0.421502248 0.557926024 0.531519959 -0.478059557
10119.328666665 70.506998778 43.509239877 1.456361423 -0.421896184 0.557257727 0.532840854 -0.477019979
10119.361999998 70.469513597 43.512733316 1.453749539 -0.422419364 0.556554353 0.533883234 -0.476211954
10119.395333332 70.435809218 43.515662113 1.451917333 -0.423158144 0.555824011 0.534498057 -0.475719120
10119.428666665 70.398744414 43.518857657 1.450453492 -0.424310677 0.554878627 0.534740645 -0.475523502
10119.461999998 70.358988878 43.521789321 1.449217752 -0.426247362 0.553428538 0.534358701 -0.475910516
10119.495333332 70.325409346 43.523905972 1.448360891 -0.428368270 0.551834908 0.533640102 -0.476662461
10119.528666665 70.293905252 43.525647131 1.447741058 -0.430583997 0.550184753 0.532743630 -0.477575527
10119.561999998 70.251480569 43.527656773 1.447642660 -0.433167421 0.548494691 0.531750849 -0.478289238
10119.595333332 70.212663826 43.529696154 1.448123820 -0.434657918 0.547850435 0.531397445 -0.478068144
10119.628666665 70.177714057 43.532393902 1.449199099 -0.434247061 0.548924849 0.532196933 -0.476316518
10119.661999998 70.136463309 43.535667815 1.451169171 -0.432554487 0.551252902 0.533859687 -0.473297673
10119.695333332 70.100693137 43.538163541 1.453360650 -0.430893931 0.553374225 0.535359727 -0.470635050
10119.728666665 70.065510404 43.540285112 1.455761567 -0.429891105 0.554786435 0.536477066 -0.468612854
10119.761999998 70.029476649 43.542745107 1.458309182 -0.429271146 0.555684606 0.537474465 -0.466971200
10119.795333332 69.995287231 43.545070412 1.461079258 -0.428839806 0.556142695 0.538492710 -0.465647211
10119.828666665 69.956720327 43.547381155 1.464783015 -0.428162237 0.556555593 0.539938283 -0.464100873
10119.861999998 69.918253624 43.550466133 1.469096246 -0.427198735 0.556823277 0.541734748 -0.462571660
10119.895333332 69.886199337 43.553593597 1.472619673 -0.426456495 0.556782844 0.543220821 -0.461561332
10119.928666665 69.854070848 43.557096609 1.475907527 -0.425888390 0.556500067 0.544483838 -0.460938288
10119.961999998 69.818381460 43.561122259 1.479229921 -0.425161658 0.556271908 0.545734523 -0.460405212
10119.995333332 69.786263854 43.564264650 1.481444078 -0.424561138 0.556177007 0.546545253 -0.460112229
10120.028666665 69.751944263 43.567226097 1.483163872 -0.424398357 0.555896606 0.546859977 -0.460227296
10120.061999998 69.713998630 43.570638502 1.484729122 -0.424784191 0.555226692 0.546755096 -0.460804272
10120.095333332 69.682598572 43.573614598 1.485716681 -0.425321597 0.554485625 0.546548186 -0.461445892
10120.128666665 69.650105165 43.576873331 1.486135290 -0.425489746 0.553998305 0.546587178 -0.461829850
10120.161999998 69.610903347 43.581061188 1.486125154 -0.425053052 0.553880102 0.547019328 -0.461862090
10120.195333332 69.577683910 43.584639393 1.485809432 -0.424470914 0.553909355 0.547504128 -0.461787938
10120.228666665 69.546836973 43.587733298 1.485667780 -0.424594321 0.553381129 0.547483981 -0.462331352
10120.261999998 69.508354397 43.590932293 1.485983196 -0.426020743 0.551592175 0.546620952 -0.464174464
10120.295333332 69.468241500 43.593463583 1.486410326 -0.428613072 0.548516430 0.544960804 -0.467373815
10120.328666665 69.435887365 43.595085739 1.486590264 -0.431060929 0.545407088 0.543376185 -0.470595268
10120.361999998 69.404051678 43.596503881 1.486490404 -0.432784767 0.542584838 0.542300609 -0.473507222
10120.395333332 69.372299543 43.597932765 1.485960911 -0.433425819 0.540343156 0.541991251 -0.475832761
10120.428666665 69.342606599 43.600054828 1.485156927 -0.432618144 0.539181850 0.542650310 -0.477132177
10120.461999998 69.310422921 43.603252272 1.483937530 -0.431178325 0.538329477 0.543597352 -0.478318457
10120.495333332 69.281570399 43.605937845 1.482809971 -0.430031108 0.537561388 0.544230867 -0.479493236
10120.528666665 69.252092289 43.607929186 1.482047826 -0.429205212 0.536897450 0.544453315 -0.480723000
10120.561999998 69.219106011 43.609786458 1.481066389 -0.428411654 0.536362143 0.544380547 -0.482108832
10120.595333332 69.185137917 43.611496029 1.479587850 -0.427770498 0.535970015 0.544053133 -0.483481885
10120.628666665 69.155985478 43.612854639 1.477894635 -0.427361059 0.535679790 0.543662927 -0.484603249
10120.661999998 69.127682259 43.613746606 1.475958992 -0.427119133 0.535426233 0.543245309 -0.485564135
10120.695333332 69.091307546 43.614413893 1.473472513 -0.426827433 0.535207752 0.542861488 -0.486489886
10120.728666665 69.057593134 43.614691196 1.471518922 -0.426349241 0.535284191 0.542812391 -0.486879726
10120.761999998 69.027790055 43.614989333 1.470135432 -0.425190645 0.536106981 0.543387437 -0.486345878
10120.795333332 68.990111164 43.615504525 1.468974421 -0.422649599 0.538242345 0.544863757 -0.484547191
10120.828666665 68.954947180 43.615783662 1.468672228 -0.419849838 0.540844387 0.546503866 -0.482231259
10120.861999998 68.924626506 43.615719949 1.469631296 -0.417859959 0.543128660 0.547528033 -0.480226370
10120.895333332 68.884969906 43.615482410 1.472546210 -0.416438790 0.545538010 0.547919820 -0.478279086
10120.928666665 68.847777358 43.615517416 1.476488372 -0.415983844 0.547270408 0.547630411 -0.477025655
10120.961999998 68.816884142 43.616509139 1.480374836 -0.415975280 0.548441952 0.546977689 -0.476436144
10120.995333332 68.774702865 43.618557688 1.484711146 -0.415201216 0.550369272 0.546500752 -0.475435109
10121.028666665 68.734290510 43.620596146 1.487856548 -0.413979356 0.552322642 0.546373105 -0.474380883
10121.061999998 68.698932660 43.622359678 1.489336609 -0.413335323 0.553399254 0.546023445 -0.474090260
10121.095333332 68.654885059 43.624842838 1.489874185 -0.413427215 0.553754180 0.545144518 -0.474606891
10121.128666665 68.617659075 43.626912290 1.489510554 -0.414049809 0.553576308 0.544137215 -0.475426879
10121.161999998 68.585728880 43.627968692 1.488527337 -0.414557339 0.553590841 0.543405392 -0.475804554
10121.195333332 68.545017745 43.629780782 1.486518428 -0.414297673 0.554558983 0.543156299 -0.475187340
10121.228666665 68.507984184 43.632082026 1.484212697 -0.413316732 0.556278870 0.543453606 -0.473689008
10121.261999998 68.474494539 43.633958133 1.481701075 -0.412116016 0.558143000 0.544067163 -0.471834401
10121.295333332 68.432891007 43.636097899 1.478300728 -0.411116275 0.559908904 0.544689195 -0.469892656
10121.328666665 68.397435787 43.637908917 1.475551796 -0.411053404 0.560590970 0.544885737 -0.468905531
10121.361999998 68.367888518 43.638722720 1.473686290 -0.412028076 0.560104015 0.544611918 -0.468950120
10121.395333332 68.331431099 43.639390250 1.472059038 -0.413910311 0.558671968 0.543959563 -0.469757257
10121.428666665 68.291510306 43.640188955 1.471164805 -0.416153827 0.556603398 0.543186535 -0.471123166
10121.461999998 68.253829862 43.640731121 1.470941673 -0.417949562 0.554569670 0.542659846 -0.472536704
10121.495333332 68.212042810 43.641371180 1.471586528 -0.418503973 0.553190495 0.542859930 -0.473431935
10121.528666665 68.173832564 43.642364534 1.472354550 -0.417756575 0.552748802 0.543722870 -0.473617616
10121.561999998 68.146208485 43.643271416 1.472665772 -0.416598955 0.552742739 0.544654597 -0.473573801
10121.595333332 68.109544503 43.644260087 1.472559194 -0.415651120 0.552180300 0.545415748 -0.474186382
10121.628666665 68.073930465 43.645517391 1.471753978 -0.415554340 0.550958480 0.545529169 -0.475559955
10121.661999998 68.046332217 43.646141920 1.470894976 -0.416395516 0.549301508 0.544904157 -0.477453753
10121.695333332 68.011560304 43.646530921 1.469659221 -0.417628579 0.547116859 0.543966525 -0.479947844
10121.728666665 67.979983694 43.646961941 1.468337706 -0.418349049 0.545447297 0.543384134 -0.481876543
10121.761999998 67.951223513 43.647973956 1.466983020 -0.418014257 0.544767849 0.543531420 -0.482768751
10121.795333332 67.914782493 43.649491630 1.465216689 -0.416827757 0.544710162 0.544252402 -0.483047393
10121.828666665 67.883147381 43.651085223 1.463799053 -0.415371710 0.545159359 0.545163171 -0.482767783
10121.861999998 67.856168095 43.652620908 1.462946122 -0.414071121 0.545769649 0.545932320 -0.482326133
10121.895333332 67.819442966 43.654664689 1.462017841 -0.412491972 0.546673093 0.546795716 -0.481677637
10121.928666665 67.784202751 43.656677407 1.461190011 -0.410884409 0.547684725 0.547639797 -0.480942926
10121.961999998 67.756551633 43.658306287 1.461004910 -0.409429857 0.548677804 0.548323977 -0.480271460
10121.995333332 67.720796494 43.660509974 1.461531895 -0.407404188 0.550063988 0.549285489 -0.479308760
10122.028666665 67.686808741 43.662798099 1.462852650 -0.405536203 0.551359794 0.550226743 -0.478323423
10122.061999998 67.656088520 43.665268165 1.465130455 -0.404035811 0.552450133 0.551074554 -0.477358094
10122.095333332 67.620191979 43.668829507 1.468438243 -0.401840184 0.554020320 0.552412953 -0.475842285
10122.128666665 67.589311952 43.672527711 1.471234685 -0.399748369 0.555475379 0.553726096 -0.474379337
10122.161999998 67.559796293 43.676086326 1.473488619 -0.398395753 0.556363649 0.554629237 -0.473420240
10122.195333332 67.524246860 43.680356903 1.475876271 -0.397653182 0.556725179 0.555183893 -0.472969202
10122.228666665 67.493232726 43.684129636 1.477489573 -0.397743353 0.556485962 0.555258530 -0.473087268
10122.261999998 67.463560142 43.687518472 1.478804722 -0.398384997 0.555984602 0.555102848 -0.473319496
10122.295333332 67.426225269 43.691841901 1.480477885 -0.399022084 0.555680497 0.555071229 -0.473177020
10122.328666665 67.393171607 43.696079241 1.481776814 -0.399042859 0.555961499 0.555463791 -0.472368062
10122.361999998 67.361881668 43.700670918 1.482708614 -0.398825872 0.556457912 0.556160156 -0.471145834
10122.395333332 67.322199378 43.706515805 1.483350756 -0.398755620 0.556862151 0.557038562 -0.469687706
10122.428666665 67.288015715 43.711885367 1.483522878 -0.398764782 0.557079154 0.557866498 -0.468438294
10122.461999998 67.256992121 43.717060642 1.483599098 -0.398786444 0.557178346 0.558717693 -0.467285996
10122.495333332 67.219507296 43.723283188 1.483817247 -0.399050763 0.556945603 0.559646810 -0.466224766
10122.528666665 67.185033903 43.728928843 1.484078289 -0.399729414 0.556191105 0.560275837 -0.465788404
10122.561999998 67.154940604 43.733402846 1.484091420 -0.401051750 0.554769044 0.560379458 -0.466222763
10122.595333332 67.117668472 43.737787183 1.484117533 -0.404366739 0.551430555 0.559466251 -0.468411569
10122.628666665 67.078840400 43.741054818 1.484317104 -0.408997347 0.546842111 0.557749306 -0.471805667
10122.661999998 67.051554861 43.742737828 1.484286129 -0.412567041 0.543144609 0.556300509 -0.474670532
10122.695333332 67.019579057 43.745149635 1.483697652 -0.416068102 0.539132413 0.555027063 -0.477669902
10122.728666665 66.983364570 43.748236242 1.482584770 -0.418729102 0.535565222 0.554364987 -0.480120083
10122.761999998 66.948350299 43.751575219 1.481362389 -0.419561512 0.533726527 0.554618443 -0.481147082
10122.795333332 66.917653005 43.754432677 1.480354621 -0.419338232 0.533127315 0.555241744 -0.481287148
10122.828666665 66.890132786 43.756411324 1.479695182 -0.419495509 0.532649157 0.555343166 -0.481562418
10122.861999998 66.856071094 43.757872033 1.478819227 -0.420974757 0.531412806 0.554448113 -0.482667560
10122.895333332 66.820610450 43.758713697 1.477701086 -0.423512552 0.529505307 0.552766744 -0.484468961
10122.928666665 66.785441613 43.759962696 1.476475658 -0.425981717 0.527726922 0.551083444 -0.486159347
10122.961999998 66.752148270 43.761784119 1.474689350 -0.427128593 0.527172567 0.550255370 -0.486692179
10122.995333332 66.713339257 43.764769785 1.472606174 -0.425616715 0.529123058 0.551046875 -0.485001590
10123.028666665 66.674979460 43.768466174 1.470644048 -0.421885597 0.532959852 0.553082107 -0.481732833
10123.061999998 66.646281056 43.771627586 1.469197835 -0.418133088 0.536584222 0.554996204 -0.478770621
10123.095333332 66.606328049 43.775274280 1.467790997 -0.414700487 0.540191387 0.556319695 -0.476156664
10123.128666665 66.565959585 43.778136220 1.467406161 -0.413238348 0.542232585 0.556289145 -0.475142377
10123.161999998 66.536439458 43.779971805 1.468198508 -0.414046967 0.542179042 0.555121311 -0.475864819
10123.195333332 66.498452704 43.782310966 1.469642980 -0.415312254 0.541729927 0.553560593 -0.477090230
10123.228666665 66.461419828 43.785079708 1.470761266 -0.415641956 0.541855525 0.552650284 -0.477715415
10123.261999998 66.429721543 43.788147409 1.470679105 -0.414401516 0.543078163 0.552817041 -0.477211495
10123.295333332 66.391666824 43.791887269 1.470018787 -0.412449643 0.544844539 0.553256514 -0.476378998
10123.328666665 66.357970143 43.795005472 1.469022403 -0.411082081 0.546171841 0.553379674 -0.475897867
10123.361999998 66.324325019 43.797911311 1.467926243 -0.410744607 0.546875190 0.552796591 -0.476059159
10123.395333332 66.287544843 43.800664992 1.466831592 -0.411143166 0.547199609 0.551659809 -0.476660614
10123.428666665 66.253488043 43.803009199 1.466036383 -0.411941475 0.547376783 0.550363061 -0.477266571
10123.461999998 66.214615567 43.805833079 1.465134511 -0.412767190 0.547856582 0.548961894 -0.477616217
10123.495333332 66.177458716 43.808398272 1.464277630 -0.413186991 0.548642153 0.548011571 -0.477442789
10123.528666665 66.142922686 43.811519595 1.463376097 -0.413196702 0.549614770 0.547611598 -0.476774188
10123.561999998 66.103175177 43.815682006 1.461908905 -0.412891958 0.550860389 0.547607189 -0.475604278
10123.595333332 66.060424077 43.820013382 1.460290372 -0.412306481 0.552142493 0.548075386 -0.474083752
10123.628666665 66.020973281 43.823993868 1.458754479 -0.412077008 0.552886826 0.548562509 -0.472850792
10123.661999998 65.988394095 43.826567875 1.457619781 -0.413162563 0.552284161 0.548366201 -0.472835501
10123.695333332 65.946148561 43.828537952 1.456554634 -0.416147994 0.550026861 0.547225004 -0.474168847
10123.728666665 65.905859317 43.829606506 1.456060609 -0.419783217 0.547098991 0.545670785 -0.476138782
10123.761999998 65.872806290 43.830365406 1.455978937 -0.422168969 0.545098192 0.544720212 -0.477410948
10123.795333332 65.830950820 43.831143955 1.455911960 -0.423802172 0.543671302 0.544298041 -0.478072041
10123.828666665 65.794408539 43.831724845 1.455594790 -0.424319827 0.543215881 0.544432015 -0.477978004
10123.861999998 65.760890805 43.832125585 1.455307058 -0.424860193 0.542884145 0.544407869 -0.477902388
10123.895333332 65.724803660 43.831695379 1.455111063 -0.426117993 0.542111897 0.543908808 -0.478227305
10123.928666665 65.693264402 43.830172595 1.454895528 -0.428283555 0.540753332 0.542768931 -0.479125159
10123.961999998 65.654994896 43.829031892 1.454160882 -0.431277086 0.538952047 0.541078406 -0.480379979
10123.995333332 65.613943831 43.828008673 1.453130819 -0.433741052 0.537764173 0.539705400 -0.481036875
10124.028666665 65.576607972 43.827528099 1.451864854 -0.434665747 0.537857633 0.539256451 -0.480601015
10124.061999998 65.542384941 43.827455928 1.450321711 -0.434497964 0.538911403 0.539446554 -0.479357315
10124.095333332 65.501761154 43.827391071 1.448538990 -0.434030169 0.540334793 0.539783797 -0.477796585
10124.128666665 65.465514259 43.827171311 1.447180793 -0.433629706 0.541466782 0.540021073 -0.476609108
10124.161999998 65.425220385 43.826713695 1.446387737 -0.433113459 0.542620093 0.540279477 -0.475472662
10124.195333332 65.383432880 43.826009151 1.446199665 -0.432433691 0.543719229 0.540603323 -0.474466596
10124.228666665 65.345125684 43.825030944 1.446444647 -0.431704916 0.544667912 0.540977031 -0.473615437
10124.261999998 65.309135165 43.823857001 1.446925058 -0.430956575 0.545495459 0.541426338 -0.472830471
10124.295333332 65.271347625 43.822148177 1.447876549 -0.430313963 0.546107325 0.541868677 -0.472202308
10124.328666665 65.227713707 43.819411311 1.449454135 -0.430558236 0.545778565 0.541879741 -0.472347023
10124.361999998 65.187648240 43.816590372 1.450985793 -0.431727775 0.544481555 0.541384928 -0.473342713
10124.395333332 65.163182144 43.814530919 1.452118365 -0.433389727 0.542706503 0.540614613 -0.474740811
10124.428666665 65.121217847 43.811543990 1.453797006 -0.435748162 0.540052350 0.539539620 -0.476827009
10124.461999998 65.078865171 43.809480612 1.454884363 -0.436692795 0.538709586 0.539166619 -0.477902439
10124.495333332 65.048487353 43.808486486 1.455819289 -0.436588219 0.538618562 0.539187616 -0.478076862
10124.528666665 65.008436038 43.807576301 1.456911400 -0.436881975 0.538435865 0.538734021 -0.478525457
10124.561999998 64.968037286 43.806852213 1.457484549 -0.437689068 0.537982811 0.537847010 -0.479294657
10124.595333332 64.937397458 43.806851835 1.457699100 -0.438306175 0.537689985 0.537146948 -0.479844072
10124.628666665 64.897414691 43.807750716 1.457499819 -0.438591295 0.537760436 0.536630879 -0.480081960
10124.661999998 64.859076424 43.809070617 1.456954938 -0.438403727 0.538269855 0.536462301 -0.479870748
10124.695333332 64.825658735 43.810823106 1.456390364 -0.437736208 0.539219714 0.536633507 -0.479221860
10124.728666665 64.779717199 43.813604703 1.456074515 -0.436908583 0.540599427 0.536680495 -0.478369309
10124.761999998 64.748234880 43.815217143 1.456311515 -0.437296598 0.540842291 0.536022210 -0.478478310
10124.795333332 64.711396497 43.816711806 1.456491996 -0.439291413 0.539738227 0.534283581 -0.479840344
10124.828666665 64.663159199 43.818570087 1.456581028 -0.443275692 0.536904559 0.531125505 -0.482851793
10124.861999998 64.627268317 43.819807434 1.456772116 -0.446962311 0.534029072 0.528277850 -0.485757302
10124.895333332 64.594156903 43.820669585 1.457560506 -0.448311030 0.532898023 0.527029641 -0.487110536
10124.928666665 64.550958774 43.822635658 1.458246905 -0.447048196 0.533742961 0.527436233 -0.486905927
10124.961999998 64.511744554 43.824297680 1.458150325 -0.443959475 0.535908862 0.529125941 -0.485517678
10124.995333332 64.479893017 43.825471314 1.457493027 -0.441649711 0.537370351 0.530405058 -0.484612332
10125.028666665 64.438291153 43.825718827 1.456191578 -0.440824156 0.537461475 0.530783519 -0.484848515
10125.061999998 64.396938128 43.824718911 1.454474787 -0.442140186 0.535744377 0.529844069 -0.486575052
10125.095333332 64.368666241 43.823220999 1.453189646 -0.444328934 0.533496534 0.528415531 -0.488600320
10125.128666665 64.331969421 43.821024595 1.451055024 -0.446851028 0.530836936 0.526830825 -0.490902829
10125.161999998 64.289888772 43.818516526 1.448119008 -0.448647826 0.528703399 0.525851951 -0.492613001
10125.195333331 64.258336546 43.816979319 1.445658986 -0.448248774 0.528672563 0.526373706 -0.492452109
10125.228666665 64.217613837 43.815373747 1.442709998 -0.446025974 0.530155510 0.528176643 -0.490943377
10125.261999998 64.176752662 43.813950595 1.439966513 -0.442514035 0.532756055 0.530708343 -0.488570332
10125.295333331 64.145808459 43.812872646 1.438135307 -0.439345563 0.535060664 0.532766009 -0.486668206
10125.328666665 64.104411493 43.811171100 1.436260914 -0.436243807 0.537145814 0.534689834 -0.485048964
10125.361999998 64.062502641 43.809345731 1.434824669 -0.434379969 0.538084693 0.535744507 -0.484517006
10125.395333331 64.030897486 43.807798133 1.434119302 -0.433978746 0.537758911 0.535867043 -0.485102374
10125.428666665 63.989195243 43.805966565 1.433967333 -0.433927475 0.536959733 0.535686920 -0.486231134
10125.461999998 63.952006211 43.804840547 1.434184635 -0.433685301 0.536425794 0.535544670 -0.487192296
10125.495333331 63.920934866 43.804235218 1.434610177 -0.433266699 0.536169555 0.535468495 -0.487929982
10125.528666665 63.880625276 43.804264694 1.435442048 -0.432660117 0.536099453 0.535331531 -0.488694947
10125.561999998 63.844004421 43.804767376 1.436426340 -0.432177412 0.536196625 0.535110192 -0.489257546
10125.595333331 63.813433321 43.804869604 1.437347076 -0.432231279 0.536079957 0.534656170 -0.489833831
10125.628666665 63.775209169 43.805328362 1.438482680 -0.432929305 0.535716984 0.533704244 -0.490651923
10125.661999998 63.741910172 43.806234168 1.439312120 -0.433696167 0.535503611 0.532804146 -0.491185566
10125.695333331 63.714185929 43.807242824 1.439381669 -0.433841169 0.535810402 0.532501594 -0.491051020
10125.728666665 63.677395289 43.809178641 1.438877719 -0.433502508 0.536811905 0.532615927 -0.490131440
10125.761999998 63.633678224 43.811651047 1.437571020 -0.432831815 0.538397924 0.533040611 -0.488520218
10125.795333331 63.601470515 43.813717101 1.436342942 -0.432097512 0.539863991 0.533685216 -0.486845665
10125.828666665 63.559466034 43.816339481 1.434811430 -0.431228177 0.541611132 0.534651818 -0.484610229
10125.861999998 63.521240602 43.818428775 1.433527139 -0.431226899 0.542446533 0.535221343 -0.483045789
10125.895333331 63.488974826 43.819527730 1.432752233 -0.432573996 0.541946705 0.534904784 -0.482752917
10125.928666665 63.447402095 43.819608723 1.432538516 -0.435885369 0.539936319 0.533575666 -0.483497389
10125.961999998 63.405108017 43.818966033 1.432696371 -0.440035887 0.537123074 0.531877746 -0.484740430
10125.995333331 63.371835037 43.818571383 1.432372845 -0.442641038 0.535427388 0.531100469 -0.485096604
10126.028666665 63.329676127 43.818465180 1.431300912 -0.444457927 0.534549235 0.531205325 -0.484288313
10126.061999998 63.292002082 43.818358679 1.429535821 -0.444616926 0.535074300 0.532273614 -0.482385823
10126.095333331 63.260259239 43.817997455 1.427935970 -0.444148828 0.536173682 0.533428684 -0.480315980
10126.128666665 63.218516935 43.816973322 1.426209433 -0.443775036 0.537610735 0.534514363 -0.477841827
10126.161999998 63.181150246 43.815709695 1.425046606 -0.444024430 0.538524728 0.534810115 -0.476247376
10126.195333331 63.149021908 43.814861321 1.424220298 -0.444879593 0.538784179 0.534401789 -0.475613797
10126.228666665 63.104639875 43.814097380 1.423354041 -0.446274555 0.538853483 0.533463486 -0.475281658
10126.261999998 63.058496363 43.813323541 1.422619380 -0.447385945 0.539156496 0.532505987 -0.474966802
10126.295333331 63.026008993 43.812929615 1.422239632 -0.447461744 0.539947396 0.532139984 -0.474406824
10126.328666665 62.983729362 43.812779790 1.421979461 -0.446530821 0.541768830 0.532198578 -0.473139973
10126.361999998 62.938761446 43.812852873 1.421644230 -0.444586792 0.544404547 0.532703067 -0.471374284
10126.395333331 62.909814534 43.812846955 1.421188898 -0.442969469 0.546222668 0.533133632 -0.470305621
10126.428666665 62.859964153 43.812269699 1.420008741 -0.440656824 0.548821833 0.533485325 -0.469051774
10126.461999998 62.811232527 43.811276504 1.419570163 -0.439215421 0.550625751 0.533230882 -0.468578620
10126.495333331 62.777480280 43.810843416 1.420637051 -0.438480962 0.551704635 0.532949203 -0.468317829
10126.528666665 62.734335760 43.810426154 1.422034048 -0.437125604 0.553387196 0.532948473 -0.467599982
10126.561999998 62.696444646 43.810274072 1.424016821 -0.435722691 0.555033355 0.533236617 -0.466628784
10126.595333331 62.657522565 43.810273337 1.426028015 -0.434403485 0.556551597 0.533470486 -0.465782323
10126.628666665 62.614666953 43.810254643 1.427933729 -0.433737557 0.557321696 0.533356130 -0.465613033
10126.661999998 62.565910195 43.810219104 1.429512903 -0.433686119 0.557380985 0.532821613 -0.466201583
10126.695333331 62.534783544 43.810401983 1.429961119 -0.433962247 0.556980606 0.532366418 -0.466942578
10126.728666665 62.496197255 43.811090594 1.430133632 -0.434071681 0.556503682 0.532085990 -0.467728476
10126.761999998 62.449505869 43.812119574 1.429502790 -0.433733421 0.556132628 0.532138775 -0.468423040
10126.795333331 62.418584465 43.813027513 1.428848813 -0.433238404 0.555953386 0.532469774 -0.468717674
10126.828666665 62.378875661 43.814428581 1.427854019 -0.432546304 0.555648747 0.533034103 -0.469076550
10126.861999998 62.336497360 43.815726171 1.426858533 -0.431890529 0.555122776 0.533676330 -0.469573049
10126.895333331 62.304689122 43.816707130 1.426540382 -0.431722419 0.554370514 0.533978917 -0.470271839
10126.928666665 62.266116144 43.818113107 1.427082850 -0.432007553 0.552924928 0.534047242 -0.471632315
10126.961999998 62.223529482 43.819464985 1.428135551 -0.432908400 0.550797773 0.533695419 -0.473689065
10126.995333331 62.192069699 43.820193357 1.429502541 -0.434509272 0.548328364 0.532721455 -0.476178065
10127.028666665 62.152066776 43.820650456 1.431628632 -0.437172861 0.544598720 0.531011366 -0.479915673
10127.061999998 62.115074835 43.820882725 1.433871847 -0.439338756 0.541284668 0.529550611 -0.483289267
10127.095333331 62.083947207 43.821150070 1.435857355 -0.440471109 0.538934021 0.528839176 -0.485658778
10127.128666665 62.046960099 43.821746055 1.438224281 -0.441085913 0.536842213 0.528543221 -0.487735296
10127.161999998 62.016320308 43.822291026 1.440308210 -0.440685671 0.536085713 0.528975370 -0.488460137
10127.195333331 61.979000082 43.822646018 1.442548367 -0.439415784 0.536254180 0.529969521 -0.488341612
10127.228666665 61.942215229 43.822826478 1.445045205 -0.437814522 0.537117248 0.531177270 -0.487518425
10127.261999998 61.909400919 43.822576524 1.447527690 -0.436753655 0.537818544 0.532019559 -0.486777822
10127.295333331 61.874183465 43.822075204 1.449205022 -0.436288236 0.538007047 0.532504142 -0.486456916
10127.328666665 61.834788864 43.821237002 1.450341376 -0.436135800 0.537953376 0.532810841 -0.486317115
10127.361999998 61.790668097 43.820274068 1.450990542 -0.435783536 0.538042171 0.533301847 -0.485996371
10127.395333331 61.757793326 43.819731912 1.451106342 -0.434853211 0.538612053 0.534115481 -0.485304435
10127.428666665 61.716410338 43.819285568 1.450796111 -0.432898551 0.539962432 0.535575052 -0.483940886
10127.461999998 61.682351407 43.819046898 1.450392128 -0.430221183 0.541842380 0.537418821 -0.482180028
10127.495333331 61.643870644 43.818465696 1.449893603 -0.426666999 0.544053598 0.539832025 -0.480148247
10127.528666665 61.603323551 43.817488988 1.449450107 -0.423283185 0.545808632 0.542089274 -0.478605789
10127.561999998 61.567401289 43.816330897 1.449350610 -0.421092980 0.546520895 0.543547927 -0.478070355
10127.595333331 61.538084153 43.814772368 1.449773125 -0.420214573 0.546177982 0.544186969 -0.478507960
10127.628666665 61.496887091 43.812774291 1.450716304 -0.419786461 0.545188067 0.544460918 -0.479699497
10127.661999998 61.458683848 43.811108193 1.451807090 -0.420019997 0.543890683 0.544279112 -0.481171876
10127.695333331 61.427173660 43.809853522 1.452821029 -0.420512412 0.542757881 0.543955449 -0.482385389
10127.728666665 61.386502792 43.809142788 1.454228642 -0.420736479 0.541923567 0.543781983 -0.483322686
10127.761999998 61.339411010 43.808956426 1.455519157 -0.420313132 0.541728136 0.543956015 -0.483714121
10127.795333331 61.307388463 43.809250955 1.456283058 -0.419718238 0.542185218 0.544235622 -0.483403949
10127.828666665 61.264017506 43.810374310 1.456987620 -0.418810292 0.543147522 0.544645353 -0.482649095
10127.861999998 61.226554900 43.812153102 1.457115128 -0.417946565 0.544205209 0.545069645 -0.481726522
10127.895333331 61.192042449 43.813758097 1.456995400 -0.417454272 0.544998317 0.545380875 -0.480903802
10127.928666665 61.154288777 43.815932465 1.456822692 -0.417319332 0.545666430 0.545561137 -0.480058088
10127.961999998 61.119111655 43.818031867 1.456435171 -0.417509668 0.546122739 0.545586439 -0.479344415
10127.995333331 61.076916708 43.820062355 1.456331544 -0.418198561 0.546335935 0.545463223 -0.478640661
10128.028666665 61.034706089 43.821990752 1.456562178 -0.419603768 0.546035948 0.544970533 -0.478314268
10128.061999998 60.997592803 43.823337907 1.456907671 -0.421529812 0.545215067 0.544085311 -0.478564857
10128.095333331 60.958822545 43.823808453 1.457327554 -0.424122052 0.543800419 0.542762994 -0.479384941
10128.128666665 60.918741873 43.823952948 1.457229134 -0.427257387 0.541746386 0.541060764 -0.480848446
10128.161999998 60.870060609 43.823499708 1.456176156 -0.430640989 0.539295370 0.539224515 -0.482644554
10128.195333331 60.835448932 43.823236666 1.454392311 -0.432169557 0.538171518 0.538437738 -0.483410481
10128.228666665 60.790242477 43.823221839 1.451413513 -0.432618701 0.537987443 0.538326822 -0.483337154
10128.261999998 60.748793838 43.823400421 1.448163931 -0.431709763 0.539048803 0.538858266 -0.482374168
10128.295333331 60.717014375 43.823776498 1.445453409 -0.430853571 0.540256235 0.539111232 -0.481505431
10128.328666665 60.675407544 43.823594085 1.442106574 -0.430424957 0.541567025 0.538723803 -0.480849434
10128.361999998 60.637161970 43.823036205 1.439694777 -0.431087513 0.542214644 0.537450095 -0.480951382
10128.395333331 60.600813163 43.822572939 1.437772365 -0.432437869 0.542396646 0.535673854 -0.481515202
10128.428666665 60.554446541 43.822259777 1.435946157 -0.433952915 0.542944634 0.533582367 -0.481856669
10128.461999998 60.502846128 43.822665714 1.434750838 -0.433669843 0.545191828 0.532648989 -0.480605236
10128.495333331 60.461422744 43.824077201 1.433725835 -0.431010092 0.549290032 0.533391975 -0.477497395
10128.528666665 60.428264576 43.825629063 1.433373754 -0.427228533 0.553803249 0.535076029 -0.473784112
10128.561999998 60.384851168 43.827787109 1.433035436 -0.421889321 0.559657661 0.537614095 -0.468789705
10128.595333331 60.343802386 43.829219868 1.432735626 -0.417238064 0.564265454 0.539920932 -0.464760458
10128.628666665 60.311819112 43.830092760 1.432065550 -0.414770228 0.566477359 0.541089697 -0.462915758
10128.661999998 60.271399623 43.829890230 1.431172595 -0.413456511 0.567512182 0.541470080 -0.462378405
10128.695333331 60.228402547 43.829882642 1.430365366 -0.413337284 0.567455130 0.540995722 -0.463109699
10128.728666665 60.205243832 43.829864230 1.430672963 -0.413833160 0.566925105 0.540340675 -0.464079731
10128.761999998 60.168369066 43.830866976 1.431833544 -0.414678872 0.566092387 0.539348361 -0.465493488
10128.795333331 60.124412319 43.832858957 1.433438852 -0.414623381 0.566083671 0.538970561 -0.465990841
10128.828666665 60.098824520 43.835114833 1.434998273 -0.413024415 0.567515233 0.539763638 -0.464749942
10128.861999998 60.055455209 43.839880755 1.437618344 -0.409334044 0.570755486 0.541789879 -0.461679047
10128.895333331 60.021318007 43.843467625 1.439636282 -0.406671319 0.573255801 0.543290632 -0.459163929
10128.928666665 59.996915869 43.846393451 1.441156511 -0.405803817 0.574220886 0.543758487 -0.458170649
10128.961999998 59.950164190 43.851055951 1.443147126 -0.405684340 0.574750689 0.544006079 -0.457317448
10128.995333331 59.918269195 43.854871058 1.444206142 -0.406206032 0.574551303 0.543991886 -0.457121743
10129.028666665 59.880144514 43.858997270 1.444894806 -0.406263252 0.574675161 0.544515212 -0.456291368
10129.061999998 59.841095276 43.864150519 1.445895149 -0.405003316 0.575666703 0.546003890 -0.454378602
10129.095333331 59.802534858 43.869603118 1.447549915 -0.402751629 0.577187759 0.548224496 -0.451769098
10129.128666665 59.771476093 43.872906773 1.449091205 -0.401766584 0.577649722 0.549529446 -0.450468421
10129.161999998 59.727112427 43.876080842 1.451632016 -0.402228416 0.576679875 0.550207694 -0.450470994
10129.195333331 59.685970156 43.878095242 1.454205450 -0.404397769 0.574289787 0.549740653 -0.452149200
10129.228666665 59.655594413 43.879377856 1.456109081 -0.406425467 0.571966343 0.549160820 -0.453977132
10129.261999998 59.617287174 43.880903248 1.457897961 -0.408188436 0.569357476 0.548912713 -0.455970503
10129.295333331 59.574720892 43.883947707 1.458368138 -0.408530988 0.567432411 0.549638779 -0.457187165
10129.328666665 59.543738843 43.886840161 1.457823362 -0.407463133 0.566960912 0.550880406 -0.457230684
10129.361999998 59.507750945 43.889289268 1.455661310 -0.406030205 0.566518501 0.552482548 -0.457120658
10129.395333331 59.467610838 43.891444815 1.452780724 -0.405355642 0.565269253 0.553600108 -0.457913088
10129.428666665 59.438739234 43.892123107 1.450149288 -0.406388830 0.563247386 0.553428435 -0.459692799
10129.461999998 59.400243356 43.892481253 1.446188591 -0.408675690 0.559859224 0.552584456 -0.462809085
10129.495333331 59.361767351 43.893099896 1.442809040 -0.410500349 0.557008912 0.551876533 -0.465470545
10129.528666665 59.331418687 43.893786828 1.440388268 -0.410740991 0.555768806 0.552000105 -0.466592709
10129.561999998 59.288411946 43.895203363 1.437568470 -0.409396590 0.555580227 0.553065913 -0.466736692
10129.595333331 59.248437123 43.896572950 1.435245648 -0.406815614 0.556483349 0.554741947 -0.465927796
10129.628666665 59.219331067 43.897939636 1.433582653 -0.404448697 0.557450749 0.556177066 -0.465120399
10129.661999998 59.179107101 43.899644830 1.431466026 -0.401537327 0.558593194 0.557806454 -0.464320340
10129.695333331 59.146087508 43.900705577 1.429525226 -0.399509540 0.559149850 0.558877049 -0.464112074
10129.728666665 59.112657706 43.902381517 1.426812783 -0.397506516 0.559298296 0.559869182 -0.464457194
10129.761999998 59.078490724 43.903909140 1.423724622 -0.396358557 0.558608073 0.560412004 -0.465612824
10129.795333331 59.036939968 43.905756470 1.420064610 -0.395952259 0.557052614 0.560500306 -0.467711023
10129.828666665 59.009701208 43.907860127 1.417867151 -0.395757518 0.555947325 0.560510048 -0.469176987
10129.861999998 58.975257046 43.911342157 1.415907107 -0.394841896 0.555309764 0.560850712 -0.470295037
10129.895333331 58.940603193 43.915832106 1.415013254 -0.392886870 0.556022502 0.561715825 -0.470057675
10129.928666665 58.914263342 43.919977420 1.414737903 -0.390692748 0.557460501 0.562694176 -0.469011972
10129.961999998 58.880754609 43.925176768 1.414847462 -0.388182018 0.559392823 0.563748185 -0.467527940
10129.995333331 58.846445174 43.929979915 1.414948409 -0.387112380 0.560495607 0.564061350 -0.466715624
10130.028666665 58.813168620 43.934593471 1.414961351 -0.387655994 0.560495318 0.563549435 -0.466883136
10130.061999998 58.781526824 43.938668990 1.414977995 -0.389247792 0.559766637 0.562643442 -0.467525214
10130.095333331 58.741353085 43.944430664 1.414727841 -0.391521561 0.558658042 0.561625969 -0.468175533
10130.128666665 58.713031088 43.948373034 1.414512695 -0.392643216 0.558173979 0.561492225 -0.467973927
10130.161999998 58.675683297 43.953574642 1.414405559 -0.393337741 0.558083860 0.562092004 -0.466776612
10130.195333331 58.630060556 43.959571342 1.413693210 -0.393246097 0.558498368 0.563624528 -0.464504543
10130.228666665 58.601247133 43.963647331 1.413261440 -0.393246358 0.558683727 0.564838987 -0.462803105
10130.261999998 58.565413468 43.967612409 1.412714534 -0.394059675 0.558199482 0.566050529 -0.461212652
10130.295333331 58.522617188 43.971041824 1.411443888 -0.396258860 0.556515537 0.566807809 -0.460432711
10130.328666665 58.493070437 43.972736903 1.409909076 -0.398585387 0.554539421 0.566958696 -0.460623010
10130.361999998 58.452058429 43.973838274 1.406936806 -0.402045217 0.551536378 0.566912418 -0.461278199
10130.395333331 58.412629617 43.974591454 1.403546643 -0.404948228 0.548953481 0.566920757 -0.461809336
10130.428666665 58.386960556 43.974835077 1.401183213 -0.406466746 0.547565711 0.567185073 -0.461798299
10130.461999998 58.361339805 43.974559350 1.398677928 -0.407558405 0.546622906 0.567687134 -0.461335955
10130.495333331 58.323315734 43.974264793 1.395713622 -0.408097297 0.546307889 0.568432230 -0.460314117
10130.528666665 58.294480082 43.974100779 1.393680496 -0.408472181 0.546259293 0.568811907 -0.459569664
10130.561999998 58.250838889 43.973271930 1.390871285 -0.410136632 0.545544026 0.568451699 -0.459382547
10130.595333331 58.219571228 43.972651472 1.388588623 -0.412555080 0.544248373 0.567359005 -0.460104090
10130.628666665 58.189047280 43.972192375 1.387060475 -0.414400235 0.543232111 0.566386025 -0.460845082
10130.661999998 58.146071279 43.971479130 1.385170431 -0.416093510 0.542371605 0.565432189 -0.461503708
10130.695333331 58.102949291 43.971072433 1.383321865 -0.416273797 0.542415712 0.565285782 -0.461468640
10130.728666665 58.071479895 43.971452333 1.381733666 -0.415237893 0.543161003 0.565777284 -0.460922642
10130.761999998 58.029660872 43.971877058 1.379807716 -0.412931199 0.544696354 0.566910173 -0.459789694
10130.795333331 57.995402857 43.971604015 1.378993900 -0.410343960 0.546378838 0.568213813 -0.458498706
10130.828666665 57.954505629 43.971978816 1.379656430 -0.407210170 0.548633349 0.569519920 -0.456977447
10130.861999998 57.910384194 43.972153443 1.381561319 -0.404157102 0.550969214 0.570500362 -0.455652608
10130.895333331 57.866424889 43.971975014 1.383591300 -0.401885717 0.552805549 0.570772618 -0.455096159
10130.928666665 57.835764773 43.972339608 1.384964317 -0.401153475 0.553392417 0.570334606 -0.455577831
10130.961999998 57.798316610 43.972318810 1.386592124 -0.401681058 0.552977253 0.568990418 -0.457294642
10130.995333331 57.758179831 43.972457517 1.388188098 -0.403642495 0.551379293 0.566839775 -0.460158973
10131.028666665 57.721960297 43.973174624 1.389316849 -0.406009078 0.549453642 0.564654081 -0.463058411
10131.061999998 57.685030622 43.974646850 1.391149946 -0.407810126 0.548039070 0.562842333 -0.465352111
10131.095333331 57.650800344 43.976660439 1.393156210 -0.407889311 0.548103915 0.562152890 -0.466039201
10131.128666665 57.621503146 43.978586765 1.394876076 -0.407277381 0.548856708 0.561983146 -0.465893112
10131.161999998 57.589799024 43.981113890 1.397535346 -0.406480674 0.550025365 0.561792603 -0.465440254
10131.195333331 57.554311082 43.984039779 1.400785930 -0.405797935 0.551294416 0.561459676 -0.464936055
10131.228666665 57.516750338 43.987291061 1.404358568 -0.405889891 0.552085275 0.560674571 -0.464864788
10131.261999998 57.475812949 43.990744207 1.408461847 -0.407198436 0.552020609 0.559174894 -0.465602964
10131.295333331 57.432154480 43.994316136 1.412481821 -0.408774930 0.551564448 0.557630093 -0.466613754
10131.328666665 57.401686267 43.997740237 1.415593418 -0.409496107 0.551330147 0.556854710 -0.467183946
10131.361999998 57.358871755 44.002270992 1.419988200 -0.410357466 0.550887829 0.555999450 -0.467967907
10131.395333331 57.322509109 44.006068112 1.424071112 -0.411705250 0.549819838 0.554944885 -0.469290003
10131.428666665 57.291806700 44.008524663 1.426849748 -0.413666479 0.548196858 0.553665787 -0.470971811
10131.461999998 57.253755761 44.010476102 1.429992019 -0.417035483 0.545360970 0.551629836 -0.473674300
10131.495333331 57.209696095 44.012665726 1.432653071 -0.421190259 0.541737085 0.549118072 -0.477062931
10131.528666665 57.180164970 44.014071542 1.433284661 -0.423179148 0.539848037 0.547967988 -0.478763605
10131.561999998 57.145047571 44.015787802 1.433038285 -0.424159555 0.538610164 0.547455623 -0.479875092
10131.595333331 57.103568550 44.017148559 1.431506547 -0.423402261 0.538679895 0.547975864 -0.479871805
10131.628666665 57.074704403 44.017955149 1.429961703 -0.422033314 0.539476126 0.548765398 -0.479280637
10131.661999998 57.036040657 44.017625891 1.428073354 -0.420400598 0.540576589 0.549576662 -0.478545484
10131.695333331 57.000597606 44.016116320 1.427134178 -0.420045598 0.540861984 0.549516604 -0.478603711
10131.728666665 56.974616140 44.014110871 1.427345202 -0.420686089 0.540459062 0.548925422 -0.479174392
10131.761999998 56.940877494 44.011570891 1.428265271 -0.421744031 0.539831418 0.548098517 -0.479897935
10131.795333331 56.913255233 44.008903190 1.429122561 -0.422120940 0.539681672 0.547866762 -0.479999600
10131.828666665 56.877863676 44.007138846 1.429800637 -0.421593906 0.540193052 0.548234598 -0.479467278
10131.861999998 56.838891686 44.004211458 1.430216924 -0.420201822 0.541311254 0.549180264 -0.478344638
10131.895333331 56.808045134 44.001082130 1.430427151 -0.418540287 0.542424043 0.550157579 -0.477416825
10131.928666665 56.773972222 43.998205393 1.430170930 -0.416761500 0.543401265 0.551111996 -0.476760407
10131.961999998 56.734357433 43.994020313 1.429815514 -0.415334677 0.543804670 0.551848951 -0.476693110
10131.995333331 56.693828272 43.990159219 1.429614579 -0.414527750 0.543638030 0.552174342 -0.477208479
10132.028666665 56.661244840 43.986789266 1.429327069 -0.413444310 0.543555953 0.552635508 -0.477707782
10132.061999998 56.622524211 43.982524864 1.428968156 -0.411302012 0.544008834 0.553595727 -0.477929716
10132.095333331 56.585294113 43.978190128 1.428496096 -0.409113006 0.544494016 0.554515763 -0.478189381
10132.128666665 56.558484809 43.975441856 1.427956102 -0.408120571 0.544337713 0.554750040 -0.478943052
10132.161999998 56.522669910 43.971945072 1.427167861 -0.407791592 0.543377698 0.554593274 -0.480492451
10132.195333331 56.487881706 43.968959744 1.426025032 -0.408062576 0.542005856 0.554144371 -0.482326240
10132.228666665 56.456204530 43.966868578 1.424551281 -0.408468979 0.540841025 0.553695928 -0.483802541
10132.261999998 56.419880368 43.964969047 1.422661789 -0.408755152 0.540145538 0.553279018 -0.484813729
10132.295333331 56.389859253 43.963973549 1.421218573 -0.408629718 0.540197711 0.553077336 -0.485091380
10132.328666665 56.356747224 43.962968679 1.419661807 -0.408348091 0.540829181 0.552889922 -0.484838497
10132.361999998 56.320269265 43.962705504 1.418656635 -0.407670616 0.542287705 0.552974023 -0.483682172
10132.395333331 56.290541053 43.962961152 1.418307488 -0.406650500 0.544211734 0.553286702 -0.482019485
10132.428666665 56.255065275 43.964161607 1.418199541 -0.405321454 0.546662192 0.554037725 -0.479496784
10132.461999998 56.217265287 43.965819341 1.418806614 -0.403976922 0.549191297 0.555044626 -0.476567969
10132.495333331 56.177487435 43.967276170 1.420552582 -0.403073641 0.551200989 0.556073346 -0.473805386
10132.528666665 56.151865571 43.968621939 1.422028425 -0.402697885 0.552202491 0.556785678 -0.472119192
10132.561999998 56.122183891 43.969750624 1.424413547 -0.402625611 0.553034897 0.557409902 -0.470467026
10132.595333331 56.085233923 43.969561741 1.427757502 -0.403297446 0.553216998 0.557750191 -0.469272679
10132.628666665 56.050198158 43.968524997 1.430020150 -0.404774969 0.552284189 0.557548560 -0.469338899
10132.661999998 56.024718579 43.967765342 1.430329586 -0.406634421 0.550859066 0.556964251 -0.470099521
10132.695333331 55.991447267 43.966321506 1.430003843 -0.409646130 0.548486154 0.555982998 -0.471419021
10132.728666665 55.961385601 43.964980444 1.429263345 -0.411555985 0.547143833 0.555496559 -0.471888620
10132.761999998 55.938607920 43.963787127 1.428688365 -0.411631474 0.547504109 0.555814472 -0.471029780
10132.795333331 55.912325101 43.962177205 1.428510865 -0.410450882 0.549148573 0.556853655 -0.468913559
10132.828666665 55.873285222 43.959229954 1.428922211 -0.408465719 0.552182407 0.558270021 -0.465386860
10132.861999998 55.849597696 43.957370937 1.429785153 -0.408378080 0.553383119 0.558343588 -0.463947093
10132.895333331 55.816428819 43.953732796 1.431809105 -0.409568441 0.554218169 0.557534658 -0.462872571
10132.928666665 55.784484126 43.950308675 1.434167233 -0.411031445 0.554790666 0.556518535 -0.462112095
10132.961999998 55.760739845 43.948160548 1.436214394 -0.411425879 0.555696317 0.556115549 -0.461157072
10132.995333331 55.732985314 43.945718883 1.438872456 -0.410589297 0.557562959 0.556416870 -0.459282313
10133.028666665 55.694756650 43.942257763 1.442658393 -0.407066787 0.561424625 0.558353894 -0.455345968
10133.061999998 55.672139401 43.939466797 1.444952162 -0.404341901 0.563681263 0.560050438 -0.452895759
10133.095333331 55.643795190 43.935142121 1.447766671 -0.401210125 0.565719525 0.562200416 -0.450469251
10133.128666665 55.617709028 43.930320084 1.450890658 -0.399631135 0.565991314 0.563644755 -0.449725894
10133.161999998 55.598245966 43.927038933 1.453223577 -0.399457984 0.565249365 0.564158600 -0.450168356
10133.195333331 55.572746907 43.921689132 1.456515692 -0.400016162 0.563520049 0.564320533 -0.451635429
10133.228666665 55.551367763 43.916697458 1.459790875 -0.400640986 0.561828262 0.564281523 -0.453235223
10133.261999998 55.537368659 43.914135734 1.461499440 -0.400690520 0.561164864 0.564377120 -0.453893786
10133.295333331 55.518555438 43.910245823 1.464090905 -0.400089051 0.560702940 0.564885312 -0.454362794
10133.328666665 55.493960495 43.906776608 1.466920728 -0.398158406 0.561370516 0.566185027 -0.453616075
10133.361999998 55.482029137 43.905659824 1.468485880 -0.397186683 0.561949415 0.566741431 -0.453056006
10133.395333331 55.482198447 43.904284957 1.470851488 -0.396859668 0.562255778 0.566872868 -0.452797963
10133.428666665 55.464255701 43.902484398 1.473105254 -0.397668662 0.562203678 0.566209339 -0.452983050
10133.461999998 55.454035974 43.901972453 1.474451019 -0.398804590 0.561967408 0.565409278 -0.453276824
10133.495333331 55.454100664 43.902102877 1.476767168 -0.400346188 0.561749850 0.564259749 -0.453619853
10133.528666665 55.451035044 43.902770834 1.479676343 -0.402195622 0.561848371 0.562839768 -0.453625931
10133.561999998 55.448112720 43.903525910 1.482524942 -0.403755539 0.562200382 0.561605960 -0.453333146
10133.595333331 55.442324682 43.905587825 1.486249212 -0.406309564 0.562586760 0.559757412 -0.452857941
10133.628666665 55.431911570 43.908265861 1.489467443 -0.408686208 0.562890617 0.558130246 -0.452349827
10133.661999998 55.421303216 43.910551617 1.491846863 -0.410317468 0.563426169 0.557015056 -0.451580287
10133.695333331 55.407275065 43.914715108 1.494159217 -0.411835700 0.564601686 0.555849593 -0.450163883
10133.728666665 55.399765970 43.917996638 1.494512748 -0.413126782 0.565221423 0.554882098 -0.449396108
10133.761999998 55.391247517 43.920123192 1.494206491 -0.414317851 0.565391094 0.554064231 -0.449095154
10133.795333331 55.387305202 43.922535445 1.492662892 -0.415884924 0.565281926 0.552968926 -0.449134102
10133.828666665 55.374409482 43.926065336 1.488958557 -0.417935066 0.565354522 0.551619154 -0.448799347
10133.861999998 55.368106226 43.929067795 1.486089602 -0.417925006 0.566247864 0.551460298 -0.447876752
10133.895333331 55.362703531 43.933294806 1.481882983 -0.417132660 0.567835185 0.551970300 -0.445973468
10133.928666665 55.363138312 43.936543622 1.478454933 -0.416157707 0.569639442 0.552622190 -0.443770644
10133.961999998 55.357324728 43.939068909 1.476638946 -0.415224114 0.571142295 0.553365009 -0.441783409
10133.995333331 55.352675139 43.941333551 1.474675749 -0.413590021 0.573179348 0.554582821 -0.439143057
10134.028666665 55.344640370 43.944929534 1.471773680 -0.410715047 0.576443462 0.556764191 -0.434786983
10134.061999998 55.340511930 43.945902979 1.470441149 -0.409801031 0.577817404 0.557599343 -0.432750662
10134.095333331 55.336362963 43.946339963 1.469109348 -0.409983681 0.578472801 0.557890111 -0.431324964
10134.128666665 55.330575207 43.945719002 1.467535524 -0.412413100 0.577743549 0.557028527 -0.431099811
10134.161999998 55.324656400 43.945214930 1.466143811 -0.416589460 0.575632915 0.555112450 -0.432377308
10134.195333331 55.323574252 43.943888081 1.464731110 -0.422443663 0.572186354 0.552311665 -0.434851644
10134.228666665 55.319943652 43.942337752 1.463710315 -0.427794926 0.568804356 0.549515751 -0.437590613
10134.261999998 55.316833484 43.942017725 1.463214885 -0.430565094 0.566961224 0.548032677 -0.439122824
10134.295333331 55.311041800 43.940897970 1.461775827 -0.435838751 0.563421909 0.544865417 -0.442404807
10134.328666665 55.307254298 43.940320191 1.459643175 -0.439301025 0.561284965 0.542595150 -0.444482058
10134.361999998 55.304535166 43.940153063 1.457578239 -0.440184813 0.561050696 0.541698024 -0.444997413
10134.395333331 55.301041084 43.940061444 1.453833529 -0.439046315 0.562638475 0.541730977 -0.444076377
10134.428666665 55.298734050 43.939218754 1.449788762 -0.436447709 0.565349723 0.542541311 -0.442201326
10134.461999998 55.297572062 43.939357215 1.447307951 -0.434965508 0.567016692 0.542828237 -0.441174096
10134.495333331 55.294212734 43.938589074 1.441867029 -0.432899024 0.569770446 0.542531878 -0.440021858
10134.528666665 55.291032083 43.937983339 1.437003445 -0.432979518 0.570758738 0.540885573 -0.440688095
10134.561999998 55.289284431 43.937698788 1.433711071 -0.433933925 0.570603490 0.539172562 -0.442047457
10134.595333331 55.287046084 43.937058510 1.429213028 -0.435551415 0.569955051 0.536178865 -0.444925197
10134.628666665 55.285165577 43.937429032 1.424806401 -0.435825080 0.570393831 0.534324752 -0.446323242
10134.661999998 55.284367502 43.938591155 1.421723151 -0.434770075 0.571546322 0.533715874 -0.446606259
10134.695333331 55.284188044 43.939690183 1.418619136 -0.432604270 0.573450971 0.533776757 -0.446194916
10134.728666665 55.283968280 43.942653032 1.414750089 -0.428806508 0.576678143 0.534283315 -0.445093964
10134.761999998 55.284348987 43.943755283 1.413136711 -0.427429584 0.577900796 0.534209466 -0.444921192
10134.795333331 55.284596293 43.944320992 1.411605368 -0.426731946 0.578493587 0.533569306 -0.445588163
10134.828666665 55.283089259 43.944684738 1.410262000 -0.427873851 0.577565095 0.531759515 -0.447855274
10134.861999998 55.282319808 43.944474388 1.409621641 -0.429727701 0.575914829 0.530054810 -0.450220069
10134.895333331 55.280425249 43.942666113 1.408764067 -0.432798614 0.573107716 0.527649885 -0.453672244
10134.928666665 55.279704803 43.940087132 1.407642710 -0.435863746 0.569918606 0.525527938 -0.457204510
10134.961999998 55.280091488 43.938817048 1.406757627 -0.436894566 0.568513663 0.525018022 -0.458553627
10134.995333331 55.281478640 43.936375407 1.405309613 -0.437111063 0.567252276 0.525445508 -0.459418972
10135.028666665 55.283894956 43.933349694 1.403927423 -0.435738544 0.567056808 0.527392366 -0.458732810
10135.061999998 55.285536394 43.931700792 1.402984344 -0.434013623 0.567417850 0.529501978 -0.457489687
10135.095333331 55.288364096 43.928730251 1.401993670 -0.431084898 0.568094683 0.533084114 -0.455253302
10135.128666665 55.291018919 43.924961786 1.401379477 -0.428662659 0.568143171 0.536632846 -0.453306575
10135.161999998 55.293211778 43.922294218 1.401074599 -0.427813445 0.567457655 0.538765835 -0.452436560
10135.195333331 55.297026975 43.917695839 1.400892172 -0.427685424 0.565728280 0.541040168 -0.452009101
10135.228666665 55.299920164 43.912836849 1.400788907 -0.428573974 0.562850596 0.543252568 -0.452106406
10135.261999998 55.303067158 43.908840574 1.400713251 -0.429612848 0.560567683 0.544671558 -0.452249453
10135.295333331 55.306963416 43.903644690 1.400723830 -0.430450056 0.558069994 0.546855587 -0.451906626
10135.328666665 55.309253212 43.899924091 1.400591528 -0.430211452 0.556641788 0.549581291 -0.450586764
10135.361999998 55.310705447 43.897886517 1.400449419 -0.429714638 0.556035273 0.551642379 -0.449289206
10135.395333331 55.311823841 43.895208119 1.400204154 -0.429006509 0.555338826 0.554445661 -0.447372565
10135.428666665 55.314187680 43.893212329 1.400472767 -0.428716690 0.554760114 0.556221540 -0.446162318
10135.461999998 55.315351618 43.890509722 1.400430765 -0.428894408 0.553909912 0.558101970 -0.444697186
10135.495333331 55.315832861 43.888633391 1.400343683 -0.429226144 0.553298583 0.559451705 -0.443440397
10135.528666665 55.317920630 43.885600743 1.400826141 -0.429589480 0.552591151 0.561437031 -0.441457086
10135.561999998 55.317910814 43.884299347 1.401274019 -0.429843998 0.552350744 0.562322375 -0.440382037
10135.595333331 55.320606261 43.883103670 1.401297525 -0.430141967 0.552231886 0.562977041 -0.439402644
10135.628666665 55.321131961 43.882432309 1.401956483 -0.430677102 0.552195595 0.563439048 -0.438330580
10135.661999998 55.320682319 43.882355640 1.402285796 -0.431254662 0.552092784 0.563259664 -0.438122729
10135.695333331 55.325208188 43.882415287 1.402446342 -0.432077476 0.552043867 0.562643310 -0.438165642
10135.728666665 55.325717833 43.882948228 1.402535369 -0.432700008 0.552236977 0.561872495 -0.438297072
10135.761999998 55.325015551 43.883756200 1.402559783 -0.432787210 0.552665801 0.561395716 -0.438281408
10135.795333331 55.328557595 43.885021547 1.402583605 -0.432409819 0.553618350 0.560941081 -0.438033760
10135.828666665 55.329480406 43.887289603 1.402554239 -0.431149196 0.555619893 0.560555957 -0.437234406
10135.861999998 55.328733186 43.888789182 1.402502711 -0.430268531 0.556976877 0.560345162 -0.436645221
10135.895333331 55.330254255 43.890961932 1.402404217 -0.429103413 0.558910125 0.559794929 -0.436026801
10135.928666665 55.329601544 43.892835385 1.402222500 -0.428788559 0.560143082 0.558732010 -0.436117691
10135.961999998 55.329110035 43.893762560 1.402135941 -0.428828209 0.560597358 0.558061844 -0.436353008
10135.995333331 55.331015502 43.895726160 1.401459239 -0.428805789 0.561769592 0.556397367 -0.436992552
10136.028666665 55.331085802 43.897521347 1.400708713 -0.428742362 0.562772584 0.554986174 -0.437558399
10136.061999998 55.330603595 43.898857579 1.400253342 -0.428712231 0.563429476 0.554037732 -0.437944335
10136.095333331 55.330844044 43.900614971 1.399458758 -0.428245367 0.564665333 0.552908662 -0.438236214
10136.128666665 55.332066283 43.901978099 1.398457983 -0.427181187 0.566207621 0.552303568 -0.438047865
10136.161999998 55.332393960 43.903214288 1.397855860 -0.426399203 0.567295782 0.551958568 -0.437836676
10136.195333331 55.333202629 43.904051770 1.396636650 -0.425669837 0.568382445 0.551421150 -0.437814232
10136.228666665 55.333890433 43.904890700 1.395040300 -0.425428847 0.569203627 0.550493058 -0.438149427
10136.261999998 55.334062808 43.905388370 1.393948645 -0.425549410 0.569516905 0.549818909 -0.438471620
10136.295333331 55.334832729 43.905442218 1.392092326 -0.425785464 0.569886174 0.548978760 -0.438815232
10136.328666665 55.336525766 43.904759933 1.390013636 -0.425774985 0.570397126 0.548513614 -0.438743201
10136.361999998 55.336765050 43.904707924 1.388695688 -0.425624075 0.570903004 0.548376564 -0.438402842
10136.395333331 55.337920653 43.904010865 1.386917321 -0.425284727 0.571686691 0.548458479 -0.437607729
10136.428666665 55.338938007 43.903105345 1.384954389 -0.424542764 0.572919524 0.548941277 -0.436107940
10136.461999998 55.339999532 43.902166732 1.383674477 -0.423993329 0.573838815 0.549447147 -0.434794785
10136.495333331 55.341313365 43.900923840 1.382526876 -0.423514467 0.574705885 0.550031314 -0.433375352
10136.528666665 55.343497681 43.898773188 1.381550458 -0.423328962 0.575435022 0.550708956 -0.431725342
10136.561999998 55.344432259 43.897612290 1.381265782 -0.423743314 0.575429851 0.550839451 -0.431158891
10136.595333331 55.345824293 43.895122040 1.381083571 -0.425546747 0.574501563 0.550390421 -0.431194045
10136.628666665 55.348053957 43.891845370 1.381113485 -0.428372798 0.572713029 0.549390275 -0.432049602
10136.661999998 55.348831814 43.889847369 1.381128741 -0.430698884 0.571178711 0.548481461 -0.432921977
10136.695333331 55.350896586 43.886445749 1.381213574 -0.433908612 0.569060683 0.547239793 -0.434075875
10136.728666665 55.353748807 43.882932189 1.381350821 -0.436192320 0.567577243 0.546566761 -0.434576931
10136.761999998 55.355552287 43.880791911 1.381347105 -0.437128992 0.567025196 0.546754141 -0.434120469
10136.795333331 55.357900373 43.879514232 1.381507211 -0.437187554 0.567050496 0.547102972 -0.433588647
10136.828666665 55.359766235 43.877677858 1.381402611 -0.436749684 0.567409887 0.548127356 -0.432263965
10136.861999998 55.361865800 43.876528167 1.381246454 -0.436368043 0.567716781 0.548927138 -0.431230315
10136.895333331 55.362984848 43.876042069 1.381073135 -0.436300789 0.567762791 0.549230080 -0.430851893
10136.928666665 55.364970058 43.875635733 1.380916540 -0.436300954 0.567752555 0.549448696 -0.430586396
10136.961999998 55.368041077 43.875214368 1.380705900 -0.436205331 0.567788228 0.549674655 -0.430347779
10136.995333331 55.369853092 43.875174030 1.380674605 -0.436098448 0.567860669 0.549722096 -0.430299921
10137.028666665 55.372494331 43.875291432 1.380756610 -0.435865040 0.568022591 0.549682295 -0.430373532
10137.061999998 55.374808437 43.875332139 1.380956606 -0.435895691 0.568074974 0.549307031 -0.430752314
10137.095333331 55.375848312 43.875351412 1.381199612 -0.436034703 0.568025560 0.548905264 -0.431188720
10137.128666665 55.378544416 43.875130647 1.381583640 -0.436372331 0.567836615 0.548153407 -0.432051629
10137.161999998 55.380621666 43.875007814 1.382034432 -0.436938775 0.567409653 0.547134389 -0.433329844
10137.195333331 55.381754958 43.874945842 1.382236768 -0.437216796 0.567195803 0.546608181 -0.433992961
10137.228666665 55.384371623 43.875188318 1.382820269 -0.437321967 0.567045155 0.545617101 -0.435328919
10137.261999998 55.386642661 43.875747701 1.383353225 -0.436919147 0.567337334 0.545051460 -0.436060678
10137.295333331 55.387932144 43.876122138 1.383637304 -0.436642870 0.567536505 0.544786678 -0.436408976
10137.328666665 55.390402130 43.877092943 1.384230678 -0.435902464 0.568039679 0.544327336 -0.437067176
10137.361999998 55.392395807 43.878037985 1.384679625 -0.435239899 0.568486376 0.543943608 -0.437624064
10137.395333331 55.393419049 43.878415038 1.384826388 -0.434960665 0.568659223 0.543781821 -0.437878109
10137.428666665 55.394929587 43.879405172 1.385351255 -0.434386563 0.568926963 0.543303472 -0.438693243
10137.461999998 55.396892018 43.879800066 1.385665043 -0.434319602 0.568796057 0.542748813 -0.439614894
10137.495333331 55.397531267 43.880092292 1.385960558 -0.434373597 0.568596371 0.542363334 -0.440295081
10137.528666665 55.399177375 43.880057752 1.386312652 -0.434542712 0.568196365 0.541821445 -0.441310598
10137.561999998 55.400393657 43.880031095 1.386732854 -0.434679384 0.567819031 0.541435290 -0.442134830
10137.595333331 55.400436553 43.880030165 1.386747969 -0.434684218 0.567805563 0.541421680 -0.442164038
10137.628666665 55.400436553 43.880030165 1.386747969 -0.434684218 0.567805563 0.541421680 -0.442164038
10137.661999998 55.400436553 43.880030165 1.386747969 -0.434684218 0.567805563 0.541421680 -0.442164038
10137.695333331 55.400436553 43.880030165 1.386747969 -0.434684218 0.567805563 0.541421680 -0.442164038
10137.728666665 55.400436553 43.880030165 1.386747969 -0.434684218 0.567805563 0.541421680 -0.442164038
10137.761999998 55.400436553 43.880030165 1.386747969 -0.434684218 0.567805563 0.541421680 -0.442164038
10137.795333331 55.400436553 43.880030165 1.386747969 -0.434684218 0.567805563 0.541421680 -0.442164038
10137.828666665 55.400436553 43.880030165 1.386747969 -0.434684218 0.567805563 0.541421680 -0.442164038
10137.861999998 55.400436553 43.880030165 1.386747969 -0.434684218 0.567805563 0.541421680 -0.442164038
10137.895333331 55.400436553 43.880030165 1.386747969 -0.434684218 0.567805563 0.541421680 -0.442164038
10137.928666665 55.400436553 43.880030165 1.386747969 -0.434684218 0.567805563 0.541421680 -0.442164038
10137.961999998 55.400436553 43.880030165 1.386747969 -0.434684218 0.567805563 0.541421680 -0.442164038
10137.995333331 55.400436553 43.880030165 1.386747969 -0.434684218 0.567805563 0.541421680 -0.442164038
10138.028666665 55.400436553 43.880030165 1.386747969 -0.434684218 0.567805563 0.541421680 -0.442164038
10138.061999998 55.400436553 43.880030165 1.386747969 -0.434684218 0.567805563 0.541421680 -0.442164038
10138.095333331 55.400436553 43.880030165 1.386747969 -0.434684218 0.567805563 0.541421680 -0.442164038
10138.128666665 55.400436553 43.880030165 1.386747969 -0.434684218 0.567805563 0.541421680 -0.442164038
10138.161999998 55.400436553 43.880030165 1.386747969 -0.434684218 0.567805563 0.541421680 -0.442164038
10138.195333331 55.400436553 43.880030165 1.386747969 -0.434684218 0.567805563 0.541421680 -0.442164038
10138.228666665 55.400436553 43.880030165 1.386747969 -0.434684218 0.567805563 0.541421680 -0.442164038
10138.261999998 55.400436553 43.880030165 1.386747969 -0.434684218 0.567805563 0.541421680 -0.442164038
10138.295333331 55.400436553 43.880030165 1.386747969 -0.434684218 0.567805563 0.541421680 -0.442164038
10138.328666665 55.400436553 43.880030165 1.386747969 -0.434684218 0.567805563 0.541421680 -0.442164038
10138.361999998 55.400436553 43.880030165 1.386747969 -0.434684218 0.567805563 0.541421680 -0.442164038
10138.395333331 55.400436553 43.880030165 1.386747969 -0.434684218 0.567805563 0.541421680 -0.442164038
10138.428666665 55.400436553 43.880030165 1.386747969 -0.434684218 0.567805563 0.541421680 -0.442164038
10138.461999998 55.400436553 43.880030165 1.386747969 -0.434684218 0.567805563 0.541421680 -0.442164038
10138.495333331 55.400436553 43.880030165 1.386747969 -0.434684218 0.567805563 0.541421680 -0.442164038
10138.528666665 55.400436553 43.880030165 1.386747969 -0.434684218 0.567805563 0.541421680 -0.442164038
10138.561999998 55.400436553 43.880030165 1.386747969 -0.434684218 0.567805563 0.541421680 -0.442164038
10138.595333331 55.400436553 43.880030165 1.386747969 -0.434684218 0.567805563 0.541421680 -0.442164038
10138.628666665 55.400436553 43.880030165 1.386747969 -0.434684218 0.567805563 0.541421680 -0.442164038
10138.661999998 55.400436553 43.880030165 1.386747969 -0.434684218 0.567805563 0.541421680 -0.442164038
10138.695333331 55.400436553 43.880030165 1.386747969 -0.434684218 0.567805563 0.541421680 -0.442164038
10138.728666665 55.400436553 43.880030165 1.386747969 -0.434684218 0.567805563 0.541421680 -0.442164038
10138.761999998 55.400436553 43.880030165 1.386747969 -0.434684218 0.567805563 0.541421680 -0.442164038
10138.795333331 55.400436553 43.880030165 1.386747969 -0.434684218 0.567805563 0.541421680 -0.442164038
10138.828666665 55.400436553 43.880030165 1.386747969 -0.434684218 0.567805563 0.541421680 -0.442164038
10138.861999998 55.400436553 43.880030165 1.386747969 -0.434684218 0.567805563 0.541421680 -0.442164038
10138.895333331 55.400436553 43.880030165 1.386747969 -0.434684218 0.567805563 0.541421680 -0.442164038
10138.928666665 55.400436553 43.880030165 1.386747969 -0.434684218 0.567805563 0.541421680 -0.442164038
10138.961999998 55.400436553 43.880030165 1.386747969 -0.434684218 0.567805563 0.541421680 -0.442164038
10138.995333331 55.400436553 43.880030165 1.386747969 -0.434684218 0.567805563 0.541421680 -0.442164038
10139.028666665 55.400436553 43.880030165 1.386747969 -0.434684218 0.567805563 0.541421680 -0.442164038
10139.061999998 55.400436553 43.880030165 1.386747969 -0.434684218 0.567805563 0.541421680 -0.442164038
10139.095333331 55.400436553 43.880030165 1.386747969 -0.434684218 0.567805563 0.541421680 -0.442164038
