# timestamp tx ty tz qx qy qz qw  (localization: SE2 map-aligned cam0)
10005.929141795 39.710924928 23.673070341 1.109562985 0.519952782 0.660470259 0.425942491 0.334665706
10005.962484617 39.709507537 23.672658117 1.113603133 0.518757525 0.660953001 0.427667237 0.333365409
10005.995836036 39.708967513 23.672443633 1.121139422 0.515721155 0.663466399 0.428723866 0.331722587
10006.029206732 39.707106072 23.674627725 1.126284005 0.517775685 0.659586789 0.426323496 0.339266686
10006.062596588 39.704567080 23.674933768 1.131665850 0.517332583 0.658980541 0.425684333 0.341912990
10006.095988988 39.702540507 23.673041982 1.136469101 0.516582393 0.656879386 0.427022812 0.345403563
10006.129413727 39.697370415 23.673453378 1.146178746 0.515059769 0.655706645 0.427835296 0.348882773
10006.162782558 39.695982062 23.673707408 1.149955611 0.513965071 0.655793308 0.428675792 0.349302316
10006.196179130 39.690491974 23.675574163 1.160979162 0.509810327 0.656873306 0.431733536 0.349595543
10006.229567338 39.686436308 23.677480638 1.169952015 0.506125891 0.657956170 0.434635574 0.349316731
10006.262938246 39.683185288 23.678930530 1.176905609 0.503657261 0.658643157 0.436448684 0.349329502
10006.296312832 39.679219932 23.682388353 1.185932431 0.502323081 0.658296254 0.437012925 0.351194059
10006.329675408 39.672124801 23.683047877 1.195468414 0.499242182 0.657226098 0.439829278 0.354063988
10006.363053050 39.668261441 23.684797216 1.203198212 0.498132880 0.656740892 0.440378271 0.355839871
10006.396439845 39.664597552 23.684772963 1.209585322 0.495953181 0.655951944 0.442675178 0.357485910
10006.429811020 39.660073782 23.690582627 1.221321744 0.494695065 0.655848224 0.442781986 0.359282637
10006.463199885 39.654191271 23.694563589 1.231597573 0.491350273 0.656280609 0.445433428 0.359805133
10006.496601080 39.648869448 23.698924047 1.241942642 0.487577511 0.657241839 0.448477904 0.359400759
10006.529980728 39.643629259 23.702799549 1.252003097 0.483511965 0.658285578 0.452070478 0.358480907
10006.563378154 39.637390084 23.708669595 1.261609046 0.478778117 0.659390384 0.455866549 0.357996544
10006.596774258 39.630714972 23.715706413 1.270957289 0.473666780 0.660472939 0.459979034 0.357539601
10006.630122469 39.620578034 23.722162492 1.286747878 0.468186784 0.661472672 0.464782572 0.356696229
10006.663535848 39.615325765 23.728111529 1.293449473 0.464190621 0.662313776 0.467910747 0.356268246
10006.696918584 39.609203003 23.738407017 1.301532535 0.457967777 0.663979482 0.472459685 0.355216284
10006.730277742 39.600724205 23.749255955 1.311207121 0.451084897 0.665558383 0.477623235 0.354161685
10006.763622967 39.595159885 23.757358703 1.317409148 0.446398524 0.666619733 0.481130741 0.353354920
10006.797003122 39.587070957 23.769365825 1.324426685 0.439963012 0.667688767 0.485988094 0.352760304
10006.830276062 39.581680025 23.782117302 1.330671259 0.434245137 0.668585311 0.489945835 0.352672542
10006.863657521 39.576318637 23.791868231 1.336558598 0.430430779 0.668829719 0.492712144 0.353031011
10006.897051897 39.570818763 23.806177373 1.344241797 0.425252822 0.669109422 0.496377566 0.353640963
10006.930460452 39.565249268 23.821136479 1.354745544 0.419891435 0.669562743 0.500215818 0.353781078
10006.963883438 39.559675818 23.832867834 1.361376589 0.415829782 0.669776924 0.503107873 0.354071932
10006.997290159 39.551117762 23.850482837 1.371576507 0.409718158 0.670059495 0.507533998 0.354345233
10007.030708830 39.541903975 23.868949203 1.382102057 0.402707119 0.670660861 0.512780013 0.353691452
10007.064089932 39.535633003 23.882004152 1.388885901 0.397549956 0.671256866 0.516596414 0.352840470
10007.097444060 39.525926114 23.900871993 1.398331044 0.389868824 0.672134580 0.522377174 0.351225703
10007.130843161 39.516160958 23.919913522 1.408822061 0.382196921 0.672937265 0.528212786 0.349388328
10007.164265222 39.509924704 23.931923849 1.414637897 0.377734961 0.673199307 0.531641252 0.348534893
10007.197768041 39.499299191 23.952855052 1.424592939 0.370444711 0.673279359 0.537478815 0.347249398
10007.231095099 39.482720382 23.971089738 1.438126287 0.362803511 0.673183520 0.544032924 0.345290802
10007.264440441 39.474036176 23.984529255 1.444350464 0.357234496 0.673570580 0.548557524 0.343177551
10007.297823702 39.464774232 24.003205835 1.451165807 0.349045402 0.674684866 0.555232456 0.338651089
10007.331154804 39.453838199 24.023518403 1.456253245 0.339877922 0.676127936 0.562134953 0.333673952
10007.364471616 39.445565012 24.037332949 1.461451558 0.333926908 0.676887737 0.566838817 0.330165969
10007.397828560 39.434366016 24.055977070 1.468169456 0.325698561 0.677894385 0.573588959 0.324615706
10007.431200014 39.424443353 24.074602355 1.474248625 0.317888376 0.678971257 0.579955360 0.318742518
10007.464488846 39.416904282 24.089876775 1.478620094 0.312150112 0.680034851 0.584240012 0.314290498
10007.497866254 39.408919259 24.108400997 1.483509285 0.303691783 0.681802745 0.590680750 0.306614692
10007.531239064 39.401046278 24.125619147 1.488044407 0.294918361 0.683671439 0.597113364 0.298449585
10007.564581555 39.395006032 24.141722512 1.491406296 0.287184945 0.685540109 0.602351647 0.291087718
10007.598053430 39.387285782 24.159337059 1.495425594 0.276474333 0.687841898 0.609847895 0.280216009
10007.631516147 39.382283186 24.174191785 1.498437490 0.268292264 0.689619394 0.615305013 0.271742700
10007.664886538 39.371821257 24.190372364 1.502742631 0.258640866 0.691183210 0.621987318 0.261729727
10007.698231579 39.363249535 24.206340009 1.505845756 0.248519682 0.692676781 0.628996046 0.250600917
10007.731674897 39.352277253 24.224684811 1.509373908 0.238317082 0.693935430 0.635866686 0.239441319
10007.765191945 39.345196651 24.235914767 1.511633531 0.231585925 0.694600328 0.640432977 0.231827404
10007.798574884 39.334559819 24.251380060 1.515163184 0.221941762 0.695302094 0.646940526 0.220827554
10007.832063925 39.320908859 24.267066018 1.519975538 0.212071926 0.695879061 0.653372534 0.209480697
10007.865593968 39.312186882 24.278382872 1.522165879 0.204693994 0.696452330 0.657726224 0.201123680
10007.899037096 39.298551289 24.295655181 1.526155483 0.193627020 0.697322235 0.663800941 0.188728874
10007.932441077 39.283971998 24.312097108 1.529007671 0.182553512 0.698079451 0.669394142 0.176835454
10007.965803739 39.269458335 24.332827357 1.534040555 0.168603441 0.699342856 0.675473360 0.161951192
10007.999190940 39.259443156 24.344276961 1.535745217 0.158763563 0.700322169 0.679324686 0.151198421
10008.032611035 39.244710652 24.360778918 1.537432568 0.145221641 0.701777395 0.683899492 0.136750310
10008.066031250 39.228427338 24.379151081 1.538800223 0.127863379 0.703615603 0.689005781 0.117673585
10008.099418513 39.218002607 24.391244620 1.539327454 0.117042466 0.704699992 0.691714613 0.105971112
10008.132821067 39.204174390 24.403553467 1.539349771 0.104686981 0.705750115 0.694541258 0.092573493
10008.166190502 39.188624215 24.419649288 1.540391281 0.091540813 0.707074364 0.696822078 0.078135239
10008.199600783 39.172034906 24.437018419 1.540802011 0.077443117 0.708573341 0.698592426 0.062409984
10008.232991870 39.156118996 24.451809546 1.538856842 0.063771934 0.710015420 0.699762703 0.046296910
10008.266381745 39.140850652 24.470942262 1.537112366 0.049567260 0.711881981 0.699899439 0.030131503
10008.299802427 39.129008522 24.482670471 1.536460441 0.039529006 0.712862532 0.699942074 0.018589261
10008.333220424 39.116745319 24.497165489 1.534215202 0.027594269 0.714209077 0.699373961 0.004473757
10008.366676724 39.099581652 24.515045625 1.532236522 0.012662146 0.715517887 0.698355697 -0.013158407
10008.400217651 39.091962554 24.525355721 1.530634394 0.003899352 0.716168215 0.697502376 -0.024048269
10008.433803763 39.075715796 24.544358170 1.534857945 -0.007559703 0.716716219 0.696324190 -0.037327389
10008.467559105 39.059966069 24.562572859 1.532587957 -0.021611395 0.717408766 0.694159343 -0.054776062
10008.501199872 39.049843683 24.573242924 1.531658317 -0.030063791 0.717656872 0.692648444 -0.065596614
10008.534765043 39.038791085 24.586245521 1.530563512 -0.039664166 0.717754190 0.690737769 -0.078339082
10008.568193589 39.027208274 24.604894605 1.528114371 -0.051682751 0.717923625 0.687673904 -0.094969275
10008.601524391 39.019274988 24.617046599 1.527694435 -0.057806989 0.717955759 0.685824984 -0.104124783
10008.634929916 39.010305017 24.633137039 1.527610557 -0.063885981 0.718078262 0.683510305 -0.114437119
10008.668384110 38.999192073 24.652408071 1.527814973 -0.071689459 0.718074666 0.680414414 -0.127536741
10008.701721250 38.992028857 24.663777552 1.528672795 -0.077377188 0.717705975 0.678466344 -0.136361007
10008.735197340 38.989607951 24.671319084 1.529855607 -0.083308036 0.717104231 0.676408295 -0.145921590
10008.768603807 38.975274157 24.685403329 1.531991620 -0.098325563 0.714643738 0.672304270 -0.166202828
10008.801956861 38.966519718 24.692515621 1.533267853 -0.107465327 0.712801231 0.669883871 -0.177823530
10008.835305779 38.952939070 24.701975950 1.537412207 -0.121361437 0.709382920 0.666424159 -0.194746283
10008.868660248 38.940925975 24.704801302 1.540266278 -0.135596424 0.705552883 0.662557093 -0.211723494
10008.902021968 38.928600741 24.710202762 1.539992660 -0.145548456 0.702968114 0.659531696 -0.222866372
10008.935364442 38.913043796 24.709018475 1.541435494 -0.159202047 0.698877216 0.655362172 -0.238171723
10008.968684921 38.891792331 24.704467803 1.543982358 -0.174193873 0.694042265 0.650798567 -0.253816970
10009.002053484 38.876882635 24.703129374 1.544251257 -0.185052669 0.690623405 0.647201190 -0.264434193
10009.035403716 38.860623515 24.701590549 1.544979576 -0.197027649 0.686727060 0.643039215 -0.275838030
10009.068755663 38.834249990 24.699347823 1.545222015 -0.215486484 0.680660315 0.636227457 -0.292372594
10009.102115200 38.812428659 24.694703081 1.545001964 -0.230826231 0.675329772 0.630249566 -0.305670467
10009.135479943 38.789908800 24.689812078 1.545251694 -0.245486007 0.670128150 0.624129816 -0.318004489
10009.168857338 38.761254896 24.677773648 1.544549284 -0.264398351 0.663348342 0.615704621 -0.333122062
10009.202273820 38.743565855 24.672248399 1.544746034 -0.274984993 0.659544967 0.610572570 -0.341445203
10009.235648833 38.716805796 24.663486828 1.542563947 -0.289868695 0.654329341 0.602831891 -0.352736396
10009.269004588 38.692780998 24.651374769 1.542429174 -0.303993546 0.649136298 0.595052523 -0.363486568
10009.302368987 38.675323627 24.644063712 1.541326402 -0.313446329 0.645692971 0.589487642 -0.370589135
10009.335737926 38.648184279 24.633553595 1.540835697 -0.325524966 0.641392587 0.581640950 -0.379924796
10009.369074695 38.623829585 24.626319298 1.538763397 -0.334597366 0.638574121 0.574910807 -0.386969326
10009.402414407 38.606713317 24.621974862 1.536444234 -0.339003537 0.637735952 0.570877080 -0.390472555
10009.435777625 38.584116460 24.619510945 1.532627353 -0.342115249 0.638366291 0.566780565 -0.392689988
10009.469123448 38.560524912 24.621593615 1.529410672 -0.341708792 0.641257553 0.563304993 -0.393333621
10009.502515313 38.546864318 24.622967543 1.527417177 -0.339777643 0.643925916 0.561776231 -0.392833342
10009.535880546 38.537431528 24.634458837 1.522556524 -0.335089947 0.648709649 0.560782713 -0.390401418
10009.569227329 38.523470405 24.644818573 1.518342626 -0.327984874 0.654695458 0.559747967 -0.387920086
10009.602576269 38.511532893 24.654801227 1.515063122 -0.320903309 0.660108984 0.558552749 -0.386388435
10009.635891675 38.506751030 24.665233688 1.511267466 -0.312980718 0.665600876 0.557477888 -0.385015517
10009.669246180 38.503638067 24.675989751 1.506873920 -0.300698146 0.673267624 0.556246534 -0.383250732
10009.702628817 38.501289511 24.688844868 1.504365740 -0.292474107 0.678227607 0.555448571 -0.382024991
10009.735980475 38.503314193 24.704943266 1.499462061 -0.278330860 0.685915251 0.555141419 -0.379302262
10009.769352886 38.508202052 24.723097556 1.494807745 -0.263630544 0.693634457 0.555105715 -0.375802903
10009.802728547 38.511710412 24.740288266 1.491198143 -0.251481829 0.699607013 0.555169087 -0.372953351
10009.836124142 38.515589307 24.763527390 1.486130224 -0.236094055 0.706849932 0.555036162 -0.369537048
10009.869508118 38.522493935 24.783859415 1.481331500 -0.221590063 0.713126464 0.555101298 -0.366348249
10009.902895405 38.528525969 24.803154194 1.477741929 -0.209934859 0.718083811 0.555372646 -0.363103593
10009.936289776 38.539055977 24.827111747 1.472123774 -0.193929394 0.724857096 0.556102885 -0.357383772
10009.969654849 38.552401661 24.850480841 1.466385563 -0.176365613 0.732039168 0.557685680 -0.349285714
10010.003021607 38.562647974 24.867725793 1.461942696 -0.163389640 0.737131266 0.559056543 -0.342632608
10010.036370626 38.578958558 24.891349744 1.455019140 -0.144779028 0.744157137 0.561250593 -0.332064693
10010.069746645 38.596161518 24.913282850 1.449565913 -0.127241278 0.750108954 0.563548153 -0.321806920
10010.103113315 38.607102316 24.929195374 1.446224794 -0.115992061 0.753593205 0.564992058 -0.315320627
10010.136492797 38.623930586 24.951491443 1.440217607 -0.101410888 0.757838183 0.566745391 -0.306914944
10010.169865677 38.640420099 24.973434252 1.433703958 -0.087992782 0.761481851 0.568191722 -0.299267152
10010.203241105 38.656856737 24.996940969 1.426359935 -0.074791352 0.764857913 0.569596987 -0.291475384
10010.236626659 38.665935632 25.010120206 1.422746410 -0.067847377 0.766516342 0.570329673 -0.287356042
10010.270028093 38.683836342 25.036694452 1.414409440 -0.054274795 0.769706807 0.571593911 -0.279080776
10010.303403334 38.700456867 25.059708764 1.407097675 -0.042664131 0.772082352 0.572669417 -0.272246859
10010.336791546 38.708710327 25.071104859 1.403743477 -0.037191856 0.773083827 0.573142516 -0.269194759
10010.370183926 38.729767842 25.099460503 1.395019439 -0.024049771 0.775213024 0.574180722 -0.262264896
10010.403580257 38.746866340 25.121527445 1.388330770 -0.014456589 0.776389455 0.574858729 -0.257968726
10010.436990636 38.755388342 25.132082369 1.385253895 -0.009998893 0.776864723 0.575115878 -0.256169771
10010.470398419 38.775824350 25.160053357 1.377900410 0.000335953 0.777910129 0.575391947 -0.252546681
10010.503781089 38.791965929 25.182851823 1.371026141 0.008725879 0.778905391 0.575288258 -0.249546931
10010.537184016 38.800047902 25.195287957 1.367743243 0.013089836 0.779481807 0.575122221 -0.247933862
10010.570592207 38.817153762 25.221161209 1.358775289 0.023397631 0.781150564 0.574434918 -0.243476637
10010.603963159 38.830540593 25.242493788 1.351048336 0.032023103 0.782782419 0.573525504 -0.239363118
10010.637343370 38.836664463 25.252519901 1.346948358 0.036024766 0.783643920 0.572956865 -0.237328577
10010.670761661 38.851173673 25.275872579 1.335811090 0.045991807 0.786137813 0.571170854 -0.231594361
10010.704102632 38.862374889 25.296197538 1.325530855 0.054563552 0.788693585 0.569113550 -0.226042066
10010.737469393 38.869587643 25.311206750 1.318493576 0.060287740 0.790538424 0.567477289 -0.222224920
10010.770857916 38.876363129 25.327672177 1.310092486 0.066131689 0.792690893 0.565375062 -0.218217293
10010.804219409 38.886839378 25.355619879 1.296108167 0.074575988 0.795898800 0.561781559 -0.213037561
10010.837606788 38.890935252 25.366783300 1.290213828 0.077343536 0.797085615 0.560300106 -0.211509556
10010.871015650 38.900228184 25.395739732 1.275342180 0.083184490 0.799870285 0.556453904 -0.208918455
10010.904371871 38.907914817 25.421393131 1.262611116 0.087473707 0.802163611 0.552977942 -0.207598862
10010.937765129 38.911180678 25.433748428 1.256625662 0.089444838 0.803342404 0.551174838 -0.206994929
10010.971134423 38.918803101 25.462965089 1.242532194 0.094244345 0.806294532 0.546836009 -0.204884139
10011.004487034 38.925502150 25.494408778 1.228133328 0.099754327 0.809872582 0.541747590 -0.201655706
10011.037851143 38.929340500 25.514677569 1.219133135 0.103322229 0.812344980 0.538293855 -0.199147874
10011.071250452 38.933990609 25.542509307 1.206876127 0.107842180 0.815846853 0.533393335 -0.195590201
10011.104592591 38.938320892 25.578879165 1.191840152 0.113212513 0.820429585 0.526791129 -0.191231089
10011.137955012 38.940657858 25.602008306 1.182252466 0.115826822 0.823276059 0.522558750 -0.189031826
10011.171350651 38.942169607 25.628300189 1.171413110 0.117729890 0.826393070 0.517792117 -0.187364591
10011.204695377 38.944924579 25.668026740 1.154547223 0.120450615 0.830925705 0.510568579 -0.185401858
10011.238065126 38.946116028 25.690421871 1.144834903 0.121705896 0.833448349 0.506466314 -0.184508530
10011.271467609 38.945932789 25.718566732 1.132944989 0.122374765 0.836448050 0.501503033 -0.184048322
10011.304824216 38.945077931 25.753502480 1.117683699 0.122920394 0.840100341 0.495432004 -0.183491483
10011.338181050 38.945118409 25.769094516 1.110611842 0.123444328 0.841789791 0.492645321 -0.182898970
10011.371576031 38.944744159 25.799973673 1.097609685 0.124609426 0.844987457 0.487534408 -0.181049409
10011.404926800 38.944706841 25.832369538 1.084561798 0.126363617 0.848240516 0.482411930 -0.178322723
10011.438299510 38.944613259 25.851424745 1.077380962 0.127363400 0.850104544 0.479501548 -0.176576031
10011.471700807 38.943765610 25.874978584 1.070426897 0.128298998 0.852092220 0.476351192 -0.174836376
10011.505046598 38.942896062 25.908621760 1.060746526 0.128901494 0.854680606 0.472156790 -0.173128372
10011.538418956 38.942918460 25.928387732 1.054929118 0.129183728 0.855910322 0.470072712 -0.172512989
10011.571827752 38.942950575 25.950835445 1.049743505 0.128725650 0.857160925 0.467828152 -0.172747435
10011.605159835 38.943824053 25.985370311 1.040896934 0.128322028 0.858726909 0.464894570 -0.173189465
10011.638525500 38.944489094 26.004808321 1.034810277 0.128157555 0.859589254 0.463204952 -0.173560158
10011.671979918 38.945203167 26.026676258 1.029168699 0.127872007 0.860381595 0.461407985 -0.174627982
10011.705273771 38.947051868 26.058997664 1.019197975 0.126637060 0.861356999 0.458981989 -0.177095198
10011.738672614 38.948360214 26.077894496 1.013060325 0.125912345 0.861814091 0.457650264 -0.178826141
10011.772057918 38.950542286 26.102414691 1.006092258 0.124601045 0.862252841 0.455969763 -0.181896106
10011.805422107 38.953095435 26.134746867 0.997371016 0.122216156 0.862797518 0.453628594 -0.186721056
10011.838797608 38.953815168 26.150056036 0.993321218 0.120811400 0.863069907 0.452446759 -0.189227038
10011.872196998 38.954022113 26.180933845 0.985981938 0.117337190 0.863681329 0.449945586 -0.194513538
10011.905564152 38.954094002 26.218577825 0.977880958 0.112666107 0.864415491 0.446482330 -0.201855729
10011.938952866 38.953693496 26.240614830 0.973271673 0.109927055 0.864952356 0.444215969 -0.206023389
10011.972319449 38.952712436 26.268535890 0.967394111 0.106687909 0.865848419 0.440957781 -0.210903865
10012.005653944 38.951248306 26.304213545 0.961129334 0.104117711 0.867401949 0.436444279 -0.215150535
10012.039029594 38.949826252 26.325268793 0.957060356 0.102657244 0.868394018 0.433654117 -0.217479715
10012.072418368 38.947524013 26.349351099 0.953043200 0.100348210 0.869338846 0.430391877 -0.221230739
10012.105747718 38.943503492 26.385705205 0.947162091 0.096017443 0.870362991 0.425506517 -0.228458133
10012.139088867 38.941609202 26.404300415 0.944333474 0.094030805 0.870872854 0.422979624 -0.232006288
10012.172440679 38.939218049 26.429032265 0.940760915 0.092066331 0.871843910 0.419429998 -0.235564141
10012.205789425 38.937757137 26.457553047 0.937793529 0.091103500 0.873168902 0.415411306 -0.238137918
10012.239150545 38.936628902 26.474959293 0.936212062 0.090385232 0.873960184 0.412979878 -0.239732616
10012.272534405 38.934418420 26.496927275 0.934550869 0.088784109 0.874663640 0.410139584 -0.242624029
10012.305884208 38.931573375 26.525811029 0.932499511 0.086088825 0.875074673 0.406820858 -0.247648583
10012.339248610 38.929737998 26.543363683 0.930743768 0.084296070 0.875200370 0.404959348 -0.250851374
10012.372622873 38.927860982 26.564457931 0.928352304 0.082515426 0.875426680 0.402849991 -0.254029953
10012.405963093 38.926033315 26.590031917 0.925358476 0.080879742 0.875821316 0.400441761 -0.256986159
10012.439314258 38.924459347 26.613042767 0.922882206 0.079533300 0.876178778 0.398642738 -0.258977163
10012.472689882 38.920660146 26.635918021 0.921638681 0.077799482 0.876427248 0.397212655 -0.260853648
10012.506008919 38.915307077 26.667360046 0.920723407 0.074593418 0.876578220 0.395821284 -0.263385567
10012.539339748 38.911819148 26.686905055 0.919513989 0.072375929 0.876635578 0.395242269 -0.264679689
10012.572681443 38.905962938 26.715306344 0.917940012 0.069001265 0.876714362 0.394794450 -0.265985141
10012.605993766 38.900564942 26.739151937 0.917256490 0.066308036 0.876905185 0.394760524 -0.266091470
10012.639359759 38.895354235 26.762677809 0.915933065 0.063685032 0.877126086 0.395135448 -0.265446839
10012.672727427 38.889040994 26.789593739 0.915835166 0.060883939 0.877401894 0.396227933 -0.263557370
10012.706049537 38.883927077 26.809492637 0.917509892 0.058414779 0.877371059 0.397417791 -0.262424918
10012.739421521 38.877508260 26.831413316 0.919952040 0.053845269 0.876822507 0.399134407 -0.262630356
10012.772793248 38.870201666 26.852333374 0.923319970 0.049030085 0.875901453 0.400705895 -0.264248899
10012.806149757 38.862678422 26.876901745 0.926106110 0.042959969 0.874948526 0.402143168 -0.266271273
10012.839537801 38.855653347 26.897305993 0.928448740 0.038490695 0.874491465 0.403123946 -0.266972335
10012.872875166 38.849550463 26.919401672 0.929154398 0.034922764 0.874570688 0.403730657 -0.266285692
10012.906233331 38.839856459 26.951131186 0.929698217 0.030501844 0.875083309 0.404149581 -0.264503224
10012.939602184 38.833704444 26.968688578 0.930412095 0.027526394 0.875210940 0.404368864 -0.264071829
10012.972943556 38.826377963 26.989892169 0.931151048 0.023610493 0.875121025 0.404563789 -0.264450139
10013.006299206 38.816114981 27.021644240 0.932684827 0.016880962 0.874371508 0.405125504 -0.266576114
10013.039672645 38.810600179 27.037355828 0.934448003 0.013494181 0.873954294 0.405493892 -0.267575227
10013.073030506 38.805512266 27.057019365 0.937185379 0.010079035 0.873645226 0.406362051 -0.267417868
10013.106393984 38.799996638 27.078153439 0.942497222 0.007490288 0.873736893 0.407550414 -0.265387260
10013.139778267 38.796924225 27.091448407 0.946555684 0.006272697 0.873905058 0.408436612 -0.263495990
10013.173132844 38.793559534 27.111644589 0.952404944 0.005389965 0.874396419 0.409593887 -0.260066718
10013.206486451 38.791350406 27.134663411 0.957980820 0.004770564 0.874851307 0.410646874 -0.256868795
10013.239860368 38.789528005 27.148941701 0.962403410 0.004360892 0.874969038 0.411451070 -0.255182647
10013.273219516 38.787420327 27.169325563 0.968255490 0.003485365 0.874781641 0.412446138 -0.254230437
10013.306562936 38.787167023 27.193657316 0.975252171 0.002810768 0.874317274 0.413705634 -0.253789387
10013.339933394 38.786388452 27.213926872 0.982732045 0.002519688 0.873701593 0.415058716 -0.253703448
10013.373300012 38.786682254 27.239801436 0.991863259 0.002830473 0.872836366 0.416897758 -0.253663017
10013.406656508 38.788415962 27.262920495 0.999296422 0.003623867 0.871969051 0.418634621 -0.253775284
10013.440040023 38.789884911 27.288851434 1.007914287 0.004444893 0.870563371 0.420957892 -0.254743228
10013.473404520 38.792844038 27.313011880 1.015115625 0.005282770 0.868929260 0.423352561 -0.256333069
10013.506761508 38.797845156 27.345171720 1.025039183 0.005619148 0.865702829 0.427442169 -0.260423174
10013.540132117 38.801719807 27.370984198 1.033758205 0.005287848 0.862354775 0.431439033 -0.264908740
10013.573530311 38.809745257 27.394721346 1.042576220 0.005130613 0.858616327 0.436030762 -0.269497409
10013.606859839 38.819348949 27.433253150 1.057345662 0.006003521 0.853253498 0.443813011 -0.273774426
10013.640230733 38.824879493 27.454773864 1.066289041 0.007607221 0.850551249 0.448678475 -0.274212196
10013.673615180 38.834331418 27.487655391 1.079104194 0.011965698 0.847503312 0.455686216 -0.271928357
10013.706962731 38.845092896 27.522313438 1.092935117 0.017312454 0.844744238 0.462636471 -0.268467776
10013.740333091 38.851454269 27.544866852 1.101622680 0.020161109 0.842671201 0.467102883 -0.267046201
10013.773696677 38.859803084 27.577161232 1.112691106 0.022814860 0.839492144 0.472751346 -0.266905578
10013.807062309 38.869487285 27.616569058 1.126217041 0.024208846 0.834797686 0.479552200 -0.269363032
10013.840430162 38.874573945 27.640938589 1.134616687 0.024782871 0.831859455 0.483642869 -0.271081597
10013.873795570 38.882911372 27.674820418 1.146000170 0.026895450 0.828143349 0.489301995 -0.272100690
10013.907145373 38.890448630 27.703675475 1.155637020 0.029593284 0.825269824 0.494085329 -0.271907418
10013.940550204 38.896290499 27.730362431 1.163945232 0.032809259 0.822805359 0.498503696 -0.270940876
10013.973879540 38.902948678 27.757098430 1.171770044 0.037415255 0.820736298 0.502690928 -0.268875173
10014.007246803 38.912619838 27.792088806 1.178191353 0.044018445 0.818171784 0.507695067 -0.266276223
10014.040622605 38.917859699 27.812844444 1.180618516 0.047775156 0.816536356 0.510342177 -0.265587603
10014.073993325 38.925630045 27.841480238 1.182536102 0.051767823 0.814090158 0.513402628 -0.266448962
10014.107356570 38.933447349 27.870069178 1.183051387 0.054758814 0.811474054 0.515872174 -0.269048754
10014.140714734 38.940216066 27.899360301 1.182626367 0.056888405 0.808762221 0.517847893 -0.272948601
10014.174077935 38.947615533 27.932642442 1.180876031 0.059315003 0.806131402 0.519355191 -0.277315848
10014.207437436 38.955726767 27.968661076 1.178214164 0.062454315 0.804124477 0.520086537 -0.281057429
10014.240798722 38.963050568 28.006136202 1.172724112 0.066018564 0.802679602 0.520007591 -0.284497998
10014.274177921 38.966846307 28.025718414 1.169500322 0.067917968 0.801990863 0.519877188 -0.286226335
10014.307531399 38.975724269 28.070494518 1.160984816 0.072442873 0.800806760 0.519087129 -0.289843261
10014.340895774 38.983475138 28.107686959 1.152568859 0.076164495 0.799817966 0.518310362 -0.292992422
10014.374260086 38.988557442 28.132567206 1.146429454 0.078475600 0.799025994 0.517867042 -0.295318079
10014.407614183 38.997526824 28.167635094 1.139541770 0.082293715 0.797944290 0.517622947 -0.297622478
10014.440979410 39.007773521 28.207867941 1.130833153 0.087309401 0.796715940 0.517853776 -0.299078998
10014.474341445 39.012391886 28.226226921 1.126767271 0.089469485 0.796007106 0.518079561 -0.299935771
10014.507717886 39.022860994 28.266378763 1.119166551 0.093158485 0.794289988 0.518890087 -0.301956933
10014.541084235 39.030676858 28.298074854 1.113026535 0.095938152 0.792832028 0.519892141 -0.303192032
10014.574447988 39.036321102 28.320495614 1.109041047 0.097763583 0.792019323 0.520529148 -0.303639720
10014.607799302 39.042772521 28.350037082 1.104628254 0.099880632 0.791056719 0.521476845 -0.303833881
10014.641170635 39.049765653 28.383995385 1.099774525 0.101557809 0.790143408 0.522375663 -0.304110298
10014.674549312 39.052803825 28.400348541 1.097692117 0.101670538 0.789662607 0.522759077 -0.304662137
10014.707887252 39.059674557 28.441096561 1.092894836 0.100024336 0.788162249 0.523691751 -0.307477401
10014.741227670 39.064765641 28.475733553 1.088917772 0.097820783 0.787156333 0.524184961 -0.309913099
10014.774580258 39.068217389 28.500540756 1.086170143 0.096361580 0.786687133 0.524408405 -0.311181019
10014.807934488 39.073050643 28.537396981 1.082142788 0.094514710 0.786443309 0.524508341 -0.312193676
10014.841289576 39.077779007 28.573435701 1.078534369 0.092014439 0.786209997 0.524493257 -0.313550644
10014.874650089 39.080084498 28.591237769 1.076626383 0.090212108 0.785869906 0.524504816 -0.314904691
10014.908000809 39.085743545 28.635623576 1.072085970 0.083780100 0.784224690 0.524748873 -0.320329755
10014.941389140 39.090394459 28.673991720 1.068250352 0.076723867 0.782335986 0.524997985 -0.326252922
10014.974712234 39.092860196 28.699334892 1.066164276 0.072241675 0.781247833 0.524988148 -0.329879385
10015.008060181 39.097733063 28.737532961 1.062978187 0.065897967 0.780046353 0.524824519 -0.334281872
10015.041429144 39.102184598 28.774043607 1.062244578 0.059805048 0.779171076 0.524438506 -0.338053317
10015.074788307 39.104078571 28.800578887 1.061917731 0.054948280 0.778583466 0.524134409 -0.340692815
10015.108148036 39.106232275 28.828861946 1.062854707 0.049213052 0.777919526 0.523829614 -0.343543042
10015.141517796 39.107427388 28.872862076 1.064365024 0.040041907 0.777245478 0.523442707 -0.346834033
10015.174885287 39.106448147 28.898117593 1.065310672 0.035294536 0.777346234 0.522972024 -0.347832416
10015.208238535 39.105527906 28.928084345 1.067970948 0.029753407 0.777774844 0.522374782 -0.348289555
10015.241595839 39.100920590 28.965459940 1.073086282 0.021885362 0.778259850 0.521586580 -0.348970023
10015.274956957 39.096154212 28.988745928 1.077179504 0.016363014 0.778446566 0.521072489 -0.349623593
10015.308326199 39.087764977 29.021909955 1.085389810 0.008412337 0.778883211 0.520218652 -0.350203840
10015.341680711 39.080737239 29.046779407 1.092644819 0.002563044 0.779403019 0.519654803 -0.349976071
10015.375045902 39.072020621 29.078375008 1.101302117 -0.003859558 0.780050808 0.519058537 -0.349405319
10015.408412471 39.061167457 29.111085866 1.110487188 -0.011024505 0.780221221 0.518650029 -0.349478832
10015.441782865 39.047622585 29.150230170 1.122180045 -0.020750732 0.779390565 0.518431136 -0.351210637
10015.475163961 39.037184182 29.174055280 1.129967957 -0.027463728 0.778469196 0.518363297 -0.352889426
10015.508517544 39.022064376 29.210418831 1.140383675 -0.036715242 0.777054440 0.518223323 -0.355363160
10015.541886611 39.006240233 29.250329529 1.150945399 -0.045611932 0.775545181 0.518191881 -0.357668000
10015.575249653 38.994933082 29.275599461 1.158573158 -0.051426308 0.774388947 0.518214278 -0.359348098
10015.608613033 38.980586767 29.306938113 1.168672336 -0.059064729 0.772473636 0.518199885 -0.362304732
10015.641978497 38.961854857 29.348371974 1.181462375 -0.069666489 0.769138129 0.518340006 -0.367282938
10015.675357567 38.953152254 29.366469926 1.187363931 -0.074259129 0.767594426 0.518488498 -0.369396883
10015.708704400 38.934060913 29.407212119 1.203201317 -0.083665387 0.764868386 0.519095930 -0.372177204
10015.742065343 38.917522943 29.439541353 1.218535771 -0.090519881 0.763504081 0.519745311 -0.372468094
10015.775423032 38.909555113 29.456149569 1.226238311 -0.093949549 0.762926915 0.520011314 -0.372430177
10015.808781579 38.893262301 29.487574998 1.243087140 -0.102082811 0.761308365 0.520595468 -0.372785503
10015.842160172 38.871685869 29.524696589 1.264622375 -0.114161166 0.758310303 0.521407758 -0.374254810
10015.875498204 38.859348651 29.545064708 1.276553332 -0.121512609 0.756368618 0.521962549 -0.375095051
10015.908846586 38.843924763 29.569575553 1.291883625 -0.130551252 0.753959432 0.523173448 -0.375221385
10015.942220407 38.825488509 29.596893300 1.310791133 -0.140444982 0.751537350 0.525169685 -0.373715962
10015.975568642 38.813705024 29.614130020 1.322671214 -0.146390864 0.750177394 0.526686155 -0.372028610
10016.008929740 38.798911224 29.634883536 1.337841553 -0.153756792 0.748299857 0.528793802 -0.369842247
10016.042295347 38.779204657 29.662838073 1.356398600 -0.163465174 0.745595646 0.531621043 -0.367076744
10016.075651031 38.766818120 29.679838302 1.367203427 -0.169478607 0.743694825 0.533383235 -0.365646460
10016.109009888 38.752334100 29.699921845 1.379211254 -0.176408578 0.741303606 0.535354995 -0.364340510
10016.142366383 38.730739466 29.730410782 1.396897441 -0.187025478 0.737143227 0.538272074 -0.363186602
10016.175748807 38.718334439 29.748636169 1.407022966 -0.193097762 0.734580243 0.539908468 -0.362772611
10016.209090462 38.699524168 29.776074150 1.421721626 -0.201964878 0.730493379 0.542064956 -0.362980983
10016.242437106 38.681024854 29.802938879 1.437008087 -0.211453226 0.725688846 0.543877172 -0.364500828
10016.275792379 38.668344225 29.822338823 1.447868958 -0.218169237 0.721991205 0.544996528 -0.366209869
10016.309144167 38.651914685 29.847795605 1.461188220 -0.226779616 0.717037999 0.546287130 -0.368778911
10016.342503501 38.631010197 29.879105626 1.477896578 -0.236745730 0.710943047 0.548115936 -0.371591662
10016.375855904 38.618396773 29.898576159 1.489309343 -0.242241346 0.707210268 0.549678837 -0.372861828
10016.409220206 38.602447747 29.923292840 1.503124795 -0.248957943 0.702271189 0.551953098 -0.374410065
10016.442581761 38.583039358 29.950808399 1.520941342 -0.257316371 0.695629220 0.554949494 -0.376721823
10016.475944730 38.570460864 29.965886178 1.531368343 -0.262252112 0.691539297 0.556770978 -0.378157783
10016.509314402 38.553187896 29.986132627 1.544614534 -0.268622383 0.685961211 0.559558673 -0.379727960
10016.542671952 38.530992238 30.008606555 1.559936300 -0.275484995 0.679281455 0.563420596 -0.381106226
10016.576033577 38.517743878 30.020967474 1.568440838 -0.278938320 0.675521061 0.565880200 -0.381633737
10016.609392245 38.497581776 30.039553138 1.580761370 -0.283463052 0.670051479 0.569785220 -0.382131543
10016.642760480 38.477125529 30.056058741 1.591652905 -0.287770140 0.664719419 0.573262998 -0.383022160
10016.676159269 38.462592565 30.067728696 1.598883479 -0.291255382 0.660784161 0.575234760 -0.384238944
10016.709474600 38.443659220 30.082967404 1.607405114 -0.296722831 0.655246875 0.576997577 -0.386886146
10016.742822150 38.418305827 30.100869907 1.617068706 -0.305018471 0.647589813 0.578211035 -0.391488397
10016.776176229 38.402335710 30.111184433 1.622802352 -0.310149185 0.642935333 0.578643331 -0.394478815
10016.809553373 38.381904919 30.126047195 1.629631738 -0.315982275 0.637394194 0.579404355 -0.397711499
10016.842906703 38.355817741 30.141253162 1.637798982 -0.321749972 0.631482551 0.580805791 -0.400463952
10016.876264783 38.339437316 30.151845015 1.642234134 -0.324382812 0.628317839 0.582043746 -0.401519068
10016.909642461 38.318175038 30.165098777 1.648129879 -0.326838420 0.624758311 0.584092209 -0.402106939
10016.943003425 38.290981796 30.178424906 1.653826235 -0.328748784 0.620728660 0.587222716 -0.402230842
10016.976345241 38.278577354 30.185711768 1.656217966 -0.329510117 0.618904198 0.588719826 -0.402230834
10017.009714464 38.252168149 30.196336805 1.660153267 -0.331397323 0.614572031 0.591699546 -0.402949972
10017.043074009 38.225194628 30.209553118 1.664100254 -0.334531768 0.609292613 0.594028353 -0.404946074
10017.076428735 38.208040434 30.218180421 1.666438938 -0.337299598 0.605422817 0.594948296 -0.407097922
10017.109783159 38.186186949 30.228203289 1.669819916 -0.340929895 0.600450174 0.596003157 -0.409886121
10017.143146516 38.160339942 30.240737152 1.673107984 -0.344089129 0.595639163 0.597261979 -0.412425493
10017.176514036 38.144165824 30.249316103 1.675036225 -0.345272565 0.593348088 0.598151102 -0.413449105
10017.209864857 38.124041197 30.259881544 1.677272301 -0.346044087 0.591314637 0.599256719 -0.414115775
10017.243216177 38.099383597 30.274093925 1.679256622 -0.346707375 0.589746176 0.600086047 -0.414596406
10017.276569078 38.088063173 30.281031926 1.679943268 -0.347110046 0.589138627 0.600191756 -0.414970059
10017.309966340 38.059276793 30.297235899 1.681803249 -0.349659781 0.587611056 0.599034994 -0.416663365
10017.343278875 38.034100874 30.311353916 1.683859443 -0.353726195 0.585935923 0.596406257 -0.419352417
10017.376640149 38.021945510 30.318284734 1.684692749 -0.356114952 0.585011056 0.594801052 -0.420898935
10017.410020421 37.989503163 30.334745967 1.686003857 -0.362210774 0.582991962 0.590054426 -0.425158208
10017.443362985 37.961287431 30.349122190 1.686581535 -0.366215172 0.582467054 0.586066026 -0.427954661
10017.476731534 37.948476791 30.355784992 1.687061775 -0.367698517 0.582465994 0.584430515 -0.428919735
10017.510118142 37.913237631 30.374104266 1.687154679 -0.370672669 0.583448701 0.579958144 -0.431089245
10017.543441854 37.884578352 30.388417538 1.687030582 -0.372566540 0.584683177 0.576335497 -0.432639746
10017.576790069 37.864552386 30.398151600 1.686586319 -0.374174468 0.585306143 0.573566841 -0.434086703
10017.610177021 37.838393695 30.411278655 1.685858548 -0.376766855 0.585643899 0.569636810 -0.436556830
10017.643517170 37.805071318 30.426625765 1.685137086 -0.381285407 0.585088921 0.563808384 -0.440922326
10017.676888442 37.783968187 30.435436865 1.684808043 -0.385177557 0.583881147 0.559488396 -0.444627698
10017.710258731 37.754262120 30.447697054 1.683845281 -0.391889277 0.581007376 0.552760428 -0.450898140
10017.743593877 37.731335732 30.455976263 1.683830009 -0.397541611 0.578272529 0.547234001 -0.456175950
10017.776932906 37.703882450 30.464421333 1.683983318 -0.404333147 0.574858492 0.540563889 -0.462431728
10017.810330170 37.679232531 30.471533689 1.683055424 -0.410038467 0.571921597 0.534774020 -0.467750884
10017.843649389 37.653750906 30.477309163 1.681902245 -0.415223251 0.569226649 0.529315181 -0.472647980
10017.877010650 37.628540115 30.480471346 1.679621862 -0.419697690 0.566828727 0.524606818 -0.476808903
10017.910381593 37.601785258 30.482315279 1.676306962 -0.423584183 0.564843801 0.520320211 -0.480411072
10017.943751314 37.575796623 30.482608332 1.672730686 -0.426779443 0.563282590 0.516901528 -0.483099205
10017.977090519 37.557245471 30.482268241 1.669923448 -0.428851738 0.562245783 0.514798139 -0.484715115
10018.010472597 37.535934533 30.481972057 1.666348188 -0.431746204 0.560535124 0.512143607 -0.486933789
10018.043821324 37.507352214 30.478563086 1.661746393 -0.437096383 0.556853553 0.507864365 -0.490850955
10018.077188546 37.483208158 30.475558983 1.658719944 -0.442793400 0.552783388 0.503426085 -0.494900705
10018.110587803 37.457550219 30.472084421 1.656635155 -0.449865639 0.547713677 0.497914799 -0.499711404
10018.143918711 37.425375905 30.467430269 1.655332850 0.458568356 -0.541716708 -0.491006764 0.505143968
10018.177290991 37.406108336 30.464326538 1.655455894 0.463141426 -0.538865808 -0.487308652 0.507596236
10018.210692869 37.381945753 30.462083585 1.655423034 0.467636885 -0.536538190 -0.483444606 0.509631070
10018.244020095 37.345258813 30.458053534 1.656683753 0.472622334 -0.534668167 -0.479229980 0.510976229
10018.277383531 37.324958425 30.455382668 1.657355652 0.474719124 -0.534145124 -0.477463667 0.511233007
10018.310785735 37.301119550 30.453455958 1.658009467 0.476891307 -0.533600266 -0.475785935 0.511344485
10018.344112089 37.262663981 30.448984952 1.658268156 0.479597007 -0.532914642 -0.473640166 0.511520956
10018.377470221 37.248053964 30.446830481 1.657989222 0.480663356 -0.532494021 -0.472929106 0.511615985
10018.410874647 37.213020836 30.441858668 1.657836957 0.482994579 -0.531248354 -0.471404566 0.512122211
10018.444200431 37.180190478 30.436016313 1.657373865 0.485243239 -0.529834119 -0.470043104 0.512712674
10018.477566097 37.160110153 30.432356897 1.657174728 0.486297862 -0.529122134 -0.469647403 0.512811343
10018.510947858 37.135572237 30.430484542 1.656250787 0.486699828 -0.529028530 -0.469868461 0.512323845
10018.544303617 37.103195284 30.427145860 1.657404744 0.485068121 -0.530784439 -0.471988552 0.510101562
10018.577665726 37.085011709 30.425817784 1.657766566 0.483011539 -0.532695987 -0.474183471 0.508020546
10018.611039068 37.059510459 30.425513653 1.658254654 0.479578931 -0.535622656 -0.477358200 0.505214379
10018.644400619 37.038674864 30.426266265 1.658327097 0.477511642 -0.536970981 -0.479120476 0.504071787
10018.677795052 37.017693978 30.426608674 1.658332528 0.476677206 -0.536948261 -0.479906573 0.504137964
10018.711148214 36.992890114 30.427665640 1.658022742 0.477405390 -0.535091107 -0.479248158 0.506046247
10018.744490875 36.969045052 30.428763515 1.657573056 0.478356826 -0.533084845 -0.478306255 0.508151966
10018.777857174 36.952103251 30.430050218 1.657288777 0.478449455 -0.532351124 -0.478031967 0.509091188
10018.811242738 36.934628569 30.431465227 1.654235141 0.477245561 -0.532811220 -0.478609705 0.509197043
10018.844599026 36.907289846 30.436036482 1.652355385 0.474089612 -0.534925104 -0.480716477 0.507942755
10018.877965149 36.890684541 30.439172935 1.651203134 0.472004698 -0.536403383 -0.482151892 0.506964031
10018.911341200 36.867379023 30.444418112 1.649705254 0.470007463 -0.537504523 -0.483477397 0.506390638
10018.944712869 36.841100678 30.449524129 1.647990133 0.469213742 -0.537302803 -0.484022440 0.506819928
10018.978054931 36.824403309 30.452015029 1.646765743 0.469288957 -0.536544888 -0.484064308 0.507512762
10019.011434651 36.806234088 30.454933209 1.645108520 0.469510426 -0.535637855 -0.484031507 0.508296713
10019.044771780 36.776708588 30.459202425 1.643452660 0.470620596 -0.533443118 -0.483518626 0.510063165
10019.078134309 36.766558287 30.460364691 1.642980048 0.470976887 -0.532719327 -0.483429725 0.510574767
10019.111514443 36.737948740 30.464281533 1.642370467 0.470896528 -0.532091926 -0.484191875 0.510580915
10019.144869488 36.715802323 30.466478180 1.641904808 0.469746067 -0.532883744 -0.485758868 0.509324916
10019.178233241 36.705325347 30.467489493 1.641832759 0.469179651 -0.533350632 -0.486492345 0.508657799
10019.211584037 36.684044317 30.468773539 1.641401496 0.468897424 -0.533547695 -0.487359973 0.507880222
10019.244937350 36.658273662 30.468255746 1.641573969 0.470344622 -0.532173294 -0.487155791 0.508179847
10019.278293351 36.638087940 30.467066280 1.641412443 0.472180014 -0.530606398 -0.486329406 0.508907255
10019.311706395 36.625239414 30.466244116 1.641114803 0.473341900 -0.529781640 -0.485765896 0.509225248
10019.345008873 36.603418363 30.465213996 1.639880931 0.474799709 -0.528984291 -0.484961129 0.509463993
10019.378360979 36.583032366 30.464202623 1.638494369 0.475293603 -0.529336111 -0.484855606 0.508737962
10019.411726333 36.572582399 30.463224651 1.637704871 0.475161293 -0.529927346 -0.485115258 0.507997973
10019.445066837 36.549241395 30.462961305 1.634813486 0.474130248 -0.532207206 -0.486214688 0.505520795
10019.478439727 36.529914177 30.462682167 1.631761245 0.473378994 -0.534019937 -0.487167010 0.503391835
10019.511805550 36.517417289 30.462334953 1.629578098 0.473459156 -0.534594750 -0.487447835 0.502433567
10019.545156317 36.497104300 30.460389386 1.626073829 0.474814847 -0.534394053 -0.487150894 0.501655124
10019.578527604 36.477367149 30.457650912 1.623118173 0.476988895 -0.533448552 -0.486447052 0.501281858
10019.611892858 36.467954623 30.456335037 1.621984812 0.477968375 -0.533103720 -0.486145289 0.501008396
10019.645275320 36.443390296 30.451553460 1.618865459 -0.480376304 0.532505863 0.485950456 -0.499528045
10019.678667043 36.423553520 30.448171621 1.616190438 -0.481093842 0.533340456 0.486784531 -0.497129252
10019.712004688 36.414853461 30.446450225 1.614952184 -0.480938499 0.534207756 0.487541720 -0.495603980
10019.745359389 36.394678016 30.443362016 1.611275513 -0.480110439 0.536455026 0.489983429 -0.491554891
10019.778726365 36.373267788 30.439906890 1.607720983 -0.479587515 0.538500185 0.492443642 -0.487352671
10019.812080582 36.362002350 30.437929251 1.606070366 -0.479845467 0.539126142 0.493431830 -0.485403296
10019.845441504 36.343190957 30.434530825 1.603816107 -0.480599427 0.539692616 0.494774642 -0.482653212
10019.878817301 36.326783244 30.431594127 1.602368547 -0.481441041 0.540062134 0.495768742 -0.480375654
10019.912178623 36.319506781 30.430315239 1.602099086 -0.481728099 0.540372634 0.496226852 -0.479264402
10019.945561439 36.299809586 30.427332710 1.602401331 -0.481877941 0.541738090 0.498053438 -0.475664024
10019.978904916 36.284261575 30.425632779 1.603367736 -0.480538337 0.544140120 0.500490144 -0.471703352
10020.012272105 36.276633988 30.425333975 1.603751324 -0.479334850 0.545771674 0.502082309 -0.469345008
10020.045639581 36.256947655 30.425196476 1.604414722 -0.474108335 0.551714462 0.507632577 -0.461672617
10020.079010417 36.240936273 30.424977288 1.604124065 -0.468690494 0.557341629 0.512910675 -0.454557113
10020.112371751 36.230537831 30.425128653 1.603541753 -0.465066080 0.561012983 0.516359684 -0.449834026
10020.145740720 36.217839304 30.425093707 1.601543680 -0.461000690 0.564938537 0.520264124 -0.444576263
10020.179125559 36.202618652 30.423823072 1.599271543 -0.458052014 0.567692230 0.523590670 -0.440189385
10020.212472044 36.194014874 30.422994643 1.597698697 -0.457637864 0.568145848 0.524497249 -0.438953889
10020.245831458 36.183346555 30.423337291 1.594889666 -0.458019650 0.567711853 0.525027182 -0.438483420
10020.279206180 36.170615081 30.422244311 1.591774089 -0.458803394 0.566963622 0.525370348 -0.438221056
10020.312562121 36.162582153 30.421662727 1.589935800 -0.458528325 0.567076678 0.526114868 -0.437468813
10020.345922537 36.152769586 30.422719678 1.587772047 -0.456625359 0.568545496 0.527988334 -0.435290271
10020.379307019 36.139589916 30.424299361 1.586444114 -0.452489809 0.571811413 0.531481100 -0.431059764
10020.412657636 36.131861943 30.425497159 1.585729742 -0.449682234 0.573930858 0.533676296 -0.428461048
10020.446019981 36.124489789 30.426416775 1.585154787 -0.447188387 0.575816600 0.535701064 -0.426007231
10020.479412179 36.112931981 30.427517199 1.585481806 -0.445266287 0.577148148 0.537323846 -0.424170996
10020.512771606 36.108421474 30.428241737 1.586043933 -0.445166565 0.577216221 0.537447625 -0.424026195
10020.546139202 36.099223755 30.429458003 1.587471718 -0.444924294 0.577175023 0.537700147 -0.424016411
10020.579491697 36.087177391 30.431505944 1.588934274 -0.443481857 0.577810139 0.538920189 -0.423112653
10020.612848340 36.082168196 30.432648932 1.589059749 -0.442071106 0.578571864 0.540076551 -0.422072333
10020.646215552 36.071975871 30.435457198 1.588595793 -0.437553334 0.581051408 0.543391789 -0.419108226
10020.679604364 36.062320417 30.438288488 1.586831650 -0.432559150 0.583652066 0.547010064 -0.415960139
10020.712950640 36.055554085 30.440089228 1.585127333 -0.430047729 0.584784249 0.548806253 -0.414605873
10020.746310810 36.046556674 30.442109398 1.582312727 -0.428402115 0.585031426 0.550129917 -0.414206388
10020.779682161 36.034167255 30.444521508 1.578281575 -0.427909590 0.584469187 0.550574629 -0.414917739
10020.813034262 36.028408132 30.445798236 1.576339237 -0.427870158 0.584099723 0.550690019 -0.415325348
10020.846386593 36.013684931 30.449258492 1.571816086 -0.427105135 0.584020888 0.551322414 -0.415384643
10020.879747625 36.000865357 30.452919515 1.567780323 -0.425393741 0.585099558 0.552454338 -0.414116984
10020.913096825 35.994230271 30.455356306 1.565759766 -0.424032459 0.586041375 0.553324898 -0.413017601
10020.946472971 35.979808840 30.460503563 1.561602491 -0.420962909 0.588475233 0.555086526 -0.410324357
10020.979826839 35.962744587 30.467207852 1.557238300 -0.418010389 0.591001171 0.556663234 -0.407567142
10021.013179579 35.952076884 30.471351833 1.554827853 -0.416991294 0.592096043 0.557084623 -0.406444657
10021.046552918 35.936916739 30.476973519 1.551966826 -0.416057222 0.593275759 0.557323527 -0.405352622
10021.079907815 35.920932406 30.483078769 1.549288787 -0.414698211 0.594903031 0.557772246 -0.403739890
10021.113279856 35.903263217 30.490323986 1.546751542 -0.411986531 0.597538541 0.558854292 -0.401119272
10021.146647848 35.882915575 30.498082689 1.543816246 -0.408360500 0.600931096 0.560547932 -0.397378328
10021.179992469 35.861930343 30.506712078 1.540426765 -0.404339454 0.604708497 0.562296203 -0.393268636
10021.213340638 35.851346564 30.510856877 1.538749033 -0.402694036 0.606364537 0.563098934 -0.391253309
10021.246699471 35.826771404 30.520271737 1.534307683 -0.398724773 0.610088383 0.565008544 -0.386750649
10021.280037878 35.805862999 30.528562179 1.530370568 -0.395304511 0.613449385 0.566582347 -0.382620752
10021.313415722 35.791201123 30.534274283 1.527750511 -0.392646531 0.616212865 0.567826419 -0.379056149
10021.346727621 35.775172584 30.541315167 1.525129633 -0.388978298 0.619739916 0.569369047 -0.374749528
10021.380107036 35.749543823 30.552062385 1.521314888 -0.382284812 0.626438476 0.572055593 -0.366313467
10021.413468171 35.739399849 30.556578191 1.519875821 -0.379519293 0.629291775 0.573071741 -0.362692361
10021.446837157 35.715140792 30.567505825 1.515515321 -0.373062559 0.636118957 0.574950702 -0.354413163
10021.480201998 35.696564265 30.576985207 1.511628982 -0.367505631 0.641829792 0.576477657 -0.347372481
10021.513561774 35.684558031 30.583401032 1.508824405 -0.362546531 0.646343384 0.577983795 -0.341665005
10021.546913997 35.670367743 30.592044410 1.505387080 -0.354992368 0.652705070 0.580482227 -0.333161965
10021.580271293 35.654053016 30.601797563 1.501075088 -0.345340784 0.660417641 0.583630857 -0.322433412
10021.613644582 35.644575316 30.607825203 1.498551802 -0.339317871 0.664967517 0.585533906 -0.315961436
10021.647013350 35.630410880 30.615779239 1.494888612 -0.332279515 0.670436745 0.587584057 -0.307977063
10021.680367677 35.613376018 30.622391915 1.490221834 -0.328382598 0.674358111 0.588228732 -0.302312697
10021.713732166 35.603545733 30.627417396 1.487563772 -0.326716921 0.676460962 0.588379514 -0.299108956
10021.747085334 35.590158136 30.635536749 1.483964753 -0.323603712 0.679637963 0.589030127 -0.293966640
10021.780469215 35.575367996 30.644991725 1.479519515 -0.318206782 0.684318404 0.590886697 -0.285141505
10021.813819617 35.566157819 30.650980038 1.477081408 -0.314279415 0.687461717 0.592462817 -0.278590466
10021.847183380 35.550839045 30.660278364 1.474009758 -0.309450325 0.691974984 0.594361347 -0.268599529
10021.880556956 35.535496259 30.670102057 1.471701219 -0.304009044 0.696779704 0.596396820 -0.257657485
10021.913926858 35.525063256 30.677443158 1.470679492 -0.300143819 0.700216685 0.597738771 -0.249637023
10021.947292697 35.512600740 30.686749990 1.469584846 -0.295682793 0.704108577 0.599125398 -0.240523499
10021.980631046 35.498234212 30.699051515 1.469109017 -0.287846293 0.709681152 0.601644695 -0.226982017
10022.013985721 35.486584102 30.713924262 1.468937404 -0.277455759 0.715867096 0.604810296 -0.211558760
10022.047343024 35.474607810 30.729826770 1.469312724 -0.263170947 0.722820890 0.609240954 -0.192604448
10022.080704653 35.466288796 30.742582053 1.470459314 -0.250161692 0.728400637 0.613151658 -0.175774525
10022.114063557 35.457532858 30.756611606 1.471992374 -0.235942895 0.733858470 0.617052734 -0.158204361
10022.147423980 35.448585142 30.772253806 1.474332265 -0.221507764 0.738955630 0.620692395 -0.140070828
10022.180794559 35.438091779 30.786576693 1.476640836 -0.208819947 0.742905651 0.623628369 -0.124792153
10022.214157653 35.430356652 30.795925717 1.478267331 -0.201792413 0.745100120 0.625032898 -0.115928900
10022.247522370 35.419755563 30.809015841 1.480779773 -0.194310546 0.747365790 0.626452129 -0.106044885
10022.280895740 35.410405407 30.818241522 1.482014339 -0.190909043 0.748562323 0.626975414 -0.100548576
10022.314265077 35.402956332 30.827310968 1.484305331 -0.188074707 0.749381342 0.627637863 -0.095531261
10022.347625740 35.394795310 30.836963634 1.486306682 -0.185825519 0.749976851 0.628280488 -0.090924303
10022.381000103 35.386949514 30.845296365 1.488361834 -0.185250716 0.750170992 0.628644757 -0.087928515
10022.414357448 35.383205118 30.851580651 1.490140334 -0.185583100 0.750266125 0.628594629 -0.086766626
10022.447720178 35.376074125 30.859550131 1.492032423 -0.188333061 0.750166846 0.627867710 -0.086962641
10022.481088086 35.368653354 30.865918158 1.493676457 -0.192743599 0.750122098 0.626283996 -0.089079179
10022.514463183 35.365591110 30.869294936 1.495560938 -0.195350024 0.750278680 0.625075978 -0.090555463
10022.547822761 35.359656188 30.874754407 1.497180139 -0.198823721 0.750888080 0.623078600 -0.091702110
10022.581187420 35.352727735 30.880458604 1.497761067 -0.202007111 0.751975787 0.620603591 -0.092610610
10022.614550310 35.349854219 30.882841215 1.498065337 -0.204486548 0.752847809 0.618611102 -0.093411628
10022.647914038 35.345365681 30.885023031 1.497485745 -0.209093729 0.754185531 0.615066631 -0.095796852
10022.681287295 35.340359448 30.886347363 1.495299216 -0.214315192 0.755509369 0.611064529 -0.099371697
10022.714641111 35.338086115 30.885265292 1.493313351 -0.218401346 0.756364850 0.608038101 -0.102482841
10022.748000009 35.337817454 30.879135572 1.490649440 -0.224144447 0.757372691 0.603880661 -0.107116856
10022.781366402 35.336777511 30.872842913 1.485981536 -0.229210961 0.758527329 0.599724934 -0.111483767
10022.814737107 35.336406970 30.867392623 1.482425886 -0.232333121 0.759296333 0.597101257 -0.113844142
10022.848102087 35.336172158 30.860318204 1.477569863 -0.235931892 0.760578107 0.593468615 -0.116842153
10022.881469157 35.336501085 30.852594264 1.472789847 -0.239755540 0.761648612 0.589876322 -0.120227277
10022.914830688 35.336578506 30.846677848 1.469498879 -0.243438098 0.762155807 0.587000975 -0.123637675
10022.948215740 35.336107007 30.837941357 1.464997312 -0.250316926 0.762309206 0.582399842 -0.130524077
10022.981573389 35.335969912 30.828045896 1.460808729 -0.258852199 0.761780558 0.577271766 -0.139438977
10023.014935752 35.336180910 30.820325180 1.458640338 -0.264933835 0.761049649 0.573867027 -0.145911379
10023.048306295 35.338821896 30.807359458 1.456215913 -0.273971760 0.759576722 0.569001236 -0.155628634
10023.081678498 35.343462659 30.793564919 1.454706627 -0.282741876 0.757647061 0.564567272 -0.165202172
10023.115045571 35.347595703 30.783476914 1.454258009 -0.288451976 0.756189499 0.561657565 -0.171795457
10023.148419243 35.355508973 30.768112378 1.454269032 -0.296656241 0.753604047 0.557793601 -0.181500177
10023.181765744 35.365350459 30.752634789 1.455193348 -0.304474380 0.750773557 0.554145116 -0.191200441
10023.215125187 35.373243955 30.741957298 1.456521745 -0.310027629 0.748484900 0.551715098 -0.198150636
10023.248486198 35.384799111 30.726413608 1.458888649 -0.317715895 0.745068672 0.548302720 -0.208070688
10023.281852987 35.398205455 30.710611723 1.462043009 -0.325347715 0.741363754 0.544894595 -0.218216703
10023.315221284 35.407307800 30.700568991 1.464689863 -0.330329696 0.738886999 0.542576288 -0.224809399
10023.348581965 35.422470621 30.685417946 1.470167019 -0.337529281 0.735104640 0.539133684 -0.234584788
10023.381944058 35.437379560 30.671240760 1.475699191 -0.344223839 0.731544812 0.535777772 -0.243504241
10023.415298109 35.448504240 30.661681872 1.480355869 -0.348433417 0.729177977 0.533626155 -0.249272458
10023.448631793 35.464621991 30.648254690 1.487728757 -0.354082069 0.725871914 0.530805268 -0.256868879
10023.481970447 35.482195726 30.635266617 1.495418137 -0.359166871 0.722758144 0.528235348 -0.263793938
10023.515300451 35.495357020 30.625800677 1.501412575 -0.362283561 0.720628656 0.526891563 -0.268011646
10023.548661690 35.512759475 30.612545336 1.508730339 -0.366844707 0.717442322 0.524895233 -0.274201513
10023.582003083 35.526634418 30.601926832 1.514185349 -0.371002434 0.714613609 0.523197693 -0.279193048
10023.615363281 35.545521429 30.588253583 1.521260026 -0.376413465 0.710639632 0.521067949 -0.285993723
10023.648730890 35.560848457 30.576626899 1.526663839 -0.381350032 0.706988597 0.519205277 -0.291830698
10023.682093537 35.584833389 30.557188348 1.535558014 -0.390778356 0.699633467 0.515779015 -0.302947679
10023.715441563 35.598542231 30.545520472 1.540570227 -0.396504170 0.694888800 0.513808067 -0.309701904
10023.748800053 35.613027444 30.532771953 1.545475997 -0.402901643 0.689496218 0.511590799 -0.317080567
10023.782155410 35.636273389 30.510894086 1.553129604 -0.413604805 0.680051632 0.507842674 -0.329479381
10023.815516073 35.649302460 30.498853382 1.557240435 -0.419400267 0.674597915 0.506028429 -0.336089718
10023.848881392 35.663248065 30.485768476 1.560962620 -0.425233663 0.668964354 0.504306416 -0.342546440
10023.882220747 35.686108442 30.464177774 1.566585435 -0.434982135 0.659409104 0.501495673 -0.352806274
10023.915573401 35.698367369 30.453025652 1.569438632 -0.440331791 0.654021316 0.500040686 -0.358222479
10023.948962853 35.713051218 30.439434425 1.572180426 -0.447136096 0.647154123 0.498220220 -0.364743014
10023.982295088 35.729571563 30.422565750 1.574529245 -0.455049546 0.639164345 0.495856761 -0.372189365
10024.015661876 35.739552212 30.411486088 1.575268588 -0.460376493 0.633856549 0.494149615 -0.376955593
10024.049052173 35.749749352 30.399311668 1.576023723 -0.466297339 0.627940341 0.492085947 -0.382242254
10024.082383788 35.764068392 30.380512048 1.576472617 -0.476229597 0.617978193 0.488315235 -0.390968739
10024.115746144 35.772878146 30.365822025 1.576812708 -0.485025998 0.609206120 0.484407442 -0.398706803
10024.149134474 35.776993381 30.358091994 1.576973877 -0.489939629 0.604212184 0.482036546 -0.403147076
10024.182480315 35.785531739 30.341645849 1.577483149 -0.501107722 0.592557170 0.476169113 -0.413557766
10024.215844706 35.791514790 30.328726614 1.577973198 -0.510813633 0.582058326 0.470413095 -0.423070984
10024.249234526 35.794189533 30.322515687 1.578138152 -0.516164836 0.576098893 0.467005094 -0.428474235
10024.282580300 35.799739956 30.310028687 1.578915798 -0.527107325 0.563251446 0.459715506 -0.439962874
10024.315944675 35.804340941 30.301899235 1.579699191 -0.535146875 0.552673649 0.454236002 -0.449265305
10024.349335865 35.806911372 30.298392128 1.580154686 -0.539012010 0.547168707 0.451469298 -0.454145276
10024.382677378 35.812670994 30.291212283 1.580094917 0.547312694 -0.534502975 -0.445848514 0.464730553
10024.416044341 35.817461508 30.288077734 1.579392860 0.552148418 -0.525435496 -0.442503864 0.472482798
10024.449418884 35.819410259 30.286781625 1.578741862 0.553777211 -0.521747543 -0.441561324 0.475535381
10024.482774736 35.825337831 30.285953209 1.576783963 0.555740620 -0.513942684 -0.440829524 0.482373934
10024.516141930 35.830758501 30.285114099 1.575340782 0.554971178 -0.509970500 -0.442093521 0.486302786
10024.549559440 35.833713576 30.285662082 1.574351450 0.553987234 -0.508568712 -0.442980989 0.488081810
10024.582874722 35.841887961 30.285337581 1.572951713 0.551483214 -0.506008251 -0.444785816 0.491922242
10024.616232792 35.848637436 30.286453545 1.571397613 0.549646360 -0.503841190 -0.445280816 0.495739779
10024.649636667 35.853153406 30.287716578 1.570262640 0.548890055 -0.502076863 -0.444717689 0.498863416
10024.682980882 35.859560642 30.290153703 1.569024833 0.548689036 -0.498894480 -0.442765738 0.503987242
10024.716329906 35.866048681 30.294046832 1.568270281 0.548664285 -0.495822642 -0.440038583 0.509405002
10024.749710907 35.869541314 30.297370202 1.568094988 0.548523434 -0.494339663 -0.438374141 0.512424094
10024.783059773 35.876061877 30.301923814 1.567983355 0.547553727 -0.492987041 -0.436285518 0.516530387
10024.816426247 35.882315131 30.307158771 1.568434648 0.545382840 -0.493586639 -0.435411568 0.518986083
10024.849817735 35.886322348 30.309431800 1.568729818 0.543743383 -0.494622429 -0.435539907 0.519612140
10024.883160268 35.894040332 30.317539542 1.569367734 0.538858535 -0.498712332 -0.436594083 0.519906814
10024.916528128 35.901202300 30.324863228 1.570001684 0.534014668 -0.503456970 -0.438257877 0.518931061
10024.949982681 35.906612394 30.328310767 1.570585126 0.530734160 -0.506972143 -0.439503081 0.517819987
10024.983255000 35.912923517 30.334620823 1.569633502 0.526539957 -0.511751137 -0.440941321 0.516175550
10025.016616042 35.919233888 30.340238318 1.570361027 0.522724091 -0.516547777 -0.442117684 0.514266343
10025.049990806 35.924093338 30.342250767 1.571123716 0.520208447 -0.519967335 -0.443021634 0.512590454
10025.083329958 35.929315629 30.345073488 1.571715216 0.517164326 -0.524397256 -0.444099536 0.510219738
10025.116685364 35.935969148 30.348142375 1.572540297 0.513164584 -0.530438688 -0.445783178 0.506531604
10025.150073752 35.938438495 30.349153558 1.572986466 0.511656196 -0.532742653 -0.446439835 0.505059082
10025.183406178 35.946248545 30.350820966 1.573977100 0.507733996 -0.538911289 -0.448212768 0.500885343
10025.216770776 35.952765034 30.351950700 1.574668597 -0.505053740 0.543429232 0.449317438 -0.497714004
10025.250161414 35.955148378 30.352319790 1.575168163 -0.504224947 0.544988011 0.449627207 -0.496568872
10025.283519470 35.961553742 30.352827463 1.576177344 -0.502838997 0.548728322 0.449734149 -0.493750308
10025.316869521 35.965943264 30.352910135 1.576970250 -0.502676799 0.550798664 0.449460247 -0.491856030
10025.350239771 35.968058400 30.353078610 1.576889863 -0.502517323 0.551949083 0.449403198 -0.490780311
10025.383588936 35.971296137 30.354653550 1.576523193 -0.501610033 0.555245441 0.449941993 -0.487485464
10025.416954707 35.974557138 30.356334216 1.574939667 -0.500179811 0.558698503 0.451216239 -0.483818193
10025.450347510 35.976108035 30.357270553 1.573890983 -0.499410842 0.560368536 0.452017908 -0.481929171
10025.483695567 35.980460488 30.359770548 1.571485311 -0.497583822 0.564194464 0.453919245 -0.477548182
10025.517045317 35.983697187 30.361231498 1.569370209 -0.497378974 0.565688719 0.454654306 -0.475289272
10025.550439026 35.985367464 30.361518142 1.567586307 -0.498189377 0.565574276 0.454631234 -0.474598276
10025.583783767 35.987643238 30.361862559 1.566622426 -0.500287187 0.563980106 0.453940168 -0.474949991
10025.617141398 35.989468667 30.360662384 1.565831732 -0.503298083 0.560922546 0.452947445 -0.476335542
10025.650512605 35.990568943 30.359704056 1.565885100 -0.505146995 0.558796834 0.452416831 -0.477379957
10025.683879050 35.993082176 30.357521301 1.565931690 -0.507555004 0.555508022 0.452200955 -0.478866423
10025.717224074 35.996301856 30.355253807 1.566129237 -0.508725811 0.553054462 0.453102652 -0.479611091
10025.750611827 35.998156121 30.354420818 1.566187125 -0.508726720 0.552402434 0.453915947 -0.479592523
10025.783956745 36.003575026 30.351379777 1.566698508 -0.506932223 0.552100239 0.458220696 -0.477743489
10025.817340222 36.008927326 30.349810551 1.567495716 -0.503169606 0.553874592 0.463874148 -0.474198332
10025.850712702 36.011285035 30.348853638 1.567694164 -0.500911920 0.555199656 0.466905821 -0.472058835
10025.884056236 36.017458556 30.346227103 1.567972007 -0.492872249 0.560287718 0.476669072 -0.464694755
10025.917426402 36.021874454 30.344178270 1.567659503 -0.485720270 0.564900794 0.484658652 -0.458332742
10025.950818077 36.024382891 30.342695266 1.567438120 -0.481318198 0.567585984 0.489701315 -0.454281373
10025.984156238 36.027674428 30.339866818 1.567005549 -0.475799697 0.570590590 0.496113229 -0.449346961
10026.017528478 36.030345382 30.336799135 1.567340140 -0.472154816 0.571939768 0.500937272 -0.446112744
10026.050922361 36.031748112 30.335233380 1.567743213 -0.471123695 0.571912415 0.502706895 -0.445246483
10026.084269338 36.034597438 30.330083274 1.569773835 -0.470724508 0.569941575 0.505391128 -0.445157102
10026.117632033 36.037155977 30.325815148 1.571664537 -0.472686858 0.566162856 0.505868876 -0.447351579
10026.150997890 36.038541521 30.324131928 1.572314699 -0.473908622 0.564170248 0.505665778 -0.448803598
10026.184350522 36.041067005 30.319362489 1.574869958 -0.477529859 0.558584082 0.504975711 -0.452712479
10026.217727454 36.043637172 30.316250027 1.576757200 -0.479647390 0.555034785 0.504675264 -0.455167713
10026.251098547 36.045261441 30.315085708 1.577577034 -0.480132784 0.553821504 0.504859914 -0.455928414
10026.284458286 36.048164038 30.312518286 1.580035544 -0.480084177 0.552436276 0.506100311 -0.456284801
10026.317850583 36.051384386 30.311550039 1.581832733 -0.478544731 0.552958659 0.507921353 -0.455244507
10026.351197685 36.052691831 30.311324652 1.582608226 -0.477667755 0.553490002 0.508810304 -0.454526575
10026.384566807 36.056252091 30.311032144 1.585194262 -0.475418095 0.555162016 0.510940719 -0.452451492
10026.417935944 36.058901679 30.310882041 1.587594236 -0.474586079 0.555858077 0.511869751 -0.451419107
10026.451288334 36.060049607 30.310858927 1.588779293 -0.474484365 0.555950235 0.512028416 -0.451232562
10026.484644883 36.062987575 30.311051549 1.591894120 -0.475164051 0.555456618 0.511874683 -0.451299655
10026.518013559 36.065767783 30.311401240 1.594675622 -0.475982817 0.554903131 0.511554499 -0.451480751
10026.551387008 36.067130443 30.311565470 1.596187080 -0.476315069 0.554738542 0.511520791 -0.451370785
10026.584752921 36.070891963 30.312246207 1.600744423 -0.476094052 0.555294206 0.512561910 -0.449736686
10026.618115487 36.073448342 30.313577032 1.605072025 -0.474036570 0.557462943 0.514914803 -0.446527875
10026.651483943 36.074701612 30.314768671 1.608256351 -0.471867643 0.559652838 0.517283126 -0.443337113
10026.684854983 36.077372882 30.315553135 1.611671298 -0.469107574 0.562316357 0.520118578 -0.439562354
10026.718215177 36.079941486 30.316978387 1.616030196 -0.465652740 0.565696534 0.523872265 -0.434410874
10026.751582546 36.081689612 30.318257423 1.619489968 -0.463462149 0.567870883 0.526723570 -0.430450667
10026.784942388 36.084278457 30.319361792 1.622630676 -0.461549400 0.569654924 0.529531718 -0.426686746
10026.818313734 36.087414597 30.320121584 1.625233226 -0.459740047 0.571189676 0.532388780 -0.423017293
10026.851673281 36.089590828 30.321195214 1.626776554 -0.458355371 0.572272670 0.534506323 -0.420377611
10026.885039446 36.092875172 30.322153788 1.628303215 -0.456652704 0.573558835 0.537088003 -0.417175082
10026.918424922 36.097229093 30.322989492 1.630016719 -0.455205723 0.574469957 0.539974464 -0.413762731
10026.951810246 36.099878552 30.323699678 1.630989600 -0.454531834 0.574720132 0.541564158 -0.412075047
10026.985134784 36.103046037 30.324079451 1.631835272 -0.453917716 0.574807494 0.543172750 -0.410509946
10027.018517443 36.109123129 30.325523424 1.632995683 -0.451841927 0.575358015 0.546470566 -0.407641936
10027.051876630 36.112768530 30.326732068 1.633566302 -0.450143579 0.575914617 0.548567540 -0.405914728
10027.085243506 36.118329143 30.328409407 1.634269718 -0.447392773 0.576800820 0.551584691 -0.403602342
10027.118617582 36.123968113 30.330259542 1.634798990 -0.444399852 0.577619633 0.554610326 -0.401586501
10027.151976851 36.128176606 30.331852938 1.635436999 -0.442389305 0.577967561 0.556606368 -0.400542822
10027.185346704 36.133028326 30.333018140 1.636070054 -0.440425540 0.578078222 0.558550066 -0.399840889
10027.218739582 36.141802229 30.335015112 1.637212289 -0.437703439 0.577509105 0.561389829 -0.399675360
10027.252089775 36.146812229 30.336355005 1.637959956 -0.436500529 0.576843719 0.562770574 -0.400009866
10027.285459875 36.152890058 30.336892433 1.638837145 -0.435320207 0.576051701 0.564120349 -0.400535876
10027.318827782 36.163068848 30.338877402 1.638998329 -0.433035765 0.574619935 0.566608306 -0.401555705
10027.352176984 36.168655151 30.340609794 1.638497842 -0.431122081 0.574240495 0.568297434 -0.401770621
10027.385546389 36.175894653 30.342771376 1.637388762 -0.428109599 0.574118148 0.570633503 -0.401855607
10027.418916559 36.185354997 30.345131647 1.635336526 -0.424742014 0.573598695 0.573171761 -0.402557935
10027.452280003 36.190525074 30.346667298 1.633713696 -0.423485689 0.572881692 0.574016651 -0.403697067
10027.485646734 36.197590759 30.348351629 1.631162350 -0.422909825 0.571252727 0.574335289 -0.406148468
10027.519021524 36.205117693 30.349251686 1.628929310 -0.423279913 0.569255063 0.573936291 -0.409120914
10027.552393986 36.209952808 30.350442449 1.627053212 -0.423481593 0.568083952 0.573502181 -0.411143785
10027.585774212 36.217700740 30.352221650 1.625007387 -0.423539334 0.566743225 0.572969054 -0.413670173
10027.619119530 36.224355341 30.353883961 1.624245842 -0.423427877 0.566009767 0.572556646 -0.415356069
10027.652491575 36.231308233 30.355800958 1.623484234 -0.423106310 0.565655795 0.572063496 -0.416842810
10027.685861037 36.239360448 30.358079879 1.623700067 -0.422425776 0.565792846 0.571572066 -0.418019489
10027.719222475 36.245554079 30.359842938 1.624954968 -0.421958752 0.566027338 0.571167822 -0.418725666
10027.752591310 36.252852375 30.362204215 1.626833014 -0.421780856 0.566257574 0.570278822 -0.419803924
10027.785951619 36.258767693 30.364350702 1.628886564 -0.421893999 0.566361075 0.569341740 -0.420821304
10027.819318144 36.269466046 30.368461652 1.632577038 -0.421635581 0.566855674 0.567966132 -0.422270713
10027.852693831 36.275480295 30.370800736 1.634637080 -0.421104707 0.567405285 0.567391004 -0.422835095
10027.886055160 36.282321429 30.373421785 1.636678657 -0.420324415 0.568066556 0.566885388 -0.423401384
10027.919415529 36.294758310 30.377756357 1.639954755 -0.419457974 0.568769555 0.565639213 -0.424980567
10027.952792583 36.301807512 30.380153431 1.641534887 -0.419152860 0.568932070 0.564783128 -0.426200889
10027.986149227 36.312278238 30.383394763 1.644008450 -0.419028748 0.568905552 0.563430893 -0.428143679
10028.019523096 36.323243680 30.386109474 1.646191196 -0.418623994 0.569069320 0.562262987 -0.429853922
10028.052905873 36.331112623 30.388113504 1.647622409 -0.418065379 0.569446872 0.561560544 -0.430814756
10028.086259407 36.344148586 30.390348150 1.649012071 -0.417048703 0.570067445 0.560676544 -0.432128802
10028.119631069 36.356122835 30.392587595 1.650342780 -0.415900627 0.570881822 0.559900924 -0.433164599
10028.152997447 36.366517340 30.394948086 1.651158438 -0.414898918 0.571659316 0.559245371 -0.433945998
10028.186372383 36.376608694 30.397516689 1.651874833 -0.414087762 0.572411999 0.558405004 -0.434809936
10028.219723021 36.391382719 30.400679723 1.652919009 -0.413639699 0.573006218 0.556868819 -0.436420888
10028.253088799 36.402930922 30.402944140 1.654009794 -0.413622628 0.573313292 0.555379271 -0.437929283
10028.286452726 36.416654728 30.405364135 1.655670651 -0.414099753 0.573503308 0.553369474 -0.439769912
10028.319831866 36.430225947 30.407949553 1.657377883 -0.414281096 0.574042478 0.551464357 -0.441286154
10028.353206876 36.439941853 30.409912421 1.658763524 -0.414392499 0.574493384 0.550147195 -0.442237801
10028.386560945 36.450943734 30.412214328 1.659866003 -0.414322967 0.575217431 0.548592703 -0.443291588
10028.419926723 36.466937743 30.415947893 1.660902780 -0.414168248 0.576309788 0.546292687 -0.444855021
10028.453303845 36.479325942 30.418547099 1.660694988 -0.414749451 0.576743256 0.543958884 -0.446608153
10028.486679584 36.485711921 30.420062730 1.660398441 -0.415226325 0.576871268 0.542523686 -0.447743999
10028.520023523 36.496576495 30.422806062 1.659691621 -0.415968668 0.577368891 0.540165332 -0.449262334
10028.553390103 36.506880784 30.425376072 1.658304446 -0.416351164 0.578545790 0.537609151 -0.450458518
10028.586758516 36.514856252 30.427580705 1.656561425 -0.417565316 0.579411626 0.534732033 -0.451644803
10028.620131303 36.522221964 30.429985526 1.654494308 -0.419323503 0.580277258 0.531430653 -0.452799695
10028.653504693 36.528225157 30.432259896 1.652265888 -0.420669004 0.581601432 0.528479682 -0.453306286
10028.686907998 36.532102801 30.433765418 1.650548888 -0.421538922 0.582654903 0.526596518 -0.453336860
10028.720241077 36.536896543 30.436286895 1.647714960 -0.422655445 0.584287196 0.523993395 -0.453212720
10028.753614340 36.541967395 30.438702863 1.644993672 -0.424155614 0.585700399 0.521399448 -0.452978668
10028.786983087 36.544502191 30.439851837 1.643038562 -0.425180992 0.586484944 0.519901150 -0.452724341
10028.820353975 36.548487898 30.441756727 1.640537775 -0.426410403 0.587592005 0.518075125 -0.452225572
10028.853726650 36.553372193 30.443171884 1.637187182 -0.427944399 0.588793339 0.516443003 -0.451079394
10028.887093040 36.556369196 30.443829957 1.635182073 -0.428818332 0.589462781 0.515727078 -0.450193346
10028.920459720 36.560550902 30.444651267 1.633243099 -0.429710012 0.589989002 0.515289455 -0.449153716
10028.953850972 36.568496350 30.445462821 1.630040419 -0.431023098 0.590937683 0.514992228 -0.446984059
10028.987191322 36.572929344 30.445411229 1.628497043 -0.432002720 0.591176645 0.514870561 -0.445861110
10029.020563914 36.578570669 30.445204252 1.627141549 -0.433117075 0.591237602 0.514825609 -0.444749694
10029.053921582 36.588620362 30.444174509 1.625561758 -0.434854247 0.591404492 0.514888909 -0.442754924
10029.087286304 36.594787342 30.443348885 1.625032716 -0.435639042 0.591507373 0.515133369 -0.441560035
10029.120650631 36.603343358 30.442613462 1.624975190 -0.436205258 0.591764290 0.515633756 -0.440070253
10029.154018499 36.615589037 30.441568293 1.625214972 -0.436569955 0.592218711 0.516701509 -0.437839266
10029.187383594 36.621213340 30.441171693 1.625347646 -0.436509324 0.592457951 0.517285281 -0.436885710
10029.220756169 36.632660190 30.440964229 1.625578955 -0.436139656 0.592883056 0.518423822 -0.435325881
10029.254119387 36.650266654 30.441342125 1.625268691 -0.434975297 0.593472912 0.520274642 -0.433475132
10029.287487354 36.660599967 30.441500814 1.624751043 -0.434067048 0.593687893 0.521492885 -0.432626461
10029.320858708 36.675535712 30.442438932 1.623753546 -0.432539438 0.593926246 0.523272741 -0.431679149
10029.354215989 36.692525271 30.443866974 1.622519848 -0.430621420 0.594080952 0.525373454 -0.430831463
10029.387582105 36.710117160 30.444892068 1.620923492 -0.428477476 0.594024059 0.527717685 -0.430181957
10029.420956588 36.728917309 30.446502336 1.619504051 -0.426460271 0.593432582 0.530216741 -0.429929781
10029.454316421 36.747841357 30.447617854 1.618471186 -0.425268841 0.592450622 0.532018347 -0.430238483
10029.487685317 36.766921195 30.448204359 1.617688585 -0.424793340 0.590696922 0.533622680 -0.431131767
10029.521059894 36.786795430 30.448181918 1.617326417 -0.424705689 0.588861489 0.534976059 -0.432050738
10029.554421567 36.808813134 30.447412977 1.617035019 -0.425562267 0.586334335 0.535900073 -0.433497308
10029.587790768 36.821644826 30.446669612 1.616765890 -0.426748050 0.584540688 0.535901757 -0.434750035
10029.621155873 36.834822813 30.445635634 1.616621812 -0.428258982 0.582758926 0.535675126 -0.435933983
10029.654518598 36.855860972 30.443748842 1.616242197 -0.430280699 0.581059686 0.535389137 -0.436562291
10029.687897722 36.865803064 30.443038811 1.616273342 -0.431013551 0.580963711 0.535240372 -0.436149321
10029.721249277 36.878194678 30.441943643 1.616499593 -0.432387627 0.580835000 0.534796525 -0.435504671
10029.754611708 36.888110889 30.440843489 1.616827871 -0.435152545 0.579919501 0.533318331 -0.435783424
10029.787978746 36.898306229 30.438937231 1.616990150 -0.440048819 0.577412245 0.530342784 -0.437822643
10029.821353182 36.907699098 30.435737800 1.617108852 -0.447278162 0.572964183 0.525929461 -0.441647475
10029.854718645 36.914495277 30.432584232 1.616888048 -0.453499102 0.568907767 0.522109666 -0.445066302
10029.888074920 36.922936795 30.428769358 1.616805214 -0.460436382 0.564194589 0.517701977 -0.449074010
10029.921441857 36.931477093 30.424092805 1.616475973 -0.466840850 0.559699165 0.513618176 -0.452761343
10029.954814888 36.937241787 30.419607047 1.615906933 -0.471308861 0.556501155 0.510763509 -0.455296672
10029.988174075 36.945375591 30.414375586 1.615465790 -0.477192778 0.551989847 0.506783701 -0.459090996
10030.021538298 36.953916719 30.408299645 1.614991965 -0.484247574 0.546209794 0.501784624 -0.464081177
10030.054907093 36.961277738 30.402902216 1.614744495 -0.490803810 0.540585020 0.496954256 -0.468951942
10030.088278521 36.969887179 30.396989998 1.614564878 -0.499058494 0.533263454 0.490431067 -0.475445136
10030.121640847 36.980771800 30.390661786 1.614656611 -0.508569290 0.524441151 0.482600050 -0.483131398
10030.155012149 36.990063385 30.385565296 1.614767789 -0.516511065 0.517005359 0.475942437 -0.489285780
10030.188383002 37.000228806 30.379187473 1.614917247 0.526079464 -0.507724307 -0.467568291 0.496826247
10030.221747842 37.011608088 30.370939265 1.615136002 0.536471601 -0.497449897 -0.458297505 0.504683285
10030.255110035 37.023020993 30.362895329 1.614710919 0.545578687 -0.488305368 -0.450014054 0.511262275
10030.288485863 37.030708085 30.357100087 1.614797609 0.551361625 -0.482490233 -0.444687570 0.515224708
10030.321855557 37.039280208 30.350788452 1.614377302 0.557313472 -0.476594025 -0.439139815 0.519053033
10030.355217500 37.053113921 30.338304941 1.613974874 0.567924548 -0.465870480 -0.428968786 0.525749164
10030.388590297 37.060992924 30.330598666 1.613544578 0.574384611 -0.459186297 -0.422542929 0.529799714
10030.421952922 37.072748174 30.318310254 1.612694832 0.584243265 -0.448783643 -0.412474396 0.535833856
10030.455318432 37.081642263 30.308813262 1.611970731 0.591231557 -0.441254573 -0.405131600 0.540007439
10030.488688298 37.094114478 30.297078426 1.611033954 0.599837178 -0.431854795 -0.395777821 0.545029093
10030.522046729 37.104644743 30.288020166 1.610385385 0.606155541 -0.424847003 -0.388764815 0.548582175
10030.555412475 37.124528836 30.271830971 1.609002403 0.616381740 -0.412761293 -0.376953020 0.554624276
10030.588803430 37.136649862 30.263121946 1.608299746 0.621796746 -0.405875811 -0.370336240 0.558108146
10030.622179475 37.150371455 30.253594543 1.607423476 0.627620558 -0.397968101 -0.362950506 0.562121655
10030.655538040 37.176357980 30.237552905 1.605787647 0.637701056 -0.382942666 -0.349313665 0.569800177
10030.688913428 37.191957963 30.228588196 1.604803006 0.643007149 -0.374269105 -0.341552160 0.574287877
10030.722248812 37.216063954 30.216339167 1.603358227 0.650216377 -0.361716451 -0.330394227 0.580706059
10030.755617403 37.242508079 30.204761455 1.602430388 0.657357199 -0.348472432 -0.318517703 0.587362707
10030.789007029 37.260796681 30.196340616 1.601769135 0.662162028 -0.338948325 -0.310042360 0.592055079
10030.822343391 37.284113242 30.186657844 1.601236822 0.668048344 -0.326673623 -0.299197725 0.597893364
10030.855708225 37.316181800 30.174879622 1.600490612 0.675511556 -0.309968985 -0.284340889 0.605601870
10030.889097635 37.336031171 30.167102746 1.600147293 0.679974145 -0.299346644 -0.275021928 0.610237403
10030.922444428 37.361496587 30.156926937 1.599746926 0.685440042 -0.285809403 -0.263209768 0.615796680
10030.955831762 37.394422781 30.145191096 1.599328992 0.692091621 -0.268768779 -0.248004940 0.622307063
10030.989198371 37.414640030 30.137941708 1.599122105 0.696050723 -0.258334092 -0.238602669 0.625975762
10031.022544261 37.443732408 30.127716144 1.597999296 0.701706402 -0.243236134 -0.224856119 0.630780496
10031.055912581 37.472474003 30.117284510 1.596887212 0.707440049 -0.227609137 -0.210244935 0.635232024
10031.089321269 37.492433067 30.110345217 1.595802490 0.711526513 -0.216026412 -0.199203016 0.638263871
10031.122646439 37.521603084 30.101014831 1.593616969 0.717675541 -0.197945084 -0.181699764 0.642452143
10031.156009133 37.549554268 30.092641710 1.591543484 0.723674800 -0.179324286 -0.163283394 0.646123918
10031.189390928 37.568898481 30.087480525 1.590151187 0.727725947 -0.166123510 -0.149973166 0.648325516
10031.222737735 37.596102121 30.079335032 1.588016018 0.733262673 -0.146999992 -0.130482040 0.650915734
10031.256105017 37.623498313 30.072450884 1.586220964 0.738441440 -0.126769944 -0.109711872 0.653143879
10031.289497636 37.641727550 30.068299829 1.584581939 0.741550734 -0.112889803 -0.095516905 0.654396609
10031.322853900 37.669430001 30.061785935 1.582461356 0.745669254 -0.090783129 -0.072920510 0.656062792
10031.356204402 37.696479284 30.056853556 1.580484029 0.748848287 -0.068787689 -0.050426425 0.657230305
10031.389623866 37.715695998 30.053353802 1.579486427 0.750569148 -0.053516185 -0.034854852 0.657698343
10031.422942174 37.742523635 30.049581254 1.578535674 0.752247388 -0.032717230 -0.013376871 0.657931994
10031.456306714 37.770748339 30.045806330 1.578574764 0.753291769 -0.012256940 0.007858942 0.657525296
10031.489717665 37.790498125 30.043394628 1.578717956 0.753580432 0.001576461 0.022184119 0.656979385
10031.523048159 37.820612050 30.042880120 1.579541292 0.753272712 0.021051128 0.042355822 0.656005378
10031.556410474 37.848642518 30.040002047 1.579383701 0.752557821 0.037880736 0.059789682 0.654711364
10031.589813252 37.871654355 30.038153199 1.579590855 0.751642256 0.049888673 0.072393418 0.653685117
10031.623152134 37.901865736 30.035403063 1.580130651 0.750246719 0.064144019 0.087515785 0.652193524
10031.656529624 37.934722277 30.032669018 1.580649349 0.748383206 0.079050969 0.103086827 0.650420347
10031.689937813 37.957339272 30.030715749 1.581127563 0.746842615 0.089575521 0.113970378 0.649009312
10031.723248303 37.990370169 30.028840599 1.582226995 0.744218635 0.104514669 0.129330908 0.646907121
10031.756611939 38.024316943 30.027635760 1.582733967 0.741480638 0.117839452 0.143263700 0.644822332
10031.790002323 38.048679709 30.027499189 1.583273372 0.739620004 0.125721982 0.151691047 0.643541809
10031.823349731 38.083096642 30.025694209 1.583771000 0.737050744 0.134949072 0.162098626 0.642081758
10031.856707381 38.117224098 30.024062097 1.583263373 0.734640951 0.142090060 0.170634205 0.641090521
10031.890090050 38.141124066 30.022327300 1.583136899 0.732889745 0.146640312 0.176206281 0.640562712
10031.923434046 38.175886022 30.020251934 1.582915195 0.730252743 0.152871421 0.183897729 0.639955378
10031.956830757 38.211374363 30.018632167 1.583059253 0.727500138 0.158677274 0.191305491 0.639505498
10031.990181128 38.234677223 30.016849075 1.583379207 0.725799651 0.162037222 0.195521059 0.639320201
10032.023525859 38.269908456 30.016529681 1.586370693 0.723522115 0.165684226 0.200586839 0.639397691
10032.056885511 38.304302498 30.016054195 1.589537971 0.721964477 0.167336969 0.203668074 0.639753819
10032.090264650 38.327235386 30.012767173 1.591814325 0.721417400 0.167258821 0.204747151 0.640046893
10032.123608939 38.351496951 30.009420668 1.594715346 0.721112404 0.166320576 0.205253764 0.640472684
10032.156974395 38.392247682 30.000305839 1.600520486 0.721166395 0.163715328 0.205153639 0.641114893
10032.190364415 38.406189970 29.996592845 1.602542932 0.721206343 0.162777062 0.205154015 0.641308716
10032.223708550 38.444197895 29.984105439 1.608559679 0.720987922 0.161209390 0.206074268 0.641655160
10032.257072858 38.471593789 29.972498662 1.614072106 0.720354201 0.161411672 0.207852675 0.641742443
10032.290451472 38.483877402 29.967908878 1.616733251 0.720004965 0.161573425 0.208713271 0.641814341
10032.323798552 38.507733893 29.951846156 1.624206553 0.719299080 0.161002954 0.209940833 0.642348604
10032.357173664 38.529648139 29.937857690 1.629275729 0.718972633 0.159188625 0.209086880 0.643443869
10032.390560207 38.547089281 29.926935075 1.631708125 0.718865469 0.157436064 0.207657427 0.644456916
10032.423897888 38.557119297 29.913693644 1.634440529 0.718600193 0.154493773 0.205598988 0.646122660
10032.457264988 38.576640596 29.895328117 1.635500513 0.718051590 0.151620715 0.203081246 0.648206047
10032.490645885 38.592457892 29.882910699 1.635159244 0.717361993 0.150578603 0.201696551 0.649643253
10032.523991408 38.602436709 29.868663551 1.634702866 0.716386203 0.149745122 0.200658565 0.651232176
10032.557371890 38.618499336 29.846292401 1.632765422 0.714790054 0.148844903 0.199122080 0.653659522
10032.590740056 38.635241629 29.825350276 1.630463542 0.713606103 0.147869512 0.197448257 0.655679131
10032.624081409 38.644824828 29.811808148 1.629206119 0.712995253 0.146895431 0.196304749 0.656904824
10032.657449910 38.662531774 29.787249329 1.628447325 0.712085245 0.144909204 0.194080562 0.658990639
10032.690845105 38.679702234 29.762621135 1.627074966 0.711305402 0.143581710 0.192364692 0.660624510
10032.724185719 38.688118859 29.746024955 1.626010142 0.710788295 0.142927718 0.191783444 0.661491329
10032.757553432 38.703405332 29.722025458 1.624581779 0.709973424 0.143458223 0.191499027 0.662333450
10032.790928166 38.718476774 29.698113849 1.623030317 0.709236505 0.144806537 0.191567964 0.662809446
10032.824283629 38.725319081 29.687680470 1.622143747 0.709018351 0.145489557 0.191504201 0.662911689
10032.857652962 38.740607445 29.664094244 1.619123703 0.708861695 0.147203580 0.190901925 0.662874542
10032.891018897 38.763241559 29.633883704 1.613853436 0.709760029 0.147222231 0.187663384 0.662833893
10032.924384705 38.772203181 29.621978792 1.611104320 0.710631734 0.146330316 0.185429459 0.662726107
10032.957791691 38.793551168 29.593497546 1.604558977 0.713444830 0.143716827 0.179378410 0.661940582
10032.991123494 38.811973139 29.569098927 1.598184319 0.716278123 0.143083736 0.175285966 0.660111752
10033.024495633 38.820237976 29.558312029 1.594949114 0.717550659 0.143640331 0.174057121 0.658932944
10033.057862942 38.846799660 29.524400695 1.584674252 0.721341086 0.147761548 0.172527349 0.654268964
10033.091235450 38.868412081 29.496877504 1.575572874 0.724497214 0.152091284 0.172562718 0.649764678
10033.124593587 38.877992102 29.484387782 1.571217131 0.726016052 0.154003427 0.172559900 0.647616181
10033.157967804 38.901044713 29.452855556 1.559651434 0.730287918 0.157925984 0.172234914 0.641929961
10033.191332649 38.925656760 29.417572502 1.546422092 0.735523869 0.160922267 0.171235973 0.635442290
10033.224690793 38.934166126 29.405197114 1.541648052 0.737433116 0.161816783 0.170812042 0.633112134
10033.258079144 38.958138283 29.370482679 1.528955084 0.742796489 0.164366794 0.170119745 0.626335538
10033.291432309 38.984005124 29.333430004 1.515284067 0.748398946 0.167256397 0.170061763 0.618872614
10033.324789675 38.997865182 29.313188139 1.507170279 0.751459661 0.168853730 0.170182211 0.614682692
10033.358181307 39.014572066 29.287208902 1.495428848 0.755409972 0.170688551 0.170485945 0.609225521
10033.391527186 39.043535512 29.243470243 1.475380689 0.762136382 0.173199885 0.170585812 0.600042012
10033.424889748 39.052818144 29.228581068 1.468283083 0.764563991 0.173577707 0.170205421 0.596944551
10033.458258136 39.078103291 29.185662096 1.446875677 0.772027325 0.173685847 0.168028178 0.587855057
10033.491623656 39.096541537 29.152432981 1.429221950 0.778219029 0.173826195 0.166184466 0.580122676
10033.524990084 39.105983713 29.135676223 1.420340943 0.781385781 0.174065933 0.165533644 0.575965211
10033.558381102 39.121197589 29.106795283 1.402424015 0.787058316 0.175126116 0.164840625 0.568064802
10033.591740204 39.140281412 29.070825484 1.375798899 0.794486509 0.177619423 0.165099735 0.556762611
10033.625100906 39.147305608 29.057094768 1.364981466 0.797338344 0.178714249 0.165434428 0.552217559
10033.658507626 39.161972075 29.027124792 1.338383775 0.804069708 0.180956881 0.165851337 0.541497780
10033.691867639 39.174049217 29.001553855 1.316174509 0.809755676 0.182379451 0.165742501 0.532506248
10033.725201577 39.179769000 28.988782717 1.304759116 0.812726232 0.182885957 0.165411396 0.527890016
10033.758590374 39.189628386 28.959900084 1.276881458 0.820257870 0.183312088 0.163504657 0.516565516
10033.791941430 39.196322035 28.935501334 1.253668048 0.826963786 0.182729504 0.161040832 0.506760965
10033.825300166 39.199424787 28.922555628 1.241696544 0.830438516 0.182331880 0.159784433 0.501593353
10033.858685909 39.205378933 28.890750042 1.212877457 0.838841486 0.181733343 0.157860719 0.488260121
10033.892047015 39.210416727 28.861423354 1.187158142 0.845823153 0.181833384 0.157751093 0.476061348
10033.925401534 39.214870010 28.839087593 1.168382763 0.850722790 0.182013974 0.158236170 0.467014948
10033.958815921 39.215551198 28.808287323 1.141548590 0.857867756 0.181505660 0.159223145 0.453615033
10033.992146655 39.217621911 28.774236784 1.115095730 0.864796659 0.180482179 0.159978926 0.440408521
10034.025517014 39.217804330 28.756937237 1.102417884 0.868159211 0.179726928 0.160407379 0.433897785
10034.058875463 39.216564740 28.714827469 1.072295463 0.875815462 0.177694773 0.161828306 0.418549213
10034.092240061 39.216628200 28.675062323 1.046948235 0.881981025 0.175446459 0.162805622 0.405983179
10034.125600902 39.215589290 28.649129965 1.031459660 0.885817385 0.173569767 0.163216368 0.398197832
10034.158985596 39.214876240 28.608903981 1.008114790 0.891460339 0.170019453 0.162932418 0.387098020
10034.192335816 39.213504392 28.568065835 0.986444141 0.896765852 0.165723303 0.161668804 0.377107400
10034.225697401 39.211255437 28.539734123 0.972426668 0.900259016 0.162446214 0.160328259 0.370728715
10034.259070491 39.208117911 28.500146173 0.952647553 0.904821299 0.157474176 0.158295344 0.362550527
10034.292439665 39.204907504 28.459823234 0.932480641 0.909016500 0.152122591 0.155913590 0.355300820
10034.325796544 39.201799216 28.433158990 0.919850866 0.911637677 0.148294386 0.153842221 0.351081319
10034.359175946 39.197267647 28.395379886 0.902256556 0.915085967 0.142247540 0.150320676 0.346102594
10034.392540016 39.191547706 28.358569301 0.886741688 0.918133280 0.135957306 0.146403514 0.342217624
10034.425919475 39.186706256 28.333650574 0.877095599 0.919979059 0.131586762 0.143705519 0.340106128
10034.459305849 39.179331119 28.297726619 0.865025757 0.922196810 0.125550997 0.140254243 0.337814650
10034.492668046 39.172374996 28.263617235 0.854508310 0.923979300 0.119806960 0.137084857 0.336327649
10034.526027734 39.169099691 28.246488547 0.849722410 0.924740982 0.116968455 0.135530196 0.335863161
10034.559393951 39.161532434 28.208682070 0.841047915 0.926229888 0.110719150 0.131778961 0.335371091
10034.592759684 39.153561880 28.169565301 0.834222981 0.927582612 0.103871471 0.127361623 0.335529779
10034.626122264 39.149647967 28.143775328 0.830243477 0.928234035 0.099723016 0.124742361 0.335970592
10034.659506401 39.144096196 28.105366253 0.826326656 0.928893434 0.093823821 0.121003801 0.337212336
10034.692869605 39.138346222 28.067986577 0.824456544 0.929289589 0.087931622 0.117814407 0.338834258
10034.726215774 39.134782279 28.040680491 0.823140650 0.929398873 0.083771644 0.115931304 0.340235184
10034.759588085 39.129455037 28.007161086 0.823193902 0.929419345 0.078409474 0.113471325 0.342280432
10034.792945174 39.122104243 27.964998487 0.824338206 0.929308267 0.071269887 0.110380475 0.345141853
10034.826310811 39.115388141 27.937311042 0.827231682 0.929084289 0.066079946 0.108250435 0.347444482
10034.859681866 39.106051397 27.897473606 0.833536070 0.928517528 0.058573222 0.104890797 0.351315098
10034.893051059 39.094810526 27.860730684 0.843221380 0.927649601 0.050758858 0.101469191 0.355800169
10034.926411503 39.086853019 27.833890932 0.851008505 0.926824664 0.045159407 0.099212261 0.359323806
10034.959823636 39.076760463 27.807753338 0.861843471 0.925770005 0.039159042 0.097051344 0.363314608
10034.993154401 39.057725325 27.760207830 0.883715578 0.923300094 0.028120321 0.093344419 0.371501014
10035.026519696 39.045588200 27.735237496 0.898137216 0.921593256 0.022030039 0.091851528 0.376488839
10035.059891564 39.029758775 27.704053726 0.917612711 0.919081097 0.014762607 0.090826600 0.383174282
10035.093253621 39.011326435 27.670258077 0.941261661 0.915935116 0.007369818 0.090906774 0.390825417
10035.126606602 38.991553496 27.639664361 0.967391948 0.912588766 0.000412295 0.091551311 0.398497092
10035.159985291 38.972212410 27.610397485 0.994042369 0.909165032 -0.005824181 0.092505772 0.405989785
10035.193348776 38.947194985 27.565453833 1.030868541 0.904106736 -0.013122401 0.095143570 0.416373047
10035.226705159 38.931071359 27.541049015 1.054664173 0.900748792 -0.016783538 0.097525756 0.422916841
10035.260067874 38.911853614 27.509389015 1.084025003 0.896300068 -0.020316640 0.101178883 0.431272832
10035.293427847 38.887462078 27.466370074 1.123375001 0.889736655 -0.023684922 0.106901881 0.443147489
10035.326786573 38.871886883 27.442535688 1.148407371 0.885361438 -0.025610514 0.109876480 0.451005970
10035.360151116 38.849073384 27.407416398 1.185561085 0.878840691 -0.029718791 0.110708887 0.463140772
10035.393512557 38.826572841 27.377648939 1.222220508 0.872396237 -0.036365045 0.106795668 0.475601803
10035.426890634 38.811380721 27.358141859 1.247610354 0.867719888 -0.041909397 0.102197477 0.484625087
10035.460247775 38.794806615 27.336077328 1.279549079 0.861558743 -0.049115874 0.095506979 0.496167896
10035.493656554 38.775262678 27.312248829 1.318896895 0.852856525 -0.055734313 0.089521043 0.511385781
10035.526995316 38.764355850 27.298734540 1.342595786 0.846829055 -0.058215530 0.087590242 0.521363072
10035.560347343 38.752135307 27.283533908 1.371771470 0.838857969 -0.060256665 0.085939710 0.534135572
10035.593714144 38.737631195 27.265618264 1.407730726 0.828189529 -0.062258993 0.083737558 0.550648657
10035.627082603 38.729831648 27.256255394 1.428712669 0.821699551 -0.063728636 0.081702227 0.560422389
10035.660454157 38.722148028 27.245692420 1.450085802 0.814913520 -0.065449857 0.078783163 0.570460764
10035.693844840 38.711213332 27.231332654 1.485447413 0.803573829 -0.068032655 0.073340194 0.586738336
10035.727179874 38.706894113 27.222339898 1.502777417 0.797857403 -0.068718618 0.070838338 0.594712742
10035.760553550 38.701486439 27.208504151 1.527915800 0.789544301 -0.069174089 0.067326556 0.606054351
10035.793934776 38.696704539 27.194806714 1.551231219 0.782225899 -0.069145768 0.064023339 0.615826694
10035.827299048 38.693575696 27.183379396 1.565462325 0.777480318 -0.069235161 0.061864702 0.622015760
10035.860668068 38.688909092 27.165550158 1.586385941 0.771458686 -0.069903325 0.058323495 0.629732793
10035.894038281 38.684417042 27.146137271 1.604281329 0.765957473 -0.071090959 0.054751372 0.636598392
10035.927405304 38.680788176 27.131592841 1.614770513 0.762531632 -0.072557868 0.052353640 0.640733924
10035.960792954 38.675305148 27.109081497 1.629962940 0.758290902 -0.075926757 0.048558958 0.645656304
10035.994149131 38.668199482 27.086734484 1.640883182 0.754402369 -0.080555191 0.044775496 0.649910057
10036.027511105 38.662027131 27.071065988 1.646194849 0.751812797 -0.084947670 0.042078742 0.652526468
10036.060870150 38.652691605 27.050526708 1.653068195 0.749011896 -0.091366083 0.038736657 0.655082354
10036.094236045 38.640027976 27.026945906 1.655482660 0.745784948 -0.099816176 0.035740846 0.657696081
10036.127599973 38.631484933 27.013029599 1.653749550 0.744161516 -0.105304987 0.034351003 0.658752234
10036.160967889 38.618604550 26.993914425 1.650676660 0.742525327 -0.112767813 0.033215713 0.659421167
10036.194344851 38.602664123 26.972054367 1.639994255 0.741382862 -0.121175615 0.033296302 0.659211104
10036.227704891 38.595822826 26.962727320 1.633762463 0.741234818 -0.124458255 0.033748361 0.658742844
10036.261073060 38.575532173 26.940081308 1.612702649 0.742103238 -0.133224110 0.035389363 0.655958622
10036.294458881 38.557814120 26.917091129 1.590500682 0.744527127 -0.142395366 0.036310312 0.651217688
10036.327811469 38.546700433 26.902557487 1.574370978 0.746888597 -0.148635355 0.036507931 0.647095144
10036.361176098 38.531843249 26.882352263 1.553107888 0.750721422 -0.156825078 0.037119986 0.640660088
10036.394540415 38.515487023 26.858116756 1.523962530 0.756370555 -0.164638068 0.039074216 0.631879020
10036.427902704 38.506412716 26.841650163 1.504057038 0.760611537 -0.167993224 0.041723708 0.625705601
10036.461268636 38.496168103 26.815886659 1.473980402 0.767574278 -0.169649798 0.047617250 0.616263963
10036.494634057 38.487445664 26.788777005 1.444241816 0.774938517 -0.169444919 0.054774717 0.606430906
10036.528003268 38.482080033 26.768262735 1.423078410 0.780464157 -0.168766420 0.059948441 0.598998981
10036.561381044 38.477030671 26.742972235 1.398573122 0.787354476 -0.167855238 0.065374442 0.589596244
10036.594750113 38.470675924 26.705040372 1.363732535 0.797820204 -0.167420178 0.071464514 0.574757539
10036.628111912 38.467390527 26.682722850 1.344107265 0.804026623 -0.166903233 0.074468297 0.565808248
10036.661468254 38.465479989 26.652488653 1.318492248 0.812550024 -0.165143899 0.078957597 0.553403695
10036.694841467 38.463318226 26.615553619 1.288594530 0.822427911 -0.161842464 0.085316847 0.538646808
10036.728207936 38.462476736 26.591721290 1.268877401 0.828654880 -0.158541586 0.090450880 0.529163769
10036.761562649 38.462956441 26.564966709 1.246506780 0.835546182 -0.153633182 0.097460050 0.518421607
10036.794924716 38.465767056 26.527055538 1.213122761 0.845121608 -0.144997646 0.108789194 0.502901642
10036.828289117 38.471566642 26.497518482 1.185475823 0.852575825 -0.136748507 0.118360102 0.490311325
10036.861642127 38.476013565 26.477501375 1.165929217 0.857637234 -0.131393324 0.124070869 0.481456736
10036.895004581 38.482287550 26.450731223 1.138039897 0.864836138 -0.125008339 0.129475518 0.468686953
10036.928374715 38.491364417 26.425080797 1.111847982 0.872456256 -0.120236196 0.130700698 0.455280865
10036.961736543 38.495982840 26.412855547 1.099829507 0.876157032 -0.118115518 0.130563642 0.448721199
10036.995079244 38.510217575 26.384104489 1.071974104 0.884741663 -0.111441947 0.131020365 0.433181886
10037.028456548 38.524137376 26.360297816 1.049649268 0.891163619 -0.103883449 0.133370807 0.421008149
10037.061809705 38.534468282 26.343541976 1.033892944 0.895284560 -0.097877638 0.135914878 0.412810696
10037.095171300 38.549884935 26.319265172 1.011598275 0.900732558 -0.088967309 0.139832669 0.401512768
10037.128547000 38.567189865 26.297019499 0.988648146 0.905852488 -0.080547899 0.142515257 0.390682361
10037.161911839 38.578541468 26.280616622 0.972779643 0.909229334 -0.075272873 0.143438099 0.383486017
10037.195287198 38.596121199 26.258057199 0.950812978 0.913724482 -0.067902494 0.143942484 0.373868137
10037.228644622 38.613794556 26.236326892 0.929388246 0.917607308 -0.060388658 0.144719274 0.365248368
10037.261995102 38.623332776 26.225037441 0.918658380 0.919402746 -0.056223449 0.145393550 0.361106952
10037.295354421 38.648042388 26.201960718 0.895829232 0.923099034 -0.046068318 0.147004080 0.352357325
10037.328767708 38.668267089 26.182806025 0.878120162 0.925672428 -0.037493164 0.148298937 0.346023474
10037.362089103 38.682384950 26.168855650 0.866057320 0.927278281 -0.031311547 0.149130460 0.341957135
10037.395454924 38.703052745 26.150876317 0.850247519 0.929279579 -0.022507271 0.149656888 0.336950595
10037.428835756 38.724236659 26.133332343 0.836463493 0.931025498 -0.013704201 0.149418696 0.332682686
10037.462169250 38.739451763 26.121683769 0.828530860 0.932108092 -0.007607822 0.148638885 0.330186475
10037.495523476 38.762474651 26.104160393 0.818248146 0.933555663 0.001412196 0.146371014 0.327180923
10037.528907284 38.785149961 26.089059770 0.811738546 0.934563931 0.010182388 0.143583896 0.325377077
10037.562244843 38.801317881 26.079131026 0.808375400 0.934958856 0.016831208 0.142106012 0.324614430
10037.595617806 38.825429663 26.065245641 0.805313114 0.935096440 0.027110642 0.140703764 0.324132862
10037.628985985 38.850526637 26.050829148 0.802701476 0.934797342 0.038178193 0.139729976 0.324302157
10037.662350277 38.866725263 26.042705905 0.802365679 0.934409079 0.045566347 0.139068083 0.324751364
10037.695716806 38.887164465 26.031165712 0.803000103 0.933772112 0.055163081 0.138013793 0.325543961
10037.729101278 38.913641077 26.017574375 0.805133636 0.932540422 0.067829577 0.136567616 0.327287025
10037.762433805 38.929295271 26.009649721 0.807531249 0.931548121 0.075737463 0.136278937 0.328496553
10037.795797276 38.950309174 25.999014124 0.812567956 0.929759459 0.087398687 0.137109964 0.330317539
10037.829199236 38.970089379 25.988067662 0.819658716 0.927433672 0.100016164 0.140066636 0.332031457
10037.862533418 38.984792855 25.980582834 0.824797298 0.925414193 0.109474113 0.143543148 0.333195669
10037.895905469 39.004669785 25.970692729 0.832809893 0.921776951 0.124227360 0.151686688 0.334493592
10037.929311346 39.017909426 25.964214445 0.839787135 0.918268914 0.136995193 0.161146131 0.334733391
10037.962685912 39.039650817 25.955844698 0.847283353 0.912797602 0.154671050 0.175836990 0.334602386
10037.996024368 39.063203674 25.947151702 0.853672291 0.905831750 0.174934707 0.193802204 0.333627630
10038.029413798 39.088039531 25.935799024 0.857381337 0.898228831 0.195918439 0.211727360 0.331620955
10038.062764630 39.105590817 25.930794390 0.860864114 0.892935405 0.209903193 0.222358942 0.330399021
10038.096131405 39.130149376 25.922885206 0.864014935 0.885612970 0.228972792 0.235529632 0.328309184
10038.129524018 39.154320171 25.917296335 0.867904434 0.878463471 0.247321018 0.246356551 0.326255565
10038.162861097 39.170599172 25.914260111 0.871302142 0.873437113 0.259769964 0.253239165 0.324803173
10038.196238315 39.195232816 25.911658164 0.877490547 0.865584100 0.278343497 0.263547673 0.322229247
10038.229615192 39.220099017 25.911800639 0.883613942 0.857491485 0.296497722 0.273540650 0.319332063
10038.262965224 39.237075922 25.911804662 0.886755048 0.851867659 0.308843895 0.279931832 0.317135791
10038.296334042 39.261496130 25.913386673 0.891132443 0.844325127 0.325187851 0.287068600 0.314578385
10038.329752569 39.284950399 25.916756289 0.895104198 0.838086914 0.339014441 0.290565939 0.313450105
10038.363082361 39.300524613 25.917888655 0.896757555 0.835283203 0.346260506 0.289849203 0.313676699
10038.396453278 39.321031521 25.920560400 0.900294801 0.832563363 0.354072095 0.286470852 0.315286615
10038.429846620 39.340293782 25.926618259 0.904413686 0.827979651 0.362993268 0.288545138 0.315320930
10038.463203758 39.355132587 25.930436750 0.906727064 0.822589936 0.371465036 0.295340577 0.313262618
10038.496564190 39.374563803 25.937876724 0.911695352 0.813174876 0.384567051 0.308838360 0.308988143
10038.529948580 39.393671435 25.944356066 0.917498738 0.803696185 0.396736807 0.321985090 0.304955652
10038.563316441 39.405443310 25.948876484 0.920391592 0.798478153 0.403138544 0.328183096 0.303657387
10038.596672766 39.422127042 25.954928213 0.923909825 0.792005454 0.410601687 0.334380963 0.303846980
10038.630054093 39.435696479 25.959571927 0.927558539 0.786887126 0.415552757 0.338362079 0.305999447
10038.663404626 39.443707284 25.963247017 0.930855651 0.783158787 0.418802263 0.341282886 0.307884671
10038.696796393 39.451351265 25.968710389 0.936937798 0.778039780 0.422713781 0.345881175 0.310376179
10038.730169366 39.460593970 25.974834571 0.945194790 0.770594370 0.427988913 0.352950287 0.313744964
10038.763526331 39.464816876 25.977795952 0.951101411 0.766295562 0.430530990 0.356807869 0.316421116
10038.796881107 39.469306365 25.980969764 0.960494891 0.761019823 0.432775989 0.360717988 0.321615151
10038.830262039 39.472331826 25.982402420 0.970286049 0.756736218 0.433661016 0.362689186 0.328245296
10038.863621635 39.473194167 25.982054878 0.974412962 0.755247079 0.433333696 0.362857725 0.331900633
10038.897001947 39.473992615 25.980490961 0.987016418 0.752225181 0.431203292 0.361642502 0.342688924
10038.930416786 39.472888018 25.976717966 0.997166390 0.750314216 0.428277599 0.360094458 0.352049510
10038.963761453 39.470548291 25.973234396 1.003900169 0.748815758 0.426125214 0.359758436 0.358142613
10038.997125589 39.468360791 25.969271448 1.011795705 0.746542933 0.424424488 0.360657621 0.363955469
10039.030499412 39.460414921 25.963114966 1.023085417 0.740620258 0.422767419 0.366345857 0.372209693
10039.063836018 39.457183377 25.960108774 1.029923167 0.736236981 0.423041210 0.371132894 0.375834562
10039.097206996 39.449654785 25.956168598 1.036460667 0.729990944 0.423762513 0.378462432 0.379874639
10039.130580983 39.443637264 25.952435124 1.046792978 0.722080196 0.425206917 0.386659007 0.385089705
10039.163946675 39.441024981 25.950933479 1.051569141 0.719134716 0.425370953 0.389326593 0.387723634
10039.197328310 39.435081458 25.947891990 1.066813409 0.712622587 0.425082248 0.394015227 0.395254515
10039.230688769 39.430652507 25.946214951 1.080459502 0.707560296 0.425008177 0.396960413 0.401433566
10039.264057764 39.428225194 25.945655913 1.090219571 0.703964591 0.425619899 0.399199539 0.404871937
10039.297415814 39.426572741 25.944371143 1.103654502 0.699488762 0.426953871 0.401852334 0.408583609
10039.330817544 39.426056388 25.942955642 1.121862809 0.694036908 0.429580876 0.405182768 0.411825163
10039.364175481 39.426356769 25.942078788 1.133642507 0.690553534 0.431785807 0.407546152 0.413041121
10039.397525772 39.428581260 25.940730679 1.145876003 0.686967224 0.434770161 0.410142049 0.413321232
10039.430899952 39.433452374 25.938794915 1.166609121 0.680361081 0.440895333 0.415449341 0.412458422
10039.464260995 39.436238612 25.937397097 1.177332955 0.676975960 0.444105019 0.418261623 0.411742027
10039.497642863 39.440928330 25.934772947 1.191876312 0.673115204 0.448014992 0.421143335 0.410897530
10039.531016195 39.445140199 25.931723554 1.205885395 0.670863522 0.450438860 0.422131788 0.410915711
10039.564373753 39.447896149 25.928451305 1.215729856 0.669922481 0.451349707 0.422120733 0.411462512
10039.597763976 39.450648298 25.925958686 1.226786474 0.669251660 0.452086907 0.421661988 0.412214521
10039.631132573 39.454869945 25.919548599 1.246078149 0.667791476 0.453388569 0.421577467 0.413238175
10039.664500038 39.457115911 25.915165847 1.256461493 0.666640235 0.454347564 0.422118355 0.413491454
10039.697892043 39.459999113 25.908901009 1.272252504 0.664764998 0.455812111 0.423232125 0.413760058
10039.731235892 39.462809051 25.901775343 1.287953221 0.663157779 0.456615124 0.424150100 0.414513066
10039.764600184 39.464623827 25.896642373 1.299033977 0.662211227 0.456762088 0.424510276 0.415494537
10039.797981124 39.466672303 25.891520937 1.310957256 0.661467832 0.456451305 0.424555986 0.416970896
10039.831355961 39.469143837 25.881856701 1.331347179 0.660317229 0.455050247 0.424357748 0.420512701
10039.864737985 39.470044264 25.876530823 1.342474565 0.659690568 0.453971211 0.424161579 0.422853932
10039.898089186 39.470805806 25.871008799 1.354256886 0.659071916 0.452475789 0.423877436 0.425696827
10039.931470728 39.471603464 25.861676136 1.373992750 0.657799276 0.449663684 0.423290414 0.431193586
10039.964851529 39.471624084 25.856214499 1.385006897 0.657180301 0.447777381 0.422773814 0.434593801
10039.998202129 39.471716866 25.849145871 1.398828905 0.656562687 0.444792724 0.421739130 0.439569082
10040.031562973 39.471285279 25.839851436 1.415348986 0.656065721 0.440640678 0.420182245 0.445937713
10040.064935744 39.470842378 25.833809842 1.425931977 0.655801012 0.437836209 0.419063199 0.450122786
10040.098316671 39.470141283 25.825242802 1.440069566 0.655468601 0.433583568 0.417470109 0.456163249
10040.131677307 39.468420771 25.816121385 1.454118358 0.654965912 0.428882553 0.416169920 0.462473791
10040.165038221 39.467466477 25.812128994 1.459792615 0.654622100 0.426971367 0.415792040 0.465061649
10040.198413129 39.463454958 25.800736615 1.474845275 0.653158617 0.421106230 0.415225438 0.472907179
10040.231778860 39.458497274 25.791267285 1.485606054 0.651767330 0.416035522 0.415039676 0.479432851
10040.265142425 39.454721163 25.784948572 1.492466740 0.650693655 0.412335104 0.414880301 0.484202298
10040.298529041 39.448336357 25.776968347 1.500287626 0.649028250 0.406702094 0.414547131 0.491433020
10040.331883483 39.440533264 25.769561811 1.507650764 0.647317572 0.400336917 0.413960418 0.499346660
10040.365245196 39.437269916 25.766787196 1.510741302 0.646582385 0.397519861 0.413538049 0.502887126
10040.398639609 39.430540126 25.762180138 1.515485749 0.645190814 0.391036176 0.412006091 0.510950588
10040.431991963 39.422437046 25.756663018 1.521573935 0.644522360 0.381372040 0.408273857 0.521975816
10040.465358464 39.417668822 25.754285210 1.524707743 0.644693245 0.375439125 0.405381803 0.528281815
10040.498723092 39.414022274 25.752350550 1.526588236 0.645354564 0.369041953 0.401719345 0.534740210
10040.532083548 39.407995291 25.749622058 1.531903578 0.647203138 0.357790309 0.394359361 0.545522582
10040.565454101 39.404531282 25.748204379 1.534796138 0.648692730 0.351363662 0.389815789 0.551166917
10040.598820812 39.402493798 25.745232482 1.538404376 0.651737959 0.342454398 0.382711424 0.558116998
10040.632183989 39.398260905 25.741973481 1.542774269 0.656560816 0.330063864 0.372648939 0.566673193
10040.665552989 39.394933074 25.740068061 1.544941275 0.660159874 0.321197380 0.365355057 0.572308367
10040.698932916 39.391599005 25.736981898 1.547488391 0.664520132 0.310833611 0.357067221 0.578185489
10040.732303980 39.384094271 25.733081882 1.551369726 0.670366935 0.294972102 0.345060519 0.586969224
10040.765672986 39.379362093 25.731671195 1.553505232 0.672737360 0.287174516 0.339558541 0.591316530
10040.799029756 39.373044436 25.730744809 1.556764394 0.675068485 0.277931457 0.333615453 0.596437235
10040.832397171 39.364722975 25.729676756 1.560931454 0.677009914 0.267702440 0.327608951 0.602217033
10040.865768783 39.357363739 25.729467869 1.564322820 0.678320437 0.258538166 0.322526441 0.607466951
10040.899142072 39.352735358 25.730019478 1.566200643 0.679053358 0.252381246 0.319116691 0.611027644
10040.932501292 39.345987287 25.729382469 1.569603179 0.680401221 0.242822643 0.313770362 0.616148930
10040.965880397 39.339728904 25.728373678 1.573499324 0.682032499 0.232886825 0.307799144 0.621172346
10040.999248404 39.336659235 25.728643913 1.575195343 0.682875032 0.227702660 0.304556842 0.623761428
10041.032615302 39.328956754 25.726918977 1.579864019 0.684714335 0.216032740 0.297412456 0.629318652
10041.066002148 39.322942941 25.724760765 1.584115087 0.685830592 0.207422197 0.292074246 0.633486437
10041.099351154 39.319177206 25.723238001 1.586934627 0.686431999 0.201895919 0.288565626 0.636222468
10041.132713066 39.313496730 25.720898883 1.591437889 0.687307759 0.193932080 0.283312650 0.640103378
10041.166086073 39.306740606 25.717376625 1.596393131 0.688405380 0.185537106 0.277509418 0.643942962
10041.199456029 39.303669045 25.715905935 1.598290793 0.688920297 0.181650775 0.274730576 0.645689500
10041.232812122 39.292836643 25.711712412 1.603730817 0.690529437 0.169516097 0.265807798 0.650983566
10041.266177021 39.283344997 25.708007165 1.607733634 0.692037051 0.159164901 0.257807179 0.655199750
10041.299564034 39.277333983 25.705451409 1.610055952 0.693022584 0.152358871 0.252380826 0.657883266
10041.332923585 39.265896130 25.701054891 1.613778747 0.694687363 0.140172610 0.242503116 0.662535543
10041.366290159 39.254611168 25.696886306 1.617068406 0.696118870 0.128517950 0.232807881 0.666859915
10041.399659491 39.249947875 25.694843947 1.618567217 0.696577551 0.123975554 0.228932971 0.668580191
10041.433017439 39.235164812 25.688502211 1.621320541 0.697660410 0.110745907 0.217547388 0.673556553
10041.466384846 39.223028589 25.683548481 1.622632675 0.698231307 0.100845864 0.208821906 0.677271412
10041.499760235 39.214964130 25.680067449 1.623732995 0.698615315 0.094536600 0.203082482 0.679527025
10041.533121998 39.200687862 25.674245800 1.625092083 0.699328417 0.083200865 0.192746797 0.683275971
10041.566494879 39.186513975 25.668189441 1.626337122 0.700161205 0.071570545 0.181985603 0.686682740
10041.599865767 39.179550626 25.664965764 1.626848988 0.700569528 0.065685392 0.176440521 0.688299722
10041.633239336 39.162076969 25.656926589 1.629179236 0.701321474 0.052440186 0.163788019 0.691788770
10041.666613013 39.147607180 25.649354640 1.631414077 0.701839046 0.041662324 0.153256658 0.694405213
10041.699974506 39.137553995 25.643679527 1.632904989 0.702249444 0.034300373 0.145932285 0.695969087
10041.733330452 39.120855333 25.634763111 1.636232740 0.702783835 0.023812605 0.135484488 0.697976930
10041.766697514 39.105169810 25.625785675 1.639074584 0.703208204 0.014118219 0.125615609 0.699656785
10041.800073287 39.097321913 25.621871181 1.640424120 0.703291964 0.010133409 0.121395847 0.700386162
10041.833457687 39.075706143 25.610435966 1.644186241 0.703293620 -0.000299964 0.110351675 0.702282352
10041.866823711 39.058046679 25.601729344 1.646995619 0.703020492 -0.007903281 0.101795360 0.703802125
10041.900177870 39.049674335 25.597221380 1.648357311 0.702864558 -0.011795735 0.097401299 0.704524847
10041.933555950 39.026968487 25.587465431 1.652803077 0.702073922 -0.021226182 0.086376268 0.706527280
10041.966936853 39.010014138 25.579742539 1.656071987 0.701189158 -0.029526039 0.076565878 0.708236997
10042.000278378 39.002690097 25.576439358 1.657378620 0.700693348 -0.033254710 0.072031063 0.709037715
10042.033642342 38.981787057 25.567170023 1.661237505 0.698925710 -0.043341150 0.059185609 0.711422139
10042.067013064 38.966341499 25.560668135 1.664064755 0.697094623 -0.051076402 0.048597366 0.713504438
10042.100382437 38.960178466 25.558369631 1.665269950 0.696276115 -0.054121543 0.044324176 0.714356912
10042.133762546 38.940667488 25.551629990 1.669349341 0.693610681 -0.063174833 0.031173422 0.716897051
10042.167128300 38.926522804 25.546805508 1.672659751 0.691553620 -0.070132896 0.020814867 0.718610958
10042.200482937 38.920155006 25.544937862 1.674247797 0.690599089 -0.073247031 0.016174163 0.719337311
10042.233884596 38.901301966 25.538684372 1.679015007 0.688088315 -0.082138069 0.003178724 0.720956104
10042.267220144 38.886881731 25.532450069 1.682792118 0.686198109 -0.088629326 -0.006899356 0.721962185
10042.300588406 38.880634630 25.529453955 1.684482823 0.685379833 -0.091346883 -0.011294634 0.722345252
10042.333988682 38.863512912 25.520047581 1.689491686 0.683486635 -0.097950113 -0.022238355 0.723019537
10042.367320228 38.851068331 25.511901283 1.693442154 0.682089911 -0.103584124 -0.031222888 0.723221137
10042.400699532 38.844556844 25.508010998 1.695353526 0.681514750 -0.106315516 -0.035410761 0.723174069
10042.434081019 38.828766566 25.496952356 1.700398427 0.679948565 -0.114333482 -0.047017051 0.722763586
10042.467442976 38.816148640 25.487344844 1.704470562 0.678801765 -0.120386522 -0.056059221 0.722213689
10042.500811103 38.808197801 25.480511282 1.706902263 0.678161688 -0.124091889 -0.061848523 0.721715102
10042.534194247 38.795098346 25.469580240 1.710925770 0.677468003 -0.129004731 -0.069676397 0.720791290
10042.567549082 38.783483708 25.458539874 1.714160701 0.676764991 -0.134032580 -0.077458811 0.719739221
10042.600909695 38.775801347 25.450793062 1.716014564 0.676271931 -0.137777794 -0.082982581 0.718879299
10042.634272976 38.764904144 25.440859680 1.718394740 0.675522861 -0.142739807 -0.090035139 0.717765899
10042.667641070 38.749140651 25.429036795 1.722145931 0.674409782 -0.148773119 -0.098602440 0.716460441
10042.701027544 38.743983334 25.424438062 1.722670352 0.673934820 -0.151042877 -0.101805357 0.715984342
10042.734382159 38.729956961 25.413057995 1.723669297 0.672541300 -0.156397155 -0.109277474 0.715043050
10042.767749078 38.716746369 25.401071676 1.722363249 0.671065922 -0.161028010 -0.116216708 0.714306786
10042.801120458 38.711977112 25.396024058 1.721383786 0.670545046 -0.162497601 -0.118576625 0.714075244
10042.834498382 38.697878750 25.381512260 1.718007438 0.669166428 -0.165345581 -0.123893855 0.713811911
10042.867856164 38.687009697 25.368501446 1.714318869 0.668254877 -0.167050545 -0.127738545 0.713591199
10042.901222875 38.679479682 25.358471112 1.711263117 0.667622111 -0.168520101 -0.130370554 0.713361908
10042.934589865 38.670317502 25.346886424 1.707784680 0.666994126 -0.170190195 -0.133295090 0.713012309
10042.967960461 38.654796159 25.324939938 1.701704366 0.665828126 -0.173717189 -0.138537256 0.712251833
10043.001327074 38.648491341 25.315757413 1.699692833 0.665364955 -0.175288159 -0.140578737 0.711899681
10043.034701778 38.634310411 25.295684545 1.696856801 0.664409081 -0.178738909 -0.144669529 0.711114409
10043.068056371 38.615897339 25.267272874 1.692272151 0.663160497 -0.183979059 -0.150120394 0.709812460
10043.101428145 38.604670037 25.250656055 1.690061216 0.662424871 -0.186973267 -0.152977417 0.709106619
10043.134794236 38.589454753 25.228365683 1.687848799 0.661449536 -0.190998636 -0.156731302 0.708123810
10043.168158844 38.568184526 25.198470722 1.685701886 0.660249804 -0.196592959 -0.161476115 0.706644797
10043.201525781 38.554984585 25.180192862 1.684701191 0.659489793 -0.200349318 -0.164504766 0.705600132
10043.234886542 38.539752555 25.160757920 1.684622622 0.658545806 -0.205155198 -0.168101707 0.704251789
10043.268255561 38.514214312 25.130302165 1.684440892 0.656719933 -0.214302984 -0.175009944 0.701544496
10043.301634876 38.500277065 25.114143308 1.683892405 0.655792994 -0.219168116 -0.178730584 0.699968760
10043.335030055 38.485831805 25.097097663 1.683316789 0.654919445 -0.223576490 -0.182356372 0.698455601
10043.368367018 38.460263282 25.068045267 1.681071888 0.653881445 -0.229253462 -0.187275854 0.696282745
10043.401742463 38.446956017 25.052633111 1.679006127 0.653536556 -0.231498001 -0.189601052 0.695233836
10043.435106880 38.432642819 25.036057174 1.676352659 0.653296117 -0.233316413 -0.191999586 0.694192909
10043.468477931 38.409128409 25.007966632 1.671501906 0.653432478 -0.235530422 -0.195752644 0.692266076
10043.501845144 38.396325267 24.991496011 1.668487205 0.653768702 -0.236353201 -0.197832061 0.691076062
10043.535218343 38.381858688 24.972853474 1.664690018 0.654363599 -0.236983199 -0.200167125 0.689623351
10043.568597826 38.357903704 24.941983359 1.658284033 0.655373803 -0.238745443 -0.204782888 0.686694809
10043.601951293 38.343860638 24.924414188 1.654540740 0.655793433 -0.240374556 -0.207979810 0.684762327
10043.635319584 38.327796464 24.904909653 1.649982643 0.656103636 -0.242529679 -0.211763798 0.682541916
10043.668692800 38.299411463 24.871950440 1.642477103 0.656816834 -0.246147518 -0.217990802 0.678589019
10043.702080818 38.283886517 24.855013186 1.638673419 0.657328601 -0.247537085 -0.220795571 0.676678519
10043.735430784 38.261611152 24.831445058 1.633196687 0.658195545 -0.248826517 -0.224095133 0.674273950
10043.768811363 38.233272010 24.804006726 1.627217441 0.659269640 -0.249886450 -0.227506611 0.671685229
10043.802172704 38.215094829 24.786719666 1.623549608 0.659944964 -0.250388495 -0.229549259 0.670138332
10043.835536082 38.195294725 24.768941951 1.619553459 0.660610273 -0.251095934 -0.231732503 0.668464619
10043.868918971 38.162410352 24.740246741 1.613362846 0.661659423 -0.252648151 -0.235906818 0.665374852
10043.902275225 38.144852066 24.724261852 1.610118680 0.662206884 -0.253757472 -0.238506861 0.663478459
10043.935657002 38.127111424 24.709656291 1.606084806 0.662620704 -0.255143629 -0.241651429 0.661392560
10043.969084708 38.097194073 24.683298036 1.600027453 0.663139703 -0.258522014 -0.248030304 0.657185720
10044.002376460 38.080516408 24.668427702 1.596588513 0.663234848 -0.260870010 -0.252127897 0.654597508
10044.035743100 38.063662282 24.654014529 1.593257424 0.663370588 -0.263263738 -0.256619982 0.651749838
10044.069148326 38.034521604 24.628158928 1.587154350 0.664046091 -0.266587637 -0.263804241 0.646823889
10044.102491263 38.018209795 24.613570064 1.583462190 0.664704782 -0.267808347 -0.267322805 0.644193107
10044.135857031 37.997681550 24.595672302 1.578722496 0.665935254 -0.268773000 -0.271318414 0.640841345
10044.169245667 37.971700978 24.572606913 1.572598947 0.667659629 -0.269589912 -0.276006884 0.636688385
10044.202605938 37.955091936 24.557785987 1.568375081 0.668720649 -0.270402872 -0.279137848 0.633858851
10044.235962455 37.929626646 24.536109308 1.562037330 0.669947800 -0.272377747 -0.284272535 0.629419918
10044.269360062 37.905021573 24.515609806 1.556398945 0.670602291 -0.275305936 -0.290186875 0.624732573
10044.302700245 37.886553739 24.500984697 1.551610548 0.670696922 -0.278000219 -0.294721069 0.621305890
10044.336070510 37.859464885 24.480674851 1.544584211 0.670293952 -0.282692258 -0.301737575 0.616234972
10044.369456761 37.831683338 24.461351545 1.537510737 0.669156730 -0.288651742 -0.309358791 0.610906360
10044.402816007 37.810896443 24.447497748 1.532774415 0.667967565 -0.293403859 -0.315014340 0.607041575
10044.436192094 37.786264426 24.432430386 1.526702596 0.666019364 -0.299948213 -0.322072643 0.602261147
10044.469580935 37.757780148 24.416812332 1.520457561 0.663181562 -0.308156620 -0.330307612 0.596763433
10044.502942921 37.730372735 24.402730401 1.515873377 0.660320370 -0.315781303 -0.337850655 0.591706104
10044.536312304 37.699823614 24.389027091 1.511231833 0.656373524 -0.325023213 -0.346433909 0.586103451
10044.569720444 37.669239157 24.379650487 1.507656229 0.651937298 -0.334989982 -0.354681538 0.580482970
10044.603057673 37.648082314 24.373600397 1.505934277 0.649082290 -0.341248268 -0.359626135 0.576984267
10044.636428996 37.616636495 24.366419689 1.503912750 0.644828649 -0.350349749 -0.366161960 0.572168232
10044.669834365 37.586245961 24.363503873 1.502451446 0.640784201 -0.358978330 -0.371522329 0.567892002
10044.703188519 37.563902423 24.360346882 1.501448589 0.638056190 -0.364793880 -0.374854191 0.565061111
10044.736544916 37.533611299 24.359056898 1.500067336 0.634196429 -0.372847685 -0.379104003 0.561301745
10044.769927042 37.505810992 24.365158767 1.498122065 0.629751287 -0.381615227 -0.383323171 0.557536081
10044.803282719 37.473587085 24.365923420 1.496542165 0.624969475 -0.390786212 -0.387976169 0.553329725
10044.836653824 37.449918201 24.366782143 1.495577859 0.621199678 -0.397739487 -0.391624331 0.550040584
10044.870075935 37.427200491 24.375621426 1.494456948 0.616305800 -0.406326940 -0.395900923 0.546194139
10044.903408041 37.385181476 24.378199674 1.492514897 0.609591835 -0.418035861 -0.401512231 0.540769583
10044.936776378 37.362019033 24.380923597 1.491432095 0.606182108 -0.423936845 -0.404067709 0.538098587
10044.970168735 37.332308508 24.381322422 1.489347400 0.602712605 -0.430096299 -0.406249010 0.535459085
10045.003523097 37.286456009 24.385555454 1.486368152 0.597715063 -0.438602666 -0.408840259 0.532178586
10045.036901598 37.260903291 24.389012276 1.484821077 0.594909529 -0.443146946 -0.410232528 0.530483467
10045.070288324 37.222795945 24.392928010 1.482450848 0.590485414 -0.449923394 -0.412580781 0.527894890
10045.103634000 37.184422672 24.398248075 1.480782516 0.584951587 -0.457637859 -0.416075985 0.524671330
10045.137003968 37.158682754 24.402395080 1.480231512 0.580345141 -0.463553706 -0.419183371 0.522113763
10045.170400362 37.122247679 24.407363881 1.479468048 0.573162583 -0.472343900 -0.424211661 0.518093004
10045.203740242 37.089009834 24.413617335 1.480108651 0.566514373 -0.479896955 -0.428588834 0.514851424
10045.237107456 37.072492506 24.416983586 1.480919105 0.563615687 -0.483038633 -0.430345531 0.513628038
10045.270483830 37.034593772 24.421796219 1.482570778 0.558910769 -0.487982173 -0.432830112 0.512006099
10045.303846874 37.003190951 24.426157599 1.485379459 0.556310909 -0.490339700 -0.433963430 0.511625735
10045.337231797 36.989674904 24.427689819 1.486543478 0.555412245 -0.491108713 -0.434442949 0.511457520
10045.370595846 36.953294677 24.431710046 1.489610446 0.552887179 -0.493004812 -0.436561524 0.510564451
10045.403962994 36.924846277 24.434055213 1.491401454 0.550469945 -0.494803377 -0.439505424 0.508908086
10045.437330948 36.912570486 24.434774403 1.491875819 0.549233857 -0.495666088 -0.441234619 0.507906792
10045.470724324 36.876989090 24.435665075 1.493265948 0.545728874 -0.498075821 -0.447081604 0.504200865
10045.504079686 36.852794100 24.435616189 1.493769192 0.542551984 -0.500190634 -0.453186689 0.500068494
10045.537445807 36.841790979 24.435092263 1.493427594 0.540906647 -0.501378259 -0.456366216 0.497764722
10045.570842005 36.808660053 24.434403344 1.493338882 0.535452349 -0.504493660 -0.466446376 0.491125958
10045.604198165 36.784126617 24.433687092 1.493310955 0.531133952 -0.506378914 -0.475374924 0.485279097
10045.637573286 36.771508213 24.432956373 1.493116882 0.528864498 -0.507185411 -0.480212888 0.482141975
10045.670981349 36.739940412 24.429765813 1.493005652 0.523839900 -0.508287931 -0.492127082 0.474390213
10045.704326729 36.716199145 24.425114587 1.491810512 0.520605602 -0.508005420 -0.502061657 0.467797384
10045.737687896 36.699922551 24.421499843 1.491174009 0.518940695 -0.507300464 -0.508409359 0.463537181
10045.771079197 36.677533126 24.415341818 1.489784745 0.517391879 -0.505407668 -0.517190180 0.457583928
10045.804432798 36.648361824 24.407506190 1.486639718 -0.516514271 0.501735860 0.528005590 -0.450204656
10045.837821453 36.630703861 24.402460271 1.484121345 -0.516809538 0.498799378 0.534222838 -0.445772409
10045.871179919 36.603109761 24.394655277 1.480578378 -0.518610580 0.493373281 0.542608001 -0.439547983
10045.904548749 36.573497474 24.386196844 1.475824061 -0.522400041 0.486812812 0.549592228 -0.433658698
10045.937917830 36.559228714 24.381232397 1.473135307 -0.525090260 0.483068737 0.552752175 -0.430569212
10045.971325260 36.527615232 24.370112599 1.467262781 -0.532022764 0.474761305 0.558430381 -0.423920974
10046.004669052 36.490773236 24.356804959 1.458923745 -0.540564325 0.465539954 0.563910813 -0.416013650
10046.038024545 36.468487928 24.348345103 1.453451227 -0.545791488 0.460058561 0.567064469 -0.410969171
10046.071412876 36.430605700 24.335953586 1.446618272 -0.553404756 0.452198438 0.571366466 -0.403484957
10046.104761150 36.396005198 24.323019456 1.439030494 -0.561396261 0.443733241 0.575298870 -0.396189676
10046.138131627 36.374270044 24.313528617 1.433369818 -0.567186466 0.437510442 0.577756453 -0.391256447
10046.171506243 36.338921960 24.298808632 1.426227389 -0.576010813 0.427906350 0.580795399 -0.384427371
10046.204864217 36.303829752 24.283670416 1.419216765 0.585493538 -0.417923327 -0.582499222 0.378460124
10046.238242159 36.282102362 24.272275104 1.413220911 0.592350406 -0.410880925 -0.583154947 0.374470519
10046.271607538 36.248399306 24.255843052 1.404977365 0.601442904 -0.401564745 -0.584075367 0.368602976
10046.304969400 36.213246561 24.239547487 1.397411443 0.608900490 -0.393658133 -0.585521317 0.362544141
10046.338357789 36.190599218 24.227653939 1.391812241 0.613162504 -0.388854421 -0.586999792 0.358127388
10046.371714078 36.154112573 24.211649259 1.384524580 0.618043117 -0.383058174 -0.589535735 0.351762360
10046.405066909 36.119087443 24.195321064 1.378454063 0.622169547 -0.378171501 -0.591636592 0.346204439
10046.438446676 36.094631918 24.184324809 1.374435234 0.624941803 -0.375018587 -0.592642755 0.342904311
10046.471808786 36.055995556 24.169796069 1.369077463 0.629497111 -0.370934534 -0.592513975 0.339216964
10046.505175838 36.016326311 24.154436792 1.365275766 0.634962517 -0.366548869 -0.590750092 0.336866230
10046.538544428 35.998933329 24.147016153 1.364010743 0.637587540 -0.364632283 -0.589543124 0.336101669
10046.571923225 35.948459697 24.130398835 1.361931927 0.644300551 -0.360352310 -0.585297250 0.335335863
10046.605281229 35.906900933 24.117589794 1.360863924 0.648968333 -0.357568640 -0.581619160 0.335714050
10046.638654386 35.886791934 24.111004049 1.360385672 0.650837572 -0.356360364 -0.580102573 0.336004092
10046.672020604 35.846711145 24.100567820 1.359808855 0.653254779 -0.354977415 -0.577730235 0.336863479
10046.705398844 35.793043011 24.086221559 1.360356451 0.654279114 -0.354275885 -0.576379053 0.337926953
10046.738778887 35.763378959 24.077584856 1.360839049 0.653751441 -0.354573173 -0.576509058 0.338414280
10046.772126080 35.720868518 24.065875245 1.362059609 0.652020110 -0.355507940 -0.577203509 0.339587973
10046.805488838 35.678703323 24.051850257 1.365168769 0.650603291 -0.356448002 -0.577332580 0.341097159
10046.838871077 35.651316446 24.043354194 1.368520921 0.650488515 -0.356480615 -0.576438854 0.342789310
10046.872231026 35.621908337 24.034304402 1.372425309 0.651294770 -0.355906653 -0.574205101 0.345592358
10046.905594137 35.573552542 24.018825985 1.380467762 0.654589735 -0.353446552 -0.568231645 0.351710976
10046.938971337 35.556063902 24.013415962 1.384055570 0.656029404 -0.352335388 -0.565622275 0.354339721
10046.972346563 35.516487999 24.000221215 1.392434045 0.659201456 -0.349643225 -0.559591475 0.360638929
10047.005695238 35.477755626 23.988517997 1.401579599 0.661632570 -0.347400258 -0.553813708 0.367213534
10047.039067353 35.461749349 23.983695967 1.405347970 0.662467771 -0.346603366 -0.551495893 0.369938966
10047.072442368 35.414282222 23.969786755 1.415308060 0.664836697 -0.344336055 -0.544999921 0.377359157
10047.105803217 35.377153652 23.959332451 1.422982653 0.666538637 -0.342526637 -0.539929613 0.383246345
10047.139192889 35.356914794 23.952965905 1.425932569 0.667346131 -0.341610763 -0.537566999 0.385970140
10047.172551967 35.311449168 23.940441930 1.434743717 0.668421850 -0.339827760 -0.532427686 0.392746843
10047.205910149 35.276048352 23.931768988 1.443145137 0.668588214 -0.338824966 -0.528866383 0.398105252
10047.239285977 35.254168672 23.926275482 1.449164673 0.668597516 -0.338094747 -0.526699548 0.401568039
10047.272654593 35.219558273 23.916339061 1.458199030 0.668716286 -0.337074561 -0.523003101 0.407022145
10047.306013889 35.188358529 23.908121119 1.468024154 0.669192976 -0.335679106 -0.518916893 0.412584001
10047.339400232 35.173320360 23.904205238 1.472744327 0.669586209 -0.334969886 -0.516646902 0.415361845
10047.372749327 35.140882480 23.894111544 1.482954904 0.670810553 -0.332794832 -0.511029582 0.422030293
10047.406116533 35.110242744 23.884165425 1.491901813 0.672257740 -0.330417979 -0.504947669 0.428860515
10047.439484223 35.098427284 23.880446499 1.494866742 0.672796887 -0.329424257 -0.502477837 0.431671206
10047.472859109 35.067132065 23.868782173 1.501322044 0.674682215 -0.326228292 -0.495262943 0.439424200
10047.506218398 35.043551083 23.859369595 1.505170035 0.676700743 -0.322974313 -0.488834731 0.445874762
10047.539586939 35.031981057 23.854562183 1.506913714 0.677913530 -0.321218447 -0.485468629 0.448967890
10047.572957462 35.003373385 23.840978133 1.510937539 0.681316535 -0.316498405 -0.476535047 0.456673722
10047.606325344 34.979968424 23.829373748 1.513652841 0.683945442 -0.312840163 -0.469245938 0.462771989
10047.639699033 34.969445700 23.823818267 1.514507172 0.685020201 -0.311398767 -0.466081563 0.465345150
10047.673074975 34.944534066 23.810797561 1.516943370 0.686826685 -0.308904125 -0.459315846 0.471037471
10047.706465014 34.917877449 23.798667237 1.519103466 0.687550745 -0.307531007 -0.453748803 0.476246445
10047.739826940 34.899348917 23.790739001 1.520643648 0.687658665 -0.307027944 -0.450513506 0.479475738
10047.773202335 34.882732343 23.783098943 1.521522394 0.687538933 -0.306748988 -0.447073414 0.483032748
10047.806564891 34.846711224 23.768450053 1.523666574 0.687248541 -0.306062837 -0.440982427 0.489437924
10047.839939868 34.826110747 23.760083167 1.524828616 0.686937670 -0.305609976 -0.437536310 0.493235398
10047.873296457 34.800071489 23.750000462 1.525877590 0.686084774 -0.305356918 -0.433238496 0.498346508
10047.906670000 34.766846754 23.737791637 1.527498474 0.684257679 -0.305725348 -0.428478807 0.504707195
10047.940046423 34.745240835 23.729814677 1.528785566 0.682901502 -0.306148039 -0.425459248 0.508825457
10047.973432800 34.723324978 23.722147974 1.530567933 0.681417177 -0.306667611 -0.421759069 0.513560994
10048.006787638 34.688254593 23.707810161 1.533474379 0.680344397 -0.306449925 -0.413742329 0.521571884
10048.040167033 34.668776154 23.699589013 1.535667118 0.680245225 -0.306039103 -0.408222585 0.526270674
10048.073540350 34.648666416 23.689975427 1.537956038 0.680555161 -0.305301484 -0.401563668 0.531396554
10048.106906006 34.614886328 23.671886474 1.541378618 0.681996563 -0.303446800 -0.388657785 0.540135032
10048.140277725 34.596821244 23.662305866 1.543695565 0.682955099 -0.302381196 -0.381293585 0.544750537
10048.173651356 34.576665943 23.649455906 1.546126414 0.684307399 -0.301020262 -0.372328078 0.549983625
10048.207013088 34.543166225 23.628569521 1.549361399 0.686615484 -0.298951845 -0.357628195 0.557932833
10048.240385407 34.523656713 23.616826736 1.551211124 0.687917653 -0.297847478 -0.349111635 0.562296407
10048.273754767 34.499881655 23.599191210 1.551749050 0.689979919 -0.295927978 -0.337398190 0.567905630
10048.307122498 34.469546000 23.578284748 1.552648869 0.692517221 -0.292977437 -0.322606806 0.574899094
10048.340496440 34.449588417 23.565059324 1.552524270 0.694123133 -0.290762975 -0.312812110 0.579481278
10048.373864640 34.423125367 23.545031822 1.550719932 0.696453267 -0.286817550 -0.298438156 0.586193831
10048.407230638 34.396606669 23.525040164 1.548916743 0.698684021 -0.281979217 -0.283286132 0.593361044
10048.440614220 34.378558878 23.510560580 1.547595939 0.700192152 -0.277859654 -0.272369768 0.598614794
10048.473990659 34.356912772 23.489734675 1.545271288 0.702178884 -0.271179558 -0.256797717 0.606185940
10048.507376756 34.334943251 23.467348661 1.543489767 0.704155107 -0.263045731 -0.240819614 0.613985702
10048.540755329 34.315806033 23.444515699 1.541961443 0.705952625 -0.254227553 -0.225564246 0.621385559
10048.574123690 34.302703781 23.428135184 1.541103219 0.707121787 -0.247798435 -0.215283435 0.626280892
10048.607495496 34.286392496 23.403248228 1.540884571 0.708479679 -0.238923384 -0.202071407 0.632565655
10048.640877285 34.274483831 23.377962351 1.540786821 0.709356127 -0.231598548 -0.190869149 0.637765604
10048.674254710 34.267668654 23.360512723 1.541132196 0.709638887 -0.227748066 -0.184649678 0.640662130
10048.707622935 34.257162758 23.334215888 1.541014272 0.709999194 -0.222515683 -0.176414049 0.644411358
10048.740996200 34.246740256 23.306025720 1.541548967 0.710612540 -0.216751725 -0.168318996 0.647855867
10048.774355887 34.243323604 23.284853922 1.540434269 0.711099974 -0.212173335 -0.162643904 0.650281680
10048.807729312 34.235336860 23.254382782 1.538590931 0.711763031 -0.205320215 -0.154358369 0.653766388
10048.841106995 34.228268291 23.221376035 1.536355441 0.712433792 -0.197981781 -0.146024495 0.657204803
10048.874476247 34.224533825 23.198175381 1.534260067 0.712790259 -0.193367955 -0.140942791 0.659298120
10048.907842147 34.216189502 23.162356717 1.531234398 0.712973100 -0.188410536 -0.135177069 0.661738610
10048.941217533 34.207721029 23.126773386 1.528142825 0.712679654 -0.185916943 -0.131597606 0.663479216
10048.974617168 34.203550992 23.105752783 1.526357970 0.712275278 -0.185396574 -0.130381266 0.664298701
10049.007948307 34.190012994 23.063455950 1.522859208 0.711204187 -0.186162211 -0.129261416 0.665450014
10049.041316168 34.178314728 23.026814872 1.520621824 0.709958862 -0.188096083 -0.129099747 0.666266864
10049.074683877 34.175479448 23.012284915 1.520325624 0.709232617 -0.189367760 -0.129237658 0.666653264
10049.108048160 34.163374517 22.966580903 1.521035341 0.707769371 -0.191523434 -0.128451270 0.667743636
10049.141424170 34.153937066 22.930206870 1.523074618 0.706957378 -0.191498479 -0.126286574 0.669022645
10049.174800361 34.148030857 22.907893559 1.524952502 0.706426029 -0.191217973 -0.124623403 0.669975342
10049.208153214 34.137573063 22.870841405 1.526207362 0.705127742 -0.191416298 -0.122071666 0.671753807
10049.241524007 34.126151883 22.837812488 1.525808676 0.703625354 -0.193089226 -0.120925842 0.673056352
10049.274914144 34.118241749 22.817716697 1.525137259 0.702505714 -0.195012324 -0.120776079 0.673698044
10049.308273511 34.105564556 22.784179796 1.522849775 0.700764589 -0.198654947 -0.121144048 0.674380696
10049.341637872 34.092625544 22.749682868 1.520104873 0.699628818 -0.201217458 -0.121002649 0.674825467
10049.374998560 34.086746475 22.734428667 1.519410102 0.699337367 -0.201857521 -0.120709151 0.674988955
10049.408366319 34.072819520 22.688893599 1.517155000 0.699280014 -0.201819187 -0.118657291 0.675423515
10049.441744729 34.060796209 22.650099062 1.515967207 0.700222779 -0.198956757 -0.115206424 0.675893296
10049.475125260 34.055124725 22.631380946 1.515451808 0.701035280 -0.196615152 -0.112933399 0.676119860
10049.508497351 34.041003654 22.579960746 1.513361753 0.703829788 -0.187860890 -0.104690534 0.677031615
10049.541875023 34.026834066 22.536440865 1.512287094 0.706193914 -0.180605334 -0.098226702 0.677512645
10049.575245889 34.019820611 22.514581986 1.512125488 0.707110900 -0.178474300 -0.095881559 0.677456881
10049.608616018 34.003648899 22.465849050 1.512831039 0.708431913 -0.176543682 -0.093407422 0.676928065
10049.641988290 33.990293906 22.424405718 1.514561722 0.709198592 -0.176956134 -0.093179803 0.676048377
10049.675354653 33.982530535 22.397803776 1.516376409 0.709610370 -0.177490532 -0.093487378 0.675433449
10049.708743788 33.969785558 22.354659920 1.519854896 0.710271124 -0.178308871 -0.093900216 0.674465438
10049.742107203 33.960146645 22.313632494 1.523314279 0.711216289 -0.177958086 -0.093088214 0.673674175
10049.775479466 33.956036280 22.289047882 1.526020864 0.711954754 -0.176814625 -0.091767267 0.673376407
10049.808839740 33.950097108 22.249768350 1.530368750 0.713360548 -0.173425414 -0.088390438 0.673221721
10049.842209782 33.945911498 22.213724016 1.534222859 0.714856601 -0.168502391 -0.084030866 0.673443240
10049.875575341 33.943969167 22.194559189 1.535644804 0.715627292 -0.165713011 -0.081633092 0.673611769
10049.908945683 33.939192233 22.151612360 1.538871556 0.716940956 -0.159960750 -0.077095490 0.674139829
10049.942320129 33.935577856 22.116703249 1.540164318 0.717645150 -0.156547654 -0.074800787 0.674450230
10049.975698117 33.931537072 22.091024251 1.540444790 0.718017984 -0.154744006 -0.073753067 0.674585022
10050.009056074 33.927858418 22.064018395 1.540678602 0.718382586 -0.153015835 -0.072726855 0.674702467
10050.042433918 33.922478641 22.020208145 1.538802703 0.719010730 -0.149671817 -0.070701783 0.674998648
10050.075810260 33.920431565 22.003600100 1.537631634 0.719298043 -0.148192063 -0.069757426 0.675117278
10050.109169668 33.914921136 21.957482423 1.533251699 0.720078035 -0.144324360 -0.067215177 0.675381539
10050.142539661 33.910568270 21.920189980 1.529206241 0.720516260 -0.142439172 -0.066280985 0.675406717
10050.175915193 33.908104115 21.900530463 1.526783141 0.720637744 -0.142204033 -0.066362895 0.675318608
10050.209287975 33.904279099 21.860593905 1.521347151 0.720462647 -0.143106017 -0.067798259 0.675172303
10050.242655030 33.897965133 21.813067164 1.515751992 0.719818039 -0.145315642 -0.070437002 0.675117755
10050.276045915 33.894039483 21.783726703 1.512830745 0.719333962 -0.146884057 -0.072124135 0.675116164
10050.309407790 33.889390712 21.750274669 1.509923614 0.718659814 -0.149172407 -0.074284227 0.675098155
10050.342783309 33.882987015 21.699329092 1.508307332 0.717801247 -0.153531880 -0.077962166 0.674619324
10050.376135904 33.878212305 21.670207851 1.509405782 0.717449259 -0.156404276 -0.080056860 0.674088394
10050.409513886 33.875012863 21.641272564 1.511159921 0.717112041 -0.160065218 -0.082194272 0.673330193
10050.442876083 33.864676648 21.593171111 1.517304417 0.716534367 -0.165572219 -0.084782991 0.672291742
10050.476245264 33.859544974 21.569874542 1.520746691 0.716405672 -0.167410589 -0.084913407 0.671957083
10050.509626352 33.854111540 21.541198179 1.525825678 0.716343046 -0.168431299 -0.083554416 0.671939132
10050.542981357 33.845928498 21.506835608 1.532579053 0.716524202 -0.167687316 -0.080550072 0.672298831
10050.576353331 33.842096036 21.491070785 1.535273168 0.716674127 -0.167230245 -0.079103060 0.672424678
10050.609728464 33.834676773 21.460263600 1.540489353 0.716980309 -0.166646676 -0.076697878 0.672521790
10050.643087666 33.825264316 21.427891762 1.545033313 0.717222927 -0.167681075 -0.075804055 0.672107190
10050.676474448 33.820503286 21.414316030 1.547095841 0.717242417 -0.168968794 -0.076285050 0.671709352
10050.709876036 33.806239299 21.382482342 1.551047945 0.717099337 -0.173626625 -0.079053804 0.670352766
10050.743199104 33.789781777 21.347611610 1.553495729 0.716506675 -0.179739549 -0.083354781 0.668852644
10050.776560998 33.778299351 21.323486206 1.554187488 0.715999182 -0.183647607 -0.086238876 0.667968251
10050.809953100 33.760258842 21.291676195 1.554675678 0.715227219 -0.188017379 -0.089327367 0.667173224
10050.843314911 33.741491595 21.254855983 1.553165629 0.714238226 -0.192131184 -0.092127197 0.666679791
10050.876679407 33.732370236 21.238195817 1.551776046 0.713741085 -0.193956320 -0.093330789 0.666516297
10050.910066217 33.712892319 21.208254254 1.548749872 0.712248147 -0.197800728 -0.095653942 0.666654162
10050.943425910 33.687765798 21.170340642 1.545681751 0.710211212 -0.201151638 -0.097821855 0.667509504
10050.976801249 33.672956667 21.148535197 1.545181050 0.709086928 -0.202672433 -0.098773181 0.668104387
10051.010186119 33.651018634 21.121791559 1.545317835 0.706777368 -0.206737615 -0.101163933 0.668947807
10051.043525961 33.631269867 21.103887043 1.546685857 0.703999360 -0.212647384 -0.104761497 0.669470701
10051.076903708 33.614566419 21.085469846 1.549820120 0.701912310 -0.216949852 -0.107531999 0.669842325
10051.110310854 33.591176656 21.063921188 1.554963081 0.698403950 -0.223163254 -0.111761239 0.670775305
10051.143672384 33.570893430 21.045687494 1.559796514 0.694970035 -0.228949833 -0.116099729 0.671654285
10051.177043824 33.550434435 21.027189218 1.563888463 0.691035754 -0.235402879 -0.121425149 0.672540708
10051.210439235 33.532349638 21.013763688 1.566960770 0.686978385 -0.241741925 -0.127052489 0.673408647
10051.243803898 33.507906830 20.995471021 1.568500388 0.681080995 -0.250511084 -0.135390053 0.674568313
10051.277160671 33.485414861 20.979142607 1.567936287 0.675468955 -0.257819521 -0.143136367 0.675857060
10051.310565195 33.466971541 20.967871299 1.567086601 0.670719555 -0.263280819 -0.149616170 0.677077168
10051.343902917 33.435358679 20.949603859 1.562385055 0.662753443 -0.272538457 -0.161156065 0.678608419
10051.377265370 33.423253335 20.942007620 1.560262716 0.659616564 -0.276608283 -0.166207988 0.678799492
10051.410657244 33.394417384 20.925931443 1.554169565 0.651721028 -0.288020705 -0.179678434 0.678247327
10051.444017342 33.364718910 20.909494844 1.547203596 0.643468783 -0.300829348 -0.194258407 0.676545121
10051.477381168 33.346479936 20.900068955 1.543094445 0.638117426 -0.309111906 -0.203624271 0.675124534
10051.510772192 33.317944598 20.884523611 1.537247150 0.630356567 -0.320757502 -0.217010354 0.672808836
10051.544122967 33.290415035 20.871667428 1.532776189 0.623144822 -0.331186618 -0.229322054 0.670385971
10051.577485733 33.271448108 20.863283281 1.530243318 0.618194515 -0.338261422 -0.237791875 0.668483191
10051.610937914 33.248601118 20.855321185 1.528157259 0.612493886 -0.346352479 -0.247584814 0.666027747
10051.644220856 33.214144768 20.846764147 1.525083383 0.602657107 -0.360651844 -0.264473409 0.660899747
10051.677595193 33.200401476 20.844262266 1.524020101 0.598475735 -0.366809689 -0.271586697 0.658420924
10051.710998412 33.166659445 20.839291137 1.521914524 0.587857304 -0.382632275 -0.289477516 0.651321042
10051.744322563 33.135175205 20.838405526 1.521498834 0.577882724 -0.397340421 -0.306036621 0.643827410
10051.777690967 33.114962410 20.838155591 1.521529772 0.571864565 -0.406053889 -0.316176632 0.638845439
10051.811074702 33.086419181 20.838621579 1.523061824 0.564237541 -0.416716057 -0.329448126 0.632018716
10051.844429875 33.056786265 20.839594822 1.525018200 0.557624321 -0.425530056 -0.341932159 0.625349252
10051.877796954 33.036750323 20.839314730 1.526021204 0.553391360 -0.430997551 -0.350217106 0.620763315
10051.911183436 33.008225008 20.839471173 1.527923414 0.547442220 -0.438516254 -0.361942806 0.614009703
10051.944534961 32.975121618 20.840165575 1.528882031 0.540311172 -0.446956813 -0.375933047 0.605778663
10051.977918575 32.952674143 20.840314458 1.528476960 0.535317658 -0.452471633 -0.385288146 0.600214520
10052.011292160 32.929776170 20.845391587 1.529015719 0.529567231 -0.458472543 -0.395576651 0.594037531
10052.044678759 32.888602892 20.850306982 1.526318850 0.520207238 -0.467272249 -0.411378470 0.584644190
10052.078050419 32.865797132 20.852740073 1.523644130 0.515542669 -0.471014921 -0.419328756 0.580106969
10052.111425727 32.838209205 20.862092560 1.520388232 0.510452905 -0.473799329 -0.428235766 0.575817815
10052.144785203 32.804877186 20.869940398 1.514587592 0.506003791 -0.474787473 -0.437344609 0.572072296
10052.178165101 32.781032747 20.872986636 1.509929602 0.503106421 -0.475551486 -0.443211565 0.569471880
10052.211551814 32.757712604 20.881673798 1.506166725 0.499067022 -0.477294596 -0.450514369 0.565825750
10052.244912297 32.716447369 20.892399820 1.501110569 0.489980379 -0.483785400 -0.464284591 0.557055413
10052.278298801 32.682963241 20.900387865 1.499555620 0.482151696 -0.490080024 -0.475491739 0.548870585
10052.311678644 32.664067342 20.904407697 1.499696087 0.478103134 -0.493441942 -0.481249663 0.544363120
10052.345049367 32.624635363 20.912085881 1.501015331 0.470525081 -0.500050684 -0.491928306 0.535314864
10052.378418218 32.590267895 20.919708868 1.503208217 0.464960477 -0.505229001 -0.499810395 0.527963048
10052.411800894 32.573060699 20.923784739 1.504525280 0.462666363 -0.507525698 -0.503197346 0.524547360
10052.445168307 32.534112908 20.932214570 1.507567079 0.458324236 -0.512366376 -0.509738546 0.517287354
10052.478537788 32.501361724 20.939993998 1.509247067 0.454686281 -0.516706626 -0.514989947 0.510940312
10052.511944228 32.482879150 20.944348751 1.509939080 0.452524625 -0.519282692 -0.517978542 0.507213149
10052.545289991 32.443860818 20.953775587 1.510349051 -0.447282991 0.525435024 0.524661037 -0.498584754
10052.578669090 32.408014201 20.962940808 1.509391263 -0.441636489 0.531949838 0.530989554 -0.489935378
10052.612042953 32.388598056 20.968008730 1.508774725 -0.438441145 0.535515448 0.534340715 -0.485255157
10052.645398905 32.347127566 20.979115390 1.506432491 -0.431533077 0.542921340 0.541213131 -0.475503911
10052.678779654 32.309946713 20.988709367 1.503533728 -0.425922143 0.548866217 0.546482711 -0.467646074
10052.712194197 32.292574765 20.993193710 1.501966404 -0.423357186 0.551475789 0.548800474 -0.464177970
10052.745520900 32.245341116 21.005551044 1.497525349 -0.416844882 0.557963929 0.554573120 -0.455373750
10052.778899965 32.207792545 21.015468274 1.495093216 -0.411632205 0.563122016 0.558950207 -0.448360557
10052.812283707 32.190200672 21.019834148 1.494762519 -0.408988101 0.565703483 0.561042355 -0.444904235
10052.845630271 32.143619327 21.031233522 1.495665396 -0.401415301 0.573087965 0.566687352 -0.435087791
10052.879006939 32.106008993 21.041009989 1.498408242 -0.394599500 0.579587094 0.571469955 -0.426370878
10052.912377350 32.078994744 21.049037959 1.500430485 -0.389170184 0.584518880 0.575022233 -0.419801951
10052.945743024 32.038023132 21.060691489 1.503178886 -0.381259255 0.591445444 0.580231185 -0.410079796
10052.979145308 32.004937499 21.070406730 1.504743579 -0.377930350 0.594733768 0.582790406 -0.404741571
10053.012493167 31.984708581 21.076095964 1.505720152 -0.377290637 0.595675611 0.583603056 -0.402777625
10053.045865013 31.938644537 21.088553845 1.506785857 -0.378450651 0.596257018 0.583926031 -0.400353673
10053.079237900 31.897353845 21.099556578 1.506628016 -0.380034935 0.596607127 0.583831340 -0.398464992
10053.112594937 31.877177254 21.105103673 1.505887330 -0.379993278 0.597470506 0.584096445 -0.396819161
10053.145970602 31.827068101 21.119534972 1.503664220 -0.377124909 0.601320253 0.585996184 -0.390895419
10053.179343676 31.785160177 21.132216743 1.500639372 -0.372538976 0.605990989 0.588467141 -0.384312446
10053.212691387 31.761871261 21.139308205 1.498696447 -0.370176148 0.608459894 0.589621348 -0.380910545
10053.246057323 31.714271591 21.153067332 1.494411350 -0.367671700 0.611753463 0.590866452 -0.376101127
10053.279450001 31.662358729 21.167613466 1.490058950 -0.369823186 0.611614938 0.590027258 -0.375534036
10053.312803345 31.629632061 21.176334542 1.487271883 -0.373430632 0.609807392 0.588447363 -0.377378071
10053.346213991 31.581933362 21.189385220 1.484374282 -0.380269654 0.605647923 0.585430965 -0.381911205
10053.379555510 31.533727462 21.202547943 1.482614296 -0.386941020 0.601203036 0.582513071 -0.386665332
10053.412918010 31.501077568 21.211435799 1.482018426 -0.390409606 0.598787992 0.581060175 -0.389104554
10053.446302401 31.458176004 21.223402399 1.482006441 -0.393078295 0.597000276 0.579947848 -0.390820443
10053.479651825 31.405451553 21.238340187 1.483664030 -0.394991738 0.595989528 0.578936101 -0.391932393
10053.513015768 31.384158288 21.244131477 1.484644628 -0.395856726 0.595763663 0.578233499 -0.392439972
10053.546385715 31.329865908 21.256405477 1.487430166 -0.399448402 0.594838607 0.575145495 -0.394734930
10053.579788474 31.286244208 21.264394667 1.490388356 -0.404527380 0.593309362 0.570742233 -0.398239755
10053.613134619 31.263100808 21.268141905 1.491913390 -0.407694055 0.592207152 0.568034916 -0.400515394
10053.646515084 31.214786318 21.275795515 1.494656474 -0.413834767 0.590285415 0.562388426 -0.404997745
10053.679886416 31.164886054 21.283892895 1.495554279 -0.417658569 0.589487012 0.558308764 -0.407869716
10053.713266996 31.132832699 21.289143584 1.495485223 -0.418823661 0.589640410 0.556710143 -0.408637669
10053.746601957 31.092944375 21.296384802 1.494287232 -0.419245568 0.590334873 0.555430842 -0.408943115
10053.780001094 31.043750539 21.304515320 1.491224968 -0.419079598 0.591348423 0.554507964 -0.408901274
10053.813348656 31.020619664 21.307918741 1.489575885 -0.419018793 0.591655041 0.554145086 -0.409011965
10053.846713582 30.973131312 21.314036372 1.485173756 -0.418848449 0.592055368 0.553519628 -0.409453831
10053.880102480 30.923458769 21.320067436 1.479905793 -0.417957573 0.592549110 0.553317553 -0.409922805
10053.913451377 30.891574264 21.323423363 1.476820642 -0.417174747 0.592670041 0.553476705 -0.410330343
10053.946817530 30.860281124 21.326125405 1.472898848 -0.416071127 0.592765308 0.553964782 -0.410654510
10053.980197670 30.805605519 21.331135534 1.469955445 -0.412868703 0.593682316 0.555600842 -0.410351613
10054.013546789 30.773853900 21.333985691 1.469993570 -0.410665142 0.594521358 0.556753352 -0.409785555
10054.046914745 30.734300786 21.336965130 1.471265558 -0.407878289 0.595649534 0.558202348 -0.408958522
10054.080287320 30.686074417 21.340893446 1.474112920 -0.404831401 0.596860096 0.559886740 -0.407917149
10054.113655810 30.655236584 21.343791036 1.476392344 -0.403738332 0.597103744 0.560504535 -0.407795469
10054.147025942 30.616443937 21.346972533 1.479844788 -0.403697029 0.596524442 0.560699214 -0.408416074
10054.180407970 30.567895873 21.351029140 1.484214040 -0.404860391 0.594982399 0.560305385 -0.410051074
10054.213779149 30.546380954 21.352886071 1.486352829 -0.405759995 0.594111460 0.559893162 -0.410986676
10054.247158871 30.503979782 21.355263027 1.489405884 -0.407812952 0.592380768 0.558914525 -0.412781026
10054.280509954 30.449344812 21.357686531 1.491843322 -0.409647661 0.590935281 0.558032152 -0.414227481
10054.313902402 30.416887443 21.358854743 1.492051548 -0.410232685 0.590422156 0.557752138 -0.414757006
10054.347246777 30.374917628 21.360233287 1.491371633 -0.411109255 0.589491366 0.557304903 -0.415812885
10054.380621134 30.320162069 21.361770163 1.489100670 -0.413725994 0.586984186 0.555780838 -0.418793539
10054.413983020 30.285779913 21.362028608 1.487087741 -0.416528220 0.584478098 0.554118395 -0.421713645
10054.447352913 30.247983949 21.361722073 1.485177227 -0.420400586 0.581067173 0.551797440 -0.425610000
10054.480734567 30.189868953 21.360861394 1.483379312 -0.427040373 0.575343771 0.547684480 -0.432039090
10054.514102863 30.157336078 21.359536876 1.483479934 -0.431166166 0.571841271 0.545032886 -0.435927116
10054.547462172 30.113787478 21.357421649 1.485407258 -0.436905382 0.567071963 0.541270209 -0.441100484
10054.580839063 30.064158556 21.352486157 1.489714619 -0.444632383 0.560918809 0.536078129 -0.447540360
10054.614204563 30.032717189 21.348087541 1.493083102 -0.450005849 0.556660963 0.532392803 -0.451864151
10054.647584172 29.997756674 21.343990225 1.497780887 -0.455645587 0.552387114 0.528385177 -0.456141075
10054.680948327 29.944056651 21.333508814 1.504992507 -0.462707266 0.547723285 0.522911718 -0.460938743
10054.714330209 29.914497085 21.327327544 1.508631820 -0.465979955 0.545875061 0.520166766 -0.462935886
10054.747680188 29.869500835 21.316770946 1.514044171 -0.471790903 0.542910471 0.515269364 -0.466003268
10054.781061652 29.826766389 21.304453749 1.518191580 -0.477971961 0.539448360 0.510006509 -0.469501471
10054.814451104 29.796347394 21.295814239 1.520489761 -0.481910342 0.537445417 0.506479443 -0.471586068
10054.847849466 29.758210308 21.284429778 1.521921745 -0.486145962 0.535340104 0.502588567 -0.473790891
10054.881250802 29.709798570 21.268964756 1.523034904 -0.491260880 0.532535018 0.497566150 -0.476966591
10054.914620800 29.680449067 21.259238290 1.523006086 -0.494306225 0.530505511 0.494315920 -0.479454929
10054.947997433 29.642786019 21.246166104 1.522712578 -0.498580659 0.527268129 0.489752828 -0.483267849
10054.981389982 29.597929541 21.228969539 1.520950749 -0.504199880 0.522136938 0.483600847 -0.489168396
10055.014749827 29.568637681 21.218048403 1.520141056 -0.507347390 0.518867904 0.479936252 -0.492986733
10055.048145796 29.539903820 21.205225244 1.519776791 -0.510068279 0.515533764 0.476650937 -0.496849246
10055.081556022 29.493364629 21.182917767 1.520347725 0.513039766 -0.511043783 -0.472804654 0.502075900
10055.114935565 29.464654022 21.169929642 1.521978926 0.513836433 -0.509259987 -0.471575723 0.504224874
10055.148304432 29.426213813 21.150001963 1.525815521 0.514184458 -0.507514486 -0.471017988 0.506147651
10055.181673530 29.391794898 21.129867654 1.530545722 0.513359374 -0.507111599 -0.472100993 0.506379928
10055.215037605 29.364363996 21.115634373 1.534422276 0.512568041 -0.507195690 -0.473287297 0.505989791
10055.248428938 29.339336739 21.099846119 1.539340333 0.511817481 -0.507382537 -0.474975256 0.504979538
10055.281816561 29.290421467 21.073222229 1.546402177 0.510769795 -0.507862588 -0.477800667 0.502887990
10055.315192398 29.263520161 21.057432879 1.549506292 0.510809190 -0.507705070 -0.478991768 0.501872912
10055.348591554 29.235465397 21.039564905 1.551825616 0.511387070 -0.507025567 -0.479854312 0.501146863
10055.381956795 29.188886063 21.010493958 1.551662804 0.513638824 -0.504683186 -0.480192605 0.500884320
10055.415321990 29.161788861 20.993449762 1.549383117 0.515602215 -0.502737643 -0.479712338 0.501283644
10055.448683561 29.125961335 20.970556093 1.544317952 0.518100917 -0.500218751 -0.478918176 0.501986077
10055.482057654 29.082307285 20.943730624 1.535020023 0.520605808 -0.497848315 -0.477815761 0.502800902
10055.515422333 29.052824022 20.926082608 1.528135425 0.521969454 -0.496662586 -0.477098614 0.503240576
10055.548791260 29.019012002 20.907547425 1.519290904 0.523053406 -0.495854042 -0.476396852 0.503577146
10055.582165607 28.963379222 20.875004848 1.505461675 0.525268710 -0.494264187 -0.474886210 0.504260630
10055.615530716 28.930541443 20.855905040 1.498515585 0.527101102 -0.492885259 -0.473601921 0.504905705
10055.648899417 28.884490390 20.830732561 1.490180991 0.529939752 -0.490832073 -0.471227093 0.506154879
10055.682271188 28.834295037 20.798978412 1.482565953 0.534694446 -0.486977439 -0.467125684 0.508673194
10055.715663530 28.798460810 20.777630527 1.479347994 0.539016626 -0.483253568 -0.463258883 0.511192990
10055.749016843 28.761493264 20.754024338 1.477221952 0.543872618 -0.479383425 -0.458508177 0.513969219
10055.782391535 28.699494182 20.717995291 1.477519579 0.548304957 -0.477488385 -0.453764492 0.515232279
10055.815769182 28.649988675 20.692145356 1.480364517 0.546170406 -0.482787250 -0.455246997 0.511238233
10055.849127399 28.627620737 20.680490474 1.482267589 0.543012655 -0.487648144 -0.457862287 0.507640296
10055.882496285 28.572268574 20.653061768 1.487895389 0.531583794 -0.503081438 -0.467033815 0.496192656
10055.915864175 28.529326420 20.630716856 1.493055385 0.522068349 -0.515296438 -0.473977819 0.487092647
10055.949229712 28.507807283 20.618909767 1.495620475 -0.518352337 0.520186582 0.476540573 -0.483348588
10055.982617826 28.463267345 20.591118543 1.500584705 -0.513728023 0.527220977 0.478750938 -0.478454908
10056.015970115 28.429413703 20.567884263 1.504374205 -0.513984119 0.529179335 0.477269724 -0.477496772
10056.049334047 28.412648151 20.555973558 1.505852546 -0.515397755 0.528928103 0.475469678 -0.478046861
10056.082700790 28.376341204 20.525976290 1.509647610 -0.521711903 0.525288155 0.468609927 -0.481968651
10056.116066020 28.345161833 20.500810061 1.512092923 0.528476206 -0.520359804 -0.461709560 0.486582835
10056.149441926 28.330687609 20.489234830 1.513123356 0.531457226 -0.517908288 -0.458695895 0.488796786
10056.182822746 28.290106707 20.458751269 1.515438092 0.538145669 -0.512137613 -0.452220457 0.493569613
10056.216191022 28.255914977 20.433162882 1.517003161 0.540960596 -0.509512851 -0.450061787 0.495179439
10056.249538021 28.238179946 20.420517613 1.517712672 0.541057738 -0.509547452 -0.450443716 0.494690183
10056.282909488 28.203100633 20.395461463 1.519353892 0.537349294 -0.513820408 -0.454831585 0.490278037
10056.316285366 28.172242295 20.375034036 1.519526312 0.530798383 -0.521003392 -0.461473417 0.483581252
10056.349717324 28.150603213 20.361944874 1.519341448 -0.525054487 0.527046790 0.466921059 -0.478042040
10056.383015456 28.128007569 20.343086510 1.519392657 -0.517632028 0.534493114 0.473565630 -0.471285251
10056.416380206 28.093065473 20.321532116 1.519032288 -0.509171043 0.543035279 0.480530962 -0.463624341
10056.449749301 28.078220595 20.312243815 1.519170466 -0.506184448 0.546081107 0.482858267 -0.460891119
10056.483121459 28.046359571 20.291416855 1.521375691 -0.500093434 0.551971598 0.487699504 -0.455393353
10056.516495247 28.012687843 20.275019918 1.523475774 -0.493777757 0.557627378 0.492754278 -0.449920500
10056.549852737 27.999561630 20.269125925 1.524769761 -0.490945214 0.559949339 0.495100361 -0.447554653
10056.583226979 27.963355021 20.255955486 1.528439539 -0.483597911 0.565719777 0.501249204 -0.441410727
10056.616590601 27.933692043 20.246386502 1.531548878 -0.477854609 0.569928638 0.505965360 -0.436847084
10056.649955028 27.919045254 20.242842515 1.533255310 -0.475464335 0.571579473 0.507953859 -0.434986723
10056.683322726 27.887768082 20.236027297 1.535647271 -0.471726265 0.573836170 0.510980158 -0.432533998
10056.716698363 27.858994582 20.229740315 1.535905180 -0.470474582 0.574100025 0.512111867 -0.432208589
10056.750052430 27.836248899 20.224533797 1.535100793 -0.470144686 0.573738417 0.512598132 -0.432471222
10056.783421034 27.825191077 20.230025357 1.533121220 -0.469222716 0.573598516 0.513321818 -0.432799604
10056.816807222 27.782752925 20.222929182 1.527201742 -0.466748056 0.573817572 0.515879696 -0.432143246
10056.850164362 27.765556394 20.219790641 1.524472909 -0.465455360 0.574119986 0.517163443 -0.431601115
10056.883531475 27.721010009 20.215022302 1.516407710 -0.460702475 0.575699540 0.521391500 -0.429504568
10056.916895832 27.682992565 20.211369699 1.509289150 -0.456724296 0.577048154 0.524837385 -0.427742989
10056.950286234 27.662883401 20.209711689 1.505601624 -0.455095438 0.577427366 0.526311515 -0.427155672
10056.983650255 27.619591881 20.207866327 1.498941243 -0.452613778 0.577620050 0.528618517 -0.426682914
10057.017003178 27.583410217 20.209071828 1.496207881 -0.450188918 0.578233850 0.530658631 -0.425883752
10057.050380506 27.564406370 20.209776911 1.496033200 -0.448297056 0.579176315 0.532087324 -0.424814814
10057.083738765 27.524094984 20.212042426 1.498725209 -0.443023884 0.582734534 0.535553885 -0.421108462
10057.117108384 27.490823492 20.214827277 1.502733381 -0.438444703 0.586263546 0.538178691 -0.417642185
10057.150483092 27.466865565 20.216458247 1.506418008 -0.435936040 0.588179113 0.539549710 -0.415801888
10057.183839610 27.442711277 20.219821411 1.511292247 -0.433998033 0.589631134 0.540484919 -0.414556252
10057.217205227 27.399896311 20.222913933 1.517927068 -0.432186579 0.590690378 0.541473915 -0.413649172
10057.250587624 27.382095815 20.225928744 1.520892894 -0.431390195 0.591066923 0.541984854 -0.413273287
10057.283944585 27.345524526 20.231345530 1.524473201 -0.429400854 0.592004104 0.543413383 -0.412126125
10057.317311650 27.304678139 20.236096061 1.525668906 -0.425985190 0.593988610 0.545843561 -0.409596089
10057.350760248 27.286388662 20.238804849 1.525458717 -0.423743410 0.595384953 0.547374403 -0.407847450
10057.384055093 27.246089822 20.243685183 1.522428725 -0.418361445 0.598827040 0.550935296 -0.403546995
10057.417423473 27.206826044 20.249679216 1.517661870 -0.412661410 0.602406101 0.554597566 -0.399047604
10057.450805226 27.182556141 20.253741141 1.513937321 -0.409184555 0.604456595 0.556755080 -0.396514824
10057.484149309 27.152420345 20.258887594 1.508836213 -0.405350858 0.606499165 0.559106997 -0.394016258
10057.517514905 27.111755315 20.266573179 1.501625730 -0.400551783 0.608746944 0.561877708 -0.391508452
10057.550909914 27.088327186 20.271062213 1.498050551 -0.397548620 0.610149897 0.563487802 -0.390068834
10057.584249914 27.060947944 20.276974235 1.494630063 -0.393319526 0.612191589 0.565606508 -0.388085669
10057.617619479 27.019908687 20.286403494 1.493464923 -0.386266852 0.615630804 0.569065571 -0.384657001
10057.651009113 27.001724729 20.290675308 1.494525335 -0.382959451 0.617199408 0.570623129 -0.383139915
10057.684364484 26.964444413 20.299691188 1.498113698 -0.376562083 0.620040900 0.573628336 -0.380395600
10057.717745637 26.924260408 20.308679117 1.502933546 -0.371342615 0.621855261 0.576080099 -0.378856722
10057.751124314 26.900426827 20.314132525 1.505807795 -0.369021864 0.622389155 0.577196176 -0.378548779
10057.784463139 26.872250481 20.321574297 1.508614526 -0.366870613 0.622706403 0.578396476 -0.378285878
10057.817832794 26.830405796 20.332674224 1.513518360 -0.363921976 0.623031975 0.580186748 -0.377856177
10057.851237130 26.806248166 20.338774344 1.516339169 -0.362380067 0.623224738 0.581202858 -0.377458409
10057.884561786 26.772992585 20.347610602 1.518921053 -0.360500679 0.623572582 0.582345443 -0.376922115
10057.917934649 26.732355749 20.358533524 1.521268477 -0.358830205 0.623791141 0.583259995 -0.376740329
10057.951334128 26.706067863 20.364757881 1.521440398 -0.358403146 0.623585715 0.583457956 -0.377180135
10057.984713167 26.673673691 20.374273311 1.520089128 -0.358590245 0.622871759 0.583358656 -0.378333829
10058.018058874 26.625664840 20.385645027 1.515330424 -0.360363889 0.620499940 0.582534618 -0.381799831
10058.051464656 26.597790616 20.392650354 1.512155458 -0.362011959 0.618474863 0.581835508 -0.384582406
10058.084797698 26.565587921 20.401267160 1.507684289 -0.363972833 0.616110526 0.580964900 -0.387829062
10058.118172687 26.518062945 20.415547022 1.501532126 -0.366101276 0.612881411 0.579895875 -0.392513701
10058.151584636 26.487852588 20.425495916 1.498613840 -0.367171672 0.611025595 0.579275339 -0.395313504
10058.184931150 26.450171827 20.438641167 1.496333580 -0.368394543 0.608808742 0.578555392 -0.398636469
10058.218298171 26.406650729 20.454454722 1.495309384 -0.369656076 0.606353738 0.577815607 -0.402266894
10058.251684829 26.378208078 20.464975998 1.496566393 -0.370289552 0.605040279 0.577316123 -0.404373593
10058.285035306 26.338260052 20.478941302 1.500871108 -0.370605264 0.603891234 0.576699278 -0.406675618
10058.318409508 26.293197444 20.495139111 1.507590946 -0.370683524 0.603332721 0.575741271 -0.408785202
10058.351842930 26.265623964 20.505084371 1.511970300 -0.370880232 0.603332673 0.574728461 -0.410030164
10058.385141590 26.226340549 20.517457551 1.518142137 -0.371859881 0.603475483 0.572551667 -0.411973492
10058.418510212 26.186185258 20.529130455 1.523473102 -0.373831732 0.603514129 0.569423235 -0.414460749
10058.451885909 26.160097576 20.536233653 1.526879810 -0.375556935 0.603209053 0.567150691 -0.416456385
10058.485244944 26.128056818 20.544875235 1.530561377 -0.377851209 0.602574191 0.564350320 -0.419096080
10058.518612079 26.080751565 20.556687593 1.534006955 -0.380481755 0.601358564 0.561190956 -0.422689275
10058.551993032 26.053283680 20.563579992 1.534980151 -0.381287758 0.600803573 0.559980985 -0.424353636
10058.585354734 26.018699938 20.572336266 1.534608289 -0.381301796 0.600592413 0.559141534 -0.425744570
10058.618719158 25.975326982 20.583703976 1.532641553 -0.379326567 0.601432927 0.559258491 -0.426168664
10058.652105368 25.948607987 20.590993233 1.530658721 -0.377188073 0.602447133 0.559746062 -0.425994079
10058.685455687 25.914876047 20.600349409 1.527177865 -0.373748753 0.604037218 0.560623861 -0.425619309
10058.718834386 25.873124965 20.610903901 1.521390294 -0.369699018 0.605565172 0.561507376 -0.425820296
10058.752198389 25.845886380 20.617496270 1.517402522 -0.367639375 0.606008801 0.561739739 -0.426665078
10058.785553387 25.814370846 20.624871553 1.513334896 -0.366194317 0.605824864 0.561586335 -0.428367536
10058.818921560 25.764925259 20.633930030 1.507877885 -0.365307170 0.604491443 0.560820031 -0.431997291
10058.852310310 25.737735595 20.639058585 1.506429954 -0.364708250 0.603836963 0.560758050 -0.433496511
10058.885679281 25.702843255 20.644699496 1.506491415 -0.362931363 0.603821858 0.561583496 -0.433940050
10058.919031161 25.654392203 20.653315889 1.508512289 -0.356904163 0.606444805 0.564883988 -0.430987467
10058.952420592 25.626122773 20.659480145 1.510129049 -0.351682845 0.609367383 0.567735816 -0.427395149
10058.985802215 25.594262179 20.666265053 1.512149035 -0.344845440 0.613425450 0.571560383 -0.422030293
10059.019133330 25.545661664 20.677170564 1.515004226 -0.336449475 0.618660773 0.576333092 -0.414609172
10059.052512837 25.517187971 20.683653330 1.516368436 -0.333475594 0.620815059 0.578107422 -0.411308278
10059.085877870 25.484641381 20.690608255 1.517783088 -0.331899235 0.622382945 0.579179435 -0.408697382
10059.119244385 25.433688294 20.700137998 1.519489246 -0.332548302 0.623270635 0.579222608 -0.406751167
10059.152639019 25.402399591 20.705679372 1.519760953 -0.333924963 0.623284885 0.578740128 -0.406287996
10059.185979968 25.365627654 20.711717091 1.519958209 -0.335993521 0.623101783 0.577865135 -0.406108860
10059.219351426 25.309580270 20.720752771 1.517867367 -0.338096137 0.623264966 0.577104444 -0.405194083
10059.252737728 25.275926415 20.726969259 1.515587314 -0.338410262 0.623835877 0.577177220 -0.403947707
10059.286074984 25.233104202 20.735438650 1.511882559 -0.337778326 0.625016945 0.577775825 -0.401789393
10059.319453667 25.176338278 20.747641744 1.506535097 -0.335761286 0.627077766 0.579081610 -0.398374601
10059.352849818 25.143808352 20.754114953 1.503340440 -0.334613849 0.628133284 0.579721550 -0.396743083
10059.386185932 25.103450048 20.762764257 1.499797429 -0.333854303 0.628880745 0.580084782 -0.395666474
10059.419554661 25.044214349 20.773700558 1.497122557 -0.335521107 0.627909113 0.579345457 -0.396881057
10059.452926488 25.010459529 20.778913730 1.496887474 -0.337688876 0.626634837 0.578260114 -0.398635479
10059.486285249 24.966184653 20.786765810 1.498628422 -0.340769022 0.625125269 0.576327151 -0.401175631
10059.519677065 24.914483418 20.793923405 1.502622224 -0.344529162 0.624080591 0.573307248 -0.403908245
10059.553031756 24.881908068 20.797596256 1.506229568 -0.347329779 0.623684319 0.570772549 -0.405707520
10059.586391244 24.835069236 20.803023653 1.511597284 -0.352064278 0.623228215 0.566469125 -0.408350421
10059.619756172 24.786605759 20.807952778 1.516860164 -0.356860909 0.622872383 0.561984849 -0.410917650
10059.653119206 24.753336061 20.810830636 1.520094298 -0.360070448 0.622632079 0.559023283 -0.412518528
10059.686489537 24.711489478 20.816751126 1.523652368 -0.363880135 0.622352282 0.555554381 -0.414280357
10059.719878031 24.656655511 20.823219867 1.525869639 -0.368491311 0.621951306 0.551742616 -0.415897598
10059.753236863 24.609930275 20.828141823 1.525807599 -0.371933083 0.621763956 0.549120877 -0.416583276
10059.786612698 24.587275904 20.830113336 1.525078622 -0.373316920 0.621764753 0.548105481 -0.416681474
10059.819983949 24.531918056 20.835714723 1.521025929 -0.375283792 0.622103028 0.546957763 -0.415917183
10059.853345140 24.485379203 20.839564865 1.516142984 -0.374705444 0.623049489 0.547556251 -0.414230995
10059.886723448 24.464270384 20.840411241 1.513336672 -0.373677518 0.623704527 0.548372633 -0.413092279
10059.920079543 24.411270495 20.844168637 1.505627302 -0.369476740 0.625783231 0.551451705 -0.409613602
10059.953447986 24.368324006 20.845870957 1.499778659 -0.364898901 0.627791102 0.554643293 -0.406322460
10059.986839904 24.344370001 20.845875024 1.497111415 -0.362340957 0.628803964 0.556488777 -0.404518042
10060.020188408 24.293074668 20.847034562 1.494659656 -0.357203643 0.630583011 0.560200086 -0.401181364
10060.053574222 24.252040414 20.847326063 1.494916100 -0.353967903 0.631409320 0.562864896 -0.399013915
10060.086924555 24.221796205 20.847985483 1.496790428 -0.352429398 0.631759469 0.564319379 -0.397765170
10060.120324406 24.180721304 20.849635020 1.500665517 -0.350759796 0.632170171 0.566113484 -0.396035306
10060.153666983 24.135130491 20.853781903 1.505585437 -0.348991849 0.632910000 0.568054114 -0.393629450
10060.187039009 24.112574632 20.855486212 1.508118978 -0.348130400 0.633428934 0.568980773 -0.392216638
10060.220405848 24.065078675 20.860017167 1.512896044 -0.346464185 0.634861363 0.570381883 -0.389330354
10060.253772681 24.023769445 20.863556392 1.515901612 -0.345658482 0.636003173 0.570776167 -0.387601270
10060.287142470 24.002053615 20.865970460 1.516903430 -0.345514429 0.636434550 0.570708387 -0.387121144
10060.320538597 23.950006973 20.869509912 1.517612026 -0.346232879 0.636602323 0.569720665 -0.387657891
10060.353935833 23.903313347 20.872617227 1.516150549 -0.347896201 0.635654064 0.568192675 -0.389960548
10060.387270933 23.873784026 20.873436607 1.514269414 -0.349192150 0.634619757 0.566974818 -0.392252677
10060.420652173 23.827530719 20.877267119 1.511343960 -0.351368219 0.632538206 0.564706924 -0.396915459
10060.454006392 23.782044739 20.878711098 1.507834886 -0.353676991 0.629755415 0.562607540 -0.402235577
10060.487362375 23.751179086 20.877549281 1.505020136 -0.355440556 0.627427972 0.560995993 -0.406545996
10060.520724827 23.711235940 20.877020777 1.501468854 -0.358443921 0.623702915 0.558482779 -0.413049168
10060.554082736 23.660188196 20.873392615 1.498183568 -0.365113148 0.616675063 0.553722920 -0.424022620
10060.587457680 23.636699634 20.870156721 1.497494203 -0.369350179 0.612524256 0.550888310 -0.430019245
10060.620871611 23.584564648 20.863455445 1.498215082 -0.379611175 0.602613212 0.543930223 -0.443725798
10060.654195660 23.542562368 20.855211379 1.500655599 -0.387251638 0.595319897 0.538058807 -0.454007829
10060.687577195 23.522028138 20.850770706 1.502528099 -0.390697277 0.592251764 0.535183430 -0.458445396
10060.720951256 23.474179184 20.840024389 1.507857819 -0.398656719 0.585960615 0.527811193 -0.468122123
10060.754306217 23.435265881 20.831166200 1.512916918 -0.405270825 0.581378951 0.521360930 -0.475328154
10060.787681206 23.410945980 20.825165745 1.516348917 -0.409646229 0.578513955 0.517128232 -0.479676936
10060.821037840 23.372135125 20.817426216 1.521516657 -0.416341614 0.574089605 0.510771436 -0.485997250
10060.854402793 23.333102984 20.809573061 1.525457181 -0.422173245 0.569947007 0.505343697 -0.491485410
10060.887770692 23.312250602 20.806001165 1.526872681 -0.425053659 0.567725764 0.502810368 -0.494164524
10060.921140856 23.266173828 20.799026991 1.527717074 -0.430186051 0.563637039 0.498374242 -0.498875100
10060.954519161 23.226890860 20.793211135 1.526110301 0.432834645 -0.561450103 -0.496095620 0.501315358
10060.987895422 23.205261691 20.790364995 1.524227205 0.433470755 -0.560863563 -0.495461584 0.502048789
10061.021237286 23.160891680 20.783712987 1.518370548 0.432961079 -0.561074711 -0.495753312 0.501964666
10061.054607753 23.120693487 20.779474441 1.511791338 0.430597273 -0.562428477 -0.497500712 0.500752671
10061.087976094 23.100916600 20.776784839 1.508102141 0.429173406 -0.563178747 -0.498579883 0.500057983
10061.121342971 23.052498439 20.773600341 1.500314328 -0.426040090 0.564833389 0.501618587 -0.497827156
10061.154707176 23.011591191 20.772040177 1.495670995 -0.422488930 0.567140838 0.505025546 -0.494776284
10061.188069906 22.989799893 20.770626714 1.494359213 -0.419987973 0.568945768 0.507485034 -0.492310630
10061.221445406 22.943194976 20.772090764 1.493475920 -0.413555400 0.574086106 0.513925770 -0.485053994
10061.254812971 22.896875456 20.776805425 1.494107503 -0.404441105 0.581839524 0.522659443 -0.474043528
10061.288172127 22.876260564 20.780174859 1.495203509 -0.399252924 0.586303078 0.527547926 -0.467481539
10061.321547805 22.830578971 20.788345483 1.497739244 -0.387408429 0.596227775 0.538260914 -0.452440425
10061.354914927 22.791637792 20.800727447 1.500689732 -0.373892518 0.607072802 0.549985303 -0.434951911
10061.388283824 22.771055155 20.806912186 1.502253112 -0.367387840 0.612036485 0.555606707 -0.426308225
10061.421650621 22.731879231 20.823965244 1.505708289 -0.353671768 0.621717679 0.567367237 -0.408016944
10061.455013602 22.695498224 20.839319113 1.507442290 -0.342540996 0.628641322 0.577006611 -0.393114646
10061.488377596 22.678648499 20.848808435 1.506664779 -0.335440867 0.632666753 0.583017348 -0.383800697
10061.521754642 22.646132433 20.866526881 1.505662053 -0.325584328 0.637611810 0.591282242 -0.371256429
10061.555124098 22.614647865 20.885125313 1.502942239 -0.315632844 0.641872093 0.599156733 -0.359704508
10061.588485887 22.600536816 20.894604415 1.501349131 -0.310629865 0.643724116 0.602990507 -0.354303258
10061.621855338 22.560000061 20.919248891 1.495897083 -0.298405686 0.647291726 0.612177866 -0.342353220
10061.655227487 22.527366063 20.940451542 1.491658603 -0.288774925 0.649279165 0.619159739 -0.334195791
10061.688596627 22.514877958 20.952779287 1.489834090 -0.284054946 0.650046210 0.622382156 -0.330746374
10061.721981575 22.480359260 20.980122892 1.486839967 -0.273880713 0.651077696 0.629353489 -0.324039156
10061.755330212 22.447267690 21.002601827 1.486611114 -0.267523893 0.650898454 0.633946942 -0.320738903
10061.788699863 22.430006591 21.014243409 1.488035476 -0.264865419 0.650567600 0.635870440 -0.319807585
10061.822064393 22.387853037 21.042157872 1.492712278 -0.259614709 0.649745151 0.639596675 -0.318351277
10061.855438061 22.355667368 21.065022792 1.498433185 -0.254968146 0.650058596 0.641813004 -0.317003367
10061.888806207 22.336952472 21.076830933 1.501605057 -0.252519709 0.650695714 0.642526159 -0.316210405
10061.922167635 22.299322877 21.104105115 1.508340432 -0.247469132 0.652914233 0.642804435 -0.315062679
10061.955537200 22.263271421 21.126364769 1.512905194 -0.243884844 0.655299012 0.641849722 -0.314852858
10061.988918887 22.239154048 21.140095919 1.515328100 -0.242074562 0.656810540 0.640778468 -0.315282058
10062.022272274 22.202058947 21.162077883 1.517749647 -0.239885449 0.658816515 0.638754214 -0.316873515
10062.055632531 22.163587760 21.183088578 1.517818061 -0.237960821 0.660448805 0.636699595 -0.319054304
10062.088996830 22.144014509 21.193874261 1.517349793 -0.236905879 0.661192766 0.635587875 -0.320511754
10062.122378296 22.097789852 21.217645588 1.513536331 -0.234564338 0.662506449 0.633212652 -0.324201346
10062.155742104 22.057224872 21.237177752 1.508711532 -0.232064917 0.663613361 0.631075632 -0.327882185
10062.189101233 22.036277829 21.247444647 1.505907083 -0.230572880 0.664203328 0.629976755 -0.329847502
10062.222465816 21.988633707 21.270351372 1.499278133 -0.226528097 0.665787854 0.627310171 -0.334504863
10062.255834510 21.949455603 21.288305328 1.493340189 -0.222498880 0.667388341 0.624850348 -0.338598721
10062.289192625 21.917585587 21.302486100 1.488715206 -0.219664290 0.668495266 0.622455908 -0.342651897
10062.322583668 21.879365286 21.316447151 1.482501921 -0.217744122 0.669213739 0.618711517 -0.349194111
10062.355923817 21.835419977 21.333403775 1.478233996 -0.217301464 0.669318284 0.613979769 -0.357521960
10062.389301690 21.794402922 21.348367559 1.475976128 -0.217686965 0.669235238 0.609222381 -0.365492368
10062.422673348 21.747566488 21.364332148 1.474691878 -0.218657902 0.669528556 0.602968602 -0.374631954
10062.456048931 21.697839520 21.381989683 1.474992298 -0.219785627 0.670543124 0.596244514 -0.382829827
10062.489404896 21.663527745 21.394343340 1.475376409 -0.220540465 0.671633869 0.591443842 -0.387896935
10062.522766417 21.614175912 21.410958540 1.475396842 -0.222775800 0.673215319 0.583949624 -0.395164414
10062.556133738 21.563899376 21.428025330 1.474937491 -0.226818123 0.674286616 0.575900699 -0.402777213
10062.589510197 21.527945379 21.439380429 1.474098183 -0.230955140 0.674604018 0.569608254 -0.408797724
10062.622875087 21.488346024 21.448603926 1.472704904 -0.237291036 0.674325182 0.561509387 -0.416756189
10062.656244801 21.422672241 21.464271870 1.470061330 -0.249551897 0.672361357 0.547838502 -0.430728491
10062.689610306 21.382085095 21.472601365 1.467931586 -0.257817100 0.670391744 0.539153250 -0.439794299
10062.722992554 21.324011506 21.479144434 1.463595861 -0.270962710 0.666700599 0.525539910 -0.453759104
10062.756356480 21.262587748 21.487859385 1.459141974 -0.283761841 0.662623364 0.512071610 -0.467110438
10062.789718187 21.229738958 21.492410062 1.456257425 -0.290393562 0.660386276 0.504949609 -0.473906570
10062.823086480 21.159725529 21.499599687 1.449285198 -0.304762573 0.655331052 0.489324644 -0.488080300
10062.856450711 21.090933959 21.504915820 1.441824381 0.319542502 -0.649727375 -0.473121389 0.501899470
10062.889823580 21.047448658 21.507304087 1.437059291 0.328500432 -0.646191435 -0.463131050 0.509935021
10062.923188103 20.988334212 21.509659479 1.431112344 0.341327807 -0.640823394 -0.448974619 0.520828664
10062.956563431 20.918976828 21.510030383 1.427068728 0.356335152 -0.634063250 -0.432519371 0.532837731
10062.989945166 20.874320421 21.508262541 1.425659700 0.366445490 -0.629347886 -0.421484804 0.540360529
10063.023298107 20.814199372 21.502365108 1.425754397 0.381222325 -0.622384223 -0.405543473 0.550310739
10063.056686735 20.754216475 21.493500003 1.426377842 0.396100667 -0.615598548 -0.389552162 0.558920212
10063.090033557 20.712548913 21.486168744 1.426564892 0.405877342 -0.611365603 -0.379284229 0.563594851
10063.123402962 20.656354306 21.473783463 1.428597186 0.419399938 -0.605541353 -0.365838823 0.568845601
10063.156767469 20.603628335 21.457278182 1.429426225 0.432530362 -0.599435019 -0.354168573 0.572852307
10063.190139289 20.566818706 21.445926074 1.429709124 0.441537267 -0.594791160 -0.347222612 0.575069366
10063.223508868 20.518711702 21.426652969 1.430171288 0.454827505 -0.587126904 -0.338538920 0.577758893
10063.256886845 20.469054031 21.405808662 1.431091196 0.468432823 -0.578281349 -0.331644659 0.579804443
10063.290248186 20.443483772 21.395236810 1.431059562 0.475162460 -0.573661157 -0.328971286 0.580440700
10063.323623283 20.391357736 21.368072803 1.431579573 0.490102532 -0.563127513 -0.325365550 0.580365549
10063.357016739 20.351060786 21.343097138 1.432570494 0.501384136 -0.554834933 -0.325611603 0.578575172
10063.390353665 20.319820458 21.326371822 1.433182804 0.508651192 -0.549086589 -0.327261845 0.576782080
10063.423723997 20.276698258 21.299358649 1.436586535 0.518512694 -0.540802827 -0.331580944 0.573350648
10063.457083755 20.247884445 21.268213553 1.442226598 0.526526939 -0.533322781 -0.338586154 0.568942537
10063.490461981 20.219740123 21.250994331 1.445100592 0.530782170 -0.529042707 -0.345025855 0.565102876
10063.523823458 20.192806125 21.225116526 1.450685019 0.534982162 -0.524553377 -0.354738949 0.559283576
10063.557194624 20.153421406 21.196924270 1.458402728 0.538635430 -0.519932789 -0.368969980 0.550820226
10063.590572821 20.128425204 21.180437621 1.463500785 0.540008525 -0.517413755 -0.378563240 0.545310620
10063.623926896 20.096826059 21.154104400 1.471082914 0.540857212 -0.514172430 -0.392503245 0.537625698
10063.657307648 20.058833488 21.129483438 1.478001118 0.540235018 -0.510976946 -0.408462478 0.529345907
10063.690678816 20.035824221 21.114479193 1.482589011 0.538887174 -0.509152438 -0.418972593 0.524238853
10063.724062360 19.998238502 21.094116601 1.487088392 0.536091435 -0.506907360 -0.433526017 0.517403223
10063.757410137 19.963975070 21.074971191 1.492793978 0.532776387 -0.504189292 -0.447264546 0.511758639
10063.790786471 19.928682799 21.057538291 1.497451038 0.529819903 -0.500417551 -0.459311101 0.507844915
10063.824148411 19.906452279 21.046824350 1.499866060 0.527895683 -0.497575657 -0.466404337 0.506173496
10063.857524593 19.870390257 21.028386646 1.503257381 0.524729027 -0.492135070 -0.477456148 0.504478095
10063.890934781 19.836280558 21.012121869 1.504859706 0.521606932 -0.486839936 -0.487273153 0.503465947
10063.924264743 19.819286153 21.003496755 1.505067679 0.519530114 -0.484716496 -0.492349567 0.502722869
10063.957642260 19.779475987 20.985389394 1.507561833 0.511709127 -0.482333379 -0.506145684 0.499324371
10063.991061055 19.748704262 20.972844950 1.509955864 -0.502428327 0.483404322 0.518519103 -0.494998967
10064.024365833 19.727487348 20.964944637 1.511426838 -0.494871401 0.485381070 0.527135949 -0.491564039
10064.057729236 19.698796895 20.955738412 1.512929981 -0.483546613 0.489221394 0.538288046 -0.486919994
10064.091114863 19.667968004 20.946348787 1.515034324 -0.472341847 0.493589732 0.547442953 -0.483289322
10064.124472324 19.655484324 20.942431355 1.514982072 -0.467921384 0.495275435 0.550467446 -0.482428660
10064.157836240 19.622150817 20.931898022 1.515218037 -0.459291539 0.498324157 0.554797646 -0.482621890
10064.191218502 19.596222140 20.922375547 1.514168596 -0.454397837 0.500178449 0.555292829 -0.484761796
10064.224572802 19.584019450 20.917240804 1.513723083 -0.452633972 0.500899171 0.554695025 -0.486349605
10064.257947498 19.556217318 20.906055766 1.513508085 -0.450153498 0.502115278 0.552180679 -0.490243382
10064.291339946 19.519398544 20.893055327 1.512055560 -0.447474888 0.504292519 0.547853753 -0.495289356
10064.324683152 19.506177493 20.885734556 1.510529299 -0.446395967 0.505372680 0.545865563 -0.497352874
10064.358051402 19.466116403 20.868736117 1.507153209 0.444379434 -0.507522680 -0.540624922 0.502665237
10064.391434473 19.432685741 20.851784793 1.502840823 0.443389748 -0.508704913 -0.535568929 0.507730996
10064.424785284 19.413606823 20.841762270 1.500063913 0.443271792 -0.508970846 -0.532450871 0.510837417
10064.458152561 19.375953753 20.816750128 1.491563304 0.443832977 -0.508629994 -0.525407322 0.517933359
10064.491551133 19.340289357 20.792608907 1.483576605 0.444871794 -0.507554287 -0.518413314 0.525095580
10064.524889658 19.321415535 20.779145822 1.480054314 0.445603120 -0.506691646 -0.514809590 0.528840733
10064.558256497 19.278215929 20.745974546 1.471819604 0.447751354 -0.504375067 -0.505799878 0.537857788
10064.591654563 19.240684166 20.716528835 1.467219381 0.448535513 -0.503807266 -0.498965627 0.544084034
10064.624998157 19.214772993 20.697527679 1.465589658 0.447709865 -0.505163827 -0.495552115 0.546620055
10064.658363079 19.174340785 20.667323887 1.465576406 0.443503254 -0.511153437 -0.491835625 0.547836423
10064.691747425 19.135594993 20.640558692 1.467161904 0.437094315 -0.519952094 -0.490349896 0.546036042
10064.725109368 19.113393315 20.626624225 1.468219044 0.433201068 -0.525371416 -0.489904484 0.544348515
10064.758460993 19.071551721 20.599110505 1.470830885 0.426626169 -0.535399051 -0.488179624 0.541311946
10064.791869026 19.032930754 20.575678657 1.471963622 0.424216960 -0.541081461 -0.484904309 0.540498506
10064.825203059 19.007197606 20.561346977 1.472368473 0.424214181 -0.543163405 -0.482138224 0.540886843
10064.858568459 18.969752351 20.537091334 1.472737416 0.426212744 -0.544215413 -0.477152223 0.542676733
10064.891962692 18.932883171 20.516412007 1.473891110 0.428976585 -0.544378414 -0.472202769 0.544661158
10064.925300646 18.905529795 20.501854851 1.474252799 0.430726889 -0.544592245 -0.469099120 0.545746873
10064.958668384 18.871027519 20.482514487 1.474645585 0.432259534 -0.545370332 -0.465774288 0.546605167
10064.992060897 18.820872920 20.455654340 1.473339355 0.433148092 -0.547493986 -0.462440506 0.546609407
10065.025408015 18.798580267 20.443737931 1.472769581 0.433181988 -0.548717863 -0.461263040 0.546350144
10065.058783797 18.746959191 20.415159777 1.468405745 0.433040553 -0.551797808 -0.458496949 0.545688196
10065.092182924 18.702097059 20.388768531 1.462150911 0.433316694 -0.553683377 -0.456115894 0.545554445
10065.125520438 18.671436100 20.371087209 1.457464341 0.434080452 -0.554237389 -0.454081267 0.546081753
10065.158890673 18.626084935 20.343403315 1.451150597 0.436558447 -0.553218406 -0.450218181 0.548333573
10065.192263335 18.580236644 20.313390413 1.444648623 0.441039201 -0.549705308 -0.445048185 0.552485848
10065.225620793 18.555077358 20.297552291 1.442090218 0.443967819 -0.547115356 -0.441940559 0.555198978
10065.258977613 18.503282031 20.262778198 1.438104741 0.450385640 -0.541300870 -0.435466984 0.560816057
10065.292366615 18.456559732 20.231309446 1.437845541 0.454368868 -0.538158818 -0.431398429 0.563763615
10065.325705888 18.425079582 20.211153496 1.438698809 0.455841438 -0.537774157 -0.429578422 0.564331391
10065.359065535 18.378253928 20.182434239 1.441457687 0.457297369 -0.538607393 -0.427516498 0.563924496
10065.392444998 18.333794799 20.153030381 1.444052596 0.459798749 -0.539189070 -0.424753581 0.563422268
10065.425787791 18.311355031 20.137479030 1.445552873 0.461643049 -0.539078477 -0.422988992 0.563347498
10065.459153115 18.259289510 20.099912584 1.449056195 0.467449779 -0.537545734 -0.417824795 0.563877406
10065.492526113 18.216249586 20.069220566 1.451623328 0.473120744 -0.535034424 -0.413226999 0.564923335
10065.525885535 18.185764441 20.047720021 1.452663872 0.477113895 -0.532882572 -0.410340510 0.565702361
10065.559244286 18.147206060 20.020136881 1.453667918 0.481688027 -0.530114672 -0.407476590 0.566496167
10065.592632733 18.098382514 19.987065921 1.452122858 0.486009948 -0.527632241 -0.405676586 0.566414209
10065.626008903 18.069429746 19.966385797 1.450036561 0.487580025 -0.526974311 -0.405737939 0.565632849
10065.659347494 18.034118189 19.943026168 1.447473177 0.488555629 -0.527053625 -0.406919982 0.563865234
10065.692737100 17.985400466 19.908470745 1.442347215 0.488145904 -0.528571638 -0.410445206 0.560232391
10065.726100180 17.958151371 19.889394909 1.438829775 0.487501902 -0.529470667 -0.412987591 0.558071642
10065.759440995 17.917495962 19.859630155 1.433891465 0.486365108 -0.530318353 -0.417230685 0.555094571
10065.792814905 17.879273792 19.830667358 1.431334760 0.484834437 -0.530671841 -0.422128290 0.552386343
10065.826170447 17.851209608 19.810823948 1.430254699 0.483075513 -0.531450319 -0.426368762 0.549916617
10065.859534423 17.812336194 19.783265011 1.430881449 0.479155095 -0.533990243 -0.433823168 0.545034196
10065.892928000 17.773573018 19.756555945 1.433683423 0.473170223 -0.538679660 -0.443251657 0.538016853
10065.926278118 17.753079338 19.743904865 1.435281142 0.469398994 -0.541795663 -0.448706483 0.533652074
10065.959633142 17.709297762 19.716776439 1.439925358 0.460784920 -0.548952013 -0.460697253 0.523533175
10065.993057963 17.671773480 19.696252942 1.443937601 0.454446707 -0.554116486 -0.469519245 0.515737132
10066.026362679 17.646844475 19.682063370 1.446370080 0.451223666 -0.556614385 -0.474342995 0.511445357
10066.059731988 17.609245330 19.660630274 1.448994847 0.447898692 -0.558752910 -0.479928028 0.506804731
10066.093099095 17.573467378 19.639831621 1.450691354 0.446356185 -0.558967861 -0.483525366 0.504504021
10066.126456095 17.553389909 19.629151778 1.451625319 0.445701039 -0.558683175 -0.485044048 0.503940438
10066.159828387 17.511139276 19.606985942 1.452404590 0.443378979 -0.558255963 -0.488451918 0.503170035
10066.193187061 17.471152989 19.585254456 1.451957881 0.440344121 -0.558004251 -0.491807012 0.502846075
10066.226539164 17.450045385 19.573792682 1.451470800 0.438786407 -0.557683493 -0.493372855 0.503029658
10066.259915537 17.403190378 19.547222256 1.450295360 0.435918905 -0.555604136 -0.496371315 0.504870548
10066.293275065 17.363464102 19.523495796 1.449525610 0.435241706 -0.552071654 -0.497399789 0.508306006
10066.326642223 17.334816059 19.505727860 1.449404960 0.435871776 -0.548558743 -0.497215347 0.511738213
10066.359997695 17.298413821 19.482340811 1.450081782 0.437621873 -0.543255237 -0.496184250 0.516877194
10066.393355683 17.255125144 19.452833734 1.452973191 0.440692551 -0.536493407 -0.493871990 0.523502968
10066.426720295 17.234209543 19.438024851 1.455035340 0.442184397 -0.533580942 -0.492478295 0.526525845
10066.460096627 17.188981396 19.403760638 1.460214202 0.445841290 -0.527908227 -0.488388353 0.532930825
10066.493476244 17.153179524 19.372843261 1.464355065 0.450023519 -0.523257688 -0.483640880 0.538304489
10066.526819097 17.128245351 19.351256300 1.467024687 0.453911513 -0.519426624 -0.479295620 0.542619599
10066.560202362 17.096113328 19.321181197 1.470055814 0.459903759 -0.513532115 -0.472756127 0.548885183
10066.593558540 17.056635634 19.283598722 1.472741041 0.468123258 -0.505316860 -0.463986548 0.556984713
10066.626912077 17.041051765 19.267826320 1.473696180 0.471574904 -0.501748913 -0.460294538 0.560351743
10066.660295004 16.999378087 19.226362752 1.474628792 0.479475556 -0.493256156 -0.451738343 0.568096845
10066.693643369 16.972447106 19.198957637 1.473626275 0.483752703 -0.488455640 -0.447012670 0.572340880
10066.727011545 16.942146892 19.166149593 1.471376501 0.487958351 -0.483539318 -0.442456714 0.576470669
10066.760398260 16.908802763 19.124924039 1.466963811 0.492189831 -0.478260421 -0.438026867 0.580644989
10066.793744011 16.878168964 19.086620310 1.462945569 0.496005890 -0.473050929 -0.434098410 0.584602041
10066.827100380 16.863286617 19.068727354 1.460498115 0.497648386 -0.470615497 -0.432443937 0.586395241
10066.860481825 16.825103693 19.020736293 1.455252833 0.502016773 -0.463608326 -0.428322918 0.591257945
10066.893840612 16.803238456 18.980908652 1.452855356 0.505543189 -0.457431567 -0.425256560 0.595264062
10066.927204181 16.782891029 18.951877400 1.451346521 0.507719406 -0.453494806 -0.423571124 0.597621091
10066.960567700 16.760165053 18.917104478 1.451458140 0.509786361 -0.449736473 -0.422080995 0.599752120
10066.993984336 16.730042817 18.868020551 1.452702937 0.512452785 -0.445008053 -0.420525198 0.602095121
10067.027285794 16.717388197 18.847699700 1.453570264 0.513696412 -0.442991278 -0.419813842 0.603018293
10067.060673209 16.686707152 18.798631074 1.455945670 0.518081348 -0.436870246 -0.417044722 0.605648252
10067.094031491 16.663066636 18.758093314 1.458514997 0.523688760 -0.429735192 -0.412903409 0.608759823
10067.127386820 16.647042411 18.728704533 1.460614349 0.528813636 -0.423443051 -0.408681284 0.611581335
10067.160772836 16.622393323 18.681767165 1.463206168 0.538060912 -0.412263074 -0.400103327 0.616803810
10067.194119717 16.603101241 18.635436001 1.466268565 0.548722465 -0.399055921 -0.389248782 0.623011568
10067.227470350 16.590615326 18.610451610 1.466833689 0.554543591 -0.391636408 -0.382970564 0.626447026
10067.260837921 16.564421462 18.550310999 1.466934119 0.567923756 -0.374233748 -0.367330994 0.634412839
10067.294200053 16.541900172 18.498148972 1.464593736 0.578800321 -0.359680138 -0.353402199 0.640880076
10067.327559271 16.533169191 18.473162656 1.462913717 0.583644801 -0.353132932 -0.346890243 0.643679298
10067.360966203 16.511486173 18.409809166 1.456638108 0.595210467 -0.337270634 -0.330225494 0.650326182
10067.394291824 16.491946442 18.359956465 1.449293568 0.604619428 -0.324230740 -0.315752863 0.655446339
10067.427647033 16.481384440 18.326100620 1.444337565 0.611128364 -0.314844287 -0.305030422 0.659053594
10067.461044041 16.468806346 18.278680682 1.438080785 0.620963465 -0.299466440 -0.287972470 0.664677428
10067.494391870 16.457464040 18.229001156 1.433217214 0.631147222 -0.281584908 -0.268806805 0.670899415
10067.527746914 16.451103625 18.203840755 1.431074419 0.636281301 -0.271968354 -0.258611316 0.674017439
10067.561119325 16.444547301 18.147544366 1.429511835 0.648441174 -0.248031855 -0.233031333 0.680955682
10067.594482184 16.448290115 18.098731240 1.431140889 0.658530416 -0.227433960 -0.210515620 0.685780328
10067.627847059 16.447732253 18.074624223 1.431797817 0.663578368 -0.217009995 -0.198921869 0.687750319
10067.661224847 16.452988420 18.024667032 1.435600735 0.673945856 -0.194602548 -0.173599836 0.691223501
10067.694585895 16.461428529 17.975906135 1.439854673 0.683085896 -0.173909935 -0.149593091 0.693376450
10067.727964616 16.466238824 17.945975591 1.441645864 0.688313766 -0.161363579 -0.134710483 0.694290314
10067.761321087 16.476610150 17.901331402 1.443644337 0.695153203 -0.144047341 -0.113926341 0.695005883
10067.794686169 16.490094785 17.859450334 1.444485244 0.701179871 -0.126698925 -0.093015284 0.695443979
10067.828051392 16.496736020 17.840081541 1.444210156 0.703925534 -0.117994674 -0.082462359 0.695532932
10067.861418166 16.511656828 17.790766572 1.441232478 0.709804764 -0.097495533 -0.057244474 0.695266056
10067.894800877 16.526752878 17.755777045 1.438005050 0.713596714 -0.081241623 -0.037042401 0.694843427
10067.928155707 16.534867338 17.739006312 1.436174029 0.715152505 -0.073433047 -0.027239922 0.694566389
10067.961533514 16.554375418 17.706049620 1.431703949 0.717654974 -0.056771398 -0.006247138 0.694052822
10067.994895600 16.571171019 17.672706101 1.427442907 0.719055082 -0.042616980 0.011854337 0.693543839
10068.028257574 16.589404803 17.644508622 1.425261835 0.719929923 -0.031154930 0.027111466 0.692816891
10068.061617698 16.599206989 17.623483373 1.425114397 0.720511096 -0.024098942 0.036738007 0.692050085
10068.094978578 16.616629185 17.597234987 1.429562931 0.721396022 -0.013343533 0.050581774 0.690544144
10068.128340591 16.633546845 17.573266244 1.434701668 0.722422310 -0.000771361 0.065732437 0.688320171
10068.161712423 16.644185701 17.558769528 1.438009671 0.722959916 0.008598424 0.076401267 0.686598771
10068.195078588 16.663047522 17.531010526 1.444159200 0.723823782 0.027430133 0.096801489 0.682609839
10068.228447366 16.683059362 17.512590542 1.448513621 0.724107705 0.046703131 0.117104327 0.678065945
10068.261815943 16.695308702 17.496817767 1.452596412 0.723980399 0.061084325 0.131895145 0.674332824
10068.295190702 16.716697265 17.482065520 1.457728894 0.723145761 0.083268133 0.154154445 0.668104059
10068.328556433 16.737875436 17.471285526 1.461298156 0.721568083 0.107255342 0.177615964 0.660521281
10068.361921179 16.749446203 17.465989476 1.464053789 0.720302254 0.121392615 0.191085685 0.655678852
10068.395280923 16.774940030 17.457672671 1.470239244 0.716668273 0.152127521 0.219401980 0.644287650
10068.428646730 16.796935945 17.449454680 1.474235060 0.712567521 0.178876805 0.243340221 0.633274153
10068.462018577 16.809913178 17.445813646 1.476912238 0.709468856 0.195933609 0.258357743 0.625711786
10068.495382089 16.828728396 17.449350726 1.480515750 0.703052486 0.224477892 0.283010681 0.612561697
10068.528749805 16.844808166 17.457502891 1.481217537 0.695388420 0.252080548 0.306741396 0.598999215
10068.562120471 16.852265708 17.463116973 1.480988199 0.690859654 0.266035169 0.318712594 0.591912586
10068.595485515 16.867263549 17.477315820 1.480644154 0.679541885 0.296279905 0.344482003 0.575997564
10068.628851558 16.877385824 17.493607018 1.479380785 0.668035468 0.322478371 0.366520804 0.561603788
10068.662224583 16.883176137 17.507843754 1.478625828 0.659214692 0.340783060 0.381539075 0.551117800
10068.695616214 16.889310254 17.530089013 1.477918616 0.646081400 0.366489436 0.401906512 0.535476866
10068.728976648 16.893318611 17.555830013 1.478026312 0.632561364 0.391557432 0.420646150 0.519235703
10068.762339818 16.894733758 17.575696366 1.477804680 0.623496610 0.407802486 0.432163586 0.508117845
10068.795706358 16.894675711 17.607510672 1.477488006 0.610569885 0.430271550 0.447246001 0.491977463
10068.829065609 16.893170364 17.641057452 1.477183957 0.597209488 0.452181876 0.461234125 0.475537024
10068.862432958 16.890756257 17.665614393 1.477948594 0.587340405 0.467450838 0.470672295 0.463668582
10068.895802689 16.886124297 17.700607065 1.479336948 0.572203067 0.489149777 0.483925205 0.446242694
10068.929157081 16.879542777 17.739595721 1.479313732 0.555133906 0.511414403 0.497416052 0.427620071
10068.962529329 16.873148292 17.767968227 1.478256974 0.542646250 0.526286036 0.506579350 0.414650959
10068.995916619 16.862798307 17.809995386 1.473689070 0.524017902 0.546988457 0.519492824 0.395393566
10069.029257782 16.848320805 17.854754065 1.469592548 0.504376345 0.566543109 0.531869020 0.376495358
10069.062628819 16.839316764 17.879029719 1.466457839 0.494459245 0.575620552 0.537835687 0.367292538
10069.095991655 16.815515787 17.934127216 1.459053095 0.470540383 0.596338441 0.551253137 0.345097365
10069.129366290 16.793447278 17.977790929 1.452897127 0.451938545 0.611455847 0.560770169 0.327734826
10069.162734291 16.781407722 18.000633913 1.450034298 0.442982825 0.618514485 0.565063008 0.319233215
10069.196111590 16.754210931 18.049630925 1.444211314 0.423699480 0.633192123 0.573771753 0.300553592
10069.229465960 16.725983816 18.099928177 1.438418995 0.404370619 0.647263172 0.581785009 0.281177866
10069.262829331 16.712614259 18.124490377 1.435870681 0.394801611 0.653891670 0.585462109 0.271645893
10069.296192268 16.684200066 18.178105344 1.431120579 0.374475570 0.667367666 0.592740968 0.251090801
10069.329561743 16.660593989 18.220186492 1.426906643 0.358751052 0.677015734 0.597855738 0.235618110
10069.362933542 16.649511986 18.239945312 1.424395329 0.351638770 0.681177597 0.600018216 0.228747453
10069.396293112 16.623433786 18.287778563 1.418615984 0.336210609 0.689829792 0.604331487 0.214197896
10069.429667607 16.604734513 18.324503042 1.413629382 0.324079838 0.696371720 0.607272056 0.203123945
10069.463042411 16.594211441 18.347756646 1.410961284 0.316441453 0.700406085 0.608900579 0.196306411
10069.496403362 16.582908615 18.378603387 1.408206114 0.306108098 0.705471565 0.611175436 0.187275971
10069.529765130 16.573966538 18.418772633 1.406060038 0.293087546 0.711267203 0.614046216 0.176482013
10069.563133598 16.569016631 18.434103521 1.404714281 0.287371651 0.713423093 0.615489070 0.172099474
10069.596499365 16.565050437 18.476755457 1.403502016 0.274853278 0.718099646 0.618275415 0.162862164
10069.629870895 16.563337750 18.512852807 1.402601244 0.266580869 0.720898703 0.619865782 0.158133215
10069.663237510 16.563224877 18.535114577 1.402340873 0.262745803 0.721954762 0.620604452 0.156831373
10069.696607224 16.566791005 18.570780140 1.403012067 0.258925649 0.722366207 0.621546657 0.157557367
10069.729992531 16.571352295 18.604614943 1.403429895 0.256658275 0.721498298 0.622853160 0.160064601
10069.763350956 16.576438361 18.628068047 1.404873923 0.255096948 0.720480547 0.624172040 0.161995655
10069.796729361 16.579461541 18.661402028 1.406596496 0.253149388 0.718233508 0.626746856 0.165058757
10069.830083225 16.585887551 18.694663987 1.409845140 0.251164809 0.715338813 0.630058472 0.168026616
10069.863456065 16.591983815 18.708631158 1.412757642 0.250364725 0.713767993 0.631792352 0.169384712
10069.896817352 16.601220481 18.741331156 1.419089681 0.248549210 0.710168570 0.635829090 0.172061793
10069.930189246 16.616507707 18.771440487 1.428861337 0.247266361 0.706624611 0.639656910 0.174298722
10069.963571330 16.626819763 18.791111253 1.435765983 0.246383686 0.704676048 0.641922394 0.175106787
10069.996948607 16.638687150 18.818707251 1.445757616 0.245262014 0.701901765 0.645220915 0.175699821
10070.030295812 16.654938841 18.844985601 1.455567458 0.245482856 0.699108873 0.647960625 0.176442570
10070.063670296 16.663802197 18.858852185 1.460023309 0.246052031 0.697587738 0.649201624 0.177107304
10070.097052312 16.686065500 18.889285617 1.468178234 0.249120980 0.693655158 0.651507765 0.179774558
10070.130406363 16.706165422 18.914000094 1.473328984 0.253593875 0.689662052 0.652991775 0.183461554
10070.163772260 16.717191939 18.925917911 1.475409470 0.256226152 0.687375879 0.653788918 0.185533314
10070.197139184 16.743107072 18.954920389 1.477847426 0.262752888 0.681823671 0.655533624 0.190664808
10070.230511003 16.766816556 18.979310896 1.477353161 0.268366037 0.677085767 0.656972401 0.194735202
10070.263880906 16.783350465 18.995462732 1.475987083 0.272307884 0.673682878 0.658042271 0.197433955
10070.297252424 16.805760770 19.019999487 1.473364602 0.277702478 0.668927247 0.659540641 0.201056747
10070.330621173 16.833428610 19.048811363 1.469159012 0.284117292 0.663194958 0.661278278 0.205331079
10070.363990719 16.850820690 19.065484065 1.466260750 0.288412909 0.659672122 0.662089076 0.208059464
10070.397356531 16.876083132 19.089274142 1.462351938 0.295885636 0.654348261 0.662552081 0.212849206
10070.430726270 16.906391124 19.116560400 1.458081592 0.307271636 0.647336476 0.661919949 0.220003659
10070.464089035 16.921902359 19.128826990 1.455853030 0.313700576 0.643592214 0.661190047 0.224073052
10070.497449200 16.957487784 19.159627611 1.452765858 0.330147809 0.634041420 0.658780041 0.234526672
10070.530831167 16.989769999 19.185755547 1.450919711 0.345718307 0.625115125 0.655904001 0.243925960
10070.564186549 17.006444999 19.198872893 1.450409251 0.353724147 0.620626774 0.654147241 0.248582023
10070.597561922 17.043676183 19.227640723 1.449678217 0.371182382 0.610884576 0.649888207 0.258242121
10070.630929498 17.074789561 19.248957674 1.449309237 0.383368504 0.604093965 0.646731930 0.264266689
10070.664282367 17.090814933 19.260328609 1.449639201 0.388414313 0.601325136 0.645460858 0.266313131
10070.697650074 17.119473083 19.282427647 1.450218529 0.395301157 0.597399140 0.644012519 0.268512827
10070.731059413 17.156015587 19.311569079 1.452199814 0.401243062 0.593942664 0.643170503 0.269384153
10070.764381728 17.171193030 19.324519074 1.452630197 0.403284490 0.592678517 0.642977993 0.269579479
10070.797745434 17.201039728 19.351501643 1.452729706 0.407347684 0.590049016 0.642508025 0.270358023
10070.831131295 17.236157493 19.385391136 1.450531068 0.412946522 0.586439519 0.641444540 0.272236593
10070.864485787 17.256448803 19.406719370 1.447753466 0.416655383 0.584161734 0.640486403 0.273734411
10070.897855939 17.284073961 19.434462527 1.443175580 0.421325638 0.581148827 0.639373256 0.275594969
10070.931250490 17.314357329 19.469316317 1.436151486 0.425525542 0.578072054 0.638899815 0.276708764
10070.964587898 17.333402694 19.493265935 1.431066126 0.426709950 0.576874814 0.639455382 0.276099406
10070.997967804 17.354985961 19.521160805 1.426109371 0.426033870 0.576388893 0.641358866 0.273733066
10071.031342757 17.386034360 19.566621277 1.420583475 0.422108294 0.577202311 0.645804345 0.267579572
10071.064682861 17.403850936 19.594922067 1.418662314 0.418645849 0.578341427 0.648885533 0.263067315
10071.098045885 17.425898665 19.627600106 1.417424581 0.413569883 0.580278568 0.652825547 0.257012724
10071.131435076 17.456218242 19.678132999 1.419431808 0.406232354 0.584050745 0.657646553 0.247711551
10071.164781081 17.472148835 19.708647630 1.421614713 0.402228772 0.586683109 0.659802767 0.242229752
10071.198148138 17.490592196 19.746583159 1.425549630 0.397303080 0.590619192 0.661845421 0.235116719
10071.231543825 17.513003137 19.797647659 1.430084790 0.390015411 0.596776975 0.664045947 0.225362379
10071.264885086 17.525779243 19.830381720 1.432395340 0.384314254 0.601268430 0.665539925 0.218713140
10071.298250068 17.538698824 19.869135824 1.435040640 0.376193293 0.607091860 0.667586608 0.210347807
10071.331649843 17.557618138 19.926160950 1.437982571 0.362294629 0.616139787 0.670946750 0.197344427
10071.364982186 17.568714015 19.961056135 1.438698250 0.354211560 0.621282336 0.672600687 0.190133496
10071.398346876 17.579478967 20.002134853 1.439375292 0.345536548 0.626818102 0.674079429 0.182538996
10071.431734272 17.597042024 20.064603813 1.438382209 0.333976349 0.634469053 0.675364043 0.172604254
10071.465084089 17.607091581 20.100258010 1.436649026 0.328267220 0.638322463 0.675736742 0.167824081
10071.498450523 17.615473356 20.140005189 1.434223557 0.322141653 0.642363209 0.676085391 0.162796827
10071.531851289 17.630295864 20.200763446 1.428311393 0.313702595 0.647593919 0.676617262 0.156211003
10071.565183080 17.639289921 20.236041914 1.423962875 0.309126142 0.650271149 0.676974900 0.152621906
10071.598550322 17.647339375 20.275807459 1.419633238 0.304082166 0.653147489 0.677359425 0.148716519
10071.631995091 17.661430673 20.336583363 1.414046785 0.297551645 0.657032233 0.677549426 0.143869522
10071.665285680 17.670510055 20.371773676 1.411981218 0.295007581 0.658878654 0.677225818 0.142178187
10071.698652341 17.682534440 20.422156519 1.411685067 0.292848719 0.661057634 0.676266213 0.141090191
10071.732049292 17.691769755 20.460464525 1.413336306 0.291660392 0.662923543 0.674970745 0.141000298
10071.765392209 17.703666811 20.499622298 1.414779455 0.290780792 0.664792846 0.673481905 0.141135136
10071.798755483 17.716173482 20.541331330 1.417154470 0.289204557 0.667268368 0.671722905 0.141074408
10071.832142633 17.731207593 20.587402047 1.420408903 0.286206715 0.670529324 0.669957278 0.140119192
10071.865492949 17.740925830 20.617706416 1.422484228 0.283363942 0.672939537 0.669039444 0.138720862
10071.898850344 17.751558419 20.657116873 1.424630218 0.278921594 0.676132805 0.668204389 0.136198640
10071.932232121 17.767306912 20.712066044 1.426795814 0.272496655 0.680279227 0.667453596 0.132179584
10071.965586907 17.776729603 20.743413311 1.426902184 0.268934679 0.682502498 0.667080995 0.129874649
10071.998966595 17.787696080 20.783988061 1.426625952 0.264838740 0.685021318 0.666666158 0.127131700
10072.032325812 17.804680844 20.842455972 1.423002351 0.259552693 0.688296632 0.666053437 0.123502895
10072.065684704 17.814818835 20.876771748 1.419856798 0.256628011 0.690070763 0.665736307 0.121406651
10072.099048451 17.826384160 20.915417959 1.416150239 0.253321489 0.692048688 0.665419575 0.118800780
10072.132441769 17.843844660 20.976256681 1.410540499 0.248258743 0.694917784 0.665151992 0.114147706
10072.165792434 17.857753488 21.025171340 1.406869839 0.243676858 0.697118516 0.665371176 0.109217958
10072.199155996 17.864938499 21.049911213 1.405443054 0.240881740 0.698223765 0.665722970 0.106171977
10072.232537117 17.880836136 21.109562108 1.405047902 0.232577370 0.700958570 0.667179182 0.097143138
10072.265888616 17.893399085 21.160652620 1.407157160 0.225079056 0.703344081 0.668461709 0.088348545
10072.299256290 17.899938070 21.186831962 1.408611518 0.221451622 0.704653945 0.668905665 0.083589527
10072.332632404 17.912317967 21.242711475 1.412123913 0.213832130 0.707887376 0.669229687 0.072821075
10072.365994179 17.921896357 21.290062686 1.413810763 0.206992134 0.711285824 0.668791813 0.062803213
10072.399358051 17.925921360 21.315224797 1.413889935 0.203408135 0.713171670 0.668351185 0.057602031
10072.432741900 17.934297179 21.373522213 1.414281933 0.194973861 0.718014637 0.666620583 0.045356066
10072.466089784 17.940389696 21.423975779 1.413013736 0.188320557 0.722192733 0.664595230 0.035863682
10072.499460611 17.942979272 21.447843803 1.411487292 0.185422634 0.724132032 0.663497389 0.031975973
10072.532839960 17.948808879 21.509648812 1.406918066 0.178590473 0.728793672 0.660628386 0.023137889
10072.566196237 17.952192154 21.560381388 1.401008047 0.173299388 0.732535804 0.658078369 0.017072716
10072.599573336 17.954250411 21.593074899 1.396156642 0.170295290 0.734914648 0.656281646 0.013941851
10072.632941798 17.957508409 21.650943094 1.386364242 0.166493524 0.738947437 0.652789122 0.010146591
10072.666312985 17.959943783 21.705556625 1.375567531 0.164293900 0.742984889 0.648779246 0.008152200
10072.699675837 17.962006869 21.740886383 1.367691356 0.163481444 0.745665784 0.645911426 0.007401694
10072.733100372 17.964224978 21.797916587 1.354858682 0.161920546 0.750464715 0.640742616 0.005774744
10072.766395150 17.966759781 21.853867390 1.343388878 0.159715792 0.755584704 0.635272754 0.003338944
10072.799766098 17.967911862 21.882432124 1.338288088 0.158618584 0.758389292 0.632204005 0.001980511
10072.833135489 17.972057256 21.953531995 1.326938244 0.156052711 0.765728517 0.623943900 -0.001183147
10072.866497140 17.975934741 22.011968995 1.319578627 0.154943118 0.772002036 0.616438382 -0.003034396
10072.899868812 17.978340658 22.045651898 1.315849228 0.154636588 0.775555778 0.612035249 -0.003689814
10072.933235836 17.984676569 22.112261844 1.306370142 0.154961293 0.782897119 0.602530230 -0.004052213
10072.966604424 17.991061901 22.169300915 1.296571616 0.155643506 0.789258849 0.593995691 -0.003832471
10073.000002408 17.994666204 22.199871926 1.290639185 0.155807835 0.792772673 0.589254792 -0.003767991
10073.033340200 18.003237300 22.265721034 1.276368935 0.155850874 0.800062593 0.579305334 -0.003960120
10073.066716733 18.010883869 22.319748020 1.262849918 0.154839767 0.806142823 0.571079024 -0.005210016
10073.100085902 18.014886578 22.345435674 1.255459277 0.153808180 0.809131325 0.567104457 -0.006486665
10073.133438488 18.023917325 22.410096758 1.238023859 0.149729589 0.816069076 0.558108619 -0.011273088
10073.166798161 18.031422013 22.463943057 1.222726720 0.144601656 0.821694122 0.551007765 -0.017308195
10073.200172157 18.034843011 22.489607095 1.215969512 0.141991761 0.824178709 0.547864439 -0.020306456
10073.233527998 18.044729656 22.557898474 1.199158518 0.135668352 0.830498289 0.539521839 -0.027979926
10073.266888287 18.053278322 22.614441572 1.186550770 0.131329826 0.835433172 0.532625725 -0.033372576
10073.300259123 18.058233170 22.646221989 1.180009184 0.129332653 0.838017034 0.528880621 -0.035858100
10073.333626347 18.068386798 22.711359929 1.167253413 0.125397994 0.842987649 0.521556955 -0.040317601
10073.366978760 18.078031563 22.767220199 1.157463858 0.121949207 0.846798173 0.515891025 -0.043791490
10073.400355398 18.083038517 22.793502256 1.153697290 0.120233382 0.848424493 0.513483799 -0.045323298
10073.433717798 18.094406680 22.852863411 1.146685426 0.116286255 0.851950302 0.508234551 -0.048536904
10073.467082149 18.102768442 22.900687789 1.143398168 0.112901578 0.854429751 0.504542829 -0.051376732
10073.500451519 18.107515309 22.924026718 1.142567182 0.111180125 0.855642307 0.502699238 -0.052997162
10073.533818043 18.115099811 22.970596866 1.143782999 0.107494718 0.857816359 0.499423946 -0.056317860
10073.567178454 18.121518740 23.007940190 1.145624767 0.104112073 0.859241292 0.497317445 -0.059501579
10073.600561099 18.124471992 23.027211727 1.147044767 0.102226026 0.859792230 0.496567092 -0.061059679
10073.633922604 18.129239250 23.057904693 1.149995098 0.099420548 0.860457364 0.495770545 -0.062771378
10073.667290078 18.136813156 23.099076189 1.153725989 0.096870243 0.860943668 0.495373533 -0.063223573
10073.700646748 18.139770512 23.115183718 1.155697758 0.095912209 0.861003552 0.495473474 -0.063085408
10073.734014836 18.147410652 23.154312062 1.161021270 0.093668919 0.860880943 0.496214097 -0.062303336
10073.767359528 18.153541104 23.185066671 1.165963176 0.091882823 0.860448270 0.497412133 -0.061379897
10073.800746813 18.158270944 23.208117625 1.169214171 0.090938196 0.859961764 0.498550615 -0.060359701
10073.834096234 18.163190812 23.235056133 1.174352963 0.089988409 0.859046304 0.500503364 -0.058633755
10073.867472622 18.171576044 23.275216668 1.178532703 0.089104629 0.857542522 0.503480392 -0.056468423
10073.900839828 18.176513241 23.299183224 1.181599316 0.088769123 0.856416675 0.505592361 -0.055198604
10073.934191351 18.182073284 23.326918596 1.185897845 0.088666632 0.854897693 0.508373887 -0.053330604
10073.967552666 18.191039080 23.367114151 1.192972439 0.089012022 0.852729307 0.512161146 -0.051191297
10074.000953415 18.195807694 23.386556798 1.196075039 0.089240067 0.851896245 0.513562593 -0.050620764
10074.034284359 18.207420635 23.430481452 1.206098337 0.089909371 0.850255959 0.516223934 -0.049939555
10074.067650636 18.219508619 23.470968970 1.216500967 0.090439129 0.849213191 0.517766582 -0.050749257
10074.101039716 18.225328808 23.490613821 1.222985589 0.090390676 0.848859512 0.518247505 -0.051832211
10074.134385747 18.239549022 23.533568904 1.237724618 0.090393256 0.848419003 0.518695294 -0.054492630
10074.167743384 18.256280253 23.576197000 1.252421881 0.092149744 0.848363811 0.518394343 -0.055268192
10074.201127058 18.264041802 23.594574720 1.259353818 0.093753272 0.848411579 0.518103099 -0.054564595
10074.234475256 18.281756601 23.631973903 1.273704897 0.098766482 0.848505049 0.517357467 -0.051240757
10074.267844594 18.300214371 23.664560497 1.288225734 0.105229352 0.848450828 0.516692902 -0.045677360
10074.301203800 18.313614776 23.686644810 1.295853115 0.109358571 0.848304660 0.516398631 -0.041861214
10074.334566933 18.329101465 23.708769934 1.305232008 0.114121014 0.847953408 0.516281689 -0.037478393
10074.367937928 18.352429313 23.739362541 1.318005397 0.121037982 0.847099108 0.516516059 -0.031369871
10074.401298767 18.366638294 23.757175937 1.324793791 0.125054904 0.846369008 0.516948452 -0.028019130
10074.434685613 18.389542288 23.791319892 1.333815476 0.131298757 0.845045987 0.517809340 -0.023052210
10074.468057842 18.412758112 23.820137665 1.342304341 0.138640005 0.843473967 0.518682200 -0.017302959
10074.501406426 18.430204553 23.839558125 1.348039029 0.144941988 0.842209872 0.519156195 -0.012296227
10074.534767725 18.455140736 23.871735732 1.355473912 0.154658629 0.840271805 0.519620661 -0.004286114
10074.568143620 18.481077493 23.897412056 1.362418275 0.165172141 0.837879305 0.520251285 0.003877363
10074.601496931 18.508789494 23.924155209 1.368878105 0.175437027 0.834861847 0.521636549 0.011084082
10074.634863666 18.535796449 23.951007607 1.374225343 0.183871006 0.831548850 0.523891534 0.015988216
10074.668228659 18.575888767 23.982039047 1.380222610 0.193800207 0.825765236 0.529324527 0.019204173
10074.701602068 18.599635114 24.000822742 1.383635119 0.197902909 0.821951753 0.533737636 0.018811976
10074.734997969 18.632966239 24.025003152 1.388475268 0.202198000 0.816016681 0.541274725 0.015950468
10074.768324301 18.667232604 24.049872854 1.394179441 0.205638739 0.809538307 0.549733881 0.012373360
10074.801712139 18.690772124 24.068423311 1.398850858 0.209136594 0.804996482 0.555077662 0.011460303
10074.835071311 18.722882291 24.090766739 1.406785318 0.216314451 0.798650444 0.561413438 0.013434215
10074.868437096 18.761051230 24.119517417 1.419924545 0.227101262 0.791051777 0.567722077 0.018808130
10074.901791733 18.784232421 24.137170071 1.429667040 0.234146897 0.786371433 0.571206006 0.022779368
10074.935156617 18.809925325 24.161696934 1.441674627 0.241765060 0.781312872 0.574748608 0.027638548
10074.968521169 18.844958532 24.191505250 1.459518958 0.251788088 0.773964385 0.579982897 0.034665959
10075.001923442 18.861262456 24.205577832 1.470315695 0.256050787 0.770097344 0.583053935 0.037897021
10075.035258111 18.881755298 24.226287976 1.484944160 0.259520259 0.765174933 0.587764639 0.041100917
10075.068616933 18.898377031 24.245552499 1.499341587 0.260167562 0.760695208 0.593126335 0.043090506
10075.101981743 18.907528269 24.258472587 1.509425575 0.259490030 0.757632081 0.597242774 0.044267628
10075.135350519 18.918847461 24.276104723 1.521018205 0.258199610 0.753906901 0.602339425 0.046309423
10075.168715354 18.931716321 24.299240912 1.534584845 0.257272727 0.748923867 0.608572339 0.050630968
10075.202079015 18.937961724 24.312378207 1.541929247 0.257397671 0.745663636 0.612186096 0.054409230
10075.235438054 18.944434321 24.327853421 1.549751319 0.258609425 0.741600467 0.616081978 0.059940872
10075.268804758 18.950919029 24.347787379 1.558420297 0.260561535 0.735264026 0.621896362 0.068843401
10075.302174565 18.956051959 24.362314020 1.562510283 0.261575655 0.731473340 0.625372516 0.073716653
10075.335563648 18.964217853 24.388067086 1.568458788 0.262180083 0.726058739 0.630607476 0.080215477
10075.368931191 18.971028679 24.412702288 1.572995946 0.261726818 0.720974157 0.635874371 0.085785319
10075.402269959 18.974144848 24.425096496 1.575245818 0.261202947 0.718462414 0.638584696 0.088285712
10075.435634106 18.981222177 24.457455008 1.579156230 0.259539978 0.712433491 0.645155164 0.094086847
10075.468997971 18.985788905 24.486010447 1.581398373 0.258620524 0.707322271 0.650363291 0.099187797
10075.502363642 18.988588078 24.506838048 1.582163379 0.258732398 0.703653443 0.653679228 0.103115687
10075.535723975 18.992821949 24.539897699 1.583393828 0.259771962 0.698171490 0.658114609 0.109362971
10075.569090540 18.995462556 24.573497341 1.584205605 0.261336729 0.692977109 0.661965073 0.115273944
10075.602463091 18.996967353 24.591358362 1.585102549 0.262255943 0.690355671 0.663824534 0.118185686
10075.635831951 18.999570595 24.633107193 1.588160220 0.263286890 0.685152363 0.667831475 0.123480257
10075.669194545 19.001830062 24.669636633 1.593276586 0.263207052 0.681624492 0.670833211 0.126857804
10075.702555849 19.003160165 24.692659623 1.597275639 0.263889539 0.679509131 0.672212693 0.129459446
10075.735935748 19.006688725 24.725360268 1.604177569 0.266282384 0.676257973 0.673529643 0.134635305
10075.769283580 19.011229121 24.756448850 1.611206604 0.268720649 0.673554619 0.674226570 0.139756645
10075.802654612 19.014850178 24.777136042 1.615669106 0.269687480 0.672141192 0.674603108 0.142847918
10075.836020902 19.020771045 24.806534756 1.621262382 0.269612233 0.670723654 0.675333936 0.146161206
10075.869380426 19.028095540 24.836546171 1.625805490 0.268470498 0.669928123 0.676042540 0.148614892
10075.902756987 19.033282985 24.857438350 1.628100980 0.267345394 0.669720420 0.676406607 0.149916981
10075.936119611 19.041501451 24.888968816 1.630490854 0.266140644 0.669508856 0.676686641 0.151730811
10075.969481952 19.050294040 24.920658317 1.631672427 0.265717790 0.669643188 0.676308476 0.153554231
10076.002889330 19.056704219 24.942701896 1.631683048 0.265592989 0.669998585 0.675741328 0.154712373
10076.036210738 19.065619621 24.973490347 1.629440082 0.266210264 0.670583128 0.674458734 0.156702839
10076.069580064 19.076928043 25.010255271 1.623724459 0.268309006 0.671072560 0.672328018 0.160146597
10076.102958868 19.084355750 25.034171127 1.618366722 0.269949836 0.671397230 0.670761650 0.162578152
10076.136316984 19.094909828 25.069370201 1.610404087 0.271339750 0.671922252 0.669095956 0.164941895
10076.169676142 19.105084607 25.105547400 1.602324520 0.269037760 0.673732603 0.668294581 0.164576477
10076.203039897 19.112155242 25.131586585 1.596366925 0.265921806 0.675519026 0.668174866 0.162794307
10076.236419884 19.121053538 25.161861826 1.591170351 0.261417730 0.677817870 0.668379277 0.159664795
10076.269771750 19.133167708 25.208999005 1.583616013 0.253550979 0.681942385 0.668637797 0.153590299
10076.303142318 19.140255872 25.236762613 1.579989688 0.249148715 0.684592887 0.668463427 0.149713537
10076.336505231 19.148947180 25.267747805 1.577395228 0.245174918 0.687563479 0.667752497 0.145781770
10076.369869591 19.160951875 25.309147318 1.574629529 0.241600543 0.691661208 0.665825202 0.141105461
10076.403239781 19.173483559 25.353762868 1.571806319 0.238805917 0.696602054 0.662761280 0.135885240
10076.436601946 19.179874916 25.377799226 1.570322591 0.237150715 0.699519092 0.660940308 0.132629131
10076.469964377 19.189252577 25.416854271 1.567642133 0.233177544 0.705033775 0.657805161 0.125888760
10076.503333741 19.196990267 25.454051937 1.564641604 0.227819451 0.710738039 0.654976857 0.118131513
10076.536699979 19.201827155 25.479997821 1.561886145 0.223221774 0.714904668 0.653092302 0.112043741
10076.570070748 19.208063249 25.518765430 1.557078155 0.215966239 0.721039880 0.650282536 0.102920839
10076.603435932 19.214060588 25.555804397 1.551778784 0.209675559 0.726677482 0.647260860 0.095023026
10076.636823654 19.216839540 25.574606471 1.548565754 0.207230660 0.729324835 0.645532359 0.091808017
10076.670160794 19.223212641 25.618478422 1.540719487 0.203203990 0.735024835 0.641078265 0.086401897
10076.703529337 19.228602200 25.655803826 1.533074017 0.201070747 0.739336362 0.637151475 0.083607997
10076.736907129 19.231173393 25.673266569 1.529092854 0.200188964 0.741236514 0.635354495 0.082568000
10076.770266914 19.236546341 25.718068727 1.518657566 0.197583105 0.745879400 0.631017423 0.080261123
10076.803630930 19.240030188 25.753971259 1.510411718 0.194768596 0.749479698 0.627899815 0.078020501
10076.837000118 19.241458867 25.771864884 1.506632198 0.192954134 0.751289824 0.626470247 0.076598510
10076.870359573 19.244697381 25.814157673 1.498395069 0.188342625 0.755467523 0.623225105 0.073391728
10076.903724136 19.247448114 25.848846632 1.493376026 0.185083613 0.758783650 0.620374270 0.071604418
10076.937092070 19.249576568 25.871382720 1.490570703 0.183208333 0.760910197 0.618415185 0.070802816
10076.970476713 19.252809138 25.903286824 1.486581928 0.180763292 0.763730271 0.615724024 0.070175717
10077.003848340 19.256670550 25.934665006 1.482260104 0.178871114 0.766277041 0.613093664 0.070290681
10077.037214704 19.259258906 25.953916573 1.479277662 0.178037395 0.767725189 0.611461541 0.070820220
10077.070567535 19.263908085 25.984464997 1.474383330 0.176952610 0.769860141 0.608921936 0.072230277
10077.103927991 19.269215260 26.014552634 1.470354804 0.174903859 0.771805644 0.606980105 0.072800005
10077.137300763 19.272456228 26.035174243 1.467956912 0.172224976 0.773137900 0.606141051 0.072037292
10077.170668439 19.276113058 26.065064716 1.464658124 0.166643105 0.775031249 0.605602536 0.069297963
10077.204029247 19.279006008 26.095771146 1.461918703 0.159796198 0.776779280 0.605651318 0.065311606
10077.237392819 19.281031722 26.117979534 1.460300364 0.154750010 0.777846453 0.605907986 0.062312461
10077.270767746 19.283446370 26.148563185 1.458513110 0.148477439 0.778996892 0.606352217 0.058781634
10077.304122238 19.287537112 26.183353638 1.458142512 0.142683263 0.779699794 0.607109816 0.055923064
10077.337490701 19.289993640 26.200945409 1.458261346 0.139882728 0.779866700 0.607664119 0.054635804
10077.370887029 19.293898457 26.233909363 1.459435048 0.133508207 0.779931131 0.609305454 0.051282089
10077.404221642 19.297732453 26.262795038 1.461126672 0.127085805 0.779894772 0.611048388 0.047256858
10077.437606741 19.300154782 26.288535163 1.464262295 0.120338028 0.779756535 0.612919101 0.042763076
10077.470981460 19.302101734 26.318071632 1.469126053 0.112011177 0.779668926 0.614989832 0.036842485
10077.504319877 19.302935954 26.340515389 1.472978919 0.104562261 0.779668949 0.616614243 0.031143821
10077.537682055 19.301691877 26.364293183 1.477077878 0.095564975 0.779507879 0.618586593 0.024195627
10077.571084815 19.298802947 26.389110107 1.480991073 0.086556615 0.779034033 0.620734483 0.017396270
10077.604423961 19.296871136 26.409771216 1.482915557 0.080486307 0.778535054 0.622283868 0.012958045
10077.637793142 19.292215685 26.429263826 1.485429803 0.074554934 0.777828370 0.623975674 0.008885161
10077.671173211 19.285757795 26.449722634 1.487392653 0.068426531 0.776863839 0.625920025 0.004950558
10077.704521482 19.281737731 26.465546465 1.488254684 0.063639173 0.775962381 0.627557794 0.001911558
10077.737900379 19.275643369 26.482191759 1.488666633 0.057731099 0.774846621 0.629504767 -0.001892954
10077.771282862 19.267926390 26.499772719 1.487991572 0.050007341 0.773563816 0.631701190 -0.007203827
10077.804616714 19.261488569 26.515114512 1.486364597 0.043061776 0.772466669 0.633472654 -0.012382445
10077.837980003 19.254594792 26.531333317 1.483967940 0.036331686 0.771106666 0.635415185 -0.017946062
10077.871374807 19.247063336 26.548371545 1.479985362 0.030331288 0.769396481 0.637627435 -0.023244818
10077.904716085 19.241674495 26.563569289 1.475953029 0.026185470 0.767933599 0.639422103 -0.027049625
10077.938079383 19.234454915 26.580654091 1.470658875 0.021504248 0.766148147 0.641525272 -0.031621349
10077.971491624 19.225483925 26.600153693 1.464283703 0.015803079 0.763994392 0.643937861 -0.037508161
10078.004847878 19.214974493 26.621253871 1.456845774 0.009127216 0.761677494 0.646316859 -0.045150925
10078.038178780 19.206626471 26.636988438 1.451441888 0.003968681 0.760101003 0.647780820 -0.051095257
10078.071576759 19.193198472 26.660100601 1.444031199 -0.003920234 0.757713135 0.649769633 -0.060455445
10078.104913643 19.182077511 26.681941552 1.437973281 -0.010734479 0.755738824 0.651174524 -0.068668332
10078.138278643 19.169525791 26.705499124 1.432258656 -0.018006159 0.753760583 0.652318238 -0.077470495
10078.171667543 19.154862531 26.733169194 1.427175061 -0.026667333 0.751627256 0.653179612 -0.087759420
10078.205008662 19.142679435 26.756786902 1.424717146 -0.033599158 0.750149470 0.653422703 -0.095841743
10078.238378151 19.130268073 26.783182669 1.423753221 -0.038986594 0.748991921 0.653476023 -0.102275290
10078.271778190 19.119110961 26.811880578 1.424629141 -0.040934169 0.748397437 0.653516924 -0.105552359
10078.305117110 19.110854304 26.841227431 1.426088206 -0.039995056 0.748320505 0.653537564 -0.106327187
10078.338478194 19.105091399 26.860925961 1.427451458 -0.040074575 0.748362926 0.653326049 -0.107294144
10078.371919032 19.096847415 26.889654980 1.429883784 -0.042918576 0.748330873 0.652554616 -0.111046714
10078.405213574 19.088520874 26.917618758 1.432497886 -0.047705256 0.748213652 0.651406680 -0.116489809
10078.438579507 19.083036336 26.936729265 1.434391550 -0.051411312 0.748106633 0.650480422 -0.120700306
10078.471962454 19.075420942 26.964322861 1.436415502 -0.056762829 0.747956597 0.649011619 -0.126975700
10078.505311791 19.067917187 26.992879716 1.437021104 -0.062267208 0.747824249 0.647353377 -0.133473940
10078.538676256 19.063535994 27.011170738 1.436959171 -0.065731540 0.747739979 0.646235705 -0.137636120
10078.572055824 19.057821605 27.039893786 1.435765851 -0.069296549 0.747958522 0.644579402 -0.142384803
10078.605407362 19.053672139 27.067483813 1.434559431 -0.069999494 0.748467637 0.643344879 -0.144926305
10078.638781804 19.051626465 27.086288421 1.433588066 -0.069481850 0.748922064 0.642631487 -0.145988994
10078.672164979 19.049535419 27.108029786 1.432960744 -0.068363474 0.749462788 0.641899362 -0.146959769
10078.705506947 19.048213292 27.140259662 1.432129538 -0.066802478 0.749998799 0.640851881 -0.149492797
10078.738884718 19.048033020 27.157996258 1.432464367 -0.066584605 0.750049830 0.640246400 -0.151908823
10078.772248421 19.046902028 27.184200188 1.433711626 -0.066501872 0.750192745 0.639166764 -0.155737583
10078.805602358 19.046279263 27.209463445 1.435425893 -0.064893793 0.750568854 0.638158993 -0.158708197
10078.838966664 19.046956990 27.225999406 1.436726363 -0.062281396 0.751161182 0.637505340 -0.159577095
10078.872350934 19.046148559 27.251192781 1.438676734 -0.056545192 0.752537432 0.636630208 -0.158719981
10078.905687642 19.048486742 27.273791501 1.440571036 -0.048597858 0.754422856 0.635682526 -0.156179797
10078.939043696 19.050880848 27.288197200 1.442258464 -0.042730326 0.755693247 0.635183629 -0.153764736
10078.972422987 19.052816285 27.305714151 1.443369560 -0.035824156 0.757089411 0.634684785 -0.150690004
10079.005786378 19.058519993 27.329185795 1.444569282 -0.024611208 0.758722224 0.634553932 -0.145176383
10079.039132505 19.062349001 27.341539793 1.446614446 -0.017774203 0.759365253 0.634813075 -0.141636327
10079.072512591 19.068244531 27.354770768 1.450215109 -0.008343122 0.759802584 0.635572849 -0.136665943
10079.105868592 19.077264330 27.368458653 1.453997325 0.004505635 0.760026540 0.636887676 -0.129280497
10079.139234655 19.083809868 27.376218419 1.455904062 0.013373358 0.760013107 0.637862497 -0.123825138
10079.172620998 19.094768930 27.381983714 1.459554426 0.027468588 0.759607441 0.639553660 -0.114948372
10079.205980148 19.104401056 27.389491979 1.462446669 0.042019614 0.758805316 0.641387026 -0.105221329
10079.239342580 19.110974248 27.393396891 1.464826671 0.051881651 0.757982658 0.642681408 -0.098646812
10079.272702741 19.119811622 27.396730620 1.469204824 0.065859916 0.756276091 0.644729805 -0.089623796
10079.306067454 19.126604847 27.396510977 1.473345619 0.077155110 0.754543000 0.646481176 -0.082304554
10079.339426150 19.133433986 27.397643632 1.477645356 0.089014345 0.752540437 0.648203685 -0.074775127
10079.372811580 19.141106946 27.397024858 1.483133814 0.103552102 0.749663222 0.650371366 -0.065567530
10079.406159132 19.148568152 27.394216258 1.487430553 0.117875414 0.746362199 0.652555039 -0.056751882
10079.439528133 19.154516493 27.391646533 1.490163941 0.128903338 0.743519082 0.654232180 -0.050433700
10079.472903775 19.163312210 27.385624484 1.493051693 0.143477737 0.739314296 0.656494338 -0.042938280
10079.506250052 19.171239253 27.380899397 1.495158410 0.154955643 0.735576242 0.658408279 -0.037614880
10079.539616424 19.179228606 27.374787638 1.496344645 0.165737503 0.731781469 0.660261523 -0.032888948
10079.572988551 19.188902421 27.366364418 1.496939108 0.178144149 0.727199995 0.662331482 -0.027601399
10079.606357599 19.197180869 27.360560929 1.496675806 0.188277083 0.723458282 0.663802410 -0.022939372
10079.639725988 19.205222700 27.352815426 1.496392642 0.198810120 0.719419525 0.665273820 -0.017911652
10079.673094370 19.212359882 27.344246532 1.495617688 0.208147788 0.715341495 0.666922741 -0.013232633
10079.706454617 19.216841415 27.336893389 1.495702196 0.212909383 0.712358526 0.668645917 -0.011294366
10079.739845556 19.219607215 27.331184346 1.495097667 0.214343538 0.710161042 0.670527949 -0.010973193
10079.773209659 19.221572749 27.327321343 1.495136459 0.213275643 0.708570575 0.672528089 -0.012133029
10079.806551814 19.222404863 27.325110920 1.495654653 0.208865193 0.707543416 0.674942359 -0.014507164
10079.839923154 19.220101339 27.323997317 1.495742735 0.204864582 0.707490769 0.676183539 -0.016221513
10079.873291659 19.218698512 27.325820386 1.497772495 0.198034233 0.707982250 0.677622824 -0.019258376
10079.906655617 19.212622607 27.329174407 1.499407015 0.185689195 0.709562757 0.679258326 -0.025462587
10079.940027211 19.206448471 27.332158370 1.500039695 0.175368168 0.711151721 0.680113478 -0.030901324
10079.973389888 19.198106303 27.338821482 1.501517431 0.159074316 0.713963208 0.680718322 -0.039679520
10080.006787021 19.193721111 27.347265305 1.502996381 0.146130743 0.716486178 0.680549197 -0.046326585
10080.040149916 19.185055230 27.352994172 1.502564850 0.133793480 0.719184902 0.679798246 -0.052409218
10080.073498108 19.175431114 27.360884961 1.501529971 0.119261628 0.722224814 0.678675190 -0.059732477
10080.106861088 19.164811456 27.366257100 1.499006172 0.105272020 0.724725794 0.677597260 -0.067470575
10080.140221643 19.155379998 27.371529331 1.497179909 0.090811537 0.726908175 0.676404838 -0.076382361
10080.173592301 19.144530043 27.377302575 1.494308076 0.074213087 0.729570418 0.674278998 -0.086989975
10080.206951059 19.133669288 27.381841155 1.490861803 0.061144296 0.732394490 0.671420884 -0.095150842
10080.240321887 19.127649904 27.384553295 1.488270871 0.053897794 0.734389242 0.669196894 -0.099714522
10080.273681078 19.118849182 27.387327137 1.483759443 0.044861391 0.737294606 0.665819242 -0.105208636
10080.307053046 19.109647479 27.388671718 1.478651217 0.036139646 0.740232534 0.662227237 -0.110475374
10080.340441061 19.105278330 27.390126708 1.476001215 0.031049433 0.742040429 0.659919678 -0.113657177
10080.373809013 19.098971738 27.391135396 1.471750467 0.023590182 0.744743735 0.656406702 -0.118027594
10080.407149166 19.093886631 27.391133582 1.467176300 0.016603655 0.747277358 0.653058783 -0.121717272
10080.440523115 19.091699452 27.390467828 1.464662969 0.011886698 0.748936574 0.650793238 -0.124180821
10080.473885459 19.088785186 27.388937114 1.461732654 0.005367780 0.750924242 0.647987187 -0.127265769
10080.507251850 19.085217173 27.384598514 1.457486686 -0.004016461 0.753133842 0.644518196 -0.131793702
10080.540637865 19.083815278 27.380528651 1.455299150 -0.010171121 0.754141999 0.642591044 -0.135067184
10080.573987957 19.080885273 27.372947113 1.451223848 -0.021131583 0.754830301 0.640081278 -0.141706144
10080.607354919 19.078401650 27.362923838 1.448012421 -0.034697880 0.754469667 0.637777189 -0.151035874
10080.640762848 19.075409137 27.350466182 1.445119982 -0.050996058 0.752958789 0.635487187 -0.163121118
10080.674094848 19.073572557 27.342320211 1.443035583 -0.061189346 0.751762917 0.633992807 -0.170767388
10080.707451855 19.071154746 27.326524770 1.438660070 -0.078648934 0.749535343 0.631063358 -0.183766575
10080.740847855 19.069445597 27.311926056 1.433923502 -0.092213509 0.748055101 0.628164260 -0.193183583
10080.774184826 19.068006354 27.301956017 1.430991580 -0.100528053 0.747431736 0.626052179 -0.198238694
10080.807549816 19.065377294 27.287864055 1.426697588 -0.111735208 0.746722303 0.622858299 -0.204862359
10080.840924816 19.061190832 27.274017788 1.422638340 -0.124121548 0.745876392 0.619087263 -0.212116029
10080.874293820 19.057271729 27.264527029 1.420107650 -0.133190593 0.745152487 0.616142233 -0.217662092
10080.907650802 19.052248346 27.250224203 1.416778715 -0.145993636 0.744086914 0.611669945 -0.225566846
10080.941040047 19.047457384 27.234547216 1.413796752 -0.158419995 0.742938260 0.607061770 -0.233284922
10080.974395047 19.044578829 27.223709806 1.411557665 -0.166393421 0.741964451 0.604109683 -0.238439666
10081.007800005 19.039924924 27.203636783 1.408233627 -0.180169290 0.739730679 0.599197529 -0.247588106
10081.041125005 19.035622577 27.181598824 1.404675132 -0.193711990 0.736882098 0.594580213 -0.256816682
10081.074486126 19.032769318 27.165297847 1.401685360 -0.203079213 0.734579170 0.591371799 -0.263498902
10081.107849167 19.027806290 27.139264228 1.397204231 -0.217715284 0.730403391 0.586522914 -0.274047099
10081.141223176 19.022532125 27.111252969 1.392297011 -0.234447085 0.724786808 0.580940394 -0.286752341
10081.174597190 19.018745122 27.092098158 1.389028792 -0.246458289 0.720251941 0.576903669 -0.296104053
10081.207950487 19.011402505 27.058186693 1.383361668 -0.268869255 0.710972573 0.569240446 -0.313357047
10081.241323487 19.004546067 27.025961158 1.378290892 -0.290882917 0.701111045 0.561145330 -0.330070219
10081.274695049 19.000612356 27.008102092 1.375267086 -0.303298482 0.695351914 0.556261718 -0.339217699
10081.308057030 18.993309572 26.970784880 1.368906992 -0.328207841 0.683329352 0.545887399 -0.356857896
10081.341417817 18.987709360 26.938670573 1.363834886 -0.349012249 0.673050125 0.536645228 -0.370413118
10081.374795823 18.984733397 26.918648497 1.360981424 -0.362052142 0.666467421 0.530448527 -0.378634104
10081.408151907 18.980798358 26.886005831 1.357776560 -0.383828612 0.654848796 0.519329479 -0.392613733
10081.441523914 18.976951186 26.856008754 1.355833524 -0.404696658 0.642782607 0.507771199 -0.406472071
10081.474894032 18.974411316 26.835357527 1.354863988 -0.420063482 0.633079341 0.498575497 -0.417348406
10081.508257198 18.971067986 26.805498710 1.354036790 -0.443554520 0.616850237 0.483526608 -0.434692065
10081.541615764 18.969040541 26.775880929 1.353719508 -0.468078194 0.598058195 0.466448973 -0.453491516
10081.574987381 18.968601948 26.756152189 1.353711263 -0.484133483 0.584714727 0.454514899 -0.465982472
10081.608343183 18.969588423 26.729119253 1.353792853 -0.504930656 0.566229120 0.438125090 -0.482157673
10081.641714387 18.973176984 26.703317495 1.354901283 -0.523015992 0.548967173 0.422991205 -0.496152955
10081.675073544 18.976572012 26.685388966 1.355389649 0.534663765 -0.537381825 -0.412708144 0.505002396
10081.708438741 18.982679384 26.659354551 1.356041897 0.550881059 -0.520586823 -0.397408225 0.517287272
10081.741815371 18.990703803 26.631404972 1.356767794 0.568204304 -0.501659827 -0.379564033 0.530483206
10081.775176693 18.996957696 26.611273054 1.356855035 0.580281358 -0.487723631 -0.366213683 0.539709870
10081.808530699 19.007037954 26.581639907 1.356116095 0.597147243 -0.467133813 -0.346189176 0.552588659
10081.841904037 19.018400461 26.551251836 1.355376513 0.613209887 -0.446303924 -0.325653307 0.564567414
10081.875270095 19.026861482 26.529791650 1.354908976 0.623853200 -0.431780137 -0.311186757 0.572307522
10081.908626310 19.039516069 26.497537461 1.354369704 0.638638895 -0.410552484 -0.289899177 0.582705317
10081.941990024 19.051640411 26.465314613 1.353767368 0.651793590 -0.390544767 -0.269657948 0.591544159
10081.975351809 19.059880948 26.442478217 1.353624539 0.660111510 -0.377482700 -0.255974388 0.596855693
10082.008747122 19.072106718 26.410295052 1.355070050 0.670893341 -0.360133289 -0.236961770 0.603369918
10082.042090433 19.084015174 26.378227213 1.355619475 0.680980763 -0.343268359 -0.217509022 0.609197718
10082.075461182 19.091953284 26.355330923 1.356132516 0.687883336 -0.331205162 -0.203277763 0.613023497
10082.108814563 19.102730675 26.321271170 1.356923127 0.697410866 -0.313499589 -0.182106234 0.618201756
10082.142176684 19.112786460 26.288354025 1.356975736 0.705600397 -0.297212811 -0.162410847 0.622426977
10082.175541285 19.119542983 26.265462658 1.356448295 0.710538795 -0.287004845 -0.149938204 0.624725039
10082.208907402 19.128730307 26.233739080 1.355167031 0.716558420 -0.274802037 -0.134768303 0.626789738
10082.242274470 19.136402621 26.201491242 1.353571810 0.721652483 -0.265667456 -0.122911253 0.627320748
10082.275637098 19.141227297 26.180562925 1.353549631 0.724501979 -0.261052228 -0.116857572 0.627130708
10082.309001352 19.146224076 26.152156099 1.352846811 0.728240941 -0.255545131 -0.109720423 0.626357124
10082.342385436 19.150702117 26.118352561 1.352745209 0.732188564 -0.249986012 -0.103013084 0.625136150
10082.375770843 19.152913131 26.096543044 1.353013893 0.734359900 -0.247225293 -0.099848335 0.624199889
10082.409104982 19.155405229 26.066824623 1.353002690 0.737001298 -0.244636295 -0.096855027 0.622576320
10082.442465523 19.155643878 26.035794832 1.352831080 0.739592799 -0.242506540 -0.094630628 0.620675530
10082.475831348 19.156218222 26.021567416 1.352607757 0.740929799 -0.241213578 -0.093400269 0.619770468
10082.509192946 19.152052841 25.987870531 1.353108538 0.744372803 -0.237867618 -0.090355456 0.617384821
10082.542561344 19.151518886 25.961013063 1.353920340 0.746906768 -0.235694608 -0.088839837 0.615374532
10082.575926563 19.136935843 25.943244461 1.355595372 0.748754094 -0.235095616 -0.087916343 0.613488447
10082.609292384 19.128979135 25.923386409 1.353242236 0.750505473 -0.235262355 -0.088259218 0.611231110
10082.642662704 19.114344999 25.898562061 1.344149087 0.752185198 -0.236555372 -0.090019154 0.608404089
10082.676035056 19.106648764 25.883654100 1.342109644 0.753151103 -0.238451876 -0.092031854 0.606163555
10082.709411228 19.095180207 25.858061078 1.339661317 0.754303760 -0.242778388 -0.096499447 0.602305860
10082.742785504 19.084343101 25.832935427 1.340279131 0.754924855 -0.248531825 -0.102222858 0.598223104
10082.776119341 19.077652921 25.822088141 1.337424569 0.754915280 -0.251663883 -0.105201777 0.596406569
10082.809483688 19.059917082 25.794028504 1.334689069 0.754905945 -0.258357887 -0.111660976 0.592368165
10082.842847225 19.045320313 25.763641202 1.332052456 0.754686664 -0.261520578 -0.114770826 0.590662919
10082.876210565 19.034914217 25.747261378 1.331126887 0.754415954 -0.263128190 -0.116033142 0.590047823
10082.909580338 19.017924774 25.722113842 1.330465024 0.753507566 -0.265508814 -0.117624030 0.589827098
10082.942949461 18.999901611 25.694801619 1.331974717 0.752133298 -0.268505150 -0.119546550 0.589838206
10082.976313225 18.990446147 25.681891428 1.333502851 0.751315889 -0.270504073 -0.120912367 0.589688207
10083.009682711 18.965164984 25.648083394 1.342617594 0.748799553 -0.278152548 -0.126279360 0.588203972
10083.043043746 18.943091025 25.622050800 1.354039564 0.746279896 -0.286798434 -0.132302850 0.585925704
10083.076406614 18.931534296 25.608795340 1.361556937 0.744944413 -0.291355101 -0.135203686 0.584713596
10083.109793057 18.906484095 25.578880518 1.380344777 0.742608528 -0.299490937 -0.139033173 0.582672746
10083.143146923 18.886474444 25.555733374 1.397938863 0.741221286 -0.304028397 -0.139270130 0.582032276
10083.176511614 18.874780384 25.542675729 1.409737374 0.740502451 -0.306052400 -0.138296341 0.582118692
10083.209880453 18.857744569 25.520258911 1.424159290 0.739480681 -0.308387877 -0.136696112 0.582562797
10083.243246009 18.838203508 25.495800246 1.441180113 0.737934129 -0.311843116 -0.135535013 0.582955703
10083.276610429 18.830283401 25.486060411 1.448449875 0.736964372 -0.313699561 -0.135406899 0.583216145
10083.309975755 18.812697472 25.466615544 1.463082303 0.734102347 -0.318737186 -0.136227622 0.583902719
10083.343340746 18.794715754 25.448441925 1.475285278 0.730187856 -0.325219291 -0.138953048 0.584594012
10083.376716644 18.787408396 25.442075007 1.479681085 0.728226633 -0.328365948 -0.140701572 0.584863097
10083.410075766 18.766485224 25.424837173 1.489753918 0.722498558 -0.337911324 -0.146555495 0.585092520
10083.443448600 18.748706369 25.412488026 1.496485466 0.717357873 -0.346259984 -0.152053809 0.585133612
10083.476816397 18.739804295 25.406954790 1.499410664 0.714698305 -0.350299574 -0.154722843 0.585284019
10083.510173168 18.714771675 25.390094959 1.505453304 0.708305437 -0.359548344 -0.160766129 0.585817931
10083.543546098 18.691165711 25.376123355 1.509486800 0.702655955 -0.366790166 -0.165223425 0.586890793
10083.576916657 18.679626745 25.370242616 1.511376481 0.699861762 -0.370257316 -0.167427301 0.587427556
10083.610283222 18.647858716 25.354140951 1.515490293 0.692554152 -0.379553668 -0.173404053 0.588420592
10083.643643513 18.619121137 25.341984239 1.519210882 0.685636361 -0.389312833 -0.180154684 0.588117836
10083.677013535 18.597884379 25.334389692 1.522177158 0.680268633 -0.397502923 -0.185958637 0.587065072
10083.710382521 18.566330719 25.324662953 1.527183505 0.671615590 -0.411106332 -0.195842792 0.584439633
10083.743749816 18.534706329 25.316856223 1.532737610 0.662289394 -0.426197354 -0.207106796 0.580375179
10083.777109587 18.512022040 25.313700357 1.536982686 0.654825803 -0.438188331 -0.216288630 0.576553018
10083.810480079 18.479730536 25.312853061 1.542390119 0.642744373 -0.457033702 -0.231057707 0.569747490
10083.843846173 18.445387558 25.313152989 1.548658787 0.629375021 -0.476996007 -0.246908304 0.561603224
10083.877214352 18.423396625 25.317071339 1.552531457 0.620610061 -0.489304887 -0.256630925 0.556385162
10083.910581185 18.393765366 25.321582296 1.557803883 0.609502753 -0.503943158 -0.268241397 0.550085667
10083.943933986 18.358106337 25.331956110 1.564550899 0.596847725 -0.518939024 -0.280578553 0.543829714
10083.977297594 18.335593443 25.339953217 1.568895042 0.589537873 -0.526971895 -0.287525057 0.540439691
10084.010700032 18.307420655 25.350727907 1.574267865 0.580643238 -0.536110214 -0.296113386 0.536429056
10084.044039018 18.269518672 25.363906655 1.582035695 0.569099886 -0.547292443 -0.307741645 0.530934441
10084.077414275 18.247585584 25.372220128 1.587067837 0.562294608 -0.553544349 -0.314944908 0.527468608
10084.110785481 18.213704240 25.385999685 1.594931913 0.551625738 -0.562789389 -0.326810516 0.521701098
10084.144128067 18.184949876 25.396852422 1.602239244 0.542845624 -0.569604102 -0.336736376 0.517183148
10084.177500721 18.156356361 25.408262223 1.609662644 0.534179542 -0.575766210 -0.346769640 0.512734146
10084.210887373 18.124475097 25.420302148 1.617118723 0.524869370 -0.582191467 -0.357757640 0.507518189
10084.244221720 18.087429827 25.437342796 1.624749050 0.513391958 -0.590179145 -0.371531074 0.500081928
10084.277593500 18.064332422 25.449576308 1.628338891 -0.505869974 0.595669982 0.380472438 -0.494483131
10084.310981115 18.030240261 25.467452647 1.631699884 -0.494622218 0.604088166 0.393662873 -0.485237974
10084.344322867 17.993584214 25.485386848 1.633984505 -0.483021314 0.612678555 0.406730054 -0.475274722
10084.377689426 17.969637882 25.500791428 1.635697258 -0.474953079 0.618514336 0.415501101 -0.468207672
10084.411078676 17.931851962 25.523738152 1.637619055 -0.462889107 0.627663623 0.427621625 -0.457068700
10084.444420276 17.898473485 25.550264935 1.640974126 -0.450494959 0.637259146 0.439145028 -0.445091808
10084.477777727 17.875708368 25.568913609 1.642577535 -0.441504811 0.644554151 0.446631786 -0.436054464
10084.511161452 17.847831396 25.592064301 1.644276540 -0.431034960 0.652997056 0.454854608 -0.425336329
10084.544495090 17.812126936 25.620817461 1.647105032 -0.419148847 0.662147328 0.463845042 -0.413186322
10084.577855240 17.791088347 25.638914403 1.648060153 -0.411278231 0.667783977 0.469207387 -0.405905414
10084.611243587 17.759356386 25.666586395 1.647812961 -0.397742100 0.676652220 0.477751319 -0.394584176
10084.644583763 17.732738856 25.692698492 1.647186467 -0.383615694 0.685125295 0.485936119 -0.383807788
10084.677951077 17.711270515 25.714754078 1.645797270 -0.371285425 0.691900664 0.492403649 -0.375445403
10084.711361120 17.687689827 25.744394731 1.643974676 -0.355806664 0.699392175 0.499892242 -0.366551428
10084.744683857 17.661941365 25.775097993 1.640619161 -0.341571784 0.705304971 0.505873149 -0.360507937
10084.778036554 17.650180913 25.789555926 1.638898546 -0.335640382 0.707403958 0.508106836 -0.358821150
10084.811441878 17.622951908 25.828801522 1.634096672 -0.321110644 0.711553646 0.513311785 -0.356497370
10084.844766344 17.599698968 25.860500189 1.628477664 -0.309624383 0.714161880 0.517347674 -0.355607838
10084.878131672 17.582119619 25.882713519 1.624513708 -0.301047868 0.716163300 0.520302157 -0.354634987
10084.911521392 17.568054937 25.917257770 1.619471079 -0.287144098 0.719321451 0.525533120 -0.352050930
10084.944865649 17.548530111 25.952442127 1.615484727 -0.270637343 0.723959943 0.531687365 -0.346332176
10084.978228132 17.537425390 25.968695272 1.614158694 -0.262210193 0.726465117 0.534804173 -0.342751724
10085.011679051 17.509407289 26.009351089 1.611920212 -0.240407036 0.733112438 0.542577153 -0.332205724
10085.044963405 17.490403547 26.042643304 1.612178895 -0.222848332 0.738324405 0.548795317 -0.322551382
10085.078327384 17.467898889 26.077753220 1.612497633 -0.204733825 0.743613445 0.554929457 -0.311731299
10085.111738879 17.457780471 26.098315583 1.611316752 -0.194190233 0.746600481 0.558346822 -0.305166678
10085.145066808 17.442775394 26.131032691 1.611564905 -0.178378576 0.751081945 0.563132398 -0.294854027
10085.178417640 17.425610565 26.170830841 1.611504235 -0.160549626 0.756105124 0.567785773 -0.283104532
10085.211796204 17.414494449 26.196815191 1.610806363 -0.149949376 0.759114091 0.570122323 -0.276082447
10085.245146221 17.400512633 26.233291728 1.610356329 -0.135826229 0.762947843 0.572947015 -0.266821182
10085.278514045 17.386142624 26.271800402 1.609655953 -0.121577292 0.766468241 0.575484644 -0.257997717
10085.311900551 17.375570582 26.298697928 1.608385653 -0.112041282 0.768629700 0.577054483 -0.252315793
10085.345256440 17.362137489 26.335842643 1.605330958 -0.099097923 0.771180775 0.579053858 -0.245268104
10085.378620189 17.348225139 26.373385379 1.601268894 -0.087520602 0.772958743 0.580628297 -0.240303362
10085.411994234 17.338867768 26.399055194 1.597298479 -0.080512616 0.773751970 0.581376576 -0.238383902
10085.445344605 17.323171008 26.435052982 1.591306190 -0.073270304 0.774024653 0.581884821 -0.238594540
10085.478704218 17.305154816 26.471494341 1.583957769 -0.068859576 0.773403370 0.581687149 -0.242375011
10085.512082832 17.292598339 26.495792745 1.579126915 -0.066999913 0.772722451 0.581225559 -0.246146043
10085.545442172 17.274151609 26.528682781 1.573900880 -0.064737806 0.772114391 0.580020563 -0.251444884
10085.578804299 17.256080882 26.561560512 1.570670717 -0.061029284 0.772545145 0.578243843 -0.255114648
10085.612192191 17.243980993 26.581819403 1.567877173 -0.058457259 0.773294618 0.576623110 -0.257106925
10085.645558936 17.223468689 26.612285110 1.565204556 -0.056809867 0.774423123 0.572962983 -0.262211528
10085.678903654 17.197040062 26.647174378 1.562742848 -0.059822450 0.774707882 0.567149647 -0.273112157
10085.712291208 17.183996147 26.662425761 1.561984967 -0.062746536 0.774458706 0.564067770 -0.279471172
10085.745655809 17.149852182 26.697908124 1.560574064 -0.072562383 0.773211836 0.555493967 -0.297160915
10085.779006598 17.120527103 26.725337793 1.559142525 -0.081293119 0.772129830 0.547859040 -0.311540409
10085.812386153 17.099158126 26.744275798 1.557784359 -0.087138843 0.771559407 0.542558158 -0.320520746
10085.845744751 17.066653839 26.771870848 1.554708589 -0.095486025 0.770952233 0.535145774 -0.331864543
10085.879106009 17.033272768 26.797477805 1.551380398 -0.103761539 0.770430746 0.528267290 -0.341472809
10085.912494637 17.016724318 26.808476383 1.549572840 -0.108035097 0.770147808 0.525047927 -0.345724524
10085.945827508 16.973325856 26.835081731 1.544403223 -0.119172887 0.769054106 0.517851576 -0.355222958
10085.979197553 16.934709160 26.853849903 1.539006446 -0.130689756 0.766968225 0.512191220 -0.363785765
10086.012585714 16.906952156 26.865686650 1.534836699 -0.139307647 0.764855256 0.508867095 -0.369654023
10086.045929961 16.868489827 26.874894608 1.529491760 -0.153156785 0.760851681 0.504426665 -0.378419686
10086.079306250 16.829894408 26.882630713 1.523235853 -0.166779928 0.756649254 0.501214153 -0.385293050
10086.112662762 16.799410400 26.890613088 1.518544229 -0.175542025 0.754031475 0.499842195 -0.388303119
10086.146026811 16.762082227 26.897615613 1.514129627 -0.186022613 0.751195051 0.498957437 -0.390055201
10086.179403052 16.720164096 26.900890210 1.511333538 -0.198748685 0.748105618 0.498933983 -0.389745848
10086.212781789 16.701702276 26.902410736 1.511212040 -0.204602762 0.746683170 0.499096286 -0.389236240
10086.246119118 16.656726312 26.905066939 1.514265355 -0.220290241 0.742328271 0.499702418 -0.388224731
10086.279497236 16.624479078 26.900330639 1.519280760 -0.234453215 0.737921421 0.500094666 -0.387825981
10086.312864129 16.597116511 26.900666899 1.522160462 -0.244999658 0.734195990 0.500258804 -0.388165615
10086.346223166 16.569315814 26.898463333 1.527640976 -0.257732281 0.729194556 0.500153151 -0.389481960
10086.379613794 16.520215832 26.895934450 1.534793247 -0.278733246 0.719980550 0.499111177 -0.393476580
10086.412950488 16.492912241 26.891753755 1.539023646 -0.290908074 0.714164304 0.498170283 -0.396444459
10086.446313399 16.460748430 26.888473245 1.544045021 -0.304272283 0.707661783 0.496784309 -0.399798111
10086.479681965 16.411356757 26.880218846 1.551015992 -0.324370251 0.697433542 0.494044090 -0.405328054
10086.513045139 16.383818802 26.873368706 1.554802312 -0.335813176 0.691237944 0.492193482 -0.408858401
10086.546415099 16.346488074 26.865976616 1.558846860 -0.350448467 0.683083682 0.489324822 -0.413695267
10086.579769094 16.301087262 26.854704964 1.562385015 -0.368304305 0.672427840 0.484943504 -0.420740464
10086.613133729 16.279500189 26.848460201 1.563472984 -0.376898656 0.667044690 0.482513775 -0.424475255
10086.646493970 16.228585153 26.836966638 1.563590295 -0.395391632 0.655163388 0.476307990 -0.433078620
10086.679874251 16.187472747 26.826191144 1.563431394 -0.410666750 0.644698588 0.470241220 -0.441123278
10086.713224822 16.167941265 26.818627482 1.563633456 -0.418501560 0.639072189 0.466923330 -0.445450093
10086.746605493 16.118755712 26.804555602 1.562206413 -0.435535719 0.626539697 0.458464075 -0.455595585
10086.779969566 16.083400452 26.790499764 1.562864407 -0.449195827 0.615864902 0.450762495 -0.464485418
10086.813330673 16.060031640 26.780392897 1.563532659 -0.458398952 0.608495417 0.444984556 -0.470736098
10086.846681692 16.024617442 26.765471607 1.563141945 -0.470910552 0.598579482 0.436117325 -0.479319867
10086.880059175 15.993725495 26.749169937 1.562843330 -0.482012600 0.590007265 0.427373548 -0.486731067
10086.913417437 15.978518329 26.743741407 1.560754239 -0.486697915 0.586724956 0.423256987 -0.489624845
10086.946781890 15.942898970 26.728390505 1.553198574 -0.496865778 0.580272797 0.413281449 -0.495586848
10086.980154765 15.913895876 26.714762110 1.544565767 0.505410406 -0.574976703 -0.404097158 0.500667154
10087.013526426 15.893169534 26.703927590 1.537367492 0.511633107 -0.570938961 -0.397187844 0.504481994
10087.046879618 15.859664843 26.689562577 1.521482933 0.521956332 -0.564084513 -0.385258987 0.510828506
10087.080254073 15.829528204 26.673875360 1.505036097 0.531795720 -0.558151204 -0.373307346 0.516044737
10087.113609761 15.809139241 26.664201130 1.493975258 0.537967214 -0.554962672 -0.365660709 0.518555643
10087.146972632 15.774044929 26.649470196 1.477428322 0.547153679 -0.551115495 -0.353986014 0.521141502
10087.180334540 15.739608762 26.635030541 1.463517879 0.555019569 -0.548910051 -0.343917036 0.521892811
10087.213688993 15.713937419 26.624440320 1.455146183 0.560140155 -0.547869097 -0.337423299 0.521754709
10087.247051282 15.677271330 26.608026435 1.445614589 0.566858817 -0.546505047 -0.328785729 0.521443438
10087.280426687 15.634379482 26.591225217 1.438058674 0.573315637 -0.544896414 -0.320596837 0.521166717
10087.313786173 15.605232218 26.578814177 1.433704970 0.577394501 -0.543374965 -0.315512918 0.521354808
10087.347154272 15.562588045 26.563859625 1.429292018 0.582380362 -0.541221553 -0.309399949 0.521712581
10087.380552350 15.519201643 26.548748415 1.426908270 0.586609184 -0.539674314 -0.305017648 0.521157878
10087.413893670 15.498443968 26.541269087 1.427924808 0.588181682 -0.539502024 -0.303802171 0.520273117
10087.447246868 15.445296078 26.524998354 1.429125925 0.590232440 -0.541448267 -0.303781436 0.515922746
10087.480620069 15.402748788 26.514545840 1.430381468 0.590876723 -0.544078396 -0.305686404 0.511272158
10087.513978363 15.374262756 26.507693473 1.431437361 0.591270092 -0.545859850 -0.307425414 0.507864467
10087.547348467 15.335581072 26.498703691 1.434454322 0.591707142 -0.548356537 -0.310595630 0.502710773
10087.580718155 15.298779652 26.491533779 1.436526308 0.591549608 -0.551198104 -0.314821635 0.497128806
10087.614081504 15.279430247 26.488634373 1.437833692 0.591456505 -0.552490915 -0.317147399 0.494318236
10087.647443758 15.236110644 26.482947093 1.440660243 0.590614409 -0.555878459 -0.323749233 0.487196257
10087.680817569 15.201389211 26.478268354 1.443982209 0.589318293 -0.558726137 -0.329704944 0.481480740
10087.714187018 15.182446986 26.476115823 1.446071375 0.588614760 -0.560033867 -0.332759440 0.478712740
10087.747546236 15.140424888 26.470656796 1.450641818 0.587504430 -0.562027811 -0.338661731 0.473573138
10087.780908001 15.105580222 26.465769297 1.455974894 0.587063730 -0.562525600 -0.342792100 0.470547238
10087.814266249 15.090284613 26.464076250 1.458118575 0.586943329 -0.562479417 -0.344562129 0.469458596
10087.847632171 15.048468880 26.458160751 1.465137553 0.585874469 -0.562106150 -0.349794995 0.467366286
10087.881001851 15.012688264 26.453575920 1.470105793 0.583215642 -0.562793669 -0.355892878 0.465255908
10087.914381472 14.987887352 26.450350064 1.473572039 0.580461661 -0.563692960 -0.360955595 0.463708491
10087.947735351 14.952734505 26.445344760 1.479295714 0.576247159 -0.564560476 -0.368066313 0.462317932
10087.981104414 14.915827373 26.440073371 1.485916495 0.572378989 -0.564444198 -0.374439993 0.462146873
10088.014482915 14.898960052 26.438307807 1.489624760 0.570649384 -0.564267490 -0.377107407 0.462332655
10088.047826092 14.857452901 26.433650822 1.500118976 0.567444459 -0.562733978 -0.381931995 0.464182299
10088.081198334 14.826246851 26.429524590 1.509389402 0.566943648 -0.559566609 -0.382965773 0.467757765
10088.114559472 14.806361983 26.426672551 1.514963176 0.567442697 -0.556736607 -0.382533979 0.470872479
10088.147930459 14.774976822 26.420677856 1.522834123 0.568460949 -0.552428124 -0.381480602 0.475550068
10088.181297128 14.743099577 26.414301972 1.528847214 0.568915433 -0.548885026 -0.380848023 0.479599043
10088.214663299 14.723460454 26.408742071 1.533308797 0.568981011 -0.546901484 -0.380749898 0.481859824
10088.248017658 14.693615819 26.399634463 1.539308475 0.569233322 -0.544042688 -0.380321121 0.485125576
10088.281393008 14.664156303 26.390037379 1.545610727 0.569571951 -0.541318166 -0.379632953 0.488304472
10088.314760026 14.643862271 26.382995111 1.550005507 0.569814999 -0.539457158 -0.378996781 0.490569343
10088.348127523 14.618807069 26.374021195 1.554418718 0.570017572 -0.537212854 -0.378260544 0.493357150
10088.381485991 14.584037913 26.360561116 1.560298458 0.569836003 -0.533993028 -0.377275794 0.497796496
10088.414849579 14.560802780 26.350681157 1.563051527 0.569130947 -0.532056576 -0.377032872 0.500851253
10088.448216602 14.527488960 26.338786870 1.565512215 0.567403786 -0.529931107 -0.377095749 0.504999764
10088.481586682 14.502747149 26.329385885 1.568123894 0.565364246 -0.528287793 -0.377320225 0.508826812
10088.514959654 14.473918834 26.318192064 1.569921303 0.563241364 -0.526532553 -0.377292735 0.513003731
10088.548318287 14.439930208 26.304825429 1.572525542 0.560987593 -0.523678177 -0.376460354 0.518971761
10088.581680218 14.413838982 26.293958684 1.576007517 0.559621781 -0.520364990 -0.374950128 0.524839158
10088.615050393 14.383244609 26.280797246 1.579798871 0.558827725 -0.516181814 -0.372681619 0.531390929
10088.648408510 14.348099166 26.265723091 1.586176075 0.557774066 -0.511170211 -0.370189290 0.539029680
10088.681772308 14.316981435 26.254185955 1.593655933 0.556265212 -0.507735354 -0.368855460 0.544719629
10088.715137494 14.284637370 26.242414667 1.602321295 0.554008540 -0.506048308 -0.368569248 0.548768035
10088.748513380 14.248198677 26.231312700 1.612621215 0.549805196 -0.506742929 -0.370253357 0.551215295
10088.781866130 14.216113013 26.221907100 1.621776409 0.544754412 -0.509022578 -0.373193654 0.552145943
10088.815243509 14.190591008 26.216548965 1.627343867 0.541501675 -0.510759229 -0.375107763 0.552444669
10088.848598824 14.155973990 26.208174275 1.636326897 0.538301693 -0.512077967 -0.376490840 0.553409514
10088.881971428 14.119864261 26.200328085 1.643943715 0.536990231 -0.511745990 -0.376064081 0.555277715
10088.915342225 14.095439141 26.195043341 1.649363966 0.537027801 -0.510725209 -0.374929631 0.556945844
10088.948699021 14.057424942 26.186717301 1.655649450 0.537667621 -0.508448479 -0.372741820 0.559872493
10088.982055379 14.020754922 26.176783644 1.660978750 0.538610766 -0.505548857 -0.370468134 0.563091606
10089.015432636 13.998708340 26.170456978 1.664329304 0.539179837 -0.503544427 -0.369164322 0.565195379
10089.048781872 13.948170828 26.154166529 1.670432190 0.540570356 -0.498532271 -0.366363718 0.570111298
10089.082147995 13.905574564 26.138025624 1.674782615 0.541936328 -0.493766673 -0.363759580 0.574611571
10089.115519226 13.884699633 26.128829256 1.676747532 0.542815909 -0.491259618 -0.362236685 0.576887736
10089.148874904 13.834114086 26.105792580 1.680980638 0.545817096 -0.484582399 -0.357474310 0.582645445
10089.182238662 13.793063727 26.088406763 1.682845136 0.549448335 -0.478179728 -0.352309166 0.587646941
10089.215603413 13.764173983 26.072852737 1.684788572 0.552595919 -0.473119852 -0.347772493 0.591480895
10089.248968002 13.722827241 26.053376694 1.686519019 0.557990818 -0.464885434 -0.340383857 0.597215715
10089.282339993 13.681982341 26.029593552 1.689317811 0.564203048 -0.455852106 -0.331932748 0.603070833
10089.315703669 13.655029523 26.012256333 1.692111051 0.569067014 -0.448928876 -0.325278027 0.607305362
10089.349070396 13.622999321 25.993104991 1.694468156 0.575008157 -0.440652114 -0.317043022 0.612107062
10089.382446139 13.576378338 25.959411323 1.697643229 0.585608454 -0.426112525 -0.302168098 0.619826826
10089.415805846 13.537506678 25.930574648 1.698918432 0.594431087 -0.414203296 -0.289396941 0.625569119
10089.449170718 13.511225538 25.909179365 1.698516872 0.600545089 -0.406259880 -0.280608454 0.628933543
10089.482535326 13.489636952 25.889075676 1.697120528 0.607075708 -0.398011399 -0.271397603 0.631972588
10089.515899607 13.447128238 25.855153504 1.694265935 0.616325748 -0.387071600 -0.258457493 0.635230567
10089.549271092 13.424329544 25.837621780 1.692084871 0.620846464 -0.381895574 -0.252453679 0.636374558
10089.582634459 13.387231630 25.807923686 1.687202898 0.627937863 -0.374158141 -0.243313984 0.637571981
10089.615998861 13.349560372 25.780721568 1.681753760 0.633983944 -0.367941516 -0.236164421 0.637894792
10089.649358353 13.322620784 25.761328905 1.676975290 0.637692506 -0.364630131 -0.232173519 0.637564579
10089.682728996 13.289944782 25.737187592 1.671022507 0.641431026 -0.362142681 -0.228636859 0.636509313
10089.716098335 13.248900353 25.709917719 1.662865523 0.644189362 -0.362106363 -0.227447446 0.634166151
10089.749469657 13.221504136 25.693715203 1.657441658 0.645091703 -0.363287133 -0.227731724 0.632469300
10089.782819732 13.175941767 25.668218272 1.649546172 0.646465887 -0.364515225 -0.228021213 0.630251406
10089.816182862 13.133151707 25.643580077 1.643321952 0.647853289 -0.364463010 -0.227894203 0.628901473
10089.849550993 13.101540972 25.626492172 1.640064527 0.648764085 -0.364227772 -0.228256908 0.627966621
10089.882916472 13.054146859 25.602886845 1.637850605 0.649544033 -0.364646065 -0.230293343 0.626171520
10089.916283758 13.004537214 25.580464707 1.637624441 0.649036500 -0.368099972 -0.235599206 0.622693380
10089.949645908 12.969966479 25.566653114 1.638050521 0.648141710 -0.371897366 -0.240603157 0.619447168
10089.983017968 12.920725722 25.549348110 1.638106555 0.646150354 -0.379155487 -0.249450066 0.613600440
10090.016406304 12.869418331 25.533543718 1.639058247 0.643860239 -0.387494995 -0.258749464 0.606910485
10090.049744991 12.845820271 25.527279478 1.639017188 0.643061445 -0.391113645 -0.262715705 0.603723905
10090.083117994 12.785355781 25.509358026 1.638694024 0.642243622 -0.397896357 -0.270601273 0.596637721
10090.116488039 12.735619904 25.496259335 1.637339785 0.642063295 -0.402158669 -0.275642576 0.591645418
10090.149844408 12.701050490 25.486365150 1.635637594 0.642176147 -0.404302873 -0.278373885 0.588775817
10090.183216372 12.655588765 25.476854692 1.631071063 0.641729546 -0.407354767 -0.282355265 0.585252756
10090.216578419 12.610496173 25.467474397 1.626273038 0.640621961 -0.410656468 -0.286653520 0.582060588
10090.249941200 12.580212323 25.462033737 1.622037641 0.639701622 -0.412642694 -0.289476606 0.580268158
10090.283305388 12.530098396 25.453367916 1.615424316 0.637397311 -0.416276307 -0.294613438 0.577617197
10090.316674644 12.483679121 25.447304797 1.609881832 0.634321390 -0.420112695 -0.299844657 0.575530085
10090.350045985 12.462411064 25.445030908 1.607406728 0.632568483 -0.422028386 -0.302454340 0.574691681
10090.383403225 12.413689494 25.441169610 1.603859956 0.627743092 -0.427046867 -0.308573195 0.573020216
10090.416766630 12.356657415 25.440698142 1.601563125 0.620619933 -0.433917069 -0.316220825 0.571446643
10090.450137688 12.333869788 25.441346517 1.601951038 0.617711100 -0.436541565 -0.318882355 0.571120392
10090.483505292 12.288621532 25.444748808 1.604238171 0.612055354 -0.441281157 -0.323191494 0.571144852
10090.516867142 12.233009690 25.448303311 1.608015410 0.606439076 -0.445495862 -0.326365245 0.572058398
10090.550247455 12.204326084 25.451358434 1.610288746 0.603598810 -0.447676872 -0.327816928 0.572529437
10090.583605888 12.158850747 25.457083914 1.614865820 0.598623517 -0.452386776 -0.331289710 0.572051762
10090.616984240 12.111716502 25.464271495 1.619619629 0.592216579 -0.459811718 -0.337593238 0.569107647
10090.650367537 12.090709176 25.468334810 1.621685229 0.588572216 -0.464208426 -0.341701276 0.566862877
10090.683704920 12.029811659 25.480588667 1.627594559 0.575663925 -0.479653985 -0.356928853 0.557803634
10090.717067297 11.978079138 25.493996957 1.631587236 0.562438822 -0.494614781 -0.372270258 0.548118276
10090.750459320 11.945608311 25.504011798 1.634168405 0.552964582 -0.504778765 -0.382887493 0.541133752
10090.783802751 11.896068810 25.524640265 1.638062521 0.536371064 -0.521555235 -0.400161332 0.529298712
10090.817167874 11.847770146 25.548020464 1.641247014 0.518566816 -0.538207722 -0.416828441 0.517373130
10090.850553713 11.825491864 25.561037688 1.642692486 0.509456355 -0.546190780 -0.424681304 0.511640151
10090.883903823 11.772195708 25.594636004 1.645477378 -0.487160978 0.564440812 0.442166289 -0.498567673
10090.917268828 11.732014468 25.628278868 1.648286439 -0.466585448 0.580139762 0.456284054 -0.487381512
10090.950661862 11.705443648 25.653310236 1.650658808 -0.451141549 0.591476573 0.465882033 -0.479145801
10090.983998927 11.670657653 25.692267085 1.654277228 -0.426687254 0.608887602 0.479827133 -0.465789434
10091.017398051 11.643448891 25.738191688 1.658659714 -0.397646656 0.628739857 0.494575665 -0.449397642
10091.050760458 11.625374793 25.770718436 1.661093592 -0.376024702 0.642873555 0.504428126 -0.436888181
10091.084115977 11.611820391 25.816762297 1.664165321 -0.347138229 0.660595553 0.516088924 -0.420429290
10091.117477946 11.595647785 25.873272304 1.664383683 -0.311022220 0.681529638 0.528128898 -0.399827961
10091.150853243 11.587855424 25.911429397 1.663627734 -0.286992628 0.694981181 0.534917994 -0.385355848
10091.184193270 11.582310591 25.962596656 1.661588243 -0.253604721 0.712997717 0.542854621 -0.364180946
10091.217569270 11.575847837 26.013424113 1.657560333 -0.220023679 0.730154266 0.549234885 -0.341768006
10091.250956233 11.578151936 26.064297864 1.653621762 -0.187491853 0.745803808 0.554028737 -0.318866184
10091.284291784 11.581851429 26.113193572 1.648410273 -0.154045141 0.760373037 0.557933866 -0.294640019
10091.317656791 11.590333082 26.172907607 1.639721118 -0.111495807 0.776493801 0.561715327 -0.262872505
10091.351048753 11.603042597 26.207752311 1.633440787 -0.083560144 0.785282364 0.563763062 -0.241910150
10091.384408414 11.619901200 26.247230023 1.625357440 -0.046595506 0.794670266 0.565895696 -0.214686025
10091.417757824 11.650068503 26.289200980 1.613727086 -0.001030102 0.802717341 0.568033904 -0.181607524
10091.451148261 11.671911547 26.311423604 1.606333698 0.028032521 0.805894960 0.568979588 -0.161275290
10091.484504975 11.704783116 26.331665093 1.596526686 0.065291910 0.807624663 0.569942421 -0.136546720
10091.517863598 11.753272973 26.348894190 1.584823018 0.111061709 0.806522093 0.570383506 -0.108858009
10091.551264139 11.781937975 26.356050501 1.578406535 0.138449421 0.804284269 0.570214226 -0.093884555
10091.584600361 11.826825234 26.359935044 1.569310032 0.177202583 0.799217423 0.569439764 -0.074760352
10091.617962032 11.871186918 26.354587180 1.561882612 0.215409811 0.792060764 0.568226247 -0.057942147
10091.651349194 11.901616335 26.347547133 1.556479464 0.241883444 0.785729098 0.567338899 -0.047421067
10091.684694979 11.942517356 26.330748212 1.548514405 0.276411166 0.775904491 0.566042523 -0.034131371
10091.718056371 11.989055498 26.302959978 1.538265969 0.322309590 0.760749678 0.563144207 -0.015654318
10091.751511087 12.016854753 26.281119794 1.531057027 0.351486182 0.749511517 0.560962959 -0.003241710
10091.784791159 12.051104551 26.244741583 1.519841026 0.388606670 0.733199393 0.557869014 0.013626036
10091.818165247 12.087464922 26.190855727 1.506582877 0.435029532 0.709498340 0.553201421 0.036463688
10091.851536785 12.106169452 26.154693735 1.499392740 0.462694204 0.693063015 0.550455160 0.050762661
10091.884888854 12.124403070 26.106375597 1.491604168 0.495039918 0.671030329 0.547720831 0.068232463
10091.918247148 12.139376381 26.039935065 1.484323330 0.532379674 0.641085750 0.545424585 0.089960916
10091.951619473 12.142797773 25.997201472 1.480610065 0.552817613 0.622222090 0.544609659 0.103114867
10091.984988694 12.140165871 25.934701469 1.477098876 0.580354114 0.594139433 0.543195702 0.122987261
10092.018374317 12.128654035 25.872486919 1.475738125 0.606230823 0.564858572 0.540793448 0.144780622
10092.051729971 12.115938506 25.830182816 1.476034370 0.623055484 0.543872654 0.538602506 0.160971243
10092.085085135 12.090884127 25.770604050 1.478886354 0.644107077 0.512941452 0.536318364 0.185417781
10092.118433991 12.064202914 25.716256169 1.487129923 0.660327992 0.483865335 0.534839888 0.209254809
10092.151821603 12.041415189 25.681395564 1.492232427 0.670020807 0.463550413 0.533597556 0.226862911
10092.185158104 12.010763600 25.641142062 1.500570659 0.680611851 0.438638963 0.531044455 0.249710143
10092.218523706 11.969264103 25.597019166 1.512488062 0.691276033 0.408104890 0.526713475 0.279572462
10092.251901236 11.942722594 25.573918482 1.521065249 0.696099709 0.390185285 0.523584917 0.298428339
10092.285250683 11.903895539 25.546413735 1.535001300 0.701435702 0.365339503 0.517672347 0.326389866
10092.318614813 11.868168586 25.527047104 1.551168706 0.704263246 0.343360685 0.511069581 0.353446749
10092.352000562 11.843383310 25.520362551 1.562582089 0.704595304 0.330084972 0.506499467 0.371547654
10092.385340806 11.808379644 25.511415898 1.579227580 0.702349425 0.312840657 0.500559253 0.397839721
10092.418701103 11.776169427 25.509988767 1.594171731 0.697181618 0.298558949 0.495759950 0.423110407
10092.452095347 11.757485395 25.510335990 1.602728049 0.692385867 0.290981545 0.493167216 0.438996183
10092.485425272 11.729777606 25.518708123 1.614995376 0.683731596 0.281454363 0.489180800 0.462597763
10092.518788350 11.707926303 25.539306609 1.627764023 0.676144540 0.272413502 0.482439208 0.485666404
10092.552164649 11.692478370 25.555821576 1.637341443 0.671329810 0.266020653 0.476528771 0.501467475
10092.585518400 11.675971978 25.593519047 1.650362663 0.663907114 0.258931142 0.467888734 0.522744813
10092.618896134 11.680176173 25.621534183 1.667112923 0.654227426 0.256333129 0.462087183 0.541068607
10092.652272920 11.686602140 25.645612175 1.675210919 0.646330594 0.257714505 0.460065886 0.551524594
10092.685633001 11.701250105 25.679820842 1.687757495 0.634566032 0.262230071 0.457808907 0.564776367
10092.718984926 11.705464071 25.699943282 1.697193120 0.625141625 0.266269089 0.453639003 0.576637127
10092.752392621 11.719476487 25.718694120 1.702449432 0.620088656 0.269223683 0.449589434 0.583847590
10092.785712314 11.742478924 25.748877711 1.712260590 0.613806770 0.274588856 0.443108437 0.592871927
10092.819088913 11.768030513 25.771919568 1.720092459 0.607945135 0.282729725 0.437594202 0.599147669
10092.852455381 11.787406540 25.788522536 1.725507954 0.603903656 0.289702323 0.434348874 0.602257414
10092.885817165 11.820291317 25.813329006 1.734373537 0.598814069 0.300860318 0.429860512 0.605082408
10092.919185184 11.860152032 25.843903145 1.741591903 0.594278474 0.313250028 0.425728189 0.606187285
10092.952553580 11.891914794 25.857374567 1.744147849 0.591776352 0.322749373 0.423244623 0.605390436
10092.985920665 11.929625488 25.878779570 1.750582428 0.588786814 0.337728723 0.419850892 0.602490353
10093.019304887 11.980250474 25.891935210 1.756102127 0.586850187 0.352499880 0.417075104 0.597828612
10093.052640447 12.011451849 25.903346114 1.758256659 0.586358937 0.361680766 0.414503350 0.594606755
10093.086007631 12.055098638 25.917592276 1.758692189 0.586880648 0.372164147 0.409816060 0.590860178
10093.119375382 12.098836287 25.930755951 1.757402385 0.588644316 0.380307585 0.403919707 0.587973537
10093.152756434 12.126246454 25.940557298 1.755104480 0.589618557 0.384829888 0.400218743 0.586584071
10093.186107869 12.180721393 25.939358935 1.747879976 0.590936066 0.390890554 0.395472043 0.584466427
10093.219475540 12.225772724 25.951813815 1.741425315 0.591081119 0.396659277 0.392677593 0.582313349
10093.252842029 12.247517940 25.958889800 1.738168679 0.590699132 0.399552291 0.391730795 0.581360031
10093.286218013 12.299494950 25.976508104 1.727507138 0.589861395 0.405449478 0.390384079 0.579028951
10093.319561096 12.340200958 25.990228166 1.717657249 0.590603120 0.407202620 0.388518802 0.578296742
10093.352924682 12.356934255 25.996279135 1.713457889 0.591334569 0.407123253 0.387030844 0.578602808
10093.386291473 12.403020655 26.010252744 1.706190791 0.595275466 0.404002645 0.382319759 0.579879801
10093.419653780 12.437246368 26.021662967 1.702733769 0.599484925 0.399070578 0.377626853 0.582029603
10093.453009340 12.452473272 26.027430226 1.700915596 0.601215721 0.396528318 0.375543626 0.583328325
10093.486370794 12.493082308 26.039053246 1.699852609 0.604431438 0.390367965 0.371523158 0.586724834
10093.519741781 12.525537317 26.047986873 1.699733891 0.605796664 0.386446043 0.369571553 0.589140666
10093.553107284 12.540705409 26.051444128 1.700184917 0.606111637 0.385046050 0.369061215 0.590052576
10093.586462529 12.579489627 26.060199729 1.702185151 0.606741590 0.382283326 0.368242537 0.591710685
10093.619832955 12.612623220 26.066401802 1.704006332 0.606951845 0.380646462 0.368325628 0.592498068
10093.653197305 12.629850681 26.069641562 1.704815665 0.606975271 0.379893303 0.368538984 0.592824692
10093.686560603 12.672317679 26.075147354 1.704518447 0.607568607 0.377017564 0.369437371 0.593493196
10093.719923606 12.706406718 26.077440992 1.702943116 0.607971608 0.374588383 0.371095472 0.593584213
10093.753292124 12.741474203 26.078628957 1.700442049 0.607615047 0.373143534 0.374299740 0.592846997
10093.786648160 12.766263076 26.078867796 1.698574471 0.606558396 0.373256302 0.377668032 0.591720799
10093.820034423 12.803326751 26.078430097 1.695968588 0.603957228 0.374545684 0.383709493 0.589676370
10093.853383426 12.842979164 26.078297999 1.693407284 0.601231519 0.375490436 0.389732015 0.587908624
10093.886758538 12.869524944 26.076899677 1.692405386 0.600171831 0.374890277 0.392679013 0.587413182
10093.920107453 12.908215446 26.075155672 1.692872906 0.599679716 0.372387854 0.395294791 0.587752969
10093.953460187 12.947360818 26.073567259 1.696151605 0.599772637 0.369346238 0.396873168 0.588513236
10093.986828922 12.975344787 26.073723596 1.700067140 0.599631261 0.367938646 0.398170991 0.588662353
10094.020223295 13.016509183 26.073417695 1.707776618 0.598516050 0.367869660 0.401360752 0.587673377
10094.053574953 13.057369464 26.074008450 1.715807360 0.595924471 0.370834573 0.406554460 0.584866836
10094.086924387 13.086506994 26.074635536 1.721068412 0.593513165 0.374088652 0.411054576 0.582094442
10094.120299203 13.128386221 26.076387872 1.727245326 0.589889024 0.379482815 0.417805692 0.577461806
10094.153656527 13.170665143 26.078284248 1.731740399 0.587024778 0.384295159 0.423796476 0.572813832
10094.187010870 13.200131872 26.079683535 1.733701601 0.585518612 0.387188266 0.427377498 0.569738253
10094.220381242 13.243331947 26.081979743 1.734637642 0.583677995 0.391142347 0.431835029 0.565549441
10094.253744043 13.286089976 26.085538915 1.733302797 0.582168273 0.394850769 0.435342789 0.561827045
10094.287113600 13.316659831 26.088297863 1.731223269 0.581168415 0.397492634 0.437436000 0.559368058
10094.320481155 13.361026271 26.092538928 1.727049545 0.579916810 0.401287679 0.439820095 0.556078211
10094.353841185 13.407751221 26.098263784 1.721164426 0.578874021 0.405271296 0.441494647 0.552939889
10094.387207445 13.439339540 26.102296968 1.716973878 0.578661440 0.407324100 0.441929488 0.551304220
10094.420578417 13.486285720 26.108382782 1.710718597 0.580159068 0.408064806 0.440481028 0.550340835
10094.453952578 13.531963649 26.114505461 1.705788952 0.583675704 0.405925287 0.436556248 0.551331095
10094.487312560 13.554176456 26.118103355 1.704268374 0.586091463 0.403983816 0.434014225 0.552200621
10094.520686941 13.609299066 26.127101794 1.702373376 0.592709514 0.397767567 0.426907659 0.555181273
10094.554038457 13.655657505 26.135168643 1.702588841 0.596998140 0.393549689 0.422593977 0.556889751
10094.587401336 13.687316155 26.141352770 1.703123525 0.598669690 0.391887939 0.421261708 0.557276429
10094.620774130 13.731372838 26.149953192 1.703070726 0.599534604 0.390974750 0.421559200 0.556762826
10094.654136149 13.773363943 26.158174741 1.702125741 0.598879543 0.391666551 0.423887260 0.555211848
10094.687496367 13.802671953 26.164048581 1.701652744 0.598388774 0.392378217 0.425698098 0.553851370
10094.720873140 13.844311737 26.172692346 1.701584170 0.598045162 0.393122624 0.427793434 0.552077318
10094.754256501 13.886430843 26.181832082 1.702718166 0.599217710 0.392407362 0.428073453 0.551096831
10094.787597987 13.913768305 26.188209904 1.703795340 0.600701883 0.391198267 0.427344216 0.550906602
10094.820970623 13.957859016 26.198070919 1.705184987 0.603057027 0.389539158 0.426386738 0.550250684
10094.854328567 13.998886747 26.207938682 1.705696898 0.603991439 0.389665859 0.427164726 0.548529997
10094.887697369 14.021795612 26.213364069 1.705194601 0.603623738 0.390836943 0.428730521 0.546877507
10094.921066192 14.072289695 26.225937556 1.702148151 0.600012121 0.396609171 0.435503236 0.541316498
10094.954437857 14.115029357 26.237435547 1.696909574 0.594927131 0.403557113 0.443440452 0.535316664
10094.987822770 14.144747305 26.244874367 1.692361615 0.591140275 0.408456488 0.449102458 0.531058806
10095.021196359 14.186220214 26.255195463 1.685001877 0.586738206 0.413908080 0.455850088 0.525945888
10095.054533754 14.226919931 26.265227331 1.677675638 0.584111266 0.417206447 0.460313187 0.522364412
10095.087898014 14.253676195 26.271865781 1.673684202 0.583239646 0.418335909 0.462175261 0.520788450
10095.121261722 14.292984815 26.281476142 1.669053858 0.583372597 0.418378244 0.463130711 0.519755715
10095.154628641 14.331678074 26.291177273 1.666472332 0.584528168 0.417213287 0.462811550 0.519678134
10095.187986689 14.356957025 26.297988713 1.665080271 0.585243933 0.416573992 0.462368796 0.519779515
10095.221357394 14.394184836 26.307798893 1.664766071 0.585425851 0.416671506 0.462424397 0.519446923
10095.254730003 14.431899466 26.319475346 1.665717387 0.584027904 0.418854013 0.463629263 0.518189762
10095.288099033 14.447891048 26.325230396 1.666347718 0.583142606 0.420159612 0.464231078 0.517590676
10095.321457771 14.492973515 26.341382781 1.668433592 0.580820356 0.423846350 0.465248923 0.516280375
10095.354825873 14.527667957 26.354761069 1.669782832 0.579516091 0.426373625 0.464718065 0.516143152
10095.388242696 14.543807477 26.361628765 1.669658487 0.579160566 0.427370347 0.464004527 0.516359782
10095.421546625 14.584724643 26.379376574 1.669667548 0.578877649 0.429213387 0.461301980 0.517568371
10095.454914388 14.619609750 26.393937144 1.668025883 0.579210545 0.430184977 0.458311280 0.519044123
10095.488280178 14.643751464 26.403758054 1.666119469 0.579527565 0.430699992 0.456215337 0.520108532
10095.521646109 14.677907921 26.417308019 1.662150291 0.580236287 0.431202482 0.453039376 0.521675756
10095.555022970 14.712482829 26.431024122 1.656925480 0.581472862 0.431088617 0.449485649 0.523464007
10095.588385914 14.730242702 26.437437130 1.654090201 0.582367180 0.430782167 0.447513259 0.524411170
10095.621739029 14.772939044 26.452462703 1.648347952 0.585715933 0.428599393 0.441347493 0.527685321
10095.655105876 14.809481682 26.464105596 1.644765107 0.589726842 0.425482790 0.434809146 0.531156902
10095.688470414 14.833976374 26.472094142 1.642907267 0.592391447 0.423312583 0.430438435 0.533480632
10095.721835754 14.868671469 26.483114277 1.641010872 0.595055481 0.421503739 0.425521203 0.535887375
10095.755218896 14.902177222 26.493667195 1.638940567 0.596489079 0.421106792 0.422068779 0.537333968
10095.788563036 14.925316872 26.500980085 1.638010768 0.596898686 0.421452909 0.420463706 0.537865854
10095.821938792 14.961125074 26.512212895 1.636197131 0.597095094 0.422603225 0.418198069 0.538511224
10095.855317046 14.994410522 26.521753563 1.634627989 0.597576719 0.423307265 0.415652249 0.539394320
10095.888680066 15.017697791 26.528270957 1.633525348 0.598036133 0.423532030 0.413583064 0.540298484
10095.922041266 15.052440761 26.537948074 1.632507685 0.598978748 0.423618761 0.410241313 0.541732102
10095.955411291 15.088057034 26.547162295 1.631452501 0.600376540 0.423205735 0.406415926 0.543388453
10095.988758293 15.113640388 26.553511636 1.630562710 0.601528366 0.422735156 0.403618074 0.544565021
10096.022147150 15.151156014 26.561844006 1.628520163 0.602997617 0.422328400 0.399992914 0.545928809
10096.055483965 15.188678496 26.569922117 1.625918311 0.603339348 0.423419952 0.397974204 0.546181022
10096.088847124 15.213909867 26.574358202 1.623648800 0.602874331 0.425141493 0.397672451 0.545576643
10096.122218706 15.253048952 26.582149926 1.622411898 0.601169095 0.428636250 0.398665300 0.543996934
10096.155586468 15.293400108 26.589919042 1.620830017 0.598959519 0.432663958 0.400482295 0.541907119
10096.188944354 15.318803347 26.594876895 1.620655444 0.597618636 0.434934951 0.401706870 0.540661765
10096.222318303 15.352795079 26.601881938 1.621424912 0.595905276 0.437605407 0.403154655 0.539318768
10096.255689650 15.400675766 26.609858948 1.625815957 0.594745577 0.439605191 0.404126657 0.538244015
10096.289041824 15.427023214 26.613950126 1.628287819 0.594607827 0.440065450 0.404066791 0.538065015
10096.322408787 15.457942280 26.618004915 1.632062013 0.594751976 0.440170447 0.403611174 0.538161764
10096.355770606 15.504374963 26.622416621 1.635512629 0.596783118 0.438118124 0.401197886 0.539391023
10096.389135008 15.528996410 26.625729718 1.637814869 0.598962638 0.435570812 0.398854429 0.540774417
10096.422504717 15.565857274 26.631209300 1.640138425 0.603063217 0.430590140 0.394465113 0.543418956
10096.455878282 15.601158183 26.637733696 1.641716553 0.606482336 0.426497171 0.391015159 0.545331537
10096.489237159 15.617900236 26.641031974 1.642527834 0.607610277 0.425194920 0.390119654 0.545734081
10096.522598373 15.657430001 26.651935535 1.643840992 0.608126998 0.425024983 0.390748300 0.544840421
10096.555962002 15.694392013 26.663931321 1.645511105 0.606444482 0.427546361 0.394490109 0.542039438
10096.589334828 15.715933623 26.671979917 1.645979791 0.604848111 0.429648731 0.397539299 0.539928918
10096.622703284 15.750090908 26.685286658 1.645720137 0.602218047 0.432921515 0.402471003 0.536590604
10096.656062160 15.774526187 26.695392962 1.645751493 0.600257644 0.435173855 0.406247196 0.534113932
10096.689429826 15.797790082 26.706477072 1.645560227 0.598721658 0.436729234 0.409456638 0.532113911
10096.722814254 15.834567915 26.725154955 1.644738705 0.596010067 0.439088427 0.414937085 0.528961784
10096.756212631 15.864682785 26.741314969 1.644004111 0.594490257 0.439962056 0.418789715 0.526905967
10096.789526745 15.884222318 26.752978123 1.643626306 0.593895448 0.439824509 0.420978713 0.525946310
10096.822897699 15.913246760 26.771411917 1.643101855 0.593741733 0.438626802 0.423535440 0.525066676
10096.856261020 15.938745805 26.790727223 1.644705546 0.594062675 0.436741840 0.425392407 0.524773668
10096.889632939 15.950509808 26.799944996 1.645503020 0.594288707 0.435778134 0.426240422 0.524630778
10096.922999925 15.978179461 26.824443231 1.647954139 0.594558449 0.433533733 0.428691973 0.524186938
10096.956366835 15.998370881 26.844704303 1.649092650 0.593160240 0.433405580 0.432400990 0.522828765
10096.989734835 16.009408536 26.855888586 1.649779472 0.591526706 0.434422456 0.435309066 0.521420467
10097.023120761 16.028439833 26.881234557 1.648359917 0.584764847 0.439842368 0.445041756 0.516262144
10097.056461605 16.047595563 26.905704660 1.648572634 0.576789943 0.446849974 0.455350424 0.510190606
10097.089831653 16.057522026 26.917687069 1.648468530 0.572895568 0.450337959 0.460179766 0.507169570
10097.123195360 16.079824417 26.950272841 1.649374527 0.563320949 0.458631156 0.471559730 0.499958391
10097.156561035 16.095909178 26.971908085 1.650061868 0.557923219 0.463327051 0.477839491 0.495700663
10097.189941597 16.114097309 26.998236730 1.650816017 0.552035981 0.468657267 0.484576707 0.490715862
10097.223294889 16.124957822 27.023807870 1.649562446 0.545478253 0.474894218 0.491815923 0.484815486
10097.256658106 16.142875663 27.054197367 1.648353628 0.538025593 0.482621216 0.499895824 0.477189050
10097.290032485 16.158351180 27.076792476 1.647549627 0.532251073 0.488746463 0.506014529 0.470940534
10097.323391413 16.177167253 27.105955209 1.647030564 0.523286996 0.498182931 0.515026487 0.461229015
10097.356758395 16.199892057 27.143484072 1.647351188 0.509610741 0.512083242 0.528039787 0.446364906
10097.390163999 16.214837193 27.169293299 1.648353906 0.498951037 0.522461687 0.537553568 0.434876775
10097.423481231 16.234399022 27.206956667 1.651264680 0.483013665 0.537529485 0.551195884 0.417064684
10097.456852275 16.250989554 27.242560242 1.654519403 0.469876910 0.550154416 0.562347614 0.400388524
10097.490235716 16.263784604 27.267915604 1.656474983 0.462454661 0.557744552 0.568609527 0.389538069
10097.523585744 16.280185342 27.300442620 1.659511798 0.454964605 0.566433089 0.575076676 0.376095176
10097.556962253 16.297011578 27.339721645 1.663021755 0.446459825 0.576847443 0.581954555 0.359512932
10097.590340030 16.306938610 27.365183893 1.665197812 0.439453723 0.584623203 0.587073157 0.347046457
10097.623692152 16.317002394 27.397975815 1.667647977 0.427879290 0.595914331 0.594813820 0.328636490
10097.657054155 16.327551863 27.442349056 1.669189443 0.407971257 0.612408451 0.607001930 0.300106646
10097.690451208 16.333134729 27.470769993 1.668990435 0.393771358 0.622719591 0.615099185 0.280744405
10097.723791188 16.339408616 27.512188068 1.667775581 0.372956379 0.636341783 0.626168892 0.252755205
10097.757168350 16.342117582 27.547062171 1.665998353 0.355772318 0.646644212 0.634591820 0.229282672
10097.790530923 16.343381015 27.583080574 1.663470755 0.338426611 0.656225063 0.642185291 0.205995504
10097.823885911 16.343118649 27.627689856 1.658773979 0.317636990 0.666905667 0.650062724 0.178219047
10097.857248238 16.338075072 27.670809332 1.653719179 0.297708877 0.676059781 0.656642036 0.152098103
10097.890634037 16.333585508 27.701705781 1.649964646 0.283877474 0.681860854 0.660594437 0.134515228
10097.923986956 16.326262152 27.745355579 1.644719379 0.264261371 0.689471264 0.665253331 0.110604296
10097.957345930 16.315705823 27.788301024 1.640533253 0.244361316 0.696576716 0.668821692 0.088011191
10097.990746672 16.304482767 27.828429303 1.637855419 0.225362974 0.702863572 0.671198826 0.068457760
10098.024115162 16.296194509 27.855187194 1.636596701 0.211954269 0.707060860 0.672306650 0.056072247
10098.057447642 16.284138478 27.892038371 1.635462666 0.193598397 0.712705672 0.672953305 0.041281168
10098.090829552 16.272303584 27.927998500 1.634140637 0.176796921 0.718230555 0.672267364 0.030729621
10098.124187579 16.266706232 27.945567799 1.633891548 0.169284337 0.721005657 0.671380367 0.027240729
10098.157551556 16.254501398 27.982429368 1.633237937 0.154156738 0.727291127 0.668393384 0.023099808
10098.190927364 16.241962510 28.009516533 1.633595979 0.142860199 0.732555360 0.665143269 0.023195684
10098.224281275 16.236688060 28.028834184 1.633697275 0.135991539 0.736068881 0.662629430 0.025122540
10098.257643547 16.232076540 28.055409922 1.632725717 0.127878830 0.740750267 0.658781065 0.030717334
10098.291046262 16.224915619 28.076077599 1.632740481 0.122626591 0.744566956 0.654894390 0.041183794
10098.324378044 16.225310395 28.091045580 1.632505558 0.121727261 0.746435233 0.652172274 0.051848257
10098.357742021 16.222581570 28.102055936 1.632159195 0.125503631 0.747608101 0.648135941 0.072462184
10098.391159079 16.229072330 28.116272356 1.632325781 0.134321823 0.746692771 0.643843333 0.099364561
10098.424480222 16.237001643 28.125156499 1.632772189 0.142303005 0.744757245 0.640743104 0.120560254
10098.457843172 16.252511044 28.136051281 1.633248410 0.154695705 0.740383730 0.636124009 0.152471036
10098.491267155 16.270004967 28.143862685 1.635300827 0.167909943 0.733559352 0.631642098 0.186346956
10098.524584155 16.283118196 28.146778043 1.636866863 0.176712362 0.727842494 0.628669201 0.209267963
10098.557948146 16.303062230 28.144985011 1.640590720 0.189586673 0.718292009 0.624236596 0.241748125
10098.591334816 16.327744931 28.141487567 1.642462870 0.204163568 0.706722580 0.619311539 0.274433326
10098.624680728 16.345544635 28.138110780 1.644930482 0.215022902 0.697488440 0.615581915 0.297210252
10098.658045776 16.373432035 28.130815545 1.648771334 0.231202776 0.682913739 0.609744316 0.329220247
10098.691425970 16.399461044 28.108842816 1.650977898 0.247336011 0.667783409 0.603875089 0.358085317
10098.724780098 16.420197685 28.099142701 1.653655937 0.258811789 0.656821616 0.599214841 0.377549199
10098.758158149 16.447159852 28.082610287 1.657344838 0.274876985 0.641834217 0.592457759 0.401852318
10098.791533074 16.480455450 28.060136557 1.661768950 0.296105428 0.622478910 0.583141293 0.429869531
10098.824879592 16.502484772 28.043844637 1.665103003 0.311300869 0.608905652 0.576265772 0.447485683
10098.858243583 16.534205965 28.015608713 1.671310128 0.334619222 0.588078911 0.565215772 0.471936756
10098.891639703 16.567723960 27.988406270 1.676864933 0.357668602 0.567397368 0.553647128 0.493566870
10098.924978729 16.592522166 27.967296994 1.679646527 0.374219277 0.552692625 0.544773940 0.507653572
10098.958342115 16.627444370 27.936250889 1.685782783 0.398703767 0.531336126 0.530422877 0.526658142
10098.991731004 16.665413159 27.901298646 1.691116569 0.425751765 0.508074541 0.512721795 0.545629962
10099.025094128 16.689058632 27.876203999 1.695739904 0.444478470 0.491969634 0.499283874 0.557781662
10099.058447447 16.721331207 27.842635387 1.700621101 0.470009024 0.469593154 0.479329766 0.573425463
10099.091831737 16.758643083 27.795620121 1.707938643 0.501559038 0.440437193 0.451783973 0.591899360
10099.125172887 16.779664998 27.764908065 1.712320930 0.520675007 0.421559504 0.433447125 0.602750952
10099.158535509 16.806078220 27.720357568 1.717447472 0.547688983 0.392111258 0.405349067 0.618043423
10099.191928459 16.828050617 27.672969300 1.720329431 0.575174730 0.357647776 0.373947114 0.633581608
10099.225271621 16.838901391 27.640106831 1.721191399 0.593321898 0.332208538 0.351350547 0.643552178
10099.258645898 16.851502024 27.605719085 1.717549597 0.614433006 0.299077898 0.322474608 0.655007343
10099.292013766 16.854930244 27.554222508 1.716540512 0.638767750 0.257493623 0.286260761 0.666128795
10099.325371810 16.854977244 27.524050616 1.714911691 0.651667990 0.233343734 0.265143925 0.671251244
10099.358740554 16.851193320 27.482141414 1.712032018 0.667771729 0.200448486 0.236554714 0.676714999
10099.392144997 16.840913763 27.439184292 1.705712465 0.682523054 0.166562164 0.207890756 0.680588539
10099.425469800 16.832216378 27.412068562 1.702193110 0.691720294 0.142813536 0.188038989 0.682472467
10099.458843301 16.814690021 27.376715286 1.695500613 0.703499259 0.107263143 0.159257002 0.684266482
10099.492215435 16.793679885 27.342564715 1.690103681 0.713141675 0.071130035 0.131039230 0.684980430
10099.525562605 16.777342846 27.320356321 1.686230271 0.718405806 0.046540974 0.112596548 0.684871559
10099.558938272 16.750934688 27.291339198 1.680295851 0.723979149 0.012290181 0.088309619 0.684035492
10099.592304622 16.724694823 27.265262110 1.674284035 0.727405813 -0.019356656 0.067295547 0.682625383
10099.625667948 16.706036172 27.248655191 1.670013865 0.728768125 -0.040686214 0.053847705 0.681426502
10099.659074651 16.677344767 27.238715093 1.660537481 0.729087912 -0.070091019 0.036244590 0.679856158
10099.692411876 16.651584140 27.223679582 1.654223704 0.728138869 -0.097539846 0.020303166 0.678150092
10099.725767137 16.634464305 27.212352587 1.650781263 0.726617764 -0.115659132 0.010152936 0.677160622
10099.759173267 16.612366394 27.205364116 1.643388243 0.723086552 -0.140242965 -0.003107877 0.676363874
10099.792511064 16.593310117 27.195314015 1.638241460 0.718721813 -0.161334280 -0.013817697 0.676179915
10099.825865796 16.586940472 27.183491131 1.634120573 0.715336375 -0.174587222 -0.020430944 0.676310394
10099.859255559 16.573331958 27.171606367 1.630439792 0.710165788 -0.191115338 -0.027689972 0.677032309
10099.892601068 16.557521537 27.159327497 1.629788913 0.704763161 -0.204853113 -0.032612224 0.678439778
10099.925963732 16.553570688 27.148537044 1.628402586 0.701192371 -0.212732076 -0.035053435 0.679592216
10099.959343293 16.545933538 27.137449820 1.625892231 0.695737407 -0.224010210 -0.037995487 0.681414139
10099.992716488 16.539640966 27.120552123 1.625016960 0.690752657 -0.234741731 -0.040576072 0.682722981
10100.026081233 16.519296600 27.120336991 1.627720690 0.687079730 -0.242701993 -0.042122451 0.683551671
10100.059433868 16.516691490 27.102126340 1.629475904 0.682839931 -0.252479248 -0.044374156 0.684116067
10100.092798509 16.506833205 27.090713133 1.632067003 0.678708261 -0.260685188 -0.045286945 0.685089353
10100.126160753 16.509250002 27.072395824 1.633644189 0.676394161 -0.263896562 -0.044590514 0.686193289
10100.159537088 16.515308542 27.044704823 1.638722939 0.673495775 -0.265128995 -0.041626899 0.688750505
10100.192904185 16.520996409 27.017188813 1.645067174 0.671053127 -0.262201692 -0.035865454 0.692568872
10100.226264849 16.532075058 26.997943658 1.646379286 0.669842536 -0.258483459 -0.031491546 0.695345641
10100.259642337 16.545361887 26.966845686 1.649926318 0.667884919 -0.251518021 -0.023983782 0.700066567
10100.293001256 16.560372178 26.935846662 1.651367541 0.666303566 -0.244233915 -0.017174047 0.704339694
10100.326359452 16.574842843 26.918477522 1.652512213 0.665312859 -0.238630461 -0.012489007 0.707289422
10100.359731558 16.595838004 26.887339331 1.651795851 0.664172615 -0.230603826 -0.006772136 0.711091239
10100.393099272 16.618976198 26.857913079 1.651502803 0.663430501 -0.222585872 -0.001475971 0.714362178
10100.426457423 16.636929106 26.838963974 1.651091625 0.663286066 -0.216918762 0.002148928 0.716235455
10100.459835990 16.662957895 26.806741271 1.649595837 0.663560836 -0.208769905 0.007263725 0.718365771
10100.493189504 16.689095076 26.772531993 1.648487038 0.664260734 -0.201061951 0.012221525 0.719848875
10100.526554855 16.708454884 26.748994930 1.648556764 0.665018372 -0.195745068 0.015710276 0.720546752
10100.559950417 16.735621054 26.710528675 1.649559384 0.666233003 -0.189030912 0.020088797 0.721108411
10100.593289464 16.764710758 26.669767909 1.652494734 0.667608850 -0.183124233 0.023647568 0.721252197
10100.626658325 16.777292031 26.651692304 1.654848312 0.668248604 -0.181072902 0.024802270 0.721138859
10100.660019348 16.812335238 26.601979121 1.661973725 0.670224790 -0.175686560 0.027382728 0.720543649
10100.693381923 16.840256252 26.562787324 1.668898439 0.672039119 -0.170496534 0.029530102 0.720015505
10100.726748601 16.860284499 26.536686390 1.673132189 0.673401851 -0.165923482 0.031309834 0.719735395
10100.760153053 16.888238537 26.500191093 1.678887057 0.675452244 -0.158310274 0.034119843 0.719401112
10100.793473868 16.917471199 26.462420762 1.683662708 0.677649354 -0.149745793 0.037044467 0.719023823
10100.826827069 16.930889614 26.445259432 1.685345015 0.678787342 -0.146048825 0.038146397 0.718653142
10100.860199414 16.966685754 26.399536903 1.688495249 0.681878805 -0.137042171 0.040526200 0.717369058
10100.893564748 16.996773518 26.361194428 1.689284996 0.684430857 -0.129347406 0.042953864 0.716225255
10100.926916413 17.012352845 26.342019525 1.689210878 0.685691991 -0.124991722 0.044669983 0.715687191
10100.960284430 17.050055657 26.293293246 1.686293107 0.688445912 -0.112869947 0.050296495 0.714683751
10100.993649940 17.083795129 26.251345972 1.681492106 0.690625081 -0.100780095 0.056709940 0.713907804
10101.027034114 17.105620067 26.223245937 1.677841808 0.691999613 -0.092835801 0.061048219 0.713295987
10101.060397485 17.138918657 26.180867413 1.671008625 0.693983417 -0.082104709 0.066947317 0.712154401
10101.093752596 17.171688295 26.139835780 1.664707829 0.695792121 -0.073069300 0.072071202 0.710872664
10101.127112901 17.187482094 26.120353670 1.662573866 0.696514225 -0.068992857 0.074614168 0.710310246
10101.160491368 17.230137000 26.068272610 1.659231657 0.698191065 -0.058395045 0.081711865 0.708831734
10101.193846741 17.264772611 26.027296574 1.660304589 0.699868064 -0.049921951 0.087885885 0.707084552
10101.227211520 17.288012731 26.000043432 1.663130198 0.701379904 -0.044615265 0.092165592 0.705394366
10101.260588264 17.322846926 25.961692232 1.667329732 0.704201604 -0.037052151 0.098546224 0.702150896
10101.293944418 17.357785470 25.926694879 1.671513828 0.707304912 -0.028286450 0.106295594 0.698298564
10101.327309778 17.374933850 25.910752140 1.673587205 0.708758005 -0.023034903 0.110973745 0.696287521
10101.360692404 17.421014083 25.868666464 1.677749007 0.711923585 -0.006233059 0.125655224 0.690895594
10101.394048012 17.459003196 25.836007224 1.680711850 0.713699574 0.008561530 0.138619543 0.686545148
10101.427408517 17.476915581 25.822690462 1.682856079 0.714345032 0.015102227 0.144777813 0.684487022
10101.460782980 17.523676895 25.785738138 1.685018807 0.715549865 0.029989431 0.158518342 0.679677100
10101.494154459 17.561953053 25.755454961 1.685274011 0.716327466 0.039597683 0.167789065 0.676131507
10101.527527122 17.578540853 25.742084085 1.684754612 0.716728732 0.043028522 0.171150472 0.674652494
10101.560878728 17.624501586 25.704659477 1.681448601 0.718130939 0.049188533 0.177642584 0.671052572
10101.594252551 17.660361286 25.676073921 1.677311498 0.719397258 0.051841109 0.180955444 0.668606919
10101.627605413 17.677875338 25.662788646 1.674709924 0.719958498 0.052904287 0.182456443 0.667510707
10101.661011057 17.721399259 25.629650701 1.668007152 0.720807875 0.056296469 0.186904132 0.665081620
10101.694333029 17.758690666 25.603166906 1.662698039 0.720902537 0.060463732 0.191728388 0.663237434
10101.727698304 17.775237673 25.591881359 1.660823908 0.720887031 0.062110695 0.193569125 0.662567086
10101.761077376 17.821428793 25.559890084 1.657225626 0.721242522 0.063272995 0.195587906 0.661476472
10101.794432100 17.857345288 25.534705526 1.656883616 0.722304544 0.059395607 0.192855740 0.661479381
10101.827789045 17.881662353 25.516901725 1.657289482 0.723348197 0.054912888 0.189177554 0.661788345
10101.861161840 17.916204508 25.501687041 1.660346376 0.724577180 0.049053072 0.183950466 0.662377485
10101.894520701 17.950247312 25.477731909 1.662895158 0.725429041 0.044278843 0.179109391 0.663107772
10101.927886042 17.965990158 25.467341515 1.664534122 0.725566262 0.043169270 0.177533731 0.663454435
10101.961261199 18.004203394 25.439953857 1.667743808 0.725513335 0.042715642 0.174874671 0.664247412
10101.994637432 18.035266354 25.414823676 1.670801156 0.725411365 0.042936892 0.173060961 0.664819283
10102.028032574 18.049087002 25.404896339 1.672318801 0.725392619 0.042723276 0.171954193 0.665140605
10102.061357181 18.087023912 25.373959902 1.674413507 0.725489312 0.040642551 0.168141311 0.666139580
10102.094731990 18.116503034 25.348774872 1.674911598 0.725336028 0.037844064 0.164769189 0.667312961
10102.128093350 18.130320766 25.336816748 1.674689308 0.725096925 0.036308632 0.163148863 0.668055822
10102.161455726 18.165892655 25.305526484 1.673403289 0.724125683 0.032133967 0.159445683 0.670213755
10102.194823090 18.193195407 25.280052560 1.671522099 0.722949453 0.028364723 0.156436588 0.672359372
10102.228212238 18.212656362 25.261084380 1.669560142 0.722047967 0.025558994 0.154279621 0.673937141
10102.261548402 18.239141130 25.235005046 1.667172271 0.720605525 0.021530644 0.151418640 0.676266593
10102.294929873 18.265068521 25.208149839 1.666024505 0.719235581 0.018702126 0.149415542 0.678251727
10102.328286919 18.291282807 25.180420234 1.666860417 0.718229490 0.016543207 0.147836239 0.679718448
10102.361652895 18.308594995 25.161275575 1.668451683 0.717994686 0.014233496 0.146074137 0.680399431
10102.395065241 18.332599768 25.133561165 1.672146956 0.718292786 0.009964848 0.143061792 0.680800631
10102.428382043 18.355445090 25.106592043 1.675879835 0.718648482 0.006730716 0.140771462 0.680942327
10102.461742005 18.370918931 25.087166197 1.678663122 0.718723197 0.005175138 0.139602359 0.681117733
10102.495106699 18.391829707 25.058808856 1.683643656 0.718784192 0.003272470 0.138235285 0.681343953
10102.528469674 18.411419488 25.029309274 1.688883600 0.719047449 0.000759814 0.136079744 0.681507515
10102.561841168 18.421483058 25.012429940 1.691253115 0.719452008 -0.001613039 0.134025096 0.681486229
10102.595214306 18.441149574 24.974761631 1.694811339 0.720824700 -0.010041423 0.126905346 0.681326614
10102.628569469 18.456347734 24.941168241 1.695888263 0.722466470 -0.020391446 0.118090881 0.680941210
10102.661936999 18.465817969 24.917314290 1.695385760 0.723692222 -0.028912945 0.110857079 0.680547073
10102.695311404 18.477891615 24.882551753 1.692314083 0.725315651 -0.042009857 0.099490451 0.679892660
10102.728662669 18.492136378 24.844131036 1.686648440 0.726682016 -0.055108338 0.087966142 0.679086354
10102.762050860 18.500292501 24.819084770 1.681836597 0.727395214 -0.062816805 0.081004937 0.678519309
10102.795396270 18.510007220 24.782837143 1.674388073 0.728056923 -0.073757211 0.070703492 0.677859873
10102.828761711 18.521494505 24.746075444 1.667043355 0.728294988 -0.083751694 0.060984043 0.677386899
10102.862134994 18.527230803 24.721975781 1.663198612 0.728248055 -0.090265922 0.054502043 0.677153129
10102.895511369 18.532846349 24.689982717 1.659212015 0.727915249 -0.101219365 0.043490108 0.676758923
10102.928857782 18.537387403 24.657652840 1.656572857 0.727274337 -0.115426773 0.029217163 0.675940127
10102.962224361 18.539990102 24.635241141 1.655377771 0.726741820 -0.125294049 0.018853768 0.675123888
10102.995604034 18.541845047 24.604786187 1.654764821 0.726250557 -0.138391300 0.003831728 0.673344855
10103.028980003 18.541072726 24.576952937 1.655402389 0.726211420 -0.149980840 -0.010897064 0.670823356
10103.062325052 18.539528593 24.558941885 1.656506816 0.726365350 -0.156866440 -0.020224562 0.668862665
10103.095685566 18.535796725 24.528437802 1.658656281 0.726570034 -0.168323563 -0.036521212 0.665153640
10103.129050521 18.532177916 24.497695161 1.660128751 0.726499647 -0.179728666 -0.053044760 0.661121867
10103.162413783 18.529254354 24.476212725 1.660501174 0.726266368 -0.187238541 -0.064093374 0.658309145
10103.195781419 18.525201553 24.445247183 1.659441034 0.725671276 -0.196725822 -0.078454026 0.654633574
10103.229151374 18.520600072 24.414113450 1.657645887 0.724966147 -0.204605100 -0.090845161 0.651389281
10103.262513782 18.516039849 24.393523270 1.655583892 0.724408133 -0.208756771 -0.097815659 0.649681126
10103.295889773 18.509281475 24.362317272 1.651496059 0.723735211 -0.213264435 -0.106031028 0.647675108
10103.329248364 18.501736707 24.331915986 1.645909534 0.723062708 -0.216591955 -0.112272706 0.646268585
10103.362616481 18.496200493 24.311870536 1.641533328 0.722719809 -0.218234720 -0.115306754 0.645564897
10103.395977375 18.487413105 24.277596419 1.634154130 0.722392031 -0.219367195 -0.118225165 0.645019843
10103.429346923 18.479257256 24.243479794 1.629007014 0.722555335 -0.217518346 -0.117967217 0.645510103
10103.462712828 18.475763575 24.225922004 1.627216939 0.722638375 -0.215821039 -0.116726226 0.646212075
10103.496093989 18.465701268 24.178268055 1.624599147 0.723494733 -0.208618272 -0.110414623 0.648723669
10103.529453805 18.453658200 24.142906389 1.625645101 0.724288897 -0.203119978 -0.104364701 0.650581185
10103.562810582 18.447243529 24.124788051 1.627052025 0.724785502 -0.201266365 -0.101611744 0.651039845
10103.596173942 18.433290052 24.082536666 1.630695058 0.726183031 -0.199784216 -0.096293389 0.650747305
10103.629547297 18.420438694 24.046435828 1.633316105 0.728081023 -0.198965830 -0.090786949 0.649667878
10103.662901431 18.412369995 24.024808881 1.634091884 0.729671385 -0.198343453 -0.086872826 0.648608246
10103.696267729 18.396701154 23.988078609 1.634127592 0.733116634 -0.196799889 -0.079187794 0.646172654
10103.729644979 18.383607775 23.953432792 1.630999452 0.736951563 -0.195265285 -0.071374884 0.643179204
10103.763026781 18.374447635 23.928551755 1.627243660 0.739904458 -0.194019234 -0.065681580 0.640768180
10103.796374109 18.359087397 23.898201328 1.620796866 0.743797192 -0.192025164 -0.058096764 0.637586731
10103.829741718 18.340314859 23.855255058 1.609207141 0.749503350 -0.188475912 -0.047597536 0.632815955
10103.863091146 18.332180992 23.837019730 1.603501386 0.751961472 -0.187187663 -0.043466924 0.630575411
10103.896454539 18.311516357 23.793947707 1.587711720 0.758118654 -0.185475698 -0.035271500 0.624188107
10103.929829412 18.290900828 23.747636336 1.568092622 0.765145393 -0.185964596 -0.029257415 0.615722097
10103.963187990 18.277550742 23.716696352 1.554569875 0.769966904 -0.187401216 -0.026589188 0.609364231
10103.996551242 18.257518118 23.673188924 1.533255942 0.777253479 -0.190648903 -0.024148997 0.599121734
10104.029936224 18.237500693 23.625316358 1.509948655 0.785126684 -0.194795520 -0.022747806 0.587463473
10104.063281336 18.226688002 23.600097152 1.497709407 0.789223573 -0.197046699 -0.022256992 0.581208548
10104.096652670 18.202439343 23.542262392 1.469631926 0.798562665 -0.201556897 -0.020964287 0.566774193
10104.130035186 18.182446983 23.491267345 1.445947774 0.806578177 -0.204280575 -0.019337070 0.554370967
10104.163382383 18.172205259 23.463648833 1.434123761 0.810678464 -0.205498790 -0.018451991 0.547932659
10104.196742624 18.148624952 23.401429808 1.407205870 0.820242757 -0.208454191 -0.017499624 0.532393119
10104.230132607 18.128624814 23.349146078 1.385740293 0.827877372 -0.211800199 -0.019002353 0.519036264
10104.263487674 18.115439830 23.316422134 1.371803028 0.832587115 -0.214702117 -0.021568435 0.510133805
10104.296843798 18.094342043 23.265242005 1.349072485 0.839866326 -0.219708961 -0.027312933 0.495587057
10104.330229054 18.075141227 23.219438892 1.327315198 0.846254632 -0.224200548 -0.033823386 0.482123625
10104.363575384 18.061946404 23.188451049 1.311872899 0.850373882 -0.226728058 -0.038709085 0.473244392
10104.396968403 18.045896359 23.149934823 1.288840630 0.855720298 -0.229453905 -0.045938711 0.461501151
10104.430334044 18.029218829 23.109588958 1.270109741 0.860222332 -0.230993673 -0.053023624 0.451495247
10104.463667204 18.017997702 23.082429295 1.258345832 0.863010082 -0.231433388 -0.057680245 0.445337148
10104.497033353 18.003902191 23.046895795 1.244583182 0.866548352 -0.230333474 -0.062475659 0.438334616
10104.530414818 17.992243576 23.008293373 1.233823333 0.869892677 -0.226696327 -0.064064174 0.433348920
10104.563776777 17.983955050 22.981537195 1.229362212 0.871869827 -0.223339954 -0.063608339 0.431180066
10104.597136904 17.971525097 22.944942820 1.227759851 0.874342285 -0.217300794 -0.061858696 0.429510694
10104.630552830 17.960474012 22.904507737 1.228745430 0.876226887 -0.210385996 -0.058302787 0.429610242
10104.663873170 17.953467114 22.875691926 1.231257530 0.877183456 -0.204983407 -0.054905231 0.430716152
10104.697236958 17.942975276 22.841345740 1.235304439 0.877809210 -0.198400769 -0.051556341 0.432931945
10104.730643401 17.931575780 22.802182554 1.246251700 0.877536608 -0.192754109 -0.051726626 0.436004256
10104.763983555 17.926702305 22.784319443 1.251504651 0.877024710 -0.191309000 -0.053328117 0.437475299
10104.797331967 17.918764062 22.757196577 1.263552425 0.875468218 -0.189031711 -0.057075399 0.441095013
10104.830716420 17.912939790 22.721761773 1.277198462 0.872819583 -0.184604904 -0.059576903 0.447836575
10104.864065210 17.912225723 22.702472249 1.285064874 0.871124266 -0.180611432 -0.058917206 0.452825339
10104.897428304 17.912897697 22.684481413 1.294777245 0.869224645 -0.175525781 -0.057085173 0.458672542
10104.930812897 17.915218333 22.652915710 1.304739092 0.866397797 -0.169137100 -0.054994071 0.466608134
10104.964158229 17.918633366 22.628816406 1.313573733 0.863726435 -0.163960602 -0.053549686 0.473525077
10104.997530330 17.922866265 22.602528626 1.320632001 0.861181435 -0.159377289 -0.052105815 0.479844142
10105.030984292 17.930402473 22.569024816 1.326993688 0.858174923 -0.153464412 -0.048650582 0.487460353
10105.064258845 17.936048116 22.549116939 1.330169249 0.856298015 -0.149365961 -0.044668316 0.492390354
10105.097621506 17.942792998 22.522691698 1.332639057 0.854087215 -0.144317696 -0.039059217 0.498178491
10105.131009461 17.954749816 22.482135093 1.334448621 0.850313414 -0.136086929 -0.028168922 0.507596254
10105.164353401 17.962650484 22.459971787 1.335283824 0.847886018 -0.131625973 -0.022059737 0.513105517
10105.197723318 17.974623385 22.426520986 1.337533001 0.844050548 -0.126447582 -0.014349144 0.520945087
10105.231114449 17.985922055 22.394673671 1.340478770 0.840500942 -0.123008450 -0.008261069 0.527597235
10105.264453418 17.999890608 22.364018820 1.343001158 0.836069010 -0.119825215 -0.001380152 0.535377085
10105.297816041 18.018567474 22.327739846 1.347427087 0.830164372 -0.116354412 0.007632802 0.545188506
10105.331198906 18.037711100 22.291154044 1.353591613 0.823248557 -0.114106239 0.016243110 0.555857663
10105.364551147 18.050699937 22.267100736 1.358727629 0.818110975 -0.113109648 0.022215929 0.563388935
10105.397907536 18.069838698 22.234895372 1.367710224 0.811141189 -0.108407271 0.034006318 0.573708467
10105.431282909 18.085147127 22.212732265 1.375482673 0.806201706 -0.100228811 0.047612115 0.581142049
10105.464640092 18.101205427 22.189776764 1.384114809 0.800586216 -0.089480170 0.063758777 0.589058425
10105.498009405 18.119237354 22.165439193 1.394712389 0.794176226 -0.077291929 0.080997610 0.597285080
10105.531385932 18.138299902 22.141355269 1.406458742 0.787866802 -0.064322993 0.098123579 0.604566140
10105.564740913 18.153355341 22.123876533 1.415775138 0.783481973 -0.054645252 0.110270252 0.609106202
10105.598103789 18.173434527 22.101438967 1.428490825 0.777928916 -0.042826762 0.124663224 0.614370858
10105.631502955 18.203748791 22.071194921 1.446756635 0.770362130 -0.028946172 0.141431387 0.621048686
10105.664835361 18.224143277 22.052372095 1.457912626 0.765501560 -0.020790043 0.150951250 0.625131072
10105.698201242 18.257183989 22.026405000 1.475237857 0.757709042 -0.006915201 0.166148761 0.631049742
10105.731593505 18.288638982 22.004800986 1.490420092 0.750219412 0.008229563 0.181519894 0.635730789
10105.764943376 18.324579600 21.982287148 1.506009883 0.741315566 0.026861208 0.199565988 0.640236771
10105.798299192 18.366928584 21.958964457 1.523233669 0.729822389 0.049598724 0.220913174 0.645055514
10105.831687120 18.400345556 21.941348537 1.535896974 0.720249836 0.067629824 0.237244090 0.648368431
10105.865029159 18.437951901 21.924859895 1.547956325 0.708867225 0.088601198 0.255040588 0.651622117
10105.898405000 18.477248415 21.907842711 1.557861800 0.697412450 0.110721087 0.272497274 0.653530375
10105.931787808 18.506911366 21.894921433 1.563532466 0.689732232 0.126748689 0.283864814 0.653930413
10105.965131651 18.540241042 21.882834958 1.567607879 0.682374921 0.143891621 0.294340895 0.653470050
10105.998491323 18.569336975 21.871314196 1.569660278 0.677697428 0.156955309 0.301181360 0.652212401
10106.031889350 18.616284571 21.855272537 1.573786250 0.671948144 0.176236054 0.309684744 0.649247183
10106.065223202 18.644648691 21.846870669 1.577530401 0.669290541 0.186636248 0.313574347 0.647215738
10106.098597410 18.684366891 21.834250696 1.584019712 0.666656202 0.198879201 0.317601661 0.644318056
10106.131991131 18.732877097 21.823244333 1.592443489 0.663764244 0.212774439 0.321536022 0.640904558
10106.165326547 18.765986357 21.816053184 1.596832885 0.661868098 0.221878707 0.324129143 0.638467508
10106.198692765 18.811618766 21.807105146 1.601180936 0.659104735 0.234429194 0.327953376 0.634878323
10106.232066383 18.865480170 21.798699894 1.602898909 0.655025881 0.249853215 0.333157485 0.630492312
10106.265421856 18.900958913 21.794576463 1.602314082 0.651786587 0.260105335 0.336987846 0.627661256
10106.298795910 18.939374262 21.795298354 1.601073159 0.647718296 0.271464463 0.341319150 0.624715369
10106.332160589 19.003623818 21.791507815 1.594977442 0.641545539 0.288574333 0.346854681 0.620351517
10106.365519708 19.039612910 21.789545112 1.590024174 0.638444790 0.297434124 0.349139135 0.618080138
10106.398903877 19.078527414 21.791511279 1.586889453 0.635220313 0.306987550 0.351148421 0.615588000
10106.432256857 19.129323489 21.793459670 1.582348566 0.631390620 0.318542791 0.352812838 0.612698520
10106.465619026 19.177558703 21.792029012 1.576717791 0.628404388 0.328265484 0.353382788 0.610303451
10106.498980122 19.229246287 21.791711996 1.571161474 0.625824136 0.337213915 0.353202971 0.608176444
10106.532347616 19.273443496 21.792521945 1.566448123 0.623466929 0.345111453 0.353383689 0.606058613
10106.565716510 19.316350059 21.792616699 1.561290587 0.620945589 0.353503295 0.353997321 0.603446677
10106.599087550 19.358286069 21.793269529 1.556199166 0.617545127 0.363494093 0.356229068 0.599675671
10106.632435288 19.414511289 21.794525073 1.548283279 0.610921997 0.380289659 0.362468374 0.592259038
10106.665800108 19.464329123 21.797504432 1.541666951 0.603585760 0.397009451 0.370383753 0.583852380
10106.699184753 19.496870780 21.798893354 1.536985692 0.598616721 0.408001887 0.376262574 0.577597574
10106.732535194 19.538251725 21.800902818 1.529657194 0.592228347 0.421631605 0.384269932 0.569059746
10106.765920060 19.592992281 21.803942820 1.522189595 0.584063657 0.437719908 0.395180104 0.557766629
10106.799284944 19.625586857 21.806161321 1.518402777 0.578929876 0.446819915 0.402360259 0.550725325
10106.832635719 19.670206595 21.807841657 1.511406346 0.570632336 0.460022435 0.414179075 0.539642280
10106.866005064 19.713973155 21.809062878 1.506057536 0.560147299 0.474569078 0.428754697 0.526487040
10106.899358807 19.743441862 21.809819012 1.502930188 0.551481235 0.485260548 0.440177514 0.516366541
10106.932724947 19.783071263 21.809191133 1.498219693 0.537081590 0.501212467 0.458186529 0.500394378
10106.966086443 19.822208220 21.806201528 1.496238664 0.521532660 0.516473731 0.476677312 0.483774029
10106.999478414 19.848414387 21.802687654 1.495466852 0.511269549 0.525612612 0.488736621 0.472727560
10107.032834321 19.877847109 21.796050490 1.496220248 0.500846841 0.534441365 0.501590905 0.460360112
10107.066178349 19.917321815 21.785490644 1.498083747 0.490313349 0.543191122 0.516485956 0.444722927
10107.099544198 19.941605866 21.778425427 1.499913703 0.486195066 0.546717475 0.523926303 0.436137121
10107.132911799 19.976398246 21.768059699 1.503698679 0.482625891 0.549936345 0.533176566 0.424694025
10107.166272624 20.011447172 21.755885876 1.505842511 0.480843655 0.551601564 0.541542011 0.413832507
10107.199647163 20.030443871 21.748710938 1.506885248 0.480102067 0.552064842 0.546024260 0.408146939
10107.233008300 20.067497329 21.733676590 1.508014128 0.477977126 0.552701603 0.555081162 0.397421323
10107.266378863 20.113008277 21.714130175 1.507868743 0.475054692 0.552953305 0.565450832 0.385786260
10107.299749322 20.138435275 21.701232688 1.507574342 0.474385015 0.552171471 0.570238138 0.380649431
10107.333101913 20.183408288 21.676936082 1.505073841 0.476492023 0.548518635 0.575635295 0.375135531
10107.366463152 20.229691714 21.649465323 1.500390938 0.483929386 0.541297566 0.576856259 0.374227405
10107.399819084 20.259791446 21.630107030 1.496365595 0.491359470 0.534810257 0.575658982 0.375713450
10107.433179353 20.299334460 21.603390860 1.489718623 0.501677604 0.525876352 0.572998032 0.378743845
10107.466546205 20.360362428 21.563200872 1.480428046 0.518152431 0.510882841 0.567975448 0.384604566
10107.499914816 20.391165554 21.542822541 1.475382726 0.526076174 0.503184222 0.565533191 0.387584454
10107.533277256 20.438560836 21.511997709 1.468407234 0.536292066 0.492428809 0.562661776 0.391556400
10107.566645406 20.496187863 21.474530963 1.461251972 0.549034595 0.478355161 0.558271983 0.397579862
10107.600018487 20.518709669 21.459866118 1.459334811 0.554407086 0.472425846 0.555877224 0.400558503
10107.633378704 20.582404140 21.416969878 1.457116910 0.572717416 0.453356611 0.545277055 0.411260839
10107.666742303 20.631351989 21.381170621 1.458243983 0.591172500 0.435328192 0.531693071 0.422264038
10107.700107517 20.662155707 21.355547952 1.459838403 0.605378411 0.421308980 0.519884241 0.430971112
10107.733491439 20.708084144 21.321130811 1.463983797 0.624329052 0.401603102 0.502660139 0.443013507
10107.766857481 20.749249066 21.285938192 1.468091576 0.639363547 0.384402442 0.487546807 0.453593572
10107.800208197 20.777323959 21.266241907 1.472424581 0.646123872 0.375826936 0.479993707 0.459221187
10107.833559149 20.819527161 21.235871424 1.478714662 0.654304243 0.363831609 0.470051447 0.467508455
10107.866924472 20.859051011 21.209375943 1.484785456 0.659701014 0.354273591 0.462134841 0.475095972
10107.900297781 20.885278840 21.194145279 1.488638303 0.662042155 0.348835115 0.457726911 0.480104492
10107.933664561 20.928045576 21.171328548 1.495088901 0.664434356 0.340638320 0.450932620 0.489031996
10107.967029732 20.968756772 21.152766544 1.500202114 0.664628594 0.334669116 0.445733192 0.497581487
10108.000384654 20.996922748 21.142873781 1.503832835 0.663598789 0.331652010 0.442772654 0.503583130
10108.033766704 21.036402364 21.135114261 1.509904291 0.660480786 0.329462027 0.439712191 0.511735374
10108.067122062 21.078522810 21.131153678 1.514670298 0.654960762 0.330838400 0.438466181 0.518960270
10108.100493163 21.103877237 21.130424684 1.517864702 0.650202394 0.333539477 0.438556811 0.523121580
10108.133860518 21.154431817 21.132407796 1.522699823 0.640801466 0.341169227 0.439551090 0.528934664
10108.167228379 21.204726427 21.137777825 1.528322590 0.631069717 0.350848409 0.440838679 0.533214464
10108.200594530 21.231681075 21.143555834 1.531957896 0.625910498 0.356545814 0.441212938 0.535203022
10108.233972470 21.288598902 21.161778359 1.542362395 0.615422671 0.368737491 0.440481253 0.539688674
10108.267332774 21.344731582 21.178438976 1.548464670 0.606683980 0.380682824 0.439334940 0.542217619
10108.300693095 21.369428336 21.185646427 1.550826546 0.602430791 0.386772105 0.439503384 0.542513830
10108.334056769 21.433981394 21.219929936 1.554853053 0.586143927 0.409826579 0.444155921 0.539632272
10108.367423302 21.484763268 21.251128422 1.556099315 0.569328063 0.432659033 0.451786509 0.533442282
10108.400794209 21.516712049 21.276570770 1.555207147 0.556127933 0.449876314 0.458203015 0.527620149
10108.434158268 21.568118804 21.309805611 1.550832485 0.536570791 0.474470052 0.467839376 0.517780141
10108.467526124 21.611287556 21.347454676 1.543767565 0.516814165 0.498490278 0.477059577 0.506778770
10108.500901313 21.631291393 21.364239756 1.539841126 0.507949666 0.509069136 0.480866750 0.501600360
10108.534279358 21.677998958 21.404085735 1.526910790 0.488094518 0.532709938 0.488511151 0.489224610
10108.567641620 21.713747729 21.434228401 1.513584138 0.473585758 0.549737749 0.493191415 0.479861610
10108.601016535 21.731545568 21.448598997 1.506401981 0.466708858 0.557509577 0.495219817 0.475524180
10108.634380352 21.772813022 21.478386680 1.490416038 0.452223824 0.573231155 0.499242552 0.466536740
10108.667751297 21.811347533 21.499457637 1.476881349 0.441392961 0.584195002 0.502097009 0.460203267
10108.701120976 21.835145429 21.511235884 1.469377819 0.435153360 0.590124836 0.503806809 0.456697854
10108.734485298 21.875785700 21.524895371 1.459829570 0.426690400 0.597549290 0.506286934 0.452265066
10108.767861073 21.916771896 21.532396641 1.454170572 0.420192098 0.602490759 0.508395229 0.449419378
10108.801229062 21.946209893 21.534433192 1.452348441 0.416730291 0.604853192 0.509583739 0.448121517
10108.834588395 21.993324141 21.530759184 1.451706471 0.414210372 0.606549640 0.510308600 0.447339284
10108.867965463 22.032606548 21.525686481 1.455037689 0.415002933 0.606056030 0.509749926 0.447910334
10108.901335902 22.059906784 21.519458845 1.457513307 0.417314441 0.604582261 0.508567666 0.449096734
10108.934696770 22.105537405 21.503240351 1.460534723 0.424127560 0.599835091 0.505661088 0.452350020
10108.968071036 22.150488168 21.479126470 1.463620646 0.433655651 0.592712019 0.501945092 0.456822026
10109.001446732 22.183649344 21.458516903 1.465634717 0.441429067 0.586448974 0.499140009 0.460518436
10109.034850305 22.229156647 21.432631132 1.469016802 0.452482125 0.577098840 0.495338545 0.465678624
10109.068180682 22.278487993 21.388493181 1.471910540 0.468139859 0.562446014 0.490374005 0.473321127
10109.101554507 22.311595563 21.358872168 1.473165556 0.478683072 0.551907936 0.487021997 0.478612288
10109.134931620 22.358332947 21.318592951 1.473558600 0.492799444 0.536980124 0.482591542 0.485702026
10109.168289072 22.409210983 21.261205326 1.474356397 0.512076557 0.515234603 0.476008346 0.495708542
10109.201656869 22.439976054 21.225304943 1.474233841 0.524008659 0.501258399 0.471510947 0.501829024
10109.235026734 22.484553615 21.167246305 1.473643518 0.542734277 0.478401869 0.463791951 0.511339596
10109.268398785 22.522223036 21.106410191 1.472660714 0.561576420 0.454401352 0.454822165 0.520853274
10109.301763930 22.549570487 21.063845396 1.472059365 0.574788713 0.436844917 0.447745084 0.527549802
10109.335133819 22.583434985 21.008965323 1.470995605 0.591477889 0.413116756 0.437984230 0.536337830
10109.368495021 22.619438694 20.938443179 1.471022537 0.612440004 0.381115479 0.423800379 0.547778671
10109.401869185 22.640790730 20.895977811 1.472037980 0.625393151 0.360492914 0.414225254 0.554387685
10109.435251215 22.662995464 20.850996953 1.473434437 0.639059110 0.337706065 0.403694057 0.560882497
10109.468616960 22.693795150 20.785776565 1.475505559 0.658822633 0.303340647 0.388577900 0.568281977
10109.501971753 22.711254205 20.753392336 1.476757522 0.667852658 0.286692700 0.382376281 0.570586104
10109.535334866 22.738957362 20.713699012 1.478781561 0.677402808 0.267800297 0.377624886 0.571671131
10109.568699244 22.767018231 20.679425935 1.481161778 0.683304825 0.254117868 0.377397849 0.571042458
10109.602074710 22.779354354 20.666027266 1.481726852 0.684872436 0.249464026 0.378354860 0.570583075
10109.635446725 22.821423591 20.636280558 1.483193274 0.687033930 0.239829075 0.382320747 0.569471018
10109.668810935 22.853600705 20.615479761 1.484607273 0.687820644 0.232719559 0.384907254 0.569728686
10109.702176098 22.869856934 20.606616916 1.485390744 0.688251136 0.229210457 0.385601667 0.570161639
10109.735540536 22.913006853 20.588471682 1.485149142 0.689308070 0.220649010 0.385526749 0.572308942
10109.768922749 22.951199087 20.578077343 1.485116881 0.690247423 0.214428472 0.384323663 0.574346800
10109.802275867 22.969149919 20.573573081 1.485625045 0.690359445 0.212146939 0.383875498 0.575358249
10109.835648741 23.006036525 20.568604063 1.485276498 0.689420306 0.209889430 0.383887791 0.577300817
10109.869010584 23.060021160 20.568759869 1.487508133 0.686105275 0.211174678 0.386567224 0.578991009
10109.902383308 23.090365023 20.568538061 1.488060829 0.683516458 0.213078207 0.388829145 0.579840345
10109.935747493 23.126713867 20.572266943 1.490781327 0.679940494 0.216199440 0.391258207 0.581253596
10109.969111810 23.185335053 20.575714823 1.495208718 0.674536714 0.220871108 0.394532924 0.583575143
10110.002476778 23.216907796 20.579177402 1.497850232 0.671365475 0.223302767 0.395776458 0.585461585
10110.035851988 23.255179149 20.585261306 1.502340810 0.667101732 0.226627247 0.396768396 0.588379308
10110.069213133 23.304816434 20.595263736 1.508005025 0.660638130 0.232397998 0.397767277 0.592730652
10110.102581775 23.335523203 20.599156491 1.510922319 0.656912809 0.236264502 0.398087914 0.595122390
10110.135942605 23.378621180 20.603116860 1.515286181 0.652280324 0.242039513 0.397885343 0.598025507
10110.169313074 23.436209097 20.608592131 1.521474909 0.646717513 0.250819091 0.397109800 0.600957611
10110.202681789 23.472408217 20.612522033 1.524923681 0.643132332 0.257165010 0.396959956 0.602220687
10110.236055205 23.522796813 20.616348958 1.528335101 0.638160628 0.266397385 0.397257124 0.603299447
10110.269416753 23.588233581 20.619112162 1.529844242 0.631791615 0.278536159 0.398206655 0.603894380
10110.302790075 23.627646968 20.621919354 1.529079796 0.627629966 0.286058311 0.398932870 0.604238226
10110.336149602 23.684701231 20.623781222 1.525911307 0.622433362 0.295343642 0.399267658 0.604924938
10110.369532962 23.743805606 20.621806188 1.520377273 0.618581070 0.302103282 0.398333483 0.606153036
10110.402887006 23.782349232 20.621973517 1.516473459 0.616021261 0.305898118 0.397618357 0.607325110
10110.436249113 23.839623046 20.620072741 1.511837601 0.611886717 0.311806466 0.397869189 0.608335008
10110.469629835 23.897997363 20.616449681 1.510555378 0.606808878 0.319321077 0.399943202 0.608163193
10110.502989961 23.936083944 20.615907840 1.511603209 0.603259033 0.324626967 0.401743088 0.607699237
10110.536356224 23.989713158 20.612969945 1.515675242 0.599408369 0.331271518 0.403762611 0.606584324
10110.569741810 24.041855729 20.611124121 1.521612545 0.596814571 0.337128164 0.405106622 0.605017018
10110.603089635 24.078121786 20.610946041 1.526014938 0.595293545 0.341268925 0.405932951 0.603638596
10110.636455145 24.120565637 20.609476443 1.531136931 0.593734850 0.346302862 0.406980394 0.601598050
10110.669848434 24.172817653 20.607754470 1.538381328 0.591702331 0.353122299 0.408598403 0.598531820
10110.703188319 24.217651580 20.607672899 1.543726272 0.589731143 0.359101012 0.409967748 0.595978261
10110.736579113 24.269999221 20.605918317 1.549686623 0.587996880 0.365309142 0.410968383 0.593223303
10110.769959646 24.314396270 20.603131831 1.553275384 0.587295923 0.369611902 0.410848706 0.591332293
10110.803294660 24.379127822 20.600572122 1.555523921 0.587328293 0.374032244 0.409158337 0.589690437
10110.836673917 24.417986497 20.599298765 1.555811081 0.587811707 0.375904268 0.407538204 0.589140043
10110.870053046 24.465406240 20.595726639 1.554305529 0.589086404 0.377069065 0.405087254 0.588812742
10110.903392040 24.531121999 20.592552100 1.549586658 0.591316940 0.377286427 0.400900204 0.589303194
10110.936763261 24.562096082 20.591073309 1.546263490 0.592351301 0.377034364 0.398973373 0.589733221
10110.970144796 24.628555140 20.587466415 1.537703146 0.594687810 0.376105040 0.394965561 0.590672170
10111.003502531 24.684949613 20.584156917 1.529726382 0.596295744 0.375228427 0.392152268 0.591482554
10111.036874568 24.715135032 20.582042764 1.525698849 0.596942754 0.374783945 0.391019900 0.591861286
10111.070247456 24.773895089 20.577825797 1.519048601 0.597829662 0.374112579 0.388747987 0.592886562
10111.103601662 24.833090074 20.571694684 1.516935275 0.599434507 0.373067937 0.385930760 0.593764292
10111.136972592 24.871061413 20.567822533 1.517757765 0.601003987 0.372340970 0.383415931 0.594263102
10111.170389072 24.922983833 20.560728319 1.520187063 0.603723430 0.370920719 0.379332032 0.595015168
10111.203712232 24.974969477 20.552118905 1.524589889 0.607147027 0.368575191 0.374103053 0.596298350
10111.237081394 25.010592387 20.545793056 1.527424882 0.610052956 0.365917753 0.369644736 0.597747738
10111.270463221 25.053869532 20.536940775 1.531053582 0.613773997 0.362059883 0.364044903 0.599721127
10111.303815182 25.112225855 20.525504894 1.534002832 0.617963623 0.357425646 0.357708523 0.602007043
10111.337176827 25.134766528 20.521221414 1.534522603 0.619094916 0.355982674 0.355892055 0.602775800
10111.370565281 25.189711041 20.510315690 1.533604150 0.620958319 0.353209616 0.353028955 0.604172401
10111.403932386 25.247762274 20.499140725 1.528314554 0.621737712 0.351010455 0.351820054 0.605356529
10111.437287813 25.284357863 20.492108818 1.523511822 0.621916739 0.349669236 0.351641625 0.606052113
10111.470687797 25.318938757 20.484246257 1.517839995 0.621716805 0.348227029 0.352017765 0.606868720
10111.504018845 25.380902519 20.470276468 1.506984847 0.621836775 0.345268750 0.352088831 0.608392941
10111.537383244 25.417156102 20.461403253 1.501089365 0.622403703 0.342821026 0.351519597 0.609525510
10111.570783212 25.465938620 20.447791411 1.494114846 0.623097281 0.339190311 0.350936076 0.611182119
10111.604122953 25.519443869 20.433746745 1.491170951 0.623246358 0.337046115 0.351319010 0.611995791
10111.637491709 25.556793499 20.423485582 1.491666563 0.623449276 0.336071136 0.351728896 0.612089842
10111.670876872 25.596811260 20.411584572 1.494861754 0.624346332 0.334873308 0.351894648 0.611736612
10111.704224509 25.662350131 20.392530901 1.502697268 0.626863513 0.333472543 0.351497382 0.610153907
10111.737595583 25.696214668 20.383288723 1.507450511 0.628436263 0.333297403 0.351330256 0.608726339
10111.771054755 25.740560241 20.371493157 1.513602286 0.630251480 0.334000348 0.351688639 0.606252374
10111.804334408 25.806938708 20.354906477 1.521547777 0.631489419 0.337652422 0.353936098 0.601615487
10111.837706026 25.845435978 20.345805518 1.525312105 0.631716740 0.340218508 0.355485457 0.599012035
10111.871095489 25.887455549 20.335124611 1.528861732 0.632051805 0.342521294 0.356735436 0.596598280
10111.904456951 25.955485755 20.318527794 1.530124540 0.633506958 0.343237849 0.356432104 0.594821712
10111.937827743 25.993599794 20.309199126 1.528901250 0.634923137 0.342046595 0.355071105 0.594811942
10111.971210381 26.035733401 20.298938800 1.525285760 0.636600355 0.339867957 0.353045935 0.595473196
10112.004575833 26.102178036 20.283626340 1.516392155 0.638668424 0.336047334 0.350158142 0.597129892
10112.037971877 26.140103880 20.274899942 1.509943943 0.639246979 0.334071569 0.349052727 0.598265560
10112.071343499 26.189308620 20.263719650 1.500521473 0.639393163 0.332008641 0.348237017 0.599731295
10112.104698389 26.247790595 20.250552519 1.489781222 0.639500395 0.329448382 0.347200345 0.601626902
10112.138068686 26.275172889 20.245297034 1.485153256 0.639960303 0.327717349 0.346107630 0.602711920
10112.171446415 26.325591230 20.234661243 1.481059416 0.641740303 0.323296622 0.343182050 0.604875820
10112.204804979 26.392122792 20.221168586 1.483361597 0.643561457 0.319462505 0.340548162 0.606464598
10112.238173554 26.427967217 20.213866396 1.487357145 0.643721445 0.319381313 0.340428141 0.606404947
10112.271563513 26.470685910 20.204530053 1.493791244 0.643231212 0.320677411 0.341374342 0.605708812
10112.304916314 26.536514001 20.189770351 1.504555865 0.641647913 0.324348858 0.343795980 0.604061336
10112.338278507 26.573468939 20.181312818 1.510385147 0.640953891 0.326145978 0.344756295 0.603282694
10112.371675391 26.616079133 20.170389094 1.516860753 0.640650434 0.327385041 0.345168979 0.602697629
10112.405028671 26.683419593 20.153339860 1.523878083 0.641450387 0.327408882 0.343815588 0.602607390
10112.438401629 26.721237621 20.143474070 1.526119531 0.642539953 0.326530013 0.342205459 0.602839931
10112.471779749 26.763664005 20.132029528 1.526930672 0.644000884 0.325176637 0.340141362 0.603180628
10112.505147868 26.831444696 20.113790311 1.524026070 0.646069200 0.323546383 0.337542554 0.603305355
10112.538510721 26.870075277 20.103111196 1.520133385 0.646748173 0.323428674 0.336836781 0.603035386
10112.571894574 26.925286417 20.087847055 1.511880704 0.646823633 0.324385448 0.337172222 0.602252573
10112.605250457 26.983113559 20.071683355 1.500592209 0.645612396 0.326700773 0.339530269 0.600974572
10112.638614923 27.022850610 20.060201691 1.492653970 0.644171355 0.328882989 0.341925760 0.599971682
10112.672009840 27.072204520 20.045581316 1.483112620 0.642187359 0.331460619 0.345397832 0.598689896
10112.705352014 27.134838151 20.026693082 1.474148269 0.641398804 0.331916434 0.347214015 0.598231964
10112.738720467 27.173293881 20.014153145 1.471769501 0.642875381 0.329488469 0.345619468 0.598912161
10112.772105112 27.227549802 19.996582015 1.471491897 0.647376466 0.323397641 0.340601843 0.600256664
10112.805455772 27.281924027 19.981056073 1.474114808 0.652072611 0.318660833 0.335910856 0.600350298
10112.838827682 27.318938778 19.971590005 1.476942821 0.654260674 0.317848236 0.334870729 0.598980020
10112.872203682 27.366690245 19.961845953 1.481055481 0.655290061 0.320502557 0.336921355 0.595278966
10112.905567022 27.429548491 19.951402760 1.486887751 0.654164666 0.328464333 0.343605006 0.588315708
10112.938933646 27.468723072 19.946694385 1.489895573 0.652846543 0.334160905 0.348356172 0.583760104
10112.972307380 27.515833289 19.940155425 1.492297357 0.651801448 0.339647230 0.352702411 0.579133526
10113.005661863 27.584028443 19.933081006 1.495061326 0.653593790 0.341143969 0.353449568 0.575768489
10113.039056701 27.618379657 19.929305308 1.496493552 0.655119785 0.335535389 0.352176944 0.578105069
10113.072401211 27.655423831 19.926875507 1.496624041 0.656949377 0.331053599 0.349903654 0.579990055
10113.105766642 27.718036094 19.927293216 1.496344277 0.655274750 0.327928692 0.351862599 0.582469300
10113.139156490 27.756359227 19.928763874 1.498155441 0.652293006 0.329537042 0.355510592 0.582693223
10113.172510721 27.803775994 19.933104799 1.501984113 0.648553886 0.330616926 0.359241142 0.583965844
10113.205864891 27.849006556 19.940846501 1.506135430 0.646402000 0.327953319 0.360559740 0.587033005
10113.239249456 27.895560838 19.947479158 1.508013822 0.644838169 0.324289265 0.361286594 0.590332284
10113.272618901 27.931048686 19.957957532 1.509012268 0.643502249 0.320898222 0.362034997 0.593177754
10113.305971986 27.991921308 19.975228619 1.512596398 0.642755729 0.314549358 0.362706130 0.596965692
10113.339336268 28.028028939 19.985918393 1.515425850 0.642201086 0.312874504 0.364073614 0.597610001
10113.372707683 28.074579891 19.997242213 1.519646246 0.640274385 0.314771728 0.367560202 0.596545865
10113.406070927 28.144009459 20.019568465 1.526510083 0.633776389 0.325706941 0.377575796 0.591336618
10113.439448798 28.180976307 20.034208728 1.530156389 0.629239560 0.334057364 0.383819000 0.587491471
10113.472822616 28.228134623 20.051889192 1.534201563 0.624509140 0.343943853 0.389925297 0.582794323
10113.506170172 28.294748785 20.074666681 1.537586912 0.621177103 0.353791602 0.394027633 0.577678746
10113.539576036 28.332421692 20.089955668 1.538568944 0.620008720 0.358845921 0.395418308 0.574859247
10113.572921584 28.384374983 20.108193416 1.538040435 0.618301452 0.365875085 0.397710389 0.570670819
10113.606279003 28.451606273 20.133568009 1.533770919 0.614424909 0.377304214 0.403238602 0.563491075
10113.639656220 28.491206932 20.151485469 1.530082042 0.610936868 0.385579022 0.408250964 0.558046692
10113.673020016 28.551776202 20.176742309 1.522148053 0.605049331 0.398128269 0.417056732 0.549065451
10113.706382791 28.610591082 20.202142543 1.511773894 0.599407014 0.409052649 0.425679330 0.540540720
10113.739770060 28.649950572 20.220794950 1.504283046 0.595986678 0.415322974 0.431245384 0.535101976
10113.773145665 28.690864855 20.242201459 1.496114125 0.592519238 0.421070193 0.437144024 0.529647002
10113.806487405 28.757749899 20.275628322 1.483542052 0.587532468 0.427932953 0.446455450 0.521877877
10113.839873342 28.793691599 20.293480778 1.478151342 0.585229313 0.430709660 0.451122320 0.518154893
10113.873241443 28.844040953 20.320354968 1.472681553 0.582563542 0.433762108 0.457605245 0.512901154
10113.906590915 28.890221098 20.347246452 1.472349249 0.580081744 0.436860241 0.463915491 0.507386162
10113.939957840 28.923115279 20.366428801 1.473422229 0.576996097 0.440875289 0.469359368 0.502400504
10113.973332900 28.966483868 20.390853236 1.476760213 0.571715835 0.447750584 0.477339443 0.494780228
10114.006687930 29.016309272 20.422157843 1.482884842 0.564869894 0.456847007 0.486440686 0.485374365
10114.040122595 29.045869358 20.443180700 1.487904170 0.560751123 0.462519941 0.491482942 0.479664466
10114.073434243 29.084050080 20.470935150 1.495062474 0.555682929 0.469512470 0.497411046 0.472606363
10114.106796296 29.130723910 20.504678048 1.502126916 0.549796350 0.477069233 0.503911621 0.464975266
10114.140163403 29.160275178 20.527306880 1.505520070 0.545603157 0.482106601 0.508245631 0.459974781
10114.173528755 29.200882305 20.560645180 1.508995850 0.538905379 0.490012551 0.514522236 0.452477139
10114.206896278 29.243366122 20.594407572 1.508437587 0.532480729 0.497847075 0.520052265 0.445149644
10114.240266397 29.273439842 20.617094251 1.505717125 0.528864197 0.502633354 0.522850186 0.440783456
10114.273640639 29.307486704 20.640869305 1.500359041 0.525680156 0.507381972 0.524993844 0.436583752
10114.307003123 29.361095967 20.679215427 1.486601562 0.521506888 0.514044844 0.527560040 0.430660967
10114.340375197 29.392471758 20.701333378 1.476379464 0.519223533 0.517590538 0.528972712 0.427428156
10114.373747710 29.439055173 20.733615174 1.459828540 0.516111350 0.522071247 0.531179137 0.422988667
10114.407104411 29.488778327 20.764740639 1.442391241 0.513557186 0.524807352 0.533735352 0.419479242
10114.440472737 29.523925908 20.787603523 1.432061082 0.511759324 0.525971051 0.536070687 0.417235025
10114.473840774 29.562771417 20.813007808 1.422080616 0.509690801 0.526670577 0.539112735 0.414958854
10114.507205243 29.627485909 20.854196625 1.408801735 0.508107995 0.525573769 0.543322251 0.412794635
10114.540577969 29.665966087 20.877608615 1.403395926 0.508325594 0.523901386 0.544912061 0.412556995
10114.573949409 29.717648558 20.905806923 1.398760885 0.509849866 0.521058463 0.545836184 0.413054540
10114.607312132 29.782070547 20.939961829 1.398692241 0.512804064 0.517260408 0.545725796 0.414315119
10114.640694451 29.819829638 20.958842780 1.401585872 0.515082754 0.515210707 0.544744256 0.415332854
10114.674071354 29.864513496 20.978219509 1.406039314 0.519499455 0.512377659 0.541768933 0.417224009
10114.707439714 29.922639005 20.999878951 1.415494604 0.528197488 0.507724805 0.534689227 0.421106123
10114.740794550 29.972797574 21.016139593 1.426713977 0.535515018 0.504270139 0.527805575 0.424684079
10114.774177084 29.994961465 21.022125056 1.431600851 0.538547072 0.502936420 0.524750725 0.426214365
10114.807530295 30.048380271 21.035595656 1.443486647 0.543926738 0.501049942 0.518505537 0.429237309
10114.840913244 30.108017679 21.050525654 1.457516130 0.547835753 0.500365728 0.512563402 0.432190798
10114.874262810 30.143637272 21.058729661 1.465102562 0.549898316 0.500047842 0.509184087 0.433930367
10114.907636040 30.202656271 21.071486818 1.478396408 0.553657012 0.499104959 0.502441146 0.438076531
10114.941006864 30.254004283 21.083089832 1.489161009 0.557143816 0.497949955 0.495987983 0.442303664
10114.974380197 30.291134227 21.091678194 1.494515308 0.558909665 0.497570589 0.492070909 0.444870449
10115.007742609 30.347453986 21.105242617 1.500282597 0.560227201 0.497679671 0.487518452 0.448091717
10115.041125575 30.402548702 21.119241628 1.502590946 0.561040999 0.497743216 0.483869388 0.450949115
10115.074482161 30.437957879 21.127877906 1.502140144 0.561716798 0.497258231 0.481672227 0.452990459
10115.107844203 30.482588708 21.137369939 1.500567627 0.562954962 0.495745862 0.478974580 0.455961733
10115.141210873 30.547426445 21.150399837 1.497823524 0.565865694 0.491402359 0.474832131 0.461361231
10115.174577316 30.576187062 21.155273217 1.496416943 0.567110069 0.489389027 0.473398588 0.463441827
10115.207941232 30.626280439 21.163356496 1.496065251 0.567813958 0.487201261 0.472423078 0.465874099
10115.241314892 30.692387048 21.171562453 1.498667362 0.566364784 0.487601832 0.473776761 0.465844358
10115.274689450 30.720648466 21.174007552 1.500199208 0.565654693 0.488325858 0.474532477 0.465179054
10115.308056862 30.768141768 21.176557015 1.502726027 0.564483136 0.489641086 0.476449232 0.463256436
10115.341411697 30.831486609 21.178866306 1.506733104 0.563869735 0.490454434 0.479063044 0.460438889
10115.374775356 30.867269534 21.178665232 1.508970848 0.563835498 0.490242873 0.480935406 0.458751122
10115.408149853 30.910635123 21.178475154 1.511477372 0.563477435 0.490167529 0.483999570 0.456040996
10115.441514137 30.968443361 21.174349661 1.513477452 0.563279634 0.489417450 0.488330073 0.452460334
10115.474881328 31.002618301 21.169380233 1.513987216 0.563827432 0.488045072 0.490285665 0.451143660
10115.508251410 31.049458124 21.157902682 1.512793104 0.566811748 0.483609613 0.491340334 0.451033103
10115.541636546 31.089465284 21.147830009 1.511086881 0.571463577 0.477699950 0.490083478 0.452824825
10115.575010190 31.133479958 21.130630606 1.506852409 0.579750593 0.467717559 0.486226578 0.456851453
10115.608352760 31.182211973 21.109144063 1.499588443 0.591488241 0.453586773 0.480087567 0.462511219
10115.641725275 31.224785737 21.087526429 1.491952303 0.601318925 0.441404028 0.475062169 0.466791142
10115.675093941 31.268417158 21.063562396 1.482548528 0.610841001 0.429199761 0.471106490 0.469807953
10115.708465853 31.315381899 21.033701793 1.471962227 0.619858866 0.417359583 0.469201329 0.470569949
10115.741838114 31.367135733 21.003878688 1.461572867 0.627735060 0.407078959 0.469834165 0.468498957
10115.775210174 31.402095341 20.980523016 1.455579146 0.632934503 0.400545611 0.471363713 0.465589281
10115.808573401 31.450369230 20.943044231 1.446550779 0.641470805 0.390400666 0.473890524 0.459924231
10115.841947548 31.495767238 20.904068416 1.435119975 0.651769805 0.378765940 0.475423854 0.453546738
10115.875314583 31.528951300 20.875079249 1.426287478 0.659557916 0.370199931 0.476426593 0.448277891
10115.908681869 31.562843266 20.841629724 1.414608226 0.668205907 0.360875729 0.478201487 0.441126866
10115.942057842 31.616924183 20.785716546 1.392634013 0.681860556 0.346907956 0.482391116 0.426637859
10115.975424712 31.647107721 20.754692559 1.379735898 0.689300217 0.339399814 0.484851013 0.417842641
10116.008797924 31.693716736 20.706279895 1.356657588 0.701546929 0.326865014 0.488059410 0.403471414
10116.042190448 31.739164757 20.657192918 1.330157802 0.714258371 0.313235843 0.490535730 0.388706810
10116.075546418 31.769779171 20.622786030 1.310445915 0.723137269 0.302996722 0.492175645 0.378191237
10116.108907430 31.811107648 20.577346814 1.281521348 0.734005584 0.289358091 0.494684740 0.364410079
10116.142282580 31.859214800 20.520179664 1.242563635 0.746320807 0.271631687 0.498796224 0.347021335
10116.175657161 31.887032006 20.486313508 1.217855358 0.753398505 0.260205135 0.501623071 0.336241394
10116.209014346 31.918219728 20.448713395 1.189072921 0.760813757 0.247019080 0.504838193 0.324472496
10116.242391438 31.954528827 20.402261016 1.151942280 0.770009467 0.228492278 0.508790970 0.309852301
10116.275761216 31.983141904 20.362371291 1.121591530 0.777036675 0.212054875 0.512456735 0.297716023
10116.309138115 32.006844762 20.327925416 1.096347916 0.782394824 0.197218588 0.515876727 0.287809608
10116.342514896 32.043210420 20.276923445 1.058464317 0.789200960 0.173450118 0.522321383 0.272501881
10116.375872926 32.061086499 20.250929513 1.038893047 0.791856864 0.160492638 0.526558425 0.264463692
10116.409243759 32.079675773 20.224406413 1.019054592 0.793965382 0.146494380 0.531575239 0.256097900
10116.442618246 32.106862040 20.185461684 0.992129268 0.795562241 0.125625019 0.539841189 0.244684624
10116.476016081 32.122421488 20.165256652 0.979513103 0.795328166 0.114742711 0.544914407 0.239490099
10116.509363966 32.145369150 20.137550410 0.964892200 0.793547879 0.099886834 0.552713406 0.234120214
10116.542719631 32.164896178 20.110938964 0.954898009 0.790441192 0.086532328 0.560179842 0.232192640
10116.576083328 32.179983140 20.094848999 0.949606667 0.787577343 0.077996630 0.565273745 0.232602768
10116.609462088 32.193881649 20.078927910 0.947324403 0.783982198 0.069177403 0.570413843 0.234977548
10116.642831164 32.219250474 20.055624116 0.947871471 0.775914729 0.057031439 0.579289246 0.243161918
10116.676206167 32.235352710 20.044508671 0.948974016 0.769413974 0.052217971 0.585738943 0.249369827
10116.709568780 32.256511943 20.029282994 0.952365741 0.757867857 0.046136707 0.596122902 0.261046359
10116.742940989 32.279068747 20.012358212 0.956471582 0.746920415 0.040428483 0.604721197 0.273473409
10116.776319616 32.291988015 20.005055021 0.958489526 0.741875039 0.037313087 0.608177429 0.279909585
10116.809679156 32.320715466 19.990670459 0.964737660 0.731280302 0.029118964 0.614366668 0.294847085
10116.843044167 32.346932851 19.977502166 0.972315046 0.722438773 0.021965625 0.618881991 0.307546437
10116.876410311 32.357569774 19.971256724 0.977841915 0.718856523 0.018892527 0.620385117 0.313066572
10116.909774355 32.388337802 19.960033215 0.991546527 0.712468262 0.009279498 0.620412751 0.327705486
10116.943146478 32.410796189 19.952872814 1.005769835 0.709572741 0.001632003 0.617470681 0.339461074
10116.976521161 32.428091955 19.949011986 1.016425453 0.706641991 -0.001941423 0.616153024 0.347863160
10117.009903880 32.447375902 19.948848278 1.036710824 0.700128636 -0.003445562 0.616088492 0.360891939
10117.043273309 32.475268315 19.947269519 1.058306189 0.691615525 -0.001671257 0.617396055 0.374816333
10117.076625517 32.495098431 19.948046555 1.075264884 0.686117739 0.000865015 0.617453165 0.384698959
10117.110004901 32.521046678 19.949507793 1.101209001 0.681581574 0.004562586 0.614449853 0.397337537
10117.143359621 32.559131740 19.950763361 1.131450670 0.681484782 0.008134493 0.604359332 0.412628308
10117.176729087 32.585118556 19.953803603 1.151561870 0.683522149 0.010423037 0.595339354 0.422208345
10117.210104742 32.621975358 19.956630053 1.178652032 0.686344372 0.015245366 0.583287839 0.434136245
10117.243462545 32.671505969 19.964184169 1.212503532 0.685580229 0.027212310 0.571997289 0.449509000
10117.276829643 32.704474345 19.971550951 1.233066421 0.681500750 0.039166896 0.568645116 0.458983021
10117.310217384 32.756196003 19.978364392 1.262606139 0.671944177 0.061290251 0.567805563 0.471520276
10117.343570269 32.808130973 19.991252022 1.288443040 0.660932245 0.086108761 0.567971755 0.482868444
10117.376933601 32.844596950 20.004471135 1.303626592 0.654305465 0.103095661 0.566698461 0.490008671
10117.410338948 32.898639821 20.021466252 1.323686939 0.648431459 0.125361775 0.560666154 0.499474256
10117.443666221 32.948984965 20.041392310 1.340771756 0.647256461 0.143138243 0.550060299 0.507941123
10117.477035374 32.973199937 20.052495549 1.348459519 0.647808910 0.150701797 0.543930817 0.511636444
10117.510416008 33.034972931 20.081644903 1.367270714 0.648603225 0.170552920 0.529695372 0.519276777
10117.543768162 33.088812664 20.109858463 1.383569517 0.643934557 0.193072620 0.524574060 0.522391908
10117.577137522 33.124745293 20.132708032 1.393850490 0.636911193 0.211966357 0.526022693 0.522220760
10117.610522721 33.180728976 20.166737718 1.411555157 0.621253077 0.245368980 0.534207239 0.518132516
10117.643869570 33.232310362 20.203614745 1.425125276 0.603315404 0.280003324 0.545063995 0.510405625
10117.677233907 33.257708511 20.222597972 1.431883248 0.594635020 0.296572446 0.550141475 0.505765099
10117.710628841 33.315755590 20.270247553 1.442731201 0.578518801 0.330704773 0.558045233 0.494505681
10117.743971163 33.362157442 20.309702639 1.448240892 0.571690403 0.352951792 0.558906467 0.486023329
10117.777343836 33.383238545 20.330486684 1.450405063 0.570227368 0.361898538 0.557825079 0.482391313
10117.810708118 33.432241255 20.376911256 1.452616955 0.567473660 0.382095282 0.555419781 0.472742749
10117.844090283 33.472370176 20.416148272 1.453643870 0.561645963 0.401158993 0.557132730 0.461766603
10117.877435353 33.490794960 20.436602382 1.453901012 0.556938768 0.411516370 0.559767062 0.455120119
10117.910830240 33.532874811 20.487113799 1.455763022 0.541728643 0.437890968 0.569570521 0.436315252
10117.944170648 33.565334084 20.528943040 1.457361689 0.527712662 0.458755479 0.578872495 0.419487057
10117.977534147 33.585259482 20.556207061 1.457730135 0.519519379 0.470742409 0.584220341 0.408886039
10118.010923325 33.610057519 20.596358476 1.460267046 0.510602479 0.484736253 0.589533361 0.395937230
10118.044286112 33.633392324 20.632253504 1.461210237 0.504527206 0.495481115 0.592785319 0.385430056
10118.077636945 33.642672720 20.650129624 1.461004418 0.502041056 0.500037128 0.593890300 0.381066873
10118.111023999 33.667123803 20.693499758 1.461792075 0.495549672 0.511257468 0.596242835 0.370864943
10118.144377715 33.686378560 20.727395703 1.461234334 0.488355607 0.521254861 0.598923191 0.362067925
10118.177741400 33.701110718 20.750843394 1.460059960 0.482143684 0.528829107 0.601382471 0.355269428
10118.211145425 33.721081560 20.787645738 1.458726738 0.471828299 0.540221372 0.605371228 0.345057390
10118.244479665 33.729619116 20.828035947 1.457217251 0.460408215 0.551756220 0.609566380 0.334691167
10118.277853649 33.743738930 20.853140588 1.454428160 0.452852784 0.559064128 0.612247090 0.327910288
10118.311230582 33.762233636 20.892775142 1.451029895 0.441925147 0.569251225 0.615654432 0.318786492
10118.344579556 33.781656526 20.929463858 1.446714783 0.432589224 0.577908733 0.617854272 0.311679577
10118.377939901 33.795126406 20.954893970 1.443804380 0.426593881 0.583401196 0.618864981 0.307679768
10118.411351437 33.810628695 20.985808762 1.440073266 0.419480551 0.589480608 0.620098456 0.303358839
10118.444676776 33.833648232 21.032634450 1.435177750 0.406333989 0.599188082 0.622926514 0.296359394
10118.478040263 33.845275450 21.058401982 1.433308388 0.398185762 0.604537269 0.624972190 0.292220038
10118.511452893 33.860727157 21.096213132 1.431948259 0.386353365 0.611975082 0.627867076 0.286357314
10118.544776200 33.876506542 21.137327095 1.433184230 0.374170289 0.619554685 0.630444096 0.280515291
10118.578145614 33.885680387 21.163083440 1.435407004 0.366648852 0.624265154 0.631906709 0.276686731
10118.611522302 33.895097166 21.191317980 1.438804659 0.358191905 0.629688068 0.633511864 0.271761320
10118.644880462 33.907810303 21.233406019 1.444875356 0.345480637 0.637733748 0.636073338 0.263342942
10118.678263977 33.916196118 21.266477694 1.449594330 0.336359679 0.643387829 0.638026847 0.256585290
10118.711625293 33.920189616 21.285792560 1.451940394 0.330671693 0.646597086 0.639542307 0.252099342
10118.744980159 33.925720598 21.319671218 1.456313915 0.319737907 0.652079717 0.642793617 0.243672073
10118.778355700 33.931178885 21.352814193 1.459702082 0.308168911 0.657462973 0.646390142 0.234423006
10118.811732443 33.934697288 21.368033444 1.460428014 0.302685094 0.659910902 0.648019868 0.230151226
10118.845079998 33.937070492 21.407056336 1.464801201 0.286668402 0.666874218 0.652460328 0.217705134
10118.878442505 33.938552781 21.440338115 1.468173255 0.274030434 0.672525060 0.655257948 0.207976889
10118.911819671 33.939613325 21.455001809 1.468505449 0.268555321 0.675024030 0.656306568 0.203672009
10118.945181503 33.941109624 21.494779994 1.470875159 0.255084138 0.681289326 0.658348017 0.193273963
10118.978545057 33.943770065 21.531865779 1.471843268 0.244202312 0.686566290 0.659393408 0.184911582
10119.011928986 33.945054743 21.548087227 1.471977365 0.239859599 0.688700578 0.659709587 0.181499715
10119.045307443 33.948082575 21.593581524 1.472507709 0.228973384 0.694217902 0.660068460 0.173038499
10119.078647126 33.952774933 21.631365921 1.470914979 0.221560468 0.698225945 0.659862795 0.167250053
10119.112034591 33.956838144 21.655720058 1.469474140 0.218101242 0.700304638 0.659491438 0.164548792
10119.145390097 33.961723511 21.690968052 1.468775757 0.214601740 0.702627811 0.658735996 0.162256399
10119.178753381 33.969145237 21.734255384 1.469526020 0.212540983 0.704324091 0.657664649 0.161960224
10119.212134445 33.974238382 21.760557995 1.470804366 0.212005061 0.704807283 0.657119741 0.162770371
10119.245486707 33.981923437 21.797748192 1.473964875 0.211471577 0.705041863 0.656536314 0.164790207
10119.278863630 33.989985010 21.834597561 1.478170980 0.211001368 0.705009445 0.656054808 0.167428179
10119.312245654 33.995996313 21.859670485 1.481621079 0.210803734 0.705022548 0.655620048 0.169314341
10119.345589419 34.004648030 21.894839875 1.486908072 0.210330802 0.705357655 0.654733063 0.171919016
10119.378959362 34.013249285 21.928469672 1.493678648 0.208580719 0.706242032 0.653899811 0.173583732
10119.412368608 34.017417891 21.944622367 1.497911457 0.207221858 0.706823116 0.653604504 0.173957858
10119.445698241 34.028941814 21.983681856 1.510185584 0.202213363 0.708933041 0.653083878 0.173219940
10119.479061486 34.039457425 22.017933777 1.522007787 0.196222538 0.710959922 0.653274397 0.171070945
10119.512435728 34.046810786 22.042079104 1.531233897 0.192141152 0.712229078 0.653481315 0.169628090
10119.545793148 34.059494974 22.078232406 1.543375186 0.187449510 0.713618580 0.653621149 0.168495094
10119.579168076 34.072058628 22.113445828 1.554380644 0.185373427 0.714238000 0.653332991 0.169283123
10119.612532337 34.079643399 22.130673838 1.559026036 0.185677242 0.714109252 0.653031029 0.170652899
10119.645891296 34.097808334 22.174030959 1.567910081 0.188738066 0.712904299 0.652058530 0.175968964
10119.679299959 34.116510615 22.214003240 1.572482228 0.194150585 0.710877232 0.650798463 0.182812671
10119.712637945 34.129181874 22.238914739 1.574719011 0.199014863 0.709010977 0.649822865 0.188219984
10119.746002434 34.150713808 22.277035471 1.577043720 0.207599135 0.705592283 0.648232796 0.197069460
10119.779385002 34.171866932 22.311837200 1.579322624 0.215529930 0.702068935 0.647129204 0.204621241
10119.812730844 34.183309496 22.328098859 1.580350247 0.218417583 0.700484047 0.647013279 0.207339519
10119.846093976 34.213145760 22.367013599 1.584001404 0.223649257 0.696681141 0.647810749 0.212032146
10119.879479295 34.239376342 22.400304711 1.590619158 0.227661709 0.693724613 0.648755652 0.214551654
10119.912838150 34.251625290 22.413506651 1.593696814 0.229804842 0.692368228 0.649072869 0.215685841
10119.946220488 34.285887973 22.448558665 1.603307911 0.238524041 0.687914181 0.649332357 0.219653936
10119.979583122 34.313635768 22.472918626 1.611431083 0.248907627 0.683507706 0.648647504 0.223871893
10120.012946369 34.332061030 22.487890929 1.616480480 0.257094536 0.680321472 0.647733415 0.226950473
10120.046325800 34.360822831 22.510413036 1.623576064 0.271461118 0.674994671 0.645783546 0.231634771
10120.079670582 34.388173878 22.533024221 1.629322807 0.285592637 0.670204264 0.643477434 0.234946553
10120.113030958 34.400683191 22.542859079 1.630885300 0.291982462 0.667965169 0.642527118 0.236067103
10120.146404742 34.430882384 22.569703820 1.634326342 0.305513529 0.663128717 0.640961878 0.236832556
10120.179778567 34.454811476 22.592848405 1.635374117 0.313171556 0.660149392 0.640918566 0.235265273
10120.213141240 34.465797192 22.602806320 1.635359656 0.316283619 0.658884751 0.641138646 0.234044429
10120.246496235 34.494034518 22.633885436 1.634367936 0.323987684 0.656031650 0.641338638 0.230952823
10120.279884428 34.515949359 22.658165642 1.631788807 0.331018575 0.653753618 0.640825056 0.228858379
10120.313242101 34.530700725 22.674823390 1.628760619 0.336508215 0.652072826 0.639974462 0.228026182
10120.346621868 34.554266080 22.700409122 1.622713906 0.346347207 0.649208436 0.637950990 0.227135540
10120.379974320 34.575490954 22.725676381 1.615012707 0.355992542 0.646627854 0.635605152 0.226158836
10120.413358194 34.585854861 22.739112833 1.610662836 0.360669071 0.645489413 0.634363564 0.225486379
10120.446702507 34.612652083 22.773565806 1.597385081 0.372686207 0.642591686 0.631310667 0.222772884
10120.480094388 34.634309100 22.803275296 1.585655642 0.381707437 0.640356282 0.629399819 0.219315146
10120.513444827 34.650060149 22.825013604 1.577166144 0.387580088 0.638816654 0.628523620 0.215993092
10120.546817654 34.673642677 22.857589470 1.564040213 0.395219830 0.636661264 0.628028980 0.209865005
10120.580200833 34.698689081 22.892212148 1.549949100 0.402236902 0.634820984 0.628156284 0.201562585
10120.613547743 34.709890297 22.907663838 1.543021550 0.405316363 0.634162498 0.628195366 0.197299657
10120.646927682 34.742249996 22.950844775 1.524028110 0.415408293 0.632632005 0.626863624 0.185080236
10120.680285555 34.770163811 22.984399880 1.506658818 0.427048899 0.631044644 0.623304722 0.175792831
10120.713642356 34.784867276 23.001067848 1.496380855 0.433850717 0.630352961 0.620692275 0.170791687
10120.747010283 34.813141526 23.030736426 1.474491146 0.446483526 0.629446126 0.615483783 0.160092938
10120.780407342 34.851090054 23.067892911 1.442391684 0.460922947 0.629856102 0.608530736 0.143253871
10120.813747601 34.866964402 23.082246625 1.427931995 0.466442178 0.630282466 0.605685740 0.135353211
10120.847129783 34.901761191 23.112037013 1.395763630 0.476756784 0.631622436 0.600016330 0.117202693
10120.880497974 34.938913068 23.143276268 1.361748775 0.485992314 0.633421322 0.594343502 0.096667997
10120.913852125 34.962797436 23.163680193 1.339711125 0.492008697 0.634556256 0.590159717 0.083530277
10120.947224209 34.996330454 23.193475766 1.306955564 0.501655320 0.635931094 0.582781226 0.065571535
10120.980575826 35.024203552 23.219437086 1.279416887 0.510866136 0.636844430 0.575076269 0.052270905
10121.013943314 35.055683528 23.250466022 1.246987926 0.521541662 0.637745123 0.565537442 0.037984942
10121.047316275 35.082058889 23.281005079 1.218600560 0.529697295 0.638623401 0.557597836 0.025798857
10121.080683334 35.122144823 23.328306836 1.174734386 0.539669994 0.639988525 0.546933811 0.005864491
10121.114052344 35.144235645 23.356350881 1.150115861 0.543237845 0.640926001 0.542279688 -0.006264583
10121.147423295 35.170941937 23.395408567 1.119411109 0.546216175 0.642437546 0.537094203 -0.021253383
10121.180780137 35.206089829 23.445661028 1.081387042 0.551259691 0.644328297 0.528751373 -0.037091557
10121.214143959 35.221813517 23.468232265 1.064894967 0.554589534 0.645255745 0.523730176 -0.042215808
10121.247527704 35.257920785 23.522742272 1.029746071 0.563352785 0.647993044 0.510095126 -0.050414460
10121.280876548 35.288926044 23.570010420 1.003659096 0.570561912 0.651042179 0.497572683 -0.054996463
10121.314240073 35.304769881 23.594123770 0.991956596 0.573838054 0.652905718 0.491126729 -0.056732234
10121.347614175 35.341462531 23.653482266 0.969405703 0.580203418 0.658022958 0.476272246 -0.059451899
10121.380991397 35.370753785 23.699600937 0.956928466 0.582857670 0.662678777 0.466334506 -0.060546704
10121.414364333 35.390642529 23.731895605 0.951582794 0.582649980 0.665917087 0.461899586 -0.061009898
10121.447721388 35.416098325 23.774253936 0.949784412 0.579492557 0.670472513 0.459362651 -0.060340211
10121.481078382 35.440884224 23.816390300 0.951708213 0.576111877 0.674753570 0.458031638 -0.054861130
10121.514445612 35.455526079 23.842168871 0.955362999 0.574906967 0.677440825 0.456408429 -0.047405203
10121.547811906 35.470985267 23.867222209 0.963622295 0.574927096 0.680376859 0.453188176 -0.034156126
10121.581188432 35.491188976 23.901789440 0.981626031 0.576328350 0.684242272 0.446759702 -0.007994622
10121.614547197 35.502805847 23.922978716 0.993980969 0.576542446 0.685954299 0.443842271 0.008339436
10121.647915481 35.515815278 23.947963743 1.017123096 0.575057766 0.687521265 0.442298176 0.031549937
10121.681285092 35.525990493 23.967926986 1.039080190 0.571636131 0.688000221 0.444377825 0.049154627
10121.714658590 35.537255480 23.993130125 1.065182680 0.565219285 0.687963232 0.450298778 0.066818881
10121.748039602 35.549111927 24.020230026 1.096481909 0.556747392 0.686797231 0.459499303 0.084866340
10121.781407518 35.560037040 24.041179439 1.124595384 0.549678299 0.684519985 0.468234368 0.100213443
10121.814753665 35.572172700 24.064496469 1.153962035 0.542353329 0.681222750 0.477885155 0.115819730
10121.848123732 35.586856487 24.090449378 1.188813353 0.534687662 0.675969906 0.488848310 0.134911527
10121.881493217 35.603584095 24.114600060 1.224038987 0.529468672 0.668431021 0.498114873 0.157303748
10121.914866127 35.615746093 24.130918312 1.248035904 0.527677122 0.661989720 0.502904138 0.174395795
10121.948220813 35.632807105 24.149641094 1.282503610 0.527607711 0.651214681 0.507261520 0.200587371
10121.981600609 35.650253115 24.163193540 1.317161846 0.529080779 0.639409857 0.509664855 0.226870666
10122.014961064 35.662310688 24.171230614 1.341568646 0.529917635 0.631095027 0.511119141 0.244261317
10122.048363478 35.679352864 24.179268456 1.377216921 0.530010733 0.619501421 0.513766715 0.267114910
10122.081701391 35.696625089 24.185466344 1.411285527 0.528739331 0.609004479 0.517088754 0.286648715
10122.115063315 35.708894967 24.188496347 1.435023792 0.527899459 0.601582383 0.519377353 0.299446092
10122.148431875 35.727325155 24.192147848 1.467625005 0.526758754 0.590954442 0.522369543 0.316903966
10122.181795335 35.744018590 24.193748343 1.498398919 0.525246640 0.581231249 0.525281472 0.332213149
10122.215158456 35.757487193 24.193947808 1.522873273 0.524016620 0.573317226 0.527465762 0.344229298
10122.248524615 35.774345354 24.194996966 1.550478677 0.522061620 0.564504051 0.529864083 0.357814049
10122.281898840 35.795846338 24.196453753 1.583959512 0.518759554 0.553832083 0.532938728 0.374345912
10122.315266040 35.809545408 24.197379330 1.603305932 0.516541242 0.547319531 0.534563450 0.384536597
10122.348641926 35.828370741 24.195893927 1.629557800 0.513891230 0.537343249 0.536331888 0.399407238
10122.381995321 35.853367037 24.198162145 1.650591599 0.511793092 0.526989628 0.537089483 0.414589737
10122.415357475 35.862235401 24.196689319 1.660568924 0.510789481 0.522318486 0.537391582 0.421293001
10122.448724896 35.888115733 24.194226425 1.684081932 0.507560534 0.510837891 0.538470327 0.437580461
10122.482097137 35.909415326 24.190545654 1.700491544 0.504934421 0.502201009 0.539372929 0.449346437
10122.515466759 35.921666984 24.190776498 1.706974612 0.503895182 0.498046531 0.539689751 0.454724390
10122.548836147 35.949899128 24.186479432 1.721584996 0.502519494 0.487188323 0.540020688 0.467439143
10122.582201733 35.976106645 24.182965759 1.729390719 0.502915694 0.477274300 0.539436163 0.477800871
10122.615582040 35.988796774 24.181501174 1.731751044 0.503313641 0.472897541 0.538963705 0.482246223
10122.648940080 36.017838507 24.176515547 1.736755605 0.502989163 0.464526156 0.539051789 0.490551241
10122.682298977 36.044507652 24.173476770 1.737027474 0.501108487 0.461561942 0.540291032 0.493899239
10122.715661758 36.058244798 24.172374926 1.735785482 0.500112895 0.461043179 0.540941613 0.494680150
10122.749031067 36.095846910 24.169333790 1.732490719 0.498311742 0.460792454 0.541744167 0.495851772
10122.782410056 36.131716103 24.168177994 1.726154359 0.498947908 0.460607765 0.540388692 0.496861683
10122.815762632 36.168836552 24.166982554 1.720713010 0.501891225 0.459491687 0.536823895 0.498791233
10122.849136028 36.195091729 24.167527597 1.713828611 0.504732060 0.458666713 0.533493150 0.500255387
10122.882502175 36.238234730 24.165423123 1.701398533 0.511900012 0.455920863 0.526164962 0.503234514
10122.915879511 36.279836995 24.161577636 1.686606103 0.521096208 0.452241997 0.517156743 0.506443305
10122.949233635 36.309184604 24.158313996 1.674699750 0.528823801 0.449090435 0.510075963 0.508414870
10122.982606374 36.353760562 24.152246710 1.657586238 0.540977222 0.444311503 0.499289007 0.510530530
10123.015971616 36.397742048 24.145160069 1.638718751 0.553329720 0.439879229 0.488907457 0.511177057
10123.049348986 36.429461747 24.140224533 1.624751646 0.560840230 0.438037977 0.482800162 0.510377283
10123.082709629 36.474989672 24.133123752 1.603309171 0.569534359 0.437530897 0.476377549 0.507209779
10123.116088024 36.521974899 24.125936177 1.580453173 0.576006649 0.439564954 0.472710460 0.501541437
10123.149449886 36.552354524 24.120007238 1.564555217 0.579692088 0.441419678 0.471363128 0.496913023
10123.182809070 36.594843384 24.110704748 1.541746661 0.585362137 0.443037556 0.469508372 0.490541315
10123.216169999 36.636146907 24.098788563 1.519631081 0.592622615 0.441950668 0.466675966 0.485480778
10123.249552924 36.663330912 24.089827643 1.504034591 0.598383866 0.440064187 0.464140561 0.482549272
10123.282903973 36.693775199 24.076945353 1.488369079 0.605380116 0.437108458 0.460885129 0.479620692
10123.316272815 36.740970181 24.056741019 1.466013994 0.615460579 0.433146374 0.456657393 0.474401223
10123.349637989 36.766193818 24.044076107 1.453644839 0.620503206 0.431692721 0.455207036 0.470535568
10123.383012212 36.804289989 24.025411624 1.437425090 0.626608362 0.430972699 0.454402855 0.463834604
10123.416413692 36.842613391 24.005659534 1.421771779 0.632350709 0.430502065 0.454303683 0.456518035
10123.449739786 36.865787513 23.992975857 1.411116357 0.636356904 0.429649877 0.454044064 0.451989892
10123.483123256 36.907534647 23.969504613 1.392909372 0.643874363 0.426987434 0.452927478 0.444931721
10123.516480267 36.947181046 23.947296904 1.375252539 0.650875303 0.423625468 0.451735068 0.439133501
10123.549839408 36.964916763 23.935839483 1.366614262 0.654073053 0.421889952 0.451415099 0.436373370
10123.583208546 37.012983085 23.907607695 1.344592544 0.661379305 0.417760978 0.451238758 0.429461016
10123.616576686 37.054160637 23.884189464 1.326574110 0.666220953 0.414913138 0.452278808 0.423604308
10123.649962111 37.074942320 23.872501258 1.318494287 0.667996544 0.413815615 0.453437790 0.420632172
10123.683314452 37.123207459 23.847269416 1.302329862 0.670146503 0.412563174 0.457562784 0.413922202
10123.716681570 37.164584422 23.826020642 1.291878806 0.670771243 0.411701460 0.461709878 0.409135473
10123.750051180 37.193173680 23.810941893 1.286941266 0.671326111 0.410555552 0.464047131 0.406725523
10123.783427147 37.233753742 23.791183918 1.280997997 0.672821277 0.407741060 0.465630928 0.405273484
10123.816783968 37.272791348 23.770489569 1.279575384 0.675524191 0.403404011 0.465194691 0.405618256
10123.850162387 37.289709252 23.760821099 1.280209396 0.677124578 0.400971142 0.464322371 0.406360905
10123.883522251 37.324962740 23.739718213 1.284246678 0.681280286 0.394850999 0.460963252 0.409222116
10123.916893711 37.361138039 23.721389687 1.290264328 0.685364314 0.388950552 0.456866696 0.412633066
10123.950274429 37.377857443 23.713815804 1.293896934 0.686979355 0.386587169 0.454892084 0.414346375
10123.983625826 37.411513784 23.700848686 1.304227561 0.689543116 0.382356020 0.450735845 0.418534782
10124.016994136 37.437406925 23.691849849 1.316315105 0.690497903 0.379785881 0.447787642 0.422447107
10124.050377669 37.451366658 23.688049462 1.321727341 0.690702974 0.378626432 0.446506111 0.424504088
10124.083727428 37.482245804 23.680884637 1.337129044 0.690367647 0.376011162 0.443651403 0.430327260
10124.117098721 37.509605601 23.677836740 1.348916917 0.689629642 0.373917606 0.441684020 0.435329538
10124.150485833 37.524819511 23.677881671 1.354977257 0.689275277 0.372713564 0.440474246 0.438139966
10124.183831275 37.561280388 23.674691957 1.368759154 0.688569440 0.369281774 0.437725565 0.444858884
10124.217193981 37.591312860 23.673004135 1.380166474 0.687880793 0.366091554 0.435265419 0.450933481
10124.250574005 37.607566119 23.672892343 1.386212979 0.687432663 0.364321552 0.433988377 0.454268895
10124.283931494 37.642368241 23.671720321 1.398362329 0.686084782 0.360898702 0.431941443 0.460940765
10124.317302603 37.679845045 23.672608009 1.411733012 0.683922206 0.357513799 0.430368026 0.468206859
10124.350700838 37.703657085 23.673096049 1.420274722 0.682537586 0.355151205 0.429285427 0.472994806
10124.384061309 37.731066447 23.673150872 1.430901982 0.681225652 0.351854409 0.427696418 0.478754488
10124.417406887 37.774114191 23.672455321 1.447295844 0.680311989 0.344574833 0.423480333 0.488986902
10124.450806334 37.790553921 23.672369827 1.453616447 0.680352733 0.340998102 0.421270828 0.493326811
10124.484138168 37.823616184 23.671094952 1.466744614 0.681004286 0.332601491 0.415919678 0.502613402
10124.517505358 37.862956495 23.668908059 1.482632172 0.682118174 0.321591334 0.408910912 0.513892671
10124.550892138 37.883337963 23.667511111 1.490709434 0.682424028 0.316043074 0.405522389 0.519582346
10124.584245782 37.906518975 23.664634732 1.499752180 0.682250140 0.310177446 0.402169122 0.525913202
10124.617607837 37.939357149 23.662668763 1.512592325 0.680302907 0.304234962 0.399431254 0.533932314
10124.651005625 37.953021287 23.661395749 1.517845546 0.678708492 0.302929145 0.399268112 0.536818117
10124.684343607 37.982222585 23.658530878 1.529792628 0.673827822 0.302103494 0.400697749 0.542338326
10124.717716052 38.007303982 23.656006146 1.538377613 0.669586739 0.301672766 0.401974250 0.546867300
10124.751105498 38.018908170 23.654550624 1.541746470 0.668363102 0.300562132 0.401539040 0.549290058
10124.784463074 38.046920666 23.648935585 1.547868092 0.668426786 0.293622575 0.396217122 0.556779496
10124.817818823 38.068878116 23.642278790 1.550863117 0.670666241 0.284146135 0.388203235 0.564593674
10124.851203265 38.080427273 23.639003476 1.552350398 0.671964680 0.278642610 0.383786507 0.568796696
10124.884561944 38.107693451 23.632906305 1.555588027 0.673351893 0.268704388 0.375153229 0.577628976
10124.917929998 38.134416811 23.626912082 1.557164707 0.672758572 0.262422108 0.369519709 0.584795456
10124.951327429 38.147265703 23.624057302 1.557080054 0.672454095 0.259258444 0.366808335 0.588253512
10124.984665245 38.176163318 23.616185775 1.554912770 0.671978246 0.249887215 0.359662364 0.597197288
10125.018025275 38.199319796 23.609823229 1.551076911 0.670925568 0.242722811 0.354349428 0.604467536
10125.051436593 38.214641778 23.606428907 1.547147903 0.669583631 0.238776408 0.351514512 0.609164292
10125.084762071 38.238214680 23.601923707 1.540387209 0.666669681 0.234276341 0.348347301 0.615889836
10125.118131076 38.263977381 23.599290211 1.533404999 0.662259224 0.233084165 0.347295578 0.621667334
10125.151512060 38.277616605 23.598893453 1.529741806 0.659677812 0.233486654 0.347223090 0.624295837
10125.184873836 38.313092061 23.597630993 1.521416705 0.653381918 0.234761368 0.346490573 0.630811741
10125.218252565 38.342041290 23.595992881 1.514576346 0.649772359 0.233586725 0.343393608 0.636642721
10125.251639188 38.362605982 23.594811975 1.510220492 0.648424486 0.231042272 0.339532673 0.641001341
10125.284979625 38.389968109 23.591560420 1.503994240 0.648402505 0.225430635 0.332155677 0.646859974
10125.318347152 38.420135713 23.588202168 1.497083574 0.650339074 0.216126979 0.320578604 0.653894162
10125.351726791 38.439826399 23.586452016 1.492593745 0.652112668 0.209596947 0.312334013 0.658229179
10125.385085938 38.465984673 23.582446775 1.486491015 0.654547916 0.201029436 0.301046146 0.663720882
10125.418451050 38.495539169 23.579974936 1.479160519 0.655483269 0.196067254 0.291755517 0.668414567
10125.451825269 38.509726952 23.578657379 1.475322181 0.655334004 0.195261976 0.288518195 0.670199489
10125.485179643 38.545454908 23.574198416 1.465701458 0.654009454 0.196186287 0.282653908 0.673713102
10125.518548345 38.574759573 23.572285387 1.457462842 0.652272639 0.199274543 0.279110698 0.675963962
10125.551932877 38.589341036 23.570751274 1.453322988 0.651557470 0.201147662 0.277506243 0.676759016
10125.585282933 38.627143483 23.567676357 1.442068894 0.650554959 0.204998548 0.272287835 0.678684886
10125.618649348 38.658873388 23.564404643 1.432663700 0.651197286 0.205727242 0.265267324 0.680625920
10125.652026291 38.674543522 23.562455916 1.427715820 0.652098403 0.204836655 0.260668042 0.681807736
10125.685383302 38.709913175 23.556181931 1.415851736 0.655651963 0.199392319 0.247346640 0.684969230
10125.718751020 38.736306196 23.550047331 1.406298342 0.659735002 0.191421236 0.234208307 0.687934668
10125.752126291 38.754215061 23.546142098 1.399034957 0.662647395 0.185166798 0.224799532 0.689983230
10125.785495899 38.774563707 23.540194065 1.388882283 0.666492236 0.176113106 0.212776391 0.692458288
10125.818850408 38.793984615 23.534093022 1.376996073 0.669306418 0.169591518 0.203460318 0.694169673
10125.852242969 38.807723673 23.529816949 1.367628386 0.670395488 0.167403323 0.199364661 0.694837930
10125.885581641 38.822046848 23.526213759 1.355129747 0.671029323 0.166369203 0.196166882 0.695384419
10125.918962511 38.836920949 23.519547411 1.341164076 0.671575925 0.165837211 0.192891477 0.695899903
10125.952318437 38.842785235 23.516977222 1.335159524 0.671931262 0.165604680 0.191236000 0.696069150
10125.985679589 38.857667301 23.509474111 1.321993517 0.673581412 0.164365012 0.185705998 0.696265400
10126.019046590 38.868552708 23.502584967 1.313149840 0.675790635 0.161656779 0.179327718 0.696430666
10126.052438584 38.877681055 23.496015791 1.307390883 0.677734039 0.158982375 0.174009421 0.696506926
10126.085781637 38.884517755 23.489942679 1.300905384 0.679910055 0.156567541 0.168297435 0.696336769
10126.119155707 38.899666350 23.478680190 1.290704284 0.682419989 0.156650669 0.162729020 0.695185438
10126.152544767 38.908406609 23.471581636 1.284250043 0.683315069 0.159172622 0.161929072 0.693918992
10126.185888840 38.921899210 23.463711780 1.273156541 0.683780840 0.165958634 0.163552401 0.691485434
10126.219253756 38.934289172 23.454672262 1.260439424 0.683681724 0.175796996 0.167821355 0.688121144
10126.252616803 38.941138127 23.448866470 1.253119738 0.683407843 0.182228017 0.171321426 0.685853949
10126.285978837 38.953527472 23.440574882 1.240135512 0.682435073 0.193668484 0.177889495 0.682004558
10126.319349821 38.966509184 23.432720806 1.226894661 0.681424112 0.204511570 0.185051828 0.677932163
10126.352720806 38.972343627 23.427904085 1.219871183 0.680731381 0.211291402 0.189749475 0.675245043
10126.386089778 38.980332894 23.420929443 1.209763898 0.679588215 0.220557834 0.196479268 0.671498322
10126.419499711 38.988390544 23.414888402 1.200979128 0.677959293 0.230486416 0.204206175 0.667493106
10126.452818657 38.993844094 23.411610170 1.195682431 0.676150597 0.239008163 0.211170034 0.664155618
10126.486198598 39.001444993 23.407503435 1.188926489 0.672973031 0.251680177 0.222072063 0.659126989
10126.519557517 39.008968564 23.404658557 1.181992316 0.668865233 0.265674117 0.234668722 0.653427238
10126.552917460 39.014161229 23.402655188 1.176533649 0.664826573 0.277680935 0.246119790 0.648323974
10126.586285391 39.017727010 23.400731603 1.171037449 0.660999735 0.287957494 0.256600257 0.643673939
10126.619652156 39.022562886 23.399637381 1.164463345 0.656454124 0.298949083 0.269018288 0.638221427
10126.653017834 39.024227556 23.398300253 1.160767383 0.653982660 0.304138410 0.275485362 0.635542542
10126.686380727 39.024300205 23.396120051 1.156370923 0.651246773 0.308758331 0.283312672 0.632676744
10126.719756527 39.024078481 23.394439691 1.152391557 0.649347918 0.310842579 0.289013909 0.631027047
10126.753128222 39.024175439 23.393471018 1.150271732 0.648667282 0.311216047 0.291186687 0.630543927
10126.786491921 39.022420650 23.391461032 1.146517513 0.647584806 0.310249598 0.295482341 0.630134345
10126.819846708 39.021206833 23.390005892 1.143232143 0.647538339 0.307699954 0.297207867 0.630620585
10126.853212559 39.020942877 23.389216995 1.141662958 0.647671084 0.306238534 0.297640296 0.630991586
10126.886578429 39.019615247 23.388077998 1.138627296 0.647815605 0.302944336 0.298984222 0.631797520
10126.919953315 39.019199587 23.387150798 1.136087632 0.647786683 0.300837744 0.300087774 0.632310361
10126.953322212 39.019232632 23.386438411 1.133523247 0.647501386 0.299463394 0.301362104 0.632648807
10126.986696122 39.019240849 23.386027894 1.131746295 0.647299640 0.298626148 0.302182753 0.632859529
10127.020050819 39.020899525 23.384607971 1.128822640 0.647095056 0.297731324 0.302938215 0.633129122
10127.053450555 39.020661141 23.383775441 1.127582745 0.646871384 0.296620077 0.303356385 0.633678820
10127.086774537 39.020349524 23.383750211 1.126584800 0.646731061 0.295864088 0.303350923 0.634177889
10127.120146307 39.020319315 23.383794734 1.125489361 0.646406547 0.295466704 0.303196981 0.634767354
10127.153515861 39.020717629 23.383944469 1.124797198 0.646132498 0.295356698 0.302638209 0.635363936
10127.186876266 39.021304538 23.384224401 1.124546331 0.645968112 0.295516747 0.301974248 0.635772446
10127.220266803 39.022942313 23.384547964 1.124471041 0.645822160 0.296132511 0.300681854 0.636246569
10127.253611589 39.025263136 23.384918926 1.124033848 0.645730912 0.296966411 0.299233902 0.636633028
10127.286975620 39.026920176 23.385072861 1.124063038 0.645685051 0.297942818 0.298146791 0.636733369
10127.320413515 39.029308828 23.385166359 1.124211785 0.645722964 0.299373998 0.296454283 0.636813883
10127.353719176 39.031987811 23.385264455 1.124247340 0.645837785 0.301031486 0.294555359 0.636797252
10127.387095802 39.033839569 23.385339402 1.124058741 0.645978948 0.302140310 0.293285246 0.636715162
10127.420471430 39.036597158 23.385451753 1.123658175 0.646252807 0.303929102 0.291401692 0.636450677
10127.453811152 39.039151608 23.385546677 1.122914292 0.646522883 0.305790343 0.289728725 0.636048499
10127.487175021 39.040808137 23.385710859 1.122230062 0.646721464 0.307093562 0.288671406 0.635699388
10127.520547979 39.043000467 23.386130266 1.121129217 0.646864484 0.309322932 0.287560519 0.634976072
10127.553908903 39.045031568 23.386569426 1.119613074 0.647050981 0.311633965 0.286659084 0.634062985
10127.587281897 39.046176903 23.386793262 1.118407830 0.647438717 0.312692722 0.285808702 0.633529600
10127.620644831 39.047382290 23.386962392 1.116668537 0.648162963 0.313849360 0.284521193 0.632796210
10127.654010713 39.048258200 23.387426768 1.115652125 0.649049769 0.314618168 0.283056606 0.632161976
10127.687376668 39.048634043 23.387417720 1.114554390 0.649813873 0.314929265 0.282171920 0.631617365
10127.720743616 39.049444481 23.387748830 1.114159325 0.650961299 0.315582714 0.281123107 0.630576511
10127.754108587 39.050238924 23.387240681 1.112863400 0.651883710 0.316799388 0.281106461 0.629019025
10127.787486563 39.051199836 23.386673687 1.111729632 0.652508999 0.317914316 0.281457487 0.627649724
10127.820844553 39.052061647 23.385125899 1.109787167 0.653487101 0.319175091 0.282040803 0.625727461
10127.854223526 39.052700435 23.383538887 1.108369507 0.654884162 0.319571190 0.282080399 0.624044579
10127.887589498 39.052906613 23.382484461 1.107345558 0.655897494 0.319557688 0.282019739 0.623013827
10127.920946507 39.053124155 23.380821675 1.106450686 0.657592030 0.319099538 0.281693992 0.621608158
10127.954321451 39.053133546 23.379285080 1.105627973 0.659166131 0.318655372 0.281639116 0.620192046
10127.987675418 39.053178145 23.378222471 1.104989854 0.660083906 0.318658867 0.281989286 0.619053960
10128.021041413 39.053370990 23.376655168 1.103981059 0.661169268 0.318931257 0.282904039 0.617335693
10128.054431406 39.053536540 23.375004042 1.102863748 0.662246433 0.318975091 0.283769231 0.615759350
10128.087772396 39.053467675 23.373885580 1.102078566 0.663127559 0.318561802 0.284031637 0.614903445
10128.121143404 39.054035232 23.372153878 1.101155798 0.664445389 0.317409344 0.283416502 0.614360415
10128.154515416 39.053702314 23.370335363 1.100573654 0.666636431 0.314768813 0.281852537 0.614064826
10128.187881431 39.053449905 23.369183701 1.100414572 0.668102665 0.312714250 0.280471909 0.614153186
10128.221243446 39.053250960 23.367086911 1.099952792 0.670681185 0.308769536 0.277485976 0.614694766
10128.254605455 39.053387792 23.365034603 1.099257448 0.673200085 0.304735112 0.274204638 0.615426659
10128.287972465 39.053610867 23.363852981 1.098776861 0.674415896 0.302836534 0.272680150 0.615709971
10128.321344475 39.053839301 23.362612142 1.097491446 0.675326187 0.301391483 0.271638725 0.615881577
10128.354709485 39.054023827 23.362114109 1.096433893 0.675461607 0.301197367 0.271598055 0.615845971
10128.388074495 39.054259596 23.362192936 1.095889212 0.675263941 0.301515475 0.271807895 0.615814499
10128.421466485 39.054599027 23.363166431 1.095138239 0.674605241 0.302447692 0.272403340 0.615816192
10128.454814472 39.054962342 23.364949480 1.094640200 0.673658669 0.303686730 0.273058904 0.615952273
