# timestamp tx ty tz qx qy qz qw  (localization: SE2 map-aligned cam0)
9998.683599000 33.346534798 33.450526019 1.276787731 0.239327701 0.187071209 0.929083838 -0.211020939
9998.716932333 33.373475886 33.401522736 1.276175613 0.235433807 0.188985131 0.929210002 -0.213129807
9998.750265667 33.400415800 33.352518572 1.275562301 0.231534430 0.190894651 0.929314526 -0.215233712
9998.783599000 33.427354556 33.303513520 1.274947790 0.227629661 0.192799725 0.929397409 -0.217332603
9998.816932333 33.454292167 33.254507572 1.274332070 0.223719590 0.194700310 0.929458646 -0.219426433
9998.850265667 33.481228648 33.205500720 1.273715134 0.219804310 0.196596359 0.929498238 -0.221515154
9998.883599000 33.508164015 33.156492956 1.273096977 0.215883911 0.198487831 0.929516182 -0.223598715
9998.916932333 33.535098280 33.107484271 1.272477588 0.211958483 0.200374680 0.929512480 -0.225677069
9998.950265667 33.562031460 33.058474658 1.271856963 0.208028120 0.202256863 0.929487130 -0.227750167
9998.983599000 33.588963568 33.009464109 1.271235092 0.204092912 0.204134336 0.929440133 -0.229817961
9999.016932333 33.615894621 32.960452616 1.270611971 0.200152951 0.206007053 0.929371491 -0.231880403
9999.050265667 33.642824633 32.911440172 1.269987591 0.196208328 0.207874974 0.929281206 -0.233937445
9999.083599000 33.669753618 32.862426769 1.269361946 0.192259136 0.209738053 0.929169278 -0.235989040
9999.116932333 33.696681593 32.813412400 1.268735029 0.188305466 0.211596248 0.929035711 -0.238035137
9999.150265667 33.723608574 32.764397056 1.268106834 0.184347412 0.213449515 0.928880508 -0.240075691
9999.183599000 33.750534575 32.715380732 1.267477354 0.180385063 0.215297811 0.928703673 -0.242110655
9999.216932333 33.777459612 32.666363420 1.266846584 0.176418514 0.217141093 0.928505210 -0.244139979
9999.250265667 33.804383701 32.617345113 1.266214515 0.172447857 0.218979318 0.928285122 -0.246163618
9999.283599000 33.831306857 32.568325804 1.265581144 0.168473184 0.220812444 0.928043416 -0.248181524
9999.316932333 33.858229096 32.519305485 1.264946465 0.164494586 0.222640427 0.927780097 -0.250193650
9999.350265667 33.885150435 32.470284151 1.264310470 0.160512158 0.224463224 0.927495171 -0.252199951
9999.383599000 33.912070888 32.421261795 1.263673156 0.156525992 0.226280795 0.927188645 -0.254200377
9999.416932333 33.938990472 32.372238409 1.263034515 0.152536181 0.228093095 0.926860526 -0.256194884
9999.450265667 33.965909204 32.323213988 1.262394543 0.148542817 0.229900084 0.926510822 -0.258183423
9999.483599000 33.992827100 32.274188524 1.261753234 0.144545993 0.231701719 0.926139540 -0.260165950
9999.516932333 34.019744175 32.225162012 1.261110584 0.140545804 0.233497957 0.925746690 -0.262142418
9999.550265667 34.046660447 32.176134446 1.260466586 0.136542341 0.235288757 0.925332280 -0.264112781
9999.583599000 34.073575932 32.127105819 1.259821237 0.132535699 0.237074079 0.924896320 -0.266076993
9999.616932333 34.100490646 32.078076125 1.259174531 0.128525970 0.238853879 0.924438821 -0.268035009
9999.650265667 34.127404605 32.029045359 1.258526464 0.124513247 0.240628116 0.923959792 -0.269986783
9999.683599000 34.154317828 31.980013513 1.257877032 0.120497625 0.242396749 0.923459246 -0.271932269
9999.716932333 34.181230329 31.930980584 1.257226229 0.116479196 0.244159738 0.922937194 -0.273871422
9999.750265667 34.208142127 31.881946566 1.256574052 0.112458056 0.245917040 0.922393647 -0.275804196
9999.783599000 34.235053238 31.832911452 1.255920496 0.108434296 0.247668615 0.921828619 -0.277730548
9999.816932333 34.261963679 31.783875237 1.255265558 0.104408011 0.249414421 0.921242123 -0.279650432
9999.850265667 34.288873467 31.734837917 1.254609233 0.100379294 0.251154420 0.920634173 -0.281563803
9999.883599000 34.315782619 31.685799484 1.253951519 0.096348238 0.252888570 0.920004782 -0.283470616
9999.916932333 34.342691152 31.636759936 1.253292409 0.092314940 0.254616830 0.919353965 -0.285370828
9999.950265667 34.369599084 31.587719266 1.252631904 0.088279492 0.256339160 0.918681737 -0.287264394
9999.983599000 34.396506431 31.538677471 1.251969996 0.084241988 0.258055521 0.917988115 -0.289151270
10000.016932333 34.423413211 31.489634544 1.251306686 0.080202522 0.259765871 0.917273113 -0.291031413
10000.050265667 34.450319442 31.440590480 1.250641967 0.076161187 0.261470172 0.916536750 -0.292904777
10000.083599000 34.477225140 31.391545277 1.249975839 0.072118081 0.263168383 0.915779042 -0.294771320
10000.116932333 34.504130323 31.342498930 1.249308298 0.068073293 0.264860466 0.915000006 -0.296630998
10000.150265667 34.531035010 31.293451433 1.248639341 0.064026921 0.266546381 0.914199661 -0.298483768
10000.183599000 34.557939216 31.244402783 1.247968966 0.059979058 0.268226088 0.913378026 -0.300329586
10000.216932333 34.584842960 31.195352975 1.247297170 0.055929797 0.269899549 0.912535119 -0.302168410
10000.250265667 34.611746260 31.146302005 1.246623951 0.051879234 0.271566724 0.911670960 -0.304000198
10000.283599000 34.638649133 31.097249870 1.245949307 0.047827462 0.273227574 0.910785570 -0.305824905
10000.316932333 34.665551596 31.048196566 1.245273236 0.043774578 0.274882062 0.909878968 -0.307642490
10000.350265667 34.692453667 30.999142088 1.244595735 0.039720673 0.276530147 0.908951177 -0.309452911
10000.383599000 34.719355366 30.950086434 1.243916804 0.035665844 0.278171793 0.908002217 -0.311256125
10000.416932333 34.746256709 30.901029599 1.243236439 0.031610183 0.279806960 0.907032111 -0.313052090
10000.450265667 34.773157713 30.851971582 1.242554640 0.027553787 0.281435610 0.906040882 -0.314840764
10000.483599000 34.800058398 30.802912377 1.241871407 0.023496749 0.283057708 0.905028551 -0.316622106
10000.516932333 34.826958781 30.753851982 1.241186735 0.019439163 0.284673212 0.903995145 -0.318396074
10000.550265667 34.853858879 30.704790394 1.240500627 0.015381126 0.286282087 0.902940685 -0.320162627
10000.583599000 34.880758711 30.655727610 1.239813079 0.011322730 0.287884294 0.901865196 -0.321921725
10000.616932333 34.907658295 30.606663627 1.239124092 0.007264071 0.289479798 0.900768704 -0.323673325
10000.650265667 34.934557648 30.557598442 1.238433663 0.003205241 0.291068560 0.899651235 -0.325417387
10000.683599000 34.961456789 30.508532053 1.237741794 -0.000853662 0.292650542 0.898512814 -0.327153870
10000.716932333 34.988355737 30.459464458 1.237048483 -0.004912547 0.294225711 0.897353467 -0.328882734
10000.750265667 35.015254508 30.410395654 1.236353731 -0.008971316 0.295794025 0.896173223 -0.330603940
10000.783599000 35.042153122 30.361325637 1.235657536 -0.013029876 0.297355452 0.894972107 -0.332317446
10000.816932333 35.069051596 30.312254407 1.234959899 -0.017088133 0.298909954 0.893750149 -0.334023213
10000.850265667 35.095949948 30.263181962 1.234260820 -0.021145992 0.300457495 0.892507376 -0.335721200
10000.883599000 35.122848196 30.214108300 1.233560299 -0.025203358 0.301998038 0.891243819 -0.337411369
10000.916932333 35.149746359 30.165033418 1.232858337 -0.029260138 0.303531548 0.889959504 -0.339093680
10000.950265667 35.176644455 30.115957315 1.232154933 -0.033316236 0.305057989 0.888654465 -0.340768094
10000.983599000 35.203542501 30.066879988 1.231450090 -0.037371558 0.306577326 0.887328729 -0.342434572
10001.016932333 35.230440517 30.017801438 1.230743807 -0.041426010 0.308089522 0.885982329 -0.344093075
10001.050265667 35.257338521 29.968721662 1.230036085 -0.045479497 0.309594545 0.884615295 -0.345743565
10001.083599000 35.284236529 29.919640660 1.229326925 -0.049531926 0.311092356 0.883227660 -0.347386003
10001.116932333 35.311134561 29.870558430 1.228616330 -0.053583200 0.312582924 0.881819455 -0.349020351
10001.150265667 35.338032636 29.821474970 1.227904298 -0.057633226 0.314066211 0.880390714 -0.350646570
10001.183599000 35.364930770 29.772390281 1.227190833 -0.061681911 0.315542183 0.878941470 -0.352264623
10001.216932333 35.391828982 29.723304361 1.226475935 -0.065729159 0.317010808 0.877471756 -0.353874473
10001.250265667 35.418727290 29.674217210 1.225759607 -0.069774876 0.318472050 0.875981607 -0.355476081
10001.283599000 35.445625711 29.625128827 1.225041851 -0.073818968 0.319925875 0.874471058 -0.357069410
10001.316932333 35.472524266 29.576039212 1.224322667 -0.077861341 0.321372249 0.872940143 -0.358654424
10001.350265667 35.499422972 29.526948363 1.223602059 -0.081901901 0.322811139 0.871388898 -0.360231085
10001.383599000 35.526321847 29.477856282 1.222880028 -0.085940553 0.324242511 0.869817360 -0.361799357
10001.416932333 35.553220908 29.428762968 1.222156577 -0.089977204 0.325666331 0.868225566 -0.363359203
10001.450265667 35.580120174 29.379668421 1.221431708 -0.094011759 0.327082568 0.866613551 -0.364910588
10001.483599000 35.607019664 29.330572641 1.220705426 -0.098044126 0.328491187 0.864981353 -0.366453473
10001.516932333 35.633919394 29.281475628 1.219977729 -0.102074208 0.329892156 0.863329012 -0.367987824
10001.550265667 35.660819383 29.232377383 1.219248625 -0.106101914 0.331285442 0.861656564 -0.369513606
10001.583599000 35.687719648 29.183277906 1.218518113 -0.110127148 0.332671013 0.859964050 -0.371030782
10001.616932333 35.714620209 29.134177198 1.217786198 -0.114149818 0.334048836 0.858251508 -0.372539317
10001.650265667 35.741521083 29.085075259 1.217052884 -0.118169829 0.335418880 0.856518979 -0.374039175
10001.683599000 35.768422287 29.035972091 1.216318172 -0.122187088 0.336781112 0.854766503 -0.375530324
10001.716932333 35.795323841 28.986867693 1.215582068 -0.126201502 0.338135501 0.852994119 -0.377012726
10001.750265667 35.822225760 28.937762068 1.214844574 -0.130212977 0.339482016 0.851201871 -0.378486348
10001.783599000 35.849128064 28.888655216 1.214105696 -0.134221419 0.340820624 0.849389800 -0.379951156
10001.816932333 35.876030770 28.839547139 1.213365435 -0.138226736 0.342151295 0.847557947 -0.381407115
10001.850265667 35.902933896 28.790437838 1.212623797 -0.142228833 0.343473998 0.845706355 -0.382854192
10001.883599000 35.929837459 28.741327315 1.211880786 -0.146227618 0.344788701 0.843835068 -0.384292353
10001.916932333 35.956741477 28.692215569 1.211136406 -0.150222997 0.346095375 0.841944130 -0.385721564
10001.950265667 35.983645968 28.643102606 1.210390660 -0.154214878 0.347393989 0.840033583 -0.387141791
10001.983599000 36.010550949 28.593988425 1.209643555 -0.158203167 0.348684512 0.838103473 -0.388553003
10002.016932333 36.037456438 28.544873028 1.208895094 -0.162187773 0.349966916 0.836153845 -0.389955166
10002.050265667 36.064362453 28.495756419 1.208145283 -0.166168601 0.351241168 0.834184744 -0.391348248
10002.083599000 36.091269010 28.446638597 1.207394127 -0.170145559 0.352507241 0.832196215 -0.392732216
10002.116932333 36.118176127 28.397519568 1.206641629 -0.174118554 0.353765105 0.830188306 -0.394107036
10002.150265667 36.145083822 28.348399332 1.205887797 -0.178087495 0.355014729 0.828161063 -0.395472679
10002.183599000 36.171992111 28.299277892 1.205132634 -0.182052288 0.356256086 0.826114533 -0.396829112
10002.216932333 36.198901011 28.250155250 1.204376147 -0.186012841 0.357489146 0.824048764 -0.398176303
10002.250265667 36.225810541 28.201031410 1.203618341 -0.189969063 0.358713880 0.821963803 -0.399514222
10002.283599000 36.252720718 28.151906374 1.202859222 -0.193920860 0.359930260 0.819859701 -0.400842835
10002.316932333 36.279631557 28.102780146 1.202098795 -0.197868141 0.361138259 0.817736504 -0.402162114
10002.350265667 36.306543077 28.053652728 1.201337067 -0.201810814 0.362337847 0.815594264 -0.403472027
10002.383599000 36.333455293 28.004524123 1.200574042 -0.205748787 0.363528996 0.813433029 -0.404772544
10002.416932333 36.360368224 27.955394335 1.199809729 -0.209681969 0.364711679 0.811252851 -0.406063634
10002.450265667 36.387281885 27.906263367 1.199044133 -0.213610267 0.365885869 0.809053780 -0.407345267
10002.483599000 36.414196294 27.857131223 1.198277259 -0.217533590 0.367051537 0.806835866 -0.408617414
10002.516932333 36.441111465 27.807997907 1.197509117 -0.221451848 0.368208658 0.804599163 -0.409880044
10002.550265667 36.468027418 27.758863421 1.196739710 -0.225364948 0.369357203 0.802343721 -0.411133129
10002.583599000 36.494944169 27.709727771 1.195969047 -0.229272799 0.370497146 0.800069594 -0.412376639
10002.616932333 36.521861732 27.660590959 1.195197134 -0.233175312 0.371628460 0.797776834 -0.413610546
10002.650265667 36.548780126 27.611452990 1.194423978 -0.237072394 0.372751121 0.795465495 -0.414834819
10002.683599000 36.575699366 27.562313868 1.193649587 -0.240963954 0.373865100 0.793135631 -0.416049433
10002.716932333 36.602619468 27.513173598 1.192873967 -0.244849903 0.374970373 0.790787295 -0.417254356
10002.750265667 36.629540448 27.464032183 1.192097126 -0.248730149 0.376066912 0.788420544 -0.418449563
10002.783599000 36.656462323 27.414889629 1.191319072 -0.252604604 0.377154694 0.786035430 -0.419635024
10002.816932333 36.683385109 27.365745939 1.190539811 -0.256473175 0.378233693 0.783632011 -0.420810712
10002.850265667 36.710308819 27.316601118 1.189759351 -0.260335773 0.379303882 0.781210342 -0.421976600
10002.883599000 36.737233473 27.267455173 1.188977702 -0.264192308 0.380365238 0.778770480 -0.423132661
10002.916932333 36.764159084 27.218308107 1.188194870 -0.268042691 0.381417736 0.776312481 -0.424278868
10002.950265667 36.791085669 27.169159924 1.187410863 -0.271886832 0.382461352 0.773836403 -0.425415194
10002.983599000 36.818013242 27.120010632 1.186625690 -0.275724640 0.383496059 0.771342303 -0.426541612
10003.016932333 36.844941820 27.070860233 1.185839358 -0.279556027 0.384521836 0.768830239 -0.427658097
10003.050265667 36.871871418 27.021708734 1.185051877 -0.283380903 0.385538658 0.766300271 -0.428764623
10003.083599000 36.898802050 26.972556142 1.184263254 -0.287199180 0.386546501 0.763752457 -0.429861162
10003.116932333 36.925733732 26.923402460 1.183473498 -0.291010769 0.387545342 0.761186855 -0.430947691
10003.150265667 36.952666478 26.874247694 1.182682618 -0.294815580 0.388535158 0.758603526 -0.432024184
10003.183599000 36.979600305 26.825091850 1.181890622 -0.298613526 0.389515925 0.756002530 -0.433090615
10003.216932333 37.006535226 26.775934935 1.181097520 -0.302404517 0.390487621 0.753383928 -0.434146960
10003.250265667 37.033471258 26.726776953 1.180303320 -0.306188464 0.391450223 0.750747781 -0.435193194
10003.283599000 37.060408413 26.677617912 1.179508032 -0.309965283 0.392403708 0.748094150 -0.436229294
10003.316932333 37.087346706 26.628457817 1.178711664 -0.313734881 0.393348055 0.745423096 -0.437255234
10003.350265667 37.114286153 26.579296675 1.177914226 -0.317497174 0.394283241 0.742734683 -0.438270990
10003.383599000 37.141226767 26.530134490 1.177115728 -0.321252072 0.395209244 0.740028972 -0.439276542
10003.416932333 37.168168563 26.480971271 1.176316178 -0.324999489 0.396126044 0.737306027 -0.440271861
10003.450265667 37.195111553 26.431807024 1.175515588 -0.328739337 0.397033619 0.734565911 -0.441256928
10003.483599000 37.222055754 26.382641755 1.174713964 -0.332471529 0.397931947 0.731808687 -0.442231718
10003.516932333 37.249001178 26.333475471 1.173911319 -0.336195978 0.398821008 0.729034421 -0.443196209
10003.550265667 37.275947840 26.284308178 1.173107661 -0.339912598 0.399700781 0.726243177 -0.444150379
10003.583599000 37.302895752 26.235139884 1.172303001 -0.343621302 0.400571246 0.723435019 -0.445094205
10003.616932333 37.329844929 26.185970596 1.171497348 -0.347322002 0.401432381 0.720610013 -0.446027666
10003.650265667 37.356795383 26.136800321 1.170690713 -0.351014614 0.402284167 0.717768226 -0.446950739
10003.683599000 37.383747128 26.087629066 1.169883107 -0.354699052 0.403126586 0.714909722 -0.447863403
10003.716932333 37.410700178 26.038456838 1.169074539 -0.358375229 0.403959616 0.712034569 -0.448765637
10003.750265667 37.437654545 25.989283644 1.168265020 -0.362043060 0.404783237 0.709142834 -0.449657419
10003.783599000 37.464610241 25.940109492 1.167454559 -0.365702459 0.405597433 0.706234583 -0.450538730
10003.816932333 37.491567281 25.890934391 1.166643170 -0.369353342 0.406402182 0.703309885 -0.451409549
10003.850265667 37.518525677 25.841758346 1.165830860 -0.372995622 0.407197466 0.700368809 -0.452269854
10003.883599000 37.545485441 25.792581366 1.165017642 -0.376629217 0.407983268 0.697411421 -0.453119626
10003.916932333 37.572446586 25.743403458 1.164203526 -0.380254040 0.408759568 0.694437792 -0.453958847
10003.950265667 37.599409123 25.694224632 1.163388524 -0.383870008 0.409526348 0.691447989 -0.454787494
10003.983599000 37.626373066 25.645044894 1.162572645 -0.387477035 0.410283591 0.688442085 -0.455605551
10004.016932333 37.653338425 25.595864252 1.161755901 -0.391075039 0.411031280 0.685420147 -0.456412997
10004.050265667 37.680305214 25.546682716 1.160938304 -0.394663935 0.411769396 0.682382246 -0.457209813
10004.083599000 37.707273442 25.497500292 1.160119865 -0.398243639 0.412497922 0.679328454 -0.457995983
10004.116932333 37.734243124 25.448316988 1.159300595 -0.401814070 0.413216841 0.676258841 -0.458771486
10004.150265667 37.761214269 25.399132815 1.158480505 -0.405375142 0.413926138 0.673173478 -0.459536304
10004.183599000 37.788186890 25.349947781 1.157659608 -0.408926774 0.414625795 0.670072438 -0.460290421
10004.216932333 37.815160997 25.300761893 1.156837913 -0.412468882 0.415315795 0.666955794 -0.461033818
10004.250265667 37.842136601 25.251575160 1.156015434 -0.416001385 0.415996123 0.663823616 -0.461766478
10004.283599000 37.869113714 25.202387591 1.155192182 -0.419524199 0.416666763 0.660675979 -0.462488384
10004.316932333 37.896092347 25.153199195 1.154368169 -0.423037243 0.417327700 0.657512956 -0.463199519
10004.350265667 37.923072509 25.104009981 1.153543405 -0.426540436 0.417978918 0.654334620 -0.463899867
10004.383599000 37.950054211 25.054819957 1.152717904 -0.430033694 0.418620401 0.651141045 -0.464589412
10004.416932333 37.977037464 25.005629133 1.151891678 -0.433516938 0.419252135 0.647932306 -0.465268136
10004.450265667 38.004022278 24.956437518 1.151064738 -0.436990086 0.419874106 0.644708478 -0.465936025
10004.483599000 38.031008664 24.907245119 1.150237098 -0.440453056 0.420486297 0.641469635 -0.466593063
10004.516932333 38.057996630 24.858051949 1.149408767 -0.443905769 0.421088697 0.638215853 -0.467239234
10004.550265667 38.084986187 24.808858015 1.148579760 -0.447348145 0.421681289 0.634947208 -0.467874525
10004.583599000 38.111977345 24.759663327 1.147750088 -0.450780101 0.422264062 0.631663776 -0.468498919
10004.616932333 38.138970113 24.710467895 1.146919764 -0.454201560 0.422837001 0.628365632 -0.469112402
10004.650265667 38.165964500 24.661271726 1.146088800 -0.457612441 0.423400091 0.625052856 -0.469714960
10004.683599000 38.192960516 24.612074832 1.145257210 -0.461012664 0.423953321 0.621725523 -0.470306580
10004.716932333 38.219958168 24.562877222 1.144425003 -0.464402152 0.424496679 0.618383710 -0.470887246
10004.750265667 38.246957467 24.513678906 1.143592196 -0.467780824 0.425030150 0.615027496 -0.471456946
10004.783599000 38.273958422 24.464479894 1.142758798 -0.471148602 0.425553722 0.611656959 -0.472015666
10004.816932333 38.300961040 24.415280195 1.141924824 -0.474505408 0.426067385 0.608272177 -0.472563394
10004.850265667 38.327965331 24.366079819 1.141090286 -0.477851163 0.426571124 0.604873228 -0.473100116
10004.883599000 38.354971302 24.316878776 1.140255197 -0.481185788 0.427064929 0.601460194 -0.473625821
10004.916932333 38.381978961 24.267677077 1.139419570 -0.484509209 0.427548789 0.598033152 -0.474140495
10004.950265667 38.408988317 24.218474732 1.138583417 -0.487821345 0.428022692 0.594592183 -0.474644127
10004.983599000 38.435999377 24.169271750 1.137746753 -0.491122121 0.428486626 0.591137366 -0.475136705
10005.016932333 38.463012149 24.120068140 1.136909589 -0.494411459 0.428940581 0.587668783 -0.475618218
10005.050265667 38.490026640 24.070863916 1.136071939 -0.497689283 0.429384547 0.584186513 -0.476088654
10005.083599000 38.517042859 24.021659086 1.135233816 -0.500955516 0.429818513 0.580690638 -0.476548003
10005.116932333 38.544060811 23.972453662 1.134395234 -0.504210083 0.430242469 0.577181240 -0.476996253
10005.150265667 38.571080504 23.923247652 1.133556204 -0.507452908 0.430656405 0.573658400 -0.477433395
10005.183599000 38.598101944 23.874041068 1.132716740 -0.510683913 0.431060313 0.570122201 -0.477859419
10005.216932333 38.625125140 23.824833920 1.131876858 -0.513903027 0.431454180 0.566572723 -0.478274313
10005.250265667 38.652150096 23.775626219 1.131036568 -0.517110171 0.431838000 0.563010052 -0.478678069
10005.283599000 38.679176819 23.726417976 1.130195885 -0.520305274 0.432211763 0.559434268 -0.479070678
10005.316932333 38.706205315 23.677209202 1.129354822 -0.523488258 0.432575460 0.555845456 -0.479452128
10005.350265667 38.733235590 23.627999906 1.128513393 -0.526659052 0.432929084 0.552243699 -0.479822414
10005.383599000 38.760267652 23.578790100 1.127671610 -0.529817581 0.433272624 0.548629081 -0.480181524
10005.416932333 38.787301504 23.529579795 1.126829488 -0.532963770 0.433606075 0.545001685 -0.480529453
10005.450265667 38.814337153 23.480369002 1.125987040 -0.536097547 0.433929427 0.541361598 -0.480866190
10005.483599000 38.841374603 23.431157731 1.125144280 0.539218840 -0.434242674 -0.537708903 0.481191728
10005.516932333 38.868413861 23.381945994 1.124301220 0.542327574 -0.434545808 -0.534043685 0.481506060
10005.550265667 38.895454930 23.332733802 1.123457876 0.545423678 -0.434838822 -0.530366030 0.481809179
10005.583599000 38.922497817 23.283521164 1.122614260 0.548507081 -0.435121708 -0.526676024 0.482101076
10005.616932333 38.948131598 23.230684002 1.120456438 0.550716012 -0.435389191 -0.523995621 0.482262082
10005.650265667 38.970074102 23.166564712 1.114179177 0.550333289 -0.435892654 -0.524282472 0.481932314
10005.683599000 38.989973474 23.106211120 1.107115226 0.549343316 -0.437132756 -0.524988489 0.481169369
10005.716932333 39.018718391 23.073465643 1.110960493 0.545950138 -0.442296083 -0.522272946 0.483263481
10005.750265667 39.062147068 23.046062983 1.122555938 0.539917467 -0.451587139 -0.516575760 0.487552734
10005.783599000 39.080699824 22.991269091 1.115461073 0.537753085 -0.454632137 -0.517322067 0.486322033
10005.816932333 39.105316586 22.934156160 1.120763453 0.539897207 -0.454857815 -0.519063749 0.481859106
10005.850265667 39.136699140 22.865308013 1.133046733 0.544404460 -0.453713391 -0.521695190 0.474975864
10005.883599000 39.150680171 22.816963623 1.127676802 0.542625018 -0.456025748 -0.522693750 0.473698059
10005.916932333 39.166852949 22.759130862 1.121296193 0.540918161 -0.458113377 -0.523677659 0.472547762
10005.950265667 39.186500703 22.684838715 1.113054972 0.539671618 -0.459743777 -0.524350452 0.471642669
10005.983599000 39.203796527 22.615036291 1.105423423 0.539446112 -0.460247024 -0.524387272 0.471368814
10006.016932333 39.218467896 22.550429137 1.098661143 0.540177869 -0.459711060 -0.523848371 0.471652940
10006.050265667 39.235905445 22.467712811 1.090597319 0.541658992 -0.458407883 -0.522956079 0.472212546
10006.083599000 39.250797103 22.391941708 1.084007434 0.542998656 -0.457133392 -0.522400917 0.472523866
10006.116932333 39.254251549 22.334113242 1.079844204 0.543162251 -0.458054777 -0.522651591 0.471164414
10006.150265667 39.153269551 22.387919136 1.090608682 0.548599976 -0.467179630 -0.514207751 0.465157660
10006.183599000 38.916974845 22.632527177 1.129507237 0.558381818 -0.484489875 -0.494910776 0.456664680
10006.216932333 38.800973680 22.756550759 1.158000848 0.553486671 -0.496036662 -0.493346475 0.451895332
10006.250265667 38.773458621 22.757622140 1.168721194 0.548584493 -0.500650190 -0.497130125 0.448626883
10006.283599000 38.735921945 22.841013767 1.193733908 0.543370787 -0.507237433 -0.498516604 0.446026423
10006.316932333 38.720591564 22.818992991 1.207226421 0.541188412 -0.511744265 -0.501173831 0.440519807
10006.350265667 38.703862577 22.761299566 1.212668884 0.537527919 -0.514453802 -0.506289276 0.435972696
10006.383599000 38.690747236 22.715736811 1.217854197 0.534548274 -0.516444271 -0.510409540 0.432464517
10006.416932333 38.675074289 22.661040485 1.224237851 0.531518398 -0.518296057 -0.514880928 0.428666560
10006.450265667 38.661277171 22.613244831 1.229741336 0.529554419 -0.519359727 -0.518228171 0.425766549
10006.483599000 38.635231118 22.613729937 1.257182582 0.526695683 -0.521943091 -0.521429655 0.422230011
10006.516932333 38.584634549 22.634356573 1.297497964 -0.523673728 0.524486757 0.524191690 -0.419407369
10006.550265667 38.544234387 22.610057856 1.310943099 -0.523902965 0.523702036 0.524934180 -0.419172956
10006.583599000 38.510605798 22.569961806 1.311195118 0.525904207 -0.522893583 -0.524554256 0.418150569
10006.616932333 38.464830389 22.521989495 1.309277971 0.528408316 -0.522314418 -0.523956056 0.416464106
10006.650265667 38.440078261 22.477026105 1.310286931 0.529830860 -0.522137056 -0.524671014 0.413971595
10006.683599000 38.416708025 22.434813893 1.309307758 0.530778148 -0.523102940 -0.525761474 0.410137470
10006.716932333 38.367794265 22.403325146 1.308959065 0.529828929 -0.526279007 -0.527769033 0.404686991
10006.750265667 38.307395423 22.390671988 1.310810930 -0.526861755 0.530271942 0.530393112 -0.399889367
10006.783599000 38.268018744 22.358792910 1.310436662 -0.525103720 0.533328967 0.533113408 -0.394482435
10006.816932333 38.217376511 22.319467311 1.309597702 -0.523185788 0.537216757 0.536198992 -0.387511843
10006.850265667 38.171300212 22.286870326 1.308948382 -0.521656490 0.540709650 0.538536315 -0.381426557
10006.883599000 38.124070894 22.265473807 1.308533900 -0.521329231 0.542706835 0.540811082 -0.375777191
10006.916932333 38.047605364 22.261629237 1.308896108 -0.518968886 0.546086297 0.543154815 -0.370734270
10006.950265667 37.972198429 22.249297575 1.309436541 -0.515230198 0.550786566 0.544283315 -0.367325025
10006.983599000 37.922025210 22.219006402 1.311823333 -0.515578321 0.552650264 0.545013088 -0.362928939
10007.016932333 37.877530956 22.189593209 1.317037741 -0.515241425 0.554304527 0.546532481 -0.358573580
10007.050265667 37.821371918 22.153163136 1.324155780 -0.514750981 0.556039527 0.548929638 -0.352884862
10007.083599000 37.767338378 22.122121425 1.331509999 -0.514298314 0.557409835 0.551401136 -0.347488571
10007.116932333 37.725672063 22.089266950 1.338686829 -0.514079940 0.558253918 0.553575528 -0.342970133
10007.150265667 37.671075192 22.051448178 1.348916922 -0.513633771 0.559052660 0.556420343 -0.337693462
10007.183599000 37.623416403 22.013143526 1.358318559 -0.512814870 0.560193658 0.559276033 -0.332286465
10007.216932333 37.575835833 21.992960706 1.368649299 -0.511351326 0.561486627 0.562091475 -0.327575584
10007.250265667 37.506455354 21.986036877 1.385074708 -0.508246161 0.563582636 0.566188599 -0.321700049
10007.283599000 37.450470550 21.963572352 1.396209494 -0.505538933 0.565417951 0.569945763 -0.316061316
10007.316932333 37.389852118 21.966027254 1.409785862 -0.502831749 0.566501602 0.573641531 -0.311723534
10007.350265667 37.321885326 21.985740766 1.429710052 -0.493981172 0.571553347 0.580872523 -0.303144331
10007.383599000 37.255564789 21.984311001 1.440269296 -0.485523197 0.576366633 0.587482110 -0.294844874
10007.416932333 37.213295364 21.978316693 1.450451231 -0.476853136 0.580958033 0.593278343 -0.288304801
10007.450265667 37.160799250 21.966392351 1.464539903 -0.464945216 0.587320313 0.600969059 -0.278777665
10007.483599000 37.120084872 21.950937268 1.484961710 -0.454250696 0.592563701 0.607401639 -0.271270740
10007.516932333 37.074616874 21.960149786 1.493956858 -0.444815518 0.597307515 0.612999248 -0.263808282
10007.550265667 37.019198890 21.947219422 1.509405364 -0.430348629 0.604443340 0.620653197 -0.253451998
10007.583599000 36.979043370 21.952513355 1.523041773 -0.417173175 0.610632729 0.626327312 -0.246593411
10007.616932333 36.941735985 21.957870167 1.533391692 -0.406556010 0.615718319 0.630510959 -0.240954545
10007.650265667 36.888250337 21.954653025 1.549862561 -0.389222531 0.623478068 0.637947704 -0.229790443
10007.683599000 36.845607047 21.968049447 1.562661041 -0.372803574 0.630631845 0.644247842 -0.219694538
10007.716932333 36.814918020 21.964859391 1.575959221 -0.358331065 0.636526968 0.649730519 -0.210434123
10007.750265667 36.774702392 21.979248619 1.589735497 -0.338000715 0.644604651 0.656575479 -0.197861066
10007.783599000 36.706669828 22.010627136 1.600059124 -0.318062407 0.652286829 0.662529889 -0.185505645
10007.816932333 36.671810844 22.008774253 1.613727015 -0.304014416 0.657065806 0.666761921 -0.176828452
10007.850265667 36.626267009 22.008172090 1.629014186 -0.287822205 0.662416767 0.671134234 -0.167156348
10007.883599000 36.580173451 22.006805537 1.644399899 -0.273482713 0.666839973 0.674735017 -0.158947516
10007.916932333 36.542927774 22.005106237 1.656287162 -0.264216255 0.669521835 0.676891559 -0.154104185
10007.950265667 36.496608417 22.002426290 1.669768360 -0.254330461 0.672254937 0.678945999 -0.149738594
10007.983599000 36.471771319 21.999105985 1.677590159 -0.247949286 0.674106928 0.679693225 -0.148721620
10008.016932333 36.474827711 21.999784903 1.679885862 -0.244487066 0.675333802 0.679224001 -0.151013535
10008.050265667 36.459992692 22.004353800 1.688101005 -0.237394459 0.676977744 0.679970671 -0.151607687
10008.083599000 36.423810340 22.022232097 1.693672026 -0.232780832 0.678166311 0.680407559 -0.151489580
10008.116932333 36.387582425 22.033992341 1.696568570 -0.228842114 0.679114917 0.680902071 -0.151018495
10008.150265667 36.349022320 22.057702386 1.698701166 -0.223619020 0.680435463 0.681246875 -0.151343348
10008.183599000 36.311208548 22.080604376 1.700418916 -0.218922820 0.681732789 0.681511873 -0.151177942
10008.216932333 36.286987499 22.115826370 1.696337444 -0.214178140 0.682908324 0.681918271 -0.150835725
10008.250265667 36.264311743 22.180929319 1.683202417 -0.206983301 0.684523705 0.682867382 -0.149255985
10008.283599000 36.252414216 22.227631070 1.684117063 -0.200129369 0.686162462 0.683525075 -0.148063445
10008.316932333 36.264572526 22.272278170 1.679695954 -0.195199912 0.686464968 0.684793596 -0.147379013
10008.350265667 36.263301282 22.334534956 1.659354492 -0.189413889 0.685869603 0.687356260 -0.145762265
10008.383599000 36.250522185 22.376176519 1.654433832 -0.185195487 0.685411864 0.689277239 -0.144257050
10008.416932333 36.259846031 22.409261065 1.655714869 -0.182167362 0.684089861 0.691468022 -0.143903055
10008.450265667 36.250423551 22.446404246 1.655153220 -0.178090652 0.682298393 0.694488771 -0.142961425
10008.483599000 36.238377403 22.470842645 1.659527362 -0.174496969 0.680505699 0.697481732 -0.141357825
10008.516932333 36.227845775 22.493249093 1.662757159 -0.170248673 0.679279893 0.700246910 -0.138738895
10008.550265667 36.214029533 22.525935781 1.666914359 -0.163542188 0.678199669 0.703788953 -0.134090531
10008.583599000 36.207361993 22.545038618 1.673061642 -0.157343005 0.676985047 0.707136155 -0.129972622
10008.616932333 36.199952965 22.562585974 1.677460339 -0.151932986 0.676262533 0.709679608 -0.126254534
10008.650265667 36.210200705 22.631136645 1.669778146 -0.142055817 0.675996564 0.713027479 -0.120169069
10008.683599000 36.279307078 22.753666457 1.638900627 -0.128510321 0.674806070 0.717895750 -0.112905081
10008.716932333 36.266502697 22.805711999 1.636101482 -0.124373762 0.673906347 0.719948058 -0.109800708
10008.750265667 36.251894916 22.895106243 1.632861241 -0.118639582 0.672831311 0.722510244 -0.105837719
10008.783599000 36.226498989 22.994086660 1.630704910 -0.113544341 0.672090377 0.724507448 -0.102426391
10008.816932333 36.198529268 23.056232463 1.629547265 -0.110778886 0.671235776 0.726018250 -0.100339786
10008.850265667 36.168769885 23.130722035 1.628174947 -0.106658389 0.671032145 0.727279176 -0.096978595
10008.883599000 36.151243840 23.200473981 1.621417170 -0.100581900 0.671886826 0.728050729 -0.091616104
10008.916932333 36.148005716 23.251634519 1.611763246 -0.093067360 0.672582539 0.729194814 -0.085124137
10008.950265667 36.144449675 23.309014809 1.606349586 -0.083042596 0.673714065 0.730365819 -0.076020103
10008.983599000 36.135835126 23.359646562 1.601043375 -0.073508745 0.674652534 0.731364626 -0.067425554
10009.016932333 36.130077133 23.403506338 1.597498146 -0.064704365 0.675645294 0.731968348 -0.059490491
10009.050265667 36.124478440 23.464138415 1.592440725 -0.053240119 0.676803236 0.732598922 -0.049007032
10009.083599000 36.118733776 23.506424495 1.592206056 -0.045100134 0.677461277 0.732966596 -0.042097094
10009.116932333 36.116014164 23.547085144 1.590086083 -0.038482910 0.678076073 0.733089658 -0.036214056
10009.150265667 36.113799009 23.605195261 1.585910814 -0.030460027 0.678869044 0.733068203 -0.028635967
10009.183599000 36.109313413 23.647793637 1.585186633 -0.024987106 0.679285630 0.733061529 -0.023821674
10009.216932333 36.106518072 23.688081696 1.582028728 -0.020305845 0.679680955 0.732965846 -0.019558620
10009.250265667 36.102761869 23.731554107 1.578417420 -0.015420235 0.680579148 0.732352529 -0.015297481
10009.283599000 36.100034117 23.769220861 1.574231712 -0.011273570 0.681838743 0.731325553 -0.011479190
10009.316932333 36.098213797 23.817830660 1.567200173 -0.004911317 0.683605465 0.729812949 -0.005701530
10009.350265667 36.095795153 23.860865687 1.560921529 0.001870593 0.685468780 0.728099613 -0.000072240
10009.383599000 36.093942947 23.902837105 1.554200626 0.009314710 0.687395343 0.726199382 0.005944343
10009.416932333 36.091408705 23.958739799 1.542575247 0.019522636 0.689978668 0.723422726 0.014417497
10009.450265667 36.086538355 24.008142316 1.527019422 0.027696138 0.692507551 0.720548369 0.021823446
10009.483599000 36.082564985 24.061213203 1.509809471 0.035024487 0.694880843 0.717701880 0.028599132
10009.516932333 36.077765869 24.132060981 1.489654569 0.044274674 0.698083821 0.713692728 0.036897443
10009.550265667 36.073323989 24.189389477 1.479412143 0.052201897 0.700866583 0.710042236 0.043600661
10009.583599000 36.069823282 24.246368506 1.472549893 0.060136504 0.703343480 0.706534633 0.050003619
10009.616932333 36.064994772 24.314620374 1.464109754 0.069921787 0.706445363 0.701931334 0.057777985
10009.650265667 36.060627904 24.368520620 1.460334275 0.078389606 0.708764442 0.698114296 0.064377527
10009.683599000 36.057360723 24.419287121 1.457060018 0.085368609 0.710499780 0.694969977 0.070135537
10009.716932333 36.052616885 24.486746709 1.453066341 0.092561510 0.712625693 0.691254868 0.075919007
10009.750265667 36.047163631 24.539802378 1.452665035 0.096230804 0.714120830 0.688924707 0.078446293
10009.783599000 36.040990558 24.584202507 1.455742432 0.097704295 0.714911314 0.687827461 0.079051047
10009.816932333 36.032385882 24.642326037 1.460349434 0.099579262 0.715761066 0.686568954 0.079957102
10009.850265667 36.025945447 24.690058059 1.463879160 0.101870668 0.716217746 0.685594103 0.081334085
10009.883599000 36.020290429 24.732394364 1.466792523 0.104714070 0.716171958 0.684946304 0.083553881
10009.916932333 36.013735757 24.782690727 1.468805475 0.107883194 0.715958763 0.684358098 0.086129323
10009.950265667 36.007951797 24.830158397 1.469776716 0.109368994 0.715883443 0.684086916 0.087031090
10009.983599000 36.003356378 24.872351793 1.471560207 0.109326724 0.715641456 0.684405487 0.086568488
10010.016932333 35.999166545 24.922239209 1.475132988 0.108517064 0.715054043 0.685300206 0.085354493
10010.050265667 35.995226530 24.969087417 1.476027388 0.107746554 0.714891072 0.685709628 0.084402261
10010.083599000 35.990586854 25.008726291 1.476796326 0.107734316 0.714898339 0.685633642 0.084971705
10010.116932333 35.984003541 25.054097732 1.477582809 0.109320156 0.714798874 0.685110432 0.087950952
10010.150265666 35.977173228 25.101900337 1.470614921 0.111805464 0.714394282 0.684681760 0.091385094
10010.183599000 35.970245790 25.147519452 1.466263913 0.112407820 0.714041651 0.684654615 0.093579167
10010.216932333 35.961109531 25.207882731 1.460851702 0.111595023 0.713702314 0.684808263 0.095985420
10010.250265666 35.949158165 25.275033430 1.455567770 0.107864534 0.713271797 0.685760080 0.096652458
10010.283599000 35.935006100 25.328479446 1.448258951 0.103408429 0.712853786 0.686852606 0.096848715
10010.316932333 35.926621964 25.382256374 1.446146902 0.100269837 0.712610051 0.687669895 0.096140475
10010.350265666 35.916500483 25.451151735 1.445652957 0.097410490 0.712150612 0.688709545 0.095036124
10010.383599000 35.909364016 25.510547906 1.445351544 0.095780555 0.711307558 0.689849065 0.094741284
10010.416932333 35.901095750 25.564422456 1.444915990 0.095359249 0.710230286 0.691004728 0.094826259
10010.450265666 35.890782113 25.628587901 1.444445080 0.095673988 0.708474928 0.692697567 0.095288221
10010.483599000 35.883403186 25.680746684 1.443896633 0.096313615 0.706576177 0.694476720 0.095790812
10010.516932333 35.876934264 25.725669349 1.444260108 0.097053149 0.704294883 0.696680169 0.095844388
10010.550265666 35.866989655 25.787808678 1.446048019 0.097460083 0.700505084 0.700566803 0.094869984
10010.583599000 35.859526337 25.836338776 1.446724500 0.095824877 0.697266671 0.704313312 0.092625807
10010.616932333 35.852910938 25.879806759 1.446466988 0.090834970 0.694307033 0.708492143 0.087895594
10010.650265666 35.844022891 25.928129388 1.446962448 0.080046863 0.690766250 0.714357291 0.078282487
10010.683599000 35.839185381 25.963141627 1.447201825 0.066282617 0.687827871 0.719758951 0.066681985
10010.716932333 35.835667784 25.992156741 1.445839477 0.050604519 0.685239747 0.724576236 0.053618564
10010.750265666 35.827575405 26.036507380 1.443873913 0.029548657 0.681810539 0.730043590 0.036022525
10010.783599000 35.820391246 26.073792242 1.442076720 0.010719690 0.678110949 0.734591486 0.020639232
10010.816932333 35.810855833 26.109733296 1.440165953 -0.005343888 0.674481276 0.738230088 0.007923882
10010.850265666 35.794250310 26.165387801 1.436563524 -0.023814158 0.669571717 0.742335986 -0.006624636
10010.883599000 35.779171281 26.205026853 1.430974937 -0.038919133 0.664737796 0.745830205 -0.018608301
10010.916932333 35.765836074 26.241150064 1.424615771 -0.053934318 0.660288201 0.748457099 -0.030373524
10010.950265666 35.748131167 26.288447735 1.416141438 -0.076448349 0.654529199 0.750627838 -0.048010700
10010.983599000 35.728759939 26.331572388 1.407168424 -0.100777167 0.648864191 0.751218547 -0.067006855
10011.016932333 35.709850524 26.369667636 1.399397005 -0.127053838 0.643113088 0.750066609 -0.087538339
10011.050265666 35.685703129 26.418159692 1.390674296 -0.162124992 0.635060502 0.746442875 -0.115050772
10011.083599000 35.662653961 26.462346926 1.383121229 -0.195846728 0.626837897 0.740784473 -0.141268091
10011.116932333 35.636679109 26.507035434 1.376717719 -0.233374127 0.616670644 0.732270588 -0.170392546
10011.150265666 35.608532811 26.554660909 1.371049557 -0.273948880 0.604327080 0.720422029 -0.201823911
10011.183599000 35.583909348 26.597296927 1.366691679 -0.308345939 0.592642066 0.708096852 -0.228685400
10011.216932333 35.560906345 26.630736064 1.365158049 -0.335255640 0.582603543 0.696779644 -0.250349545
10011.250265666 35.533353704 26.669227408 1.364766181 -0.364234038 0.570963897 0.682685377 -0.274361933
10011.283599000 35.509381106 26.701193300 1.365561758 -0.386761124 0.561379683 0.670026261 -0.293825619
10011.316932333 35.488861591 26.727478347 1.367421965 -0.405250435 0.553091084 0.658310639 -0.310627495
10011.350265666 35.465032836 26.757648741 1.370082223 -0.427708667 0.542256676 0.642633169 -0.331731222
10011.383599000 35.443958091 26.782266089 1.370898451 -0.448448535 0.531276062 0.626834369 -0.351736168
10011.416932333 35.427127339 26.801656851 1.369902275 -0.467121307 0.520279185 0.611514872 -0.370346886
10011.450265666 35.408215540 26.823180732 1.367207358 -0.490315679 0.505038654 0.590881017 -0.394190458
10011.483599000 35.394140067 26.837797863 1.365941735 -0.510597928 0.490111895 0.571127615 -0.415804441
10011.516932333 35.384098734 26.848834013 1.364222082 -0.527490121 0.476253374 0.553038410 -0.434839526
10011.550265666 35.374556664 26.859807242 1.361989641 0.545679461 -0.459679104 -0.531543382 0.456498280
10011.583599000 35.368676016 26.867183765 1.359906668 0.559857462 -0.445255450 -0.512940576 0.474551547
10011.616932333 35.364609192 26.872841130 1.357554808 0.573705675 -0.429718008 -0.492986306 0.493121419
10011.650265666 35.362516661 26.876619660 1.354869672 0.587960423 -0.412056835 -0.470452716 0.513016517
10011.683599000 35.362693022 26.877966170 1.352544865 0.599962926 -0.395647195 -0.449753979 0.530310421
10011.716932333 35.364759800 26.877321884 1.350870033 0.609699287 -0.381129442 -0.431613494 0.544717284
10011.750265666 35.369430542 26.874855269 1.349227678 0.621506666 -0.361764504 -0.407779921 0.562646820
10011.783599000 35.375489474 26.871324493 1.348323670 0.631318266 -0.343869219 -0.386188296 0.577970421
10011.816932333 35.382622644 26.867163155 1.347981184 0.639648460 -0.327069857 -0.366530219 0.591211261
10011.850265666 35.393589645 26.861047429 1.347822399 0.649455060 -0.304765109 -0.341261779 0.607344014
10011.883599000 35.405465291 26.854954097 1.347793612 0.657411954 -0.283770363 -0.318253590 0.621287820
10011.916932333 35.417264159 26.849604747 1.347868088 0.663234277 -0.265686379 -0.298995457 0.632560478
10011.950265666 35.439841993 26.830750521 1.356412253 0.668993049 -0.244148672 -0.276914634 0.645103101
10011.983599000 35.470265254 26.798264229 1.374893660 0.673190109 -0.224920814 -0.258073231 0.655457025
10012.016932333 35.487055396 26.791304666 1.377097179 0.677185278 -0.205242839 -0.238076607 0.665293173
10012.050265666 35.506131619 26.783639505 1.380263059 0.680726271 -0.184178466 -0.216842678 0.675032807
10012.083599000 35.523422752 26.776691098 1.383502993 0.683210973 -0.166135608 -0.198611001 0.682770383
10012.116932333 35.537612978 26.770633775 1.386128353 0.684742208 -0.152327599 -0.184442418 0.688407877
10012.150265666 35.554502117 26.762745480 1.388896997 0.686092035 -0.136830969 -0.168245710 0.694441061
10012.183599000 35.568956037 26.755174813 1.390729836 0.686900510 -0.124441323 -0.155016644 0.699036399
10012.216932333 35.581511230 26.747652220 1.391670100 0.687422808 -0.114282238 -0.143866432 0.702632125
10012.250265666 35.596331083 26.737671279 1.391971586 0.687864959 -0.102711670 -0.130891791 0.706512173
10012.283599000 35.608797871 26.728217651 1.391332645 0.688075330 -0.093487495 -0.120232940 0.709476193
10012.316932333 35.619081094 26.719542400 1.389880917 0.688062893 -0.086445644 -0.111796270 0.711757121
10012.350265666 35.631444435 26.708238110 1.387212529 0.687863880 -0.078487085 -0.102005118 0.714337467
10012.383599000 35.642104168 26.697705617 1.384153030 0.687510168 -0.072162441 -0.093927480 0.716449565
10012.416932333 35.652916463 26.686231928 1.384015320 0.687044698 -0.067087847 -0.087345658 0.718219701
10012.450265666 35.667867819 26.667809202 1.387733515 0.686466678 -0.060752086 -0.079177271 0.720280253
10012.483599000 35.676607718 26.653028373 1.387089249 0.686052096 -0.055343397 -0.071919430 0.721870643
10012.516932333 35.684052854 26.643210255 1.385358643 0.685618170 -0.050690977 -0.065536894 0.723230990
10012.550265666 35.692935855 26.631070081 1.384148396 0.685120666 -0.044826009 -0.057438032 0.724776637
10012.583599000 35.700544096 26.620827718 1.384221648 0.684623962 -0.039640101 -0.050123934 0.726089722
10012.616932333 35.707002467 26.613011897 1.385451572 0.684085752 -0.034959909 -0.043533183 0.727261542
10012.650265666 35.715219143 26.604468478 1.388104751 0.683352187 -0.028683378 -0.034909179 0.728689509
10012.683599000 35.703751937 26.583583956 1.402944240 0.683332953 -0.023498398 -0.027246661 0.729219802
10012.716932333 35.664179108 26.539368193 1.435576664 0.684363970 -0.019599610 -0.020498561 0.728588787
10012.750265666 35.663675735 26.524016659 1.443229746 0.683317145 -0.013249163 -0.011734340 0.729907148
10012.783599000 35.660066286 26.524926539 1.442647139 0.681825861 -0.009029502 -0.005419985 0.731438710
10012.816932333 35.662236692 26.517169908 1.448688184 0.680578989 -0.004989993 -0.001404872 0.732656377
10012.850265666 35.668918855 26.511233231 1.451967860 0.678892409 0.000675888 0.005097945 0.734219756
10012.883599000 35.674621655 26.507353889 1.452608042 0.677544259 0.004751395 0.009692522 0.735402785
10012.916932333 35.679620638 26.504167063 1.452090119 0.676403017 0.007526147 0.012828741 0.736381517
10012.950265666 35.686003621 26.500072598 1.451137278 0.675017014 0.009929778 0.015618952 0.737569982
10012.983599000 35.691644514 26.496181671 1.448695865 0.673883042 0.010757108 0.017201920 0.738559425
10013.016932333 35.696917890 26.493877118 1.449494593 0.673099622 0.010784517 0.017661370 0.739262246
10013.050265666 35.705706831 26.490856477 1.453480049 0.672078953 0.010673737 0.017983953 0.740184119
10013.083599000 35.712698275 26.485223069 1.452699187 0.671297548 0.010848073 0.018767879 0.740870898
10013.116932333 35.719115286 26.479956119 1.452982922 0.670578345 0.011311185 0.019629239 0.741492706
10013.150265666 35.727605776 26.473149802 1.454343752 0.669568706 0.012723789 0.021244773 0.742337196
10013.183599000 35.735585069 26.467000600 1.456483592 0.668542526 0.015217800 0.023489731 0.743147053
10013.216932333 35.742650488 26.461928141 1.459222269 0.667451898 0.018448944 0.026115373 0.743966120
10013.250265666 35.751450364 26.455987907 1.463656344 0.665892006 0.022994727 0.029679065 0.745102833
10013.283599000 35.756971820 26.446934895 1.470674833 0.665072074 0.026110072 0.032710444 0.745605410
10013.316932333 35.757381115 26.432444785 1.481641815 0.665214606 0.026504575 0.034803197 0.745369555
10013.350265666 35.762786301 26.425752536 1.491754973 0.663868805 0.026326611 0.034726241 0.746578333
10013.383599000 35.766381049 26.423235984 1.499301299 0.662797658 0.024083649 0.032839076 0.747690335
10013.416932333 35.767995749 26.417784506 1.507962827 0.662198072 0.020898368 0.030325565 0.748423230
10013.450265666 35.770065134 26.405723242 1.523224161 0.661602817 0.015640958 0.026055580 0.749238400
10013.483599000 35.774878971 26.398863479 1.532019811 0.661616903 0.012168103 0.022565558 0.749403634
10013.516932333 35.780565908 26.380640807 1.540780184 0.662916845 0.009497406 0.019332014 0.748383143
10013.550265666 35.784409750 26.368149314 1.543682757 0.663234920 0.006791968 0.015941341 0.748210654
10013.583599000 35.785009818 26.364725004 1.543194340 0.662890559 0.004849058 0.013589629 0.748577261
10013.616932333 35.784784676 26.353352417 1.538296845 0.663356663 0.002662408 0.012240992 0.748198508
10013.650265666 35.781892071 26.329432791 1.525439340 0.664937199 -0.000321492 0.010598179 0.746824007
10013.683599000 35.783492071 26.314969141 1.518139898 0.665774013 -0.005056327 0.007144826 0.746102103
10013.716932333 35.783938642 26.301342794 1.513308996 0.666688767 -0.008261472 0.004595689 0.745276268
10013.750265666 35.783313725 26.276875889 1.506082511 0.668774365 -0.010904892 0.001977612 0.743382823
10013.783599000 35.782724544 26.255183574 1.496530542 0.670445336 -0.010008725 0.002034335 0.741888630
10013.816932333 35.783649477 26.233916852 1.490955981 0.671568910 -0.007666419 0.003631389 0.740893540
10013.850265666 35.786339161 26.201154651 1.488056437 0.672845350 -0.004026662 0.007282255 0.739736365
10013.883599000 35.789945212 26.162817113 1.482787582 0.673914901 0.000097325 0.011179345 0.738724387
10013.916932333 35.789598015 26.139537325 1.482578029 0.675371281 0.002784554 0.013609411 0.737347044
10013.950265666 35.788936212 26.100915602 1.484108951 0.678143341 0.006982873 0.016820215 0.734703974
10013.983599000 35.785703848 26.071670827 1.489338554 0.680204315 0.007825857 0.017836243 0.732763750
10014.016932333 35.783769750 26.050753528 1.494436400 0.681736072 0.006670581 0.016370409 0.731384605
10014.050265666 35.783306964 26.025202115 1.499077357 0.683255282 0.002625085 0.010909127 0.730093364
10014.083599000 35.783631008 26.002224606 1.505688834 0.684760705 -0.003698905 0.004041230 0.728747394
10014.116932333 35.780352510 25.983164089 1.509453169 0.685060784 -0.010583614 -0.001875418 0.728406612
10014.150265666 35.775260890 25.948130872 1.506545082 0.685253861 -0.019156824 -0.008833660 0.727998714
10014.183599000 35.772728803 25.930615429 1.511651487 0.685147779 -0.031233112 -0.019120238 0.727482942
10014.216932333 35.767994382 25.919718958 1.515663206 0.684841291 -0.039834662 -0.027214624 0.727093508
10014.250265666 35.759541507 25.902678220 1.519846760 0.684486635 -0.050534792 -0.037932792 0.726281891
10014.283599000 35.750836737 25.883846789 1.519036977 0.683348713 -0.064813237 -0.050181403 0.725476125
10014.316932333 35.743231656 25.871176290 1.515941757 0.682307747 -0.076182534 -0.059830120 0.724619014
10014.350265666 35.729935601 25.843994149 1.509541870 0.681460389 -0.091643972 -0.072760894 0.722439598
10014.383599000 35.715869529 25.812648713 1.503050128 0.681082499 -0.105144857 -0.084372552 0.719689142
10014.416932333 35.707559119 25.794130558 1.494495515 0.680292783 -0.116024642 -0.093130122 0.717681539
10014.450265666 35.694758741 25.773812032 1.488290467 0.677468696 -0.133551368 -0.108600602 0.715126638
10014.483599000 35.685164489 25.750455874 1.486265029 0.675243787 -0.145488332 -0.120008697 0.713075653
10014.516932333 35.676121497 25.739792035 1.484518306 0.673108334 -0.155445288 -0.129085603 0.711406241
10014.550265666 35.663787650 25.727780780 1.483897826 0.669964573 -0.167447067 -0.140387433 0.709507096
10014.583599000 35.652624200 25.720588538 1.482823058 0.666606831 -0.178338460 -0.150639572 0.707911327
10014.616932333 35.645066653 25.712812622 1.486781181 0.663454581 -0.188385471 -0.160495497 0.706102067
10014.650265666 35.636521117 25.697466761 1.493969310 0.659433473 -0.200905289 -0.173475167 0.703342681
10014.683599000 35.631209215 25.682842734 1.500278885 0.655596266 -0.211838166 -0.186509945 0.700380017
10014.716932333 35.627569230 25.675389451 1.505691457 0.651313657 -0.222466692 -0.197966447 0.697931499
10014.750265666 35.619169315 25.667147158 1.511698336 0.645393410 -0.236567084 -0.212170355 0.694612915
10014.783599000 35.611485027 25.658604230 1.513668437 0.639560411 -0.249197561 -0.225491189 0.691387576
10014.816932333 35.604486500 25.653541645 1.519213042 0.634448670 -0.259602086 -0.235767845 0.688836095
10014.850265666 35.596134876 25.650563767 1.523947733 0.627799021 -0.272323696 -0.248322065 0.685597802
10014.883599000 35.586115629 25.646487937 1.523796633 0.621047725 -0.284853337 -0.260649820 0.682070356
10014.916932333 35.575358140 25.643546425 1.525737550 0.613971468 -0.297505650 -0.272902677 0.678272477
10014.950265666 35.567097480 25.641159121 1.525198823 0.608916666 -0.306696175 -0.281804328 0.675088343
10014.983599000 35.553049915 25.639090574 1.522213077 0.602035829 -0.318664099 -0.292684313 0.671075216
10015.016932333 35.537062494 25.634101243 1.519926077 0.594552690 -0.332659058 -0.305344486 0.665289257
10015.050265666 35.525426014 25.629257749 1.514841439 0.588546356 -0.343537151 -0.315543962 0.660323724
10015.083599000 35.506592402 25.621734897 1.506312098 0.580094497 -0.357899538 -0.329121924 0.653511327
10015.116932333 35.488531611 25.612692470 1.500126407 0.572263855 -0.371497705 -0.341263669 0.646562173
10015.150265666 35.473405617 25.605965925 1.494181929 0.565704426 -0.382317838 -0.350934380 0.640824964
10015.183599000 35.449710643 25.595469941 1.486621161 0.557334792 -0.394945713 -0.362565437 0.633989052
10015.216932333 35.427625918 25.584184375 1.481386748 0.550068278 -0.404855866 -0.372192656 0.628481697
10015.250265666 35.410830833 25.576275387 1.479183925 0.544394635 -0.412200525 -0.379481916 0.624274526
10015.283599000 35.386641393 25.562011483 1.480616016 0.536799535 -0.421228022 -0.388619323 0.619183522
10015.316932333 35.362621672 25.540549161 1.487634747 0.530014461 -0.429556646 -0.396238359 0.614459861
10015.350265666 35.345412293 25.530073830 1.492787347 0.524412686 -0.434767839 -0.403208533 0.611057395
10015.383599000 35.323217474 25.510335028 1.505179667 0.516578780 -0.440681826 -0.413054935 0.606903215
10015.416932333 35.304675162 25.498127583 1.512833437 0.509654385 -0.445675024 -0.420916584 0.603701425
10015.450265666 35.289991164 25.489476635 1.518936935 0.504202960 -0.449286542 -0.427423371 0.601024326
10015.483599000 35.269984142 25.473224104 1.527835780 0.496295762 -0.454411528 -0.436872340 0.596944921
10015.516932333 35.251671473 25.462836773 1.535227286 0.488976391 -0.458969829 -0.445437088 0.593156460
10015.550265666 35.233142179 25.448638355 1.538787229 0.482896496 -0.462777135 -0.452565893 0.589773185
10015.583599000 35.212892283 25.438085653 1.545788905 0.475691800 -0.466127108 -0.460489664 0.586849299
10015.616932333 35.191450905 25.431415539 1.549826367 0.469621474 -0.468549254 -0.467445231 0.584304907
10015.650265666 35.174802292 25.427994946 1.551475835 0.464732952 -0.470332990 -0.473073213 0.582247281
10015.683599000 35.145398911 25.425295533 1.554176127 0.457917580 -0.473531919 -0.480398540 0.579047714
10015.716932333 35.121475058 25.419711186 1.552731974 0.450698902 -0.477254558 -0.488338944 0.574998837
10015.750265666 35.104964501 25.416655817 1.550417318 0.444154563 -0.480948542 -0.495112112 0.571208561
10015.783599000 35.079087776 25.413742233 1.549837583 0.434903356 -0.486914617 -0.504124314 0.565359976
10015.816932333 35.049337952 25.410964682 1.546192415 0.424490575 -0.493773454 -0.514424898 0.557998702
10015.850265666 35.032094484 25.408032185 1.545252619 0.417806932 -0.498211065 -0.520995870 0.552979570
10015.883599000 35.000558282 25.405214516 1.546514716 0.406942407 -0.505464101 -0.531640010 0.544300303
10015.916932333 34.970304631 25.402144450 1.549201136 0.394665312 -0.513452447 -0.542920257 0.534643312
10015.950265666 34.951614602 25.398532766 1.553189686 0.385512979 -0.519327569 -0.551079473 0.527247602
10015.983599000 34.924514978 25.391371700 1.563693480 0.372392454 -0.527634601 -0.562362720 0.516404646
10016.016932333 34.897957270 25.385259731 1.572579510 0.359996537 -0.535631091 -0.571992398 0.506286998
10016.050265666 34.879848456 25.380699831 1.579288170 -0.350898551 0.541254658 0.579001543 -0.498669044
10016.083599000 34.851028872 25.373671775 1.591163940 -0.334457995 0.550787017 0.590856672 -0.485448148
10016.116932333 34.828044152 25.370965071 1.598468519 -0.322146712 0.557196306 0.599660277 -0.475564217
10016.150265666 34.808176553 25.371529854 1.604293172 -0.313808155 0.561134029 0.605778966 -0.468705545
10016.183599000 34.780609671 25.377344727 1.613308505 -0.303490778 0.565821456 0.613283723 -0.460024459
10016.216932333 34.761002651 25.377745227 1.617248052 -0.294511856 0.569334827 0.620156983 -0.452245439
10016.250265666 34.740342029 25.380680122 1.621583031 -0.287534552 0.572300178 0.625378167 -0.445756140
10016.283599000 34.724681965 25.384932900 1.622418383 -0.277785341 0.576371689 0.632374314 -0.436730703
10016.316932333 34.704764465 25.389530113 1.622000247 -0.267687561 0.580836650 0.639089354 -0.427243436
10016.350265666 34.684229461 25.396337552 1.619416013 -0.257140696 0.585721943 0.645768412 -0.416883228
10016.383599000 34.652521055 25.404260458 1.618027586 -0.246147204 0.591248551 0.652623956 -0.404868717
10016.416932333 34.628548494 25.413270579 1.612851236 -0.236697501 0.595780928 0.658201727 -0.394702249
10016.450265666 34.612459653 25.420849166 1.607830558 -0.230426170 0.598503279 0.662272598 -0.387417876
10016.483599000 34.585306571 25.431450497 1.602627176 -0.224350800 0.601399167 0.666668881 -0.378864571
10016.516932333 34.565474504 25.442360501 1.595550306 -0.218438853 0.603774092 0.670849605 -0.371082364
10016.550265666 34.545977375 25.449340379 1.590664392 -0.212721856 0.606581628 0.674221263 -0.363639696
10016.583599000 34.522374695 25.463040631 1.587509901 -0.203582202 0.610700545 0.679002367 -0.352923387
10016.616932333 34.499758846 25.481117182 1.586284026 -0.192494030 0.615513136 0.683811654 -0.341308143
10016.650265666 34.486422109 25.494010239 1.587852736 -0.181634278 0.620054280 0.688225991 -0.329979792
10016.683599000 34.463133298 25.515792809 1.595638866 -0.166316158 0.625884738 0.694326139 -0.313876477
10016.716932333 34.443137298 25.530092627 1.598769264 -0.152885604 0.630829115 0.699126209 -0.299838562
10016.750265666 34.429850697 25.540806811 1.602099011 -0.145067103 0.633325204 0.702202047 -0.291147740
10016.783599000 34.405261515 25.556248705 1.610207745 -0.132851619 0.636771869 0.707540046 -0.276150536
10016.816932333 34.382106600 25.571758082 1.614747433 -0.122592425 0.639691130 0.711964621 -0.262436153
10016.850265666 34.369556975 25.582846839 1.618126793 -0.115734102 0.641267083 0.715077705 -0.253073156
10016.883599000 34.346819835 25.598608474 1.622144172 -0.108144614 0.642796668 0.718983131 -0.241206225
10016.916932333 34.328024887 25.613657577 1.622453816 -0.102195661 0.643975723 0.722038086 -0.231327296
10016.950265666 34.316755476 25.624775318 1.620738127 -0.098838981 0.644607759 0.723983670 -0.224854039
10016.983599000 34.296454143 25.643740173 1.617375977 -0.093114604 0.645589948 0.727138052 -0.214040983
10017.016932333 34.276008128 25.663608300 1.613879822 -0.088544865 0.646422543 0.729486380 -0.205298134
10017.050265666 34.263437971 25.678008716 1.611641167 -0.085026282 0.647043508 0.731070989 -0.199099068
10017.083599000 34.239037387 25.704061468 1.607318129 -0.078609790 0.648215628 0.733725462 -0.187840216
10017.116932333 34.215184312 25.731887809 1.605188719 -0.072213817 0.648891114 0.736395712 -0.177332576
10017.150265666 34.201311677 25.751517080 1.602954536 -0.068458708 0.649553479 0.737771070 -0.170550671
10017.183599000 34.182086910 25.774970869 1.602339045 -0.064321453 0.650452783 0.739101355 -0.162797774
10017.216932333 34.163526206 25.804162369 1.601341003 -0.058265822 0.651432898 0.740787453 -0.153212998
10017.250265666 34.145343264 25.830604277 1.601887174 -0.050664497 0.652693193 0.742297974 -0.142893045
10017.283599000 34.124947558 25.856513168 1.605111538 -0.040357148 0.654133289 0.743932700 -0.130556798
10017.316932333 34.108854355 25.887373696 1.609310325 -0.026790695 0.655864845 0.745450196 -0.115877390
10017.350265666 34.098856769 25.908890904 1.613807054 -0.016555177 0.656935388 0.746434933 -0.104865214
10017.383599000 34.084782112 25.936624147 1.620102350 -0.003971678 0.657889715 0.747567298 -0.091150889
10017.416932333 34.072668783 25.960763856 1.627275739 0.008125147 0.658242689 0.748671445 -0.078368435
10017.450265666 34.060402725 25.982368534 1.634557549 0.017450603 0.657954071 0.749828805 -0.067443909
10017.483599000 34.039043914 26.006060344 1.640743270 0.024470469 0.657079846 0.751216310 -0.057630958
10017.516932333 34.022781248 26.028611011 1.644857271 0.028986413 0.655896715 0.752631520 -0.050050790
10017.550265666 34.010085042 26.040992307 1.645430114 0.030442193 0.655074461 0.753560403 -0.045797851
10017.583599000 33.992844186 26.064326536 1.646139298 0.032369396 0.653498201 0.755224078 -0.039101356
10017.616932333 33.975496463 26.091258610 1.645182491 0.033972124 0.652210974 0.756561264 -0.032890645
10017.650265666 33.962300355 26.112359588 1.644250493 0.035212890 0.651327330 0.757439234 -0.028610633
10017.683599000 33.930987645 26.147670143 1.642950173 0.036206402 0.650585665 0.758209826 -0.023350553
10017.716932333 33.911167389 26.178859391 1.639513639 0.036891486 0.649771394 0.759002219 -0.018755959
10017.750265666 33.898820336 26.202891597 1.635494349 0.037214342 0.649099871 0.759637897 -0.015320463
10017.783599000 33.874623845 26.237997326 1.631864753 0.037245791 0.648368102 0.760333436 -0.011163377
10017.816932333 33.848659024 26.273595404 1.629630866 0.036178237 0.647844565 0.760868189 -0.008255506
10017.850265666 33.835014135 26.302073023 1.626981947 0.033854360 0.647348613 0.761408996 -0.007070853
10017.883599000 33.807191227 26.342954725 1.628786672 0.029425714 0.646658331 0.762184332 -0.006494257
10017.916932333 33.788412718 26.381250690 1.630415687 0.025503930 0.645805477 0.763054175 -0.005758589
10017.950265666 33.774612403 26.404676286 1.632859313 0.023978806 0.645128031 0.763683555 -0.004718959
10017.983599000 33.753754232 26.450733818 1.636862340 0.022590818 0.643681088 0.764957598 -0.002045674
10018.016932333 33.736513994 26.487127868 1.641481261 0.022767521 0.642053838 0.766321099 0.000694493
10018.050265666 33.722431921 26.513545759 1.645841088 0.022388935 0.640620213 0.767528316 0.002182306
10018.083599000 33.700073753 26.547629886 1.651367809 0.020397270 0.638830802 0.769071005 0.002991070
10018.116932333 33.674639340 26.587891694 1.658717568 0.015683855 0.636286901 0.771289491 0.002348811
10018.150265666 33.659323076 26.612487265 1.662389711 0.012229400 0.634809148 0.772570494 0.001618513
10018.183599000 33.629022650 26.656756284 1.669548187 0.004221275 0.632099336 0.774873776 -0.001800352
10018.216932333 33.605223926 26.693368754 1.675120022 -0.003338738 0.629986742 0.776580346 -0.005340830
10018.250265666 33.586927881 26.716284650 1.676916190 -0.008974311 0.628726872 0.777530074 -0.008304577
10018.283599000 33.554790963 26.758792367 1.679338387 -0.020989052 0.626262082 0.779185878 -0.014987720
10018.316932333 33.527124856 26.793622390 1.679840034 -0.032017138 0.624177939 0.780332214 -0.021411186
10018.350265666 33.505624766 26.819582610 1.679719462 -0.040666419 0.622816487 0.780857310 -0.026603158
10018.383599000 33.479401839 26.849883057 1.677099523 -0.052052278 0.621094225 0.781292778 -0.033378430
10018.416932333 33.442137492 26.889957009 1.674159503 -0.067713240 0.619167398 0.781145668 -0.043105629
10018.450265666 33.419541706 26.915957666 1.671257654 -0.078591659 0.617858475 0.780761669 -0.049854517
10018.483599000 33.384075476 26.956973720 1.668454476 -0.093278785 0.616146520 0.779865101 -0.058931812
10018.516932333 33.343929322 26.999468651 1.667578932 -0.106763688 0.614483237 0.778737760 -0.067671026
10018.550265666 33.319734214 27.025491768 1.666342425 -0.115817348 0.613434827 0.777718234 -0.073745533
10018.583599000 33.285417675 27.064168143 1.667428644 -0.126054550 0.612439606 0.776169618 -0.081170832
10018.616932333 33.256713602 27.093263895 1.668640208 -0.133798605 0.611794483 0.774781339 -0.086714014
10018.650265666 33.229735444 27.121137379 1.670150896 -0.140281876 0.611488338 0.773225246 -0.092334863
10018.683599000 33.199690556 27.146181722 1.671671759 -0.146461658 0.611356309 0.771476842 -0.098060840
10018.716932333 33.167138694 27.178226879 1.673892482 -0.153661614 0.611397379 0.769039713 -0.105637464
10018.750265666 33.146617098 27.199907521 1.676527321 -0.160165220 0.611230188 0.766881827 -0.112414516
10018.783599000 33.118877904 27.228491831 1.679810171 -0.171399409 0.610745842 0.763078786 -0.123784188
10018.816932333 33.088097470 27.259773288 1.682951728 -0.185247923 0.609988995 0.758278796 -0.136418109
10018.850265666 33.064012997 27.284740879 1.686471136 -0.199542812 0.608843668 0.753157100 -0.149152397
10018.883599000 33.039599600 27.312366156 1.689497899 -0.218330198 0.607074896 0.745844497 -0.165855302
10018.916932333 33.006925256 27.341118916 1.692755649 -0.241224186 0.604285828 0.736053090 -0.186749507
10018.950265666 32.975980799 27.369495712 1.693534426 -0.260044154 0.601779856 0.727058560 -0.204019345
10018.983599000 32.956537561 27.391040540 1.695834143 -0.272765573 0.600170789 0.719937697 -0.216987737
10019.016932333 32.942007874 27.436605350 1.702506788 -0.288322177 0.598593023 0.709894718 -0.233679704
10019.050265666 32.915038284 27.460955980 1.703383480 -0.304220655 0.595793714 0.699563534 -0.251178232
10019.083599000 32.900206894 27.476362112 1.703607919 -0.317454837 0.593038786 0.690667832 -0.265528475
10019.116932333 32.867752637 27.503246669 1.703068239 -0.337211794 0.587518440 0.677418683 -0.286730215
10019.150265666 32.837274035 27.525988554 1.699433827 -0.358705032 0.579502044 0.663151854 -0.309415092
10019.183599000 32.814183387 27.540715456 1.698005356 -0.375714809 0.572289081 0.650923459 -0.328058288
10019.216932333 32.781579100 27.559804656 1.695773396 -0.400657066 0.559861932 0.632237225 -0.355393618
10019.250265666 32.752677936 27.571346959 1.694617893 -0.425432925 0.545175502 0.612738591 -0.382546621
10019.283599000 32.732424369 27.574886254 1.693364305 -0.444959446 0.531863881 0.596863067 -0.403591851
10019.316932333 32.704863386 27.577696922 1.692950437 -0.472728540 0.510212109 0.572703496 -0.433845637
10019.350265666 32.667694125 27.597012227 1.691424330 -0.501030088 0.485066280 0.546703328 -0.463459844
10019.383599000 32.654293726 27.592849487 1.692937195 -0.520434264 0.464976837 0.526852500 -0.485150659
10019.416932333 32.639249103 27.581103304 1.694874238 0.546275762 -0.434888503 -0.498265839 0.513990209
10019.450265666 32.628334295 27.570374057 1.697552246 0.569299702 -0.403986164 -0.469880429 0.540282713
10019.483599000 32.620473497 27.557010890 1.700127469 0.590223170 -0.371833489 -0.441222823 0.564534221
10019.516932333 32.613496541 27.542593492 1.702812523 0.610214482 -0.336518700 -0.410333024 0.588234868
10019.550265666 32.608580828 27.523940825 1.704703418 0.629478517 -0.296231311 -0.376014543 0.612059532
10019.583599000 32.608606396 27.508892219 1.706007731 0.640138496 -0.269953767 -0.354032720 0.626105824
10019.616932333 32.609895979 27.487758660 1.708022436 0.651998090 -0.235663382 -0.325594913 0.642922401
10019.650265666 32.604653303 27.472093504 1.713690221 0.661244779 -0.204687158 -0.299265752 0.656733217
10019.683599000 32.609891979 27.454306481 1.715344631 0.666887458 -0.181743726 -0.280490051 0.665999751
10019.716932333 32.619513088 27.428434433 1.717815818 0.673751119 -0.149714132 -0.254080335 0.677560545
10019.750265666 32.630265941 27.400755625 1.718859087 0.679833040 -0.116312532 -0.225888351 0.687948316
10019.783599000 32.641073983 27.380498037 1.721259196 0.683934060 -0.090684649 -0.204318069 0.694452751
10019.816932333 32.653582899 27.353317801 1.723230904 0.688360614 -0.057248675 -0.175821459 0.701405068
10019.850265666 32.674245691 27.321900701 1.727446527 0.691621218 -0.018078953 -0.142050585 0.707922929
10019.883599000 32.688772284 27.300458669 1.730519690 0.692390552 0.005972162 -0.120869264 0.711301819
10019.916932333 32.709137285 27.271323841 1.735224157 0.691513390 0.033901068 -0.095334739 0.715242083
10019.950265666 32.727590565 27.246291062 1.741039914 0.688947257 0.052375986 -0.076742487 0.718831708
10019.983599000 32.740561093 27.226841364 1.744117588 0.685998069 0.061185298 -0.066384655 0.721980669
10020.016932333 32.755980235 27.203448219 1.747677185 0.681584282 0.066174775 -0.057670019 0.726455734
10020.050265666 32.774915858 27.179193840 1.751484671 0.675307668 0.067194023 -0.051172272 0.732684048
10020.083599000 32.787543312 27.163250977 1.754470615 0.671156676 0.067500744 -0.046285241 0.736783579
10020.116932333 32.804419588 27.134513880 1.756727607 0.664959828 0.070641393 -0.036146870 0.742651751
10020.150265666 32.823744969 27.109506943 1.755004667 0.659314685 0.078148163 -0.023128540 0.747437009
10020.183599000 32.837763191 27.090116102 1.755094381 0.655349622 0.085993450 -0.011605746 0.750324800
10020.216932333 32.868333353 27.075278530 1.756321818 0.649765294 0.097233232 0.003402836 0.753882738
10020.250265666 32.914644946 27.070357343 1.751592442 0.642232182 0.109238292 0.018222293 0.758467381
10020.283599000 32.929636912 27.059895776 1.746975961 0.639384639 0.113037885 0.025508962 0.760104607
10020.316932333 32.951942829 27.041242859 1.723755513 0.633736292 0.116020310 0.037418275 0.763883153
10020.350265666 32.968319589 27.015723804 1.709576878 0.630972640 0.115650511 0.045664051 0.765776261
10020.383599000 32.977169886 26.993584402 1.703017164 0.629268513 0.114083940 0.051304469 0.767055307
10020.416932333 32.992467309 26.956910437 1.693844113 0.627584212 0.108986854 0.057465272 0.768737709
10020.450265666 33.001953559 26.904701104 1.684418583 0.626208783 0.101127453 0.062647423 0.770526508
10020.483599000 33.013382750 26.878172464 1.678833847 0.626046884 0.096231308 0.065197722 0.771073338
10020.516932333 33.032300156 26.824006841 1.666294019 0.625323765 0.090189122 0.070996406 0.771877983
10020.550265666 33.057288767 26.778494526 1.653479556 0.624939400 0.089316070 0.078330070 0.771581354
10020.583599000 33.074459017 26.746020249 1.646829809 0.624512738 0.091808213 0.085822460 0.770836946
10020.616932333 33.103427045 26.698290338 1.639398237 0.623511915 0.096955070 0.095376292 0.769893480
10020.650265666 33.137312526 26.641676561 1.634405754 0.621786488 0.110398831 0.113821359 0.766966988
10020.683599000 33.157992452 26.607969671 1.633225665 0.620695636 0.119351067 0.125060117 0.764756313
10020.716932333 33.193332908 26.567823891 1.636821071 0.619060821 0.129498549 0.139399460 0.761945940
10020.750265666 33.218097492 26.526425947 1.640741718 0.618348335 0.136819535 0.151503703 0.758928441
10020.783599000 33.235042891 26.498900572 1.642411418 0.618234846 0.139731413 0.157511448 0.757265443
10020.816932333 33.267527975 26.443348120 1.648460693 0.618394322 0.142744247 0.166806152 0.754578194
10020.850265666 33.291633762 26.401126217 1.653711610 0.618789139 0.144481466 0.173417712 0.752430332
10020.883599000 33.307216422 26.375449912 1.658741543 0.618885914 0.145616589 0.177522644 0.751173579
10020.916932333 33.326950871 26.337102283 1.668081791 0.618445605 0.149281477 0.184842152 0.749048365
10020.950265666 33.353581353 26.296076364 1.673926229 0.618100018 0.154687170 0.192068970 0.746413932
10020.983599000 33.369153961 26.273028349 1.675715388 0.617696547 0.158809135 0.196489333 0.744729868
10021.016932333 33.396280231 26.233963854 1.679079851 0.616508863 0.166487444 0.204601581 0.741846983
10021.050265666 33.429604683 26.191463414 1.679723229 0.615456062 0.174546927 0.212786729 0.738558741
10021.083599000 33.450264239 26.161756035 1.677064822 0.615446068 0.178016684 0.216328553 0.736707646
10021.116932333 33.480393037 26.125488534 1.673085380 0.616290281 0.179142245 0.218044309 0.735221752
10021.150265666 33.507719467 26.082446709 1.665287912 0.618950226 0.176230832 0.216699388 0.734087656
10021.183599000 33.526933658 26.050598805 1.661472561 0.621232089 0.172046413 0.214188068 0.733889770
10021.216932333 33.551901911 26.005307459 1.657789116 0.623826090 0.167206447 0.211525812 0.733580156
10021.250265666 33.577069754 25.957052310 1.653132487 0.627096342 0.159920716 0.206439991 0.733865160
10021.283599000 33.595026435 25.926099856 1.651475324 0.629250778 0.154786189 0.202702045 0.734163861
10021.316932333 33.612925652 25.890780241 1.652522787 0.631109333 0.148438414 0.198235125 0.735098553
10021.350265666 33.636910423 25.844633907 1.652267491 0.634462822 0.139121142 0.191543043 0.735808058
10021.383599000 33.651823285 25.815375250 1.654263948 0.636585163 0.132860411 0.186494958 0.736428592
10021.416932333 33.667051666 25.778762117 1.657954329 0.639385888 0.123084446 0.178647440 0.737645577
10021.450265666 33.684213318 25.748919820 1.664747487 0.641426814 0.113440621 0.170543874 0.739335956
10021.483599000 33.695110418 25.723978474 1.667932573 0.642973966 0.106800553 0.164742664 0.740295870
10021.516932333 33.709853320 25.691477272 1.672650831 0.644480815 0.099269373 0.158044845 0.741493020
10021.550265666 33.720620001 25.666663030 1.679968285 0.645952360 0.091631920 0.150735566 0.742716587
10021.583599000 33.728588509 25.645003134 1.683237636 0.646994999 0.087108691 0.145889735 0.743320747
10021.616932333 33.734546561 25.624671547 1.687947363 0.648449469 0.080164034 0.139289415 0.744100446
10021.650265666 33.742357036 25.596940021 1.692359233 0.650305834 0.071488775 0.130444663 0.744967024
10021.683599000 33.747527996 25.575311052 1.694256690 0.651797040 0.065184623 0.123823943 0.745371864
10021.716932333 33.751420259 25.550559462 1.697360066 0.653628790 0.056361874 0.115016208 0.745898127
10021.750265666 33.757271633 25.528763250 1.697135582 0.655225663 0.048643154 0.106703890 0.746275723
10021.783599000 33.762312815 25.502952474 1.697661950 0.656717487 0.042220710 0.099300251 0.746377260
10021.816932333 33.766257285 25.476052624 1.699116105 0.657979174 0.037214891 0.092925069 0.746353395
10021.850265666 33.769994334 25.458984296 1.697587318 0.659002742 0.034298234 0.089043917 0.746063133
10021.883599000 33.773971998 25.436108846 1.698120569 0.659486641 0.033286908 0.085734242 0.746069027
10021.916932333 33.776507871 25.414099212 1.697440791 0.660149443 0.032052143 0.082617505 0.745888545
10021.950265666 33.779640167 25.392301614 1.698070485 0.660392595 0.031386582 0.079588632 0.746030933
10021.983599000 33.782176074 25.371699268 1.699607068 0.660624185 0.029641961 0.075950381 0.746276477
10022.016932333 33.785020679 25.351494151 1.700829855 0.660848897 0.027469714 0.071900681 0.746561747
10022.050265666 33.789381140 25.327616200 1.703140164 0.661209000 0.024599251 0.066354090 0.746856526
10022.083599000 33.791087764 25.310705594 1.705019352 0.661459658 0.022143130 0.062698945 0.747027205
10022.116932333 33.793570172 25.284398606 1.707573597 0.662127031 0.018175513 0.057695712 0.746946217
10022.150265666 33.795812775 25.256304261 1.707942458 0.662792872 0.012773899 0.050942656 0.746958688
10022.183599000 33.795814115 25.237335306 1.707841835 0.663150392 0.008423282 0.046153896 0.747014339
10022.216932333 33.797070821 25.216238067 1.706382156 0.663620309 0.003250597 0.040332527 0.746974435
10022.250265666 33.796138352 25.182580368 1.703996544 0.664287403 -0.006499936 0.030843317 0.746812350
10022.283599000 33.794563998 25.162572033 1.702056209 0.664502973 -0.012921467 0.024625816 0.746767972
10022.316932333 33.789283967 25.136210464 1.698497932 0.664781052 -0.021315268 0.016928174 0.746542195
10022.350265666 33.784233883 25.103515362 1.695091986 0.664847483 -0.031521587 0.007320734 0.746277844
10022.383599000 33.782186043 25.086151372 1.693697983 0.664610059 -0.038404961 0.000676735 0.746202433
10022.416932333 33.779483826 25.062241908 1.690706931 0.663799930 -0.049833695 -0.009988547 0.746181268
10022.450265666 33.775823675 25.030724281 1.688611414 0.662065130 -0.069363898 -0.028100805 0.745700180
10022.483599000 33.773072433 25.013403148 1.688839158 0.660383930 -0.083330665 -0.040863448 0.745170614
10022.516932333 33.769434449 24.990387631 1.689556450 0.657265866 -0.104760777 -0.060523560 0.743884171
10022.550265666 33.766918786 24.971433546 1.690394557 0.653804086 -0.124678834 -0.078526246 0.742178572
10022.583599000 33.762956823 24.954081495 1.693504097 0.649116418 -0.146417165 -0.097898497 0.740017415
10022.616932333 33.758589971 24.936603881 1.697501325 0.642596883 -0.170491145 -0.119552531 0.737366400
10022.650265666 33.756734537 24.922501048 1.700347767 0.635930136 -0.190751976 -0.137895303 0.734977164
10022.683599000 33.755665994 24.919885430 1.702117528 0.631346408 -0.202171236 -0.149424486 0.733621720
10022.716932333 33.749906976 24.911098386 1.705571972 0.624793046 -0.215488726 -0.163278156 0.732487886
10022.750265666 33.744846723 24.901161967 1.706126516 0.619821396 -0.224285231 -0.173092372 0.731817329
10022.783599000 33.737398709 24.891259069 1.707152938 0.614093576 -0.233530500 -0.183506724 0.731216704
10022.816932333 33.726683103 24.880483449 1.706782140 0.607076767 -0.245285583 -0.196621720 0.729816882
10022.850265666 33.713830349 24.870784214 1.703808868 0.599492346 -0.259306180 -0.210792087 0.727279814
10022.883599000 33.703376771 24.863136862 1.700220954 0.593445084 -0.271079469 -0.221593736 0.724731033
10022.916932333 33.687076810 24.850274601 1.694814328 0.584266956 -0.289492467 -0.237846633 0.719899447
10022.950265666 33.672900818 24.835427994 1.690778612 0.576082514 -0.305438751 -0.251750934 0.715162621
10022.983599000 33.655611852 24.825120781 1.684012035 0.568380541 -0.319915523 -0.264228066 0.710479519
10023.016932333 33.632473509 24.809375636 1.675443658 0.559931957 -0.334277460 -0.277297080 0.705578566
10023.050265666 33.610672913 24.790192444 1.666290623 0.553893832 -0.343292719 -0.285734970 0.702643053
10023.083599000 33.590340507 24.774968432 1.659798078 0.550193876 -0.347955735 -0.291599949 0.700844473
10023.116932333 33.560896259 24.757542536 1.655215162 0.546711630 -0.351294754 -0.297221817 0.699540979
10023.150265666 33.528231722 24.737249047 1.655207810 0.543975093 -0.354162513 -0.302526626 0.697952472
10023.183599000 33.506400144 24.724660127 1.654624798 0.541945279 -0.356366964 -0.306314111 0.696756461
10023.216932333 33.472897216 24.700573823 1.658375323 0.538426788 -0.360702084 -0.314230691 0.693721611
10023.250265666 33.440612334 24.681650389 1.663211147 0.534965724 -0.363917924 -0.320800506 0.691709804
10023.283599000 33.424926694 24.670120801 1.664464284 0.533667776 -0.364875264 -0.323773013 0.690822540
10023.316932333 33.383972530 24.645826783 1.675947523 0.530819028 -0.365534316 -0.330311985 0.689572198
10023.350265666 33.352298569 24.623623047 1.679922869 0.528656297 -0.365173802 -0.335410013 0.688963523
10023.383599000 33.330391827 24.610024130 1.683733019 0.526698057 -0.365280327 -0.339531829 0.688387664
10023.416932333 33.301463650 24.583272768 1.688566349 0.523953627 -0.366548633 -0.345839792 0.686665519
10023.450265666 33.261577987 24.556097072 1.693640864 0.519549076 -0.369873973 -0.354327027 0.683896454
10023.483599000 33.238300429 24.542502156 1.695347768 0.516812042 -0.372494544 -0.359698734 0.681740382
10023.516932333 33.201095147 24.523652179 1.696279312 0.513172960 -0.376765834 -0.366913878 0.678288452
10023.550265666 33.162853199 24.500060687 1.692235215 0.509514312 -0.380528204 -0.374240120 0.674935393
10023.583599000 33.132857919 24.483594987 1.689885326 0.507239250 -0.382719081 -0.379489784 0.672474500
10023.616932333 33.098645047 24.468670258 1.685068260 0.505008436 -0.384857307 -0.384970817 0.669812513
10023.650265666 33.049286692 24.444197588 1.680993351 0.502855369 -0.386618402 -0.392137536 0.666251335
10023.683599000 33.021406778 24.429974892 1.678707088 0.501890384 -0.387050129 -0.395683761 0.664629672
10023.716932333 32.990181992 24.422102694 1.673354931 0.500748173 -0.387252297 -0.400413232 0.662537674
10023.750265666 32.935535796 24.394823348 1.672370453 0.499520016 -0.386987687 -0.406456053 0.659934663
10023.783599000 32.892425156 24.373455918 1.673307087 0.497859436 -0.387287521 -0.411990535 0.657577491
10023.816932333 32.864967168 24.360365091 1.674863673 0.496307837 -0.388354495 -0.415800372 0.655720495
10023.850265666 32.819860892 24.336884179 1.678610453 0.491911379 -0.392020149 -0.424103958 0.651520706
10023.883599000 32.779296848 24.316983666 1.684669838 0.486754089 -0.396879730 -0.432425611 0.646966018
10023.916932333 32.761703774 24.309003288 1.688161520 0.484210694 -0.399207720 -0.436473884 0.644719900
10023.950265666 32.713654067 24.287170880 1.695826215 0.478108166 -0.404805952 -0.445760114 0.639408041
10023.983599000 32.675055885 24.270019232 1.704336301 0.474042483 -0.407886161 -0.452483768 0.635744480
10024.016932333 32.660514507 24.265393938 1.708083581 0.472783857 -0.408564560 -0.455161511 0.634333055
10024.050265666 32.615960664 24.246429995 1.716510003 0.470240512 -0.410048093 -0.461189704 0.630902907
10024.083599000 32.576426389 24.230563955 1.722610453 0.468396833 -0.411738720 -0.465788116 0.627787435
10024.116932333 32.549184628 24.219825596 1.724917989 0.466807341 -0.413402302 -0.469120193 0.625392427
10024.150265666 32.510160912 24.206150103 1.725849068 0.464156315 -0.416501734 -0.473492778 0.622004670
10024.183599000 32.460389670 24.189257829 1.723131637 0.460146080 -0.421756229 -0.480040636 0.616399429
10024.216932333 32.436666234 24.181633871 1.720661624 0.458006745 -0.424516084 -0.483136037 0.613673762
10024.250265666 32.388968391 24.170914177 1.712228167 0.452973053 -0.430478020 -0.489911109 0.607857872
10024.283599000 32.346989058 24.160136286 1.703539952 0.449552854 -0.434729069 -0.494822016 0.603377196
10024.316932333 32.315235954 24.151479398 1.697996616 0.447729334 -0.437039457 -0.497754339 0.600645964
10024.350265666 32.281900801 24.150181357 1.690529883 0.445828163 -0.439319568 -0.500685219 0.597954746
10024.383599000 32.226680940 24.141995683 1.682386526 0.444063998 -0.441619917 -0.503802264 0.594947303
10024.416932333 32.191969284 24.135321084 1.679234366 0.443384795 -0.442641943 -0.505394488 0.593341761
10024.450265666 32.150847375 24.129962871 1.677576304 0.442327962 -0.443890547 -0.507244218 0.591616818
10024.483599000 32.091334085 24.121315378 1.677419248 0.441637332 -0.445172724 -0.509124562 0.589550586
10024.516932333 32.056671816 24.115200108 1.679308515 0.441997279 -0.444794377 -0.509627126 0.589132039
10024.550265666 32.009772786 24.106389509 1.683408371 0.444188279 -0.442480386 -0.509072997 0.589705489
10024.583599000 31.966833866 24.098840726 1.688749617 0.447293490 -0.439077249 -0.507726199 0.591061596
10024.616932333 31.934769963 24.090413561 1.693718247 0.449582312 -0.436598357 -0.507024284 0.591763462
10024.650265666 31.892369278 24.078044775 1.701385131 0.451887381 -0.434304282 -0.506604281 0.592055477
10024.683599000 31.846737227 24.072218772 1.707454446 0.452586182 -0.433936406 -0.508076806 0.590527647
10024.716932333 31.818006781 24.067039198 1.712655980 0.452432150 -0.434289884 -0.509283881 0.589344869
10024.750265666 31.788823533 24.063799641 1.716671494 0.452187255 -0.434928233 -0.510959804 0.587608882
10024.783599000 31.741341191 24.053896388 1.719252040 0.451883560 -0.435644922 -0.512437836 0.586022367
10024.816932333 31.718423977 24.049289940 1.719501788 0.451749860 -0.435977635 -0.512926951 0.585449835
10024.850265666 31.668737752 24.041882034 1.717576907 0.451474171 -0.436657517 -0.513997739 0.584215380
10024.883599000 31.624609151 24.035239866 1.712993822 0.451138149 -0.437565512 -0.514925454 0.582977332
10024.916932333 31.594170678 24.029819149 1.709864542 0.450754221 -0.438516251 -0.515609043 0.581954847
10024.950265666 31.553877805 24.023255555 1.705373990 0.449694625 -0.440453001 -0.516943874 0.580124926
10024.983599000 31.503698423 24.016842538 1.699599819 0.447728192 -0.443869703 -0.519264830 0.576960301
10025.016932333 31.470618176 24.010888207 1.696375966 0.445897191 -0.446759101 -0.521145012 0.574447454
10025.050265666 31.439912063 24.004335429 1.690532284 0.443094344 -0.451054031 -0.523967584 0.570679975
10025.083599000 31.384226897 23.991672917 1.688434313 0.437025355 -0.459307556 -0.529531348 0.563597338
10025.116932333 31.351541737 23.985889350 1.689145311 0.432717511 -0.465092622 -0.533188499 0.558707825
10025.150265666 31.316014505 23.975765034 1.692992518 0.427776383 -0.471310927 -0.536942571 0.553684072
10025.183599000 31.265226095 23.968673559 1.698801468 0.421359111 -0.479563483 -0.542669142 0.545880543
10025.216932333 31.236489858 23.964962692 1.703428285 0.417886181 -0.483855014 -0.545688832 0.541737172
10025.250265666 31.198150751 23.966351323 1.709922274 0.414314651 -0.487795559 -0.549307761 0.537270739
10025.283599000 31.154869867 23.962274198 1.718060790 0.412285807 -0.489894791 -0.551874078 0.534283173
10025.316932333 31.130478833 23.960633669 1.723005701 0.411817543 -0.490606195 -0.553174535 0.532644165
10025.350265666 31.098633853 23.958936641 1.728042856 0.411233360 -0.491503370 -0.554601912 0.530780822
10025.383599000 31.065813218 23.960798524 1.733424390 0.409627890 -0.493591735 -0.557298053 0.527248585
10025.416932333 31.043575008 23.961661610 1.736029372 0.407493195 -0.496001395 -0.559717506 0.524068912
10025.450265666 31.012457139 23.963391563 1.737964247 0.403009236 -0.500609274 -0.563982346 0.518553589
10025.483599000 30.982549034 23.967040232 1.737421225 0.396656999 -0.506982808 -0.569385983 0.511303491
10025.516932333 30.960825370 23.969931430 1.735846967 0.392060586 -0.511632101 -0.573094692 0.506046998
10025.550265666 30.933621543 23.970705929 1.732195603 -0.386738187 0.517111101 0.577320926 -0.499730160
10025.583599000 30.902254579 23.973617452 1.726627721 -0.382706711 0.521871869 0.580672388 -0.493968526
10025.616932333 30.872897838 23.978411065 1.721047818 -0.380524319 0.525347790 0.582850916 -0.489383032
10025.650265666 30.845783217 23.985264980 1.713730900 -0.380507866 0.527255157 0.583502342 -0.486560150
10025.683599000 30.809243478 23.993542610 1.704586277 -0.383603865 0.527756056 0.582360793 -0.484951056
10025.716932333 30.774203401 23.999598787 1.696424993 -0.388612703 0.526523420 0.580072240 -0.485045824
10025.750265666 30.737291526 24.006397035 1.686791163 -0.395543534 0.524264666 0.576298031 -0.486387142
10025.783599000 30.686161112 24.017470883 1.675346140 -0.405010510 0.521247179 0.570654097 -0.488489270
10025.816932333 30.653602199 24.023037028 1.669202928 -0.411467195 0.518931678 0.566613024 -0.490259464
10025.850265666 30.608658475 24.035322666 1.662588792 -0.420465985 0.515660377 0.560284355 -0.493339814
10025.883599000 30.553109171 24.044729344 1.659008826 -0.432783354 0.510211434 0.551527782 -0.498196714
10025.916932333 30.517779812 24.047839903 1.657016263 0.442825851 -0.504930839 -0.544243416 0.502741701
10025.950265666 30.477076156 24.049037960 1.657086796 0.456852784 -0.496564732 -0.533544082 0.509940892
10025.983599000 30.428087216 24.052622727 1.658724953 0.475909400 -0.484146104 -0.518641845 0.519734000
10026.016932333 30.395584853 24.050774879 1.659430287 0.489496582 -0.474377707 -0.507229230 0.527330443
10026.050265666 30.357355999 24.048017758 1.660613107 0.508234964 -0.459847379 -0.490664573 0.538038925
10026.083599000 30.318262670 24.041291489 1.661509807 0.526894973 -0.444343207 -0.472358520 0.549379860
10026.116932333 30.290298757 24.034978680 1.659628061 0.539447007 -0.433199298 -0.459620576 0.556852064
10026.150265666 30.252324477 24.026159159 1.654583756 0.555085495 -0.419047274 -0.442782281 0.565882785
10026.183599000 30.215279789 24.009437061 1.647552170 0.569232383 -0.406045926 -0.426486883 0.573768366
10026.216932333 30.190468677 24.001042696 1.641548177 0.577952668 -0.398056077 -0.415961130 0.578358376
10026.250265666 30.159958136 23.989315065 1.631358056 0.588254999 -0.389237813 -0.403192668 0.582997130
10026.283599000 30.130353357 23.978755627 1.621856941 0.596276673 -0.383163674 -0.392486605 0.586168912
10026.316932333 30.115096051 23.971523763 1.616438625 0.600679440 -0.380110687 -0.386088813 0.587907735
10026.350265666 30.085381779 23.959119542 1.606376672 0.607823143 -0.375658573 -0.375810314 0.590083275
10026.383599000 30.057995145 23.943143445 1.595363216 0.614791593 -0.372023238 -0.365671248 0.591535752
10026.416932333 30.039132765 23.933931512 1.588192161 0.619045766 -0.370313448 -0.359515228 0.591945175
10026.450265666 30.033133461 23.915253698 1.577662865 0.624301149 -0.368411572 -0.352023210 0.592115402
10026.483599000 30.027113419 23.892880449 1.566881476 0.629084576 -0.367698430 -0.345492883 0.591341804
10026.516932333 30.012883301 23.882370079 1.558725804 0.632184969 -0.368208648 -0.341360193 0.590116747
10026.550265666 30.000932216 23.868587992 1.547628766 0.635716234 -0.370302109 -0.337274545 0.587356024
10026.583599000 29.994070495 23.842251444 1.535938565 0.638865745 -0.373300973 -0.333837772 0.583994251
10026.616932333 29.983173902 23.830253082 1.527553657 0.640614939 -0.376789538 -0.333172348 0.580205421
10026.650265666 29.973493862 23.808611274 1.516336558 0.642794199 -0.382258385 -0.333071441 0.574245209
10026.683599000 29.966355779 23.784212389 1.505471747 0.644969167 -0.386460862 -0.332903572 0.569067648
10026.716932333 29.955468852 23.766703980 1.495256258 0.647585966 -0.391717468 -0.333780250 0.561943579
10026.750265666 29.945061627 23.745410306 1.484546479 0.650900689 -0.397178111 -0.334753475 0.553640634
10026.783599000 29.937757099 23.720670979 1.473812027 0.654127800 -0.400877619 -0.335334728 0.546776533
10026.816932333 29.929782733 23.703770197 1.465485544 0.656901959 -0.405541747 -0.337194021 0.538809706
10026.850265666 29.922406159 23.684650372 1.458031882 0.659210462 -0.410356698 -0.339571796 0.530791807
10026.883599000 29.915920310 23.654612315 1.447931215 0.662052442 -0.417756116 -0.344641578 0.518062326
10026.916932333 29.910843994 23.640048822 1.442105345 0.663641508 -0.422630719 -0.348321226 0.509544451
10026.950265666 29.904264222 23.620709640 1.436200276 0.665576530 -0.427215958 -0.351685133 0.500811317
10026.983599000 29.895815641 23.598061840 1.428735648 0.669205942 -0.432424731 -0.355428584 0.488715439
10027.016932333 29.889828393 23.584952441 1.423634348 0.672126709 -0.434755436 -0.356833827 0.481563099
10027.050265666 29.882764706 23.568306906 1.418428899 0.676757683 -0.436504468 -0.356968697 0.473324664
10027.083599000 29.874190947 23.554108410 1.413238915 0.681941097 -0.437570507 -0.356170378 0.465436412
10027.116932333 29.866713165 23.543611867 1.409771894 0.685620186 -0.438019774 -0.355572012 0.460034981
10027.150265666 29.855293835 23.527208233 1.405524336 0.689994911 -0.438733547 -0.355182151 0.453062398
10027.183599000 29.841696262 23.509426366 1.402897246 0.692887089 -0.440285703 -0.355917298 0.446518599
10027.216932333 29.830953047 23.499324219 1.400800837 0.694690770 -0.442529318 -0.357900741 0.439863157
10027.250265666 29.813099010 23.481526018 1.399003766 0.695336365 -0.446152150 -0.361850587 0.431879326
10027.283599000 29.797948833 23.469184079 1.398819408 0.694736718 -0.450300455 -0.367181430 0.423967204
10027.316932333 29.788017183 23.463519345 1.399030765 0.693880026 -0.453429365 -0.371219374 0.418483568
10027.350265666 29.773566554 23.454558602 1.399502941 0.692274449 -0.457420426 -0.376541078 0.411994488
10027.383599000 29.751621256 23.438763234 1.398877266 0.690492722 -0.461166477 -0.381516615 0.406190046
10027.416932333 29.739585441 23.433788847 1.399409065 0.689385854 -0.463431458 -0.384235858 0.402915915
10027.450265666 29.722847200 23.421961255 1.398868719 0.688337734 -0.465359160 -0.386703715 0.400115300
10027.483599000 29.702131890 23.410536949 1.399382148 0.686784214 -0.467798556 -0.389553963 0.397164530
10027.516932333 29.686581590 23.405984271 1.401055319 0.685106035 -0.470177518 -0.391862680 0.394976534
10027.550265666 29.666045393 23.396643287 1.403305026 0.682869106 -0.472967464 -0.394708270 0.392679187
10027.583599000 29.646877941 23.391103164 1.405536104 0.680032854 -0.476244530 -0.397987690 0.390323281
10027.616932333 29.628569042 23.385254034 1.409976555 0.676744931 -0.479890651 -0.401509837 0.387957617
10027.650265666 29.606411719 23.376647371 1.415430784 0.673305929 -0.483614391 -0.404870388 0.385818889
10027.683599000 29.582122312 23.364042750 1.421240522 0.670307072 -0.486738002 -0.407526934 0.384312822
10027.716932333 29.558467021 23.352751798 1.428758944 0.667679614 -0.489495164 -0.409217140 0.383587995
10027.750265666 29.545831395 23.345022238 1.433395626 0.666529406 -0.490583778 -0.409717754 0.383663224
10027.783599000 29.518944116 23.332870092 1.443952618 0.664921052 -0.492178143 -0.409016462 0.385157376
10027.816932333 29.494664179 23.321285272 1.454344336 0.663981770 -0.492655691 -0.407432040 0.387837224
10027.850265666 29.479398408 23.312791822 1.461614053 0.663243722 -0.492674078 -0.406475698 0.390073743
10027.883599000 29.458633751 23.303267978 1.473547103 0.660920236 -0.493300116 -0.406138749 0.393561625
10027.916932333 29.437540963 23.293610666 1.485799908 0.657164398 -0.494521213 -0.407105671 0.397301770
10027.950265666 29.423156093 23.287915779 1.495163116 0.653787944 -0.495645018 -0.408479542 0.400052251
10027.983599000 29.404107326 23.280465623 1.506754289 0.648656378 -0.497089395 -0.411093840 0.403916936
10028.016932333 29.383792532 23.272994467 1.518819214 0.642975881 -0.498296417 -0.414123032 0.408392963
10028.050265666 29.369002742 23.267454151 1.527767614 0.638726000 -0.498911831 -0.416212526 0.412168915
10028.083599000 29.347106989 23.257229281 1.537382190 0.633220887 -0.499089813 -0.419012031 0.417575843
10028.116932333 29.324713240 23.244767608 1.547786469 0.627120053 -0.499027681 -0.422441214 0.423361823
10028.150265666 29.310584638 23.237553580 1.555103432 0.622687173 -0.498963760 -0.425089028 0.427311559
10028.183599000 29.289467253 23.224597307 1.566026622 0.615672420 -0.499101661 -0.429668629 0.432700673
10028.216932333 29.268604347 23.210593496 1.577466828 0.607607096 -0.499591496 -0.435629740 0.437548493
10028.250265666 29.254809349 23.201403660 1.585302628 0.601438457 -0.500288879 -0.440178041 0.440710917
10028.283599000 29.235468564 23.186813837 1.597889558 0.591674120 -0.501697179 -0.447795884 0.444635270
10028.316932333 29.216406474 23.172919350 1.611823853 0.580839700 -0.503467702 -0.456219836 0.448340247
10028.350265666 29.203866774 23.163334471 1.621301020 0.573300680 -0.504654239 -0.461815046 0.450973717
10028.383599000 29.186002807 23.149470615 1.636057980 0.563459243 -0.505179249 -0.468611476 0.455753104
10028.416932333 29.168204551 23.134023110 1.650634875 0.555124189 -0.503579220 -0.473681746 0.462461575
10028.450265666 29.155246061 23.124338231 1.660958149 0.549957406 -0.501334043 -0.476260721 0.468387397
10028.483599000 29.140628878 23.113719278 1.671708625 0.545436141 -0.497890377 -0.478023817 0.475497444
10028.516932333 29.117102202 23.100053111 1.685224683 0.540502862 -0.491750492 -0.479460207 0.485958867
10028.550265666 29.099968382 23.091682395 1.693021469 0.537810991 -0.487613106 -0.479998750 0.492538320
10028.583599000 29.076859966 23.080712531 1.700233664 0.534254176 -0.482255102 -0.480676072 0.500952099
10028.616932333 29.049916180 23.068761719 1.704103666 0.530287245 -0.477195664 -0.481731481 0.508934688
10028.650265666 29.033282801 23.062617208 1.704816038 0.527620298 -0.474713536 -0.482640234 0.513149377
10028.683599000 29.003170359 23.050333282 1.703435443 0.521938210 -0.471552091 -0.485315672 0.519314769
10028.716932333 28.972385848 23.036006725 1.701212529 0.516142839 -0.469361391 -0.488487863 0.524095470
10028.750265666 28.955813203 23.030831812 1.698196009 0.512566466 -0.468282407 -0.490418046 0.526761185
10028.783599000 28.918762663 23.017388644 1.693991173 0.507545971 -0.465714375 -0.493020838 0.531448644
10028.816932333 28.880815921 23.006362610 1.689775985 0.503885937 -0.462171073 -0.494406522 0.536711331
10028.850265666 28.859486703 22.999263313 1.687603600 0.502636127 -0.459659232 -0.494664261 0.539794019
10028.883599000 28.814551624 22.984195815 1.684444099 0.500709862 -0.454567235 -0.494931274 0.545620103
10028.916932333 28.772637930 22.971737268 1.682473623 0.498884991 -0.450552124 -0.495352200 0.550220635
10028.950265666 28.748162170 22.966093072 1.682352952 0.497765840 -0.448803555 -0.495637534 0.552402003
10028.983599000 28.710250237 22.956338817 1.683805875 0.495631292 -0.447128512 -0.496343762 0.555039265
10029.016932333 28.656461480 22.945086011 1.688124766 0.491974659 -0.446272415 -0.498153081 0.557355699
10029.050265666 28.621928063 22.937199674 1.691474341 0.489401468 -0.445996304 -0.499485672 0.558647978
10029.083599000 28.581644274 22.932163897 1.695651119 0.486330835 -0.446132520 -0.501237751 0.559650615
10029.116932333 28.530847384 22.923152735 1.700694340 0.482714865 -0.446444509 -0.503346243 0.560639117
10029.150265666 28.501415706 22.918375470 1.703819501 0.480820091 -0.446570834 -0.504496858 0.561132293
10029.183599000 28.451712437 22.909993079 1.709429664 0.478303019 -0.446471947 -0.505895067 0.562102485
10029.216932333 28.403023227 22.900458341 1.712815722 0.476929725 -0.445680454 -0.506450163 0.563396133
10029.250265666 28.368711307 22.892060248 1.713799590 0.476529281 -0.444686581 -0.506369684 0.564591385
10029.283599000 28.327038041 22.886548276 1.712570725 0.476425327 -0.443147753 -0.506137092 0.566095593
10029.316932333 28.275931243 22.877486606 1.709296006 0.476225285 -0.441354412 -0.505817101 0.567947904
10029.350265666 28.239982178 22.868804928 1.705743951 0.475714265 -0.440418703 -0.505854032 0.569068540
10029.383599000 28.193162235 22.861550577 1.700345593 0.473359996 -0.440967538 -0.507269275 0.569346842
10029.416932333 28.144283149 22.853689227 1.695473907 0.469015254 -0.443419948 -0.509946208 0.568646029
10029.450265666 28.116184861 22.846258443 1.692871660 0.465882484 -0.445280279 -0.511930100 0.567984646
10029.483599000 28.071705729 22.835961346 1.690394685 0.460541459 -0.448503882 -0.515087409 0.566948669
10029.516932333 28.014270553 22.819002312 1.690504302 0.454045331 -0.451762623 -0.518870555 0.566150789
10029.550265666 27.976842533 22.808389610 1.692106777 0.450207329 -0.453443099 -0.520967217 0.565946884
10029.583599000 27.933625941 22.795445703 1.696669392 0.446565579 -0.454886915 -0.522815099 0.565969479
10029.616932333 27.885704484 22.783531932 1.703414946 0.441699894 -0.456930803 -0.525206261 0.565927405
10029.650265666 27.843474504 22.773492223 1.710516035 0.437485017 -0.458405502 -0.527074345 0.566271923
10029.683599000 27.798222324 22.763160572 1.718530836 0.434021265 -0.458771758 -0.528263581 0.567531149
10029.716932333 27.750759197 22.750697590 1.726539243 0.432252450 -0.457122717 -0.528355532 0.570120226
10029.750265666 27.717347381 22.742826991 1.732052319 0.432120510 -0.454682490 -0.527660258 0.572809174
10029.783599000 27.676191240 22.736816434 1.737579909 0.433522579 -0.450186690 -0.526065505 0.576754023
10029.816932333 27.630311692 22.729472676 1.741158906 0.435566763 -0.445144958 -0.524073708 0.580925391
10029.850265666 27.596906317 22.723082850 1.741963223 0.436668991 -0.441897935 -0.522823974 0.583696410
10029.883599000 27.560757328 22.713532554 1.740083539 0.436808386 -0.439750264 -0.522121200 0.585839220
10029.916932333 27.503120834 22.705082816 1.733035803 0.434629164 -0.439730804 -0.523166244 0.586541892
10029.950265666 27.464439394 22.699116818 1.725862412 0.431810938 -0.441116940 -0.524768177 0.586151447
10029.983599000 27.427712299 22.695116793 1.716159511 0.427623723 -0.444079951 -0.527121950 0.584870412
10030.016932333 27.377144088 22.692383412 1.703204414 0.421597050 -0.448566146 -0.530718458 0.582565240
10030.050265666 27.327972630 22.686748897 1.690817721 0.416099119 -0.452798332 -0.533624169 0.580586290
10030.083599000 27.283742381 22.680950268 1.680186233 0.412003626 -0.455941374 -0.535131721 0.579658966
10030.116932333 27.219435181 22.672660755 1.669312818 0.409792798 -0.456894234 -0.535120361 0.580485763
10030.150265666 27.173038775 22.667636506 1.663600135 0.409628132 -0.455954767 -0.534213093 0.582173871
10030.183599000 27.131633831 22.661311876 1.660009583 0.411263409 -0.453074138 -0.532230300 0.585078749
10030.216932333 27.070511982 22.655465158 1.660842856 0.415152053 -0.447280683 -0.528182064 0.590434138
10030.250265666 27.025010479 22.650978010 1.663366591 0.418552352 -0.442186162 -0.524814874 0.594856852
10030.283599000 26.978080809 22.644928943 1.669167712 0.422853313 -0.435891778 -0.520919694 0.599863405
10030.316932333 26.914620573 22.636318670 1.676517903 0.427398675 -0.428900118 -0.516328344 0.605623730
10030.350265666 26.870082892 22.629869750 1.682416012 0.429557265 -0.424912762 -0.513813411 0.609036518
10030.383599000 26.827196639 22.623022706 1.689055851 0.429873847 -0.423205424 -0.512584893 0.611033855
10030.416932333 26.767286640 22.614895063 1.698199735 0.428108213 -0.423679870 -0.512651641 0.611888079
10030.450265666 26.725552446 22.607691562 1.703750165 0.426379070 -0.424777503 -0.513149545 0.611917074
10030.483599000 26.684935751 22.602331713 1.707886819 0.424780431 -0.425887034 -0.513848549 0.611671063
10030.516932333 26.626847574 22.591132266 1.710381460 0.424698138 -0.425645970 -0.513128762 0.612499693
10030.550265666 26.584139094 22.581159245 1.710228984 0.426018669 -0.424104704 -0.511701769 0.613844111
10030.583599000 26.542836284 22.575274319 1.708164786 0.428747197 -0.421184463 -0.509865157 0.615481122
10030.616932333 26.486997991 22.561596129 1.703803642 0.432510562 -0.417307037 -0.506932058 0.617907225
10030.650265666 26.437776974 22.547053922 1.699329393 0.435639617 -0.414355105 -0.504455558 0.619719744
10030.683599000 26.388196425 22.533381844 1.694923090 0.437953685 -0.412706739 -0.502609568 0.620687796
10030.716932333 26.323701015 22.516246600 1.691532444 0.439392932 -0.412761694 -0.501746696 0.620332079
10030.750265666 26.278773412 22.502463022 1.689710685 0.439460987 -0.413932531 -0.501891635 0.619385734
10030.783599000 26.237503943 22.490851153 1.688545072 0.438336995 -0.416755982 -0.503049136 0.617346497
10030.816932333 26.182678275 22.471551253 1.689327525 0.435441916 -0.422502436 -0.505517815 0.613460486
10030.850265666 26.134947072 22.455488761 1.691871813 0.431671340 -0.428893130 -0.508562661 0.609158893
10030.883599000 26.090705933 22.443234741 1.695872095 0.427577419 -0.435264191 -0.511713466 0.604873510
10030.916932333 26.032306672 22.425390828 1.702014507 0.423834963 -0.441967910 -0.514665201 0.600123338
10030.950265666 25.990327903 22.411934509 1.706842340 0.422591942 -0.445042146 -0.515798830 0.597750037
10030.983599000 25.954600091 22.400368107 1.711170337 0.423253412 -0.445505017 -0.515507665 0.597188142
10031.016932333 25.900048361 22.386229892 1.716993511 0.426696730 -0.443714372 -0.513610376 0.597705478
10031.050265666 25.860205578 22.374286982 1.720586490 0.429723941 -0.441887773 -0.511869753 0.598382726
10031.083599000 25.821644337 22.363723675 1.722223053 0.432523415 -0.440401104 -0.510083709 0.598986622
10031.116932333 25.778166101 22.351754066 1.721779811 0.434636598 -0.439986394 -0.508900546 0.598768097
10031.150265666 25.735055469 22.339288345 1.718548156 0.435539467 -0.440879744 -0.508562268 0.597741452
10031.183599000 25.695042439 22.328355203 1.712570072 0.435047271 -0.443239166 -0.509061525 0.595927242
10031.216932333 25.642509682 22.314946085 1.702833698 0.433562558 -0.447195107 -0.510306795 0.592981466
10031.250265666 25.582002942 22.302320809 1.691544239 0.431914803 -0.451384592 -0.511565163 0.589917484
10031.283599000 25.543136737 22.294072644 1.684176888 0.431239082 -0.453820409 -0.511906923 0.588244160
10031.316932333 25.488477100 22.281572453 1.674708178 0.431051403 -0.456317137 -0.511795834 0.586544442
10031.350265666 25.430487329 22.269653130 1.666744394 0.430849855 -0.458992102 -0.511690401 0.584694439
10031.383599000 25.394704747 22.262428453 1.663136310 0.430507138 -0.460689718 -0.511697560 0.583604485
10031.416932333 25.335701935 22.251594465 1.660957272 0.430060189 -0.463255414 -0.511545577 0.582034173
10031.450265666 25.273589987 22.240240262 1.662128333 0.430733726 -0.464502590 -0.510430955 0.581520457
10031.483599000 25.236167942 22.233254695 1.664237242 0.432065644 -0.463906050 -0.509082324 0.582190384
10031.516932333 25.177389097 22.221522525 1.669989323 0.436711847 -0.460051295 -0.505037455 0.585297136
10031.550265666 25.120026009 22.208000829 1.677460112 0.442424276 -0.454511372 -0.500493153 0.589225574
10031.583599000 25.086905631 22.201354091 1.682836295 0.445820933 -0.450867867 -0.497897314 0.591658792
10031.616932333 25.033330277 22.187943163 1.691715205 0.449771399 -0.446664043 -0.494879793 0.594382799
10031.650265666 24.980735421 22.173495283 1.702464798 0.452666780 -0.443879779 -0.492477443 0.596262941
10031.683599000 24.942479861 22.161263601 1.709310523 0.454393670 -0.442448808 -0.490840992 0.597361335
10031.716932333 24.889750306 22.144978587 1.715746568 0.456934359 -0.440503850 -0.488400693 0.598859009
10031.750265666 24.833019772 22.128018691 1.720849688 0.460818180 -0.437043789 -0.484779307 0.601355431
10031.783599000 24.796733593 22.118348760 1.723200127 0.463784994 -0.434031297 -0.482056563 0.603441615
10031.816932333 24.742920386 22.100266504 1.724132718 0.469546128 -0.427667035 -0.476782665 0.607705217
10031.850265666 24.686940886 22.077062753 1.723213597 0.476615063 -0.419118053 -0.470388708 0.613117119
10031.883599000 24.652847490 22.062088171 1.721887363 0.481208519 -0.413228535 -0.466113143 0.616781223
10031.916932333 24.602365470 22.037264024 1.720098894 0.488624212 -0.403234691 -0.459259647 0.622678682
10031.950265666 24.547653283 22.008926402 1.719164750 0.497087182 -0.391532616 -0.451451944 0.629124540
10031.983599000 24.512934274 21.990623000 1.719731751 0.502910146 -0.383328383 -0.446233469 0.633258578
10032.016932333 24.461875595 21.965486397 1.722866111 0.510858624 -0.372115209 -0.439355408 0.638373373
10032.050265666 24.407710330 21.934586663 1.727892748 0.517923640 -0.361752189 -0.433390951 0.642699573
10032.083599000 24.375825049 21.917668567 1.731670408 0.521160225 -0.357023616 -0.431023648 0.644317292
10032.116932333 24.330828210 21.893607990 1.738006388 0.523701359 -0.353024429 -0.429878745 0.645224692
10032.150265666 24.281892315 21.863591086 1.746117126 0.526010348 -0.349176988 -0.429231804 0.645870423
10032.183599000 24.246182627 21.841318212 1.751871153 0.527753761 -0.346113021 -0.428624451 0.646500444
10032.216932333 24.208746327 21.817645964 1.757969627 0.530307493 -0.341860267 -0.427313652 0.647540395
10032.250265666 24.162870690 21.791924553 1.763580352 0.534009943 -0.335951000 -0.424956975 0.649139334
10032.283599000 24.127118786 21.771789405 1.766587798 0.537288224 -0.330932812 -0.422698024 0.650485372
10032.316932333 24.086345612 21.750964968 1.767343297 0.540766009 -0.325994308 -0.420177205 0.651729200
10032.350265666 24.044138305 21.727682689 1.765196335 0.543732895 -0.322044605 -0.418123135 0.652544907
10032.383599000 24.010676440 21.708830646 1.761702722 0.545159157 -0.320406310 -0.417312853 0.652680069
10032.416932333 23.966592923 21.686085616 1.754421115 0.545394714 -0.320873989 -0.417594537 0.652073073
10032.450265666 23.921307665 21.662532013 1.744390670 0.544479052 -0.323208108 -0.418894967 0.650850280
10032.483599000 23.889933097 21.647422440 1.737009845 0.543475291 -0.325415028 -0.420098206 0.649813177
10032.516932333 23.851278256 21.630991865 1.727053495 0.542249799 -0.328145222 -0.421448427 0.648588538
10032.550265666 23.801480330 21.604180019 1.712478457 0.541556701 -0.330872309 -0.421468841 0.647768377
10032.583599000 23.762594259 21.585067453 1.702849676 0.542134894 -0.331485367 -0.420229612 0.647776413
10032.616932333 23.716113252 21.565957797 1.694278121 0.544321323 -0.329911883 -0.416975893 0.648847865
10032.650265666 23.664114656 21.544921348 1.687425023 0.547336764 -0.327212390 -0.412459116 0.650562830
10032.683599000 23.628441217 21.530710621 1.684750411 0.549589454 -0.325018550 -0.408865543 0.652030169
10032.716932333 23.578405146 21.512999397 1.684530340 0.553325459 -0.321414956 -0.402909154 0.654360433
10032.750265666 23.526812620 21.492863841 1.687955434 0.558003928 -0.316118602 -0.395466287 0.657500617
10032.783599000 23.495331845 21.478232167 1.691610906 0.561348413 -0.311781935 -0.389991640 0.659989776
10032.816932333 23.452825465 21.460601677 1.698739066 0.567363307 -0.302944561 -0.380315766 0.664592649
10032.850265666 23.407036770 21.438431758 1.706466600 0.574864802 -0.291059044 -0.368263138 0.670221869
10032.883599000 23.379335220 21.422162232 1.712440249 0.579879292 -0.282448225 -0.359931221 0.674101270
10032.916932333 23.334351555 21.397529296 1.719723926 0.587647758 -0.268790304 -0.346448505 0.679996558
10032.950265666 23.287736912 21.366340033 1.726074862 0.596108358 -0.252733040 -0.330972732 0.686467688
10032.983599000 23.256265507 21.346079717 1.729976553 0.601561039 -0.241619581 -0.320056085 0.690875095
10033.016932333 23.223510929 21.323901320 1.732610838 0.606445014 -0.230608050 -0.308919810 0.695422838
10033.050265666 23.184680618 21.291708797 1.733854935 0.611252545 -0.218367099 -0.296277452 0.700646707
10033.083598999 23.158332352 21.269143477 1.733240792 0.613733225 -0.211025230 -0.288549207 0.703945478
10033.116932333 23.125333248 21.240686630 1.730784435 0.615455320 -0.203925878 -0.280168772 0.707908500
10033.150265666 23.088000871 21.206071737 1.726706856 0.616647322 -0.197231892 -0.271752673 0.712036618
10033.183598999 23.059440587 21.179309229 1.722685101 0.617330549 -0.192272719 -0.265439349 0.715175605
10033.216932333 23.028478449 21.147339987 1.718686857 0.618177956 -0.185563591 -0.257400959 0.719143181
10033.250265666 22.993505235 21.110417305 1.713883963 0.619569378 -0.176045765 -0.246946523 0.723988321
10033.283598999 22.966510756 21.081807903 1.710288407 0.620853071 -0.167163181 -0.237659916 0.728090447
10033.316932333 22.936701743 21.053307041 1.707488496 0.622275073 -0.157317208 -0.227854635 0.732193482
10033.350265666 22.904826633 21.018996699 1.704389060 0.624047435 -0.143852033 -0.214580157 0.737446098
10033.383598999 22.877139315 20.984786891 1.703607394 0.625990194 -0.128713991 -0.199876099 0.742710260
10033.416932333 22.850016892 20.949456631 1.704274152 0.628537123 -0.109488907 -0.181740268 0.748280522
10033.450265666 22.820424794 20.911189404 1.704279649 0.631650748 -0.085360625 -0.159693644 0.753809549
10033.483598999 22.799051153 20.880491601 1.704982245 0.634015209 -0.063342370 -0.140099048 0.757881729
10033.516932333 22.779167171 20.851325788 1.708757579 0.635838143 -0.036461589 -0.116395811 0.762123627
10033.550265666 22.760038249 20.820163915 1.711854550 0.636821809 -0.006419729 -0.090054075 0.765706885
10033.583598999 22.746255406 20.794630309 1.713886791 0.636727958 0.017669412 -0.068778796 0.767811680
10033.616932333 22.730515526 20.767129482 1.716487915 0.635712565 0.045116913 -0.044283745 0.769332794
10033.650265666 22.717998951 20.735114860 1.718194221 0.633490513 0.077268983 -0.015648650 0.769723583
10033.683598999 22.709831041 20.710501619 1.719056177 0.630826611 0.102821404 0.007287337 0.769046449
10033.716932333 22.696862090 20.685635983 1.719463726 0.626767012 0.132123347 0.034515651 0.767147446
10033.750265666 22.685490735 20.656505047 1.719131159 0.620932637 0.163945829 0.064433073 0.763814640
10033.783598999 22.679371164 20.634544773 1.718570393 0.615821774 0.186396197 0.085944586 0.760679649
10033.816932333 22.670377756 20.610572891 1.716376712 0.608952265 0.210911930 0.111030406 0.756548443
10033.850265666 22.661672277 20.584353128 1.715356481 0.600893185 0.234906896 0.137293448 0.751596062
10033.883598999 22.657130890 20.563519667 1.714810361 0.594395834 0.251133392 0.156238659 0.747806856
10033.916932333 22.652908487 20.542280107 1.714254926 0.587837441 0.265797678 0.174556679 0.743860675
10033.950265666 22.650046901 20.516882948 1.714619502 0.579494945 0.283096724 0.197144459 0.738360289
10033.983598999 22.649940812 20.496594503 1.715093779 0.572237242 0.297284341 0.215944732 0.733167397
10034.016932333 22.648061537 20.477873715 1.714743554 0.564404270 0.312421723 0.235484676 0.726902644
10034.050265666 22.650594755 20.459020984 1.716032001 0.552937972 0.333891149 0.262195539 0.716958715
10034.083598999 22.656210136 20.447290055 1.717718989 0.542476996 0.352398235 0.284411284 0.707562305
10034.116932333 22.663249991 20.438952944 1.720183624 0.530534380 0.372685495 0.308555846 0.696011554
10034.150265666 22.674633707 20.434784221 1.722754046 0.517670481 0.393031953 0.331719854 0.683743443
10034.183598999 22.686514338 20.432830187 1.724035549 0.505295898 0.411019723 0.352739363 0.671798917
10034.216932333 22.702104735 20.430206326 1.726933812 0.491761323 0.429760805 0.374933931 0.657952125
10034.250265666 22.719711546 20.433635994 1.728272639 0.478225341 0.446655539 0.396707897 0.643756318
10034.283598999 22.733651059 20.438288387 1.728212289 0.467966176 0.458424627 0.413300679 0.632484836
10034.316932333 22.746816767 20.443757135 1.726935861 0.457360776 0.469944569 0.430693077 0.620061848
10034.350265666 22.763859716 20.450551815 1.726547948 0.446319818 0.481241615 0.449237377 0.606127797
10034.383598999 22.779250920 20.457553277 1.726415846 0.438399304 0.488911555 0.462850546 0.595433383
10034.416932333 22.797316336 20.467013196 1.726565184 0.430455428 0.496416846 0.477168380 0.583599843
10034.450265666 22.820115499 20.481516320 1.726684566 0.422323173 0.503950892 0.492152383 0.570493354
10034.483598999 22.839156322 20.494506018 1.726589544 0.416255533 0.509455362 0.503498478 0.560067718
10034.516932333 22.860745931 20.509241531 1.726531598 0.409980425 0.515210213 0.515462671 0.548427499
10034.550265666 22.888247969 20.532628320 1.729260224 0.403243128 0.521343588 0.528563144 0.534992379
10034.583598999 22.910352841 20.551570801 1.730899424 0.397573694 0.526571659 0.538907729 0.523675382
10034.616932333 22.932043525 20.570627481 1.728838831 0.390391026 0.532525475 0.549967126 0.511417271
10034.650265666 22.956228408 20.593236011 1.727377138 0.382783428 0.538980147 0.561252551 0.497968697
10034.683598999 22.975261494 20.611721709 1.724357011 0.377437548 0.543733498 0.569691137 0.487182501
10034.716932333 23.001313145 20.628003064 1.722933450 0.373870706 0.547827913 0.577477893 0.476051002
10034.750265666 23.031548995 20.650182097 1.721321547 0.370268632 0.551959775 0.585666287 0.463935930
10034.783598999 23.053361821 20.672753221 1.716747370 0.367483014 0.554927756 0.592131955 0.454302947
10034.816932333 23.079070219 20.697025686 1.712250614 0.364325404 0.558442993 0.598896672 0.443543910
10034.850265666 23.109866500 20.722308433 1.708148336 0.360277622 0.563061967 0.605942244 0.431271670
10034.883598999 23.135227278 20.741839604 1.704691950 0.356409832 0.567272147 0.611581606 0.420882741
10034.916932333 23.166148773 20.764903868 1.701519764 0.351444663 0.572781315 0.617787609 0.408346279
10034.950265666 23.202276941 20.789180837 1.696943635 0.346083859 0.578933656 0.624147146 0.394337577
10034.983598999 23.232341165 20.809459577 1.693206854 0.342170824 0.583706184 0.628688419 0.383349827
10035.016932333 23.266562279 20.831585878 1.687538902 0.338723106 0.588445405 0.633275692 0.371430427
10035.050265666 23.305842790 20.857129656 1.680515977 0.336529729 0.592933194 0.637088834 0.359577234
10035.083598999 23.334262216 20.876272077 1.676692062 0.336289357 0.595537426 0.638735874 0.352506916
10035.116932333 23.375479628 20.903004288 1.671967395 0.337167323 0.598339987 0.640128889 0.344299959
10035.150265666 23.422312517 20.930951173 1.666337413 0.338347585 0.601175457 0.641653985 0.335244904
10035.183598999 23.458439494 20.952709595 1.662674332 0.338817393 0.603508376 0.642675535 0.328555278
10035.216932333 23.498252961 20.979463063 1.658977347 0.337400197 0.606608730 0.644516457 0.320601767
10035.250265666 23.543735974 21.010382761 1.656760721 0.333894415 0.610872334 0.647099325 0.310824668
10035.283598999 23.584688157 21.034287537 1.657448496 0.329923254 0.614957892 0.649134435 0.302658095
10035.316932333 23.627093569 21.061747776 1.658994410 0.325184303 0.619093795 0.651486232 0.294183160
10035.350265666 23.674210323 21.094991346 1.663194670 0.319383322 0.623649714 0.654147934 0.284861034
10035.383598999 23.713396720 21.123203234 1.669555856 0.314679816 0.627282385 0.655923703 0.277952367
10035.416932333 23.757288639 21.149167481 1.679649943 0.309178597 0.630920810 0.658058164 0.270752616
10035.450265666 23.807291928 21.181240876 1.695519893 0.301899330 0.635140974 0.660777609 0.262346507
10035.483598999 23.845341043 21.207963375 1.711423748 0.295003226 0.638717413 0.663196657 0.255310314
10035.516932333 23.884817448 21.234744298 1.728866915 0.287622178 0.642437017 0.665591561 0.248064579
10035.550265666 23.929261834 21.265784382 1.753259731 0.276641937 0.647110538 0.669207328 0.238492648
10035.583598999 23.967815658 21.293700152 1.777603227 0.264443969 0.651645872 0.673105601 0.228814104
10035.616932333 24.004402828 21.320044125 1.802747630 0.250090618 0.656603949 0.677324044 0.218078146
10035.650265666 24.040677303 21.346097648 1.829680142 0.234023376 0.661637622 0.681868696 0.206212993
10035.683598999 24.071785415 21.368757207 1.851730814 0.220660758 0.665579789 0.685325149 0.196575213
10035.716932333 24.108734629 21.395650546 1.874851348 0.205469258 0.670020013 0.688612333 0.186195117
10035.750265666 24.139260225 21.417239642 1.897009247 0.190262710 0.674053579 0.691763556 0.175826778
10035.783598999 24.179690833 21.446208708 1.923646018 0.171291754 0.678879006 0.695100966 0.163147407
10035.816932333 24.215907340 21.472758439 1.944754764 0.155360294 0.682559099 0.697553848 0.152953863
10035.850265666 24.248658877 21.497410080 1.962958506 0.142476194 0.685240656 0.699281264 0.145435523
10035.883598999 24.290610767 21.524539427 1.984198804 0.131439715 0.687552927 0.700311761 0.139849957
10035.916932333 24.326064235 21.543607938 2.001218308 0.126858523 0.688163057 0.700803588 0.138610440
10035.950265666 24.361642589 21.560346812 2.019381454 0.129292135 0.686917212 0.700491954 0.144011495
10035.983598999 24.405996381 21.581867483 2.041243435 0.138851315 0.683851186 0.699120060 0.155881395
10036.016932333 24.447189477 21.603625929 2.060617713 0.150368712 0.680175559 0.697423038 0.168379231
10036.050265666 24.488728484 21.622841867 2.079628536 0.165405919 0.675216078 0.695020609 0.183495183
10036.083598999 24.536064192 21.641084276 2.100824658 0.184734372 0.668164197 0.691715017 0.202386147
10036.116932333 24.577455763 21.658231527 2.118966268 0.200034885 0.661967492 0.688832248 0.217474640
10036.150265666 24.613749560 21.663864034 2.133314648 0.214895697 0.655627377 0.685750943 0.231771927
10036.183598999 24.654659291 21.671577323 2.147593478 0.229254788 0.648548389 0.683007369 0.245617921
10036.216932333 24.688758697 21.681030791 2.159121033 0.238394910 0.643013426 0.681679146 0.254980671
10036.250265666 24.726227809 21.690177295 2.167886714 0.245941995 0.637653241 0.681016030 0.262922128
10036.283598999 24.767932931 21.699678477 2.176045053 0.252785509 0.632161101 0.680740841 0.270303044
10036.316932333 24.802313921 21.707268318 2.182228583 0.257238430 0.627947423 0.680973939 0.275290607
10036.350265666 24.838784053 21.713920437 2.186378984 0.261165677 0.623559705 0.681695930 0.279743531
10036.383598999 24.880574683 21.724599973 2.188503540 0.265223952 0.618928043 0.682548025 0.284099502
10036.416932333 24.917884916 21.731119902 2.186948480 0.269232022 0.614018186 0.683817845 0.287904395
10036.450265666 24.951805892 21.727990496 2.182507566 0.274219288 0.608311246 0.685108842 0.292210684
10036.483598999 24.992716002 21.728148078 2.179269553 0.279702058 0.602088251 0.686303825 0.297058169
10036.516932333 25.026455832 21.731093943 2.177139959 0.283494986 0.597347326 0.687485003 0.300285089
10036.550265666 25.063387795 21.728169759 2.175988613 0.285904420 0.593315580 0.689224393 0.302001692
10036.583598999 25.113057307 21.731510703 2.177381222 0.285857424 0.589911204 0.692135409 0.302057743
10036.616932333 25.155348226 21.739635875 2.180235829 0.283395879 0.588506698 0.695083621 0.300342142
10036.650265666 25.192077450 21.736362347 2.180835721 0.279104950 0.587716811 0.698195133 0.298685341
10036.683598999 25.236166596 21.737387218 2.183566966 0.274308999 0.587079989 0.701527938 0.296564010
10036.716932333 25.281182620 21.745514385 2.188909414 0.270116978 0.586791147 0.704507502 0.293908400
10036.750265666 25.321924721 21.753389092 2.194520789 0.266776185 0.586385051 0.706948919 0.291901121
10036.783598999 25.371230597 21.762360969 2.200233723 0.264420207 0.585403735 0.709137256 0.290703926
10036.816932333 25.412406720 21.770107320 2.204577658 0.263634519 0.584198119 0.710507302 0.290497457
10036.850265666 25.453748331 21.777900322 2.207762276 0.264947675 0.582384417 0.711075972 0.291551167
10036.883598999 25.502047891 21.787459640 2.209456179 0.267683084 0.580085104 0.711121704 0.293518247
10036.916932333 25.539730092 21.795141171 2.209379622 0.270117256 0.578267519 0.710905909 0.295391490
10036.950265666 25.580123937 21.804124881 2.207220417 0.272612563 0.576688659 0.710508569 0.297136591
10036.983598999 25.627053254 21.817034892 2.203124492 0.275148682 0.575217812 0.710007292 0.298843298
10037.016932333 25.665537918 21.828399786 2.198937524 0.276904451 0.574337445 0.709473783 0.300178907
10037.050265666 25.708680202 21.840283516 2.194097731 0.278406350 0.573730999 0.708881032 0.301347520
10037.083598999 25.759889911 21.852160871 2.189253978 0.279552441 0.573558784 0.708244659 0.302109678
10037.116932333 25.801741003 21.862431283 2.186219285 0.279771334 0.574002395 0.707766006 0.302186252
10037.150265666 25.845076207 21.873563828 2.184559127 0.278748602 0.575334496 0.707479597 0.301267414
10037.183598999 25.891096106 21.885670728 2.184459507 0.277111037 0.577301835 0.707144099 0.299798747
10037.216932333 25.937398483 21.897758107 2.186363637 0.275777060 0.579229262 0.706595653 0.298601838
10037.250265666 25.984639543 21.908298935 2.188645218 0.275063504 0.580685138 0.705914695 0.298042418
10037.283598999 26.040904976 21.921409391 2.191411052 0.275198921 0.581676615 0.704729776 0.298787236
10037.316932333 26.087684100 21.934027125 2.192964995 0.276253476 0.581995728 0.703354674 0.300428350
10037.350265666 26.133166172 21.945691360 2.193058097 0.278497596 0.581682463 0.701648371 0.302942510
10037.383598999 26.185041786 21.959727795 2.191660640 0.282479533 0.580798675 0.699143071 0.306720034
10037.416932333 26.227466880 21.970759924 2.189128333 0.286763438 0.579595360 0.696768446 0.310402450
10037.450265666 26.274437793 21.978085661 2.184426058 0.292541123 0.577706645 0.693855323 0.315023038
10037.483598999 26.323438823 21.985969416 2.178436086 0.298587606 0.575757488 0.690617913 0.319993210
10037.516932333 26.370675102 21.996295023 2.170180524 0.304234614 0.574010846 0.687405366 0.324694797
10037.550265666 26.415024314 22.005035252 2.159965489 0.309185994 0.572477819 0.684629705 0.328565572
10037.583598999 26.470882396 22.018683306 2.145741301 0.313309509 0.571650631 0.681690815 0.332190217
10037.616932333 26.514393290 22.031280318 2.133717550 0.315655225 0.571492784 0.679509246 0.334701301
10037.650265666 26.559273309 22.044443146 2.119580828 0.316522320 0.572233835 0.677687958 0.336305054
10037.683598999 26.612906237 22.061786076 2.104637653 0.316364034 0.573658133 0.676266978 0.336887397
10037.716932333 26.660946002 22.078236639 2.092123097 0.314301153 0.576207894 0.675549264 0.335905404
10037.750265666 26.711773297 22.095919734 2.078544970 0.310357240 0.580281749 0.675044526 0.333566129
10037.783598999 26.767900358 22.116210310 2.064891707 0.305133653 0.585462813 0.674712061 0.329985429
10037.816932333 26.813079341 22.133836692 2.054936534 0.300528767 0.590256099 0.674245035 0.326609599
10037.850265666 26.860789089 22.150812506 2.046574133 0.295960152 0.595409251 0.673478190 0.322990000
10037.883598999 26.920103223 22.170445555 2.036690506 0.291800503 0.601280201 0.671832970 0.319304003
10037.916932333 26.970064292 22.186646158 2.027643139 0.289938710 0.605645238 0.669699331 0.317225782
10037.950265666 27.022025798 22.205629856 2.017315584 0.290339698 0.609559784 0.666241151 0.316642477
10037.983598999 27.072789385 22.227200201 2.007384592 0.292572761 0.612961413 0.661787989 0.317358068
10038.016932333 27.120948111 22.247295097 1.997361718 0.296780322 0.615303684 0.656815830 0.319242514
10038.050265666 27.176600578 22.267933876 1.984754897 0.302961638 0.617577365 0.650517818 0.321930137
10038.083598999 27.234605974 22.290017392 1.970582092 0.309972830 0.620108873 0.643193977 0.325089738
10038.116932333 27.282873398 22.309774096 1.957629449 0.315675139 0.622595865 0.636795018 0.327438085
10038.150265666 27.334885485 22.331164150 1.943617581 0.320901931 0.626191017 0.629933977 0.328770353
10038.183598999 27.395708002 22.356594431 1.925978224 0.326218330 0.631565795 0.621575031 0.329166720
10038.216932333 27.447124345 22.379336983 1.910668962 0.330260550 0.636967408 0.614052968 0.328845623
10038.250265666 27.503749923 22.406718556 1.895212028 0.334842309 0.643011761 0.605375089 0.328538439
10038.283598999 27.568126776 22.440142878 1.876970873 0.341972326 0.650012392 0.593390623 0.329281624
10038.316932333 27.620636782 22.466778459 1.862167136 0.349354597 0.655481085 0.581961705 0.331083807
10038.350265666 27.677954480 22.492676440 1.845961965 0.358349450 0.660704725 0.568717399 0.334088998
10038.383598999 27.744710719 22.524381587 1.827034915 0.369193381 0.666677627 0.552229707 0.338052569
10038.416932333 27.799243922 22.551279155 1.811668001 0.378176820 0.671506940 0.537971793 0.341536340
10038.450265666 27.855132332 22.578744242 1.794837630 0.386705574 0.676632413 0.523303856 0.344645399
10038.483598999 27.919161712 22.609572412 1.774495140 0.395681377 0.682979269 0.506551003 0.346960584
10038.516932333 27.971446444 22.634626989 1.757334534 0.402119822 0.688662064 0.493215365 0.347538219
10038.550265666 28.023869156 22.659901273 1.740055981 0.406912851 0.695153528 0.480813315 0.346413135
10038.583598999 28.082540512 22.688562807 1.720686783 0.411494174 0.703114343 0.467127078 0.343649616
10038.616932333 28.129115417 22.712848742 1.704662780 0.414861687 0.709968763 0.456204069 0.340164642
10038.650265666 28.179574545 22.739591629 1.687436398 0.417885839 0.717115659 0.445520701 0.335600750
10038.683598999 28.232079814 22.767632848 1.669547412 0.421509312 0.724379818 0.434045787 0.330466389
10038.716932333 28.279555235 22.790375132 1.652031384 0.425245603 0.730719232 0.423069569 0.325925944
10038.750265666 28.336011762 22.813321371 1.630238439 0.429731036 0.736907125 0.410721277 0.321880659
10038.783598999 28.396159228 22.837779094 1.605251716 0.435404028 0.742556565 0.396961955 0.318518894
10038.816932333 28.444051537 22.857340823 1.582929056 0.440734143 0.746571016 0.385040231 0.316431910
10038.850265666 28.494549129 22.874934468 1.557958725 0.446646077 0.749969515 0.372618332 0.314973947
10038.883598999 28.555257184 22.894312701 1.528134444 0.453458131 0.753447436 0.358439127 0.313391253
10038.916932333 28.606066787 22.911030030 1.502099617 0.459203572 0.755879004 0.346775913 0.312290692
10038.950265666 28.660420568 22.928540920 1.474435342 0.465009680 0.757807606 0.335102910 0.311768615
10038.983598999 28.726110024 22.947745118 1.442314057 0.471680431 0.759521311 0.321747982 0.311645929
10039.016932333 28.781252569 22.965016630 1.415996547 0.477467256 0.760330912 0.310535050 0.312233737
10039.050265666 28.838122489 22.982733987 1.391648878 0.483507229 0.760272589 0.299150387 0.314190064
10039.083598999 28.903124418 22.999959537 1.367500656 0.490608816 0.759256104 0.286169689 0.317710667
10039.116932333 28.953782866 23.012911989 1.351173372 0.496671314 0.757620108 0.275474590 0.321625757
10039.150265666 29.003357094 23.026114495 1.337848340 0.502703652 0.755282839 0.264991429 0.326521691
10039.183598999 29.060155556 23.041404491 1.324002794 0.509171460 0.752558362 0.253619564 0.331779223
10039.216932333 29.105783363 23.053503912 1.314659709 0.513619213 0.750885325 0.245624325 0.334716632
10039.250265666 29.148577983 23.064452740 1.308749538 0.516571334 0.750636604 0.240387244 0.334533583
10039.283598999 29.193866519 23.074154599 1.303006705 0.518355446 0.752373479 0.237285132 0.330056882
10039.316932333 29.240236601 23.083801818 1.297093496 0.518315636 0.755525031 0.237040974 0.323020750
10039.350265666 29.299071543 23.100972987 1.288449664 0.517471210 0.759690707 0.238313369 0.313528811
10039.383598999 29.366201525 23.121352214 1.278047041 0.516859187 0.763870989 0.239826907 0.303052384
10039.416932333 29.419241503 23.136915207 1.270062187 0.517263116 0.766001484 0.240206339 0.296616773
10039.450265666 29.466403380 23.148485987 1.264759736 0.519669105 0.765806389 0.238267179 0.294471302
10039.483598999 29.520039660 23.156483747 1.261815800 0.524500659 0.762763218 0.233510023 0.297597715
10039.516932333 29.565856095 23.161984741 1.261395556 0.530195245 0.757741022 0.227401021 0.304975936
10039.550265666 29.605553612 23.169018688 1.262308517 0.536525520 0.751146040 0.220214242 0.315318380
10039.583598999 29.659757853 23.178246460 1.266384240 0.545769751 0.739962288 0.209943551 0.332437809
10039.616932333 29.709836023 23.184437756 1.274370998 0.554342669 0.728296716 0.201002656 0.349121800
10039.650265666 29.747858483 23.186793227 1.287305148 0.561119011 0.718017553 0.196001241 0.362187470
10039.683598999 29.790201030 23.189132094 1.304772912 0.567556247 0.707437947 0.193861284 0.373937509
10039.716932333 29.823382098 23.191061703 1.320810323 0.571431307 0.700276134 0.195341622 0.380685236
10039.750265666 29.855754579 23.192517086 1.340028755 0.573800990 0.694875509 0.201181865 0.383961337
10039.783598999 29.890154586 23.192064896 1.365392966 0.575572524 0.689986646 0.211553444 0.384551477
10039.816932333 29.913087733 23.189369603 1.387812295 0.576260229 0.687030803 0.222382769 0.382699265
10039.850265666 29.936342827 23.186671471 1.409560670 0.576237906 0.684791590 0.234615906 0.379428162
10039.883598999 29.963872937 23.182864232 1.434271776 0.576064289 0.681905495 0.249163176 0.375596249
10039.916932333 29.987934615 23.179351195 1.454282911 0.576409292 0.678606393 0.260699047 0.373204633
10039.950265666 30.017497360 23.177475017 1.470938992 0.577487004 0.674327847 0.270634759 0.372219750
10039.983598999 30.049948127 23.174389142 1.488734592 0.579337591 0.668385234 0.280834901 0.372506234
10040.016932333 30.068571147 23.166283229 1.507359758 0.582077235 0.660919029 0.289682632 0.374774735
10040.050265666 30.082410598 23.159043625 1.520950854 0.585010417 0.653914370 0.295376734 0.378036233
10040.083598999 30.110055232 23.154189718 1.532987607 0.590109388 0.644009470 0.298459408 0.384635795
10040.116932333 30.143473976 23.146357428 1.546748261 0.597967764 0.629278010 0.300154288 0.395412623
10040.150265666 30.167516539 23.138490597 1.556677650 0.604770179 0.615985143 0.300245333 0.405793141
10040.183598999 30.187279343 23.130963290 1.566150480 0.610693571 0.603255093 0.300852995 0.415480601
10040.216932333 30.213441796 23.122896213 1.577725508 0.616854089 0.587932861 0.303261001 0.426448999
10040.250265666 30.238583807 23.116092226 1.589220990 0.620680069 0.575416799 0.307263819 0.435018050
10040.283598999 30.258401842 23.110019947 1.599097563 0.621452491 0.566625100 0.314542741 0.440222287
10040.316932333 30.279759778 23.109123195 1.606715454 0.620118766 0.559589304 0.323851122 0.444334309
10040.350265666 30.302710427 23.111546731 1.615627679 0.616768323 0.555507665 0.334346197 0.446341451
10040.383598999 30.327774557 23.113263936 1.629018053 0.611040020 0.552648830 0.348299212 0.447098450
10040.416932333 30.353867537 23.119906280 1.642156713 0.603002099 0.551367509 0.363585328 0.447423790
10040.450265666 30.375904879 23.126038878 1.652695568 0.595574216 0.550873245 0.376478240 0.447318852
10040.483598999 30.394295903 23.130458672 1.660597058 0.588207385 0.550617842 0.388043013 0.447498250
10040.516932333 30.414814459 23.138051629 1.666790418 0.578917627 0.550582537 0.400548565 0.448635819
10040.550265666 30.433051498 23.146158131 1.670735575 0.571673424 0.549894305 0.409881359 0.450336565
10040.583598999 30.451436446 23.155580887 1.675232613 0.565852021 0.548025904 0.417614332 0.452854687
10040.616932333 30.474945896 23.168241274 1.681283280 0.559039549 0.545420328 0.426160427 0.456485200
10040.650265666 30.496026514 23.179342943 1.684741958 0.553505839 0.543281224 0.432602016 0.459708922
10040.683598999 30.515533133 23.190013111 1.686963426 0.548385349 0.541686340 0.438063397 0.462547163
10040.716932333 30.539633034 23.202869870 1.691088646 0.542267946 0.540062723 0.444641951 0.465372179
10040.750265666 30.566800301 23.215522167 1.695295640 0.536206616 0.538316588 0.451228885 0.468070732
10040.783598999 30.596025385 23.228059522 1.699027889 0.530898869 0.535518992 0.456692096 0.472014968
10040.816932333 30.626854462 23.240929612 1.703143787 0.527682097 0.531028699 0.460063426 0.477390583
10040.850265666 30.655315782 23.251517032 1.707856586 0.526941273 0.524824522 0.461255441 0.483875536
10040.883598999 30.683936200 23.261334688 1.713285590 0.527801136 0.516407636 0.461179874 0.491998210
10040.916932333 30.712979786 23.272552312 1.718274492 0.529107178 0.507936379 0.460567323 0.499923964
10040.950265666 30.740743266 23.282569510 1.722608843 0.529376915 0.501473600 0.460797875 0.505914646
10040.983598999 30.770401736 23.290435875 1.727177693 0.528540651 0.496508242 0.462364581 0.510238512
10041.016932333 30.802505900 23.296141238 1.732135594 0.526104552 0.493366318 0.465477165 0.512966554
10041.050265666 30.828609609 23.298723611 1.736540823 0.522773789 0.492131467 0.469140177 0.514219486
10041.083598999 30.851537124 23.301401826 1.738452989 0.519139516 0.492054348 0.472845483 0.514581219
10041.116932333 30.882119862 23.306170913 1.738164417 0.515021435 0.492269236 0.476765967 0.514896236
10041.150265666 30.910299745 23.310931848 1.736468144 0.511873495 0.492450763 0.479443325 0.515375464
10041.183598999 30.940618723 23.317391330 1.732481182 0.509593940 0.492036909 0.481127427 0.516459190
10041.216932333 30.980745279 23.327281849 1.726827103 0.507934665 0.490874399 0.482357451 0.518050181
10041.250265666 31.019881387 23.336790124 1.720350292 0.507099633 0.489371070 0.482925358 0.519758613
10041.283598999 31.056234826 23.344817840 1.711873294 0.506587700 0.487674311 0.483016714 0.521763856
10041.316932333 31.097057009 23.354219931 1.702713028 0.505955546 0.486151720 0.483270213 0.523560304
10041.350265666 31.137242145 23.362952070 1.695904778 0.504957558 0.485641409 0.483982195 0.524339128
10041.383598999 31.177996260 23.370162796 1.690071735 0.503386558 0.486151201 0.485284665 0.524173422
10041.416932333 31.226006426 23.376741738 1.683812899 0.501035781 0.487608981 0.487319126 0.523183235
10041.450265666 31.268984461 23.381277974 1.680636925 0.498648138 0.489731170 0.489415536 0.521522626
10041.483598999 31.312044720 23.385503043 1.679116023 0.496116852 0.492710570 0.491616020 0.519054961
10041.516932333 31.364004511 23.390509564 1.679680830 0.493032072 0.496937726 0.494341056 0.515363166
10041.550265666 31.408941441 23.395587256 1.682193406 0.490151982 0.501142530 0.496774208 0.511686023
10041.583598999 31.454814829 23.402707107 1.684807361 0.487342403 0.505562799 0.498913251 0.507926379
10041.616932333 31.508693624 23.411733266 1.689424236 0.484089526 0.510955363 0.501201747 0.503367417
10041.650265666 31.553543621 23.419641981 1.694555749 0.481251686 0.515815722 0.502933243 0.499388735
10041.683598999 31.597259010 23.428611296 1.698550846 0.478491111 0.520900552 0.504359506 0.495308349
10041.716932333 31.647228246 23.440806264 1.701867539 0.475041984 0.527188756 0.505969694 0.490307861
10041.750265666 31.693671522 23.452596434 1.703301557 0.471064596 0.533910592 0.507826531 0.484922510
10041.783598999 31.742861378 23.464182767 1.703310122 0.465978164 0.541969721 0.510448592 0.478095604
10041.816932333 31.797166913 23.477144431 1.700164479 0.459898492 0.551172039 0.513524673 0.470101234
10041.850265666 31.844373104 23.488114607 1.695733110 0.454519052 0.559078535 0.516011476 0.463223251
10041.883598999 31.889435302 23.498450944 1.690132096 0.450222663 0.565867829 0.517696517 0.457256460
10041.916932333 31.945264593 23.511201757 1.681226674 0.446538174 0.572717383 0.518784756 0.451066330
10041.950265666 31.993389309 23.521925698 1.672658381 0.444538252 0.577686349 0.518853476 0.446604182
10041.983598999 32.039682391 23.531970077 1.664154551 0.443931495 0.581618020 0.517918704 0.443176627
10042.016932333 32.091250341 23.543174501 1.655144781 0.444388426 0.585077024 0.516013684 0.440379019
10042.050265666 32.138725219 23.553072413 1.648265590 0.446264866 0.587064638 0.513073741 0.439269982
10042.083598999 32.191365428 23.564091403 1.643028379 0.450286554 0.587840980 0.508205637 0.439786348
10042.116932333 32.247603061 23.575782704 1.639303944 0.456125131 0.587313261 0.501801209 0.441824110
10042.150265666 32.295826966 23.585418734 1.637218291 0.461416213 0.586464472 0.496137690 0.443848954
10042.183598999 32.340059491 23.593919395 1.636038757 0.465701836 0.586387031 0.491430101 0.444711711
10042.216932333 32.392400761 23.604369113 1.634248770 0.469186652 0.587786867 0.486949515 0.444129097
10042.250265666 32.435354549 23.613723859 1.632045527 0.470685300 0.590313429 0.484221721 0.442170474
10042.283598999 32.472366000 23.621018424 1.630215871 0.471333789 0.593586932 0.482224718 0.439270229
10042.316932333 32.518247750 23.631437112 1.627226369 0.472296476 0.597714949 0.479442663 0.435669153
10042.350265666 32.554752276 23.639098989 1.624556398 0.473922407 0.600723244 0.476556639 0.432923672
10042.383598999 32.589384787 23.645309222 1.620601053 0.476917337 0.602663308 0.472878032 0.430967699
10042.416932333 32.639507896 23.654388852 1.612362920 0.482088580 0.604058425 0.467248595 0.429398149
10042.450265666 32.685205128 23.661937646 1.602526402 0.487861957 0.604336288 0.461331811 0.428883809
10042.483598999 32.725707578 23.667621459 1.592163637 0.494356409 0.603821325 0.454755622 0.429195612
10042.516932333 32.776478197 23.674405768 1.578026819 0.502932407 0.602631375 0.446133117 0.429953093
10042.550265666 32.820407659 23.679946645 1.564520779 0.510857468 0.601206164 0.438168122 0.430795187
10042.583598999 32.862421024 23.684577301 1.550432071 0.518717306 0.599541569 0.430450143 0.431503115
10042.616932333 32.915753784 23.689258891 1.533851618 0.528489381 0.597149835 0.420973603 0.432310391
10042.650265666 32.962875982 23.691617769 1.520330783 0.537117507 0.594595347 0.412727528 0.433147947
10042.683598999 33.007992987 23.694267925 1.509441958 0.545294898 0.591634465 0.405013280 0.434265330
10042.716932333 33.060899495 23.697240621 1.498349746 0.555462040 0.587521299 0.395718064 0.435531697
10042.750265666 33.104741810 23.698528142 1.491000576 0.563959305 0.583779577 0.388354125 0.436270995
10042.783598999 33.144652396 23.699783008 1.485658543 0.571232259 0.580546248 0.382520293 0.436277419
10042.816932333 33.189821950 23.700255764 1.479896380 0.579208570 0.577359906 0.376583210 0.435152914
10042.850265666 33.225975295 23.699578641 1.475494144 0.585168360 0.575444540 0.372729176 0.433029484
10042.883598999 33.260349926 23.699200415 1.472062760 0.590072978 0.574322848 0.370204305 0.430018510
10042.916932333 33.298213077 23.698287973 1.468463455 0.595402618 0.573392766 0.367795819 0.425960907
10042.950265666 33.332299324 23.696944440 1.465221676 0.600106601 0.572584396 0.365996439 0.421978416
10042.983598999 33.373144828 23.694194664 1.460874216 0.605837308 0.571178620 0.363821435 0.417552516
10043.016932333 33.419734269 23.689265552 1.455273087 0.613044729 0.568664917 0.360716860 0.413134021
10043.050265666 33.458078650 23.684011633 1.450362942 0.619903574 0.565545879 0.357165516 0.410256277
10043.083598999 33.491442749 23.677738549 1.445671710 0.627394827 0.561170157 0.352346477 0.409042475
10043.116932333 33.531368300 23.671119744 1.439203042 0.636828649 0.554547341 0.345464035 0.409366729
10043.150265666 33.566280452 23.664173160 1.434054181 0.646407405 0.546747743 0.337526934 0.411460740
10043.183598999 33.600557729 23.654060586 1.430270633 0.657852024 0.536411163 0.327330980 0.415148417
10043.216932333 33.635111939 23.642522286 1.427478048 0.670334107 0.523770709 0.315375147 0.420541253
10043.250265666 33.662197470 23.631498573 1.426522653 0.681151890 0.511460469 0.304530114 0.426264826
10043.283598999 33.686658797 23.622904215 1.426718574 0.690783765 0.499256481 0.294326460 0.432357135
10043.316932333 33.711523062 23.611923051 1.429730427 0.701975420 0.483391646 0.281775201 0.440642442
10043.350265666 33.729317582 23.601987804 1.434250005 0.710909137 0.469278594 0.271285458 0.448095971
10043.383598999 33.744822078 23.593627036 1.438270275 0.718259398 0.456766987 0.262952758 0.454228142
10043.416932333 33.758171399 23.580855509 1.445411113 0.726579092 0.441216554 0.254055273 0.461374787
10043.450265666 33.765722008 23.569455197 1.453078795 0.732631927 0.428379527 0.247917138 0.467202882
10043.483598999 33.773140028 23.558535938 1.460416297 0.737380818 0.416990660 0.243676593 0.472239384
10043.516932333 33.782761410 23.543147944 1.470404580 0.742350458 0.403602037 0.239961847 0.477953454
10043.550265666 33.790335635 23.528797825 1.478654338 0.746195903 0.392195146 0.237769497 0.482535292
10043.583598999 33.797871907 23.514986919 1.484615176 0.749381073 0.381906925 0.236330472 0.486541896
10043.616932333 33.806470461 23.495831425 1.490593681 0.753134035 0.368984205 0.234550213 0.491554655
10043.650265666 33.815007179 23.477059652 1.493884599 0.756528122 0.357041343 0.232409684 0.496157656
10043.683598999 33.821052834 23.458540956 1.494656196 0.760000933 0.344868207 0.229196895 0.500932415
10043.716932333 33.830714267 23.434645962 1.493212960 0.764645585 0.328589446 0.223694805 0.507254117
10043.750265666 33.841409628 23.413688525 1.489751814 0.768918814 0.313489287 0.217465350 0.513027432
10043.783598999 33.849920709 23.393424379 1.486245477 0.772962318 0.298802661 0.210690548 0.518512986
10043.816932333 33.858187036 23.365595554 1.483853057 0.777628244 0.280571309 0.202150998 0.525080022
10043.850265666 33.864905241 23.339717304 1.482372978 0.781250788 0.265124653 0.194823564 0.530471398
10043.883598999 33.872048742 23.314731387 1.482457044 0.784100613 0.251777701 0.188781751 0.534935200
10043.916932333 33.880222804 23.285299119 1.484192631 0.786933905 0.237613455 0.182925935 0.539270783
10043.950265666 33.890236897 23.255630252 1.487616559 0.788807138 0.225855424 0.179063545 0.542870954
10043.983598999 33.900850446 23.222430336 1.493818698 0.790235887 0.214609539 0.176366000 0.546227995
10044.016932333 33.909250792 23.194972177 1.499730976 0.790838577 0.207397464 0.175482908 0.548421722
10044.050265666 33.922412523 23.162625669 1.506552838 0.791251743 0.199799176 0.174845038 0.550844970
10044.083598999 33.935027911 23.134657575 1.512795171 0.791555665 0.193582719 0.173911142 0.552919772
10044.116932333 33.945926098 23.109142473 1.519140454 0.792071482 0.187746105 0.172062326 0.554769072
10044.150265666 33.960443574 23.078711577 1.525454422 0.793028274 0.180288404 0.168528616 0.556956330
10044.183598999 33.972528463 23.051197796 1.530803651 0.794199711 0.173649315 0.164604168 0.558567992
10044.216932333 33.984620022 23.024300037 1.534167910 0.795459160 0.168607869 0.161442870 0.559242622
10044.250265666 34.001198481 22.990848826 1.535502161 0.796803369 0.164629821 0.158977420 0.559220522
10044.283598999 34.016855726 22.959815283 1.534837355 0.797824026 0.163782066 0.158724870 0.558084827
10044.316932333 34.031661216 22.930084802 1.532693368 0.798652515 0.165409340 0.160184032 0.555999089
10044.350265666 34.052848194 22.889793428 1.530194361 0.799656456 0.169091098 0.163321418 0.552524992
10044.383598999 34.073644686 22.850390670 1.527983015 0.800589520 0.173725683 0.166849166 0.548668537
10044.416932333 34.094174242 22.812180745 1.526529449 0.801515121 0.178880040 0.170237780 0.544604940
10044.450265666 34.122189533 22.766470367 1.524465779 0.802595996 0.185563313 0.174063024 0.539544241
10044.483598999 34.148561507 22.723666198 1.523384512 0.803489674 0.191645612 0.177161571 0.535060820
10044.516932333 34.172934616 22.682392467 1.523761249 0.804265377 0.197005041 0.179346224 0.531207256
10044.550265666 34.202415314 22.635954820 1.524909460 0.805271161 0.202208256 0.180545042 0.527307942
10044.583598999 34.230695556 22.593699900 1.526204644 0.806638938 0.205116693 0.179221444 0.524538311
10044.616932333 34.256890411 22.552327907 1.527962452 0.808422128 0.206239875 0.175220119 0.522701337
10044.650265666 34.287950915 22.508410223 1.531155099 0.810977519 0.204580433 0.167215209 0.522016650
10044.683598999 34.314891612 22.463068756 1.535451430 0.813867824 0.201546060 0.156783656 0.521936046
10044.716932333 34.333995975 22.430656459 1.538847118 0.815613490 0.199132497 0.148544273 0.522547110
10044.750265666 34.354656183 22.389397103 1.544111151 0.817099913 0.198000440 0.140502610 0.522879121
10044.783598999 34.374212231 22.352065069 1.550071919 0.817654005 0.199308510 0.136414335 0.522598484
10044.816932333 34.391295425 22.319683896 1.555823230 0.817464178 0.202827684 0.136053313 0.521634685
10044.850265666 34.411382472 22.281312913 1.563056828 0.816655968 0.209232655 0.137727241 0.519928776
10044.883598999 34.426441495 22.248812957 1.568574663 0.815745878 0.215775356 0.140306774 0.517990027
10044.916932333 34.436794887 22.221305949 1.572281625 0.814951751 0.221597474 0.142478618 0.516186059
10044.950265666 34.454181339 22.183674615 1.576025025 0.814338103 0.228167306 0.144212595 0.513805276
10044.983598999 34.471853053 22.149986973 1.577840765 0.814192533 0.232906825 0.144568443 0.511805525
10045.016932333 34.486579934 22.120730706 1.578125685 0.814326172 0.236443479 0.144036249 0.510118542
10045.050265666 34.503111107 22.085393959 1.577235111 0.814580381 0.240654521 0.143124344 0.507995696
10045.083598999 34.518335207 22.052832755 1.574908026 0.814723346 0.244610726 0.142862731 0.505946343
10045.116932333 34.531554048 22.023431691 1.571672108 0.814478983 0.249228965 0.144190553 0.503704273
10045.150265666 34.548059966 21.987734250 1.568279856 0.813645858 0.256597588 0.147803387 0.500292168
10045.183598999 34.562513225 21.955362455 1.565486727 0.812431339 0.264270410 0.152672011 0.496797471
10045.216932333 34.576100807 21.924806660 1.562724117 0.811267877 0.271439280 0.157427425 0.493337363
10045.250265666 34.592534092 21.886315978 1.559764589 0.810133637 0.279216601 0.161509122 0.489526693
10045.283598999 34.606515069 21.850594679 1.557768190 0.810132091 0.283382871 0.161655770 0.487080646
10045.316932333 34.617623942 21.818650247 1.557353701 0.811307133 0.283620907 0.157117638 0.486470929
10045.350265666 34.631487742 21.777368570 1.558720500 0.813632606 0.281333853 0.147296720 0.486987599
10045.383598999 34.643825024 21.741634279 1.562938995 0.815589875 0.278612453 0.137090919 0.488256426
10045.416932333 34.654970611 21.713144633 1.568687998 0.816113098 0.278710483 0.131085257 0.488974982
10045.450265666 34.668466238 21.681783558 1.577629374 0.815431691 0.281199448 0.127416748 0.489656002
10045.483598999 34.681683002 21.657143035 1.588758972 0.813310153 0.285835059 0.127393522 0.490505662
10045.516932333 34.693043604 21.635052790 1.603764731 0.809740267 0.291533696 0.128834356 0.492676885
10045.550265666 34.702581170 21.615849317 1.620894814 0.805277332 0.295912739 0.129354865 0.497223680
10045.583598999 34.708983031 21.599801451 1.636821416 0.801169045 0.297518175 0.127785212 0.503271335
10045.616932333 34.714013186 21.585118455 1.650817447 0.797343625 0.297369383 0.125449039 0.509977580
10045.650265666 34.723187265 21.564131741 1.667836647 0.792204902 0.296780861 0.123361528 0.518762418
10045.683598999 34.731045604 21.546879760 1.682579723 0.786690721 0.297418211 0.123348096 0.526730827
10045.716932333 34.737994479 21.534278214 1.694698593 0.780829581 0.300432511 0.126612651 0.532930304
10045.750265666 34.743823127 21.521503438 1.708991213 0.772370612 0.307024854 0.134818447 0.539447276
10045.783598999 34.751248310 21.508763457 1.719103836 0.763747758 0.315791915 0.145394085 0.543898326
10045.816932333 34.757898513 21.497404906 1.726191488 0.755177643 0.325774724 0.157016008 0.546738996
10045.850265666 34.765172215 21.486341018 1.733864990 0.744082584 0.338970215 0.171961942 0.549426421
10045.883598999 34.771376729 21.477574226 1.738982672 0.734276432 0.350072348 0.184600562 0.551552450
10045.916932333 34.774697903 21.467867758 1.742823466 0.723905474 0.360824383 0.196522505 0.554207122
10045.950265666 34.776229886 21.456928173 1.745307536 0.713646761 0.369887785 0.206688436 0.557827229
10045.983598999 34.774806757 21.447757541 1.745628847 0.705591501 0.375523819 0.213497773 0.561730536
10046.016932333 34.776519603 21.438108483 1.745461521 0.699258221 0.379378779 0.218004244 0.565317461
10046.050265666 34.778910886 21.423597107 1.745470526 0.691867233 0.383532687 0.223263393 0.569540049
10046.083598999 34.782151483 21.409948519 1.745139851 0.686093130 0.386918132 0.227346674 0.572611619
10046.116932333 34.784588339 21.397537033 1.745041296 0.681746125 0.389744169 0.230933611 0.574448754
10046.150265666 34.787394291 21.377021139 1.745149063 0.675442070 0.394180386 0.236682957 0.576524943
10046.183598999 34.787969930 21.355864005 1.744846008 0.670341240 0.398024227 0.241696517 0.577756117
10046.216932333 34.787808573 21.333797828 1.745096903 0.666867081 0.400586078 0.244988249 0.578618915
10046.250265666 34.787484716 21.306486568 1.745415451 0.663412616 0.402333881 0.248236120 0.579991360
10046.283598999 34.786680685 21.284790753 1.743708835 0.660811812 0.402372600 0.250235200 0.582070773
10046.316932333 34.786018601 21.266539319 1.743035678 0.659907750 0.400573755 0.250235617 0.584332581
10046.350265666 34.782131580 21.244408482 1.742376089 0.659709446 0.396795594 0.249224495 0.587557532
10046.383598999 34.776782394 21.226400990 1.740949564 0.660621713 0.391548866 0.246869497 0.591036284
10046.416932333 34.769921840 21.207732726 1.739192809 0.662366577 0.384289345 0.243307803 0.595309609
10046.450265666 34.762274570 21.186982816 1.737022843 0.664934620 0.375267042 0.238526495 0.600118079
10046.483598999 34.755357159 21.167328462 1.734381382 0.667834153 0.366215912 0.233347495 0.604510046
10046.516932333 34.749264075 21.149252252 1.731448090 0.670429521 0.358687243 0.229053486 0.607784682
10046.550265666 34.741868265 21.125547316 1.726975053 0.673373437 0.350173956 0.224554479 0.611164217
10046.583598999 34.735370058 21.103003379 1.722169575 0.675766942 0.343189672 0.221116519 0.613732331
10046.616932333 34.728899231 21.083167801 1.717390014 0.677737796 0.337348174 0.218392234 0.615769861
10046.650265666 34.718103822 21.058452551 1.710024666 0.680439508 0.328828426 0.214442069 0.618779882
10046.683598999 34.706091411 21.035630210 1.702542206 0.683378498 0.319212705 0.209661947 0.622204906
10046.716932333 34.693485545 21.015811452 1.695397696 0.686359788 0.309114147 0.204732903 0.625654157
10046.750265666 34.675022592 20.990050495 1.686494301 0.690550233 0.293970237 0.196983881 0.630808391
10046.783598999 34.654882421 20.966258727 1.679430672 0.694805523 0.277380761 0.188410145 0.636244306
10046.816932333 34.634628923 20.945262828 1.674764870 0.698859415 0.260436059 0.179723618 0.641457714
10046.850265666 34.607101225 20.920414936 1.671090647 0.703706407 0.238125027 0.168313598 0.647892196
10046.883598999 34.580595660 20.897881801 1.669565576 0.707571117 0.217435155 0.158347821 0.653445511
10046.916932333 34.550218091 20.872120414 1.668427680 0.711243346 0.194986390 0.148460632 0.658841902
10046.950265666 34.514792489 20.846293349 1.668300996 0.714127804 0.172361647 0.140039188 0.663853875
10046.983598999 34.481773112 20.822805943 1.669294567 0.715462906 0.153563608 0.134460441 0.668170216
10047.016932333 34.450824188 20.804042617 1.669109288 0.715590353 0.138407157 0.131808759 0.671863347
10047.050265666 34.412316783 20.783468073 1.666673173 0.714654124 0.122953063 0.131032823 0.676004753
10047.083598999 34.377604605 20.767124312 1.662027974 0.712777248 0.112121956 0.131880942 0.679694548
10047.116932333 34.349416846 20.754377748 1.657830714 0.710632195 0.103912877 0.133014135 0.683016279
10047.150265666 34.311614814 20.741740725 1.650696731 0.707416288 0.092850947 0.133669056 0.687803373
10047.183598999 34.278168499 20.731327219 1.642950142 0.704398742 0.082214808 0.132706358 0.692424841
10047.216932333 34.251014067 20.721093064 1.635435495 0.701955880 0.072258708 0.130398340 0.696443030
10047.250265666 34.216690769 20.713297345 1.623959236 0.699089575 0.057696488 0.125554470 0.701556096
10047.283598999 34.186026269 20.707843880 1.614370749 0.696882111 0.041735197 0.118373312 0.706117027
10047.316932333 34.162841709 20.704708410 1.607580145 0.695441616 0.027620576 0.110853145 0.709443192
10047.350265666 34.137427207 20.702163241 1.600837928 0.693755660 0.008785262 0.099480085 0.713252841
10047.383598999 34.109300615 20.698548439 1.594134196 0.691741016 -0.012940161 0.085977445 0.716892460
10047.416932333 34.091252258 20.695865483 1.589615819 0.690158754 -0.026882995 0.076559517 0.719094458
10047.450265666 34.065350267 20.693410042 1.583747671 0.687147506 -0.047364158 0.062105775 0.722307286
10047.483598999 34.047071813 20.690377242 1.582002721 0.684302207 -0.061323291 0.050982800 0.724824597
10047.516932333 34.028011939 20.691079968 1.578954961 0.680751942 -0.075210690 0.039011696 0.727597576
10047.550265666 34.008549396 20.693847219 1.576650589 0.676261822 -0.089784077 0.025075900 0.730739329
10047.583598999 33.989449004 20.696963771 1.574835912 0.671218905 -0.105112694 0.009751389 0.733703900
10047.616932333 33.976773924 20.699980285 1.572962896 0.666768611 -0.118124144 -0.004205635 0.735831922
10047.650265666 33.961407537 20.703613961 1.571136477 0.660340954 -0.135034641 -0.023636796 0.738347325
10047.683598999 33.948670169 20.705271430 1.569840575 0.654118524 -0.149926986 -0.041634142 0.740214465
10047.716932333 33.938724040 20.706171655 1.568124543 0.648408045 -0.161938918 -0.057253376 0.741663566
10047.750265666 33.926339710 20.708961631 1.564858838 0.640900116 -0.175202587 -0.076566955 0.743430290
10047.783598999 33.914127272 20.708696162 1.562030271 0.634269441 -0.185286843 -0.093093673 0.744784955
10047.816932333 33.902242650 20.707321512 1.559479826 0.628765049 -0.193101706 -0.106656550 0.745647789
10047.850265666 33.885665542 20.704523193 1.555803970 0.621479130 -0.203570454 -0.124889129 0.746140380
10047.883598999 33.867839603 20.703525081 1.550690868 0.614650017 -0.214698097 -0.142328133 0.745555354
10047.916932333 33.851399668 20.702241674 1.545255820 0.608473791 -0.226065507 -0.158194215 0.744062244
10047.950265666 33.833417099 20.696856157 1.538216757 0.601411900 -0.239904109 -0.176389193 0.741374802
10047.983598999 33.810726918 20.689952767 1.528959701 0.593655959 -0.255699231 -0.195984872 0.737414697
10048.016932333 33.788984985 20.681077175 1.518536372 0.587223271 -0.268775043 -0.212016661 0.733469659
10048.050265666 33.768081263 20.673240952 1.510240928 0.582827191 -0.276888150 -0.223319129 0.730598374
10048.083598999 33.739485185 20.662819647 1.500964363 0.578645093 -0.283201854 -0.234765711 0.727909079
10048.116932333 33.711413403 20.652911509 1.493497484 0.576648511 -0.285135656 -0.241743459 0.726453200
10048.150265666 33.678223238 20.640741098 1.485792711 0.575677054 -0.284321817 -0.247489636 0.725607273
10048.183598999 33.640793101 20.624629992 1.478617867 0.575509505 -0.281791577 -0.252823313 0.724888053
10048.216932333 33.605143044 20.609441021 1.474502677 0.575735947 -0.279738213 -0.257752573 0.723766719
10048.250265666 33.579281195 20.596254580 1.472165776 0.575541847 -0.278836931 -0.262515711 0.722555914
10048.283598999 33.546717866 20.580002981 1.471591011 0.575405210 -0.277841418 -0.268724695 0.720763504
10048.316932333 33.513872358 20.563373381 1.471095908 0.574918633 -0.277077261 -0.275537478 0.718871237
10048.350265666 33.492441036 20.551931781 1.472571622 0.574419406 -0.277349373 -0.280619620 0.717197532
10048.383598999 33.458355308 20.533450131 1.474740562 0.573286609 -0.279149005 -0.289773063 0.713757570
10048.416932333 33.431395148 20.518843351 1.475510017 0.571671575 -0.283132017 -0.298359697 0.709936168
10048.450265666 33.406310787 20.507314840 1.477634345 0.569571223 -0.287682620 -0.306373718 0.706372761
10048.483598999 33.374193797 20.493342943 1.478632754 0.566627078 -0.294234487 -0.316851396 0.701402177
10048.516932333 33.343911989 20.479547154 1.479220576 0.564357779 -0.299564687 -0.325701423 0.696907367
10048.550265666 33.318813792 20.468941784 1.477231745 0.563146624 -0.302734991 -0.331511307 0.693770610
10048.583598999 33.276072522 20.451619434 1.472915450 0.561869801 -0.307146219 -0.339718344 0.688879506
10048.616932333 33.237658277 20.435733476 1.468087373 0.561135953 -0.310730323 -0.346255303 0.684602347
10048.650265666 33.203720398 20.423617234 1.462786047 0.560415376 -0.313802137 -0.351652107 0.681031292
10048.683598999 33.157388241 20.405360659 1.456233369 0.559255484 -0.318436095 -0.358983392 0.675990149
10048.716932333 33.111483535 20.387139101 1.450627377 0.557638985 -0.323736273 -0.366440833 0.670786630
10048.750265666 33.072914933 20.372357232 1.446451629 0.555561198 -0.328754713 -0.372917585 0.666486736
10048.783598999 33.023787784 20.352640430 1.442892587 0.551890613 -0.335770667 -0.382097951 0.660814624
10048.816932333 32.978702541 20.335046536 1.441908557 0.547950664 -0.342062606 -0.390761407 0.655781035
10048.850265666 32.945170547 20.322528113 1.442539333 0.545133779 -0.345666156 -0.396472791 0.652804256
10048.883598999 32.885714686 20.299193856 1.445663167 0.540940959 -0.349897200 -0.404985964 0.648799813
10048.916932333 32.838767531 20.280805932 1.450237990 0.539043970 -0.349906250 -0.409849726 0.647317863
10048.950265666 32.801217791 20.265905939 1.456126345 0.538602853 -0.347260406 -0.412317617 0.647542555
10048.983598999 32.753277616 20.245639941 1.465616161 0.539268191 -0.341003603 -0.413809896 0.649359478
10049.016932333 32.711744281 20.227614934 1.473164444 0.540634939 -0.333326022 -0.414128762 0.652000762
10049.050265666 32.676014382 20.211843695 1.480789496 0.541955935 -0.326611204 -0.413778486 0.654519863
10049.083598999 32.626710012 20.191186096 1.491140011 0.542732011 -0.319062147 -0.413605903 0.657701655
10049.116932333 32.585697516 20.175930916 1.498022553 0.541705031 -0.315085673 -0.414974080 0.659600781
10049.150265666 32.553075855 20.165768416 1.502426462 0.539128947 -0.314608068 -0.416870866 0.660742328
10049.183598999 32.509215952 20.154553461 1.505545218 0.534130159 -0.316579944 -0.420482303 0.661571421
10049.216932333 32.467751828 20.145468139 1.505390172 0.528403276 -0.320240851 -0.424476331 0.661857703
10049.250265666 32.435682812 20.139513340 1.502733590 0.523786169 -0.323549213 -0.427339148 0.662076437
10049.283598999 32.391099928 20.130518982 1.496142650 0.518075091 -0.327010917 -0.430444125 0.662857387
10049.316932333 32.348770447 20.119870321 1.488297184 0.513391888 -0.329398392 -0.432214611 0.664165641
10049.350265666 32.313997434 20.109914236 1.479751942 0.510711205 -0.329867996 -0.432451187 0.665843181
10049.383598999 32.266325459 20.097477980 1.466188649 0.508284960 -0.329203121 -0.431462561 0.668664163
10049.416932333 32.219170340 20.082490359 1.453746431 0.507089478 -0.327066334 -0.429265577 0.672025996
10049.450265666 32.181076747 20.070240698 1.443861667 0.506615580 -0.324690791 -0.427177212 0.674860115
10049.483598999 32.128528730 20.051189765 1.432876217 0.506257943 -0.321759078 -0.424250406 0.678369799
10049.516932333 32.078105850 20.033296133 1.424726411 0.505943430 -0.319642381 -0.421386434 0.681383495
10049.550265666 32.038146805 20.017018610 1.421627252 0.505670437 -0.318558649 -0.419384784 0.683325837
10049.583598999 31.985093833 19.996884691 1.420425279 0.504952139 -0.318597740 -0.416794587 0.685420374
10049.616932333 31.934935647 19.976013157 1.423740148 0.504295181 -0.319731583 -0.414581246 0.686717173
10049.650265666 31.896769285 19.959723323 1.428106703 0.504124948 -0.320812240 -0.412768808 0.687429600
10049.683598999 31.849428670 19.936829310 1.436046835 0.504636559 -0.321255330 -0.409510952 0.688794408
10049.716932333 31.807523674 19.914659985 1.444732108 0.506590284 -0.319683603 -0.405226192 0.690623205
10049.750265666 31.773589258 19.893939344 1.451152659 0.509868171 -0.315872794 -0.400081301 0.692960157
10049.783598999 31.732933706 19.865736369 1.458318387 0.515769515 -0.308182605 -0.391814047 0.696769002
10049.816932333 31.698737510 19.839825273 1.462249207 0.522285619 -0.299185750 -0.383366766 0.700525190
10049.850265666 31.667219642 19.814452734 1.465824903 0.529019632 -0.289441458 -0.374563088 0.704318369
10049.883598999 31.632416129 19.785048780 1.467417216 0.535809019 -0.279631492 -0.365421090 0.707942336
10049.916932333 31.598877633 19.757515457 1.467486234 0.540937197 -0.272874522 -0.358064513 0.710433845
10049.950265666 31.571262964 19.735906932 1.466725690 0.544122609 -0.269381581 -0.353497125 0.711620638
10049.983598999 31.541214144 19.712913817 1.465204628 0.545994610 -0.268490823 -0.350448153 0.712031359
10050.016932333 31.517623437 19.693065305 1.463351115 0.546187601 -0.270547004 -0.349814688 0.711416268
10050.050265666 31.499368447 19.679619681 1.462709806 0.545188186 -0.274327310 -0.351080181 0.710110608
10050.083598999 31.476479445 19.661700143 1.463632683 0.542968186 -0.281480596 -0.354043953 0.707535937
10050.116932333 31.456608654 19.644228911 1.466141475 0.540380139 -0.288491719 -0.357943673 0.704725592
10050.150265666 31.440755701 19.629611859 1.468545553 0.538854722 -0.292959181 -0.360529450 0.702729694
10050.183598999 31.418548983 19.612183572 1.472658766 0.538028519 -0.296494413 -0.362497888 0.700864935
10050.216932333 31.396810225 19.595460148 1.476697164 0.538656207 -0.296813473 -0.362719178 0.700132881
10050.250265666 31.376856644 19.583167289 1.480484417 0.539962991 -0.295344445 -0.361870714 0.700186556
10050.283598999 31.349252814 19.567152109 1.484158887 0.542332325 -0.292051676 -0.359941223 0.700730892
10050.316932333 31.322611952 19.556916941 1.487559764 0.544431531 -0.288736823 -0.358031936 0.701454552
10050.350265666 31.301267426 19.549040709 1.487748323 0.545373618 -0.287334136 -0.357589786 0.701524237
10050.383598999 31.270643253 19.540340979 1.486400283 0.545401555 -0.287987038 -0.358222322 0.700911819
10050.416932333 31.242863425 19.530994613 1.482559659 0.544215821 -0.290692075 -0.359988663 0.699810990
10050.450265666 31.218358165 19.525778560 1.478138982 0.542898015 -0.293551076 -0.361625208 0.698796622
10050.483598999 31.184992786 19.519382290 1.472783779 0.541725160 -0.296514231 -0.362699813 0.697898279
10050.516932333 31.146033229 19.513378936 1.464963196 0.541747366 -0.297367530 -0.361893938 0.697936330
10050.550265666 31.117618123 19.509302884 1.458863497 0.543232042 -0.295054884 -0.359235358 0.699136268
10050.583598999 31.080015650 19.505738267 1.450512153 0.546633204 -0.289207185 -0.353678705 0.701756879
10050.616932333 31.046569908 19.503375603 1.443121958 0.550469969 -0.282201371 -0.347502142 0.704689620
10050.650265666 31.011499816 19.502797603 1.436149016 0.554510489 -0.274495046 -0.340589514 0.707933167
10050.683598999 30.967611736 19.502027057 1.429518005 0.558725442 -0.266360071 -0.332753876 0.711444342
10050.716932333 30.925347424 19.498954942 1.425326838 0.562158506 -0.259812515 -0.325711081 0.714414139
10050.750265666 30.892402933 19.497715194 1.423500784 0.564731717 -0.254901942 -0.320280203 0.716605665
10050.783598999 30.849765629 19.495374254 1.424105364 0.567957372 -0.247985825 -0.312750934 0.719801575
10050.816932333 30.810656831 19.491808243 1.426913361 0.571145261 -0.241089540 -0.305145477 0.722879770
10050.850265666 30.781349909 19.487559257 1.430045649 0.573193866 -0.236220665 -0.299328271 0.725293855
10050.883598999 30.743046914 19.482650160 1.437624717 0.575189526 -0.231468029 -0.292049312 0.728207910
10050.916932333 30.709159120 19.476810363 1.445496289 0.576181741 -0.229279493 -0.285941665 0.730536022
10050.950265666 30.683467905 19.472432360 1.451171559 0.576480084 -0.228493678 -0.281429214 0.732297037
10050.983598999 30.648608044 19.466119964 1.457529197 0.577060958 -0.226929560 -0.274714095 0.734871276
10051.016932333 30.616374188 19.456824108 1.461285792 0.578527084 -0.222938610 -0.266405222 0.737992579
10051.050265666 30.593769179 19.448781648 1.462350183 0.580272076 -0.217457166 -0.258979531 0.740895608
10051.083598999 30.561849103 19.435111153 1.461919308 0.583465430 -0.207110050 -0.247116187 0.745390575
10051.116932333 30.535149723 19.420316294 1.460069028 0.586783447 -0.195462440 -0.234930859 0.749858062
10051.150265666 30.514554832 19.407088260 1.456752510 0.589388344 -0.185464531 -0.225094790 0.753363540
10051.183598999 30.488033194 19.388249867 1.452080677 0.591898426 -0.173143090 -0.213370290 0.757727420
10051.216932333 30.464449069 19.369400024 1.445649516 0.593510314 -0.162874332 -0.203444933 0.761464128
10051.250265666 30.446158787 19.354015107 1.440874216 0.593896362 -0.157173270 -0.197678252 0.763876287
10051.283598999 30.423883954 19.334102425 1.433567727 0.593559258 -0.152759633 -0.192639714 0.766317064
10051.316932333 30.404910167 19.314612951 1.427782530 0.592521919 -0.151752858 -0.190425436 0.767871733
10051.350265666 30.383108305 19.294216953 1.423122642 0.590670135 -0.153893276 -0.190004166 0.768975986
10051.383598999 30.357495488 19.268538632 1.420402720 0.588055468 -0.159004968 -0.191413073 0.769590295
10051.416932333 30.331803723 19.241378960 1.420789348 0.585450480 -0.164712839 -0.193110730 0.769951727
10051.450265666 30.315049814 19.222141958 1.423493108 0.584142243 -0.167607122 -0.193502421 0.770222374
10051.483598999 30.277356737 19.184780920 1.431020075 0.582452994 -0.170760489 -0.193009599 0.770932332
10051.516932333 30.246386986 19.151722032 1.438976549 0.582099705 -0.170078154 -0.190312320 0.772019802
10051.550265666 30.224137294 19.126050129 1.445960807 0.582505985 -0.166863551 -0.186877551 0.773252943
10051.583598999 30.195438539 19.091389370 1.455984497 0.583611578 -0.159475696 -0.180629158 0.775459951
10051.616932333 30.170856536 19.057789408 1.464972821 0.584777474 -0.150145554 -0.174106626 0.777932196
10051.650265666 30.154473206 19.034069143 1.471461707 0.585606888 -0.142156567 -0.169003163 0.779932058
10051.683598999 30.134179284 19.004277161 1.479338542 0.586406853 -0.131411181 -0.162355923 0.782622935
10051.716932333 30.121365421 18.982677564 1.486046297 0.586700806 -0.123202250 -0.157473598 0.784732716
10051.750265666 30.101749770 18.954729557 1.491361425 0.587050963 -0.113914281 -0.151898816 0.786969792
10051.783598999 30.081785560 18.928005787 1.497058883 0.586992455 -0.106009595 -0.146835082 0.789076221
10051.816932333 30.061117102 18.902553098 1.501244706 0.586967133 -0.099773400 -0.142672611 0.790670209
10051.850265666 30.044208093 18.882544270 1.503930582 0.586867269 -0.095957707 -0.139946847 0.791703105
10051.883598999 30.024778196 18.859825103 1.507205940 0.586903121 -0.092029577 -0.136636479 0.792720478
10051.916932333 30.000116866 18.831466024 1.509353527 0.587246459 -0.088434203 -0.132961479 0.793499990
10051.950265666 29.977157800 18.804074780 1.510765949 0.587966584 -0.085385353 -0.129378468 0.793892845
10051.983598999 29.959966574 18.783417350 1.511077143 0.588861554 -0.083218302 -0.126259010 0.793961867
10052.016932333 29.936248140 18.753880589 1.510392483 0.590439142 -0.080014687 -0.121477968 0.793865462
10052.050265666 29.913533171 18.725617074 1.509904689 0.592522946 -0.076512657 -0.116043724 0.793470998
10052.083598999 29.894953451 18.705186183 1.509274604 0.594582148 -0.072966902 -0.111128044 0.792968132
10052.116932333 29.868366617 18.676978685 1.509536853 0.597847190 -0.066665223 -0.103048490 0.792158756
10052.150265666 29.843417990 18.650255013 1.508821008 0.601172242 -0.059499762 -0.093988512 0.791339291
10052.183598999 29.824685714 18.629672237 1.508419352 0.603749773 -0.053572761 -0.086401808 0.790664846
10052.216932333 29.799099314 18.602676380 1.507727563 0.607384905 -0.045057935 -0.075807554 0.789497672
10052.250265666 29.774457096 18.577522363 1.508046573 0.610576675 -0.037605329 -0.065970641 0.788308212
10052.283598999 29.757647446 18.559651898 1.508817294 0.612801634 -0.032755920 -0.059169887 0.787337368
10052.316932333 29.734488315 18.534799344 1.511390042 0.615862189 -0.026322412 -0.049555941 0.785853106
10052.350265666 29.715131089 18.512093726 1.513800866 0.618539842 -0.019503547 -0.040003875 0.784492043
10052.383598999 29.701655138 18.495929559 1.515377672 0.620487579 -0.013619342 -0.032213807 0.783435989
10052.416932333 29.686175421 18.473487508 1.518348030 0.622792690 -0.005352194 -0.021504920 0.782072988
10052.450265666 29.673824374 18.451296331 1.519538107 0.624685565 0.001566256 -0.011752243 0.780786383
10052.483598999 29.665761194 18.437988251 1.520999405 0.625721986 0.005066803 -0.005838371 0.780007844
10052.516932333 29.655166275 18.420054818 1.522108746 0.627102321 0.008227185 0.001340952 0.778892287
10052.550265666 29.646096920 18.406518324 1.523663065 0.628182109 0.010219158 0.007401556 0.777964024
10052.583598999 29.640527776 18.398725273 1.524368787 0.628781765 0.011628783 0.011750020 0.777406072
10052.616932333 29.633314727 18.387701524 1.524397336 0.629554496 0.014131841 0.017986621 0.776619539
10052.650265666 29.626101031 18.377648191 1.523442503 0.630148450 0.017261037 0.024467853 0.775897101
10052.683598999 29.622240927 18.370686556 1.522756989 0.630398083 0.019550309 0.028861545 0.775488912
10052.716932333 29.617298539 18.363543612 1.521536586 0.630620813 0.021450163 0.033895223 0.775053801
10052.750265666 29.612733114 18.358089809 1.520626797 0.630877718 0.021479877 0.037159563 0.774694189
10052.783598999 29.609878842 18.354040429 1.519947350 0.631190503 0.020564676 0.038759995 0.774385760
10052.816932333 29.606064158 18.348668781 1.519648741 0.631689423 0.019143193 0.040567969 0.773922639
10052.850265666 29.603460105 18.342937766 1.519253804 0.632046974 0.018702734 0.042674359 0.773528105
10052.883598999 29.601317535 18.339978153 1.518878073 0.632235133 0.019381449 0.044812651 0.773236653
10052.916932333 29.598806096 18.335197047 1.518172240 0.632419689 0.021668320 0.048263683 0.772817209
10052.950265666 29.596940797 18.331463564 1.517171863 0.632456763 0.024470298 0.051840690 0.772471482
10052.983598999 29.596474179 18.328839799 1.516795271 0.632479071 0.026496402 0.054246846 0.772221112
10053.016932333 29.596486756 18.324725200 1.515930461 0.632590600 0.028948532 0.057080425 0.771837380
10053.050265666 29.596883780 18.322294613 1.515904717 0.632774167 0.030321249 0.058756860 0.771508333
10053.083598999 29.597637041 18.320561707 1.515910045 0.633004658 0.030608001 0.059250110 0.771270171
10053.116932333 29.598670415 18.318179826 1.515924761 0.633363741 0.030279102 0.059386497 0.770977815
10053.150265666 29.599241580 18.316780184 1.515990038 0.633716293 0.029806396 0.059001204 0.770736075
10053.183598999 29.599706563 18.315696078 1.516071069 0.633926060 0.029775176 0.058713038 0.770586769
10053.216932333 29.601599386 18.314108094 1.515879034 0.634494010 0.030339559 0.058439835 0.770117944
10053.250265666 29.603616697 18.312959713 1.515967915 0.634805775 0.031726916 0.058519022 0.769799036
10053.283598999 29.605266438 18.312215603 1.516008887 0.635000997 0.032995960 0.058576470 0.769580273
10053.316932333 29.607690964 18.311453156 1.516078772 0.635234469 0.034529248 0.058382468 0.769335030
10053.350265666 29.610888582 18.310758970 1.516181175 0.635502807 0.035848310 0.057493789 0.769119981
10053.383598999 29.612448635 18.310566760 1.516173700 0.635624580 0.036145472 0.056656752 0.769067559
10053.416932333 29.615199248 18.310282716 1.515988819 0.635783704 0.036017430 0.054616865 0.769089607
10053.450265666 29.618219892 18.310049889 1.515550487 0.635992768 0.035140365 0.051664695 0.769161305
10053.483598999 29.619835577 18.309892245 1.515365177 0.636042585 0.034623441 0.049763373 0.769268909
10053.516932333 29.621924412 18.309310200 1.515044670 0.636071011 0.034171353 0.047476928 0.769410117
10053.550265666 29.624149744 18.308595419 1.514855450 0.636017957 0.034438629 0.045308720 0.769572777
10053.583598999 29.625660134 18.308067516 1.514808914 0.635971952 0.035231455 0.044305672 0.769633308
10053.616932333 29.627558769 18.307187561 1.514808032 0.635889217 0.036890931 0.043295039 0.769681429
10053.650265666 29.629176187 18.306164633 1.514916427 0.635830882 0.038778433 0.042581955 0.769676620
10053.683598999 29.630240967 18.305368644 1.515072998 0.635837675 0.040029931 0.042016349 0.769638020
10053.716932333 29.631299546 18.304473807 1.515131571 0.635880025 0.041241183 0.040976937 0.769595120
10053.750265666 29.632370913 18.303473374 1.515354273 0.635966339 0.041598307 0.039527154 0.769580405
10053.783598999 29.632726865 18.303034539 1.515486767 0.636032378 0.041393946 0.038481317 0.769589854
10053.816932333 29.632994991 18.302560267 1.515587216 0.636193726 0.040535546 0.036281570 0.769609031
10053.850265666 29.632989997 18.302408088 1.515677258 0.636293712 0.039578631 0.034408783 0.769662186
10053.883598999 29.632829594 18.302557707 1.515692005 0.636308589 0.039050302 0.033250947 0.769727762
10053.916932333 29.632610128 18.302864076 1.515594512 0.636224419 0.038549782 0.032036675 0.769874051
10053.950265666 29.631981211 18.303348360 1.515413839 0.636145586 0.037800590 0.030673164 0.770031860
10053.983598999 29.631418791 18.303782904 1.515316320 0.636015594 0.037223062 0.029899198 0.770197797
10054.016932333 29.630450425 18.304680517 1.515177192 0.635856003 0.036049730 0.028756927 0.770428842
10054.050265666 29.629162381 18.305627107 1.515096338 0.635626264 0.034180996 0.027334977 0.770755286
10054.083598999 29.628001237 18.306368325 1.515052203 0.635430238 0.032477841 0.026258791 0.771027936
10054.116932333 29.626453584 18.307457267 1.515197473 0.635150601 0.030092896 0.024942665 0.771398726
10054.150265666 29.624344690 18.308748820 1.515156801 0.634784965 0.027345591 0.023604487 0.771843958
10054.183598999 29.622813602 18.309583202 1.515168793 0.634527945 0.025836103 0.023005322 0.772125338
10054.216932333 29.620675989 18.310733971 1.515231614 0.634124526 0.024217324 0.022702351 0.772518097
10054.250265666 29.618550263 18.311886765 1.515317890 0.633722766 0.023236452 0.022951500 0.772870463
10054.283598999 29.617477053 18.312496238 1.515426621 0.633490890 0.022879915 0.023273482 0.773061541
10054.316932333 29.615081240 18.313564082 1.515671342 0.633043598 0.022113687 0.024044312 0.773426570
10054.350265666 29.613168841 18.314325237 1.515798206 0.632706301 0.021299817 0.024621114 0.773707215
10054.383598999 29.612179372 18.314549635 1.515885375 0.632524889 0.020657467 0.024839421 0.773865969
10054.416932333 29.609839079 18.315004758 1.515882111 0.632238120 0.018851207 0.025092657 0.774138198
10054.450265666 29.607724567 18.315202188 1.515751774 0.632049761 0.016866644 0.025157794 0.774335652
10054.483598999 29.606294749 18.315329017 1.515739925 0.631936171 0.015474645 0.025203440 0.774455937
10054.516932333 29.604595629 18.315360777 1.515803052 0.631757274 0.013835750 0.025437646 0.774625229
10054.550265666 29.603066939 18.315417975 1.515744584 0.631628931 0.012561072 0.025809174 0.774739311
10054.583598999 29.601669504 18.315416538 1.515899417 0.631496492 0.011702373 0.026417374 0.774840214
10054.616932333 29.600380331 18.315481333 1.516130364 0.631273812 0.011095338 0.027335927 0.774998719
10054.650265666 29.599336347 18.315482083 1.516324922 0.631066428 0.010785157 0.028251523 0.775139146
10054.683598999 29.598227217 18.315285447 1.516279075 0.630855852 0.010560785 0.029146698 0.775280487
10054.716932333 29.597208013 18.314758660 1.516024916 0.630596834 0.010416594 0.030189479 0.775453237
10054.750265666 29.596358188 18.313926358 1.515487859 0.630344817 0.010310956 0.031171766 0.775620666
10054.783598999 29.595831636 18.313235613 1.515005381 0.630186033 0.010197373 0.031803572 0.775725538
10054.816932333 29.595282036 18.312085096 1.514243839 0.629958961 0.010079279 0.032642618 0.775876649
10054.850265666 29.595043221 18.310815953 1.513702457 0.629793974 0.010058919 0.033445043 0.775976673
10054.883598999 29.595045606 18.309640454 1.513332083 0.629721053 0.010128674 0.034076933 0.776007453
10054.916932333 29.595251611 18.307690696 1.512991609 0.629701832 0.010456590 0.035117699 0.775972299
10054.950265666 29.595650062 18.305297563 1.512845146 0.629728914 0.011201587 0.036457757 0.775878116
10054.983598999 29.596071371 18.303524723 1.512922859 0.629744628 0.011943168 0.037485833 0.775805309
10055.016932333 29.596822465 18.300498608 1.513030322 0.629821072 0.013465674 0.039383683 0.775624277
10055.050265666 29.597692913 18.297351193 1.513086019 0.629940828 0.015353599 0.041606925 0.775375834
10055.083598999 29.598180000 18.294839571 1.513281332 0.630009446 0.016995856 0.043397904 0.775187630
10055.116932333 29.598895194 18.290837129 1.513478363 0.630226621 0.019428466 0.046266846 0.774787919
10055.150265666 29.599472742 18.286241077 1.513641994 0.630516320 0.021739788 0.049195545 0.774310241
10055.183598999 29.599658819 18.283035705 1.513717619 0.630754773 0.023228950 0.051279300 0.773937508
10055.216932333 29.599919154 18.278503878 1.513627447 0.631102502 0.025288363 0.054292342 0.773383781
10055.250265666 29.600469392 18.273989391 1.513319751 0.631406207 0.027368463 0.057348735 0.772844287
10055.283598999 29.600804583 18.271024430 1.513013937 0.631596774 0.028999320 0.059708148 0.772450317
10055.316932333 29.601500152 18.267085111 1.512437237 0.631819848 0.031753966 0.063352848 0.771869019
10055.350265666 29.602340716 18.263232698 1.511961639 0.631970504 0.034897624 0.067358105 0.771270590
10055.383598999 29.602755836 18.260949277 1.511740176 0.632017670 0.037114476 0.070192333 0.770875617
10055.416932333 29.603192153 18.257926965 1.511300219 0.632114276 0.040076759 0.073985452 0.770293158
10055.450265666 29.603497694 18.254935629 1.510961436 0.632249468 0.042418583 0.077348549 0.769726234
10055.483598999 29.603230089 18.253076708 1.510867804 0.632392112 0.043609627 0.079445841 0.769328783
10055.516932333 29.602731641 18.251020224 1.510641181 0.632619562 0.044735263 0.081668291 0.768844286
10055.550265666 29.601833138 18.247942222 1.510584766 0.633123346 0.045898405 0.084663585 0.768036615
10055.583598999 29.601331467 18.246092327 1.510740346 0.633421068 0.046616466 0.086415963 0.767552563
10055.616932333 29.600504293 18.243967642 1.511000097 0.633801422 0.047629671 0.088726922 0.766912450
10055.650265666 29.600156175 18.242038653 1.511061623 0.634201459 0.048954335 0.091354838 0.766189452
10055.683598999 29.599697229 18.240569499 1.511481107 0.634435230 0.050105583 0.093307478 0.765686022
10055.716932333 29.599274132 18.238891609 1.511795038 0.634775993 0.051872672 0.096197446 0.764927916
10055.750265666 29.598953154 18.237264424 1.512146416 0.635040854 0.053415923 0.098814581 0.764267971
10055.783598999 29.600104560 18.234860223 1.514163215 0.635107398 0.054309840 0.100659694 0.763908804
10055.816932333 29.599479906 18.233714797 1.513993756 0.635401327 0.055399722 0.102740783 0.763308820
10055.850265666 29.598825106 18.232444896 1.512916145 0.635760364 0.055966999 0.104235693 0.762765609
10055.883598999 29.598735517 18.231621269 1.512742706 0.635997138 0.056022033 0.104881948 0.762475540
10055.916932333 29.597762989 18.231124410 1.512221532 0.636421583 0.055653868 0.105447531 0.762070229
10055.950265666 29.597352705 18.230493080 1.511694170 0.636806817 0.055050303 0.105442718 0.761792869
10055.983598999 29.597323101 18.230167927 1.511517201 0.636995453 0.054694881 0.105294482 0.761681256
10056.016932332 29.597190832 18.229730073 1.511036589 0.637392265 0.054032615 0.104831055 0.761460456
10056.050265666 29.597285485 18.229569273 1.510718892 0.637728977 0.053599157 0.104301129 0.761281916
10056.083598999 29.597534408 18.229426107 1.510518055 0.637977246 0.053406242 0.103843385 0.761150024
10056.116932332 29.597900230 18.229281233 1.510530066 0.638218714 0.053205864 0.103228742 0.761045226
10056.150265666 29.598450296 18.229139466 1.510629985 0.638511416 0.052839458 0.102295685 0.760951218
10056.183598999 29.598878729 18.228752740 1.510672038 0.638855371 0.052231370 0.101031308 0.760873428
10056.216932332 29.598929878 18.228500158 1.510734433 0.639075512 0.051685917 0.100085367 0.760850823
10056.250265666 29.599390006 18.227972424 1.511033234 0.639376183 0.050602957 0.098391178 0.760891986
10056.283598999 29.599938456 18.227630606 1.511337899 0.639663542 0.049331855 0.096520638 0.760973513
10056.316932332 29.600501505 18.227410699 1.511603421 0.639826841 0.048353029 0.095060309 0.761082870
10056.350265666 29.601014164 18.227656621 1.511953025 0.639953800 0.047017139 0.092989092 0.761315671
10056.383598999 29.601875345 18.228233769 1.512338316 0.640041563 0.045648174 0.090657826 0.761606329
10056.416932332 29.602455076 18.228636563 1.512664743 0.640030096 0.044768913 0.089061244 0.761856493
10056.450265666 29.603739155 18.230068635 1.512916971 0.639954894 0.043662798 0.086670041 0.762259535
10056.483598999 29.604809080 18.231486525 1.513109440 0.639810002 0.042432602 0.084124093 0.762735716
10056.516932332 29.605483914 18.232517634 1.513325505 0.639661909 0.041851660 0.082788734 0.763038077
10056.550265666 29.606598356 18.234588847 1.513515752 0.639391816 0.040607887 0.079862751 0.763643272
10056.583598999 29.607778650 18.236782901 1.513561244 0.639077149 0.039466267 0.076971432 0.764263181
10056.616932332 29.608366512 18.238135497 1.513679000 0.638857379 0.038720784 0.075096606 0.764671466
10056.650265666 29.609401966 18.240040359 1.513859224 0.638555901 0.037656310 0.072540349 0.765223014
10056.683598999 29.610432296 18.242186911 1.513985236 0.638258942 0.036169280 0.069481398 0.765826117
10056.716932332 29.610787408 18.243232214 1.514341451 0.638056164 0.035298573 0.067851063 0.766181816
10056.750265666 29.611385889 18.245274047 1.514870839 0.637747712 0.033690962 0.064748775 0.766779219
10056.783598999 29.612089730 18.246909467 1.515330241 0.637428526 0.032343314 0.062104840 0.767321167
10056.816932332 29.612518859 18.248161259 1.515602643 0.637152356 0.031466513 0.060414824 0.767721813
10056.850265666 29.613093241 18.249904076 1.515839792 0.636778109 0.030215583 0.057960439 0.768271596
10056.883598999 29.613539824 18.251406418 1.516108195 0.636483698 0.028219597 0.055026626 0.768807016
10056.916932332 29.613450116 18.252494890 1.516592985 0.636347489 0.025924726 0.052348883 0.769187478
10056.950265666 29.613077849 18.254356089 1.517587051 0.636235810 0.021702445 0.047942088 0.769697703
10056.983598999 29.612238699 18.255775982 1.519375566 0.636296406 0.016236700 0.042666029 0.770092762
10057.016932332 29.611166291 18.256960803 1.520896086 0.636364563 0.012271776 0.038930821 0.770307690
10057.050265666 29.609631612 18.258052202 1.523111483 0.636507058 0.007598972 0.034274396 0.770471471
10057.083598999 29.608422539 18.258091608 1.525534240 0.636629455 0.003763323 0.030275723 0.770566126
10057.116932332 29.607744180 18.258412903 1.526770254 0.636672863 0.001952746 0.028195761 0.770615891
10057.150265666 29.607443943 18.258334265 1.528371761 0.636667479 0.000184475 0.025469601 0.770717709
10057.183598999 29.608067761 18.257970692 1.529529934 0.636631675 -0.000979804 0.023214972 0.770817887
10057.216932332 29.609096208 18.257474289 1.529927190 0.636601586 -0.001678758 0.021618397 0.770887961
10057.250265666 29.610428019 18.256480119 1.530130529 0.636593891 -0.002725579 0.019482593 0.770948258
10057.283598999 29.612596186 18.254162146 1.529366431 0.636651878 -0.004520034 0.016160002 0.770968748
10057.316932332 29.614153276 18.252173968 1.528455773 0.636756574 -0.005573106 0.014173891 0.770914461
10057.350265666 29.615675113 18.249233511 1.526911127 0.636974889 -0.006572974 0.011958004 0.770763772
10057.383598999 29.617399669 18.244502107 1.524912634 0.637357985 -0.007256933 0.009775818 0.770471654
10057.416932332 29.618074550 18.240831346 1.523856654 0.637732118 -0.007429993 0.008675223 0.770173540
10057.450265666 29.618387219 18.235029773 1.523301609 0.638495244 -0.007512672 0.007516434 0.769552394
10057.483598999 29.617854933 18.228400310 1.524132961 0.639536749 -0.007519077 0.006683389 0.768694700
10057.516932332 29.616827879 18.223486386 1.525419100 0.640369140 -0.007290818 0.006469971 0.768005435
10057.550265666 29.615211490 18.217780369 1.527418813 0.641437794 -0.006795927 0.006624227 0.767116348
10057.583598999 29.611683863 18.208766212 1.530623475 0.643068050 -0.005824329 0.007266739 0.765752411
10057.616932332 29.609345619 18.202937708 1.531943293 0.644094276 -0.005053556 0.008016069 0.764887421
10057.650265666 29.604915884 18.193930888 1.533617146 0.645558398 -0.003477030 0.009295242 0.763646425
10057.683598999 29.599508700 18.184087805 1.534462172 0.647024195 -0.001678809 0.010638793 0.762393395
10057.716932332 29.595316980 18.176725303 1.534138181 0.648045473 -0.000641564 0.011337729 0.761516979
10057.750265666 29.588092517 18.165623409 1.532901880 0.649565301 -0.000134932 0.011487352 0.760219010
10057.783598999 29.579945078 18.154355236 1.530704548 0.651093323 -0.001043729 0.010440129 0.758925160
10057.816932332 29.572968103 18.145459267 1.528473715 0.652243057 -0.002768835 0.008818352 0.757953538
10057.850265666 29.562055140 18.132693134 1.524928315 0.653830725 -0.006234562 0.005550667 0.756594807
10057.883598999 29.550006302 18.119174614 1.521054234 0.655381303 -0.009817552 0.001892444 0.755232005
10057.916932332 29.540727083 18.108924778 1.518404466 0.656418729 -0.011855490 -0.000352967 0.754303504
10057.950265666 29.526873118 18.095093559 1.515059491 0.657823739 -0.013220805 -0.002702182 0.753051019
10057.983598999 29.511733678 18.079429666 1.512384714 0.659118855 -0.012814703 -0.003917707 0.751919390
10058.016932332 29.501361540 18.068012912 1.511130905 0.659892389 -0.011586528 -0.004165043 0.751259236
10058.050265666 29.485252258 18.051597509 1.510331017 0.660932171 -0.010116996 -0.004414679 0.750364459
10058.083598999 29.468119623 18.036573010 1.509523035 0.661744199 -0.010289214 -0.005839759 0.749636341
10058.116932332 29.455171206 18.026187997 1.509616300 0.662121150 -0.011906274 -0.007811913 0.749261501
10058.150265666 29.436315600 18.012987042 1.510010039 0.662440041 -0.016151893 -0.011965859 0.748845195
10058.183598999 29.415959939 18.000825236 1.510636629 0.662336714 -0.022201556 -0.017332319 0.748676672
10058.216932332 29.401378519 17.993583242 1.511203248 0.661979464 -0.026628432 -0.021265968 0.748746870
10058.250265666 29.382353630 17.983672042 1.511093272 0.661312807 -0.032287247 -0.026518042 0.748945724
10058.283598999 29.364663339 17.973829612 1.510004820 0.660177309 -0.037494506 -0.031622019 0.749506591
10058.316932332 29.353684676 17.967175098 1.509051029 0.659197629 -0.040854383 -0.035063069 0.750039990
10058.350265666 29.339610381 17.958379911 1.507614046 0.657835179 -0.045410920 -0.039741142 0.750740546
10058.383598999 29.325825366 17.947402895 1.506035108 0.656317320 -0.050065230 -0.044227103 0.751521797
10058.416932332 29.315928856 17.938406278 1.505398186 0.655250796 -0.052739099 -0.046663107 0.752122022
10058.450265666 29.303582089 17.926029803 1.504381250 0.654007146 -0.055377098 -0.048773968 0.752880555
10058.483598999 29.292393884 17.909956822 1.502516202 0.652976505 -0.056421931 -0.048778955 0.753696798
10058.516932332 29.285745140 17.898257336 1.500869312 0.652490217 -0.056032741 -0.047558570 0.754224788
10058.550265666 29.274585266 17.876123528 1.499406722 0.652053132 -0.053679895 -0.044048771 0.754986680
10058.583598999 29.264419214 17.853088682 1.497198531 0.651800045 -0.050273188 -0.039201167 0.755706673
10058.616932332 29.257071789 17.834738221 1.495054798 0.651772253 -0.047429938 -0.035114399 0.756115276
10058.650265666 29.247778711 17.807051519 1.491388130 0.651861201 -0.043910350 -0.029820997 0.756478396
10058.683598999 29.241419567 17.781761581 1.487073152 0.652140899 -0.041263219 -0.025345782 0.756549526
10058.716932332 29.234790034 17.753948948 1.482260093 0.652345342 -0.039170286 -0.021345309 0.756607970
10058.750265666 29.228931330 17.718074545 1.477383366 0.652692897 -0.037230054 -0.017412815 0.756506906
10058.783598999 29.222607629 17.680684387 1.470124436 0.653222724 -0.035824662 -0.013338277 0.756200209
10058.816932332 29.216929637 17.651063812 1.465641620 0.653624651 -0.034688704 -0.010534552 0.755950086
10058.850265666 29.211504203 17.610551482 1.459253682 0.654210326 -0.033293303 -0.006590444 0.755550773
10058.883598999 29.206997620 17.574274075 1.454330438 0.654677381 -0.032224314 -0.003449267 0.755213363
10058.916932332 29.203199411 17.534398405 1.450870239 0.655231259 -0.031577417 -0.000156000 0.754768070
10058.950265666 29.198340483 17.494687971 1.449500736 0.655785502 -0.031482588 0.002935234 0.754284831
10058.983598999 29.193795551 17.441418197 1.451155007 0.656375993 -0.031541537 0.006762487 0.753743959
10059.016932332 29.191638081 17.411523028 1.453024658 0.656644025 -0.030992206 0.009484857 0.753503912
10059.050265666 29.187806884 17.365149751 1.458430825 0.656598952 -0.027962798 0.015342617 0.753565194
10059.083598999 29.184012494 17.321491408 1.465445889 0.655832376 -0.021575478 0.023573325 0.754229867
10059.116932332 29.182905408 17.292154278 1.469293151 0.654991497 -0.015502461 0.030422254 0.754864424
10059.150265666 29.182117148 17.253942748 1.475884896 0.653072737 -0.004956408 0.041512514 0.756140295
10059.183598999 29.180989953 17.216630691 1.481963706 0.650611932 0.005772794 0.052384968 0.757579437
10059.216932332 29.182110361 17.190399670 1.487463111 0.648550700 0.012741412 0.059617100 0.758726201
10059.250265666 29.179254642 17.154975132 1.492385055 0.645615308 0.019703303 0.067646194 0.760405581
10059.283598999 29.175512003 17.119420336 1.496324798 0.642372789 0.024137440 0.073735761 0.762454997
10059.316932332 29.174322770 17.093489711 1.498003342 0.640164403 0.025598158 0.076932243 0.763947447
10059.350265666 29.170244091 17.061708355 1.498942131 0.637168795 0.025634157 0.079959540 0.766136599
10059.383598999 29.168310326 17.032026335 1.499358344 0.634619478 0.024800511 0.082295674 0.768030256
10059.416932332 29.162281449 17.002110411 1.497929446 0.632082061 0.023283923 0.083936476 0.769990126
10059.450265666 29.152022457 16.963097518 1.495913603 0.628852024 0.021984104 0.086346055 0.772402868
10059.483598999 29.141523622 16.922178328 1.492837195 0.625289603 0.021979732 0.090179205 0.774853221
10059.516932332 29.131295657 16.893190170 1.491396565 0.622745944 0.023244816 0.093430267 0.776477915
10059.550265666 29.118761498 16.855891788 1.488856774 0.618885232 0.026387165 0.098723563 0.778805782
10059.583598999 29.106973673 16.822570944 1.485457700 0.615284483 0.029572914 0.104004961 0.780854286
10059.616932332 29.094575585 16.789613079 1.483832205 0.611833203 0.032901409 0.108795697 0.782777826
10059.650265666 29.078964023 16.750255471 1.483124581 0.607732782 0.036429760 0.113708189 0.785114123
10059.683598999 29.062257976 16.708282576 1.483789874 0.603544239 0.039287796 0.118017576 0.787567567
10059.716932332 29.050029384 16.675449630 1.485193307 0.600802366 0.040701579 0.120417619 0.789227151
10059.750265666 29.032920999 16.636501067 1.488709553 0.597291480 0.040332143 0.121816978 0.791692383
10059.783598999 29.016779647 16.596258421 1.492325881 0.593911679 0.036526832 0.120660825 0.794591513
10059.816932332 29.005603234 16.569537218 1.495351225 0.591979722 0.032116794 0.118254181 0.796582996
10059.850265666 28.991867736 16.535363685 1.499818248 0.589527449 0.023325971 0.112681881 0.799509900
10059.883598999 28.979816161 16.502423823 1.505445326 0.587285844 0.012740696 0.105306360 0.802398643
10059.916932332 28.968986787 16.481693070 1.509272930 0.585749078 0.005068335 0.099666549 0.804325126
10059.950265666 28.958764594 16.454179904 1.514106159 0.583519264 -0.005040383 0.091863927 0.806871044
10059.983598999 28.949126109 16.429024764 1.517563426 0.581011519 -0.012421739 0.085131174 0.809335529
10060.016932332 28.941184535 16.412875030 1.518853978 0.579278995 -0.015404457 0.081197175 0.810928830
10060.050265666 28.932256657 16.388512226 1.520722206 0.576449196 -0.016690421 0.076563028 0.813366988
10060.083598999 28.924138382 16.361769163 1.520510898 0.573905450 -0.016423395 0.072044371 0.815581029
10060.116932332 28.917491676 16.341891531 1.519164533 0.572360833 -0.016683250 0.067973321 0.817009409
10060.150265666 28.908863746 16.316432227 1.516558955 0.570775843 -0.019759603 0.060037393 0.818669657
10060.183598999 28.898730175 16.289975104 1.512992163 0.569883857 -0.027712306 0.048354124 0.819833090
10060.216932332 28.894258143 16.269872362 1.509589672 0.569619295 -0.036041806 0.037975539 0.820239419
10060.250265666 28.886664525 16.245965818 1.505378655 0.569398250 -0.049550768 0.022289611 0.820264304
10060.283598999 28.877218314 16.222633864 1.501110737 0.569275833 -0.063266746 0.005592713 0.819689616
10060.316932332 28.867686278 16.210223537 1.497984239 0.568973722 -0.071748571 -0.005580714 0.819200770
10060.350265666 28.855034692 16.188107934 1.494476514 0.568618583 -0.082527456 -0.022512444 0.818141379
10060.383598999 28.841169190 16.170353956 1.491217993 0.568409827 -0.091716546 -0.038556298 0.816707877
10060.416932332 28.831762922 16.157774381 1.490267276 0.568337041 -0.098469677 -0.050885888 0.815295871
10060.450265666 28.822833946 16.138649959 1.491642472 0.568243723 -0.108125822 -0.067770421 0.812905313
10060.483598999 28.811532344 16.118030233 1.497277781 0.567973992 -0.118601426 -0.085880177 0.809915947
10060.516932332 28.801637133 16.099508981 1.501526869 0.567600732 -0.129558425 -0.104530574 0.806298569
10060.550265666 28.794317761 16.085731740 1.504997884 0.567226576 -0.137487099 -0.118086750 0.803372161
10060.583598999 28.783078137 16.069428949 1.509166787 0.566958802 -0.146561407 -0.134635882 0.799343887
10060.616932332 28.772505424 16.054298623 1.513516944 0.566697653 -0.155652482 -0.151091378 0.794856887
10060.650265666 28.763216260 16.042295864 1.515724271 0.566383523 -0.163056513 -0.163747879 0.791080850
10060.683598999 28.749199039 16.028664245 1.517351717 0.565380510 -0.173580195 -0.179991049 0.786014006
10060.716932332 28.734519458 16.011721915 1.515789570 0.563865701 -0.185712508 -0.195830432 0.780523400
10060.750265666 28.722917246 16.000187625 1.515205978 0.562158726 -0.195973836 -0.208345578 0.775992231
10060.783598999 28.705592050 15.988641884 1.512338191 0.559171535 -0.209644279 -0.223681268 0.770287713
10060.816932332 28.684423706 15.977235728 1.506939049 0.555606479 -0.224500175 -0.238732709 0.764138604
10060.850265666 28.666050132 15.970003266 1.501828771 0.552762341 -0.235320671 -0.249031097 0.759645634
10060.883598999 28.641748986 15.964984577 1.495208338 0.549422592 -0.247227848 -0.259954994 0.754610236
10060.916932332 28.609662098 15.955813289 1.487380005 0.546026642 -0.258367012 -0.270661419 0.749562399
10060.950265666 28.584916348 15.950452896 1.481326477 0.544194814 -0.264306048 -0.276650886 0.746631505
10060.983598999 28.549552444 15.938325882 1.473118315 0.542753841 -0.269113210 -0.282070125 0.743930637
10061.016932332 28.510775059 15.931188704 1.465824980 0.542317269 -0.270278828 -0.285492483 0.742519614
10061.050265666 28.480379757 15.925032270 1.460710024 0.542284789 -0.270032398 -0.287309926 0.741931748
10061.083598999 28.437173844 15.915463994 1.455230747 0.542066288 -0.269445430 -0.289630142 0.741402509
10061.116932332 28.393367808 15.907246349 1.450553867 0.541214076 -0.270198007 -0.292933160 0.740452919
10061.150265666 28.362038872 15.902624802 1.447706192 0.540023145 -0.272241054 -0.296304804 0.739231543
10061.183598999 28.319102995 15.896307617 1.446988081 0.537639784 -0.276185862 -0.301480741 0.737410466
10061.216932332 28.273504003 15.890055758 1.449725249 0.534823072 -0.280181547 -0.307131776 0.735617193
10061.250265666 28.243043101 15.886437542 1.454266236 0.532831589 -0.282298702 -0.311223816 0.734532285
10061.283598999 28.201540125 15.880726575 1.460979721 0.530953109 -0.283464359 -0.315280578 0.733713098
10061.316932332 28.161903515 15.872776434 1.469312193 0.529679852 -0.283276352 -0.318549512 0.733293919
10061.350265666 28.135582342 15.866413329 1.476403745 0.528898798 -0.282743164 -0.320551213 0.733191165
10061.383598999 28.098359837 15.855820435 1.485855929 0.527960552 -0.281455583 -0.323311690 0.733150708
10061.416932332 28.061467031 15.844605590 1.495484363 0.527317316 -0.279633386 -0.325586669 0.733304125
10061.450265666 28.035267259 15.836569771 1.500619891 0.527236748 -0.277614387 -0.326770186 0.733602691
10061.483598999 28.001302416 15.823609937 1.506302423 0.527827268 -0.273848369 -0.327333385 0.734342087
10061.516932332 27.966346647 15.810246219 1.508761123 0.528771166 -0.269048348 -0.327493241 0.735365364
10061.550265666 27.938112335 15.799450153 1.509449641 0.529390076 -0.265545335 -0.327624673 0.736134428
10061.583598999 27.903520531 15.786611696 1.507843587 0.529782916 -0.262092518 -0.328366038 0.736758657
10061.616932332 27.865521084 15.771262390 1.505276707 0.529332656 -0.260147934 -0.330399671 0.736862300
10061.650265666 27.838227367 15.761745633 1.501312174 0.528339968 -0.260203496 -0.332856081 0.736449488
10061.683598999 27.802673760 15.749632415 1.495428153 0.526387844 -0.261787952 -0.336939254 0.735428341
10061.716932332 27.764332902 15.736662563 1.489783199 0.523750019 -0.264487331 -0.341956237 0.734028815
10061.750265666 27.735474882 15.727578979 1.485709717 0.521362760 -0.267004543 -0.346232376 0.732811427
10061.783598999 27.697924032 15.717799496 1.482266183 0.517651109 -0.271877335 -0.352484394 0.730667364
10061.816932332 27.658944271 15.708896442 1.480923833 0.512731955 -0.279204734 -0.360258211 0.727574518
10061.850265666 27.630162253 15.707016541 1.481992985 0.508207186 -0.286495517 -0.367002732 0.724537625
10061.883598999 27.591611827 15.703369174 1.486126379 0.501137740 -0.298162438 -0.377112693 0.719545789
10061.916932332 27.551960946 15.701216984 1.492348236 0.492638885 -0.312282053 -0.388928787 0.713106757
10061.950265666 27.524923591 15.699799529 1.496492241 0.486451929 -0.322137815 -0.397256739 0.708363489
10061.983598999 27.493490227 15.700197150 1.503199958 0.479161014 -0.332929998 -0.407400689 0.702557484
10062.016932332 27.461129837 15.701364662 1.509187019 0.472851942 -0.341705613 -0.417169982 0.696862627
10062.050265666 27.440039034 15.701223850 1.513265989 0.468740405 -0.347116375 -0.424023995 0.692817657
10062.083598999 27.412770877 15.700416066 1.517593243 0.464107135 -0.353302614 -0.432298890 0.687676886
10062.116932332 27.390000802 15.697860430 1.520304701 0.459745029 -0.359101739 -0.439999958 0.682700876
10062.150265666 27.366061233 15.697645862 1.521065981 0.454650555 -0.365929631 -0.448888976 0.676673529
10062.183598999 27.337757803 15.697806661 1.520645961 0.448197209 -0.374542327 -0.459429515 0.669150079
10062.216932332 27.307197219 15.699465474 1.518042272 0.440827437 -0.384654535 -0.470588251 0.660498870
10062.250265666 27.286253563 15.703074111 1.513818186 0.434857411 -0.392592263 -0.479290717 0.653491206
10062.283598999 27.258971761 15.710266160 1.507436132 0.427200464 -0.402537744 -0.489965271 0.644513119
10062.316932332 27.228234658 15.721520278 1.499449170 0.419279019 -0.412464295 -0.500997729 0.634885490
10062.350265666 27.206716902 15.731607302 1.492314446 0.413988170 -0.419024428 -0.508516211 0.628047440
10062.383598999 27.178529756 15.745317670 1.483046640 0.408676849 -0.425403933 -0.516642416 0.620560506
10062.416932332 27.148761924 15.763860587 1.473201963 0.404217593 -0.430611381 -0.524477542 0.613274232
10062.450265666 27.125483108 15.776182006 1.466080664 0.400953831 -0.434312218 -0.530250679 0.607818344
10062.483598999 27.095303131 15.796491638 1.458538357 0.395709321 -0.440045333 -0.538215855 0.600081604
10062.516932332 27.062335595 15.816760214 1.452399750 0.388205918 -0.448736395 -0.547466622 0.590095002
10062.550265666 27.041671339 15.829052290 1.450074755 0.382208843 -0.455368188 -0.553871108 0.582909092
10062.583598999 27.007344261 15.852741727 1.448660808 0.370861496 -0.467913924 -0.564895949 0.569570784
10062.616932332 26.974479254 15.876578358 1.449659352 0.359864213 -0.479490434 -0.575415451 0.556312620
10062.650265666 26.950049235 15.892813351 1.451434256 0.352812203 -0.486648623 -0.582481249 0.547185766
10062.683598999 26.920368324 15.908389901 1.453120013 0.346347852 -0.492832760 -0.590404826 0.537197522
10062.716932332 26.890097376 15.921798606 1.455860875 0.341048114 -0.497608231 -0.598485701 0.527149977
10062.750265666 26.867570222 15.930086427 1.458540422 0.337377795 -0.500840875 -0.604481068 0.519554887
10062.783598999 26.839345909 15.938997683 1.462701370 0.332601553 -0.505157093 -0.611821793 0.509771137
10062.816932332 26.808413655 15.949238271 1.468262916 -0.327051807 0.510090524 0.619992874 -0.498451211
10062.850265666 26.785492081 15.957520489 1.471957143 -0.322930144 0.513830349 0.625672204 -0.490131399
10062.883598999 26.758184145 15.969314647 1.474438806 -0.318096673 0.518234033 0.632631922 -0.479609054
10062.916932332 26.728986554 15.983132043 1.475566248 -0.313513221 0.522452296 0.639708587 -0.468535999
10062.950265666 26.706385433 15.994392842 1.474759581 -0.310172820 0.525448551 0.644944794 -0.460155250
10062.983598999 26.678031666 16.008402812 1.471926429 -0.305682765 0.529379569 0.651182620 -0.449751613
10063.016932332 26.644601207 16.026172863 1.467715839 -0.299354770 0.534365470 0.658760286 -0.436892609
10063.050265666 26.619617466 16.039960407 1.465135671 -0.293822978 0.538580502 0.664183870 -0.427152065
10063.083598999 26.588247068 16.058230315 1.459769938 -0.286369426 0.544028637 0.670805984 -0.414782746
10063.116932332 26.554525021 16.079742030 1.455417692 -0.279669429 0.548793517 0.677136101 -0.402613199
10063.150265666 26.527892752 16.095835993 1.452316972 -0.275519133 0.551782030 0.681342644 -0.394205529
10063.183598999 26.494576396 16.115564702 1.448914884 -0.271057363 0.554969174 0.686092275 -0.384466530
10063.216932332 26.457679710 16.140159152 1.448526919 -0.265141779 0.559228227 0.690908445 -0.373643077
10063.250265666 26.429923699 16.160347754 1.449018928 -0.259282684 0.563094039 0.694651157 -0.364907335
10063.283598999 26.395837482 16.185694884 1.451292713 -0.250622688 0.568094665 0.699527783 -0.353719665
10063.316932332 26.370576606 16.206799777 1.453623563 -0.243685210 0.571782876 0.703213655 -0.345213581
10063.350265666 26.342631358 16.227561202 1.456731869 -0.237284700 0.574797897 0.706749762 -0.337354595
10063.383598999 26.305836968 16.254812493 1.462339122 -0.231838168 0.576721575 0.710679129 -0.329512465
10063.416932332 26.277090628 16.278459468 1.468642378 -0.231202818 0.575779976 0.713111393 -0.326335436
10063.450265666 26.255022170 16.292862379 1.472712744 -0.233405199 0.573699536 0.714150692 -0.326158924
10063.483598999 26.228641773 16.310396175 1.476284737 -0.237973999 0.569869143 0.715057240 -0.327583087
10063.516932332 26.201145079 16.327933476 1.481268207 -0.242614636 0.565779164 0.715892766 -0.329438345
10063.550265666 26.181398304 16.342066302 1.485393239 -0.245577917 0.562466140 0.716664618 -0.331232778
10063.583598999 26.156314534 16.360159359 1.489232341 -0.247351079 0.558950849 0.718131281 -0.332684317
10063.616932332 26.132594097 16.382222541 1.492117456 -0.247077708 0.555612388 0.720284893 -0.333822038
10063.650265666 26.112707100 16.398694208 1.493363038 -0.246001801 0.553316207 0.722151341 -0.334397561
10063.683598999 26.086933839 16.419706343 1.492350814 -0.243829313 0.550559138 0.724758733 -0.334898015
10063.716932332 26.059406636 16.445587335 1.491027134 -0.240898832 0.547554981 0.727516686 -0.335962447
10063.750265666 26.043756395 16.459062152 1.487844884 -0.239449368 0.545516382 0.729100758 -0.336879744
10063.783598999 26.014621473 16.484256939 1.479466690 -0.238045658 0.540763093 0.731838388 -0.339591100
10063.816932332 25.984990903 16.511030948 1.471070467 -0.238515990 0.534813872 0.733905345 -0.344190629
10063.850265666 25.965204635 16.533149349 1.464457188 -0.240635552 0.529507313 0.734793629 -0.348991202
10063.883598999 25.938792947 16.559604132 1.455571335 -0.245732712 0.521632448 0.735251202 -0.356259306
10063.916932332 25.905877445 16.589393579 1.447424838 -0.252573698 0.512014070 0.735129506 -0.365558106
10063.950265666 25.880602632 16.612079395 1.442690323 -0.258082128 0.504406210 0.734705129 -0.373063485
10063.983598999 25.848334140 16.640962795 1.439699009 -0.265585098 0.494674561 0.733714638 -0.382654497
10064.016932332 25.814779479 16.669865264 1.438442015 -0.274629372 0.483234071 0.731909932 -0.394171780
10064.050265666 25.787041428 16.692508648 1.439743583 -0.281829778 0.474271236 0.730066407 -0.403288745
10064.083598999 25.753741950 16.718633790 1.442421700 -0.291884253 0.462856414 0.726965211 -0.414836238
10064.116932332 25.714831993 16.746566987 1.445723689 -0.304365854 0.449311428 0.722542405 -0.428267603
10064.150265666 25.684712000 16.767286562 1.450204082 -0.314199386 0.439097987 0.718485843 -0.438462995
10064.183598999 25.645358858 16.792154575 1.455184217 -0.327257981 0.425839592 0.712800619 -0.451085505
10064.216932332 25.603820919 16.815512549 1.459354160 -0.341034799 0.411669441 0.706154194 -0.464294940
10064.250265666 25.572040383 16.834275046 1.462779224 -0.350252219 0.401728900 0.701158441 -0.473618111
10064.283598999 25.533930017 16.854760172 1.466233696 -0.359166735 0.391281316 0.695633954 -0.483726773
10064.316932332 25.492856340 16.875780205 1.468809668 -0.366006599 0.382011616 0.690376682 -0.493443341
10064.350265666 25.460668832 16.890061952 1.469116629 0.369628245 -0.375953671 -0.686931356 0.500159085
10064.383598999 25.421516120 16.905916870 1.468167125 0.371793260 -0.370400946 -0.683604548 0.507205809
10064.416932332 25.378220230 16.920950649 1.466660183 0.373004731 -0.365467023 -0.680113800 0.514535270
10064.450265666 25.343487304 16.931551930 1.465209685 0.373729993 -0.361964537 -0.677297936 0.520168312
10064.483598999 25.299190124 16.944162939 1.463563492 0.375167862 -0.357494998 -0.673339870 0.527313780
10064.516932332 25.250430188 16.956676681 1.462687697 0.377345290 -0.352488766 -0.668452564 0.535288119
10064.550265666 25.211303015 16.966058128 1.462891170 0.379557018 -0.348634514 -0.664410869 0.541247303
10064.583598999 25.163712889 16.976720813 1.463869695 0.382676206 -0.344162386 -0.659007296 0.548471109
10064.616932332 25.110897170 16.988607523 1.465931435 0.385708919 -0.339781462 -0.652994782 0.556214889
10064.650265666 25.070975452 16.996599296 1.468359513 0.387967049 -0.336492045 -0.648315309 0.562087122
10064.683598999 25.023706582 17.006099512 1.471576968 0.390851180 -0.332683197 -0.642200440 0.569329290
10064.716932332 24.973750667 17.014651872 1.476116834 0.394574186 -0.327762753 -0.635113065 0.577506868
10064.750265666 24.935992436 17.019997445 1.479625652 0.398358727 -0.322925644 -0.629186852 0.584083263
10064.783598999 24.892445219 17.024788430 1.483584264 0.404190534 -0.315381123 -0.621042973 0.592849379
10064.816932332 24.852551898 17.028376546 1.486870827 0.410482832 -0.307210419 -0.612904013 0.601227307
10064.850265666 24.813147090 17.031897395 1.490147309 0.416899539 -0.298144592 -0.604274331 0.610046810
10064.883598999 24.769132371 17.035565818 1.492830753 0.422996235 -0.288110441 -0.594482571 0.620207250
10064.916932332 24.726456645 17.038318548 1.494421836 0.427330665 -0.279215718 -0.585446198 0.629825241
10064.950265666 24.680646683 17.042336415 1.494058183 0.429592842 -0.271329198 -0.576931638 0.639515709
10064.983598999 24.645312019 17.045413660 1.492143007 0.429930184 -0.266375596 -0.570948691 0.646700603
10065.016932332 24.601141561 17.049059059 1.487619176 0.428318990 -0.262123196 -0.564732679 0.654913181
10065.050265666 24.552973979 17.053336670 1.481849679 0.425097180 -0.258943287 -0.558844952 0.663274514
10065.083598999 24.515259369 17.058248995 1.476883397 0.421361451 -0.257513965 -0.554742479 0.669628156
10065.116932332 24.468703504 17.064815639 1.471302652 0.416363173 -0.256516832 -0.549915499 0.677077371
10065.150265666 24.415734407 17.072215547 1.466307931 0.411330512 -0.255302781 -0.544106179 0.685256277
10065.183598999 24.375804981 17.077080806 1.463377757 0.408209184 -0.253995177 -0.539260485 0.691411485
10065.216932332 24.324802043 17.084229996 1.462793336 0.405175978 -0.252127483 -0.533144967 0.698584715
10065.250265666 24.266118289 17.090238603 1.463363412 0.402304197 -0.249607113 -0.525224559 0.707097436
10065.283598999 24.220045671 17.093361876 1.464462105 0.400723593 -0.247223456 -0.518684584 0.713629783
10065.316932332 24.167926362 17.095181498 1.466467414 0.399695107 -0.243692927 -0.510535974 0.721256264
10065.350265666 24.108419754 17.095882618 1.470138616 0.399767435 -0.238609809 -0.500701379 0.729759882
10065.383598999 24.063209763 17.094034464 1.473517726 0.400685992 -0.233705803 -0.492427744 0.736442293
10065.416932332 24.010375305 17.089703574 1.477733727 0.402715337 -0.226956149 -0.482081681 0.744250305
10065.450265666 23.953642307 17.082712016 1.482686823 0.405383875 -0.219227246 -0.470392933 0.752551538
10065.483598999 23.909340321 17.075333856 1.486527469 0.407785954 -0.212784973 -0.460681180 0.759082355
10065.516932332 23.856150076 17.066360747 1.489784500 0.410907841 -0.205076919 -0.448978950 0.766495992
10065.550265666 23.800315624 17.053726510 1.492900539 0.415094782 -0.195961686 -0.435490665 0.774366335
10065.583598999 23.757525905 17.041164230 1.493828510 0.418581175 -0.188643911 -0.424651140 0.780304225
10065.616932332 23.705090257 17.026412518 1.493220028 0.422467274 -0.180931942 -0.412302404 0.786633182
10065.650265666 23.647938742 17.008683029 1.493057832 0.426324249 -0.173817383 -0.399205801 0.792887054
10065.683598999 23.602131940 16.994146904 1.492867357 0.429263181 -0.169056621 -0.389142304 0.797321295
10065.716932332 23.550115482 16.972644503 1.493854482 0.433294846 -0.163619209 -0.376873269 0.802153894
10065.750265666 23.495973557 16.948581653 1.497519497 0.438008915 -0.157386594 -0.363490745 0.807001938
10065.783598999 23.451148070 16.929679197 1.501216356 0.441996487 -0.152223540 -0.352617326 0.810634394
10065.816932332 23.395987672 16.908412881 1.506590910 0.446675146 -0.146391636 -0.339730983 0.814637136
10065.850265666 23.336018258 16.883564044 1.515952470 0.451778745 -0.141103116 -0.325837574 0.818422721
10065.883598999 23.289851876 16.862104024 1.524578423 0.455774906 -0.137873039 -0.314859353 0.821050454
10065.916932332 23.234045192 16.839059835 1.536088407 0.460596838 -0.134503170 -0.301895347 0.823783133
10065.950265666 23.174737607 16.815341029 1.550320137 0.465866815 -0.130826173 -0.287863995 0.826430241
10065.983598999 23.128160934 16.797716231 1.560094509 0.469856968 -0.128288406 -0.277222771 0.828205319
10066.016932332 23.073209084 16.777796475 1.571296998 0.474700155 -0.126537427 -0.264667820 0.829818647
10066.050265666 23.013211953 16.756359823 1.583082365 0.479552392 -0.126825034 -0.251903669 0.830956952
10066.083598999 22.967960854 16.740565985 1.591033124 0.482834673 -0.128777804 -0.243116625 0.831373119
10066.116932332 22.914800909 16.721983949 1.597643840 0.486591246 -0.133207716 -0.233516626 0.831236819
10066.150265666 22.856749092 16.701491290 1.601489880 0.490490061 -0.138990671 -0.223668844 0.830706532
10066.183598999 22.811430906 16.686089663 1.602128997 0.493651347 -0.143403186 -0.216022838 0.830107226
10066.216932332 22.759591131 16.667623617 1.599727385 0.497744873 -0.147765033 -0.206614080 0.829292565
10066.250265666 22.702050024 16.648415598 1.594048836 0.502926339 -0.150793313 -0.195533997 0.828307268
10066.283598999 22.655594276 16.631394566 1.588413485 0.507278065 -0.151556278 -0.186096917 0.827688104
10066.316932332 22.602082169 16.613021980 1.581311682 0.512907026 -0.150014508 -0.174149657 0.827099708
10066.350265666 22.543145940 16.591224483 1.573504489 0.519604582 -0.146678934 -0.160496516 0.826279152
10066.383598999 22.496072178 16.574150184 1.568636130 0.524932286 -0.143861054 -0.149937826 0.825390054
10066.416932332 22.442326013 16.555215332 1.565140464 0.530487286 -0.142933107 -0.139246976 0.823871134
10066.450265666 22.378479061 16.532924213 1.564798446 0.536005582 -0.145434947 -0.130114714 0.821350628
10066.483598999 22.336021659 16.518840134 1.566566748 0.539196325 -0.148399748 -0.125555579 0.819439220
10066.516932332 22.274913481 16.496638863 1.572644502 0.543927192 -0.154299765 -0.120537711 0.815969027
10066.550265666 22.212594364 16.470034048 1.581548818 0.548552113 -0.158813583 -0.115699284 0.812700745
10066.583598999 22.161039347 16.445934877 1.589835264 0.553237088 -0.161376819 -0.111036466 0.809664838
10066.616932332 22.110990729 16.419748525 1.597785500 0.558749087 -0.162308899 -0.105422316 0.806437483
10066.650265666 22.058674870 16.390548482 1.604682325 0.564669893 -0.161709710 -0.099375625 0.803195099
10066.683598999 22.015820075 16.367194876 1.609249114 0.569265306 -0.160878566 -0.094862698 0.800659832
10066.716932332 21.970817284 16.340445563 1.614568771 0.574529144 -0.159247675 -0.090105905 0.797770247
10066.750265666 21.920356108 16.311088634 1.618569467 0.580199331 -0.157445389 -0.085595012 0.794514430
10066.783598999 21.886105047 16.291129901 1.621088163 0.584351859 -0.156440455 -0.082765017 0.791965429
10066.816932332 21.844643648 16.267858183 1.621869367 0.588950895 -0.155806370 -0.080757523 0.788884935
10066.850265666 21.796543986 16.242231693 1.620805442 0.593186561 -0.155885691 -0.079771886 0.785789922
10066.883598999 21.755835602 16.218151341 1.618577275 0.596838901 -0.156627825 -0.079955939 0.782852539
10066.916932332 21.709525311 16.190635850 1.614792589 0.600857258 -0.157881736 -0.081009381 0.779410927
10066.950265666 21.666167373 16.163390162 1.612993705 0.604307153 -0.158503264 -0.082263216 0.776480743
10066.983598999 21.626313075 16.138690562 1.611330418 0.607208964 -0.157988231 -0.083236132 0.774214918
10067.016932332 21.588088430 16.115127061 1.610249683 0.610021646 -0.154896154 -0.082960953 0.772656621
10067.050265666 21.545449699 16.089214422 1.611238787 0.613268452 -0.146580659 -0.080878004 0.771929184
10067.083598999 21.515552272 16.069716162 1.613036993 0.615569046 -0.138293592 -0.078744027 0.771847790
10067.116932332 21.484599889 16.049593160 1.616531928 0.617661340 -0.128937124 -0.077193930 0.771952579
10067.150265666 21.449837663 16.028286422 1.620797113 0.619247669 -0.121315970 -0.077779136 0.771858255
10067.183598999 21.426420222 16.012672866 1.623960306 0.619969496 -0.118389122 -0.080300074 0.771475041
10067.216932332 21.400355020 15.996567601 1.626543142 0.620142900 -0.119070407 -0.085266866 0.770697465
10067.250265666 21.370161690 15.980584056 1.628518140 0.619899844 -0.123113712 -0.091984134 0.769484319
10067.283598999 21.347309019 15.967473012 1.629425400 0.619432866 -0.128113093 -0.098043059 0.768295203
10067.316932332 21.318197980 15.954903104 1.628482244 0.618598135 -0.135463660 -0.105000892 0.766785992
10067.350265666 21.283796105 15.942758648 1.625184282 0.617757548 -0.143202124 -0.111339801 0.765161559
10067.383598999 21.253456478 15.934774155 1.621931603 0.617375671 -0.148077743 -0.114847621 0.764022439
10067.416932332 21.221348026 15.930400647 1.614791456 0.617408711 -0.151621766 -0.116444160 0.763058373
10067.450265666 21.185625636 15.926304912 1.604931665 0.617984808 -0.153246667 -0.115809284 0.762363723
10067.483598999 21.156952774 15.922849440 1.597110176 0.618891998 -0.152802402 -0.113695718 0.762035042
10067.516932332 21.121809967 15.920224671 1.588613026 0.620413446 -0.149988301 -0.108917507 0.762054881
10067.550265666 21.081234145 15.917494365 1.580913096 0.622551060 -0.144309021 -0.101423352 0.762442383
10067.583598999 21.045465861 15.914474631 1.576611109 0.624588331 -0.137783963 -0.093923845 0.762943843
10067.616932332 21.006892305 15.912174820 1.573463284 0.627069809 -0.128593896 -0.083988621 0.763670725
10067.650265666 20.962442196 15.907636570 1.572860592 0.629684598 -0.118003985 -0.072506961 0.764405068
10067.683598999 20.928918967 15.904803061 1.573308404 0.631495329 -0.110068542 -0.063364031 0.764907553
10067.716932332 20.892495213 15.905548388 1.574469843 0.632847882 -0.102411414 -0.053836616 0.765582836
10067.750265666 20.851785551 15.906949262 1.577231272 0.633494309 -0.095721321 -0.044656498 0.766503872
10067.783598999 20.819862543 15.907998635 1.579334824 0.633661004 -0.091974321 -0.038062084 0.767180379
10067.816932332 20.782819468 15.911412618 1.581485707 0.633511527 -0.089534747 -0.031955412 0.767870774
10067.850265666 20.740089188 15.916233967 1.584579628 0.633025359 -0.088986742 -0.026433216 0.768545080
10067.883598999 20.705807961 15.921382514 1.587587373 0.632467958 -0.090206750 -0.022989382 0.768972375
10067.916932332 20.665062094 15.928056612 1.590012770 0.631733438 -0.093102770 -0.019818842 0.769319148
10067.950265666 20.619487290 15.934740912 1.591821732 0.630884405 -0.096602545 -0.016918807 0.769653539
10067.983598999 20.581964023 15.940558655 1.591985704 0.630099652 -0.099043587 -0.014825121 0.770029228
10068.016932332 20.540890974 15.948191635 1.590794581 0.629031163 -0.100775927 -0.012861641 0.770713038
10068.050265666 20.493767729 15.958960887 1.587735177 0.627751177 -0.102917825 -0.011477975 0.771495066
10068.083598999 20.456092945 15.968977771 1.584013523 0.626727217 -0.105608588 -0.011362615 0.771965486
10068.116932332 20.413460219 15.976920960 1.579472120 0.625554464 -0.110506805 -0.013034097 0.772204617
10068.150265666 20.365179330 15.986721974 1.573894449 0.624310807 -0.118355701 -0.016861385 0.771973858
10068.183598999 20.324451057 15.996997209 1.569539265 0.623297917 -0.126340672 -0.021314416 0.771416513
10068.216932332 20.281609951 16.007730748 1.565604169 0.622179557 -0.135966473 -0.027287287 0.770494076
10068.250265666 20.227579222 16.020318333 1.561331271 0.620550502 -0.148364502 -0.035742968 0.769173250
10068.283598999 20.184575773 16.030483864 1.558730388 0.619018526 -0.157715969 -0.042845840 0.768183554
10068.316932332 20.143874682 16.040307688 1.558179993 0.617134400 -0.165145326 -0.049748191 0.767722132
10068.350265666 20.094673829 16.054605416 1.558807537 0.614382003 -0.173037101 -0.058708924 0.767558583
10068.383598999 20.055787417 16.067890693 1.560464498 0.611902894 -0.178909127 -0.066492405 0.767557902
10068.416932332 20.016406249 16.083835954 1.564262595 0.608692537 -0.185347093 -0.075831545 0.767717023
10068.450265666 19.973104240 16.104419016 1.569305602 0.604630280 -0.194217729 -0.087784573 0.767460467
10068.483598999 19.938156653 16.122902928 1.573853738 0.600865534 -0.203481067 -0.099032974 0.766647595
10068.516932332 19.901259554 16.144505779 1.578581869 0.595769665 -0.217195877 -0.113835137 0.764804562
10068.550265666 19.862842083 16.168354776 1.584199367 0.589098075 -0.234965608 -0.132209609 0.761757993
10068.583598999 19.832117213 16.187829843 1.588125516 0.582945039 -0.250276566 -0.148048490 0.758695174
10068.616932332 19.800353781 16.213699675 1.590507930 0.575218595 -0.267196525 -0.166255639 0.755042149
10068.650265666 19.766042243 16.240046300 1.590636489 0.566897772 -0.282884828 -0.184233334 0.751439398
10068.683598999 19.735192415 16.265629841 1.588530032 0.559149925 -0.295634982 -0.200183413 0.748249905
10068.716932332 19.700351555 16.296558987 1.583043544 0.550384949 -0.308306566 -0.217215989 0.744876288
10068.750265666 19.666820607 16.331832804 1.574590511 0.540643432 -0.321398119 -0.235062812 0.741048853
10068.783598999 19.645275968 16.361136364 1.566728263 0.532138337 -0.332268815 -0.249671906 0.737624677
10068.816932332 19.622088238 16.395478957 1.557111869 0.522261553 -0.344580909 -0.265725785 0.733414395
10068.850265666 19.594133114 16.433753050 1.547291529 0.511224815 -0.357695764 -0.282794236 0.728512422
10068.883598999 19.573942778 16.463242974 1.540850086 0.502826137 -0.367396318 -0.295456549 0.724493788
10068.916932332 19.550988950 16.496790128 1.535818349 0.493396223 -0.378391892 -0.309278377 0.719532229
10068.950265666 19.526135187 16.537035664 1.532283512 0.481954762 -0.392237200 -0.325290949 0.712780040
10068.983598999 19.506818432 16.569453673 1.531785419 0.472287345 -0.404221122 -0.338350626 0.706448018
10069.016932332 19.484268029 16.599875003 1.533021462 0.462015105 -0.416808696 -0.351953010 0.699243614
10069.050265666 19.461179069 16.634190881 1.536339006 0.451594139 -0.428676365 -0.366314432 0.691457189
10069.083598999 19.439325655 16.668681618 1.541309128 0.443243564 -0.436686181 -0.379580197 0.684659913
10069.116932332 19.423209020 16.694567140 1.545768871 0.438342439 -0.440376348 -0.389082062 0.680102733
10069.150265666 19.406041928 16.719263984 1.550064922 0.434648180 -0.442289956 -0.398733160 0.675627429
10069.183598999 19.385544944 16.745197689 1.554021513 0.431109116 -0.444241772 -0.409811669 0.669961621
10069.216932332 19.370208480 16.764524353 1.556565694 0.428566739 -0.446107712 -0.419040838 0.664622626
10069.250265666 19.355145809 16.783271792 1.556896740 0.426145954 -0.449314549 -0.429291180 0.657438320
10069.283598999 19.334664184 16.801834030 1.554504463 0.423226782 -0.454551649 -0.440697642 0.648110699
10069.316932332 19.319275411 16.814869964 1.552074718 0.420247045 -0.460815387 -0.450883222 0.638549857
10069.350265666 19.304078409 16.830722760 1.547934419 0.415859779 -0.469988051 -0.462596388 0.626239936
10069.383598999 19.286199641 16.849759924 1.541702131 0.409530638 -0.482569576 -0.475867553 0.610705603
10069.416932332 19.268160107 16.865827328 1.537524733 0.403365936 -0.494154292 -0.486966252 0.596633327
10069.450265666 19.252032533 16.883472713 1.532767915 0.395325061 -0.508151790 -0.499158281 0.579949018
10069.483598999 19.234858476 16.904422607 1.528270179 0.385361423 -0.524991289 -0.512511137 0.559654406
10069.516932332 19.221559105 16.920175830 1.525084425 0.377955815 -0.537769969 -0.522119702 0.543455500
10069.550265666 19.207784697 16.935572835 1.522211006 0.372736454 -0.548738797 -0.530099563 0.528155017
10069.583598999 19.192497114 16.952793774 1.520591559 0.369642792 -0.558563990 -0.536924859 0.512915364
10069.616932332 19.178907085 16.965665359 1.519491168 0.369072806 -0.565106040 -0.540951169 0.501808987
10069.650265666 19.162946506 16.978438424 1.519116032 -0.369820752 0.571325519 0.544321635 -0.490442372
10069.683598999 19.145449775 16.992525935 1.519678323 -0.370502852 0.578425008 0.548025942 -0.477304634
10069.716932332 19.132157635 17.003099375 1.520841380 -0.370515711 0.584611152 0.551069682 -0.466122424
10069.750265666 19.116113651 17.015124285 1.521300608 -0.369757114 0.591567190 0.554630566 -0.453555809
10069.783598999 19.098037181 17.028412787 1.521862336 -0.368331434 0.599342444 0.559067126 -0.438821761
10069.816932332 19.085823876 17.036466861 1.523160637 -0.366622992 0.605265253 0.563073951 -0.426836362
10069.850265666 19.073576555 17.044520870 1.525248654 -0.363598740 0.611612860 0.568409369 -0.413081657
10069.883598999 19.060433410 17.055321419 1.529019719 -0.358846416 0.618886441 0.575167826 -0.396725088
10069.916932332 19.050904441 17.064412426 1.532744275 -0.354139575 0.624885032 0.580817343 -0.383086247
10069.950265666 19.040820105 17.075734298 1.536806635 -0.347901708 0.631428777 0.587178319 -0.368081137
10069.983598999 19.029512608 17.091271820 1.541815888 -0.339035905 0.639115886 0.595071527 -0.349964881
10070.016932332 19.021169020 17.107587861 1.546907452 -0.330641877 0.645302160 0.601679698 -0.335026287
10070.050265666 19.017386102 17.128146458 1.553369225 -0.320566345 0.651855741 0.608668485 -0.319130047
10070.083598999 19.011344723 17.148069728 1.558066275 -0.308462452 0.659234755 0.616174589 -0.300980615
10070.116932332 19.007044182 17.163066821 1.561079516 -0.298183733 0.664905141 0.622106020 -0.286307029
10070.150265666 19.002855545 17.178671588 1.563734926 -0.286968234 0.670316601 0.628206468 -0.271443404
10070.183598999 18.999052631 17.195962620 1.566217041 -0.273769744 0.675875265 0.634992756 -0.255003829
10070.216932332 18.995987488 17.210653577 1.568334458 -0.262794850 0.679875912 0.640384248 -0.242106641
10070.250265666 18.996092686 17.225424737 1.570173676 -0.251057879 0.683446183 0.645879395 -0.229588902
10070.283598999 18.994361918 17.241760463 1.570901660 -0.238371480 0.686763877 0.651537973 -0.216870200
10070.316932332 18.992966156 17.254862341 1.570486700 -0.228613419 0.688929965 0.655706561 -0.207750605
10070.350265666 18.999126626 17.269242307 1.570576481 -0.218681725 0.690653091 0.659735384 -0.199814498
10070.383598999 19.007709116 17.286401345 1.569956317 -0.208181409 0.692125477 0.663756360 -0.192484595
10070.416932332 19.014791942 17.299207017 1.568293217 -0.200674367 0.692911556 0.666519483 -0.188029661
10070.450265666 19.024377417 17.315181817 1.566380034 -0.193443226 0.693414140 0.668980262 -0.184991779
10070.483598999 19.039460719 17.334349648 1.563387892 -0.185444339 0.693805350 0.671487498 -0.182617286
10070.516932332 19.053502313 17.350471514 1.560490615 -0.179370340 0.693833506 0.673410989 -0.181491009
10070.550265666 19.063226624 17.372993505 1.558975931 -0.172889228 0.694208138 0.675038236 -0.180299073
10070.583598999 19.073479817 17.402669246 1.557372374 -0.165063137 0.695061180 0.676482700 -0.178928123
10070.616932332 19.082666247 17.428041412 1.555684942 -0.158746695 0.695716742 0.677575417 -0.177958581
10070.650265666 19.093514740 17.456435939 1.556055222 -0.152428272 0.696612359 0.678370880 -0.176945732
10070.683598999 19.106635959 17.492236714 1.557524678 -0.145651577 0.697960579 0.678589678 -0.176501269
10070.716932332 19.116108841 17.522092603 1.559146699 -0.140710630 0.699069113 0.678437165 -0.176708536
10070.750265666 19.127253717 17.551477675 1.563359714 -0.136179610 0.699919951 0.678343770 -0.177248147
10070.783598999 19.142542961 17.585326958 1.570830787 -0.131306945 0.700495575 0.678454257 -0.178225299
10070.816932332 19.156046345 17.610079373 1.578378291 -0.127886924 0.700596348 0.678735899 -0.179240820
10070.850265666 19.169371142 17.633096516 1.587662077 -0.124896166 0.700311097 0.679310660 -0.180284060
10070.883598999 19.184521205 17.658006228 1.600120233 -0.121335784 0.699948264 0.680193871 -0.180793672
10070.916932332 19.195770890 17.676184589 1.610351191 -0.118161992 0.699789348 0.681015076 -0.180419174
10070.950265666 19.207019883 17.693902897 1.621398761 -0.114041201 0.699819235 0.682053419 -0.179027306
10070.983598999 19.219375390 17.712417846 1.633635937 -0.108888002 0.700095744 0.683275956 -0.176474699
10071.016932332 19.227946452 17.724514512 1.642152675 -0.104572188 0.700534536 0.684224873 -0.173644304
10071.050265666 19.237119196 17.737052577 1.650281595 -0.099260393 0.701186509 0.685306063 -0.169824774
10071.083598999 19.248057427 17.753115613 1.658123953 -0.091856302 0.702214030 0.686669825 -0.164141484
10071.116932332 19.256331095 17.765532890 1.662025189 -0.085157050 0.703286357 0.687715559 -0.158694317
10071.150265666 19.265427575 17.781014201 1.663748636 -0.077028881 0.704619074 0.688848025 -0.151877946
10071.183598999 19.273239152 17.796772643 1.664064817 -0.067772525 0.706197076 0.689946675 -0.143757297
10071.216932332 19.280765667 17.812868040 1.662488039 -0.058141729 0.707798770 0.690904263 -0.135246962
10071.250265666 19.289399335 17.832330719 1.659734542 -0.047821920 0.709305226 0.691858761 -0.126216540
10071.283598999 19.298247350 17.855288811 1.655392566 -0.035567529 0.710870392 0.692889049 -0.115338643
10071.316932332 19.306396975 17.879538183 1.650497044 -0.022819050 0.712187497 0.693875324 -0.103948517
10071.350265666 19.314086066 17.907976540 1.647366303 -0.010606504 0.713048638 0.694827339 -0.093081200
10071.383598999 19.320882690 17.939806035 1.645117152 -0.000374433 0.713214929 0.695937432 -0.083638600
10071.416932332 19.324671440 17.965929568 1.642944852 0.005257474 0.712650511 0.697168307 -0.077832905
10071.450265666 19.327842108 17.992465816 1.641556091 0.008019846 0.711309835 0.698945606 -0.073817616
10071.483598999 19.332044022 18.023569384 1.640605064 0.009088272 0.709142983 0.701470716 -0.070515725
10071.516932332 19.332369334 18.048517661 1.639199666 0.009138135 0.706955702 0.703937354 -0.067840485
10071.550265666 19.332662271 18.075489496 1.639248987 0.009704657 0.704665514 0.706542458 -0.064421182
10071.583598999 19.333834518 18.106703229 1.640725620 0.011877276 0.702190614 0.709411199 -0.059355060
10071.616932332 19.333076578 18.131937653 1.642332208 0.014940941 0.700293472 0.711652625 -0.054003358
10071.650265666 19.331673497 18.159384654 1.645314700 0.019226419 0.698090745 0.714190141 -0.047245097
10071.683598999 19.329139360 18.190479874 1.649327826 0.023708396 0.695240736 0.717285303 -0.039749530
10071.716932332 19.326678909 18.212293326 1.652349908 0.025818572 0.693064010 0.719550086 -0.035261205
10071.750265666 19.321160326 18.234502018 1.655666181 0.026033270 0.690464968 0.722207525 -0.031570368
10071.783598999 19.315104965 18.270671672 1.660571313 0.024215420 0.686766704 0.725918815 -0.028407433
10071.816932332 19.311302144 18.303080364 1.664078377 0.021079384 0.683796985 0.728850442 -0.027465915
10071.850265666 19.308063529 18.332644413 1.666149654 0.017359981 0.681361140 0.731233241 -0.027268574
10071.883598999 19.304557870 18.371550711 1.666997113 0.013017035 0.678383369 0.734092456 -0.027107697
10071.916932332 19.301605882 18.405800094 1.666111694 0.009900847 0.675918982 0.736421466 -0.026812824
10071.950265666 19.299072319 18.439725985 1.663472067 0.008092627 0.673704286 0.738496392 -0.026079174
10071.983598999 19.296362241 18.480645111 1.658797824 0.007057571 0.671024719 0.740987357 -0.024774039
10072.016932332 19.294508724 18.515466465 1.653856457 0.006821426 0.668785952 0.743051985 -0.023506709
10072.050265666 19.292961985 18.553244256 1.648290757 0.006325028 0.666580719 0.745056645 -0.022819622
10072.083598999 19.291877269 18.598850997 1.641660886 0.004962470 0.664079146 0.747290893 -0.023034371
10072.116932332 19.291605252 18.636921852 1.636486630 0.003333181 0.662168078 0.748964801 -0.023959415
10072.150265666 19.292093445 18.678430847 1.632594418 0.001262539 0.660360623 0.750508178 -0.025685186
10072.183598999 19.293926947 18.721065861 1.629946071 -0.000999269 0.658597339 0.751975996 -0.027940084
10072.216932332 19.296814885 18.759507172 1.629097987 -0.003219329 0.657199210 0.753093108 -0.030489417
10072.250265666 19.299094184 18.807244450 1.630479577 -0.006633938 0.655641463 0.754258045 -0.034424777
10072.283598999 19.300228233 18.854475689 1.633384681 -0.011332682 0.654181034 0.755229516 -0.039333498
10072.316932332 19.300110911 18.896302073 1.637236447 -0.017292914 0.652902901 0.755905350 -0.045009546
10072.350265666 19.297360862 18.943273626 1.642397484 -0.025659637 0.651457958 0.756434565 -0.052448653
10072.383598999 19.292868026 18.991447134 1.648681680 -0.036087092 0.649955423 0.756640673 -0.061241828
10072.416932332 19.288370210 19.032492357 1.654491757 -0.045696721 0.648753311 0.756472343 -0.069141481
10072.450265666 19.283634251 19.075920937 1.659992270 -0.055942654 0.647686914 0.755879809 -0.077574448
10072.483598999 19.278077577 19.124514008 1.664596234 -0.067652887 0.646493843 0.754884376 -0.087283318
10072.516932332 19.272447114 19.165922968 1.666574650 -0.077246923 0.645507464 0.753847002 -0.095224597
10072.550265666 19.265191975 19.205152092 1.665943390 -0.085336275 0.644697143 0.752784932 -0.101971373
10072.583598999 19.254902876 19.255188110 1.663063354 -0.094380847 0.643800926 0.751376969 -0.109750961
10072.616932332 19.245895113 19.299189963 1.659162035 -0.101779237 0.643050011 0.750080915 -0.116216572
10072.650265666 19.236893541 19.342925161 1.653815874 -0.108016140 0.642599599 0.748750786 -0.121534067
10072.683598999 19.226577729 19.393689491 1.646995794 -0.114368671 0.642599274 0.746965737 -0.126602401
10072.716932332 19.217745639 19.433903185 1.641213071 -0.118396201 0.643237416 0.745297120 -0.129461074
10072.750265666 19.208960355 19.475083622 1.636083412 -0.120170121 0.644869653 0.743482066 -0.130141041
10072.783598999 19.199298864 19.524073081 1.630875199 -0.119199438 0.647849528 0.741345513 -0.128410718
10072.816932332 19.191182013 19.566063998 1.627538243 -0.116148815 0.651114239 0.739512763 -0.125222097
10072.850265666 19.183659489 19.609270127 1.625855333 -0.111837089 0.654883947 0.737522400 -0.121161835
10072.883598999 19.173484733 19.659727754 1.625208977 -0.107486951 0.659243559 0.734938565 -0.117088813
10072.916932332 19.164913366 19.700595674 1.625627962 -0.105987297 0.662425560 0.732565253 -0.115356927
10072.950265666 19.155374182 19.740727508 1.627092198 -0.109287687 0.664735313 0.729742753 -0.116870354
10072.983598999 19.141948890 19.785759578 1.629720553 -0.117456009 0.666434334 0.726111859 -0.121782316
10073.016932332 19.129889064 19.820315278 1.632146089 -0.126301218 0.667228373 0.722897824 -0.127565813
10073.050265666 19.116000766 19.853567458 1.634574995 -0.135143226 0.667786903 0.719735337 -0.133334183
10073.083598999 19.099981943 19.894109194 1.636966930 -0.143005257 0.668661458 0.716406376 -0.138575815
10073.116932332 19.087141346 19.928789370 1.638667396 -0.146904891 0.669798215 0.714043950 -0.141175570
10073.150265666 19.075632721 19.964763098 1.639993551 -0.147559783 0.671438015 0.712327841 -0.141372378
10073.183598999 19.063809600 20.007310299 1.640115838 -0.145521603 0.673727339 0.710873187 -0.139907994
10073.216932332 19.054690235 20.044810843 1.639365355 -0.142582343 0.675717864 0.709946428 -0.138027947
10073.250265666 19.045719203 20.082159157 1.638184947 -0.139460604 0.677518103 0.709189851 -0.136270740
10073.283598999 19.034855935 20.122012467 1.636208656 -0.136551850 0.679245274 0.708336846 -0.135049482
10073.316932332 19.025609549 20.156556104 1.634294631 -0.135438610 0.680264157 0.707538252 -0.135228258
10073.350265666 19.015650338 20.191290816 1.632396628 -0.136997502 0.680499258 0.706543808 -0.137652794
10073.383598999 19.002886891 20.230708840 1.630073633 -0.142060607 0.679795997 0.705135717 -0.143107675
10073.416932332 18.992589297 20.260877902 1.628348785 -0.147795540 0.678755340 0.703788411 -0.148760006
10073.450265666 18.979049329 20.299041261 1.627078767 -0.156762041 0.676894029 0.701855077 -0.156970019
10073.483598999 18.960154677 20.350542119 1.625836023 -0.169338386 0.674050124 0.699077668 -0.168140879
10073.516932332 18.942017898 20.397508279 1.624882457 -0.181399411 0.671182084 0.696187154 -0.178696141
10073.550265666 18.926331007 20.437929169 1.624305869 -0.192334643 0.668356514 0.693407038 -0.188397544
10073.583598999 18.910208716 20.479555486 1.624188312 -0.204513957 0.664900686 0.690165509 -0.199380766
10073.616932332 18.890434122 20.529047521 1.624493571 -0.220354378 0.659928807 0.685761240 -0.213704091
10073.650265666 18.872669635 20.571553584 1.625574091 -0.234930426 0.654921756 0.681363727 -0.227219410
10073.683598999 18.854250294 20.613256645 1.627794071 -0.250524411 0.648940674 0.676445875 -0.241939041
10073.716932332 18.831435061 20.661958908 1.630655768 -0.271668104 0.639902873 0.669615543 -0.261411129
10073.750265666 18.810842611 20.703270199 1.633113812 -0.292454248 0.630240064 0.662296561 -0.280412624
10073.783598999 18.788917255 20.741416605 1.636002691 -0.316824222 0.617991073 0.652792562 -0.302607530
10073.816932332 18.760631490 20.781037401 1.640253577 -0.349956219 0.599832498 0.638338123 -0.332048277
10073.850265666 18.735488265 20.809860165 1.643726188 -0.382404821 0.580465569 0.622286202 -0.359980775
10073.883598999 18.710979829 20.832234095 1.645946976 -0.420747093 0.555212680 0.600873283 -0.391997528
10073.916932332 18.682705928 20.851181739 1.647541051 -0.470052093 0.518161921 0.568990999 -0.432213485
10073.950265666 18.659721521 20.860467115 1.648078873 -0.512791993 0.481277961 0.536760094 -0.466159306
10073.983598999 18.638743816 20.863661105 1.647819673 0.552379628 -0.442390866 -0.502190106 0.496962941
10074.016932332 18.616345590 20.863520590 1.646732035 0.591032880 -0.398856823 -0.462790571 0.526705095
10074.050265666 18.598704619 20.862321435 1.645415943 0.616192418 -0.366676453 -0.433188763 0.546079461
10074.083598999 18.581666839 20.859258111 1.643798914 0.632790419 -0.343164765 -0.410940301 0.559412458
10074.116932332 18.561959195 20.851729267 1.641450075 0.645195306 -0.323758475 -0.391832198 0.570413005
10074.150265666 18.545991383 20.843928777 1.639006329 0.651994947 -0.311903925 -0.379406826 0.577640885
10074.183598999 18.531963617 20.834482560 1.635969043 0.657428303 -0.301423030 -0.367570799 0.584657072
10074.216932332 18.518100493 20.820196725 1.631561399 0.664667758 -0.286292679 -0.350638088 0.594395664
10074.250265666 18.510431165 20.802610292 1.626970021 0.671933707 -0.269840466 -0.332866926 0.604061939
10074.283598999 18.507099556 20.783153317 1.622520824 0.680265516 -0.249184034 -0.311233477 0.615044606
10074.316932332 18.507269124 20.761744754 1.617249854 0.690134871 -0.220969575 -0.282341201 0.628625288
10074.350265666 18.511491007 20.743618799 1.611911763 0.697426226 -0.195764167 -0.256900059 0.639746364
10074.383598999 18.517051541 20.728423261 1.606541413 0.702057335 -0.174608415 -0.235082828 0.649125152
10074.416932332 18.523777094 20.711159770 1.600938314 0.704464000 -0.155680756 -0.214459478 0.658408009
10074.450265666 18.529936584 20.696833046 1.596574774 0.704249735 -0.145649177 -0.202111466 0.664807929
10074.483598999 18.537147600 20.683228908 1.591981739 0.702213415 -0.142016774 -0.195505311 0.669705331
10074.516932332 18.543628289 20.664784143 1.585226513 0.698975579 -0.141592607 -0.190941902 0.674481923
10074.550265666 18.549599009 20.647679745 1.578663159 0.696013476 -0.142921426 -0.188440963 0.677959225
10074.583598999 18.560998870 20.631860660 1.573692387 0.693198371 -0.144319219 -0.186505407 0.681075410
10074.616932332 18.574336290 20.609963568 1.569065921 0.690446014 -0.145150261 -0.183770313 0.684429818
10074.650265666 18.586725405 20.589461158 1.565324873 0.688590093 -0.144798264 -0.180824542 0.687153281
10074.683598999 18.601749581 20.569372892 1.561720665 0.686977014 -0.144115339 -0.178113343 0.689615101
10074.716932332 18.614676534 20.536236920 1.560714667 0.685641780 -0.144636758 -0.175851307 0.691412956
10074.750265666 18.623626168 20.504848923 1.561503476 0.684462410 -0.146746724 -0.175447202 0.692239039
10074.783598999 18.635299828 20.483528522 1.559076403 0.682272611 -0.150866939 -0.177313102 0.693039187
10074.816932332 18.646788954 20.458476755 1.557525495 0.679171018 -0.157772118 -0.181253485 0.693528558
10074.850265666 18.657275183 20.437497827 1.558226724 0.676037565 -0.164581135 -0.185927332 0.693770343
10074.883598999 18.667095775 20.407645162 1.556679455 0.673017670 -0.170863733 -0.190157651 0.694040970
10074.916932332 18.677983267 20.369417766 1.554473350 0.669863579 -0.177366344 -0.194690874 0.694204170
10074.950265666 18.686776152 20.343070511 1.554804405 0.667599217 -0.181789791 -0.198470386 0.694170918
10074.983598999 18.693674891 20.318134398 1.556507339 0.665334145 -0.185232277 -0.201644217 0.694520762
10075.016932332 18.701288512 20.289529979 1.558445374 0.663188919 -0.188795785 -0.205299750 0.694542023
10075.050265666 18.706739537 20.264859381 1.559762897 0.662123677 -0.191026632 -0.208246056 0.694071064
10075.083598999 18.711910941 20.238516968 1.561475248 0.661703998 -0.191872860 -0.210465462 0.693568247
10075.116932332 18.718630592 20.202708354 1.564626893 0.661755278 -0.191520172 -0.212665901 0.692945302
10075.150265666 18.723053555 20.172220929 1.568255254 0.662088844 -0.190326043 -0.214209549 0.692480057
10075.183598999 18.724793892 20.145187627 1.572651477 0.662497539 -0.189229234 -0.215714971 0.691922220
10075.216932332 18.725129636 20.111721847 1.578738094 0.662707176 -0.189098940 -0.218055716 0.691022789
10075.250265666 18.723880314 20.082900940 1.584257266 0.662554378 -0.189984004 -0.220769345 0.690064251
10075.283598999 18.719222857 20.058672522 1.589977702 0.661961466 -0.192184403 -0.224585104 0.688791480
10075.316932332 18.710557012 20.030550319 1.596813024 0.660594253 -0.196969257 -0.230390840 0.686832152
10075.350265666 18.701671785 20.005769518 1.602255003 0.658715983 -0.203082509 -0.236755920 0.684687799
10075.383598999 18.692144969 19.986150002 1.606657213 0.656509889 -0.209715694 -0.243109101 0.682577511
10075.416932332 18.676433302 19.963775303 1.611196568 0.653272964 -0.218836840 -0.251072691 0.679931890
10075.450265666 18.659456592 19.942101184 1.614755172 0.650059164 -0.227310520 -0.258108379 0.677593592
10075.483598999 18.644526402 19.920517258 1.616848707 0.648012307 -0.232458747 -0.262107274 0.676271216
10075.516932332 18.624775874 19.892799106 1.618148987 0.645964520 -0.236817144 -0.265234928 0.675498270
10075.550265666 18.606246169 19.870618371 1.618122160 0.644741882 -0.238762816 -0.266253840 0.675580577
10075.583598999 18.587027714 19.849728456 1.616893804 0.644285251 -0.239086851 -0.265619136 0.676151217
10075.616932332 18.563040906 19.823408581 1.615196692 0.643650882 -0.238776477 -0.264079140 0.677467005
10075.650265666 18.540588934 19.802211813 1.614047192 0.643246046 -0.237961809 -0.262038629 0.678928905
10075.683598999 18.517260211 19.784361955 1.613034086 0.643309474 -0.236815409 -0.259620038 0.680197632
10075.716932332 18.490917272 19.763048628 1.612917744 0.643157942 -0.235832130 -0.257069616 0.681649676
10075.750265666 18.466373956 19.744659768 1.614312092 0.642617152 -0.235701314 -0.255159729 0.682921371
10075.783598999 18.438839352 19.727917171 1.617487836 0.641501069 -0.236407006 -0.253627199 0.684296244
10075.816932332 18.411519616 19.710750182 1.621879808 0.639973322 -0.238056196 -0.252917202 0.685416869
10075.850265666 18.386153747 19.696989306 1.627246068 0.637892162 -0.241146050 -0.253545005 0.686044534
10075.883598999 18.357946183 19.681861692 1.633953486 0.634827501 -0.245960613 -0.255423357 0.686481121
10075.916932332 18.327632731 19.662687455 1.640602624 0.631350084 -0.251691703 -0.258003610 0.686645829
10075.950265666 18.300950028 19.648217662 1.646084619 0.628143136 -0.256956228 -0.260586907 0.686661607
10075.983598999 18.275841061 19.635737056 1.650647154 0.625143902 -0.261494486 -0.262774212 0.686851840
10076.016932332 18.244612751 19.619777975 1.654785388 0.622075447 -0.265365210 -0.264330091 0.687555850
10076.050265666 18.217530221 19.607662551 1.656946560 0.620102670 -0.266878761 -0.264570328 0.688658803
10076.083598999 18.191817029 19.596292791 1.656996572 0.618884958 -0.266569730 -0.263505673 0.690280195
10076.116932332 18.159926430 19.582457303 1.654895194 0.617853593 -0.264942093 -0.261444676 0.692610502
10076.150265666 18.130925351 19.569195815 1.650904021 0.617097069 -0.263048177 -0.259388061 0.694776725
10076.183598999 18.102634511 19.555468755 1.645257428 0.616350973 -0.261518957 -0.257742891 0.696626095
10076.216932332 18.067901587 19.540028206 1.637947936 0.615290810 -0.260255676 -0.256389696 0.698533124
10076.250265666 18.036438551 19.526022754 1.631368865 0.614183274 -0.259878315 -0.255719496 0.699892639
10076.283598999 18.004349539 19.511199541 1.625587076 0.613407169 -0.260062468 -0.255327573 0.700647550
10076.316932332 17.962098893 19.491516331 1.619676231 0.612955301 -0.260501586 -0.254853422 0.701052392
10076.350265666 17.922195191 19.472064836 1.616205759 0.612677861 -0.261421740 -0.254561897 0.701058309
10076.383598999 17.883110461 19.454022529 1.615306868 0.612380873 -0.263281351 -0.254731907 0.700559956
10076.416932332 17.834122618 19.431453089 1.617053970 0.612048209 -0.266522219 -0.255317857 0.699410958
10076.450265666 17.790320472 19.410679918 1.620980623 0.611852447 -0.269778452 -0.255972795 0.698093187
10076.483598999 17.748578962 19.390165632 1.626682649 0.611911380 -0.272415368 -0.256253010 0.696913714
10076.516932332 17.698332917 19.364487063 1.635449755 0.612215793 -0.274791245 -0.256108694 0.695765716
10076.550265666 17.655893320 19.343472830 1.644636994 0.612522245 -0.276502626 -0.255995309 0.694859122
10076.583598999 17.616096602 19.323652835 1.654052440 0.612352852 -0.279409367 -0.256760823 0.693562016
10076.616932332 17.568499282 19.300116097 1.665586227 0.611259505 -0.284946414 -0.259266626 0.691337960
10076.650265666 17.529161665 19.283201284 1.676026843 0.609398427 -0.291569976 -0.263091147 0.688769595
10076.683598999 17.492385784 19.267096393 1.684868808 0.606584256 -0.300178894 -0.268377216 0.685508454
10076.716932332 17.447849097 19.245495458 1.693750664 0.601999684 -0.312418794 -0.276533900 0.680822943
10076.750265666 17.412567902 19.232282193 1.700538810 0.597331443 -0.323653995 -0.284404589 0.676429796
10076.783598999 17.380849415 19.223269998 1.705096931 0.592765079 -0.333711325 -0.291495619 0.672530012
10076.816932332 17.341294017 19.206089991 1.706539534 0.587669432 -0.344230437 -0.298766313 0.668497372
10076.850265666 17.307053304 19.190273314 1.705861148 0.584156280 -0.350998232 -0.303689513 0.665833584
10076.883598999 17.275611213 19.176188351 1.703721603 0.582186081 -0.354069651 -0.306288882 0.664741431
10076.916932332 17.237683602 19.163501704 1.698261730 0.580770881 -0.355192494 -0.307360243 0.664885822
10076.950265666 17.204913838 19.155408277 1.692101792 0.580284409 -0.354112959 -0.307382721 0.665875274
10076.983598999 17.171178219 19.147408218 1.686663870 0.580410819 -0.351865966 -0.306691730 0.667273412
10077.016932332 17.128510964 19.138631721 1.682448244 0.581412064 -0.347345560 -0.304587298 0.669729536
10077.050265666 17.091297482 19.130702636 1.681080205 0.583195370 -0.341383158 -0.301796015 0.672502688
10077.083598999 17.057989694 19.122294462 1.682233978 0.584790515 -0.335460620 -0.299218136 0.675244202
10077.116932332 17.021194605 19.114183636 1.684568515 0.586007148 -0.330022484 -0.297168283 0.677769721
10077.150265666 16.989323988 19.107985697 1.687493955 0.586174532 -0.326729738 -0.296514955 0.679504215
10077.183598999 16.954546850 19.101436324 1.690738871 0.585488524 -0.324530285 -0.296903344 0.680978478
10077.216932332 16.919540534 19.095775364 1.692636160 0.583558706 -0.324369980 -0.298730417 0.681911644
10077.250265666 16.888888592 19.091217582 1.692805030 0.580849838 -0.326037972 -0.301579108 0.682175013
10077.283598999 16.861778901 19.088880972 1.691805342 0.577761575 -0.328846195 -0.304925611 0.681961960
10077.316932332 16.830834666 19.088183887 1.689729009 0.573867411 -0.332747599 -0.309108273 0.681474361
10077.350265666 16.802851546 19.088045928 1.687119031 0.570388722 -0.336437693 -0.312500603 0.681035797
10077.383598999 16.775518257 19.087883147 1.684043197 0.567783185 -0.339056201 -0.314542450 0.680974445
10077.416932332 16.740917544 19.086485310 1.679712237 0.566260063 -0.339639886 -0.315061668 0.681711401
10077.450265666 16.709575549 19.083635672 1.675809492 0.566613825 -0.337379603 -0.313540468 0.683239454
10077.483598999 16.682847765 19.081684923 1.673052051 0.568266216 -0.333221624 -0.310716445 0.685194971
10077.516932332 16.646978180 19.079271434 1.669732426 0.571707347 -0.325797218 -0.305552020 0.688218603
10077.550265666 16.609727278 19.075744603 1.666137847 0.575690318 -0.317304350 -0.299678846 0.691441390
10077.583598999 16.577651366 19.072769347 1.663085948 0.578496906 -0.311759356 -0.296032035 0.693190066
10077.616932332 16.536750009 19.069998245 1.658704094 0.580728233 -0.307840591 -0.293537638 0.694135826
10077.650265666 16.499750990 19.067038917 1.653993131 0.581136912 -0.307794407 -0.293429546 0.693859924
10077.683598999 16.462853567 19.065120561 1.648896637 0.580523629 -0.310529060 -0.294915202 0.692523676
10077.716932332 16.418990575 19.064262040 1.642707399 0.579306259 -0.315328640 -0.297304010 0.690349500
10077.750265666 16.377665035 19.063327977 1.636974809 0.578102394 -0.319991210 -0.299318489 0.688339807
10077.783598999 16.339634539 19.062827728 1.632334161 0.577376295 -0.323147728 -0.300063427 0.687149255
10077.816932332 16.295054059 19.063398935 1.627985916 0.577346228 -0.324751006 -0.299162847 0.686811261
10077.850265666 16.257427024 19.064470079 1.625237458 0.578097279 -0.323812613 -0.296821259 0.687638036
10077.883598999 16.225017413 19.067609362 1.623447777 0.579278036 -0.321275796 -0.293294152 0.689345603
10077.916932332 16.185311136 19.073871670 1.621389620 0.580456496 -0.318211116 -0.288452195 0.691814479
10077.950265666 16.144570214 19.081616082 1.618718279 0.580534866 -0.317150312 -0.284366618 0.693924041
10077.983598999 16.107500004 19.089150914 1.615193844 0.579635456 -0.318558573 -0.281743363 0.695099886
10078.016932332 16.073565742 19.097355777 1.610196638 0.578041605 -0.322002513 -0.279989307 0.695548901
10078.050265666 16.031075995 19.107362984 1.602758896 0.575656533 -0.327387269 -0.278024647 0.695801285
10078.083598999 15.991503357 19.115338638 1.594938561 0.573586145 -0.332391276 -0.275879902 0.695992279
10078.116932332 15.956726757 19.124106964 1.588288346 0.572363317 -0.335730973 -0.272798134 0.696610454
10078.150265666 15.910697824 19.132725664 1.579330709 0.572002256 -0.337613456 -0.267312305 0.698122271
10078.183598999 15.868992124 19.140034709 1.571522270 0.572632450 -0.337043686 -0.260932686 0.700291199
10078.216932332 15.831983592 19.146099365 1.565251749 0.574083495 -0.334558453 -0.253706104 0.702945229
10078.250265666 15.786847335 19.152945772 1.558626215 0.576539624 -0.329788224 -0.243840890 0.706670651
10078.283598999 15.745631691 19.157786213 1.553969899 0.579307848 -0.324072535 -0.234113029 0.710331260
10078.316932332 15.706907829 19.162391907 1.551392276 0.582016100 -0.318248183 -0.224814805 0.713746213
10078.350265666 15.659696912 19.168025965 1.550429008 0.585105927 -0.311981146 -0.214245312 0.717229228
10078.383598999 15.616988893 19.172486820 1.551587004 0.587710940 -0.307268798 -0.205520881 0.719682503
10078.416932332 15.578078381 19.174563483 1.554464756 0.589984795 -0.304115017 -0.198464537 0.721140642
10078.450265666 15.530167373 19.177032638 1.558484925 0.592573342 -0.301574827 -0.190777484 0.722158854
10078.483598999 15.487753133 19.179479470 1.562203038 0.594719864 -0.300889523 -0.185075577 0.722163977
10078.516932332 15.450449794 19.180060402 1.565351824 0.596418035 -0.301944099 -0.181243530 0.721294719
10078.550265666 15.404612237 19.179316507 1.568502566 0.598149627 -0.305071943 -0.177971398 0.719356876
10078.583598999 15.366177110 19.179464071 1.571509289 0.599356881 -0.308944562 -0.176039360 0.717171339
10078.616932332 15.331890161 19.178374627 1.573680040 0.600434746 -0.312219534 -0.174512968 0.715221856
10078.650265666 15.285189248 19.173376076 1.573823932 0.601795584 -0.315955028 -0.172473429 0.712928756
10078.683598999 15.245065180 19.169209137 1.573357965 0.602944533 -0.318579806 -0.170453537 0.711273779
10078.716932332 15.209700015 19.164260378 1.571955326 0.604055136 -0.319681152 -0.168222053 0.710368000
10078.750265666 15.166290808 19.155837655 1.568498830 0.605527037 -0.320030646 -0.164993625 0.709714377
10078.783598999 15.127926049 19.146131671 1.564570030 0.606989058 -0.319384866 -0.161679868 0.709519000
10078.816932332 15.093524757 19.136284672 1.560148238 0.608509646 -0.317717547 -0.158221019 0.709744799
10078.850265666 15.050221407 19.125078660 1.554869055 0.610390790 -0.314745104 -0.153688792 0.710449405
10078.883598999 15.009767723 19.113687191 1.550451170 0.612057456 -0.311763364 -0.149634509 0.711195324
10078.916932332 14.971673669 19.103175587 1.547246568 0.613323539 -0.309360116 -0.146351063 0.711837005
10078.950265665 14.927680824 19.090674171 1.544815563 0.614690109 -0.306648271 -0.142711695 0.712570193
10078.983598999 14.891616552 19.080313911 1.544791367 0.615745483 -0.304445092 -0.139935579 0.713154064
10079.016932332 14.861327205 19.071937486 1.546530334 0.616383529 -0.302871211 -0.138036689 0.713642941
10079.050265665 14.824323138 19.060967825 1.550406667 0.616766040 -0.301365838 -0.136150729 0.714311740
10079.083598999 14.791186307 19.051262560 1.554883586 0.616754915 -0.300290015 -0.134771756 0.715035563
10079.116932332 14.762878771 19.042900167 1.559191053 0.616404781 -0.299287765 -0.133768850 0.715945441
10079.150265665 14.729119353 19.031456490 1.564168235 0.615640996 -0.297976221 -0.132702243 0.717346813
10079.183598999 14.699780163 19.020168693 1.568628299 0.614747621 -0.296653677 -0.131849054 0.718816935
10079.216932332 14.675216779 19.008594605 1.572020288 0.613795279 -0.295565130 -0.131146148 0.720206427
10079.250265665 14.644761023 18.992887480 1.575463259 0.612453420 -0.294145087 -0.130372561 0.722068191
10079.283598999 14.616923723 18.977523743 1.578272230 0.611194979 -0.292557877 -0.129445293 0.723943715
10079.316932332 14.591882708 18.961776358 1.580291587 0.610236853 -0.290505156 -0.128139832 0.725808460
10079.350265665 14.563500632 18.941870366 1.582572181 0.609273329 -0.286978735 -0.125914685 0.728405593
10079.383598999 14.535871117 18.921824892 1.583610552 0.608646748 -0.283054684 -0.123315469 0.730905245
10079.416932332 14.510503570 18.902793909 1.584158218 0.608328520 -0.279332339 -0.120873672 0.733007102
10079.450265665 14.479545083 18.878922308 1.585569899 0.608004104 -0.275008414 -0.117740141 0.735417324
10079.483598999 14.448713206 18.854780513 1.586655917 0.607958451 -0.271250242 -0.114714013 0.737326606
10079.516932332 14.421708860 18.830785545 1.589193954 0.608159950 -0.267589185 -0.111466488 0.738994401
10079.550265665 14.389482987 18.799638144 1.593891730 0.608757459 -0.262247701 -0.106823190 0.741100065
10079.583598999 14.363422359 18.772972532 1.599192642 0.609631685 -0.256921472 -0.102256083 0.742889130
10079.616932332 14.340003700 18.747315237 1.605361442 0.610671910 -0.251487589 -0.097477874 0.744534671
10079.650265665 14.312323577 18.714048329 1.614375686 0.612152117 -0.244814252 -0.091232780 0.746332599
10079.683598999 14.288465505 18.683406801 1.623764024 0.613582041 -0.239464232 -0.085729763 0.747545563
10079.716932332 14.267553170 18.655806840 1.633004808 0.614821468 -0.235580645 -0.080920226 0.748296893
10079.750265665 14.240592694 18.620337900 1.644275680 0.616380965 -0.230875938 -0.074743769 0.749122271
10079.783598999 14.217843249 18.588916112 1.654152395 0.618012242 -0.226223381 -0.068898860 0.749757826
10079.816932332 14.200581675 18.561527457 1.662511348 0.619654552 -0.221349447 -0.063046394 0.750371781
10079.850265665 14.178393013 18.526540734 1.671428443 0.621789708 -0.214703262 -0.055246960 0.751151011
10079.883598999 14.157297623 18.494873624 1.677778003 0.623711564 -0.208857456 -0.048224437 0.751689332
10079.916932332 14.138452213 18.467341918 1.682218505 0.625398795 -0.204815737 -0.042559884 0.751741656
10079.950265665 14.117246382 18.432365655 1.686991366 0.627490957 -0.201273772 -0.036574724 0.751269763
10079.983598999 14.099989066 18.401247026 1.689967031 0.629398882 -0.199666071 -0.032325693 0.750296979
10080.016932332 14.083460506 18.372751968 1.691127402 0.631098044 -0.199006890 -0.028975763 0.749180834
10080.050265665 14.061848095 18.335602138 1.691577706 0.633334028 -0.198222247 -0.024752227 0.747651842
10080.083598999 14.041348198 18.301160470 1.690882965 0.635390068 -0.197159555 -0.020721598 0.746309712
10080.116932332 14.021774574 18.270661044 1.689590614 0.637128750 -0.195321522 -0.016588438 0.745413497
10080.150265665 13.995141092 18.230324676 1.687330880 0.639279619 -0.191551797 -0.010354578 0.744662514
10080.183598999 13.972685626 18.195045548 1.685683188 0.640954194 -0.186992423 -0.004185284 0.744442099
10080.216932332 13.952914413 18.164351160 1.684438919 0.642276769 -0.182882541 0.001469147 0.744333507
10080.250265665 13.926526434 18.126021783 1.684359255 0.643737686 -0.178434330 0.007971405 0.744109829
10080.283598999 13.900510399 18.092003089 1.685315382 0.644749643 -0.176399338 0.012532445 0.743655908
10080.316932332 13.876989731 18.063710723 1.686856292 0.645202310 -0.177787713 0.014408241 0.742898318
10080.350265665 13.845487782 18.027897008 1.690025761 0.645276164 -0.182396542 0.014946550 0.741705315
10080.383598999 13.815591508 17.995785831 1.693262955 0.644954323 -0.187667484 0.014588248 0.740676731
10080.416932332 13.789605360 17.969248477 1.696320896 0.644019443 -0.192207314 0.014002885 0.740337237
10080.450265665 13.757037913 17.939263186 1.700007604 0.642257978 -0.197210622 0.012944146 0.740570799
10080.483598999 13.726758451 17.912667618 1.703511323 0.640234760 -0.200576066 0.011981107 0.741434520
10080.516932332 13.701641498 17.889917350 1.706031130 0.638173277 -0.202127310 0.011284383 0.742800163
10080.550265665 13.672441332 17.864349608 1.708793922 0.635286142 -0.203249369 0.010023260 0.744983722
10080.583598999 13.646402951 17.841640594 1.711139127 0.632536414 -0.204218649 0.008312641 0.747076521
10080.616932332 13.622319743 17.820161072 1.712368831 0.629940334 -0.205329950 0.006155283 0.748983912
10080.650265665 13.591176849 17.794037005 1.712916705 0.626572694 -0.207092390 0.002998705 0.751339077
10080.683598999 13.562060024 17.769123598 1.712657104 0.623373611 -0.209086230 -0.000386367 0.753450822
10080.716932332 13.536510417 17.747589768 1.711636740 0.620801660 -0.211119734 -0.003396468 0.754998159
10080.750265665 13.505171118 17.723172019 1.708210653 0.617322288 -0.213992396 -0.007556815 0.757009473
10080.783598999 13.468140780 17.695960165 1.703010519 0.613057479 -0.217287859 -0.012358070 0.759469415
10080.816932332 13.441464216 17.675935294 1.698301125 0.609718486 -0.218287773 -0.014709731 0.761825072
10080.850265665 13.408929059 17.651351760 1.691646382 0.605146710 -0.218323313 -0.016894952 0.765406396
10080.883598999 13.381372341 17.630940380 1.685593498 0.600783522 -0.217893787 -0.018514043 0.768920469
10080.916932332 13.352015608 17.612221304 1.679894948 0.595827791 -0.217045238 -0.019771904 0.772974566
10080.950265665 13.318371651 17.592116949 1.674074074 0.589686773 -0.215463062 -0.021225229 0.778071120
10080.983598999 13.287625856 17.576360303 1.670736221 0.584368731 -0.212852160 -0.022155410 0.782761958
10081.016932332 13.263720035 17.559350990 1.668617428 0.579840024 -0.209636678 -0.022519931 0.786975770
10081.050265665 13.235340002 17.536144683 1.666100739 0.573845759 -0.204403122 -0.023074549 0.792709261
10081.083598999 13.212174243 17.513110197 1.664171240 0.568466317 -0.198987581 -0.023747510 0.797926090
10081.116932332 13.192574033 17.495111233 1.662847403 0.563915627 -0.194972128 -0.024970112 0.802098204
10081.150265665 13.168838171 17.470281617 1.660966213 0.558347525 -0.191752225 -0.028030007 0.806655716
10081.183598999 13.146718331 17.445696005 1.659057761 0.553417103 -0.191285812 -0.032542153 0.809987813
10081.216932332 13.127496484 17.424910113 1.657432207 0.549206437 -0.193212484 -0.038137850 0.812149451
10081.250265665 13.104953981 17.400507677 1.655623668 0.544470596 -0.197201142 -0.046154954 0.813961424
10081.283598999 13.086419157 17.379127151 1.654100325 0.540665225 -0.201576549 -0.053932497 0.814947419
10081.316932332 13.069031915 17.358051165 1.652408767 0.537723019 -0.205236142 -0.061104773 0.815474272
10081.350265665 13.048108060 17.328942907 1.649540918 0.534854359 -0.208311528 -0.069397954 0.815917303
10081.383598999 13.030215419 17.300243319 1.646761283 0.532880524 -0.209528505 -0.076447192 0.816267101
10081.416932332 13.013696936 17.272945024 1.644044890 0.531596584 -0.209299610 -0.082120466 0.816611887
10081.450265665 12.993510263 17.237609741 1.640997907 0.530339690 -0.207820773 -0.088563994 0.817133256
10081.483598999 12.973930108 17.202841101 1.638779523 0.529529718 -0.205831662 -0.093968723 0.817558245
10081.516932332 12.955563471 17.171523256 1.637026162 0.528849612 -0.204930750 -0.098633761 0.817675276
10081.550265665 12.931652794 17.131216081 1.635943703 0.527719343 -0.205065225 -0.105043844 0.817573446
10081.583598999 12.907507674 17.093731944 1.636729199 0.526460692 -0.206829479 -0.111606226 0.817070839
10081.616932332 12.889406730 17.063669277 1.639718451 0.525113094 -0.210389795 -0.117939133 0.816138918
10081.650265665 12.864858234 17.026821256 1.645650561 0.522572674 -0.217734841 -0.127087694 0.814467960
10081.683598999 12.842522567 16.996424362 1.651854598 0.519859685 -0.225956764 -0.135983546 0.812525645
10081.716932332 12.823839057 16.973078378 1.656665529 0.517368102 -0.232306176 -0.142955165 0.811127554
10081.750265665 12.799973148 16.946888125 1.662675854 0.513758198 -0.239812039 -0.151355272 0.809712468
10081.783598999 12.778392964 16.925223936 1.666533511 0.510535801 -0.245518268 -0.157935493 0.808783257
10081.816932332 12.756973739 16.904104850 1.670893026 0.506920789 -0.251209764 -0.165308445 0.807835432
10081.850265665 12.732555615 16.881294464 1.673187325 0.502672209 -0.258060784 -0.173543076 0.806602804
10081.883598999 12.710494982 16.861898902 1.673703489 0.498285995 -0.265352109 -0.181613154 0.805180718
10081.916932332 12.692926053 16.847936087 1.673698718 0.494455460 -0.272321984 -0.188383109 0.803658098
10081.950265665 12.667593091 16.829353083 1.672260657 0.489012944 -0.282259064 -0.197491422 0.801369640
10081.983598999 12.643874295 16.813642526 1.669841726 0.483946793 -0.291194629 -0.205222347 0.799302807
10082.016932332 12.622696056 16.802138481 1.665863659 0.479998230 -0.297819049 -0.211243858 0.797672580
10082.050265665 12.594829186 16.789052865 1.660982088 0.475300734 -0.304657632 -0.217946924 0.796098033
10082.083598999 12.571065852 16.783650722 1.656679315 0.471521242 -0.308904887 -0.222817176 0.795360293
10082.116932332 12.547866672 16.774889389 1.651100086 0.468984296 -0.310784342 -0.226530365 0.795079126
10082.150265665 12.525222786 16.767311913 1.643867443 0.466451996 -0.311519655 -0.230352695 0.795182794
10082.183598999 12.501539338 16.758292162 1.637960085 0.464243876 -0.311750282 -0.233971599 0.795328031
10082.216932332 12.472183838 16.746478810 1.632295544 0.461708269 -0.312112636 -0.238164233 0.795417484
10082.250265665 12.451764687 16.737701194 1.629424282 0.459503736 -0.313449432 -0.242171180 0.794958420
10082.283598999 12.421750238 16.726295079 1.628082854 0.456421768 -0.316880808 -0.248255109 0.793495510
10082.316932332 12.394822738 16.720323955 1.628409448 0.452818390 -0.321987781 -0.254817805 0.791421039
10082.350265665 12.371812134 16.715176716 1.630153355 0.449256582 -0.327216118 -0.260911243 0.789318351
10082.383598999 12.343351305 16.710229195 1.633114125 0.444324277 -0.334495138 -0.269514586 0.786162088
10082.416932332 12.317236745 16.707242995 1.635490412 0.439097830 -0.342141589 -0.278600564 0.782632707
10082.450265665 12.297182791 16.706352263 1.637273728 0.434259737 -0.349310129 -0.286835108 0.779183249
10082.483598999 12.273212897 16.706907639 1.639747856 0.427511374 -0.359186192 -0.298145151 0.774163273
10082.516932332 12.250240705 16.709198710 1.641236353 0.420653045 -0.368821808 -0.309600381 0.768875214
10082.550265665 12.230783303 16.711426545 1.641546739 0.415347627 -0.375650351 -0.318785958 0.764688614
10082.583598999 12.209173119 16.717197024 1.641313085 0.409267492 -0.382299616 -0.329692729 0.760032781
10082.616932332 12.190589186 16.723986740 1.639847124 0.404481648 -0.386953399 -0.339069630 0.756104126
10082.650265665 12.170434486 16.729762967 1.637241451 0.399209375 -0.391822495 -0.349394280 0.751685203
10082.683598999 12.149087145 16.737730872 1.634829175 0.393360909 -0.397489837 -0.361055531 0.746262641
10082.716932332 12.126395182 16.744183140 1.630664228 0.387923460 -0.403252846 -0.372105928 0.740567154
10082.750265665 12.107464255 16.751477995 1.627710605 0.383285757 -0.408265844 -0.381515911 0.735429560
10082.783598999 12.082492032 16.758463112 1.624743834 0.377071433 -0.414886370 -0.393834321 0.728409886
10082.816932332 12.058543242 16.765998546 1.622552557 0.371303901 -0.421032320 -0.405002289 0.721691308
10082.850265665 12.038743458 16.773507877 1.622193169 0.366342783 -0.426317657 -0.414116789 0.715928422
10082.883598999 12.014529742 16.782374908 1.623681903 0.359925926 -0.432994019 -0.425658196 0.708367565
10082.916932332 11.989897226 16.792917287 1.626250974 0.354038438 -0.439009480 -0.436142662 0.701218254
10082.950265665 11.970537659 16.801863679 1.629428984 0.349513606 -0.443440267 -0.444368337 0.695512581
10082.983598999 11.940514655 16.819213686 1.635261420 0.343428620 -0.448960915 -0.455853269 0.687523582
10083.016932332 11.916033380 16.832102322 1.640691465 0.338794856 -0.452223777 -0.465678658 0.681069078
10083.050265665 11.898024052 16.843598965 1.644872484 0.335256838 -0.453773967 -0.473649728 0.676275074
10083.083598999 11.877100100 16.859875515 1.650931597 0.330347134 -0.455370811 -0.484168786 0.670140867
10083.116932332 11.858862441 16.876695156 1.655880361 0.324565464 -0.457623304 -0.494579551 0.663799095
10083.150265665 11.845797029 16.892686038 1.658243616 0.318121555 -0.461339213 -0.504040709 0.657196904
10083.183598999 11.830814757 16.912531406 1.660333640 0.307117514 -0.468813330 -0.517515626 0.646583692
10083.216932332 11.818836887 16.933052698 1.660587577 0.294570701 -0.478280602 -0.530660788 0.634724267
10083.250265665 11.810824469 16.949540227 1.660435011 0.282722756 -0.487220895 -0.541746316 0.623854608
10083.283598999 11.802086684 16.967819301 1.657644995 0.266332917 -0.499136848 -0.556111523 0.608826049
10083.316932332 11.792034776 16.985791814 1.653593753 0.251126071 -0.509468233 -0.568676628 0.594966141
10083.350265665 11.784067240 16.999102371 1.650091796 0.240636302 -0.516129088 -0.577277094 0.585197481
10083.383598999 11.773000147 17.022774890 1.643794384 0.224238863 -0.525387724 -0.590832480 0.569738231
10083.416932332 11.765476973 17.046795152 1.638859336 0.211952303 -0.531342787 -0.601375176 0.557762460
10083.450265665 11.751288151 17.074115454 1.633915497 0.203512470 -0.534706858 -0.609276171 0.549048084
10083.483598999 11.748175376 17.101933496 1.628726675 0.195011937 -0.536765482 -0.618894289 0.539280096
10083.516932332 11.747619674 17.131673913 1.624933934 0.188787182 -0.537021319 -0.627519514 0.531212540
10083.550265665 11.749050186 17.156070338 1.623222063 0.184409673 -0.536743983 -0.634197688 0.525064055
10083.583598999 11.752056904 17.188486323 1.620029445 0.178575300 -0.536645354 -0.643000529 0.516403860
10083.616932332 11.752511466 17.220013569 1.619753942 0.172139238 -0.537656889 -0.651310595 0.507038125
10083.650265665 11.751543798 17.245762215 1.621523711 -0.166343413 0.539411856 0.657962798 -0.498447263
10083.683598999 11.750170054 17.276356078 1.625753196 -0.158608255 0.541984029 0.666799593 -0.486286990
10083.716932332 11.747566729 17.301087229 1.629331709 -0.151930763 0.543897296 0.675189246 -0.474565335
10083.750265665 11.747959704 17.320974088 1.632170434 -0.147270714 0.544788693 0.682071452 -0.465075425
10083.783598999 11.749695287 17.343353533 1.637060665 -0.141599024 0.545782146 0.690777546 -0.452656545
10083.816932332 11.751113924 17.365287057 1.640841502 -0.135226777 0.547239943 0.699175457 -0.439767943
10083.850265665 11.751502633 17.380850881 1.643606377 -0.127910929 0.549551698 0.706246122 -0.427607461
10083.883598999 11.756072412 17.400729141 1.646656891 -0.115008912 0.554241778 0.715654402 -0.409179397
10083.916932332 11.763396748 17.418365155 1.648206280 -0.099582154 0.560010023 0.724624264 -0.389091050
10083.950265665 11.770377326 17.433855919 1.649027838 -0.086216487 0.564779480 0.731385050 -0.372379865
10083.983598999 11.780604044 17.451721484 1.649695223 -0.068099388 0.570698932 0.739680739 -0.350053720
10084.016932332 11.792101451 17.465955663 1.649182201 -0.051501556 0.575444103 0.746806039 -0.329381868
10084.050265665 11.804913475 17.479562460 1.646630935 -0.039038943 0.578255363 0.752186408 -0.313547929
10084.083598999 11.822261445 17.498331110 1.642507256 -0.023696320 0.580970906 0.758806284 -0.293469445
10084.116932332 11.838293783 17.518585017 1.638509877 -0.010893916 0.582774997 0.764283661 -0.275907794
10084.150265665 11.850965349 17.538896864 1.636085602 -0.001613864 0.583938230 0.768190747 -0.262481456
10084.183598999 11.867677146 17.570653797 1.633769163 0.009625412 0.584982926 0.773128481 -0.244897285
10084.216932332 11.884258980 17.598967893 1.632353271 0.019938926 0.586160481 0.777125429 -0.228241969
10084.250265665 11.896508286 17.622411628 1.632644183 0.028431296 0.587402060 0.779766602 -0.214742934
10084.283598999 11.914690542 17.651885190 1.632760552 0.041304243 0.589383263 0.782911167 -0.194862602
10084.316932332 11.930179841 17.676687008 1.633558115 0.054793559 0.591702082 0.785025521 -0.174989267
10084.350265665 11.942382144 17.695634448 1.635336947 0.066256178 0.593779615 0.786108890 -0.158330985
10084.383598999 11.958402323 17.722396227 1.640699798 0.081558406 0.596239233 0.786999239 -0.135938225
10084.416932332 11.971520335 17.750693474 1.647898774 0.095954917 0.598134703 0.787410405 -0.114071841
10084.450265665 11.984781963 17.764426300 1.653403669 0.107456656 0.599048753 0.787579108 -0.096502889
10084.483598999 12.002280777 17.780380166 1.661238099 0.121545726 0.599522466 0.787578165 -0.074297259
10084.516932332 12.019073864 17.792325669 1.668935165 0.134712280 0.599227604 0.787362576 -0.053282769
10084.550265665 12.032447803 17.800132551 1.674490215 0.145935985 0.598637721 0.786784062 -0.036144267
10084.583598999 12.050464169 17.810385800 1.681023534 0.162523075 0.597267135 0.785306166 -0.012346859
10084.616932332 12.068176452 17.818940327 1.685423650 0.180376129 0.595036018 0.783106101 0.011892171
10084.650265665 12.081539824 17.826499019 1.686986817 0.194464140 0.592736471 0.780953378 0.030967652
10084.683598999 12.099031489 17.836469368 1.688294577 0.211891266 0.589046327 0.777886839 0.054941625
10084.716932332 12.118666199 17.843737620 1.687672240 0.227661978 0.584525255 0.774858796 0.078064700
10084.750265665 12.134368010 17.850680742 1.685362839 0.236646878 0.580991224 0.773071657 0.093849171
10084.783598999 12.154672671 17.859382889 1.681141851 0.244622988 0.576590172 0.771452299 0.112092455
10084.816932332 12.173153254 17.867630054 1.676734751 0.247770693 0.573154265 0.770847421 0.126087772
10084.850265665 12.189880840 17.872651497 1.671982778 0.247955195 0.570837459 0.770914173 0.135477507
10084.883598999 12.211387234 17.881676595 1.666119796 0.247621282 0.567886920 0.771069392 0.147105875
10084.916932332 12.233120724 17.889054312 1.660977709 0.248644946 0.564690311 0.770800076 0.158643580
10084.950265665 12.253640755 17.894588316 1.657899309 0.251489622 0.561814507 0.769831086 0.168752862
10084.983598999 12.281778310 17.904118249 1.658413451 0.257563379 0.557775721 0.767430202 0.183298215
10085.016932332 12.309444618 17.916458729 1.662776158 0.264127860 0.554272246 0.764284618 0.197199831
10085.050265665 12.331180450 17.933006453 1.670126580 0.269164748 0.551684209 0.761599427 0.207752698
10085.083598999 12.351833307 17.946392309 1.676772566 0.273596857 0.548829219 0.758646420 0.219970129
10085.116932332 12.381120826 17.967024388 1.682875042 0.280125200 0.545917067 0.753255550 0.236876559
10085.150265665 12.397893697 17.978560201 1.687295765 0.285266576 0.543654545 0.749306654 0.248198013
10085.183598999 12.423332218 17.998918293 1.694455054 0.293001621 0.540383663 0.742885617 0.265059438
10085.216932332 12.446866974 18.017798491 1.702173044 0.299338182 0.537674834 0.737131744 0.279175961
10085.250265665 12.468740320 18.030113382 1.708656573 0.302812896 0.536199734 0.733107606 0.288699557
10085.283598999 12.494227765 18.050024199 1.714739644 0.303434796 0.536292925 0.728683031 0.298895072
10085.316932332 12.516152825 18.068689832 1.718598143 0.301607673 0.537710034 0.725570550 0.305692832
10085.350265665 12.539231693 18.085464215 1.720468934 0.297804895 0.540134049 0.722871542 0.311487058
10085.383598999 12.563745503 18.102612519 1.720716228 0.293433246 0.543110417 0.720375062 0.316208436
10085.416932332 12.590132435 18.120929236 1.719794397 0.289199606 0.546177042 0.717800820 0.320649668
10085.450265665 12.611245433 18.135607210 1.718479074 0.287100340 0.548123582 0.715544424 0.324237738
10085.483598999 12.641049197 18.156529569 1.717172579 0.286872657 0.549682318 0.711929276 0.329712199
10085.516932332 12.674588939 18.176393570 1.715234062 0.289896171 0.549844069 0.707245135 0.336802654
10085.550265665 12.704157824 18.189251870 1.714276852 0.295192682 0.548696963 0.702692988 0.343533823
10085.583598999 12.746112453 18.202745171 1.715683249 0.305535162 0.545596281 0.695721443 0.353475086
10085.616932332 12.785209573 18.215339161 1.717238879 0.316669270 0.542150904 0.688550846 0.362892137
10085.650265665 12.814868974 18.222562677 1.719737508 0.325254651 0.539500178 0.683145801 0.369405989
10085.683598999 12.853708562 18.232775720 1.723137119 0.335574359 0.536540178 0.676321634 0.376966224
10085.716932332 12.887820323 18.243495604 1.725978785 0.342485970 0.535427027 0.671083511 0.381665011
10085.750265665 12.912304116 18.250949321 1.727633179 0.345932740 0.535653514 0.667945622 0.383737538
10085.783598999 12.948373955 18.260543433 1.729783992 0.350179957 0.536355273 0.664221277 0.385366207
10085.816932332 12.984801174 18.269125959 1.730958061 0.354623293 0.536759641 0.661030718 0.386225060
10085.850265665 13.008753197 18.275110774 1.731743016 0.358041588 0.536492259 0.658939874 0.387014883
10085.883598999 13.057866874 18.281323045 1.731644416 0.366120577 0.534948346 0.654809014 0.388601525
10085.916932332 13.098334300 18.284826647 1.730402359 0.373920746 0.532537771 0.651010839 0.390860187
10085.950265665 13.130286991 18.287340132 1.728645631 0.380345955 0.530102856 0.648068168 0.392855656
10085.983598999 13.173517163 18.290659395 1.725080862 0.387899151 0.527065072 0.644743307 0.395022437
10086.016932332 13.213430330 18.293269071 1.720324868 0.392678171 0.525267756 0.642918738 0.395667961
10086.050265665 13.249361223 18.295836180 1.715369439 0.394587037 0.524785129 0.642532643 0.395036000
10086.083598999 13.294281852 18.299534954 1.708671681 0.393825566 0.525498220 0.643752831 0.392855363
10086.116932332 13.334950448 18.302794813 1.702397129 0.390240550 0.527266863 0.646650923 0.389287236
10086.150265665 13.365819903 18.305035078 1.699242294 0.385776020 0.529099112 0.650060306 0.385554913
10086.183598999 13.406623803 18.307934501 1.696844787 0.377306129 0.532108058 0.656211390 0.379325337
10086.216932332 13.445726822 18.312093717 1.697725827 0.366170479 0.535938553 0.663837167 0.371495979
10086.250265665 13.474333585 18.317572858 1.700691442 0.356339458 0.539106539 0.670273714 0.364855421
10086.283598999 13.510372309 18.325298494 1.706083519 0.342429794 0.543052919 0.679358585 0.355397350
10086.316932332 13.542302337 18.334282016 1.712852400 0.328874789 0.546432463 0.688107831 0.346064373
10086.350265665 13.565135299 18.340923110 1.717425818 0.319249447 0.548454320 0.694165435 0.339723416
10086.383598999 13.598586708 18.351099523 1.724890758 0.305709391 0.550674311 0.702708514 0.330908321
10086.416932332 13.631528243 18.359691032 1.729758795 0.294836574 0.551921765 0.709545344 0.324035746
10086.450265665 13.659540882 18.363975998 1.731203232 0.288012888 0.552424250 0.713796066 0.319954996
10086.483598999 13.693492610 18.375768159 1.735209024 0.279171518 0.552955201 0.719301757 0.314497680
10086.516932332 13.726072375 18.390048493 1.737204925 0.271259125 0.553487377 0.723900744 0.309899860
10086.550265665 13.751345417 18.402379520 1.737333934 0.266054773 0.553714032 0.726759973 0.307303711
10086.583598999 13.785340645 18.420964963 1.735210406 0.260651590 0.553396992 0.729821881 0.305241773
10086.616932332 13.818554836 18.441314493 1.730339617 0.257689557 0.552236451 0.731752926 0.305235399
10086.650265665 13.850679818 18.463015530 1.723756076 0.257113633 0.550304863 0.732643542 0.307067709
10086.683598999 13.875942222 18.479527686 1.718729745 0.257595954 0.548603854 0.732905409 0.309075713
10086.716932332 13.910455176 18.504333811 1.712179953 0.258884603 0.546214976 0.732815942 0.312424002
10086.750265665 13.942735461 18.528806375 1.708318893 0.260204870 0.544066432 0.732585672 0.315600025
10086.783598999 13.966136121 18.547969955 1.707225869 0.261012067 0.542496503 0.732415408 0.318021879
10086.816932332 13.997897295 18.573960153 1.707679164 0.261525200 0.541023027 0.732108848 0.320804129
10086.850265665 14.027062997 18.599951282 1.710758071 0.261143936 0.540172640 0.731870867 0.323082649
10086.883598999 14.048327244 18.619667476 1.713531515 0.260979257 0.539529848 0.731611821 0.324871535
10086.916932332 14.077528807 18.646183207 1.717799867 0.261376410 0.538503532 0.731034562 0.327543565
10086.950265665 14.105049819 18.670192591 1.721602213 0.262257359 0.537550168 0.730176131 0.330308512
10086.983598999 14.126222288 18.688805299 1.724840362 0.263247334 0.536937634 0.729271791 0.332507855
10087.016932332 14.155571916 18.710569603 1.728113081 0.265214024 0.535965883 0.728149659 0.334962935
10087.050265665 14.183405987 18.729402147 1.731053888 0.266945454 0.535357460 0.727180851 0.336660845
10087.083598999 14.205374769 18.744655816 1.732672944 0.268040463 0.535212077 0.726378309 0.337752714
10087.116932332 14.234678876 18.764637895 1.733892160 0.269255964 0.535269680 0.725425126 0.338741764
10087.150265665 14.262757924 18.781936852 1.733443393 0.270322534 0.535429352 0.724566591 0.339476644
10087.183598999 14.284763541 18.794934804 1.732162364 0.271030154 0.535636856 0.723857197 0.340097886
10087.216932332 14.315473151 18.812677361 1.728959826 0.272100072 0.536018068 0.722856575 0.340770529
10087.250265665 14.347257066 18.829452524 1.723143752 0.273569451 0.536531065 0.721499347 0.341661916
10087.283598999 14.370987061 18.839598671 1.718576466 0.275107822 0.536683288 0.720436328 0.342429893
10087.316932332 14.405442841 18.854659244 1.712680449 0.277410350 0.536818526 0.718817161 0.343760465
10087.350265665 14.438373313 18.867846652 1.706715628 0.279379460 0.537020101 0.717332798 0.344949542
10087.383598999 14.462542154 18.878521103 1.702151881 0.280575144 0.537328158 0.716179154 0.345895154
10087.416932332 14.495382172 18.892502889 1.696623684 0.282316643 0.537601776 0.714650413 0.347212371
10087.450265665 14.527210429 18.907045382 1.691067559 0.283771691 0.537929502 0.713193996 0.348510835
10087.483598999 14.549916457 18.917047797 1.689934364 0.283767515 0.538606070 0.712374944 0.349143863
10087.516932332 14.579692182 18.930581723 1.689619661 0.282713349 0.540103821 0.711483001 0.349503884
10087.550265665 14.606231395 18.943747101 1.690286828 0.281748210 0.541351021 0.710661946 0.350023737
10087.583598999 14.624642566 18.953330687 1.691533635 0.281625113 0.541876669 0.709872879 0.350909486
10087.616932332 14.651264918 18.966687916 1.693098874 0.282036016 0.542558145 0.708427566 0.352443938
10087.650265665 14.677773771 18.982730567 1.694898760 0.283451570 0.542707119 0.706644374 0.354651827
10087.683598999 14.695803985 18.993275634 1.696491329 0.285068680 0.542428075 0.705187634 0.356676369
10087.716932332 14.721112371 19.009652073 1.698249551 0.286984900 0.542179545 0.703420576 0.358999305
10087.750265665 14.744888570 19.027100133 1.700405119 0.286957774 0.542760829 0.702438447 0.360064086
10087.783598999 14.763931216 19.042307851 1.702310714 0.284684390 0.544506509 0.702530257 0.359052500
10087.816932332 14.790384383 19.065489007 1.704696158 0.278516406 0.548508874 0.703912626 0.355068503
10087.850265665 14.814964897 19.088673005 1.707755176 0.270036770 0.553597617 0.706176753 0.349176481
10087.883598999 14.833974237 19.105657307 1.708586630 0.263321005 0.557505830 0.708262601 0.343821736
10087.916932332 14.863172310 19.127913520 1.708082696 0.254152009 0.562711628 0.711463441 0.335532638
10087.950265665 14.891692658 19.150457413 1.707739950 0.245772801 0.567032577 0.714520693 0.327917622
10087.983598999 14.911946334 19.168210119 1.707511607 0.240940821 0.569227467 0.717092527 0.322034035
10088.016932332 14.941013642 19.194074030 1.706074294 0.235711880 0.571178417 0.720595447 0.314543046
10088.050265665 14.969187118 19.218322093 1.704463528 0.231786989 0.571945072 0.724245721 0.307606504
10088.083598999 14.989567535 19.239188097 1.702550894 0.228775064 0.572199031 0.727372233 0.301960052
10088.116932332 15.016879458 19.268489062 1.699184994 0.222832810 0.572714903 0.732441640 0.293039967
10088.150265665 15.042516234 19.299602181 1.697274583 0.213088554 0.574177723 0.738694308 0.281502984
10088.183598999 15.060069658 19.322639997 1.696586615 0.203884901 0.575797517 0.743736627 0.271558459
10088.216932332 15.082777853 19.358415810 1.695544312 0.187962444 0.578888187 0.751020437 0.255982207
10088.250265665 15.104604022 19.390512328 1.696742062 0.173032639 0.581067193 0.758077981 0.240288156
10088.283598999 15.115169391 19.407099784 1.698299693 0.164651988 0.582145964 0.761884969 0.231359232
10088.316932332 15.137930312 19.443736219 1.701575719 0.144782607 0.584240518 0.770423749 0.210114875
10088.350265665 15.157812510 19.473092741 1.702760116 0.127629384 0.585699105 0.777358072 0.190739943
10088.383598999 15.171527752 19.493367989 1.704545875 0.115477255 0.586318111 0.782242323 0.176048357
10088.416932332 15.190335579 19.521746601 1.706482374 0.099441168 0.586633383 0.788598685 0.155192918
10088.450265665 15.208774007 19.549948634 1.706634327 0.085897504 0.586152629 0.794150252 0.135543690
10088.483598999 15.221262840 19.570237468 1.705147549 0.078086136 0.585030797 0.798031247 0.121604487
10088.516932332 15.240851904 19.599508864 1.703512136 0.069696105 0.582812210 0.803038733 0.102962004
10088.550265665 15.260265441 19.629096954 1.700684550 0.062635959 0.580478182 0.807348333 0.085501379
10088.583598999 15.271661681 19.646946635 1.699418337 0.056164852 0.578473592 0.810605457 0.071642204
10088.616932332 15.287092863 19.678610342 1.696643568 0.045305579 0.575802806 0.814729879 0.051124924
10088.650265665 15.302340825 19.711138369 1.692955356 0.031912847 0.573028098 0.818383331 0.029480370
10088.683598999 15.312993013 19.733670764 1.688479566 0.021310228 0.570735863 0.820755601 0.012910961
10088.716932332 15.325490541 19.771459576 1.683919473 0.006190861 0.567116567 0.823554362 -0.009934047
10088.750265665 15.338380748 19.809961791 1.679094769 -0.006423462 0.563458089 0.825562211 -0.030343959
10088.783598999 15.346257965 19.839705128 1.675231860 -0.013709876 0.560858008 0.826636825 -0.043839408
10088.816932332 15.356055136 19.881916478 1.669926431 -0.021039898 0.557319276 0.827809508 -0.060695681
10088.850265665 15.367694147 19.925032088 1.664836164 -0.025711577 0.554156360 0.828531129 -0.076064530
10088.883598999 15.376681909 19.955086692 1.663267217 -0.028798885 0.552183325 0.828737019 -0.086366391
10088.916932332 15.389150015 20.001243129 1.662153177 -0.035023469 0.549589320 0.828377045 -0.102549536
10088.950265665 15.398700588 20.039456633 1.662649055 -0.042282965 0.547790410 0.827420729 -0.116244377
10088.983598999 15.403567315 20.082093859 1.664627112 -0.053744981 0.545301186 0.825726870 -0.133915011
10089.016932332 15.405071376 20.127960206 1.668201192 -0.070378931 0.542069348 0.822913334 -0.154987976
10089.050265665 15.404069254 20.170909357 1.672222316 -0.088615663 0.538465427 0.819203241 -0.176375445
10089.083598999 15.402364029 20.201262009 1.675288067 -0.101534596 0.536090667 0.815829497 -0.191623993
10089.116932332 15.395127366 20.242426485 1.681162040 -0.118052169 0.532986574 0.810493747 -0.212341429
10089.150265665 15.390429678 20.282771333 1.685196744 -0.129566251 0.531096310 0.805132181 -0.230024928
10089.183598999 15.386862043 20.312804519 1.687159706 -0.135549107 0.530530166 0.801125598 -0.241582198
10089.216932332 15.381789090 20.353548161 1.689623898 -0.142459683 0.530643406 0.795119781 -0.256724266
10089.250265665 15.377127814 20.396918415 1.690084002 -0.148421969 0.531396996 0.788604835 -0.271460063
10089.283598999 15.373843445 20.424905596 1.690122925 -0.152435389 0.532083853 0.783866307 -0.281431767
10089.316932332 15.364834191 20.465555077 1.688371214 -0.158618459 0.533253318 0.776386220 -0.296151180
10089.350265665 15.355783390 20.506035720 1.685004025 -0.164557983 0.534525153 0.768808313 -0.310060169
10089.383598999 15.348038040 20.533580217 1.681729184 -0.168381098 0.535382208 0.763318047 -0.319936332
10089.416932332 15.335210016 20.571834736 1.677665414 -0.173514941 0.536807956 0.755469436 -0.333160193
10089.450265665 15.321318939 20.609826742 1.671933180 -0.178257972 0.537936753 0.747683497 -0.346146694
10089.483598999 15.309507776 20.634890264 1.668758558 -0.181687195 0.538638507 0.742174867 -0.355013786
10089.516932332 15.289258377 20.668530932 1.666385601 -0.187456147 0.538894526 0.734391212 -0.367590032
10089.550265665 15.270927734 20.705067976 1.664784500 -0.193307850 0.538601969 0.727127537 -0.379243378
10089.583598999 15.258606789 20.728476868 1.663523161 -0.197564361 0.537917261 0.722089290 -0.387556965
10089.616932332 15.238713370 20.763337681 1.664441423 -0.204144074 0.536439528 0.715246940 -0.398722516
10089.650265665 15.218288242 20.798148906 1.667177748 -0.209611620 0.535080588 0.708906069 -0.408905758
10089.683598999 15.204375658 20.822017639 1.670206412 -0.211458282 0.534867826 0.705432187 -0.414206752
10089.716932332 15.189771841 20.849363349 1.673771696 -0.211885707 0.535455132 0.701637341 -0.419639477
10089.750265665 15.175371991 20.878140605 1.677293051 -0.210436572 0.536720571 0.698866206 -0.423359780
10089.783598999 15.161372287 20.904430160 1.680554586 -0.207155038 0.538709884 0.697263546 -0.425090578
10089.816932332 15.148110699 20.936534908 1.682750646 -0.200791334 0.542240965 0.696342495 -0.425164327
10089.850265665 15.138366276 20.965951768 1.682449501 -0.192861403 0.546247011 0.696266128 -0.423830346
10089.883598999 15.130283532 20.986543852 1.682916085 -0.186676621 0.549380212 0.696426765 -0.422283060
10089.916932332 15.121464385 21.018743186 1.681599385 -0.177773769 0.553776559 0.696920317 -0.419559389
10089.950265665 15.112032237 21.046228225 1.681155854 -0.169969270 0.557028624 0.697331912 -0.417801105
10089.983598999 15.105911040 21.066040306 1.680196162 -0.166071878 0.558613475 0.697353532 -0.417215974
10090.016932332 15.096908657 21.096238047 1.678352184 -0.162075268 0.559853638 0.697147136 -0.417470217
10090.050265665 15.089156938 21.114952523 1.677092729 -0.160587381 0.559864301 0.696935617 -0.418383083
10090.083598999 15.081202166 21.139961423 1.674498380 -0.160406597 0.559524517 0.696419561 -0.419764020
10090.116932332 15.070848799 21.172016279 1.671564523 -0.161336136 0.558849765 0.695648291 -0.421581602
10090.150265665 15.059982389 21.202524908 1.669906825 -0.163017409 0.557776800 0.694977643 -0.423457721
10090.183598999 15.053026516 21.223628762 1.666917224 -0.163899346 0.557505435 0.694658898 -0.423997300
10090.216932332 15.041920671 21.256046456 1.663195132 -0.164449016 0.557890468 0.694393363 -0.423712880
10090.250265665 15.031392993 21.287899049 1.659106335 -0.164085932 0.558880528 0.694557322 -0.422277738
10090.283598999 15.023430177 21.314791665 1.655885564 -0.162821134 0.560374487 0.695048618 -0.419972774
10090.316932332 15.012487443 21.350852835 1.651196898 -0.159881855 0.563241142 0.696096713 -0.415507611
10090.350265665 15.002914672 21.388763440 1.647187556 -0.156118553 0.566407581 0.697613093 -0.410055388
10090.383598999 14.995959367 21.416110001 1.645108469 -0.154173439 0.568151334 0.698811093 -0.406322124
10090.416932332 14.987406731 21.454686868 1.643953659 -0.152614193 0.569454729 0.700850790 -0.401545003
10090.450265665 14.978835103 21.493240659 1.645627383 -0.153036021 0.569514388 0.702942339 -0.397624705
10090.483598999 14.973643612 21.518604239 1.647597575 -0.153202335 0.569245964 0.704793776 -0.394656573
10090.516932332 14.967936949 21.550784339 1.650391035 -0.152050347 0.568811229 0.708312584 -0.389394096
10090.550265665 14.961891883 21.587275921 1.654579076 -0.148977561 0.568745930 0.713414404 -0.381278955
10090.583598999 14.958144356 21.608405760 1.657461395 -0.146145174 0.568973348 0.716922463 -0.375410574
10090.616932332 14.953310360 21.636671049 1.661054972 -0.141870064 0.569652787 0.721113835 -0.367917687
10090.650265665 14.947197691 21.669055472 1.665525147 -0.133341527 0.570924910 0.728268902 -0.354808668
10090.683598999 14.942568760 21.691098301 1.668507739 -0.127065831 0.571652430 0.733316633 -0.345419296
10090.716932332 14.935641915 21.719269127 1.671414895 -0.118675320 0.572404962 0.739978770 -0.332716317
10090.750265665 14.929823032 21.747103085 1.671863609 -0.111792408 0.572387543 0.746058643 -0.321358770
10090.783598999 14.925192579 21.764226835 1.671533703 -0.106904412 0.571892234 0.750732818 -0.312907265
10090.816932332 14.918185207 21.789681303 1.669281545 -0.101430437 0.570571009 0.756889250 -0.302124566
10090.850265665 14.911613887 21.817273449 1.665453123 -0.096909416 0.568953836 0.762638691 -0.292031377
10090.883598999 14.905030044 21.843727295 1.660184908 -0.091993135 0.566962333 0.768579786 -0.281737624
10090.916932332 14.900800785 21.863884146 1.655740310 -0.088627736 0.565726247 0.772318166 -0.274997432
10090.950265665 14.895850698 21.891566096 1.649686676 -0.084006307 0.563892954 0.777421753 -0.265674790
10090.983598999 14.889624397 21.922270611 1.645768679 -0.079314331 0.562106133 0.782394558 -0.256134121
10091.016932332 14.885287598 21.944250712 1.643237487 -0.075560577 0.561028545 0.785731520 -0.249326191
10091.050265665 14.879109294 21.975887309 1.640964091 -0.068680724 0.559830251 0.790495790 -0.238724642
10091.083598999 14.873793922 22.008414020 1.642200796 -0.060108704 0.559226667 0.795146000 -0.226705353
10091.116932332 14.870073963 22.033550510 1.646129264 -0.053692147 0.558607085 0.798478633 -0.217961351
10091.150265665 14.865099776 22.064879373 1.652893756 -0.044347787 0.558148132 0.802629412 -0.205645239
10091.183598999 14.862626245 22.085179360 1.658818212 -0.036963034 0.557550494 0.805917171 -0.195623859
10091.216932332 14.859379025 22.112235521 1.665120725 -0.027105594 0.556489751 0.809867033 -0.183575142
10091.250265665 14.856609980 22.140127233 1.670800787 -0.015499852 0.554774213 0.814284363 -0.170077347
10091.283598999 14.857563764 22.163158217 1.673788201 -0.003292941 0.552437960 0.818664749 -0.156810348
10091.316932332 14.857338525 22.179025440 1.675291887 0.005685312 0.550665962 0.821601251 -0.147329765
10091.350265665 14.857728851 22.199470073 1.675478527 0.017721836 0.548325444 0.825080844 -0.135154519
10091.383598999 14.861192260 22.215860056 1.674917804 0.032655553 0.545175564 0.828946080 -0.120688096
10091.416932332 14.862863728 22.227698959 1.674487051 0.041945918 0.543331467 0.830929278 -0.112196216
10091.450265665 14.865614116 22.247286698 1.674065583 0.054493737 0.540602837 0.833426402 -0.100893194
10091.483598999 14.869833440 22.265109102 1.672392118 0.066542842 0.537781482 0.835624363 -0.089972506
10091.516932332 14.872304976 22.279793471 1.671375247 0.073919178 0.536008768 0.836833177 -0.083311398
10091.550265665 14.873919183 22.301126337 1.670452499 0.081326659 0.534073441 0.838056831 -0.076238322
10091.583598999 14.877403082 22.321634042 1.669081904 0.088329521 0.532141296 0.839163394 -0.069486223
10091.616932332 14.882001553 22.340593028 1.666995195 0.093915993 0.530343740 0.840178660 -0.063364996
10091.650265665 14.884795082 22.363701204 1.665433284 0.096956525 0.528703520 0.841228860 -0.058361156
10091.683598999 14.888010129 22.385915495 1.662843951 0.097555687 0.527193220 0.842363282 -0.054537124
10091.716932332 14.890546416 22.402422176 1.661823763 0.096761444 0.526213079 0.843192349 -0.052570727
10091.750265665 14.894028186 22.424271833 1.659520025 0.093765470 0.524932614 0.844445428 -0.050652814
10091.783598999 14.900177716 22.443655054 1.657666458 0.089300497 0.523757228 0.845713069 -0.049731191
10091.816932332 14.901992361 22.458919313 1.658059828 0.086444631 0.523142071 0.846427237 -0.049098182
10091.850265665 14.907103076 22.474051703 1.658916455 0.083753357 0.522270038 0.847310352 -0.047796976
10091.883598999 14.913095617 22.490277713 1.660156148 0.081681170 0.521496867 0.848114156 -0.045514637
10091.916932332 14.916545769 22.502381350 1.661978184 0.081184059 0.521155895 0.848466807 -0.043700789
10091.950265665 14.921330076 22.518820800 1.666099546 0.082820675 0.521011403 0.848589063 -0.039805217
10091.983598999 14.924929407 22.534378015 1.669610985 0.089232430 0.521223296 0.848090833 -0.033253396
10092.016932332 14.926365476 22.546589932 1.672754995 0.097702275 0.521751113 0.847074521 -0.026359009
10092.050265665 14.928763903 22.561086875 1.677108800 0.113443519 0.522617974 0.844857952 -0.014699077
10092.083598999 14.930902113 22.575263937 1.681220341 0.132636131 0.523563636 0.841598461 -0.000898044
10092.116932332 14.932140190 22.581921511 1.682562995 0.144980790 0.524054584 0.839214585 0.008139088
10092.150265665 14.933075235 22.592684550 1.685209339 0.160647389 0.524360837 0.835964231 0.020048299
10092.183598999 14.931329492 22.599762503 1.686695805 0.169889027 0.524853335 0.833557963 0.029117311
10092.216932332 14.926517535 22.600242956 1.687375734 0.171894452 0.525175007 0.832779414 0.033495618
10092.250265665 14.917242555 22.599699143 1.686643286 0.170376024 0.525708756 0.832552887 0.038183816
10092.283598999 14.904173080 22.583142014 1.684193484 0.166967765 0.525919270 0.832884394 0.042828403
10092.316932332 14.894676042 22.568875353 1.682873838 0.165949921 0.525882776 0.832903296 0.046690793
10092.350265665 14.881610255 22.551658214 1.680730592 0.169223784 0.525422093 0.832012430 0.055229086
10092.383598999 14.870504458 22.536026915 1.678930541 0.180016483 0.524138642 0.829639438 0.067610299
10092.416932332 14.863829331 22.516557302 1.676684173 0.192527889 0.522309930 0.827030686 0.078393832
10092.450265665 14.859503713 22.512415559 1.675639374 0.215482831 0.518910711 0.821627015 0.096061814
10092.483598999 14.856442875 22.499482171 1.674210613 0.242496497 0.514047717 0.814631675 0.115436681
10092.516932332 14.854953897 22.483476486 1.673677524 0.259951010 0.510363416 0.809693284 0.127872756
10092.550265665 14.855179797 22.468261991 1.673484732 0.277966925 0.505697581 0.804384364 0.141315746
10092.583598999 14.854181575 22.448766907 1.674888166 0.290474009 0.501688778 0.800393537 0.152654532
10092.616932332 14.852287361 22.426754588 1.674464465 0.295378159 0.499341669 0.798828204 0.159006735
10092.650265665 14.849752271 22.400694725 1.674149050 0.298926434 0.496538347 0.797753026 0.166381386
10092.683598999 14.847146392 22.370951471 1.672860015 0.301617890 0.493615673 0.796909491 0.174084691
10092.716932332 14.844164179 22.350289446 1.670887216 0.304019824 0.491272386 0.796214182 0.179628409
10092.750265665 14.843700401 22.316606165 1.667653426 0.309219572 0.487107795 0.794697885 0.188585588
10092.783598999 14.842314421 22.281630417 1.663080948 0.317265139 0.481541134 0.792389891 0.198945289
10092.816932332 14.842329585 22.253256975 1.659152468 0.323571060 0.477037562 0.790545111 0.206822051
10092.850265665 14.843618518 22.211070406 1.652172577 0.332556627 0.470006840 0.788097445 0.217720181
10092.883598999 14.845211164 22.172793017 1.645955733 0.339284061 0.463861167 0.786353703 0.226642884
10092.916932332 14.845186212 22.131121219 1.640092102 0.343685071 0.457909857 0.785353778 0.235411508
10092.950265665 14.845526686 22.085516091 1.632868742 0.345464340 0.451941988 0.785325910 0.244266338
10092.983598999 14.845353841 22.036380528 1.628052771 0.344555427 0.447019525 0.785972298 0.252393836
10093.016932332 14.843877868 22.000054595 1.625306246 0.343286405 0.443678363 0.786576612 0.258072060
10093.050265665 14.843906626 21.952011942 1.623375503 0.342210108 0.438816249 0.786722395 0.267208560
10093.083598999 14.843504243 21.906615934 1.623409203 0.343275545 0.433451507 0.785702989 0.277403144
10093.116932332 14.842008275 21.875829726 1.624268407 0.345353418 0.429339687 0.784114523 0.285592131
10093.150265665 14.840730597 21.833614491 1.625923961 0.350727069 0.423118102 0.780574639 0.297766399
10093.183598999 14.841566659 21.794063710 1.627989850 0.358708884 0.415507649 0.775509835 0.311874697
10093.216932332 14.842378760 21.769640117 1.628766803 0.364595921 0.410218455 0.771484629 0.321872802
10093.250265665 14.845959030 21.740712877 1.628598863 0.372525949 0.403553885 0.765857996 0.334410242
10093.283598999 14.853148539 21.708893266 1.627201652 0.382695890 0.394894672 0.757885808 0.351014467
10093.316932332 14.862410316 21.686078784 1.624608892 0.390213008 0.388863062 0.752070249 0.361814412
10093.350265665 14.873644299 21.659291892 1.619865735 0.400634213 0.380605880 0.743725015 0.376170831
10093.383598999 14.887792586 21.634619006 1.615633917 0.410863459 0.371830386 0.734228952 0.392225992
10093.416932332 14.899170177 21.614828128 1.611435044 0.418467898 0.365009932 0.727193761 0.403536370
10093.450265665 14.912593209 21.588055042 1.605756082 0.428491150 0.355396142 0.717571524 0.418545128
10093.483598999 14.927433443 21.562573002 1.600654672 0.437617206 0.345444717 0.708084159 0.433331227
10093.516932332 14.939409141 21.540761884 1.596507160 0.443928429 0.337530720 0.700819063 0.444806929
10093.550265665 14.953165441 21.513784436 1.591886218 0.450009301 0.328166618 0.692437020 0.458616697
10093.583598999 14.967563762 21.491907993 1.589492274 0.453901020 0.319810296 0.684725443 0.472065998
10093.616932332 14.979425194 21.470474465 1.588745767 0.456239813 0.313581123 0.678697583 0.482578184
10093.650265665 14.995100955 21.445312024 1.590150301 0.458567121 0.306233855 0.671009307 0.495664737
10093.683598999 15.013072342 21.422981633 1.595050817 0.460041908 0.299667030 0.662914730 0.509023748
10093.716932332 15.026145960 21.407193767 1.599967132 0.460963757 0.294892741 0.656671371 0.518973407
10093.750265665 15.042790305 21.390020675 1.607938386 0.462557968 0.287886603 0.647278889 0.533096117
10093.783598999 15.056191813 21.374307767 1.616391943 0.464371050 0.280897595 0.638213314 0.546021826
10093.816932332 15.070328875 21.356429113 1.622970070 0.467295634 0.272297230 0.628332756 0.559184189
10093.850265665 15.086100720 21.336752418 1.630999129 0.471896292 0.260445577 0.615640924 0.574863674
10093.883598999 15.098706232 21.318967241 1.637305113 0.477501096 0.246466260 0.601508012 0.591130440
10093.916932332 15.107875467 21.304601725 1.641549463 0.481706412 0.235589999 0.590586704 0.603045297
10093.950265665 15.118765530 21.284505900 1.645280764 0.487352062 0.219852438 0.575338959 0.618981385
10093.983598999 15.130455631 21.263122450 1.646687949 0.492923057 0.203773184 0.559751309 0.634178067
10094.016932332 15.138909614 21.244770812 1.645433990 0.497015110 0.191757333 0.548258224 0.644684439
10094.050265665 15.150577644 21.222018213 1.642223982 0.501715294 0.176266191 0.533308028 0.657871219
10094.083598999 15.161052740 21.197108339 1.636168709 0.505392348 0.161257776 0.518400431 0.670697769
10094.116932332 15.170659178 21.178050682 1.629738367 0.507826588 0.150956822 0.507812235 0.679301795
10094.150265665 15.185748201 21.154673917 1.620509261 0.510173183 0.138314577 0.493728560 0.690524808
10094.183598999 15.201730288 21.129995020 1.611222678 0.511220590 0.127600956 0.480549940 0.701030142
10094.216932332 15.216684739 21.112472569 1.605808537 0.511079870 0.121627280 0.471640937 0.708208301
10094.250265665 15.238025745 21.090568681 1.601235390 0.509577419 0.117834133 0.462111152 0.716169850
10094.283598999 15.266143572 21.060904244 1.597967978 0.507114504 0.115926035 0.451549101 0.724913404
10094.316932332 15.286151884 21.039425123 1.598344455 0.505501254 0.115611388 0.444695258 0.730307207
10094.350265665 15.312867293 21.009665882 1.603207387 0.503885131 0.115745898 0.435730296 0.736777966
10094.383598999 15.341457697 20.978788942 1.612689713 0.503284625 0.114901299 0.425755335 0.743124937
10094.416932332 15.362117242 20.954312892 1.620989676 0.503818350 0.113181508 0.417760543 0.747551433
10094.450265665 15.386748654 20.921507021 1.632412605 0.504364513 0.109817947 0.406881973 0.753660080
10094.483598999 15.415306593 20.886721323 1.645595856 0.505119809 0.106839627 0.395798374 0.759462257
10094.516932332 15.436158519 20.859921054 1.653605598 0.505778030 0.104915620 0.388095409 0.763258312
10094.550265665 15.465006060 20.824250948 1.662004997 0.507135014 0.102080239 0.377990004 0.767800273
10094.583598999 15.493423287 20.790793142 1.668631499 0.509045973 0.098836663 0.368255575 0.771680856
10094.616932332 15.517443414 20.761222460 1.672330613 0.511064361 0.095669458 0.359914365 0.774675560
10094.650265665 15.550763554 20.722487096 1.673429640 0.513932813 0.092251834 0.350022427 0.777719078
10094.683598999 15.583303124 20.685620814 1.673201980 0.516481041 0.089671280 0.341544955 0.780098353
10094.716932332 15.607755421 20.657789855 1.671367648 0.518161218 0.088407737 0.335872369 0.781589903
10094.750265665 15.640085030 20.621124510 1.666293997 0.520296479 0.087564834 0.329049258 0.783167006
10094.783598999 15.674215345 20.583966958 1.660590479 0.521840675 0.087707480 0.323331936 0.784503771
10094.816932332 15.701574650 20.556184032 1.655915187 0.522541891 0.088983995 0.319766405 0.785354230
10094.850265665 15.738734937 20.520030420 1.650152350 0.522626898 0.092883966 0.316395561 0.786210877
10094.883598999 15.777649255 20.480920317 1.646526301 0.522061136 0.098182668 0.314040673 0.786886770
10094.916932332 15.817759744 20.444447534 1.644333116 0.521236372 0.104939340 0.312516679 0.787168155
10094.950265665 15.847629232 20.418005172 1.645261264 0.520860697 0.109799547 0.311216691 0.787268928
10094.983598999 15.886251336 20.380088593 1.650212703 0.521586433 0.112825953 0.308280518 0.787515726
10095.016932332 15.923401117 20.341619909 1.657348624 0.524123496 0.111139179 0.303528343 0.787916994
10095.050265665 15.950184050 20.313274778 1.663207890 0.526588330 0.107626286 0.299070894 0.788465544
10095.083598999 15.981995931 20.277891792 1.671796143 0.529590457 0.101694501 0.293802739 0.789222483
10095.116932332 16.012190414 20.239865092 1.680045501 0.532181662 0.095835460 0.289613947 0.789760726
10095.150265665 16.032859388 20.213097683 1.685459834 0.533453856 0.092726865 0.287684189 0.789978809
10095.183598999 16.061266820 20.175728188 1.690380992 0.534564509 0.089889349 0.286419005 0.790015724
10095.216932332 16.087526687 20.137999994 1.693665116 0.535387355 0.087744713 0.286597344 0.789634857
10095.250265665 16.107039465 20.111000669 1.695151288 0.535933221 0.086502696 0.287287120 0.789150795
10095.283598999 16.133109808 20.076454068 1.694639346 0.536631992 0.084873951 0.288662714 0.788350401
10095.316932332 16.159018543 20.040334019 1.691406946 0.537399492 0.083204548 0.290805277 0.787217302
10095.350265665 16.180836191 20.011503431 1.687297435 0.538013358 0.082692458 0.292710417 0.786145149
10095.383598999 16.210809376 19.973756390 1.680238739 0.538054610 0.083437912 0.296699413 0.784541146
10095.416932332 16.236969820 19.941516172 1.672746447 0.537449380 0.086113383 0.301367300 0.782885943
10095.450265665 16.267451880 19.906072903 1.664887475 0.535667099 0.092490462 0.308529797 0.780586727
10095.483598999 16.302044445 19.867881414 1.656166440 0.532292416 0.103103616 0.318709632 0.777469355
10095.516932332 16.337841745 19.828775393 1.648135347 0.527744621 0.116067985 0.330433957 0.773839284
10095.550265665 16.364099427 19.799901297 1.644785545 0.524344084 0.125347701 0.339200206 0.770904959
10095.583598999 16.401735805 19.761250996 1.642686530 0.519807963 0.138137143 0.350938853 0.766524450
10095.616932332 16.441764671 19.720258075 1.643748574 0.515737234 0.149419247 0.362387896 0.761816256
10095.650265665 16.465113199 19.697165290 1.646294971 0.513905948 0.154725639 0.368189429 0.759208271
10095.683598999 16.509530096 19.653277454 1.652600080 0.511051468 0.162621098 0.378629091 0.754334665
10095.716932332 16.551552227 19.613788683 1.659841136 0.509319777 0.168089782 0.387567084 0.749753923
10095.750265665 16.582912560 19.587136806 1.664794171 0.508672539 0.171456873 0.393521358 0.746321466
10095.783598999 16.622850748 19.553861346 1.671458015 0.508360665 0.174842308 0.400635617 0.741950608
10095.816932332 16.663862039 19.521428156 1.679406352 0.508311616 0.178316841 0.408151330 0.737044705
10095.850265665 16.697213135 19.494342710 1.683910371 0.508183792 0.181707286 0.414139116 0.732953265
10095.883598999 16.738910029 19.466304105 1.688555129 0.507293431 0.187275162 0.422489416 0.727381662
10095.916932332 16.782662642 19.438552387 1.690606241 0.506105585 0.193720064 0.431668339 0.721104791
10095.950265665 16.816038987 19.419414041 1.689922106 0.505274126 0.198281135 0.438557653 0.716274971
10095.983598999 16.858850166 19.394477422 1.686159427 0.505217866 0.202077621 0.446025469 0.710620028
10096.016932332 16.902718755 19.370650185 1.680464284 0.506351467 0.204117510 0.452499745 0.705115746
10096.050265665 16.935905544 19.352819028 1.674726340 0.507471471 0.205014322 0.457095722 0.701074414
10096.083598999 16.978421511 19.331506079 1.667838461 0.508928165 0.205996641 0.462531785 0.696147868
10096.116932332 17.024423986 19.310679009 1.661080346 0.510072571 0.207334978 0.468469754 0.690922766
10096.150265665 17.056628336 19.298885365 1.657342719 0.510432022 0.208494811 0.473175227 0.687091165
10096.183598999 17.099701266 19.282743648 1.654087469 0.510717069 0.210760323 0.478988917 0.682142052
10096.216932332 17.146233854 19.266724152 1.654603431 0.510953644 0.213611670 0.484862630 0.676908161
10096.250265665 17.180587222 19.254662106 1.656196264 0.511329401 0.215307932 0.488954242 0.673133336
10096.283598999 17.225572251 19.236322773 1.660499217 0.512080071 0.216787931 0.493724325 0.668590521
10096.316932332 17.268638535 19.218597036 1.665748436 0.512862105 0.217676324 0.498358668 0.664250041
10096.350265665 17.299477812 19.205928106 1.669100919 0.513562833 0.217829897 0.501586076 0.661222172
10096.383598999 17.335920921 19.188466086 1.673080566 0.514658548 0.217169885 0.504433655 0.658415148
10096.416932332 17.377467839 19.167916712 1.676877147 0.516860217 0.214257470 0.507010958 0.655659318
10096.450265665 17.402607767 19.154451686 1.678675395 0.518797675 0.211606002 0.507869551 0.654324378
10096.483598999 17.435965985 19.134849982 1.679895833 0.522808976 0.205925057 0.507562454 0.653181445
10096.516932332 17.466525102 19.114723059 1.678480460 0.527390496 0.198974422 0.506285541 0.652643390
10096.550265665 17.491467328 19.100476644 1.675897295 0.531020775 0.193215704 0.505347225 0.652157045
10096.583598999 17.518621118 19.083546112 1.670803249 0.534873240 0.186886823 0.504049734 0.651857191
10096.616932332 17.546894186 19.065477769 1.663836278 0.537766053 0.181585162 0.503392684 0.651483159
10096.650265665 17.568890040 19.050567944 1.658116734 0.538678804 0.178754601 0.504006476 0.651037180
10096.683598999 17.598692449 19.032231793 1.649956243 0.537115294 0.178456952 0.506645916 0.650361586
10096.716932332 17.633962500 19.012220006 1.642225150 0.532147345 0.181827665 0.511834037 0.649448860
10096.750265665 17.660459137 18.999037496 1.635160744 0.526473685 0.186443822 0.517111998 0.648582563
10096.783598999 17.695128985 18.980543167 1.627434187 0.517640215 0.194187794 0.524215673 0.647717251
10096.816932332 17.727953711 18.963100013 1.621529685 0.510372495 0.199652671 0.529595913 0.647446443
10096.850265665 17.759843352 18.943855894 1.615922822 0.503831147 0.203845614 0.533628822 0.647951712
10096.883598999 17.793071663 18.921536331 1.612284607 0.498926900 0.205855403 0.535658769 0.649434512
10096.916932332 17.828549399 18.897883086 1.611364383 0.495613182 0.205270535 0.535978992 0.651888105
10096.950265665 17.853645064 18.880175632 1.611198284 0.493484602 0.203806893 0.535283799 0.654528038
10096.983598999 17.882692123 18.859268009 1.612502431 0.492083538 0.200353343 0.532398491 0.658987235
10097.016932332 17.910369168 18.840520753 1.615709506 0.491856925 0.194763758 0.527266083 0.664931817
10097.050265665 17.926843467 18.829854041 1.618013266 0.492467849 0.190368164 0.523156424 0.668986350
10097.083598999 17.951854670 18.813574116 1.622066071 0.495074071 0.180901844 0.514026990 0.676721834
10097.116932332 17.974334708 18.798160677 1.626136278 0.498120477 0.171221254 0.503944798 0.684542850
10097.150265665 17.992012154 18.785227365 1.627878909 0.500012384 0.164721911 0.496269744 0.690340966
10097.183598999 18.010906399 18.771290692 1.628299113 0.501020500 0.159539074 0.489055352 0.695953019
10097.216932332 18.037903291 18.751880286 1.626464779 0.500729250 0.154509823 0.478934995 0.704285598
10097.250265665 18.053128134 18.740554826 1.624770229 0.500200117 0.152401562 0.473339747 0.708888630
10097.283598999 18.079957490 18.719827325 1.620065501 0.499139499 0.149876233 0.463553157 0.716599851
10097.316932332 18.107572364 18.698204593 1.614408943 0.499161267 0.146167792 0.452384486 0.724445500
10097.350265665 18.128717555 18.680841293 1.610558325 0.500207781 0.142023876 0.443428012 0.730063691
10097.383598999 18.155207677 18.655208855 1.606934571 0.502809174 0.135295933 0.430879247 0.737035291
10097.416932332 18.182595288 18.626611066 1.603975010 0.506282260 0.127158907 0.416844204 0.744143666
10097.450265665 18.197769067 18.609375675 1.602379770 0.508522125 0.121971239 0.408367531 0.748173927
10097.483598999 18.224187943 18.577636041 1.601308359 0.512398624 0.112352123 0.392448053 0.755519143
10097.516932332 18.252700710 18.544568232 1.602582608 0.515705288 0.103838468 0.376889026 0.762378050
10097.550265665 18.270937163 18.519955312 1.605278491 0.517564665 0.098511369 0.365912605 0.767157280
10097.583598999 18.294745176 18.489075789 1.610922366 0.518950007 0.093312409 0.352913244 0.772939795
10097.616932332 18.319407964 18.458480802 1.618002141 0.520159241 0.087855279 0.338938147 0.778997270
10097.650265665 18.335548701 18.436928805 1.622989892 0.521046565 0.082182370 0.327281482 0.783991943
10097.683598999 18.353284729 18.412286276 1.629331718 0.522395839 0.072742727 0.312012489 0.790227366
10097.716932332 18.367380229 18.388337820 1.636482358 0.524023404 0.060190033 0.294380928 0.796941968
10097.750265665 18.376071488 18.371163013 1.641393596 0.525337595 0.049192495 0.280378390 0.801865617
10097.783598999 18.383007474 18.350405493 1.647061937 0.526622305 0.035050440 0.263316873 0.807529961
10097.816932332 18.387449251 18.330121253 1.651336621 0.527387326 0.020886564 0.246394437 0.812844475
10097.850265665 18.394375421 18.311373469 1.652536342 0.527557272 0.010524043 0.233832837 0.816636255
10097.883598999 18.402910868 18.284338285 1.652427472 0.527239194 -0.000795262 0.219633569 0.820840603
10097.916932332 18.411734244 18.254993523 1.651133132 0.526402988 -0.010424141 0.206692852 0.824663142
10097.950265665 18.421452893 18.228690797 1.647753589 0.525528020 -0.017365428 0.196902486 0.827495108
10097.983598999 18.432959385 18.195404920 1.641661715 0.524189796 -0.024308931 0.186178994 0.830645240
10098.016932332 18.443730331 18.159500037 1.632712862 0.522745955 -0.030638550 0.175795259 0.833603007
10098.050265665 18.452737226 18.130863432 1.624663098 0.521510427 -0.034851986 0.168171857 0.835781335
10098.083598999 18.459481295 18.094139798 1.613993039 0.519709387 -0.038225151 0.159848460 0.838385031
10098.116932332 18.468377939 18.054358338 1.603906403 0.517899566 -0.039020996 0.152925281 0.840756362
10098.150265665 18.477123880 18.019936618 1.596265511 0.516441479 -0.038497779 0.147669936 0.842614805
10098.183598999 18.485345198 17.978111543 1.589297499 0.514920546 -0.037775824 0.141445385 0.844643725
10098.216932332 18.495627780 17.929790827 1.586317232 0.513925917 -0.037321449 0.134974667 0.846326828
10098.250265665 18.501038316 17.893094389 1.586416365 0.513379160 -0.037462482 0.129872079 0.847450083
10098.283598999 18.507581614 17.847069290 1.589468496 0.513309697 -0.039202717 0.122817875 0.848464538
10098.316932332 18.514192989 17.800138573 1.594364828 0.513158835 -0.042599830 0.114788229 0.849515702
10098.350265665 18.516601742 17.769582498 1.597852644 0.512944289 -0.045715890 0.108650474 0.850290120
10098.383598999 18.521254902 17.728073856 1.603157248 0.512740771 -0.050837982 0.099906494 0.851193923
10098.416932332 18.527255605 17.688446846 1.609081322 0.512459080 -0.057794469 0.090310913 0.851991449
10098.450265665 18.533048192 17.660348868 1.612711957 0.512177432 -0.063088846 0.083340866 0.852495381
10098.483598999 18.541111076 17.626825016 1.617061592 0.511582015 -0.068290904 0.075677316 0.853166536
10098.516932332 18.548837718 17.594486714 1.621213936 0.510679676 -0.070556214 0.069766056 0.854026222
10098.550265665 18.556640168 17.569319611 1.623309110 0.510014158 -0.069277550 0.067198570 0.854734188
10098.583598999 18.561543979 17.542454712 1.627318675 0.509086729 -0.064965984 0.066684657 0.855665402
10098.616932332 18.568678953 17.511629492 1.628761877 0.508554388 -0.060602978 0.066499683 0.856316242
10098.650265665 18.574866870 17.487687028 1.628105819 0.508414402 -0.058532126 0.066040481 0.856578917
10098.683598999 18.582612047 17.457646826 1.624262720 0.508470099 -0.058056113 0.064776056 0.856674798
10098.716932332 18.589679443 17.426822878 1.618381722 0.508770257 -0.059276592 0.062933968 0.856550306
10098.750265665 18.595714575 17.399578573 1.611637988 0.509315623 -0.061213502 0.061023193 0.856228167
10098.783598999 18.605975302 17.364218547 1.602759514 0.510002931 -0.063827050 0.058808417 0.855783085
10098.816932332 18.615707964 17.325697135 1.591575870 0.510979952 -0.065676358 0.057005004 0.855182165
10098.850265665 18.622334801 17.294807923 1.582041818 0.511754902 -0.065926104 0.056377026 0.854741072
10098.883598999 18.632257667 17.255160054 1.569662884 0.512797822 -0.063118089 0.057139781 0.854277207
10098.916932332 18.645584739 17.210175157 1.555858529 0.513952196 -0.056821801 0.059636787 0.853854716
10098.950265665 18.657227525 17.173816236 1.545203364 0.514952635 -0.050550304 0.062374411 0.853450575
10098.983598999 18.673583220 17.126477018 1.532508193 0.515661708 -0.042020854 0.066493926 0.853173961
10099.016932332 18.691005387 17.076482293 1.519980586 0.516599753 -0.031306372 0.071639465 0.852650217
10099.050265665 18.705042787 17.037652106 1.511702841 0.517233333 -0.023800193 0.075346394 0.852189035
10099.083598999 18.722749741 16.990358581 1.504400482 0.518173296 -0.017877345 0.078140762 0.851510926
10099.116932332 18.744695901 16.938734999 1.497138888 0.519312527 -0.016235229 0.079008186 0.850769430
10099.150265665 18.760465113 16.900982859 1.493338821 0.520334779 -0.017835391 0.078296188 0.850178407
10099.183598999 18.777256377 16.855271757 1.491317517 0.521942545 -0.021735648 0.076176825 0.849294197
10099.216932332 18.794073699 16.807008866 1.492048044 0.523757647 -0.026791861 0.073940813 0.848229261
10099.250265665 18.812614195 16.757515503 1.493568105 0.525781783 -0.030022133 0.073279489 0.846925206
10099.283598999 18.827476178 16.717839590 1.494830758 0.527303083 -0.029893251 0.074489399 0.845877758
10099.316932332 18.845887034 16.668703338 1.496216049 0.529044414 -0.025295140 0.078959070 0.844533972
10099.350265665 18.866224642 16.616044447 1.497175347 0.530595001 -0.016204748 0.086675000 0.843026569
10099.383598999 18.882973149 16.575807263 1.496641936 0.531587928 -0.007313456 0.094381714 0.841696430
10099.416932332 18.903648740 16.527134913 1.493706972 0.532795677 0.003759629 0.104385097 0.839772816
10099.450265665 18.925908859 16.475908357 1.488377074 0.534068927 0.013777208 0.114920059 0.837480716
10099.483598999 18.942045539 16.437008133 1.483860642 0.535007856 0.019910980 0.122421285 0.835693231
10099.516932332 18.962505652 16.385324722 1.477014032 0.536430169 0.026794767 0.131644705 0.833183285
10099.550265665 18.985902382 16.327056402 1.468988670 0.537830303 0.033863086 0.142010456 0.830316137
10099.583598999 19.003489661 16.282282879 1.463469818 0.538529225 0.039904669 0.150621866 0.828074239
10099.616932332 19.025418586 16.231551116 1.458296389 0.538884886 0.049491986 0.162721561 0.825030494
10099.650265665 19.051697607 16.175200503 1.455251665 0.538534348 0.061800835 0.177648501 0.821341843
10099.683598999 19.072085407 16.133029244 1.454487541 0.537649848 0.071857378 0.189560246 0.818435136
10099.716932332 19.098512413 16.083982593 1.455949477 0.535583761 0.086494388 0.205934685 0.814407552
10099.750265665 19.129381724 16.035002228 1.458795015 0.532122667 0.104237155 0.224847940 0.809582292
10099.783598999 19.154044496 16.000351305 1.461825893 0.528652650 0.119079773 0.240156647 0.805401247
10099.816932332 19.184330953 15.958599059 1.466653143 0.523869216 0.136470029 0.258639999 0.800026454
10099.850265665 19.219861486 15.913506412 1.473110879 0.518651294 0.153608737 0.278117360 0.793760622
10099.883598999 19.247225949 15.882379067 1.477757300 0.514823481 0.165116741 0.292448904 0.788775560
10099.916932332 19.278824872 15.845691560 1.481527730 0.510942815 0.176166076 0.307976598 0.782977247
10099.950265665 19.310671511 15.809233760 1.483777404 0.507473267 0.185265380 0.322571045 0.777235835
10099.983598999 19.339971065 15.778820271 1.483153287 0.504617814 0.191985347 0.335096538 0.772148171
10100.016932332 19.375677037 15.742827826 1.480132060 0.501480515 0.198628325 0.349020640 0.766321522
10100.050265665 19.414106425 15.707211313 1.474852113 0.497993547 0.205074849 0.363339216 0.760217961
10100.083598999 19.444675094 15.681961982 1.469854916 0.494789282 0.210501000 0.374747085 0.755273141
10100.116932332 19.483053788 15.652794867 1.463880813 0.489865562 0.218481227 0.388778787 0.749098618
10100.150265665 19.527893942 15.622139673 1.457403824 0.483708543 0.228238874 0.404449745 0.741858117
10100.183598999 19.565412103 15.598135021 1.453212890 0.478734962 0.235845545 0.416514402 0.736006432
10100.216932332 19.611111556 15.571284292 1.450339006 0.472904358 0.244933396 0.430252843 0.728870078
10100.250265665 19.662625796 15.543843677 1.450038861 0.466762701 0.254442148 0.444867555 0.720752824
10100.283598999 19.702840963 15.522785287 1.452087149 0.462539669 0.261006980 0.455512527 0.714451362
10100.316932332 19.751671204 15.499114071 1.455734752 0.457066638 0.269410028 0.468642147 0.706316405
10100.350265665 19.804969884 15.476098639 1.459838439 0.449798915 0.280354057 0.483735586 0.696478586
10100.383598999 19.845420281 15.459678857 1.463127241 0.443551785 0.289675142 0.495630713 0.688258907
10100.416932332 19.895684728 15.437976648 1.466175813 0.434919827 0.302113131 0.510577784 0.677408833
10100.450265665 19.949107574 15.415865106 1.469002734 0.425310615 0.315502722 0.526385932 0.665196786
10100.483598999 19.990998145 15.401063966 1.471223201 0.417732340 0.325569289 0.538887822 0.655060489
10100.516932332 20.038987385 15.386403714 1.472975441 0.410132860 0.335508570 0.552594095 0.643323249
10100.550265665 20.090777860 15.373672375 1.474819456 0.403591336 0.344318253 0.566483617 0.630599148
10100.583598999 20.132065773 15.364852554 1.475007623 0.399766765 0.349960029 0.576563557 0.620716503
10100.616932332 20.183158955 15.352062912 1.472436395 0.396796502 0.355040313 0.587552220 0.609328565
10100.650265665 20.240603443 15.339307091 1.467975837 0.394609568 0.359601155 0.599040936 0.596758121
10100.683598999 20.287067072 15.330420433 1.463456729 0.393252733 0.362906800 0.607741470 0.586771888
10100.716932332 20.340528957 15.323340718 1.456947778 0.391881879 0.366612034 0.617321541 0.575272392
10100.750265665 20.400143804 15.317365891 1.449982056 0.390467508 0.370617869 0.627517438 0.562493898
10100.783598999 20.446715374 15.314703430 1.445616125 0.388847667 0.374010143 0.635368938 0.552467390
10100.816932332 20.501456194 15.311183844 1.439433741 0.386594865 0.378226629 0.644398710 0.540591648
10100.850265665 20.561964948 15.308463777 1.434138530 0.383424838 0.382976356 0.654350638 0.527389559
10100.883598999 20.610333356 15.308463227 1.431928070 0.379511955 0.387686779 0.662589064 0.516377159
10100.916932332 20.664014165 15.312853969 1.430978985 0.372696034 0.394761090 0.672681589 0.502753249
10100.950265665 20.723281075 15.320681698 1.432158644 0.363305547 0.403503737 0.684218514 0.486866346
10100.983598999 20.770596195 15.327949886 1.434217341 0.355240231 0.410539307 0.693080752 0.474237205
10101.016932332 20.823200984 15.338398193 1.439042937 0.346483535 0.417777299 0.702080045 0.460971689
10101.050265665 20.876313820 15.355106593 1.446859962 0.338254268 0.424444213 0.710472227 0.447951308
10101.083598999 20.916549395 15.370537176 1.452770186 0.333124385 0.428683257 0.716188675 0.438557398
10101.116932332 20.966203859 15.386666605 1.459184969 0.328517629 0.433109271 0.721628858 0.428654078
10101.150265665 21.018229770 15.404982122 1.465227043 0.323888589 0.437855831 0.726800372 0.418496921
10101.183598999 21.055721159 15.427116573 1.470946237 0.320247929 0.441902369 0.730400831 0.410704500
10101.216932332 21.102737265 15.447740008 1.474161205 0.317100684 0.445921844 0.733989720 0.402318227
10101.250265665 21.153492932 15.470475158 1.474528781 0.314702800 0.449533129 0.737219639 0.394194516
10101.283598999 21.193662339 15.489031596 1.473279310 0.313565223 0.451936767 0.739300973 0.388412257
10101.316932332 21.240616991 15.510633780 1.469961551 0.312859623 0.454474573 0.741325041 0.382111113
10101.350265665 21.292735804 15.533801501 1.465432418 0.312082552 0.457186181 0.743370803 0.375479860
10101.383598999 21.333746909 15.553293794 1.462109617 0.311354261 0.459518295 0.744762445 0.370446166
10101.416932332 21.378392790 15.575634128 1.459888492 0.310660703 0.461907121 0.746145465 0.365237847
10101.450265665 21.429138867 15.601929376 1.459626961 0.309785721 0.464588204 0.747474411 0.359823029
10101.483598999 21.467444539 15.625248600 1.461813713 0.308572525 0.467029797 0.748425495 0.355704152
10101.516932332 21.511096562 15.650426041 1.466270190 0.307087440 0.469715283 0.749397434 0.351380624
10101.550265665 21.554476959 15.672661046 1.472737969 0.306578959 0.471657355 0.749858476 0.348225425
10101.583598999 21.594780818 15.692083236 1.479841519 0.307428555 0.472394912 0.749816055 0.346564013
10101.616932332 21.637355089 15.710896118 1.488079059 0.310211415 0.471665561 0.749235125 0.346333949
10101.650265665 21.682084356 15.728786804 1.495853882 0.314641471 0.469863385 0.747979085 0.347500262
10101.683598999 21.715200804 15.742285802 1.501484785 0.318625268 0.467929806 0.746677865 0.349273248
10101.716932332 21.751032153 15.756701002 1.507344752 0.323386709 0.465298310 0.745034079 0.351912972
10101.750265665 21.793511382 15.771426228 1.511621395 0.328670093 0.462264042 0.743010582 0.355279045
10101.783598998 21.826789324 15.782952938 1.512569910 0.333097375 0.459580285 0.741247948 0.358306545
10101.816932332 21.861759968 15.796464479 1.510395395 0.338625641 0.456147700 0.739072375 0.361986153
10101.850265665 21.902044219 15.812089667 1.504773147 0.344499076 0.452339502 0.736634730 0.366167497
10101.883598998 21.934869400 15.824704171 1.498561317 0.348352184 0.449736164 0.734880366 0.369241097
10101.916932332 21.973359527 15.838485964 1.489752565 0.350833220 0.447624030 0.733683993 0.371828694
10101.950265665 22.018179050 15.854706965 1.479827276 0.350109009 0.447226845 0.733610986 0.373131011
10101.983598998 22.055605281 15.867825822 1.472906849 0.346357926 0.448669922 0.734630221 0.372893988
10102.016932332 22.100464640 15.883828611 1.467543620 0.339054130 0.451893578 0.736801366 0.371427299
10102.050265665 22.153853304 15.899671387 1.465018708 0.333022378 0.454298724 0.738703795 0.370169513
10102.083598998 22.197596077 15.910602893 1.465625232 0.330493155 0.455043498 0.739740276 0.369450962
10102.116932332 22.246360987 15.922092708 1.469373461 0.329557323 0.454947356 0.740475587 0.368931943
10102.150265665 22.301277736 15.932871235 1.474385132 0.330271532 0.453925703 0.740614666 0.369272376
10102.183598998 22.337434104 15.938850834 1.477753039 0.331555946 0.452750113 0.740390704 0.370012966
10102.216932332 22.389726027 15.948159427 1.483569457 0.334261115 0.450143180 0.739836028 0.371864595
10102.250265665 22.445646489 15.957983590 1.488797368 0.336868271 0.447273644 0.739229909 0.374172684
10102.283598998 22.476959024 15.965114016 1.492302719 0.338238383 0.445512674 0.738899419 0.375687240
10102.316932332 22.519800418 15.976994280 1.496765399 0.340247199 0.442750480 0.738263843 0.378378586
10102.350265665 22.569783249 15.989348000 1.500216058 0.342881129 0.439480960 0.737194609 0.381881037
10102.383598998 22.605690790 15.998827936 1.502259091 0.344882953 0.437119670 0.736267627 0.384567451
10102.416932332 22.647392591 16.011249054 1.502982716 0.346513084 0.434772600 0.735465203 0.387288529
10102.450265665 22.694603816 16.025728430 1.501506119 0.346816980 0.432947597 0.735119474 0.389709788
10102.483598998 22.727080431 16.035642559 1.500047384 0.345938525 0.432373794 0.735230416 0.390916455
10102.516932332 22.772415127 16.052722442 1.496241321 0.341642385 0.433134706 0.736505669 0.391451409
10102.550265665 22.824748881 16.073316721 1.491407130 0.334840048 0.434777048 0.738753029 0.391273590
10102.583598998 22.865151319 16.089529609 1.487620059 0.329087288 0.436156146 0.740685315 0.390966288
10102.616932332 22.909918637 16.107371055 1.484501926 0.324023511 0.436672244 0.742380182 0.391404881
10102.650265665 22.959303089 16.127372930 1.482721189 0.320986340 0.435825393 0.743178877 0.393330845
10102.683598998 22.996355370 16.143971308 1.482721290 0.320821410 0.433944101 0.742857374 0.396142729
10102.716932332 23.039391752 16.162008303 1.485163159 0.324532755 0.429616815 0.740955669 0.401363402
10102.750265665 23.088850130 16.179973760 1.489262892 0.332415846 0.422405853 0.737376898 0.409082280
10102.783598998 23.126738950 16.191394788 1.492212974 0.340161089 0.415601887 0.733902198 0.415876266
10102.816932332 23.169414275 16.202116400 1.494359744 0.349665487 0.406822827 0.729783411 0.423845972
10102.850265665 23.208296223 16.211176618 1.495050401 0.358088683 0.398617219 0.725925325 0.431171927
10102.883598998 23.246265858 16.220003070 1.496390030 0.364795067 0.391276109 0.722625842 0.437766443
10102.916932332 23.288061740 16.231273199 1.498033919 0.369770565 0.384622508 0.719941534 0.443868724
10102.950265665 23.331880950 16.242507936 1.498290116 0.372488828 0.379198841 0.718008272 0.449360027
10102.983598998 23.369669838 16.251044578 1.497115461 0.373708000 0.375496167 0.716884839 0.453234032
10103.016932332 23.411998179 16.260824402 1.492669611 0.374259870 0.371981974 0.716135078 0.456847361
10103.050265665 23.457672568 16.272052621 1.484789069 0.374376886 0.368430008 0.715560712 0.460515086
10103.083598998 23.493876048 16.280881256 1.476504998 0.374140454 0.365825228 0.715287839 0.463199882
10103.116932332 23.538944840 16.290948872 1.465279608 0.372875344 0.363464007 0.715588224 0.465608621
10103.150265665 23.590262329 16.301564733 1.452566622 0.369312548 0.362551805 0.716874468 0.467178154
10103.183598998 23.632491242 16.310836513 1.443541542 0.364962667 0.363014368 0.718588616 0.467603701
10103.216932332 23.683780588 16.320607897 1.437220456 0.360496198 0.363437349 0.720475165 0.467836853
10103.250265665 23.743836743 16.330198578 1.433966782 0.356892919 0.362995560 0.722146817 0.468364861
10103.283598998 23.792942520 16.337345979 1.433934546 0.354301952 0.362463895 0.723519257 0.468625582
10103.316932332 23.845717443 16.344873261 1.437113981 0.351064337 0.362469593 0.725268860 0.468353185
10103.350265665 23.897082442 16.351226295 1.442360976 0.347646353 0.362765996 0.727084606 0.467857694
10103.383598998 23.948555432 16.357414017 1.449293359 0.343738220 0.363412974 0.729263480 0.466850965
10103.416932332 24.005157903 16.365246237 1.456994140 0.339427265 0.364194572 0.731736484 0.465524612
10103.450265665 24.062980178 16.374140017 1.464317585 0.336348636 0.364279879 0.733662890 0.464659583
10103.483598998 24.108217999 16.381449851 1.469345812 0.335502871 0.363489225 0.734499504 0.464568494
10103.516932332 24.158729257 16.390667476 1.473109284 0.337321037 0.360981360 0.734263723 0.465578953
10103.550265665 24.215570098 16.402621573 1.475738102 0.341266650 0.357360522 0.733060547 0.467389308
10103.583598998 24.271335519 16.414925056 1.475468331 0.345394700 0.354131467 0.731627193 0.469057625
10103.616932332 24.314557926 16.424576448 1.473363803 0.347744499 0.352428480 0.730804561 0.469885756
10103.650265665 24.365805086 16.438622354 1.469176468 0.348132407 0.352315498 0.730749632 0.469768659
10103.683598998 24.423807945 16.456021658 1.463484801 0.345917235 0.354286161 0.731576911 0.468633978
10103.716932332 24.470944250 16.471421138 1.458496580 0.342080860 0.357516256 0.732939937 0.466863856
10103.750265665 24.514788364 16.491810363 1.454644935 0.336115968 0.362403458 0.734992534 0.464193672
10103.783598998 24.573940839 16.518401553 1.451086702 0.328714411 0.369075561 0.737225625 0.460682586
10103.816932332 24.620687614 16.540937853 1.450329005 0.325401425 0.373212479 0.737781150 0.458808602
10103.850265665 24.667164525 16.564265814 1.453643455 0.327817273 0.374295462 0.735941755 0.459160621
10103.883598998 24.723558777 16.587411984 1.460738128 0.335330279 0.372785957 0.731861197 0.461479603
10103.916932332 24.770129615 16.603753275 1.468477531 0.343884474 0.369914122 0.727499814 0.464382419
10103.950265665 24.819170271 16.619587009 1.478036522 0.353822921 0.365963193 0.722556531 0.467752437
10103.983598998 24.871524425 16.637318073 1.489113566 0.363160874 0.361979704 0.717959228 0.470764717
10104.016932332 24.912711239 16.650328070 1.497461892 0.367940312 0.360103105 0.715596948 0.472087585
10104.050265665 24.956940947 16.663048061 1.505632956 0.369039191 0.360615187 0.714846270 0.471976241
10104.083598998 25.003796121 16.678476443 1.513474201 0.367073127 0.363134533 0.715479216 0.470616746
10104.116932332 25.039090718 16.692226334 1.517736777 0.363929759 0.366111270 0.716771686 0.468781419
10104.150265665 25.076215154 16.707170231 1.518367807 0.360191813 0.369591473 0.718400790 0.466437891
10104.183598998 25.113384507 16.722165887 1.516481374 0.356608579 0.372842450 0.719991427 0.464145638
10104.216932332 25.154066412 16.736836530 1.511411623 0.353544491 0.375692109 0.721411785 0.461981351
10104.250265665 25.205675948 16.753955613 1.504101122 0.351487615 0.378143541 0.722375998 0.460040037
10104.283598998 25.259391999 16.770374419 1.494577047 0.352167138 0.378930447 0.722187246 0.459168385
10104.316932332 25.303116173 16.782454594 1.485949038 0.355008560 0.378164949 0.721082729 0.459347244
10104.350265665 25.349554546 16.795231566 1.477690689 0.359820709 0.376425415 0.719109830 0.460123914
10104.383598998 25.402917303 16.809548089 1.470594001 0.365277496 0.374570620 0.716832963 0.460890122
10104.416932332 25.447660568 16.821241800 1.466764574 0.368704159 0.373783798 0.715390242 0.461041991
10104.450265665 25.497170415 16.833676937 1.466042653 0.369352696 0.375088596 0.715170292 0.459802767
10104.483598998 25.557283172 16.849804928 1.469403490 0.366219042 0.379373259 0.716635880 0.456500339
10104.516932332 25.607478358 16.864805983 1.474243210 0.360929301 0.384891406 0.718938195 0.452456094
10104.550265665 25.662230696 16.881581063 1.480937926 0.353093971 0.392241898 0.722242213 0.447031461
10104.583598998 25.722574310 16.900696509 1.489444964 0.344436787 0.400286759 0.725663850 0.441073449
10104.616932332 25.772371957 16.916434344 1.496282460 0.339281871 0.405633927 0.727491370 0.437155848
10104.650265665 25.825656320 16.934809613 1.503056716 0.338237826 0.408686463 0.727590970 0.434950491
10104.683598998 25.883734497 16.954670868 1.509434866 0.342192504 0.408989331 0.725631561 0.434845783
10104.716932332 25.926926157 16.969235800 1.513223043 0.348371424 0.407394364 0.722754681 0.436225692
10104.750265665 25.971193316 16.984370267 1.515108733 0.356346998 0.404859682 0.719054346 0.438253697
10104.783598998 26.015450766 16.998454753 1.514269216 0.363453127 0.402720547 0.715685787 0.439899806
10104.816932332 26.062172470 17.012983228 1.510280495 0.368828494 0.401629536 0.713125209 0.440581086
10104.850265665 26.114709660 17.029258110 1.503971553 0.372484571 0.401796648 0.711440227 0.440076699
10104.883598998 26.168443401 17.047587199 1.496238405 0.373463916 0.403589928 0.711001325 0.438311521
10104.916932332 26.213540533 17.063901286 1.489370750 0.372624960 0.406113235 0.711321479 0.436170187
10104.950265665 26.260618418 17.081080897 1.482621204 0.370555115 0.409452866 0.712100298 0.433532492
10104.983598998 26.317461318 17.101819708 1.476834703 0.368623141 0.412875183 0.712651601 0.431020601
10105.016932332 26.363713134 17.119314423 1.474144846 0.368458272 0.414833461 0.712363153 0.429756256
10105.050265665 26.413094887 17.136714234 1.475457963 0.370719167 0.415413082 0.710823576 0.429801249
10105.083598998 26.470827223 17.156016307 1.481235558 0.375372072 0.414694428 0.708070119 0.431000053
10105.116932332 26.516799914 17.170846786 1.488250298 0.380124425 0.413329023 0.705374471 0.432563748
10105.150265665 26.564537953 17.184583914 1.496608473 0.384648150 0.411664844 0.702778623 0.434373184
10105.183598998 26.617558204 17.198598186 1.505888834 0.388694628 0.409822851 0.700462619 0.436249740
10105.216932332 26.659912768 17.209257972 1.512573068 0.390916303 0.408559930 0.699145175 0.437560569
10105.250265665 26.702703460 17.220049422 1.518290346 0.391955511 0.407707661 0.698224702 0.438893616
10105.283598998 26.749655403 17.232547391 1.523222728 0.392553396 0.406898504 0.697291591 0.440590372
10105.316932332 26.785159775 17.243719144 1.525763271 0.393008494 0.406114911 0.696500578 0.442156021
10105.350265665 26.821308180 17.255185423 1.525582616 0.393994452 0.404859224 0.695402707 0.444153639
10105.383598998 26.861137208 17.267404586 1.522891522 0.395780650 0.402999314 0.693826882 0.446714101
10105.416932332 26.897378376 17.277326998 1.518971512 0.397862445 0.401030423 0.692283478 0.449025234
10105.450265665 26.941855455 17.287218467 1.512468717 0.400648257 0.398451628 0.690537742 0.451525083
10105.483598998 26.993044554 17.297945954 1.503268396 0.403823978 0.395463237 0.688782651 0.453997228
10105.516932332 27.035560764 17.306015034 1.494853701 0.405710788 0.393527773 0.687853539 0.455403290
10105.550265665 27.082140548 17.314315768 1.485583884 0.405381657 0.393091304 0.688187403 0.455568915
10105.583598998 27.134994914 17.325146582 1.475710280 0.402223568 0.394446436 0.690060745 0.454361507
10105.616932332 27.179574920 17.334861592 1.468839924 0.397953519 0.396747667 0.692435648 0.452501004
10105.650265665 27.228718430 17.345665872 1.464166509 0.391992698 0.400209419 0.695566155 0.449846496
10105.683598998 27.285137349 17.358787414 1.462286424 0.383889695 0.405045027 0.699560651 0.446298246
10105.716932332 27.330935643 17.370226022 1.462628086 0.376887317 0.409278884 0.702770395 0.443351462
10105.750265665 27.381119790 17.382906418 1.465550251 0.369843988 0.413314979 0.705997295 0.440402058
10105.783598998 27.440242197 17.398430248 1.470898552 0.363644464 0.416411037 0.708859557 0.438044154
10105.816932332 27.489756301 17.411510324 1.476182888 0.361294547 0.416995531 0.710057636 0.437491865
10105.850265665 27.540075372 17.423068744 1.482591983 0.363050349 0.414510536 0.709655491 0.439049591
10105.883598998 27.595450085 17.435078060 1.489186010 0.368787078 0.409024339 0.707804342 0.442389189
10105.916932332 27.639454911 17.443308623 1.493541678 0.375338063 0.403248757 0.705515332 0.445824960
10105.950265665 27.685678873 17.451009064 1.496341781 0.382318609 0.396968166 0.703139452 0.449270150
10105.983598998 27.739740595 17.460168910 1.496494818 0.387757141 0.391471480 0.701706403 0.451666475
10106.016932332 27.783593756 17.467526578 1.493773121 0.389249426 0.388966168 0.702073298 0.451977088
10106.050265665 27.829461807 17.476035435 1.488392652 0.387355382 0.388620515 0.704233299 0.450538970
10106.083598998 27.884560840 17.487061649 1.479711074 0.382431753 0.390102109 0.707995875 0.447557974
10106.116932332 27.931305348 17.496986145 1.471382999 0.376597323 0.392487804 0.711833468 0.444320710
10106.150265665 27.976558234 17.508151982 1.462849803 0.369004029 0.396115549 0.716212351 0.440418401
10106.183598998 28.030883725 17.522959274 1.453751560 0.359699015 0.400858159 0.721303460 0.435489005
10106.216932332 28.076908268 17.536198942 1.447501542 0.352174813 0.404800319 0.725238415 0.431438111
10106.250265665 28.125381647 17.551673002 1.443978715 0.344284252 0.409387976 0.728905957 0.427277363
10106.283598998 28.180639953 17.570970839 1.443250650 0.334849598 0.415576358 0.732790304 0.422126056
10106.316932332 28.224407336 17.587403022 1.445141415 0.327196132 0.420769452 0.735791822 0.417739337
10106.350265665 28.271012973 17.604031675 1.450093038 0.320965038 0.425234043 0.738121524 0.413925197
10106.383598998 28.324217052 17.621688481 1.457645571 0.317683027 0.428162157 0.739214100 0.411481684
10106.416932332 28.366339382 17.634350473 1.464891778 0.318975902 0.427917998 0.738813978 0.411454088
10106.450265665 28.406822131 17.645170746 1.472845775 0.325042165 0.424821795 0.736641331 0.413803798
10106.483598998 28.453443315 17.656096455 1.481732515 0.335378258 0.419570600 0.732563232 0.418130418
10106.516932332 28.488137378 17.665440684 1.489347584 0.344976261 0.414622243 0.728560076 0.422232152
10106.550265665 28.521838867 17.674547877 1.495445037 0.354452013 0.409711582 0.724639088 0.425908889
10106.583598998 28.566567506 17.683409144 1.499494731 0.363345262 0.405364956 0.720946062 0.428831259
10106.616932332 28.605426539 17.690489502 1.499940780 0.368290217 0.403298885 0.718970933 0.429875706
10106.650265665 28.646347018 17.699601339 1.497536227 0.370456852 0.402941932 0.718465610 0.429193066
10106.683598998 28.697665097 17.712658653 1.492335255 0.369970871 0.404401348 0.719412509 0.426645926
10106.716932332 28.737757633 17.723556671 1.485251768 0.367685832 0.406821518 0.721127726 0.423412546
10106.750265665 28.779922320 17.735463322 1.476811427 0.363779846 0.410213846 0.723597719 0.419279340
10106.783598998 28.833484812 17.751007379 1.466560445 0.358621682 0.414448334 0.726838811 0.413918362
10106.816932332 28.880049126 17.765020735 1.457743328 0.354344651 0.417864050 0.729699940 0.409105734
10106.850265665 28.928100544 17.780146901 1.449216873 0.349982905 0.421405395 0.732702774 0.403826824
10106.883598998 28.983876203 17.797926311 1.440888023 0.345527734 0.425207849 0.735918751 0.397784441
10106.916932332 29.033016851 17.813851895 1.436213375 0.342393071 0.428042994 0.738497452 0.392641941
10106.950265665 29.083984437 17.831594961 1.434629183 0.339549996 0.430766921 0.741206928 0.386985724
10106.983598998 29.141978979 17.854114768 1.435410381 0.336573717 0.433832689 0.744266647 0.380229521
10107.016932332 29.190406714 17.873791182 1.437904025 0.334422093 0.436149585 0.746753607 0.374559012
10107.050265665 29.239772786 17.894768201 1.441585027 0.333020841 0.437871044 0.749130133 0.369012348
10107.083598998 29.294241142 17.919736395 1.446213220 0.332486959 0.439349977 0.751332639 0.363212451
10107.116932332 29.340366396 17.942564519 1.450617552 0.333549786 0.439962711 0.752513576 0.359027397
10107.150265665 29.387475241 17.967066117 1.453990188 0.336979075 0.439517282 0.752758766 0.355842525
10107.183598998 29.437487874 17.994133851 1.455880105 0.341772912 0.438608763 0.752618781 0.352673504
10107.216932332 29.480062294 18.019433506 1.455761854 0.345286314 0.438315649 0.752695487 0.349437057
10107.250265665 29.525071040 18.047979001 1.453038976 0.346526227 0.439448307 0.753608483 0.344788361
10107.283598998 29.574733822 18.081589754 1.447759633 0.345404738 0.441953323 0.755586694 0.338321704
10107.316932332 29.615145542 18.110873421 1.441818140 0.342742098 0.444712668 0.757832200 0.332338464
10107.350265665 29.657125974 18.141660456 1.434541696 0.338608208 0.448055064 0.760534396 0.325850539
10107.383598998 29.709125208 18.179419108 1.425807290 0.332718415 0.452405550 0.764032786 0.317618602
10107.416932332 29.752378307 18.211578112 1.418689752 0.327511111 0.456010865 0.767004235 0.310636552
10107.450265665 29.792781841 18.245680362 1.412726283 0.322850475 0.459191404 0.769721753 0.304038236
10107.483598998 29.837511085 18.287906263 1.408470630 0.318171750 0.462707593 0.772442322 0.296650096
10107.516932332 29.875365910 18.323958160 1.407793021 0.315137801 0.465538406 0.774150026 0.290953427
10107.550265665 29.915683126 18.360496689 1.410850857 0.314137377 0.467723632 0.774975493 0.286295822
10107.583598998 29.960280150 18.401929280 1.416631214 0.316371775 0.468631243 0.774859603 0.282641564
10107.616932332 29.994418476 18.433909028 1.422240652 0.320999338 0.467835713 0.773885855 0.281406919
10107.650265665 30.027325414 18.462557284 1.428104945 0.328224669 0.465271719 0.772208408 0.281930786
10107.683598998 30.063803712 18.493420174 1.434971659 0.337941582 0.461102539 0.769915802 0.283565853
10107.716932332 30.094174574 18.516438906 1.439655952 0.345995288 0.457207771 0.768033698 0.285258749
10107.750265665 30.123342576 18.538423582 1.443424440 0.352809048 0.453448444 0.766702144 0.286492769
10107.783598998 30.153794020 18.564713979 1.447399942 0.358803050 0.449777506 0.765876425 0.287043321
10107.816932332 30.181801605 18.589294836 1.449336674 0.362587405 0.447067696 0.765750289 0.286857708
10107.850265665 30.212276299 18.615454084 1.449195976 0.365304244 0.444688440 0.766018367 0.286392848
10107.883598998 30.245830099 18.644720961 1.446836668 0.367332535 0.442474707 0.766607432 0.285650113
10107.916932332 30.277966881 18.674246486 1.440289131 0.368467142 0.440473068 0.767605471 0.284600214
10107.950265665 30.307838100 18.700820915 1.432687803 0.368933674 0.438793833 0.768683560 0.283678519
10107.983598998 30.337596646 18.728385687 1.423832379 0.369215758 0.437194527 0.769686687 0.283060195
10108.016932332 30.375131561 18.761738583 1.411813911 0.368766010 0.435713939 0.771121425 0.282022590
10108.050265665 30.410371753 18.793096306 1.401404841 0.366595566 0.435369012 0.772965356 0.280332075
10108.083598998 30.444639805 18.828482155 1.391292776 0.361174175 0.436691679 0.775881038 0.277240344
10108.116932332 30.489368961 18.874450472 1.381273185 0.351162485 0.440176318 0.780321792 0.272080171
10108.150265665 30.525814842 18.911447537 1.376808892 0.341842517 0.443831901 0.783922060 0.267625001
10108.183598998 30.566633853 18.955452986 1.374681205 0.329552260 0.448709466 0.788337845 0.261875095
10108.216932332 30.618502976 19.012559161 1.372951737 0.312572420 0.455389361 0.793982846 0.253988685
10108.250265665 30.657234172 19.055272745 1.374555754 0.300099031 0.460266787 0.797714311 0.248489305
10108.283598998 30.693815024 19.097731162 1.378709967 0.289448312 0.464115335 0.800670166 0.244425687
10108.316932332 30.734265263 19.145090013 1.385435456 0.280563852 0.466873498 0.802901339 0.242203430
10108.350265665 30.767222841 19.182627650 1.392370397 0.278033187 0.467134770 0.803289464 0.243328361
10108.383598998 30.799283027 19.216465856 1.400069344 0.281658341 0.464983269 0.801943490 0.247680799
10108.416932332 30.835545310 19.253027941 1.409960192 0.289276810 0.461116909 0.799239475 0.254767313
10108.450265665 30.865397791 19.285409917 1.420398124 0.296985139 0.457295995 0.796316315 0.261840652
10108.483598998 30.893449964 19.318838554 1.431761740 0.303128307 0.454149977 0.793582256 0.268492514
10108.516932332 30.925131472 19.356327970 1.443934110 0.307457782 0.451682273 0.790926953 0.275476662
10108.550265665 30.949483247 19.386608647 1.453581332 0.309370999 0.450416400 0.789064977 0.280697550
10108.583598998 30.975034845 19.417549757 1.461197438 0.310270512 0.449736510 0.787444901 0.285306517
10108.616932332 31.009172113 19.452427105 1.467265583 0.311190095 0.449085965 0.785679054 0.290156759
10108.650265665 31.043299084 19.484825656 1.469750899 0.312088274 0.448390422 0.783983486 0.294816606
10108.683598998 31.081958311 19.521819076 1.468606807 0.312131974 0.447732683 0.782421224 0.299876813
10108.716932332 31.121601462 19.559395536 1.463929282 0.309819397 0.447912917 0.781625938 0.304050739
10108.750265665 31.154031410 19.590420018 1.457988412 0.305448280 0.449010306 0.781779759 0.306449837
10108.783598998 31.186358037 19.621305576 1.450891094 0.298597253 0.451139384 0.782811451 0.307439702
10108.816932332 31.226208453 19.660255695 1.443265276 0.288758934 0.454525445 0.784324012 0.307994711
10108.850265665 31.263738919 19.694966517 1.439130550 0.280537404 0.457608274 0.785311884 0.308510418
10108.883598998 31.300834865 19.726752478 1.438040212 0.275726179 0.459653527 0.785213256 0.310054595
10108.916932332 31.343066848 19.760149045 1.438308445 0.274688740 0.460460747 0.783621282 0.313782859
10108.950265665 31.379566769 19.784638432 1.440004215 0.277271224 0.459570500 0.781466165 0.318160741
10108.983598998 31.418185858 19.806476244 1.443311295 0.281643770 0.457213638 0.779494828 0.322521767
10109.016932332 31.465472546 19.830362713 1.448049353 0.288144595 0.453765073 0.776770790 0.328172350
10109.050265665 31.504395129 19.847817713 1.453090379 0.295039187 0.450438726 0.773783449 0.333640535
10109.083598998 31.543093803 19.863023087 1.459037697 0.303645257 0.446811303 0.770113765 0.339240338
10109.116932332 31.591290957 19.880508269 1.465905315 0.314670185 0.442372850 0.765234824 0.345983527
10109.150265665 31.633121383 19.893662623 1.469511465 0.323843043 0.438838433 0.760910285 0.351513943
10109.183598998 31.674397091 19.905286807 1.470363841 0.331671129 0.435831029 0.757074028 0.356208496
10109.216932332 31.723588568 19.919292659 1.469908984 0.339344814 0.432865907 0.753140540 0.360903770
10109.250265665 31.764694872 19.928281289 1.466957047 0.344008882 0.431078384 0.750532896 0.364046271
10109.283598998 31.804503804 19.934839147 1.460712321 0.346000388 0.430325141 0.749135737 0.365923015
10109.316932332 31.853827853 19.944416439 1.451274734 0.345099220 0.430933779 0.748757662 0.366830438
10109.350265665 31.895160756 19.951799731 1.442773410 0.341945372 0.432555965 0.749385043 0.366593449
10109.383598998 31.937417335 19.959535167 1.434670281 0.338094209 0.434065199 0.750552724 0.365992236
10109.416932332 31.990273663 19.969999554 1.426984416 0.333948291 0.435024198 0.752036735 0.365613506
10109.450265665 32.036711382 19.978923235 1.423088223 0.330519922 0.435306404 0.753445868 0.365491778
10109.483598998 32.083239382 19.987554425 1.423153740 0.326104728 0.435819144 0.755320488 0.364977178
10109.516932332 32.137351464 19.997679573 1.426513536 0.319588406 0.436775507 0.758030187 0.363978905
10109.550265665 32.182699131 20.008468277 1.431285519 0.312881225 0.437912516 0.760726998 0.362811799
10109.583598998 32.223767977 20.020004604 1.436545543 0.305912877 0.438989148 0.763389832 0.361858816
10109.616932332 32.271626932 20.033483879 1.444180906 0.299082985 0.439383641 0.765897068 0.361791467
10109.650265665 32.310853735 20.045503986 1.451898813 0.295743072 0.438452150 0.767166305 0.362976043
10109.683598998 32.347526293 20.056744045 1.459363276 0.295505420 0.436234906 0.767314657 0.365518632
10109.716932332 32.391044887 20.070400415 1.467937605 0.297141044 0.432941074 0.766699756 0.369378818
10109.750265665 32.428563121 20.082128033 1.474035528 0.299481656 0.429974736 0.765799777 0.372804460
10109.783598998 32.461151815 20.091168781 1.477585158 0.301456621 0.427782684 0.764897528 0.375576426
10109.816932332 32.504380193 20.102821027 1.479702388 0.302295417 0.426287893 0.764131140 0.378153031
10109.850265665 32.549184040 20.114699695 1.478230052 0.300871985 0.426455135 0.764066386 0.379228986
10109.883598998 32.589218108 20.127228153 1.473893534 0.296076644 0.428776042 0.765126906 0.378246671
10109.916932332 32.638261121 20.143880456 1.468129929 0.286456004 0.433830303 0.767449925 0.375173078
10109.950265665 32.681497305 20.158808246 1.463483635 0.275073557 0.439956044 0.770184286 0.370930429
10109.983598998 32.724301747 20.174771712 1.459342480 0.262420180 0.446740748 0.773172388 0.365735986
10110.016932332 32.771319155 20.195516889 1.454753937 0.247494658 0.454648248 0.776474532 0.359344773
10110.050265665 32.813729860 20.215253324 1.452194478 0.234370454 0.461476317 0.779252850 0.353376704
10110.083598998 32.863391548 20.236308237 1.452407841 0.222825403 0.467685344 0.781594412 0.347461414
10110.116932332 32.920157768 20.257967158 1.455603700 0.214247666 0.473065050 0.783245730 0.341809191
10110.150265665 32.970318204 20.275239147 1.460705364 0.210307105 0.476571109 0.784074443 0.337458394
10110.183598998 33.016138712 20.292150163 1.467384134 0.209920122 0.478957207 0.784378009 0.333593578
10110.216932332 33.074374221 20.312330694 1.476853222 0.210636474 0.481741613 0.784872202 0.327922125
10110.250265665 33.125371665 20.327839440 1.485606762 0.211267867 0.484331093 0.785654493 0.321770570
10110.283598998 33.172693552 20.341292840 1.494409797 0.210719356 0.487582281 0.786948937 0.313962167
10110.316932332 33.229028906 20.356028999 1.504302733 0.208153912 0.492450409 0.789188517 0.302235055
10110.350265665 33.276266957 20.367583299 1.511600193 0.204121169 0.497363977 0.791689143 0.290158446
10110.383598998 33.320203078 20.378477242 1.516936879 0.198920673 0.502395388 0.794438668 0.277302439
10110.416932332 33.373313526 20.393350996 1.521731197 0.192269382 0.508383368 0.797833525 0.260845743
10110.450265665 33.418872959 20.407848383 1.523758338 0.186632376 0.513323729 0.800723093 0.245987061
10110.483598998 33.460044844 20.421753135 1.522136972 0.182108770 0.517323438 0.803123446 0.232820933
10110.516932332 33.510259338 20.440319375 1.518014290 0.176913869 0.522018454 0.805859124 0.216308318
10110.550265665 33.559499000 20.459320709 1.512248883 0.172212225 0.526182767 0.808269450 0.200437376
10110.583598998 33.605941147 20.477992012 1.505188602 0.167845626 0.529731235 0.810352886 0.185851728
10110.616932332 33.661603942 20.501833713 1.496296752 0.161849526 0.533787075 0.812798610 0.168031276
10110.650265665 33.709055821 20.522968366 1.488758123 0.155453877 0.537162010 0.814851992 0.152667279
10110.683598998 33.755368628 20.543920931 1.481480571 0.146508101 0.540580425 0.817101040 0.136579910
10110.716932332 33.808252306 20.570937539 1.475064877 0.132385510 0.544795781 0.819901618 0.115900697
10110.750265665 33.852335187 20.596580982 1.472695660 0.116372942 0.548682726 0.822229024 0.096664558
10110.783598998 33.893104358 20.623436120 1.473644462 0.097056456 0.552629979 0.824237324 0.076242933
10110.816932332 33.935682606 20.657775790 1.479472310 0.071791736 0.556765921 0.825974936 0.051215829
10110.850265665 33.969419748 20.689851754 1.487054591 0.048262792 0.559680382 0.826800954 0.028788111
10110.883598998 33.996715266 20.715880660 1.493469011 0.029480519 0.561650109 0.826778636 0.010823234
10110.916932332 34.028932999 20.751092226 1.504222137 0.008195198 0.563612658 0.825931288 -0.010541223
10110.950265665 34.060529428 20.790404472 1.517402415 -0.010804563 0.564997850 0.824431396 -0.031202008
10110.983598998 34.085980942 20.822909524 1.528808626 -0.021620896 0.565874426 0.822957396 -0.045384968
10111.016932332 34.117938212 20.862767414 1.542469876 -0.032022971 0.566788366 0.820964846 -0.061173525
10111.050265665 34.147143561 20.897558179 1.553520096 -0.040131806 0.567338000 0.819138796 -0.074354988
10111.083598998 34.173412101 20.929024320 1.563501238 -0.048313502 0.567556291 0.817371799 -0.086307616
10111.116932332 34.200510051 20.967420483 1.576076683 -0.059444867 0.567558657 0.814957209 -0.100936745
10111.150265665 34.223253115 21.001959786 1.587674015 -0.071060666 0.567205484 0.812489396 -0.114408486
10111.183598998 34.244446988 21.036261622 1.599421699 -0.083671801 0.566380761 0.809892397 -0.127617275
10111.216932332 34.266784143 21.077573248 1.614325930 -0.097628444 0.565140465 0.806823029 -0.141850423
10111.250265665 34.285772902 21.112358660 1.628424840 -0.107695718 0.564295648 0.804211578 -0.152367296
10111.283598998 34.304640934 21.143631502 1.643471780 -0.114456031 0.563974433 0.802030759 -0.159935356
10111.316932332 34.327810682 21.184385775 1.665025425 -0.120725195 0.563753880 0.799676211 -0.167704942
10111.350265665 34.346744091 21.220560980 1.685761857 -0.124833535 0.563802467 0.797854164 -0.173124518
10111.383598998 34.363544589 21.254662662 1.707064041 -0.128749640 0.563857371 0.796194590 -0.177658577
10111.416932332 34.382474020 21.297029169 1.734557821 -0.135271896 0.563373939 0.794027186 -0.183935173
10111.450265665 34.396245781 21.330648912 1.757097491 -0.143323102 0.562284924 0.791932917 -0.190095783
10111.483598998 34.407055230 21.360669229 1.778614290 -0.152821711 0.560793844 0.789731379 -0.196163550
10111.516932332 34.420046336 21.398728298 1.806547977 -0.163967417 0.558785228 0.787148454 -0.203152815
10111.550265665 34.430597525 21.431253308 1.830405977 -0.171020747 0.557607446 0.785316411 -0.207614967
10111.583598998 34.438026019 21.458212998 1.851959691 -0.173320391 0.557615920 0.784418856 -0.209073160
10111.616932332 34.446438008 21.491120949 1.877872227 -0.173286365 0.558411154 0.783775548 -0.209391283
10111.650265665 34.451929860 21.518046601 1.898749721 -0.172458817 0.559386143 0.783293994 -0.209274027
10111.683598998 34.453378316 21.540788270 1.917283276 -0.172770675 0.560323653 0.782423030 -0.209766299
10111.716932332 34.458329011 21.569366018 1.938237993 -0.174206992 0.561315673 0.780900746 -0.211590794
10111.750265665 34.461614621 21.591003667 1.953387451 -0.175761591 0.561968703 0.779608016 -0.213331621
10111.783598998 34.461848292 21.607661508 1.962857865 -0.176418349 0.562727888 0.778555685 -0.214627432
10111.816932332 34.462870641 21.631512103 1.974621828 -0.177012312 0.564150084 0.776917381 -0.216334711
10111.850265665 34.463431461 21.652448403 1.980999110 -0.177562156 0.565490824 0.775390356 -0.217856844
10111.883598998 34.462821093 21.672424886 1.981960265 -0.178642833 0.566759603 0.773824618 -0.219239027
10111.916932332 34.458555156 21.692575769 1.978480586 -0.180357423 0.568065749 0.772140747 -0.220388681
10111.950265665 34.451020658 21.710109129 1.969644005 -0.181946376 0.569656963 0.770451082 -0.220888185
10111.983598998 34.441589238 21.723218069 1.957965099 -0.182832692 0.571369923 0.768997859 -0.220796082
10112.016932332 34.432023695 21.733759139 1.945066544 -0.183036958 0.573173534 0.767766057 -0.220238174
10112.050265665 34.427551213 21.750748975 1.930067485 -0.182673364 0.575821566 0.766203460 -0.219071275
10112.083598998 34.430027145 21.767598907 1.916529043 -0.181974640 0.578360345 0.764844920 -0.217708037
10112.116932332 34.428508738 21.781165719 1.903177537 -0.181873107 0.580614154 0.763401961 -0.216856688
10112.150265665 34.427105616 21.798642679 1.886237158 -0.183300648 0.583271558 0.761039972 -0.216825559
10112.183598998 34.425695493 21.816560062 1.873074249 -0.186617228 0.585492180 0.758219094 -0.217891538
10112.216932332 34.421415877 21.833254336 1.862727114 -0.192177694 0.587351390 0.754704431 -0.220243728
10112.250265665 34.415591096 21.855449062 1.852394455 -0.201591210 0.589345533 0.749341899 -0.224765533
10112.283598998 34.408234541 21.874417626 1.845742632 -0.211802483 0.591024793 0.743604628 -0.229959910
10112.316932332 34.401032637 21.892370588 1.844317846 -0.221644781 0.592431481 0.738013755 -0.235019636
10112.350265665 34.392734626 21.915893984 1.846180652 -0.233124598 0.594128438 0.731261148 -0.240668763
10112.383598998 34.385416210 21.935465033 1.850754993 -0.241768136 0.595626606 0.725890422 -0.244663463
10112.416932332 34.380681908 21.952798078 1.855101670 -0.248299798 0.597018232 0.721560589 -0.247521227
10112.450265665 34.375140607 21.978202024 1.861370282 -0.255873230 0.599280259 0.715959884 -0.250586322
10112.483598998 34.370954329 21.999292783 1.866545177 -0.260196211 0.601335957 0.712225660 -0.251848383
10112.516932332 34.368329011 22.014119123 1.869072355 -0.262512023 0.602920119 0.709886455 -0.252261747
10112.550265665 34.367383768 22.030354355 1.870174805 -0.264044047 0.604831222 0.707733660 -0.252136869
10112.583598998 34.368296755 22.043344356 1.869019481 -0.264061751 0.606502027 0.706530707 -0.251477716
10112.616932332 34.367820759 22.056266151 1.866508101 -0.263215987 0.608241984 0.705634035 -0.250678365
10112.650265665 34.366887727 22.067947674 1.859396641 -0.262373439 0.609555734 0.704888023 -0.250469280
10112.683598998 34.365926888 22.078464970 1.849873602 -0.262517295 0.610011743 0.704114113 -0.251383492
10112.716932332 34.364551376 22.088458964 1.842935857 -0.263849834 0.609611371 0.703219341 -0.253455716
10112.750265665 34.363436689 22.100526977 1.832385959 -0.266567875 0.608308920 0.701865995 -0.257460581
10112.783598998 34.360275263 22.113292565 1.822924541 -0.269905957 0.606704832 0.700225258 -0.262191933
10112.816932332 34.355687359 22.123041107 1.814181386 -0.272728138 0.605228408 0.698764676 -0.266544301
10112.850265665 34.350897718 22.135515687 1.799872097 -0.276310576 0.603139701 0.696735746 -0.272826440
10112.883598998 34.348958956 22.146518950 1.788593623 -0.278168677 0.601699749 0.695315449 -0.277697724
10112.916932332 34.345620272 22.156497943 1.778039173 -0.279088692 0.600539373 0.694217364 -0.282000382
10112.950265665 34.341083698 22.168459420 1.764329292 -0.279240425 0.599532951 0.693091515 -0.286721429
10112.983598998 34.338565597 22.179878110 1.752591196 -0.277941665 0.599237785 0.692423321 -0.290193819
10113.016932332 34.336819518 22.191472740 1.743751993 -0.275323373 0.599476646 0.692356858 -0.292347007
10113.050265665 34.334018302 22.206099003 1.733331554 -0.270975736 0.600232517 0.692614968 -0.294240687
10113.083598998 34.331614519 22.218977712 1.724111413 -0.266879565 0.601073349 0.692791738 -0.295847486
10113.116932332 34.329112253 22.231492508 1.716455025 -0.264280077 0.601470848 0.692526507 -0.297986403
10113.150265665 34.325866712 22.248133014 1.707479178 -0.262321336 0.601328328 0.691856815 -0.301539226
10113.183598998 34.323413786 22.262163039 1.699284644 -0.261687033 0.600651241 0.691046136 -0.305275647
10113.216932332 34.321078874 22.275184149 1.692752691 -0.261780783 0.599726925 0.690262863 -0.308764663
10113.250265665 34.318236021 22.291091397 1.685691993 -0.262141311 0.598564268 0.689339182 -0.312752685
10113.283598998 34.315835792 22.306124249 1.680241351 -0.262318513 0.597699180 0.688595885 -0.315880348
10113.316932332 34.312862544 22.321173294 1.675612077 -0.262110763 0.596993737 0.688103319 -0.318449757
10113.350265665 34.309503463 22.339033863 1.672061447 -0.260977942 0.596758374 0.687856942 -0.320347912
10113.383598998 34.307675908 22.358030390 1.668040083 -0.258724831 0.597191561 0.687797671 -0.321493491
10113.416932332 34.307291134 22.372827047 1.665702073 -0.255903350 0.598174285 0.688121176 -0.321232390
10113.450265665 34.307145604 22.398742288 1.662657920 -0.250935715 0.600060632 0.688868256 -0.320029732
10113.483598998 34.308179250 22.418243179 1.660400189 -0.247284333 0.601419846 0.689566484 -0.318814510
10113.516932332 34.310091498 22.435097516 1.657550076 -0.244461051 0.602467360 0.689975572 -0.318128252
10113.550265665 34.313227560 22.462817082 1.653236533 -0.241229212 0.603727775 0.690358867 -0.317373402
10113.583598998 34.317763330 22.487495906 1.648357622 -0.239635025 0.604213086 0.690623647 -0.317081346
10113.616932332 34.321155668 22.509713011 1.643342946 -0.238606396 0.604408224 0.690773400 -0.317158945
10113.650265665 34.324514235 22.538253979 1.635826339 -0.237062662 0.604685993 0.691053016 -0.317177984
10113.683598998 34.327998132 22.565506943 1.628776977 -0.235179152 0.605166483 0.691603360 -0.316463405
10113.716932332 34.331340299 22.590318712 1.622018492 -0.232029311 0.606132634 0.692625457 -0.314699230
10113.750265665 34.337987910 22.624849806 1.612353934 -0.226593212 0.607931770 0.694502961 -0.311030731
10113.783598998 34.344515619 22.656986928 1.603820223 -0.220629058 0.609996880 0.696597217 -0.306559852
10113.816932332 34.350717404 22.687512008 1.596497469 -0.214751004 0.612026129 0.698599943 -0.302099559
10113.850265665 34.360416163 22.728075294 1.588493889 -0.207609004 0.614502141 0.700864263 -0.296774166
10113.883598998 34.368541268 22.766259962 1.582492429 -0.202015400 0.616569357 0.702546174 -0.292336929
10113.916932332 34.375630019 22.799516551 1.578537968 -0.198900062 0.617916983 0.703302935 -0.289797081
10113.950265665 34.385837822 22.845128866 1.575535950 -0.196800991 0.619021259 0.703676683 -0.287960373
10113.983598998 34.394505114 22.885824941 1.575803122 -0.196597188 0.619458163 0.703515992 -0.287552395
10114.016932332 34.400727139 22.918891240 1.579283713 -0.197955651 0.619200733 0.703131325 -0.288115172
10114.050265665 34.405915434 22.959562628 1.586931010 -0.200841426 0.618405739 0.702348280 -0.289730836
10114.083598998 34.410455858 22.994717089 1.596360830 -0.203665564 0.617320304 0.701926859 -0.291092192
10114.116932332 34.413638756 23.022216404 1.605772113 -0.205187991 0.616486671 0.702156932 -0.291234811
10114.150265665 34.416816074 23.055183269 1.618748371 -0.205504018 0.615644534 0.703212288 -0.290245386
10114.183598998 34.417207080 23.083176583 1.630612824 -0.203694013 0.615425101 0.705006956 -0.287621081
10114.216932332 34.419148450 23.107906144 1.639798498 -0.199898752 0.615876875 0.707380408 -0.283459208
10114.250265665 34.425014112 23.135946081 1.649499690 -0.193146295 0.616874758 0.711158377 -0.276430468
10114.283598998 34.431136562 23.162145319 1.657247589 -0.184977639 0.617975983 0.715414476 -0.268460584
10114.316932332 34.435291973 23.183641038 1.662381263 -0.176852736 0.618975903 0.719567295 -0.260412842
10114.350265665 34.438920804 23.207565046 1.665979328 -0.165609216 0.620129043 0.725163129 -0.249303018
10114.383598998 34.442569378 23.226887276 1.665948220 -0.154812525 0.620691711 0.730634811 -0.238637077
10114.416932332 34.444892725 23.245323023 1.663465001 -0.145705863 0.620659770 0.735426420 -0.229563133
10114.450265665 34.444629779 23.268570158 1.657375523 -0.134992864 0.619852365 0.741453691 -0.218646740
10114.483598998 34.445171147 23.286568600 1.649474176 -0.125676966 0.618306742 0.747141652 -0.209001018
10114.516932332 34.445808808 23.302510509 1.641318570 -0.117008418 0.616493086 0.752441678 -0.200191972
10114.550265665 34.444675305 23.321494915 1.630029182 -0.104126565 0.613932960 0.759477237 -0.188250648
10114.583598998 34.444351197 23.338616763 1.620058917 -0.089964894 0.611606147 0.766000145 -0.176317944
10114.616932332 34.448204023 23.358130347 1.614445865 -0.074688243 0.610010550 0.771570545 -0.164279303
10114.650265665 34.451884404 23.384758737 1.608701498 -0.051431087 0.607939339 0.778421603 -0.147730873
10114.683598998 34.456718109 23.409672224 1.605526757 -0.028061427 0.605843941 0.784025774 -0.132171333
10114.716932332 34.461037838 23.431938040 1.603890042 -0.007327880 0.603686509 0.788198909 -0.119379149
10114.750265665 34.465244342 23.460213063 1.601487943 0.017471255 0.600091982 0.792815696 -0.105012575
10114.783598998 34.468092997 23.484169618 1.599233251 0.036943632 0.595564061 0.796894541 -0.094327664
10114.816932332 34.468620323 23.502802039 1.596836367 0.049091079 0.591175207 0.800216584 -0.088064513
10114.850265665 34.469752018 23.527123593 1.592017311 0.061520139 0.585170138 0.804312384 -0.082902171
10114.883598998 34.471804018 23.549000665 1.587179605 0.070292224 0.579836460 0.807721373 -0.080217621
10114.916932332 34.476009133 23.569713206 1.581530004 0.076942039 0.575548962 0.810293313 -0.079044682
10114.950265665 34.482057966 23.598957319 1.572092788 0.086038288 0.570179149 0.813306206 -0.077628387
10114.983598998 34.489411488 23.625486633 1.562567121 0.096311069 0.565746407 0.815405276 -0.075956679
10115.016932332 34.496612852 23.647439721 1.554757751 0.106331820 0.562597511 0.816509086 -0.074097895
10115.050265665 34.506128072 23.674313164 1.544615124 0.119148603 0.559093528 0.817386970 -0.071390330
10115.083598998 34.515301827 23.704159303 1.534245761 0.133155403 0.555904518 0.817609000 -0.068958883
10115.116932332 34.525335584 23.738709831 1.521871639 0.146858613 0.553064451 0.817306034 -0.067550781
10115.150265665 34.535693696 23.778863549 1.507433679 0.158068739 0.550412435 0.816951660 -0.068193918
10115.183598998 34.546147341 23.818612061 1.494393906 0.163803440 0.548020986 0.817183052 -0.071086508
10115.216932332 34.554630249 23.854112712 1.483674698 0.163753820 0.545904349 0.818166219 -0.076007674
10115.250265665 34.564555047 23.901156180 1.468143269 0.159015713 0.543317008 0.819963290 -0.084739807
10115.283598998 34.573445141 23.946824163 1.453171071 0.150403082 0.541056287 0.822025685 -0.094396925
10115.316932332 34.581600112 23.987312115 1.440284223 0.140733683 0.539336242 0.823811760 -0.103172824
10115.350265665 34.592701588 24.042048228 1.424930960 0.127934705 0.537491261 0.825675787 -0.113997149
10115.383598998 34.602774021 24.092083421 1.412668111 0.117939898 0.536324394 0.826709701 -0.122463853
10115.416932332 34.611597694 24.131859558 1.405511229 0.111939474 0.536001201 0.826997595 -0.127464677
10115.450265665 34.621741289 24.179476357 1.401220146 0.107190899 0.536039540 0.826958679 -0.131571523
10115.483598998 34.632892380 24.228430297 1.397928227 0.105363201 0.536633338 0.826468252 -0.133691753
10115.516932332 34.641316261 24.263352487 1.396211963 0.107645291 0.537820409 0.825512779 -0.133005077
10115.550265665 34.651317968 24.304535272 1.396052163 0.114950061 0.540323525 0.823399452 -0.129808763
10115.583598998 34.664384369 24.343197758 1.395565626 0.125675968 0.543019025 0.820792864 -0.125039850
10115.616932332 34.677629314 24.376428892 1.393969418 0.137608237 0.545462742 0.818029343 -0.119843080
10115.650265665 34.696247621 24.415508729 1.393054360 0.154112751 0.548437048 0.814066945 -0.112964923
10115.683598998 34.713147300 24.449172202 1.392574475 0.167422375 0.550654073 0.810604109 -0.108031564
10115.716932332 34.726742011 24.475349613 1.390514869 0.175863462 0.551955195 0.808248319 -0.105603788
10115.750265665 34.740560528 24.507487331 1.388661910 0.183231742 0.553162338 0.805917389 -0.104569206
10115.783598998 34.750703787 24.533911988 1.388030026 0.186327332 0.553827009 0.804567599 -0.105965786
10115.816932332 34.762180620 24.558542117 1.383895071 0.186621359 0.554228457 0.803820209 -0.108978705
10115.850265665 34.775818298 24.589137455 1.379738270 0.184913497 0.554445879 0.803355837 -0.114088405
10115.883598998 34.788395507 24.615166118 1.376452061 0.182566664 0.554736314 0.802900840 -0.119529394
10115.916932332 34.798793142 24.638429145 1.373774255 0.181269503 0.555296164 0.802171274 -0.123728673
10115.950265665 34.814327560 24.671248506 1.371361135 0.180466299 0.556203399 0.800895514 -0.128980888
10115.983598998 34.829024667 24.699323893 1.371432100 0.179776360 0.557067208 0.799636889 -0.133930699
10116.016932332 34.841395842 24.718676433 1.374215491 0.177919533 0.557782080 0.798771800 -0.138518600
10116.050265665 34.859703067 24.752212824 1.378255891 0.173584163 0.558990336 0.797593760 -0.145748198
10116.083598998 34.877108540 24.782279662 1.384697609 0.167282064 0.560151826 0.796633189 -0.153695171
10116.116932332 34.891397555 24.811589434 1.391025524 0.160941027 0.561275272 0.795846494 -0.160301009
10116.150265665 34.910627960 24.841794924 1.398894511 0.155653792 0.562887245 0.794433151 -0.166750760
10116.183598998 34.932485689 24.871224215 1.407480065 0.153480546 0.565249209 0.792215930 -0.171262878
10116.216932332 34.954909161 24.896418440 1.415777980 0.154148702 0.568196052 0.789526046 -0.173320647
10116.250265665 34.977498611 24.918201262 1.422464131 0.157894554 0.571580827 0.786442093 -0.172839530
10116.283598998 35.008906883 24.944563488 1.429202306 0.165551496 0.576625361 0.781672881 -0.170538565
10116.316932332 35.039922300 24.970001068 1.434694515 0.173380660 0.581949852 0.776726957 -0.167238607
10116.350265665 35.066681329 24.993331014 1.438111975 0.179317183 0.586885260 0.772288619 -0.164259940
10116.383598998 35.103162867 25.024564543 1.440887056 0.186628992 0.593597555 0.766256225 -0.160196626
10116.416932332 35.139025495 25.053395159 1.441674582 0.193510902 0.600138465 0.760365455 -0.155665435
10116.450265665 35.168340337 25.074975863 1.441331565 0.198893281 0.605482051 0.755662601 -0.151019810
10116.483598998 35.207193051 25.104003600 1.439873921 0.205710449 0.612323556 0.749638482 -0.144170802
10116.516932332 35.243966815 25.132113536 1.438235741 0.210950437 0.618312390 0.744506411 -0.137476925
10116.550265665 35.274625608 25.154637004 1.436606663 0.213829694 0.622723338 0.740926253 -0.132366137
10116.583598998 35.313986666 25.181109700 1.434797448 0.215625528 0.627616024 0.737206104 -0.127007551
10116.616932332 35.350272515 25.203872386 1.433095785 0.215623125 0.631440642 0.734519182 -0.123575699
10116.650265665 35.379767475 25.220277637 1.432522335 0.214181026 0.633660824 0.733236438 -0.122330593
10116.683598998 35.417679560 25.240204195 1.432596136 0.211229176 0.635748376 0.732334046 -0.122037220
10116.716932332 35.451496483 25.253516088 1.434123614 0.207652312 0.636697393 0.732285794 -0.123508960
10116.750265665 35.481246961 25.263203978 1.436843116 0.203646832 0.636956869 0.732723228 -0.126216423
10116.783598998 35.518107574 25.274913889 1.440784127 0.198890109 0.636971174 0.733385312 -0.129832324
10116.816932332 35.552459299 25.283884012 1.443646711 0.196452156 0.636750348 0.733771889 -0.132417371
10116.850265665 35.579300102 25.289508138 1.444023897 0.196940225 0.636523823 0.733595924 -0.133749731
10116.883598998 35.616953134 25.298703092 1.441835766 0.199523829 0.636234193 0.733018292 -0.134463665
10116.916932332 35.654595092 25.309347879 1.437711499 0.203623020 0.635817949 0.732265552 -0.134388849
10116.950265665 35.689232671 25.317994793 1.432155087 0.208258007 0.635209729 0.731457084 -0.134564990
10116.983598998 35.736144746 25.327787062 1.422666161 0.214568830 0.634056815 0.730384365 -0.135907515
10117.016932332 35.771150344 25.333714805 1.415196536 0.218611129 0.632810996 0.729838953 -0.138182922
10117.050265665 35.807439998 25.341788844 1.407234046 0.221909569 0.631259387 0.729553404 -0.141490493
10117.083598998 35.854379010 25.350559358 1.396693399 0.224887520 0.628806401 0.729637944 -0.147161761
10117.116932332 35.900806496 25.358051030 1.386686558 0.226677529 0.625971813 0.730220494 -0.153475134
10117.150265665 35.939480138 25.363261605 1.378641809 0.227410391 0.623251680 0.731097121 -0.159181839
10117.183598998 35.994441311 25.371370899 1.367704191 0.227326210 0.618987955 0.732828679 -0.167746339
10117.216932332 36.044816783 25.379922210 1.358839931 0.225245369 0.614503025 0.735233237 -0.176302706
10117.250265665 36.084657716 25.384229580 1.352751621 0.222039501 0.610269920 0.737910802 -0.183730053
10117.283598998 36.136698477 25.389056889 1.346570425 0.216928693 0.604354574 0.741838822 -0.193320081
10117.316932332 36.185802092 25.394808944 1.343522387 0.212022909 0.598713082 0.745616817 -0.201604797
10117.350265665 36.224210428 25.396721736 1.342751683 0.208464249 0.594457659 0.748488682 -0.207189385
10117.383598998 36.272994595 25.402150184 1.344584194 0.203950309 0.589466991 0.752045481 -0.212980122
10117.416932332 36.316558739 25.407192731 1.349135734 0.200205823 0.585178983 0.755226389 -0.217062867
10117.450265665 36.349667477 25.411552565 1.354173312 0.197146237 0.582042999 0.757655636 -0.219811843
10117.483598998 36.391560909 25.417344277 1.361973600 0.193122478 0.578621330 0.760606299 -0.222214134
10117.516932332 36.428207781 25.424389992 1.370608998 0.190122838 0.575935410 0.763068845 -0.223333042
10117.550265665 36.456102630 25.430997330 1.378144352 0.188937393 0.574361701 0.764637261 -0.223027257
10117.583598998 36.494613524 25.441543678 1.385943629 0.189112202 0.573100093 0.766066981 -0.221210847
10117.616932332 36.531093799 25.453302713 1.391645382 0.191400631 0.572336695 0.766907803 -0.218286343
10117.650265665 36.560949195 25.461663674 1.395846446 0.193866381 0.571970757 0.767366276 -0.215439732
10117.683598998 36.595534093 25.470734584 1.400929510 0.195954730 0.571638558 0.767979144 -0.212224259
10117.716932332 36.638658455 25.485557432 1.403054999 0.196405046 0.570875588 0.769089197 -0.209828331
10117.750265665 36.670187462 25.496071958 1.403031777 0.194055510 0.569839212 0.770568545 -0.209403558
10117.783598998 36.709506583 25.508495722 1.402824974 0.187538959 0.567776379 0.773408956 -0.210470209
10117.816932332 36.745711188 25.519633054 1.402699443 0.177269211 0.565251250 0.776893461 -0.213314796
10117.850265665 36.774520135 25.530311770 1.403131812 0.165613952 0.562788327 0.780219851 -0.217021430
10117.883598998 36.812435201 25.544668195 1.404971720 0.147178782 0.559292421 0.784788061 -0.222796081
10117.916932332 36.844778769 25.557183991 1.408727926 0.129779301 0.556315632 0.788599140 -0.227555810
10117.950265665 36.871180588 25.569650972 1.413553613 0.115307258 0.554644978 0.791069110 -0.230830779
10117.983598998 36.906390651 25.587293916 1.422084245 0.098958515 0.554010460 0.793055615 -0.233114593
10118.016932332 36.940656431 25.603679956 1.431711781 0.085140238 0.554583749 0.794041298 -0.233851282
10118.050265665 36.966548371 25.619443914 1.440356260 0.075322013 0.556013237 0.794046991 -0.233806013
10118.083598998 36.997751451 25.640746942 1.453844642 0.062623533 0.558913127 0.793328294 -0.233076441
10118.116932332 37.028660378 25.664327284 1.466058559 0.051009392 0.561975148 0.792111881 -0.232681632
10118.150265665 37.049322075 25.684022934 1.477359112 0.040699466 0.564704382 0.790796214 -0.232580871
10118.183598998 37.071209476 25.709988986 1.491624262 0.028306205 0.568145551 0.788791706 -0.232845519
10118.216932332 37.093377714 25.737662875 1.503626639 0.017082857 0.571322854 0.786585846 -0.233625939
10118.250265665 37.112954693 25.762075297 1.512869666 0.008650641 0.574058456 0.784599225 -0.234064330
10118.283598998 37.134628770 25.791508279 1.522032145 0.000698924 0.577750197 0.782069309 -0.233606116
10118.316932332 37.156278985 25.819891936 1.527237555 -0.004693292 0.581249957 0.779700864 -0.232793949
10118.350265665 37.176685390 25.846268165 1.527820247 -0.008498919 0.583914544 0.777796504 -0.232387976
10118.383598998 37.204179048 25.881147340 1.526399596 -0.013913287 0.587099139 0.775387257 -0.232154309
10118.416932332 37.226823899 25.914066010 1.522951301 -0.021462703 0.589140443 0.773259310 -0.233501458
10118.450265665 37.241281730 25.941939682 1.520801828 -0.030586485 0.589793022 0.771547720 -0.236479965
10118.483598998 37.266235349 25.984450141 1.518984851 -0.045713812 0.589494686 0.769361314 -0.241845884
10118.516932332 37.284518699 26.022016897 1.517933565 -0.063585006 0.588130784 0.767195065 -0.247933176
10118.550265665 37.297103746 26.053396458 1.519696851 -0.078844704 0.586923423 0.765277419 -0.252299187
10118.583598998 37.310964563 26.097705909 1.525024463 -0.098623129 0.585724422 0.762536685 -0.256394587
10118.616932332 37.326193516 26.138381182 1.531659208 -0.114843608 0.586002864 0.759607613 -0.257697231
10118.650265665 37.335868689 26.171898607 1.539154605 -0.126087392 0.587606118 0.756998508 -0.256464965
10118.683598998 37.348387507 26.215232565 1.551778965 -0.137501364 0.590900210 0.753722569 -0.252651155
10118.716932332 37.363902828 26.257205828 1.564048058 -0.144806318 0.595271213 0.750948794 -0.246493858
10118.750265665 37.376811763 26.287859387 1.573055446 -0.146542520 0.600149543 0.749265818 -0.238634760
10118.783598998 37.395748499 26.328427579 1.581383179 -0.145452429 0.607578433 0.747223587 -0.226603066
10118.816932332 37.412234842 26.364228248 1.585986158 -0.144829083 0.614570677 0.744684658 -0.216268767
10118.850265665 37.424479235 26.392318046 1.587723385 -0.146685732 0.619924657 0.741847680 -0.209377015
10118.883598998 37.438968233 26.425322626 1.587846427 -0.152248941 0.626556844 0.736924597 -0.202950535
10118.916932332 37.454282582 26.455916281 1.586484498 -0.160264939 0.633366149 0.730430987 -0.199080496
10118.950265665 37.464489856 26.479792911 1.583160586 -0.165933610 0.639195105 0.724656206 -0.196898548
10118.983598998 37.479345158 26.518500970 1.576354316 -0.171753864 0.648718199 0.715501861 -0.194222543
10119.016932332 37.492482235 26.556461408 1.567273768 -0.173899716 0.659118424 0.706409756 -0.190544084
10119.050265665 37.501078303 26.585849918 1.557922177 -0.172236624 0.668759596 0.698989764 -0.185764521
10119.083598998 37.511740046 26.628363421 1.542651438 -0.166339210 0.683996031 0.687787572 -0.177282129
10119.116932332 37.521592214 26.671359406 1.526298317 -0.158081850 0.699763067 0.676090359 -0.168058340
10119.150265665 37.528496319 26.702708503 1.510618890 -0.151111076 0.712302777 0.666213335 -0.161090005
10119.183598998 37.541070780 26.751620145 1.486504362 -0.141548666 0.730287185 0.650683755 -0.152496736
10119.216932332 37.552279364 26.799503778 1.460992040 -0.133795029 0.747219016 0.634136504 -0.147083398
10119.250265665 37.555956769 26.833991268 1.439336855 -0.130345592 0.759307761 0.620675718 -0.145682541
10119.283598998 37.564509996 26.888300468 1.403910718 -0.128115854 0.776618368 0.599066568 -0.146865536
10119.316932332 37.569758725 26.941147066 1.368525213 -0.129117317 0.792018537 0.576931962 -0.152265776
10119.350265665 37.572989089 26.979696520 1.338980503 -0.132014060 0.802562587 0.559516754 -0.159394432
10119.383598998 37.577206773 27.036584138 1.295616136 -0.138387228 0.815974257 0.533962023 -0.172972670
10119.416932332 37.577732343 27.091456133 1.253540999 -0.146035124 0.827189567 0.508515759 -0.189322176
10119.450265665 37.577528677 27.134145033 1.220773094 -0.152089770 0.834994035 0.488315450 -0.202981982
10119.483598998 37.571825133 27.188972445 1.176119329 -0.159315255 0.844670564 0.460588200 -0.221379306
10119.516932332 37.561726377 27.240741004 1.133250149 -0.165515281 0.853181093 0.433431191 -0.238378097
10119.550265665 37.555572385 27.278364193 1.100023791 -0.168677448 0.859516488 0.412749157 -0.249834865
10119.583598998 37.546074926 27.328549609 1.056008995 -0.170584005 0.868128922 0.385662076 -0.261759498
10119.616932332 37.534674286 27.373846860 1.014106852 -0.171303995 0.876225539 0.360158844 -0.270498343
10119.650265665 37.525690969 27.409366973 0.982233755 -0.171548228 0.882101360 0.340415648 -0.276741002
10119.683598998 37.510628914 27.454975311 0.937164495 -0.172256354 0.889294660 0.313099973 -0.285396502
10119.716932332 37.495644643 27.493640202 0.896980027 -0.173535523 0.894243305 0.289001861 -0.294435490
10119.750265665 37.483603222 27.515096820 0.873378604 -0.174859128 0.896316477 0.274354676 -0.301281546
10119.783598998 37.460486535 27.561163850 0.827352675 -0.177132928 0.900043406 0.244473328 -0.314290608
10119.816932332 37.443849543 27.601101930 0.791299424 -0.178259312 0.902164802 0.221680357 -0.324314826
10119.850265665 37.430393070 27.628429080 0.768098446 -0.178624104 0.903576810 0.206249376 -0.330308299
10119.883598998 37.410091548 27.667633679 0.738239046 -0.178509972 0.905894610 0.186004425 -0.335993302
10119.916932332 37.390109425 27.706354154 0.713246878 -0.177094348 0.909102654 0.169039682 -0.337039379
10119.950265665 37.373801835 27.736548856 0.697721123 -0.175099215 0.912223742 0.157554068 -0.335208628
10119.983598998 37.356088675 27.780035397 0.676913867 -0.172023198 0.916073510 0.143586906 -0.332566000
10120.016932332 37.335733264 27.821163671 0.661223914 -0.169253575 0.919468566 0.131108220 -0.329759638
10120.050265665 37.321012492 27.851312235 0.652030447 -0.167601268 0.921282087 0.123117024 -0.328620342
10120.083598998 37.303643573 27.891903911 0.640691139 -0.165944869 0.922395966 0.113653369 -0.329743680
10120.116932332 37.283220791 27.936702165 0.632274457 -0.165511559 0.922550299 0.104802167 -0.332450561
10120.150265665 37.267134540 27.966127107 0.629581735 -0.164942257 0.921895655 0.099888147 -0.336042870
10120.183598998 37.240317609 28.006296800 0.629978384 -0.165819525 0.919715128 0.094447733 -0.343085404
10120.216932332 37.215502673 28.047824372 0.631739033 -0.167240423 0.915005530 0.089891685 -0.355970512
10120.250265665 37.192365297 28.090193763 0.635794473 -0.169295394 0.908466702 0.086942704 -0.372113272
10120.283598998 37.175327057 28.122714049 0.640386131 -0.171478183 0.902524924 0.085522444 -0.385655164
10120.316932332 37.154205255 28.164593771 0.649859874 -0.174282581 0.894163761 0.085376095 -0.403494329
10120.350265665 37.132735653 28.214321948 0.658408686 -0.177389249 0.886482028 0.087410339 -0.418380330
10120.383598998 37.119317908 28.244107562 0.668068643 -0.179023029 0.882262916 0.089942795 -0.425996709
10120.416932332 37.103171804 28.276397465 0.685344018 -0.181927205 0.878032063 0.096043681 -0.432131692
10120.450265665 37.085922338 28.319480442 0.698599788 -0.183771573 0.876416642 0.103372897 -0.432938705
10120.483598998 37.074327515 28.348421159 0.708530853 -0.185201565 0.876499015 0.109443994 -0.430664450
10120.516932332 37.060969063 28.387662997 0.721198212 -0.186606070 0.877534418 0.118286581 -0.425581725
10120.550265665 37.044606079 28.429500790 0.731906176 -0.187601611 0.878352006 0.126609088 -0.421038630
10120.583598998 37.032903353 28.461491221 0.738734302 -0.188524049 0.878325708 0.132410215 -0.418891595
10120.616932332 37.014023862 28.507613063 0.747210118 -0.190660257 0.877917385 0.140222737 -0.416229882
10120.650265665 36.993866905 28.553391373 0.752591679 -0.192849011 0.877404953 0.146492950 -0.414137203
10120.683598998 36.980453954 28.587209986 0.754856522 -0.193404130 0.877558643 0.151004996 -0.411926160
10120.716932332 36.962204502 28.632300381 0.754730293 -0.193226081 0.879422347 0.155716769 -0.406241683
10120.750265665 36.943571300 28.680020102 0.752108162 -0.191099938 0.882871212 0.160033130 -0.398005821
10120.783598998 36.930117303 28.711580367 0.750826542 -0.189368323 0.885542517 0.162365024 -0.391907755
10120.816932332 36.908497784 28.760938202 0.747901166 -0.186700248 0.889129861 0.165182597 -0.383804401
10120.850265665 36.890021557 28.802540692 0.747149688 -0.184457900 0.890415061 0.168141101 -0.380611182
10120.883598998 36.869845875 28.852655834 0.746761680 -0.183552263 0.890148024 0.167819795 -0.381813539
10120.916932332 36.847225972 28.902356195 0.748969473 -0.184101431 0.887079722 0.166836042 -0.389052652
10120.950265665 36.826676300 28.949561715 0.752826401 -0.185832822 0.882223215 0.164870577 -0.399957565
10120.983598998 36.812365458 28.982640683 0.756003688 -0.187619442 0.878269890 0.163061763 -0.408474977
10121.016932332 36.791782948 29.029738582 0.761829085 -0.189315340 0.873540882 0.161117150 -0.418482131
10121.050265665 36.774110655 29.076126719 0.765825562 -0.189466460 0.871976579 0.159694012 -0.422205079
10121.083598998 36.761501812 29.109942527 0.766669369 -0.187772043 0.873476374 0.159019527 -0.420111264
10121.116932332 36.746482650 29.156000867 0.764231515 -0.183433212 0.878486751 0.158179994 -0.411815946
10121.150265665 36.731999095 29.199536677 0.759619651 -0.178037656 0.884862060 0.157443007 -0.400666228
10121.183598998 36.721663965 29.233155182 0.753673953 -0.174044976 0.889554901 0.156256295 -0.392408453
10121.216932332 36.708243239 29.277118739 0.742911677 -0.168974199 0.894775435 0.154155097 -0.383485132
10121.250265665 36.694550664 29.319608354 0.731217686 -0.165122011 0.898311034 0.151256093 -0.378012702
10121.283598998 36.687743386 29.342018395 0.726151814 -0.163656812 0.899304339 0.149959114 -0.376802891
10121.316932332 36.672625240 29.396161255 0.710593488 -0.159700667 0.900501920 0.144934587 -0.377605554
10121.350265665 36.659112505 29.439928875 0.695875452 -0.157267802 0.900394333 0.140020007 -0.380724678
10121.383598998 36.649222270 29.472456176 0.685345689 -0.155072141 0.900310272 0.136316324 -0.383160417
10121.416932332 36.636833491 29.513476472 0.669969737 -0.151328474 0.900930473 0.131720126 -0.384803567
10121.450265665 36.628444528 29.552979320 0.652644700 -0.146380417 0.902501805 0.126870213 -0.384665069
10121.483598998 36.618320155 29.588203789 0.638602737 -0.142775534 0.904014016 0.122792049 -0.383791503
10121.516932332 36.606217971 29.634122789 0.618147811 -0.137413656 0.905901259 0.117189155 -0.383049734
10121.550265665 36.595064771 29.675118160 0.600635672 -0.132848283 0.906225743 0.111934800 -0.385456660
10121.583598998 36.586180160 29.706108047 0.590125276 -0.129936654 0.905291273 0.108122391 -0.389709796
10121.616932332 36.574845143 29.747343249 0.578323166 -0.126542570 0.902784202 0.103485457 -0.397817072
10121.650265665 36.565492151 29.791064413 0.570370030 -0.123138023 0.899736771 0.099331887 -0.406748014
10121.683598998 36.560419453 29.821810532 0.566796428 -0.120893873 0.897267424 0.096902965 -0.413407373
10121.716932332 36.551484476 29.865659388 0.561632661 -0.117882996 0.893008381 0.094198880 -0.423988446
10121.750265665 36.544842061 29.907569081 0.558894400 -0.115768605 0.887516978 0.092203597 -0.436359645
10121.783598998 36.539704729 29.933889041 0.557596550 -0.115083130 0.882841935 0.091659003 -0.446032081
10121.816932332 36.534112896 29.975919153 0.555621642 -0.113728119 0.876463090 0.090937123 -0.458921351
10121.850265665 36.527840041 30.016575241 0.552902404 -0.112068914 0.872076509 0.090334462 -0.467720863
10121.883598998 36.524781460 30.042575650 0.551774814 -0.110767439 0.870513940 0.090222745 -0.470952133
10121.916932332 36.518196371 30.087714132 0.547048061 -0.108195595 0.870594820 0.089524621 -0.471533366
10121.950265665 36.511450316 30.135262535 0.542046074 -0.105900809 0.871895234 0.089090945 -0.469730267
10121.983598998 36.506053228 30.168495857 0.540448936 -0.104860889 0.872605802 0.088654897 -0.468725525
10122.016932332 36.497169555 30.214823083 0.541518364 -0.104564159 0.872143294 0.088075027 -0.469760792
10122.050265665 36.486576814 30.258986944 0.547139217 -0.105873894 0.869982217 0.087986152 -0.473476607
10122.083598998 36.467494274 30.304450210 0.550309851 -0.107949599 0.867811091 0.087708415 -0.477030427
10122.116932332 36.452552922 30.351926671 0.560652517 -0.110508086 0.865096728 0.087508118 -0.481391673
10122.150265665 36.435808311 30.397900670 0.570320568 -0.113447320 0.863104735 0.087028754 -0.484361351
10122.183598998 36.425581954 30.421903321 0.579386731 -0.115402920 0.861844567 0.086358448 -0.486259525
10122.216932332 36.409447563 30.456784103 0.592436041 -0.119587704 0.860358426 0.085546979 -0.488020362
10122.250265665 36.393024582 30.491392358 0.605959999 -0.124103901 0.858842891 0.084941141 -0.489665306
10122.283598998 36.382055503 30.505412963 0.618776212 -0.128414660 0.857664976 0.084470981 -0.490698602
10122.316932332 36.364314517 30.533586285 0.632754772 -0.135391397 0.856304077 0.083435012 -0.491376735
10122.350265665 36.342893661 30.561825836 0.645989467 -0.142548561 0.855512303 0.082372311 -0.490910796
10122.383598998 36.327018973 30.581165551 0.653982289 -0.148610735 0.855289298 0.082167523 -0.489534027
10122.416932332 36.304581961 30.607313808 0.665588601 -0.156820993 0.855322741 0.080900686 -0.487119352
10122.450265665 36.278154536 30.631705726 0.677355222 -0.166485497 0.855298676 0.080253739 -0.484051745
10122.483598998 36.257721389 30.650570421 0.685196863 -0.173833070 0.854598188 0.079559816 -0.482819051
10122.516932332 36.226148840 30.677231244 0.696326565 -0.185303342 0.852989347 0.078662656 -0.481543385
10122.550265665 36.191425480 30.704777456 0.708799867 -0.197850374 0.850593127 0.077655704 -0.480953380
10122.583598998 36.163334613 30.723691135 0.717841903 -0.207606235 0.848307350 0.076670619 -0.481036285
10122.616932332 36.123301442 30.750240187 0.732006297 -0.222049846 0.845185465 0.075765766 -0.480223849
10122.650265665 36.081662923 30.774877149 0.745708726 -0.237290359 0.841646682 0.074894523 -0.479285883
10122.683598998 36.050281249 30.792126926 0.756836022 -0.248761377 0.838190755 0.073599997 -0.479726042
10122.716932332 36.002012273 30.817474025 0.770488595 -0.266547935 0.831552463 0.071317001 -0.482064917
10122.750265665 35.955708830 30.838981181 0.784567424 -0.284991940 0.822784398 0.068430547 -0.486952450
10122.783598998 35.920574246 30.853912426 0.794963332 -0.298665263 0.815270891 0.065796850 -0.491734897
10122.816932332 35.871399957 30.870016012 0.809254125 -0.318127730 0.803686277 0.061349711 -0.499118552
10122.850265665 35.820538549 30.889968687 0.823515610 0.338896614 -0.791575369 -0.056886039 0.505293477
10122.883598998 35.788276325 30.899866838 0.834465007 0.352683464 -0.783608659 -0.054429479 0.508536406
10122.916932332 35.741764498 30.913465643 0.849703653 0.372416860 -0.771599436 -0.050565418 0.513208662
10122.950265665 35.698484746 30.928729206 0.865829538 0.390830903 -0.760606020 -0.047239961 0.516234515
10122.983598998 35.668076338 30.938288078 0.876110633 0.403731314 -0.752925075 -0.045119155 0.517753917
10123.016932332 35.624958054 30.954484374 0.892389764 0.421117663 -0.741256402 -0.042329471 0.520967442
10123.050265665 35.583757156 30.967298066 0.907643593 0.438516946 -0.728717737 -0.039169218 0.524537053
10123.083598998 35.556844796 30.974956604 0.918226793 0.450285126 -0.719619445 -0.037343633 0.527253841
10123.116932332 35.517405874 30.988866163 0.932855532 0.467630252 -0.705461188 -0.034656781 0.531455894
10123.150265665 35.482502028 30.998886480 0.947451935 0.483453022 -0.692253481 -0.033187491 0.534749366
10123.183598998 35.463624897 31.002860810 0.956197141 0.493564360 -0.683578088 -0.033067376 0.536676596
10123.216932332 35.428097074 31.016416061 0.975874623 0.509002312 -0.669642215 -0.033222309 0.539807584
10123.250265665 35.395397661 31.029398424 0.994763603 0.522968212 -0.656335969 -0.033919941 0.542749282
10123.283598998 35.375923490 31.035513424 1.007244808 0.532281183 -0.646707628 -0.034510563 0.545210974
10123.316932332 35.345495188 31.049825754 1.027070964 0.545027961 -0.632190342 -0.035302057 0.549575889
10123.350265665 35.311955037 31.063439110 1.045023219 0.557629732 -0.617211564 -0.035708374 0.553916852
10123.383598998 35.293894555 31.070541376 1.057546321 0.566095808 -0.605959050 -0.036169135 0.557710462
10123.416932332 35.270592690 31.081397283 1.075473849 0.577494597 -0.589916521 -0.037929120 0.563080695
10123.450265665 35.242904416 31.093298703 1.093525048 0.588948453 -0.573728094 -0.039928830 0.567786476
10123.483598998 35.227167850 31.100049533 1.105156093 0.596197709 -0.562796269 -0.041130430 0.571066493
10123.516932332 35.200789450 31.109007244 1.124450997 0.607031630 -0.546685291 -0.043621287 0.575104317
10123.550265665 35.175072677 31.117633490 1.142152882 0.617203929 -0.531214374 -0.046182757 0.578565253
10123.583598998 35.158326313 31.123139814 1.153796542 0.624038292 -0.521011932 -0.048203288 0.580344053
10123.616932332 35.135352123 31.129365419 1.171732288 0.633767342 -0.507201009 -0.053154459 0.581601836
10123.650265665 35.110009154 31.135423850 1.188504245 0.642448930 -0.496067492 -0.058957466 0.581119981
10123.683598998 35.092939797 31.138428283 1.200404885 0.648138260 -0.489028541 -0.063508033 0.580288386
10123.716932332 35.068501020 31.140256356 1.218132339 0.656274786 -0.478262940 -0.070629797 0.579292151
10123.750265665 35.044432792 31.141488587 1.236050961 0.663664620 -0.466049807 -0.076159804 0.580126309
10123.783598998 35.027692051 31.142520854 1.248085796 0.668640206 -0.456296022 -0.078536082 0.581847316
10123.816932332 35.004019418 31.145790751 1.263038101 0.675543546 -0.440728245 -0.080820245 0.585548990
10123.850265665 34.981763989 31.147442363 1.277641959 0.681555307 -0.425150865 -0.082692915 0.589822844
10123.883598998 34.965055294 31.150343570 1.288749051 0.685429530 -0.414404726 -0.084547099 0.592711456
10123.916932332 34.941942844 31.154707820 1.301743815 0.689747706 -0.401167246 -0.087660245 0.596346061
10123.950265665 34.919136590 31.159179362 1.315590478 0.692905174 -0.390005203 -0.093286590 0.599229483
10123.983598998 34.904087834 31.161495393 1.325309079 0.694548620 -0.383115103 -0.098421481 0.600947789
10124.016932332 34.880886282 31.166059132 1.338527744 0.696133717 -0.374680509 -0.105864636 0.603162535
10124.050265665 34.858464950 31.169046192 1.350909124 0.696860806 -0.367852329 -0.113367326 0.605159095
10124.083598998 34.842740762 31.171337456 1.360432164 0.696948567 -0.363437811 -0.119003887 0.606641350
10124.116932332 34.818923732 31.175420936 1.375708511 0.696866405 -0.357242042 -0.126804778 0.608831574
10124.150265665 34.800582236 31.179210227 1.389466744 0.696299916 -0.350570593 -0.133794846 0.611854252
10124.183598998 34.790647693 31.181859527 1.397734932 0.696073538 -0.346410539 -0.137332239 0.613694733
10124.216932332 34.765512582 31.188969723 1.418185346 0.695672048 -0.335354441 -0.144331964 0.618664759
10124.250265665 34.751080997 31.193530305 1.432269448 0.695281295 -0.327277255 -0.149095418 0.622289383
10124.283598998 34.740077530 31.197011791 1.442291766 0.694767694 -0.321336616 -0.152510515 0.625124926
10124.316932332 34.719798629 31.204801517 1.461703703 0.693424214 -0.310946656 -0.160998366 0.629725783
10124.350265665 34.701223342 31.212740180 1.476271439 0.691217701 -0.304761793 -0.169809962 0.632852998
10124.383598998 34.683993058 31.220029587 1.489677015 0.688162255 -0.301644550 -0.180623073 0.634679905
10124.416932332 34.671940467 31.226686738 1.497540283 0.684957298 -0.301238067 -0.190470986 0.635460408
10124.450265665 34.653712739 31.238267556 1.507108574 0.679215379 -0.303927334 -0.206024553 0.635490778
10124.483598998 34.631501602 31.253129498 1.515984921 0.671895203 -0.309703408 -0.224126087 0.634356471
10124.516932332 34.616381350 31.263810773 1.520240747 0.666277453 -0.314564103 -0.236692871 0.633324771
10124.550265665 34.596556918 31.279772620 1.524068872 0.656998514 -0.322730858 -0.255400531 0.631639386
10124.583598998 34.577252722 31.296733084 1.527823867 0.647573383 -0.330058383 -0.273515218 0.629999685
10124.616932332 34.561895346 31.309644602 1.531689851 0.640636816 -0.335123776 -0.285569177 0.629068175
10124.650265665 34.540221353 31.331627160 1.535837198 0.630668865 -0.341681890 -0.301723502 0.628071012
10124.683598998 34.519645622 31.353696055 1.537785428 0.619920427 -0.348503879 -0.317831413 0.627078068
10124.716932331 34.509037888 31.365854048 1.538736733 0.614326715 -0.352127903 -0.325978849 0.626375620
10124.750265665 34.485724121 31.394295202 1.540997582 0.600701459 -0.361626872 -0.344685535 0.624159951
10124.783598998 34.465802716 31.420497805 1.541643702 0.587598422 -0.371912109 -0.361577007 0.621024593
10124.816932331 34.452188292 31.439452942 1.541411361 0.577943575 -0.379564216 -0.373592028 0.618337470
10124.850265665 34.434241880 31.466100533 1.541247051 0.564351015 -0.389665271 -0.389468552 0.614803347
10124.883598998 34.415825220 31.493459152 1.543228431 0.551100219 -0.399087597 -0.404621502 0.610982061
10124.916932331 34.405147276 31.510195282 1.545673173 0.541905281 -0.405964284 -0.414731677 0.607889219
10124.950265665 34.390695074 31.534140487 1.547405119 0.528252522 -0.416269866 -0.428765068 0.603182550
10124.983598998 34.377853238 31.556689746 1.551693494 0.514438149 -0.427190046 -0.442993264 0.597175874
10125.016932331 34.370023597 31.572321693 1.554076073 0.504456209 -0.435006238 -0.452761298 0.592706262
10125.050265665 34.359897564 31.590821877 1.558824577 0.490768682 -0.445281904 -0.466076533 0.586210536
10125.083598998 34.351498711 31.606321941 1.563961309 0.478038510 -0.453948031 -0.478620071 0.579942407
10125.116932331 34.345049222 31.616232925 1.566342823 0.470506860 -0.458123201 -0.486217017 0.576488889
10125.150265665 34.337195537 31.626176754 1.569408969 0.463026594 -0.460743553 -0.494509951 0.573394855
10125.183598998 34.330300777 31.632749837 1.570131223 0.459347383 -0.459032958 -0.499844915 0.573100154
10125.216932331 34.324747122 31.636742687 1.570073723 0.458976402 -0.455448037 -0.502011933 0.574362052
10125.250265665 34.318819329 31.636136459 1.569120278 0.461509336 -0.447247121 -0.503257732 0.577677073
10125.283598998 34.310999215 31.641289308 1.567428586 0.465258891 -0.438187289 -0.503487416 0.581400453
10125.316932331 34.307727312 31.638480348 1.565663131 0.468903992 -0.431060823 -0.502944035 0.584262707
10125.350265665 34.294268151 31.649043781 1.564558482 0.473119296 -0.422178324 -0.501777171 0.588339413
10125.383598998 34.286680723 31.646041778 1.561972732 0.477962711 -0.414083583 -0.500259573 0.591461573
10125.416932331 34.282877339 31.641919459 1.560052474 0.481308363 -0.409278676 -0.498880197 0.593255235
10125.450265665 34.275156500 31.641433055 1.558603648 0.485117046 -0.404196584 -0.496548662 0.595588783
10125.483598998 34.265445742 31.636162240 1.557503920 0.491840673 -0.396962054 -0.491296040 0.599284642
10125.516932331 34.261792360 31.629809527 1.557793748 0.496523364 -0.392663740 -0.487060593 0.601707333
10125.550265665 34.255162715 31.623741518 1.559883904 0.503880680 -0.386415091 -0.479522036 0.605678344
10125.583598998 34.249751537 31.612120100 1.561386734 0.512833974 -0.379566475 -0.469126131 0.610615492
10125.616932331 34.245563361 31.602973584 1.563031164 0.519936249 -0.374036515 -0.460443314 0.614617716
10125.650265665 34.239372575 31.591719629 1.563906271 0.528582884 -0.367239768 -0.449303322 0.619565665
10125.683598998 34.232146833 31.569034806 1.566392659 0.543354398 -0.354824969 -0.428863355 0.628443683
10125.716932331 34.227392285 31.554190739 1.567847833 0.553331477 -0.345581527 -0.414367535 0.634584298
10125.750265665 34.220267963 31.532086242 1.571902375 0.568203926 -0.329922883 -0.392950452 0.643339049
10125.783598998 34.213157289 31.508548762 1.574275794 0.583657819 -0.311857742 -0.368251574 0.653053656
10125.816932331 34.206973073 31.492650825 1.575252503 0.594142845 -0.298524699 -0.349734557 0.659971987
10125.850265665 34.197668159 31.469075192 1.576509603 0.607839747 -0.279232316 -0.323532236 0.669243639
10125.883598998 34.187035081 31.444227447 1.575632106 0.619210614 -0.261755983 -0.298582424 0.677429374
10125.916932331 34.179242747 31.427041182 1.575669279 0.626300105 -0.249996303 -0.281664179 0.682579898
10125.950265665 34.166102684 31.400612445 1.574723637 0.635545667 -0.233694564 -0.257542012 0.689304481
10125.983598998 34.152900690 31.374170776 1.574419079 0.642686699 -0.219826748 -0.236570458 0.694740546
10126.016932331 34.144113167 31.355187363 1.574334440 0.647295145 -0.209979135 -0.221793344 0.698373447
10126.050265665 34.132785395 31.330879510 1.574163863 0.652944317 -0.195778805 -0.201467034 0.703381414
10126.083598998 34.121360220 31.305988280 1.575915002 0.658914580 -0.178890390 -0.179900371 0.708142401
10126.116932331 34.114145870 31.288388624 1.576721471 0.662441680 -0.166382065 -0.164669516 0.711598186
10126.150265665 34.107002517 31.270912934 1.575857268 0.666116528 -0.149411191 -0.144368771 0.716325851
10126.183598998 34.099432786 31.250166111 1.576578191 0.668787348 -0.134630164 -0.127123788 0.720026211
10126.216932331 34.093879747 31.235614409 1.576852311 0.669951783 -0.125975361 -0.116931760 0.722233882
10126.250265665 34.086835945 31.218753185 1.578220973 0.670642486 -0.118044745 -0.106713074 0.724511155
10126.283598998 34.075302585 31.203476412 1.579023575 0.670700049 -0.113150951 -0.099131773 0.726313429
10126.316932331 34.065628387 31.190939717 1.579168160 0.670569005 -0.111059878 -0.095126211 0.727292182
10126.350265665 34.051474028 31.175617277 1.579252942 0.669809538 -0.109483669 -0.091021924 0.728754773
10126.383598998 34.035440918 31.160885136 1.579267516 0.669198499 -0.107794398 -0.087434124 0.730006171
10126.416932331 34.023870862 31.151398521 1.579112426 0.668638834 -0.106120547 -0.084967030 0.731054816
10126.450265665 34.011701902 31.138651623 1.581894759 0.668243875 -0.103468730 -0.082170762 0.732114958
10126.483598998 33.991615959 31.118578635 1.580901592 0.667362655 -0.098358079 -0.078054048 0.734071073
10126.516932331 33.977920776 31.109221115 1.579529836 0.666775880 -0.095833053 -0.076556963 0.735095220
10126.550265665 33.958793885 31.094377119 1.576378336 0.665942639 -0.093649166 -0.076439573 0.736143483
10126.583598998 33.937169674 31.079640844 1.572755733 0.665005159 -0.093943776 -0.078437352 0.736743026
10126.616932331 33.919801562 31.070220354 1.569251737 0.664188260 -0.095482547 -0.081092048 0.736994652
10126.650265665 33.891862175 31.055678206 1.563504033 0.663013927 -0.099296409 -0.085631619 0.737034586
10126.683598998 33.861669694 31.040031397 1.557807143 0.661563511 -0.105251195 -0.092102055 0.736731375
10126.716932331 33.838138291 31.028504594 1.555071747 0.660396724 -0.110320207 -0.096990492 0.736409168
10126.750265665 33.805503389 31.015682551 1.551650456 0.658927924 -0.116771252 -0.102737330 0.735950750
10126.783598998 33.761277475 30.999571908 1.547660055 0.657126126 -0.124885278 -0.109389411 0.735270616
10126.816932331 33.730581768 30.989525765 1.545459803 0.655868728 -0.129505331 -0.113012167 0.735046142
10126.850265665 33.686741148 30.973941605 1.544142349 0.654415263 -0.132816628 -0.115752625 0.735324239
10126.883598998 33.642140985 30.960956247 1.543132103 0.653275364 -0.132947978 -0.116180142 0.736246092
10126.916932331 33.606686498 30.952094275 1.543305789 0.652814156 -0.130209029 -0.114560950 0.737397501
10126.950265665 33.563058320 30.943285850 1.544986799 0.652589986 -0.124143772 -0.110967620 0.739189301
10126.983598998 33.514888358 30.933473366 1.547162245 0.652380903 -0.114102567 -0.105066135 0.741849627
10127.016932331 33.482098392 30.926951355 1.548846169 0.652247809 -0.106390550 -0.100917016 0.743686495
10127.050265665 33.444354393 30.918983386 1.551216556 0.651819623 -0.097042669 -0.096563345 0.745915156
10127.083598998 33.411272091 30.914890799 1.550884689 0.650950106 -0.090500077 -0.094779391 0.747723587
10127.116932331 33.389292900 30.913330226 1.550155735 0.650222464 -0.088366408 -0.095573219 0.748510445
10127.150265665 33.359177345 30.908446206 1.551697074 0.648925723 -0.088596193 -0.098575584 0.749218910
10127.183598998 33.326794715 30.903702102 1.554153345 0.647456814 -0.091331826 -0.103173117 0.749542180
10127.216932331 33.301310620 30.899661421 1.557365077 0.646198037 -0.094183230 -0.107539625 0.749661820
10127.250265665 33.268693970 30.892985655 1.561368101 0.644890632 -0.097680080 -0.112585007 0.749599420
10127.283598998 33.240327974 30.885919702 1.565505815 0.643992889 -0.099075171 -0.116413104 0.749603400
10127.316932331 33.222247088 30.881116782 1.566793491 0.643508912 -0.099341936 -0.118459888 0.749663068
10127.350265665 33.199503753 30.876960572 1.566555690 0.642955415 -0.099130613 -0.120793882 0.749793501
10127.383598998 33.171647818 30.873615234 1.563628374 0.642691641 -0.098943284 -0.122890789 0.749703631
10127.416932331 33.153680970 30.871208920 1.561261677 0.642536132 -0.099113445 -0.124602156 0.749531952
10127.450265665 33.128930881 30.867171367 1.557782095 0.642304083 -0.100676764 -0.127750148 0.748992359
10127.483598998 33.101483852 30.862259921 1.554942848 0.641856375 -0.104337582 -0.132411996 0.748064921
10127.516932331 33.080752523 30.858383322 1.552336619 0.641407844 -0.108467719 -0.136856560 0.747061587
10127.550265665 33.052057149 30.851412029 1.548644815 0.640451125 -0.116744783 -0.144758339 0.745142963
10127.583598998 33.018594138 30.841971302 1.545054977 0.639070506 -0.128476670 -0.155024585 0.742327429
10127.616932331 32.993633353 30.833586439 1.542825852 0.637928156 -0.137703236 -0.162789935 0.739989813
10127.650265665 32.959733317 30.821658697 1.540417678 0.636388967 -0.148993495 -0.172486105 0.736925074
10127.683598998 32.921405801 30.809907494 1.538723749 0.635202426 -0.157145670 -0.180101320 0.734429459
10127.716932331 32.902429988 30.804592575 1.538209836 0.634964925 -0.159694348 -0.182924220 0.733386657
10127.750265665 32.859503167 30.789842435 1.537126640 0.635611866 -0.158817335 -0.185153234 0.732456749
10127.783598998 32.825687525 30.778535878 1.537519603 0.636854285 -0.153372492 -0.184590875 0.732679812
10127.816932331 32.810222551 30.773479123 1.537942861 0.637579717 -0.149536753 -0.183975658 0.732996467
10127.850265665 32.782714486 30.764264671 1.540889695 0.638568999 -0.141201752 -0.183779033 0.733837152
10127.883598998 32.757872813 30.756569552 1.544316567 0.638625390 -0.135454387 -0.186692918 0.734135869
10127.916932331 32.744983447 30.754025671 1.545500008 0.638234295 -0.134444425 -0.189825765 0.733858201
10127.950265665 32.715438161 30.749298176 1.547845924 0.636097694 -0.137738396 -0.200726298 0.732199981
10127.983598998 32.691959506 30.744472424 1.552306518 0.632872252 -0.144333838 -0.213161766 0.730207174
10128.016932331 32.673380116 30.741875544 1.557693574 0.630112055 -0.149922919 -0.222591330 0.728652878
10128.050265665 32.653994857 30.739883989 1.560664041 0.626378248 -0.157803648 -0.234956748 0.726321985
10128.083598998 32.629883818 30.736639886 1.562272054 0.622395182 -0.166254005 -0.247189738 0.723796295
10128.116932331 32.614274908 30.734200622 1.562434946 0.619739250 -0.171645342 -0.255124433 0.722061397
10128.150265665 32.591687848 30.733838689 1.561815604 0.616343845 -0.178495096 -0.264586669 0.719898368
10128.183598998 32.559912542 30.732624767 1.558694267 0.613447916 -0.184865791 -0.272577093 0.717779926
10128.216932331 32.537324866 30.731992499 1.553684314 0.611511247 -0.188917243 -0.277665131 0.716426092
10128.250265665 32.515061672 30.731096044 1.546816186 0.609876575 -0.192440535 -0.281938205 0.715211893
10128.283598998 32.477993354 30.731058068 1.532644148 0.607780113 -0.196932752 -0.286997529 0.713759935
10128.316932331 32.456266674 30.732308102 1.521952007 0.606454944 -0.199685014 -0.289818809 0.712982015
10128.350265665 32.427603284 30.734806030 1.506997991 0.604279921 -0.203581393 -0.293747957 0.712118340
10128.383598998 32.397080325 30.738693906 1.489325162 0.601271838 -0.209404325 -0.298850835 0.710851731
10128.416932331 32.374561781 30.742415727 1.475918061 0.598534181 -0.214871744 -0.303326073 0.709633892
10128.450265665 32.342188076 30.746702549 1.458545074 0.594492038 -0.223749882 -0.309785531 0.707494263
10128.483598998 32.305458658 30.752011046 1.440305698 0.589919843 -0.234789257 -0.316238041 0.704884448
10128.516932331 32.277700353 30.758385060 1.428228787 0.586870675 -0.243077706 -0.320402526 0.702736267
10128.550265665 32.237591359 30.766138932 1.415728390 0.583874504 -0.251828311 -0.324257217 0.700378699
10128.583598998 32.200951890 30.775819776 1.404973368 0.582535895 -0.257262853 -0.325670925 0.698860647
10128.616932331 32.158230268 30.783341987 1.400092163 0.583814245 -0.257999723 -0.323632371 0.698469154
10128.650265665 32.128458899 30.788477623 1.399692417 0.585584321 -0.255954414 -0.320962475 0.698971695
10128.683598998 32.093316088 30.796473669 1.402637955 0.587707399 -0.252726983 -0.318044494 0.699697638
10128.716932331 32.057044643 30.806470677 1.407150557 0.588272089 -0.253174865 -0.318184087 0.698997370
10128.750265665 32.030558140 30.811922766 1.411131076 0.579796836 -0.273488017 -0.335980706 0.690041229
10128.783598998 32.000088591 30.818348315 1.417306108 0.554141714 -0.325824284 -0.380008232 0.665100925
10128.816932331 31.968560847 30.825581792 1.421272864 0.526123172 -0.373182094 -0.420801342 0.637852462
10128.850265665 31.950246717 30.830661508 1.424701062 0.507950428 -0.399025410 -0.445910756 0.619619789
10128.883598998 31.928265326 30.836385628 1.429030814 0.488911469 -0.422491618 -0.472133177 0.599630445
10128.916932331 31.907764627 30.839653376 1.432340086 0.476974892 -0.434725299 -0.491347036 0.584882002
10128.950265665 31.894361207 30.840373563 1.433939597 0.473105287 -0.437265531 -0.501471704 0.577491448
10128.983598998 31.879390084 30.839402423 1.434834372 0.472842404 -0.434093224 -0.510968626 0.571746619
10129.016932331 31.865033236 30.837549488 1.434287499 0.475174566 -0.428046175 -0.518416436 0.567653065
10129.050265665 31.853436969 30.836444475 1.432282496 0.476969292 -0.423735068 -0.523756483 0.564471463
10129.083598998 31.838371718 30.836671836 1.429323703 0.477148037 -0.421109121 -0.531789367 0.558745853
10129.116932331 31.821307143 30.839388322 1.425905731 0.473218798 -0.423003500 -0.542662068 0.550136246
10129.150265665 31.807944289 30.842968537 1.423625183 0.467410621 -0.427343184 -0.552282483 0.542115462
10129.183598998 31.786879914 30.848794832 1.423568315 0.456904137 -0.436319727 -0.566352199 0.529253146
10129.216932331 31.759163068 30.860760096 1.415437818 0.444163936 -0.447064217 -0.580301676 0.515850704
10129.250265665 31.744091759 30.870825984 1.419393610 0.434471843 -0.454972851 -0.590562941 0.505439744
10129.283598998 31.731900371 30.884442216 1.430863176 -0.422736541 0.463967388 0.602761370 -0.492652830
10129.316932331 31.718444960 30.896286561 1.439167619 -0.411261683 0.471628598 0.614652291 -0.480242496
10129.350265665 31.711997501 30.904834757 1.444079729 -0.404079696 0.476004254 0.622281728 -0.472128161
10129.383598998 31.694757827 30.915510577 1.443034772 -0.396062633 0.480682505 0.631684786 -0.461576701
10129.416932331 31.678599706 30.925580583 1.441579130 -0.388131838 0.485045900 0.640279595 -0.451803267
10129.450265665 31.674386664 30.932769034 1.441512963 -0.382234845 0.488255577 0.646306941 -0.444736275
10129.483598998 31.669196688 30.942450047 1.441144050 -0.374477308 0.492445054 0.653748211 -0.435749803
10129.516932331 31.664144404 30.953509093 1.439671778 -0.365840423 0.497414185 0.661169415 -0.426139553
10129.550265665 31.659223876 30.960550984 1.437271871 -0.359563747 0.501260536 0.666274205 -0.418963568
10129.583598998 31.657074700 30.971928647 1.433686600 -0.350461830 0.507803734 0.672480806 -0.408755964
10129.616932331 31.653734498 30.984368581 1.430648298 -0.340662630 0.514372817 0.678948153 -0.397993698
10129.650265665 31.651214261 30.989192205 1.428820582 -0.336193023 0.517324363 0.681722097 -0.393198089
10129.683598998 31.650098785 31.003740638 1.425598304 -0.324084148 0.525784342 0.688540498 -0.380042462
10129.716932331 31.649051363 31.019754366 1.423184006 -0.313229640 0.533701273 0.694007758 -0.367971977
10129.750265665 31.648595999 31.031904828 1.421103137 -0.305841911 0.539452458 0.697270971 -0.359534371
10129.783598998 31.647462376 31.045121666 1.418825942 -0.297051734 0.546516718 0.700244145 -0.350339668
10129.816932331 31.644582999 31.061799257 1.414889128 -0.288635768 0.554293996 0.702405757 -0.340695924
10129.850265665 31.641136436 31.074957510 1.411341853 -0.283199478 0.559940427 0.703293590 -0.334130065
10129.883598998 31.635666055 31.092566621 1.406428557 -0.278039959 0.566907562 0.703163333 -0.326911186
10129.916932331 31.628105283 31.112838907 1.401047052 -0.274394709 0.574102694 0.701690154 -0.320537935
10129.950265665 31.623600124 31.131461636 1.404357008 -0.271735354 0.578748615 0.700652764 -0.316694872
10129.983598998 31.612382464 31.153863792 1.401931115 -0.272129177 0.584705035 0.696882122 -0.313721280
10130.016932331 31.598988835 31.176735491 1.398580442 -0.275707391 0.590087809 0.691488234 -0.312451330
10130.050265665 31.591762222 31.188027526 1.396775573 -0.278241916 0.592424161 0.688592822 -0.312177795
10130.083598998 31.578666303 31.209006466 1.393949732 -0.284347598 0.595862411 0.682934148 -0.312562602
10130.116932331 31.558404922 31.237238599 1.390473475 -0.294609294 0.600135674 0.674203463 -0.313834713
10130.150265665 31.549787415 31.249042701 1.389899278 -0.299005672 0.601846660 0.670392252 -0.314563878
10130.183598998 31.531069004 31.273044171 1.388769289 -0.310243899 0.604363186 0.661667354 -0.317317153
10130.216932331 31.514061040 31.293015967 1.388189239 -0.323297945 0.604331881 0.652866388 -0.322532007
10130.250265665 31.503359431 31.305398002 1.388402724 -0.334983763 0.601063456 0.646042131 -0.330360659
10130.283598998 31.489555771 31.317841300 1.388791647 -0.355702868 0.593748327 0.634471295 -0.344070587
10130.316932331 31.475996073 31.327087815 1.390816457 -0.383061634 0.581168975 0.619456796 -0.363014717
10130.350265665 31.465626782 31.332121881 1.393747952 -0.406904652 0.568207879 0.605652603 -0.380464630
10130.383598998 31.454114405 31.333846175 1.397922380 -0.439811724 0.547255471 0.585334422 -0.405537558
10130.416932331 31.443125942 31.330934678 1.401755191 -0.475822211 0.520912421 0.560969409 -0.433078279
10130.450265665 31.436208200 31.326068231 1.404461294 -0.502786487 0.498459633 0.540861355 -0.454106527
10130.483598998 31.430146639 31.315796486 1.408036075 0.538960368 -0.464014641 -0.510574922 0.483244642
10130.516932331 31.427514984 31.300654520 1.411295834 0.577212660 -0.421728294 -0.473654577 0.514414359
10130.550265665 31.428058429 31.286568055 1.413343262 0.605130251 -0.386304213 -0.442783965 0.537148764
10130.583598998 31.431429823 31.266935527 1.415342862 0.635964259 -0.341468278 -0.403508892 0.562253902
10130.616932331 31.437366711 31.243554670 1.417213132 0.663495080 -0.294303694 -0.362379944 0.584671182
10130.650265665 31.442301177 31.226497030 1.418436584 0.678466252 -0.264388559 -0.336323158 0.597217689
10130.683598998 31.448864294 31.203945097 1.419921955 0.691171553 -0.234160813 -0.310352955 0.609205747
10130.716932331 31.454592028 31.181904399 1.421000554 0.696952132 -0.215513439 -0.294740025 0.617203371
10130.750265665 31.458163107 31.165894124 1.421428478 0.697331027 -0.209570482 -0.290217820 0.620953516
10130.783598998 31.462000116 31.146460326 1.421248965 0.693858627 -0.210678426 -0.292049722 0.623603854
10130.816932331 31.462308561 31.125736691 1.419952890 0.688015758 -0.216594648 -0.297484715 0.625478952
10130.850265665 31.464875089 31.110191052 1.417717247 0.683230029 -0.221517518 -0.301863514 0.626901216
10130.883598998 31.470522220 31.090386533 1.413270405 0.678315504 -0.225320255 -0.305038844 0.629341055
10130.916932331 31.475607858 31.069403237 1.406990439 0.675105908 -0.225342945 -0.304450237 0.633058151
10130.950265665 31.481951693 31.052907357 1.401830491 0.673903217 -0.222564303 -0.301580650 0.636685713
10130.983598998 31.490796798 31.030577328 1.396632960 0.674037057 -0.215913745 -0.294951477 0.641918162
10131.016932331 31.501450548 31.008708339 1.390611292 0.674822733 -0.207206867 -0.285617251 0.648153052
10131.050265665 31.509808514 30.993152616 1.386578675 0.675615864 -0.200341276 -0.277914009 0.652817264
10131.083598998 31.520367899 30.971043076 1.384352806 0.676672444 -0.192196506 -0.268343329 0.658154058
10131.116932331 31.531286211 30.953181876 1.381109583 0.676978079 -0.185634205 -0.258843745 0.663506245
10131.150265665 31.539579328 30.940135033 1.379231718 0.676833139 -0.181991056 -0.252418054 0.667129135
10131.183598998 31.550452332 30.923916664 1.378060262 0.676238171 -0.179115367 -0.245591136 0.671047401
10131.216932331 31.555528190 30.887022715 1.387480519 0.676276059 -0.177926543 -0.239037874 0.673686672
10131.250265665 31.561933458 30.869340506 1.390565349 0.675386987 -0.178532347 -0.235196513 0.675767134
10131.283598998 31.571383089 30.854441451 1.391832600 0.673621029 -0.180731714 -0.231630670 0.678172536
10131.316932331 31.580897306 30.839134196 1.393436717 0.671490238 -0.184427069 -0.228503250 0.680348279
10131.350265665 31.577720561 30.823187454 1.387868729 0.670375608 -0.187875771 -0.225793559 0.681407740
10131.383598998 31.582612948 30.807457428 1.387276596 0.668666158 -0.191900633 -0.222499824 0.683047250
10131.416932331 31.589811554 30.791956556 1.388364418 0.667185677 -0.195128384 -0.218167953 0.684975131
10131.450265665 31.574751465 30.794243394 1.385763430 0.666818423 -0.197320511 -0.213902899 0.686049092
10131.483598998 31.565974718 30.787022093 1.386950130 0.666566513 -0.198268764 -0.205619905 0.688548499
10131.516932331 31.567588500 30.771131434 1.389288362 0.666641175 -0.197888390 -0.197352598 0.691000493
10131.550265665 31.570514939 30.786624348 1.400248397 0.665931389 -0.199205422 -0.192461087 0.692684138
10131.583598998 31.564624475 30.795446799 1.406149988 0.665017491 -0.202685048 -0.187593780 0.693886938
10131.616932331 31.558276061 30.793739645 1.410301153 0.663883115 -0.208057400 -0.184210266 0.694289497
10131.650265665 31.556247752 30.784802150 1.413413011 0.662936805 -0.212999995 -0.182593207 0.694122119
10131.683598998 31.540126819 30.794028391 1.422772848 0.661357291 -0.220560617 -0.180140329 0.693908502
10131.716932331 31.530710145 30.778357985 1.423610034 0.660337206 -0.226758720 -0.178271809 0.693364565
10131.750265665 31.529919012 30.760134894 1.425971972 0.659832493 -0.230372578 -0.176765660 0.693039290
10131.783598998 31.529568427 30.740694944 1.429624485 0.659459646 -0.233769962 -0.174777593 0.692760690
10131.816932331 31.519247465 30.725925176 1.428902131 0.659500255 -0.236261938 -0.172042036 0.692561368
10131.850265665 31.487987503 30.713994842 1.410410042 0.660993371 -0.235518116 -0.168253719 0.692321939
10131.883598998 31.471288317 30.695752285 1.401837213 0.661740432 -0.235594786 -0.165887058 0.692153293
10131.916932331 31.459404304 30.673955650 1.396731913 0.661893574 -0.236569312 -0.164825216 0.691928107
10131.950265665 31.450196589 30.656644632 1.394030665 0.661853447 -0.236950931 -0.164059387 0.692017910
10131.983598998 31.440889994 30.635543165 1.389901347 0.661026193 -0.237840872 -0.165455663 0.692170872
10132.016932331 31.432252162 30.611095218 1.389527600 0.660356792 -0.240178151 -0.169372602 0.691054473
10132.050265665 31.425687934 30.593040142 1.388227786 0.659453263 -0.241673431 -0.173200027 0.690447027
10132.083598998 31.417571851 30.571034627 1.387612442 0.657838542 -0.243762710 -0.178961858 0.689783189
10132.116932331 31.408579237 30.547436082 1.387290183 0.655287125 -0.247092062 -0.185742429 0.689234391
10132.150265665 31.402312558 30.530238062 1.386409213 0.652484117 -0.250162236 -0.192094063 0.689045139
10132.183598998 31.393099968 30.509235416 1.387526170 0.648682422 -0.254683717 -0.200031182 0.688719715
10132.216932331 31.382780576 30.486948339 1.388736884 0.644631167 -0.259222923 -0.208598247 0.688288389
10132.250265665 31.375369266 30.471330230 1.390221905 0.641494657 -0.262140463 -0.214821254 0.688199689
10132.283598998 31.363242702 30.452041108 1.389850491 0.637201503 -0.264469648 -0.222362789 0.688901183
10132.316932331 31.348280527 30.430732012 1.388273381 0.633459099 -0.265839858 -0.229333268 0.689539696
10132.350265665 31.335333249 30.414723805 1.386567195 0.630869005 -0.266392416 -0.234337414 0.690018373
10132.383598998 31.320065661 30.398303123 1.384960753 0.628251404 -0.266573348 -0.239427387 0.690589133
10132.416932331 31.297844567 30.377735139 1.382331122 0.625026796 -0.267479653 -0.245761886 0.690939386
10132.450265665 31.283100598 30.365272746 1.380600505 0.623175800 -0.268268170 -0.249883050 0.690827455
10132.483598998 31.255428974 30.343122391 1.376721806 0.620348146 -0.269628314 -0.255902510 0.690639309
10132.516932331 31.227699610 30.321699876 1.372558747 0.617638635 -0.270463723 -0.260444371 0.691043140
10132.550265665 31.202903300 30.304037134 1.369272005 0.615554531 -0.271082819 -0.264377654 0.691166536
10132.583598998 31.174184589 30.283263595 1.366728080 0.613755349 -0.270803020 -0.268295876 0.691366342
10132.616932331 31.143263655 30.259180716 1.366881546 0.612291398 -0.269620918 -0.271897368 0.691719326
10132.650265665 31.118316687 30.240139916 1.368359226 0.611632338 -0.267862279 -0.273936663 0.692180892
10132.683598998 31.088839747 30.219173649 1.371148752 0.611563411 -0.263953841 -0.274719015 0.693432064
10132.716932331 31.058160631 30.197439380 1.375446159 0.612067474 -0.258379091 -0.274114087 0.695323751
10132.750265665 31.034955653 30.179169643 1.379198242 0.612835176 -0.253669123 -0.273609506 0.696579401
10132.783598998 31.009169459 30.157206004 1.384267730 0.614028156 -0.247691592 -0.272901243 0.697956453
10132.816932331 30.980841954 30.129769722 1.389629884 0.615397796 -0.241314765 -0.272652442 0.699080384
10132.850265665 30.954926639 30.103785781 1.395510382 0.616414940 -0.236873340 -0.273153250 0.699507644
10132.883598998 30.935872611 30.084042018 1.398814650 0.616742008 -0.234934024 -0.274244037 0.699446572
10132.916932331 30.909110112 30.055952516 1.400857041 0.617009914 -0.233756834 -0.276470096 0.698727983
10132.950265665 30.879553400 30.025356110 1.400818776 0.617170524 -0.233534836 -0.279171114 0.697585489
10132.983598998 30.857527683 30.003126401 1.399522757 0.617157049 -0.234045491 -0.281513110 0.696484209
10133.016932331 30.830966102 29.976326728 1.397470637 0.616748846 -0.236243170 -0.285018167 0.694675946
10133.050265665 30.800323007 29.946163346 1.395619533 0.615940326 -0.240382702 -0.290014042 0.691899940
10133.083598998 30.776445923 29.922866971 1.394546494 0.615189149 -0.244222060 -0.293951390 0.689558175
10133.116932331 30.752836544 29.897924862 1.394588464 0.614782441 -0.247251528 -0.297016232 0.687524975
10133.150265665 30.718319636 29.859499404 1.396257924 0.614513941 -0.250607780 -0.300825190 0.684888723
10133.183598998 30.697233932 29.836315809 1.397523610 0.614429425 -0.252643819 -0.303196435 0.683168723
10133.216932331 30.668873248 29.805154329 1.400631682 0.613714160 -0.256523813 -0.307879778 0.680265026
10133.250265665 30.641867870 29.773981706 1.403910065 0.611745577 -0.262933361 -0.314116255 0.676730652
10133.283598998 30.620294352 29.750481631 1.406802478 0.609218849 -0.269969248 -0.320363693 0.673302386
10133.316932331 30.595623175 29.724712636 1.407576586 0.605042783 -0.281125026 -0.329789788 0.667930121
10133.350265665 30.567327887 29.697329946 1.408805804 0.599417127 -0.294791089 -0.340654501 0.661628168
10133.383598998 30.544655255 29.675435500 1.410804996 0.594970268 -0.304696555 -0.348944995 0.656816398
10133.416932331 30.518123371 29.650182815 1.413506572 0.590012774 -0.314923778 -0.357654224 0.651760229
10133.450265665 30.490936501 29.622515351 1.415832824 0.586306621 -0.322377823 -0.364559385 0.647621448
10133.483598998 30.470741298 29.601583826 1.416983231 0.584352318 -0.326470066 -0.368521069 0.645090603
10133.516932331 30.449724680 29.579604381 1.418443006 0.582832387 -0.329275369 -0.370993139 0.643621186
10133.550265665 30.426797545 29.557001834 1.420739496 0.581516314 -0.331211709 -0.372690907 0.642836735
10133.583598998 30.407941096 29.538508316 1.422337755 0.580529307 -0.332631058 -0.373755271 0.642377849
10133.616932331 30.387669383 29.519889298 1.424155935 0.579250364 -0.334294277 -0.374804897 0.642057350
10133.650265665 30.365016449 29.501239224 1.425507048 0.577208132 -0.336992121 -0.376220339 0.641658273
10133.683598998 30.346087263 29.486033476 1.425374232 0.575374750 -0.339552681 -0.377618319 0.641133589
10133.716932331 30.323429809 29.470681502 1.425343647 0.572751871 -0.343017131 -0.379778362 0.640361568
10133.750265665 30.297538516 29.451994584 1.423984016 0.570057530 -0.346385930 -0.381736852 0.639787602
10133.783598998 30.276011765 29.437200416 1.422579849 0.568100135 -0.348479196 -0.382715498 0.639807263
10133.816932331 30.248398810 29.417180285 1.419504893 0.566535994 -0.349793074 -0.383054975 0.640273893
10133.850265665 30.215746437 29.395307156 1.415235453 0.565110441 -0.350433679 -0.382945970 0.641247854
10133.883598998 30.190347520 29.379357164 1.412473749 0.563948634 -0.350581298 -0.382745015 0.642309073
10133.916932331 30.160534627 29.361131134 1.410358981 0.562644825 -0.350556792 -0.382408516 0.643664869
10133.950265665 30.128154125 29.342471584 1.409350664 0.561401216 -0.350204031 -0.381641226 0.645395837
10133.983598998 30.103811740 29.329185763 1.409913265 0.560632779 -0.348979218 -0.380539269 0.647374897
10134.016932331 30.078098016 29.315203169 1.412136327 0.560407538 -0.345946876 -0.378577215 0.650341020
10134.050265665 30.050393796 29.300596981 1.416611301 0.560254500 -0.341791463 -0.376384743 0.653932731
10134.083598998 30.029202422 29.290408737 1.421188081 0.559492256 -0.339418206 -0.375475753 0.656339589
10134.116932331 30.003110645 29.277579862 1.427720655 0.557697744 -0.338381369 -0.375738793 0.658248916
10134.150265665 29.975532590 29.265034212 1.434995600 0.555195785 -0.338655457 -0.377385942 0.659279889
10134.183598998 29.951617924 29.253976886 1.440879004 0.552690500 -0.340150433 -0.379638941 0.659321748
10134.216932331 29.921868321 29.243085218 1.447518244 0.548351930 -0.344349770 -0.384258070 0.658087480
10134.250265665 29.889192880 29.234570478 1.454024222 0.541937730 -0.351763734 -0.391494821 0.655208041
10134.283598998 29.863760390 29.229656912 1.458738452 0.535859017 -0.359120060 -0.398185180 0.652178242
10134.316932331 29.836526975 29.226711673 1.463015569 0.528756023 -0.367466188 -0.406639774 0.648097033
10134.350265665 29.807407659 29.223948672 1.466305555 0.522374648 -0.374877327 -0.414123116 0.644277705
10134.383598998 29.784555065 29.220608163 1.468378280 0.518608321 -0.378904021 -0.418337119 0.642239214
10134.416932331 29.752262976 29.212849377 1.468772526 0.516084293 -0.381083619 -0.421502930 0.640911505
10134.450265665 29.716179322 29.205300331 1.467315904 0.515295867 -0.381055956 -0.423192940 0.640448486
10134.483598998 29.687464242 29.199800504 1.465731028 0.515640968 -0.379751679 -0.423549823 0.640709452
10134.516932331 29.653650348 29.194946586 1.463548112 0.516776263 -0.377424286 -0.423242900 0.641372474
10134.550265665 29.614132319 29.189077585 1.461223121 0.518333588 -0.374955215 -0.422677541 0.641936581
10134.583598998 29.579512391 29.182615502 1.460690735 0.519586768 -0.373192618 -0.422138387 0.642305257
10134.616932331 29.535616124 29.173571196 1.462718335 0.520837177 -0.371565615 -0.421495670 0.642657785
10134.650265665 29.489977701 29.163497354 1.466512996 0.522030183 -0.369991872 -0.420591328 0.643190048
10134.683598998 29.455501413 29.157079649 1.471878135 0.522795009 -0.368531216 -0.419980995 0.643805937
10134.716932331 29.414952975 29.148032051 1.481259257 0.523970026 -0.366147852 -0.418413090 0.645229919
10134.750265665 29.369214116 29.136124756 1.493272326 0.525740100 -0.362280686 -0.415409998 0.647907852
10134.783598998 29.329961448 29.123120906 1.502329072 0.527495798 -0.358357451 -0.412423540 0.650565096
10134.816932331 29.289920802 29.112128016 1.513183337 0.529917223 -0.352609784 -0.407793150 0.654644044
10134.850265665 29.248536050 29.102719489 1.525152457 0.532589841 -0.345920025 -0.401826943 0.659713958
10134.883598998 29.215848865 29.095190599 1.533411447 0.534621329 -0.340506364 -0.396768649 0.663935305
10134.916932331 29.185028363 29.089648464 1.541076634 0.537082957 -0.333910117 -0.390545013 0.668969748
10134.950265665 29.148599769 29.083079243 1.546082361 0.539201327 -0.327259011 -0.383528604 0.674588229
10134.983598998 29.124579536 29.079158939 1.547372198 0.540065249 -0.323511681 -0.379208139 0.678137823
10135.016932331 29.090059888 29.074942508 1.546155023 0.539771994 -0.320168280 -0.374214773 0.682716464
10135.050265665 29.051344158 29.071173365 1.542888596 0.538564055 -0.318299856 -0.369669555 0.687006827
10135.083598998 29.017441062 29.066796849 1.538538544 0.537336923 -0.317753749 -0.366224468 0.690058856
10135.116932331 28.974652887 29.060231901 1.532552443 0.535969328 -0.317315191 -0.362373008 0.693349661
10135.150265665 28.928797318 29.055097387 1.524417105 0.534778778 -0.316622032 -0.357829210 0.696936441
10135.183598998 28.889862062 29.047905759 1.517575599 0.534190270 -0.315443435 -0.353666271 0.700040259
10135.216932331 28.848802787 29.043835401 1.508313904 0.534228844 -0.313119455 -0.348462681 0.703654397
10135.250265665 28.803752155 29.041323593 1.498371770 0.534920733 -0.309267453 -0.342273013 0.707857780
10135.283598998 28.766056150 29.038211795 1.491492790 0.535920174 -0.305105615 -0.337012674 0.711422932
10135.316932331 28.723717625 29.034823644 1.484588409 0.537613812 -0.299006016 -0.330549135 0.715754190
10135.350265665 28.676010357 29.029357708 1.479517041 0.539604797 -0.291891138 -0.323492987 0.720401634
10135.383598998 28.638217180 29.024158592 1.477723593 0.541139597 -0.286008609 -0.317815556 0.724127257
10135.416932331 28.596339977 29.017690931 1.478641601 0.542945997 -0.279094218 -0.311175077 0.728344790
10135.450265665 28.550005712 29.009138205 1.481877178 0.544747835 -0.271258181 -0.303617194 0.733133954
10135.483598998 28.512515452 29.000749815 1.485184153 0.546037221 -0.264766987 -0.297357950 0.737102466
10135.516932331 28.470341698 28.988606039 1.489692311 0.547503851 -0.256789385 -0.289680904 0.741878506
10135.550265665 28.424537022 28.973031776 1.495424993 0.549114979 -0.247521943 -0.280862648 0.747209342
10135.583598998 28.391069137 28.960368943 1.500312756 0.550356209 -0.239993657 -0.273691379 0.751401435
10135.616932331 28.353825935 28.946525993 1.506553972 0.551544157 -0.231316827 -0.265700265 0.756105110
10135.650265665 28.311901299 28.930160430 1.511699734 0.552555314 -0.222170564 -0.256919605 0.761127573
10135.683598998 28.279629718 28.916870086 1.514828028 0.553113796 -0.215276592 -0.250291930 0.764901999
10135.716932331 28.245737775 28.902143652 1.516916609 0.553163679 -0.208357490 -0.243655672 0.768914179
10135.750265665 28.209460857 28.885376596 1.517580109 0.552698237 -0.201386582 -0.237263202 0.773093963
10135.783598998 28.182817685 28.872105131 1.517440783 0.552006914 -0.196056872 -0.232817091 0.776302951
10135.816932331 28.154579489 28.856752072 1.515401404 0.550699187 -0.190646154 -0.228564358 0.779835101
10135.850265665 28.124028638 28.838811096 1.510611015 0.548512993 -0.185512033 -0.224631927 0.783746948
10135.883598998 28.099468630 28.823925785 1.506376179 0.546285273 -0.182229212 -0.222298657 0.786732625
10135.916932331 28.069600906 28.805088269 1.500703742 0.543212961 -0.180133626 -0.220839390 0.789747757
10135.950265665 28.032968037 28.781647709 1.495199899 0.539357619 -0.178926050 -0.220184610 0.792841450
10135.983598998 28.003027202 28.761596937 1.491615256 0.536009738 -0.178778583 -0.220067695 0.795174188
10136.016932331 27.967551427 28.737692339 1.488803623 0.532341240 -0.179676079 -0.220152269 0.797409737
10136.050265665 27.924588610 28.709271252 1.489007665 0.528335178 -0.181766906 -0.220840165 0.799407501
10136.083598998 27.889530171 28.686772785 1.490562097 0.525224560 -0.184257864 -0.221789900 0.800623158
10136.116932331 27.850692929 28.662867917 1.494530044 0.522103288 -0.187337430 -0.223050931 0.801599105
10136.150265665 27.808282673 28.637357463 1.500426589 0.518736613 -0.190069310 -0.224362673 0.802774797
10136.183598998 27.774937957 28.617761759 1.505157289 0.516263798 -0.191485023 -0.225310242 0.803766429
10136.216932331 27.737938465 28.596096947 1.509506439 0.514001307 -0.191749140 -0.225973157 0.804966494
10136.250265665 27.698695696 28.572607110 1.514005973 0.512053998 -0.190401993 -0.226200134 0.806462203
10136.283598998 27.668872437 28.554785607 1.516573892 0.510970331 -0.188432863 -0.225982144 0.807672240
10136.316932331 27.640272715 28.537666455 1.518250300 0.509942539 -0.185755600 -0.225762686 0.809002270
10136.350265665 27.609914971 28.520053083 1.518075780 0.508709982 -0.183282872 -0.225760555 0.810341727
10136.383598998 27.578960015 28.503186611 1.515351821 0.507181709 -0.182288503 -0.226320119 0.811367253
10136.416932331 27.541545670 28.484568653 1.511508692 0.504710634 -0.183783333 -0.228278071 0.812022158
10136.450265665 27.502432611 28.466699063 1.505234637 0.501369606 -0.188477095 -0.231665412 0.812056673
10136.483598998 27.470399472 28.452947865 1.499009206 0.498317774 -0.194103102 -0.235222670 0.811587135
10136.516932331 27.433944079 28.438488954 1.491124310 0.494622820 -0.201945142 -0.239999941 0.810534672
10136.550265665 27.392811250 28.423354430 1.481767177 0.490573277 -0.211196921 -0.245960316 0.808849333
10136.583598998 27.358882801 28.410884772 1.474787023 0.487846827 -0.217369555 -0.250590606 0.807440585
10136.616932331 27.323944195 28.396389441 1.466983319 0.486480893 -0.220477434 -0.254134246 0.806313727
10136.650265665 27.283090721 28.376824812 1.461307490 0.487131959 -0.219761859 -0.256509877 0.805363187
10136.683598998 27.248658105 28.359292619 1.459364372 0.489078876 -0.216821113 -0.257582084 0.804637762
10136.716932331 27.213660161 28.340753772 1.458141606 0.492173712 -0.212773004 -0.258290639 0.803603529
10136.750265665 27.172996649 28.317478782 1.458836255 0.495803209 -0.209719268 -0.259641016 0.801737831
10136.783598998 27.138918500 28.297184708 1.460939525 0.498640311 -0.209518068 -0.261811835 0.799321326
10136.816932331 27.103735551 28.275995352 1.464456062 0.501245231 -0.213291641 -0.265828575 0.795358449
10136.850265665 27.065616537 28.253169343 1.469558049 0.503407807 -0.221761195 -0.272193848 0.789501781
10136.883598998 27.035811135 28.234934366 1.474805458 0.504534234 -0.231303160 -0.278729519 0.783743524
10136.916932331 27.003149451 28.214577915 1.480350971 0.505570629 -0.243404475 -0.286912032 0.776423909
10136.950265665 26.968161450 28.190566172 1.484220954 0.507297191 -0.256248622 -0.295796186 0.767783055
10136.983598998 26.939058485 28.167689907 1.484434287 0.509624404 -0.264413170 -0.301586955 0.761192453
10137.016932331 26.906364218 28.140120508 1.483023410 0.514000421 -0.269200974 -0.305908054 0.754820949
10137.050265665 26.872115910 28.107449982 1.480252929 0.520610820 -0.271103014 -0.309399557 0.748157366
10137.083598998 26.844139576 28.078827279 1.476625697 0.526719378 -0.270957866 -0.311378431 0.743096228
10137.116932331 26.813885970 28.045859801 1.470967647 0.533694100 -0.270477773 -0.313614571 0.737331868
10137.150265665 26.781649613 28.008865152 1.464651516 0.540747598 -0.271792465 -0.317342867 0.730078349
10137.183598998 26.749628880 27.972296560 1.459844565 0.545870173 -0.276946896 -0.323550291 0.721554835
10137.216932331 26.721596668 27.942657437 1.456489904 0.548265433 -0.284461102 -0.330696030 0.713531381
10137.250265665 26.689355218 27.910942114 1.455192383 0.548551609 -0.296719577 -0.341266885 0.703267757
10137.283598998 26.652388410 27.875875977 1.456395363 0.546745849 -0.313504417 -0.354970627 0.690492441
10137.316932331 26.622270949 27.848286999 1.459326649 0.544211363 -0.327796447 -0.366822381 0.679576944
10137.350265665 26.592291256 27.820167925 1.463435555 0.540961561 -0.341943202 -0.378735125 0.668576953
10137.383598998 26.555744946 27.788459529 1.470472866 0.537685761 -0.354887686 -0.390725333 0.657481914
10137.416932331 26.523868805 27.761737349 1.476445411 0.536208024 -0.361735521 -0.398851857 0.650035048
10137.450265665 26.493368764 27.732081396 1.481662596 0.536198801 -0.364564394 -0.405122085 0.644561669
10137.483598998 26.464164714 27.700766899 1.487475977 0.536799900 -0.365351742 -0.410349258 0.640294821
10137.516932331 26.442656655 27.678642465 1.492071585 0.537182936 -0.365333304 -0.413947738 0.637662403
10137.550265665 26.416717090 27.656343409 1.495630077 0.536616264 -0.366152488 -0.417870177 0.635106177
10137.583598998 26.383018898 27.632245264 1.499472644 0.534660370 -0.368552920 -0.422710249 0.632157479
10137.616932331 26.355119481 27.614910609 1.501940468 0.532108876 -0.371507070 -0.427025713 0.629675853
10137.650265665 26.323587924 27.597654656 1.503563582 0.528605919 -0.375439241 -0.431699308 0.627101959
10137.683598998 26.283262927 27.575394486 1.503357404 0.524826342 -0.379425225 -0.436287052 0.624697861
10137.716932331 26.251426139 27.558712373 1.502134825 0.522326426 -0.381689511 -0.439110904 0.623433906
10137.750265665 26.218461693 27.543764998 1.500164788 0.520633466 -0.382486711 -0.440750685 0.623204255
10137.783598998 26.180521497 27.529291277 1.497009959 0.519680501 -0.382007226 -0.441255907 0.623935799
10137.816932331 26.149193999 27.517417208 1.492834479 0.519754032 -0.380658966 -0.440761711 0.625046887
10137.850265665 26.113028455 27.505201515 1.487956155 0.520422280 -0.378327087 -0.439598244 0.626723743
10137.883598998 26.077863767 27.495236416 1.482582801 0.521071543 -0.375937652 -0.438278466 0.628543805
10137.916932331 26.040458913 27.484064217 1.476802468 0.521803718 -0.373519871 -0.436814096 0.630394504
10137.950265665 25.999606958 27.472386725 1.472699621 0.522639294 -0.370822682 -0.435199065 0.632408477
10137.983598998 25.953362984 27.458889939 1.470291938 0.523577287 -0.367868529 -0.433476315 0.634537512
10138.016932331 25.915669881 27.448490488 1.470282708 0.524220639 -0.365650338 -0.432400421 0.636020776
10138.050265665 25.880491149 27.440471027 1.473417181 0.524090297 -0.364226543 -0.432441305 0.636916716
10138.083598998 25.842251114 27.431717180 1.478869717 0.522770564 -0.364358671 -0.433817664 0.636989742
10138.116932331 25.811393618 27.423975439 1.484859511 0.520560728 -0.366229422 -0.436103633 0.636165199
10138.150265665 25.780458066 27.415397323 1.491402991 0.516881991 -0.370272838 -0.440301434 0.633928766
10138.183598998 25.752776765 27.408050218 1.497613368 0.512480418 -0.375302627 -0.445161546 0.631144165
10138.216932331 25.728026888 27.402953663 1.504203754 0.507051304 -0.381503775 -0.450905986 0.627724172
10138.250265665 25.695937772 27.394856419 1.511079858 0.500123037 -0.389249972 -0.457999065 0.623376502
10138.283598998 25.668302280 27.388463848 1.516529699 0.494420532 -0.395309995 -0.463557680 0.619994051
10138.316932331 25.645569458 27.383358813 1.519856883 0.490292280 -0.399248930 -0.467862358 0.617509989
10138.350265665 25.620605942 27.375735984 1.520591675 0.487237762 -0.401662748 -0.471522127 0.615575571
10138.383598998 25.598080157 27.368858866 1.520303836 0.485595771 -0.402313641 -0.473953182 0.614580232
10138.416932331 25.576148043 27.362194511 1.519168238 0.484925412 -0.401823749 -0.475570327 0.614180660
10138.450265665 25.551971836 27.353958821 1.516706235 0.484779436 -0.400854688 -0.477051544 0.613780288
10138.483598998 25.525861663 27.344440530 1.514027298 0.485016094 -0.399729782 -0.478637543 0.613091830
10138.516932331 25.504650646 27.335802153 1.511940368 0.485440633 -0.398762198 -0.479924583 0.612379373
10138.550265665 25.480314857 27.325855122 1.511442983 0.485995379 -0.397882876 -0.481337307 0.611401755
10138.583598998 25.454356231 27.316239051 1.511901521 0.486758782 -0.397099541 -0.482806682 0.610143877
10138.616932331 25.431015492 27.308621980 1.513043814 0.488058151 -0.396060904 -0.483781113 0.609008076
10138.650265665 25.408247114 27.300880546 1.514592694 0.490181855 -0.394224226 -0.483914067 0.608388186
10138.683598998 25.376070427 27.290068152 1.518648010 0.495258138 -0.389023555 -0.482237619 0.608955605
10138.716932331 25.346171687 27.280275714 1.524322537 0.501296108 -0.382323637 -0.479355582 0.610531797
10138.750265665 25.316908880 27.269768737 1.531592805 0.510040247 -0.371784321 -0.473729388 0.614178990
10138.783598998 25.289605964 27.258638773 1.538448509 0.521082405 -0.357876465 -0.465597120 0.619368133
10138.816932331 25.265103490 27.247251923 1.545085386 0.535040724 -0.338994113 -0.454065095 0.626609371
10138.850265665 25.239302975 27.234615491 1.552798025 0.553150279 -0.312420721 -0.437688307 0.636275890
10138.883598998 25.212428039 27.220196992 1.559379965 0.573373037 -0.280260486 -0.417395429 0.646899123
10138.916932331 25.190656810 27.208002745 1.563737791 0.589575863 -0.252546664 -0.399413077 0.655049371
10138.950265665 25.171075036 27.197448040 1.569458249 0.605032312 -0.223698852 -0.379844804 0.663032918
10138.983598998 25.151591732 27.186391532 1.576033171 0.620195690 -0.192507446 -0.358033558 0.670902497
10139.016932331 25.136151525 27.178821713 1.581467959 0.630431768 -0.169237120 -0.341109269 0.676431112
10139.050265665 25.120202667 27.171621059 1.586821162 0.639066823 -0.147151450 -0.324147275 0.681812724
10139.083598998 25.104791459 27.164099813 1.592870869 0.647746271 -0.121962516 -0.303834305 0.687920510
10139.116932331 25.094136560 27.160028086 1.598380786 0.653947975 -0.101172097 -0.286062871 0.693025459
10139.150265665 25.083547498 27.156245429 1.604026707 0.660141150 -0.077676110 -0.264833008 0.698601147
10139.183598998 25.072085803 27.151231536 1.609699319 0.666712094 -0.048916427 -0.237939006 0.704618475
10139.216932331 25.062217425 27.147054109 1.613956198 0.671238343 -0.024998350 -0.214566378 0.709066596
10139.250265665 25.051264675 27.142865299 1.618445546 0.674716643 -0.000531169 -0.189420459 0.713356194
10139.283598998 25.041750459 27.139050843 1.624770217 0.676925678 0.027091177 -0.159638257 0.718020418
10139.316932331 25.034702848 27.136512414 1.629699127 0.677412909 0.048840690 -0.134800036 0.721495175
10139.350265665 25.025829495 27.134856882 1.632899636 0.676719120 0.069768542 -0.109485891 0.724704369
10139.383598998 25.015558951 27.131958660 1.636495417 0.674527251 0.092553781 -0.080361929 0.728003259
10139.416932331 25.007681176 27.129100817 1.639051682 0.671673020 0.110267928 -0.056433619 0.730418774
10139.450265665 24.998385701 27.126927395 1.640519706 0.667549411 0.128208900 -0.031048946 0.732786616
10139.483598998 24.987994397 27.125474247 1.637999429 0.662711475 0.145101434 -0.005778062 0.734660254
10139.516932331 24.979919071 27.123080459 1.635536232 0.657564885 0.160529913 0.018591967 0.735862017
10139.550265665 24.972288529 27.117007572 1.636106916 0.651441895 0.177845960 0.046300552 0.736104973
10139.583598998 24.965090004 27.109580780 1.633938007 0.644660793 0.194684059 0.074804935 0.735469103
10139.616932331 24.961535210 27.104179286 1.631970564 0.639472294 0.206214235 0.094869690 0.734541093
10139.650265665 24.960031817 27.096204767 1.630020779 0.633388513 0.220112266 0.118605822 0.732326594
10139.683598998 24.959259435 27.084538200 1.624969577 0.625294280 0.237764499 0.149769417 0.728041364
10139.716932331 24.961327624 27.073953433 1.621112995 0.619228994 0.250585378 0.173195644 0.723716582
10139.750265665 24.965920590 27.062035704 1.617557996 0.614307978 0.260951860 0.194449388 0.718831879
10139.783598998 24.977789673 27.049240659 1.614494915 0.609521590 0.270953760 0.217577213 0.712550102
10139.816932331 24.988863957 27.037454536 1.611397403 0.606063677 0.278163160 0.235938885 0.706855655
10139.850265665 24.995688507 27.021419434 1.606310038 0.602771854 0.285152529 0.255030458 0.700223959
10139.883598998 25.007487977 27.003812706 1.601279327 0.598369558 0.294231305 0.277665923 0.691580398
10139.916932331 25.018710057 26.989820848 1.596717274 0.593731362 0.303706204 0.297394341 0.683229257
10139.950265665 25.030906052 26.975780409 1.590813540 0.587249393 0.316067423 0.319721437 0.673065924
10139.983598998 25.045919881 26.961360052 1.582877718 0.577735399 0.332257129 0.346402066 0.660176202
10140.016932331 25.058642329 26.950293094 1.576145792 0.567993182 0.347268087 0.369327350 0.648371753
10140.050265665 25.073712293 26.940672063 1.570158077 0.556673286 0.363016924 0.392795000 0.635645855
10140.083598998 25.095145209 26.932157635 1.564305197 0.543168345 0.380341056 0.418771420 0.620434789
10140.116932331 25.116631378 26.927027113 1.560174965 0.531817190 0.393852456 0.439295494 0.607511471
10140.150265665 25.138624955 26.921443360 1.556718049 0.521491605 0.405655568 0.457785053 0.594914205
10140.183598998 25.166373492 26.915684054 1.553008070 0.510678468 0.417795762 0.477143216 0.580507153
10140.216932331 25.191857521 26.912168274 1.547378433 0.502477649 0.426657720 0.492082141 0.568625157
10140.250265665 25.219159355 26.909938186 1.541821604 0.494976465 0.434945694 0.505837028 0.556731033
10140.283598998 25.252491604 26.908647813 1.537343822 0.486338713 0.444930189 0.520669968 0.542599823
10140.316932331 25.277888986 26.908811510 1.534173439 0.479932052 0.452441216 0.531015127 0.531963444
10140.350265665 25.311928723 26.912358308 1.531483144 0.471623757 0.462438387 0.543149446 0.518372886
10140.383598998 25.356967679 26.921951681 1.527820109 0.459997320 0.475793160 0.558227045 0.500405736
10140.416932331 25.392571498 26.932237321 1.525555230 0.450057246 0.486980368 0.569483210 0.485785416
10140.450265665 25.429394432 26.942833774 1.524454838 0.439416064 0.499158696 0.580472803 0.469899397
10140.483598998 25.472790212 26.957676746 1.523371434 0.427371543 0.512690731 0.592196001 0.451448420
10140.516932331 25.509398512 26.970827907 1.522788876 0.417686971 0.523353568 0.601074312 0.436289249
10140.550265665 25.547642784 26.985650060 1.523040527 0.408147265 0.533852483 0.609279735 0.420946007
10140.583598998 25.593265779 27.007040863 1.523137495 0.396678440 0.546205322 0.618197621 0.402663212
10140.616932331 25.631983331 27.026937664 1.523639214 0.386558581 0.556704431 0.625338780 0.386786828
10140.650265665 25.669526354 27.046951499 1.524286717 0.375552669 0.567159181 0.632506707 0.370440172
10140.683598998 25.707917932 27.067298964 1.526311313 0.363311689 0.577939910 0.639958453 0.352765155
10140.716932331 25.744964959 27.087542007 1.528779964 0.350452961 0.588494606 0.646989405 0.335054519
10140.750265665 25.784279162 27.112696866 1.528857464 0.335347181 0.599878279 0.654323707 0.315513557
10140.783598998 25.823972614 27.139773647 1.529064487 0.320742608 0.610575242 0.660739510 0.296218423
10140.816932331 25.855804743 27.164019895 1.529341867 0.309873775 0.618537809 0.664984971 0.281396892
10140.850265665 25.886462805 27.189941272 1.529620374 0.301099395 0.625471445 0.667810935 0.268613444
10140.883598998 25.923766235 27.220611329 1.530717701 0.293686821 0.632523942 0.669525637 0.255728247
10140.916932331 25.955954746 27.247073660 1.532855131 0.289731956 0.637567158 0.669704459 0.247102104
10140.950265665 25.988477723 27.273631859 1.535945923 0.288562148 0.641627479 0.668495092 0.241164627
10140.983598998 26.026732045 27.304987837 1.539638139 0.289472912 0.645347943 0.666064840 0.236831361
10141.016932331 26.060943045 27.331482994 1.544222373 0.291811178 0.647810712 0.663179523 0.235330487
10141.050265665 26.094873722 27.357291953 1.549196040 0.296187525 0.649363535 0.659290277 0.236508521
10141.083598998 26.129772792 27.387230614 1.552823454 0.303228868 0.649988234 0.653840220 0.240957500
10141.116932331 26.156359851 27.411591418 1.553586945 0.310789042 0.649497456 0.648530195 0.246924711
10141.150265665 26.179927245 27.433973773 1.552291550 0.319076878 0.647928095 0.642908696 0.255044189
10141.183598998 26.203827813 27.458765867 1.549663863 0.327434600 0.645411095 0.636847144 0.265813499
10141.216932331 26.220917851 27.477198061 1.546165891 0.333431673 0.642805854 0.632415161 0.275090928
10141.250265665 26.233795702 27.493595144 1.540565595 0.337780498 0.639992672 0.628926632 0.284191848
10141.283598998 26.243222603 27.510738303 1.534191340 0.340606921 0.637180576 0.625950355 0.293554069
10141.316932331 26.252141391 27.527153691 1.528715201 0.341893857 0.634729244 0.623708514 0.302018322
10141.350265665 26.264522710 27.546019384 1.523362508 0.342524562 0.632395852 0.621709420 0.310209297
10141.383598998 26.279171624 27.566671001 1.518444440 0.343744643 0.629275091 0.619111842 0.320238985
10141.416932331 26.300914955 27.589157365 1.516457275 0.346107875 0.625203037 0.615607812 0.332201027
10141.450265665 26.324791175 27.608646463 1.517689864 0.348630309 0.621541389 0.612510622 0.342014543
10141.483598998 26.349378096 27.627372462 1.519823090 0.350744533 0.617827782 0.609677801 0.351511143
10141.516932331 26.376678866 27.649147566 1.523571913 0.351166375 0.614286494 0.607369264 0.361160431
10141.550265665 26.400169578 27.668888149 1.527708792 0.349154592 0.612242920 0.606538074 0.367914722
10141.583598998 26.423230428 27.690327004 1.531098077 0.344404846 0.611440350 0.607005958 0.372920592
10141.616932331 26.449595780 27.717327966 1.533516930 0.336678018 0.611702348 0.608490797 0.377103566
10141.650265665 26.470936059 27.741516159 1.534235250 0.328473004 0.612754151 0.610407392 0.379526880
10141.683598998 26.489326691 27.764652714 1.533664171 0.319100752 0.614235407 0.612858679 0.381174257
10141.716932331 26.510613222 27.791349450 1.531193843 0.308542396 0.615549063 0.615707437 0.383151788
10141.750265665 26.528634741 27.812264767 1.527770747 0.300959852 0.615701331 0.617877013 0.385438756
10141.783598998 26.546259901 27.831592896 1.522891256 0.295493879 0.614551365 0.619634403 0.388668488
10141.816932331 26.567775314 27.854322732 1.515192737 0.289987837 0.612482720 0.621596893 0.392924005
10141.850265665 26.586754270 27.872020804 1.507550234 0.285266942 0.610747758 0.623384304 0.396234726
10141.883598998 26.606603967 27.888516979 1.499639332 0.280202177 0.609530836 0.625449114 0.398462429
10141.916932331 26.630185086 27.906620541 1.491409967 0.274835781 0.608611760 0.627686756 0.400082936
10141.950265665 26.653350278 27.923018549 1.483669974 0.269834684 0.608359349 0.629709940 0.400691324
10141.983598998 26.682037980 27.942711493 1.474622094 0.263457037 0.608897099 0.632178367 0.400231464
10142.016932331 26.711780995 27.962438696 1.466536757 0.257310634 0.610066469 0.634411299 0.398914083
10142.050265665 26.740928318 27.981288093 1.460209027 0.252029291 0.611674417 0.636147540 0.397054092
10142.083598998 26.776129192 28.003759939 1.454352506 0.246826570 0.613637888 0.637748663 0.394717406
10142.116932331 26.814845686 28.027202385 1.449955871 0.243424610 0.615104963 0.638825744 0.392800220
10142.150265665 26.849033571 28.046566852 1.447471444 0.242523968 0.615560193 0.639235497 0.391976726
10142.183598998 26.883939815 28.065281205 1.446582947 0.243581976 0.615192016 0.639227004 0.391912545
10142.216932331 26.925982349 28.087590091 1.446930464 0.245363616 0.614411243 0.639345520 0.391832651
10142.250265665 26.961121965 28.106253049 1.448327228 0.246625580 0.613775527 0.639729316 0.391410051
10142.283598998 26.994588717 28.123977674 1.450399939 0.247095890 0.613446788 0.640497822 0.390370593
10142.316932331 27.033874843 28.144955363 1.453171914 0.246959126 0.613405167 0.641714325 0.388520290
10142.350265665 27.067228550 28.162608670 1.456094301 0.246260999 0.613860722 0.642859563 0.386344558
10142.383598998 27.099446629 28.179903758 1.458657749 0.244723244 0.614997911 0.644137368 0.383373388
10142.416932331 27.138643131 28.201477205 1.460436535 0.242274195 0.616794430 0.645912605 0.379031333
10142.450265665 27.172823517 28.220434685 1.460605637 0.239693721 0.618801983 0.647487675 0.374687519
10142.483598998 27.206298820 28.238971459 1.458820616 0.236457134 0.621316162 0.649156705 0.369661769
10142.516932331 27.246857578 28.261206195 1.454620150 0.231836348 0.624646549 0.651460999 0.362859701
10142.550265665 27.282552394 28.281305140 1.449001522 0.227330229 0.627765612 0.653582450 0.356456566
10142.583598998 27.316952965 28.300554695 1.441993323 0.222843366 0.630870101 0.655621980 0.350005099
10142.616932331 27.358237917 28.322690558 1.432838746 0.218290788 0.634146760 0.657753026 0.342881870
10142.650265665 27.394861384 28.342347826 1.424910909 0.216035897 0.636276219 0.659090988 0.337757507
10142.683598998 27.433082825 28.362162047 1.418244776 0.216615831 0.637238436 0.659696701 0.334372577
10142.716932331 27.480670069 28.385483482 1.411747176 0.219861719 0.637380937 0.659625068 0.332116149
10142.750265665 27.521087330 28.405460850 1.407690850 0.224375198 0.636668251 0.659129450 0.331447849
10142.783598998 27.561801995 28.426622842 1.405929842 0.229649507 0.635625617 0.658448059 0.331190779
10142.816932331 27.609282485 28.452398061 1.405585824 0.234751716 0.634692304 0.658068416 0.330156433
10142.850265665 27.642231614 28.471262864 1.407042906 0.236805692 0.634379190 0.658493196 0.328439976
10142.883598998 27.676134264 28.491296744 1.411248370 0.236173625 0.634836318 0.660088196 0.324789843
10142.916932331 27.720378645 28.517497978 1.417655998 0.233518209 0.635863684 0.663028422 0.318653312
10142.950265665 27.752085430 28.536792230 1.423245368 0.229912058 0.636892283 0.665984954 0.313005921
10142.983598998 27.781498829 28.555230314 1.428326849 0.225337406 0.638092045 0.669265727 0.306830542
10143.016932331 27.817314531 28.577506442 1.434107343 0.219385214 0.639567286 0.673326976 0.299089616
10143.050265665 27.849270113 28.596823832 1.438865470 0.214353956 0.640643847 0.676779949 0.292569212
10143.083598998 27.878593799 28.614028556 1.442305597 0.210307790 0.641248378 0.679956248 0.286758875
10143.116932331 27.915076447 28.634575543 1.443875159 0.206391299 0.641580540 0.683534162 0.280282165
10143.150265665 27.947033520 28.652465943 1.441626765 0.203747616 0.641522584 0.686505621 0.275037663
10143.183598998 27.977214428 28.669851120 1.435667810 0.200948001 0.641436136 0.689447738 0.269891460
10143.216932331 28.013863549 28.691516585 1.424728655 0.196508618 0.641857780 0.692902523 0.263228126
10143.250265665 28.045423266 28.711326394 1.413268086 0.191554378 0.642760804 0.695860998 0.256793578
10143.283598998 28.076500087 28.732722431 1.402889734 0.185762546 0.644237706 0.698524341 0.250027600
10143.316932331 28.115350466 28.760565105 1.391840222 0.177961276 0.646445747 0.701500693 0.241525276
10143.350265665 28.145711841 28.782496273 1.384807600 0.171438218 0.648455696 0.703535476 0.234844589
10143.383598998 28.178341310 28.805770982 1.381045175 0.165574351 0.650464777 0.705129940 0.228631747
10143.416932331 28.225838096 28.838988751 1.379374930 0.159813749 0.652724383 0.706556133 0.221785655
10143.450265665 28.263873994 28.865157998 1.381841619 0.158712930 0.653753119 0.706729108 0.218977245
10143.483598998 28.299426242 28.888561133 1.387031758 0.160993536 0.653774425 0.706133621 0.219169779
10143.516932331 28.341966324 28.916226009 1.395618095 0.166580363 0.652855648 0.704798345 0.222013016
10143.550265665 28.380016429 28.940072583 1.404305076 0.173519786 0.651349697 0.703245406 0.226009634
10143.583598998 28.416849820 28.962307199 1.413092994 0.180952387 0.649488114 0.701662291 0.230415826
10143.616932331 28.460267639 28.987308146 1.423452066 0.188482225 0.647433389 0.700107105 0.234849950
10143.650265665 28.501453949 29.009965763 1.430576441 0.192827246 0.646174225 0.699315976 0.237136438
10143.683598998 28.544119226 29.032137274 1.434595870 0.194480575 0.645785504 0.699095190 0.237495903
10143.716932331 28.591991692 29.055418970 1.437995253 0.194914505 0.645711084 0.699326713 0.236659418
10143.750265665 28.632269747 29.074263491 1.439096746 0.194677894 0.645727118 0.699770155 0.235496788
10143.783598998 28.671251437 29.091748838 1.437937485 0.194839830 0.645540231 0.700148816 0.234748561
10143.816932331 28.714761432 29.109620056 1.435425169 0.195746746 0.644875190 0.700622804 0.234407526
10143.850265665 28.753798537 29.124669051 1.432339184 0.197230969 0.643883665 0.701024293 0.234688542
10143.883598998 28.798960766 29.142301838 1.429175354 0.199226625 0.642598830 0.701461646 0.235217039
10143.916932331 28.845988105 29.159206864 1.426111972 0.201541452 0.641072231 0.701913672 0.236060659
10143.950265665 28.887919823 29.174105410 1.422935531 0.203602852 0.639722453 0.702261651 0.236916938
10143.983598998 28.927699800 29.188328812 1.421035006 0.204670790 0.638666218 0.702795704 0.237262573
10144.016932331 28.974980269 29.205536119 1.419872636 0.203583696 0.638139055 0.703945775 0.236204510
10144.050265665 29.015659686 29.221558326 1.420221729 0.199645143 0.638667358 0.705547124 0.233343264
10144.083598998 29.052831026 29.237109726 1.422593100 0.191937713 0.640275387 0.707905700 0.228203555
10144.116932331 29.095820421 29.256087209 1.426797407 0.178928069 0.643120150 0.711363594 0.219870544
10144.150265665 29.130844934 29.272340725 1.432174883 0.165986365 0.645718087 0.714591002 0.211793244
10144.183598998 29.161897908 29.286613395 1.438324662 0.154215915 0.647442994 0.717654339 0.204956753
10144.216932331 29.199347703 29.301946574 1.444204629 0.141233742 0.649002966 0.720778267 0.198310035
10144.250265665 29.231193297 29.314103165 1.448753155 0.132625854 0.649621585 0.722840180 0.194690146
10144.283598998 29.260657619 29.325392266 1.452526634 0.127723637 0.649433428 0.724118313 0.193844172
10144.316932331 29.296529573 29.337939306 1.455749041 0.125296905 0.648607191 0.724924971 0.195174751
10144.350265665 29.328925259 29.348598348 1.457363489 0.126474603 0.647178623 0.725126263 0.198383231
10144.383598998 29.360707148 29.360833036 1.455896447 0.130464120 0.645429178 0.724665289 0.203126828
10144.416932331 29.397696183 29.374549863 1.451117374 0.136646832 0.643434628 0.723524431 0.209360744
10144.450265665 29.429689877 29.385294196 1.446973397 0.142593732 0.641536484 0.722467482 0.214799221
10144.483598998 29.463611607 29.397436472 1.442080536 0.147984913 0.640096389 0.721480078 0.218731741
10144.516932331 29.506954873 29.412695723 1.433766202 0.152670909 0.639285932 0.720259723 0.221880649
10144.550265665 29.544673123 29.426782856 1.425199366 0.154859962 0.639406307 0.719343783 0.222985400
10144.583598998 29.579529736 29.439505080 1.415138933 0.155291545 0.640650379 0.718309853 0.222446809
10144.616932331 29.624062880 29.456278246 1.402112809 0.154997108 0.643176318 0.716708672 0.220519384
10144.650265665 29.666300625 29.475789854 1.392287607 0.154268215 0.646117220 0.714994535 0.217983188
10144.683598998 29.708604483 29.496857484 1.384239192 0.153207892 0.649597212 0.713028131 0.214806164
10144.716932331 29.759736773 29.523470562 1.375966018 0.151758346 0.654354590 0.710256738 0.210534654
10144.750265665 29.804456097 29.546487913 1.371049121 0.150785244 0.658736362 0.707535184 0.206698280
10144.783598998 29.846236478 29.567204362 1.368995037 0.149779001 0.662796322 0.704984167 0.203136923
10144.816932331 29.894811117 29.592081339 1.368397909 0.148235839 0.667856623 0.701987879 0.198006782
10144.850265665 29.936801650 29.612478224 1.370024505 0.146760288 0.672211896 0.699473467 0.193208316
10144.883598998 29.976174831 29.629998783 1.373360433 0.145641781 0.675843210 0.697372498 0.188933921
10144.916932331 30.025748748 29.651544784 1.377894669 0.145102157 0.679616326 0.695068462 0.184246700
10144.950265665 30.068835110 29.668710359 1.382073950 0.145877039 0.682175611 0.693180734 0.181264435
10144.983598998 30.108430142 29.682948456 1.385950883 0.148300136 0.683568202 0.691612707 0.180037344
10145.016932331 30.158056241 29.698566382 1.389938963 0.152839360 0.684467019 0.689816549 0.179716885
10145.050265665 30.200152018 29.710423397 1.393257209 0.157821378 0.684635901 0.688391320 0.180231758
10145.083598998 30.237003519 29.719762032 1.395942248 0.162651087 0.684359414 0.687298197 0.181157403
10145.116932331 30.282744659 29.730944761 1.398854996 0.168515030 0.683793459 0.686138826 0.182325813
10145.150265665 30.316609557 29.738219525 1.401878514 0.172789797 0.683189232 0.685476759 0.183078596
10145.183598998 30.347420243 29.744583470 1.405082274 0.175364818 0.682726194 0.685308111 0.182988845
10145.216932331 30.395352117 29.757216296 1.408691998 0.177036930 0.682482444 0.685464254 0.181698637
10145.250265665 30.430179067 29.766155315 1.413839141 0.176427879 0.682201960 0.686393152 0.179828057
10145.283598998 30.459062180 29.773194970 1.420002506 0.174127749 0.681751292 0.687984115 0.177686692
10145.316932331 30.492776237 29.781165292 1.428392083 0.169977552 0.680903892 0.690538787 0.175024868
10145.350265665 30.520966627 29.787468926 1.436078707 0.165637400 0.679738604 0.693221745 0.173099089
10145.383598998 30.545663116 29.792527662 1.443591223 0.161712544 0.678129159 0.695969133 0.172095505
10145.416932331 30.574730082 29.798025490 1.452566916 0.157719455 0.675728403 0.699233925 0.172010518
10145.450265665 30.600982669 29.802818295 1.460611904 0.155596811 0.673157100 0.701894907 0.173183980
10145.483598998 30.625170569 29.808359615 1.468634942 0.155643421 0.670525379 0.703798229 0.175610063
10145.516932331 30.654996806 29.816492861 1.477789592 0.157551242 0.667171211 0.705471130 0.179918500
10145.550265665 30.682952506 29.825821102 1.484743738 0.160524437 0.664217521 0.706339543 0.184746963
10145.583598998 30.708437162 29.836393420 1.490926495 0.163715835 0.661607502 0.706866755 0.189240665
10145.616932331 30.739840246 29.850850704 1.498125035 0.167867648 0.658520879 0.707307950 0.194643694
10145.650265665 30.774579588 29.868114421 1.502627302 0.171873467 0.655842253 0.707278691 0.200218141
10145.683598998 30.803917042 29.884804451 1.504136895 0.174185891 0.654241981 0.707103119 0.204038931
10145.716932331 30.831219370 29.902863301 1.502164655 0.174390703 0.653890934 0.706722961 0.206293930
10145.750265665 30.864534312 29.927645727 1.497028191 0.172285143 0.654527250 0.706300503 0.207488572
10145.783598998 30.894280195 29.952233740 1.489671272 0.168167243 0.656023753 0.706042090 0.207019760
10145.816932331 30.923789358 29.977638124 1.480611069 0.162644209 0.658098844 0.705870400 0.205425781
10145.850265665 30.962196907 30.011647699 1.469119382 0.154857833 0.661029911 0.705566500 0.203062607
10145.883598998 30.997129107 30.043390323 1.458129563 0.148126298 0.663806245 0.704957311 0.201134427
10145.916932331 31.032757308 30.074393897 1.449649359 0.143070956 0.666167911 0.703910580 0.200651217
10145.950265665 31.074468257 30.112930175 1.440643519 0.138342723 0.668693709 0.702098226 0.201911107
10145.983598998 31.103238631 30.145335963 1.432835134 0.135893388 0.670479187 0.700147142 0.204412882
10146.016932331 31.124046918 30.172049946 1.426699530 0.134366852 0.671995973 0.698201654 0.207078274
10146.050265665 31.153753254 30.206424220 1.422297765 0.132109501 0.673812825 0.696027848 0.209925203
10146.083598998 31.178612005 30.235840487 1.419931258 0.129458846 0.675476126 0.694342130 0.211805139
10146.116932331 31.203152003 30.262454670 1.419507862 0.126894398 0.676879297 0.693100553 0.212940959
10146.150265665 31.234703674 30.294471799 1.420867077 0.123577941 0.678312914 0.691989948 0.213939230
10146.183598998 31.260804452 30.320589738 1.423488936 0.120293890 0.679178492 0.691527563 0.214559049
10146.216932331 31.283232535 30.342408298 1.425838348 0.116722661 0.679590948 0.691709295 0.214639732
10146.250265665 31.308629180 30.367866779 1.428722302 0.111683745 0.679817909 0.692421184 0.214306452
10146.283598998 31.329025196 30.388645723 1.431303251 0.107135705 0.679662745 0.693411084 0.213919524
10146.316932331 31.348849102 30.407295578 1.431713320 0.103721164 0.679157761 0.694479607 0.213739870
10146.350265665 31.374460485 30.431289793 1.430632320 0.100561121 0.678027566 0.695987557 0.213933171
10146.383598998 31.396134178 30.451852340 1.428706235 0.098966822 0.676527851 0.697460975 0.214624842
10146.416932331 31.417056314 30.470970621 1.424965259 0.098514072 0.674827112 0.698903401 0.215493347
10146.450265665 31.443870779 30.495898724 1.419053573 0.098588818 0.672554179 0.700792160 0.216428902
10146.483598998 31.470351172 30.520441439 1.412866951 0.099074218 0.670586880 0.702456508 0.216915632
10146.516932331 31.493702361 30.541912622 1.407537908 0.099536569 0.669054646 0.703956012 0.216573970
10146.550265665 31.521335179 30.567896740 1.401611543 0.099211015 0.667438883 0.706062734 0.214843959
10146.583598998 31.545615466 30.591211985 1.396777824 0.097430416 0.666360804 0.708287378 0.211659120
10146.616932331 31.565523440 30.612108095 1.393129690 0.093663588 0.666036354 0.710547236 0.206749445
10146.650265665 31.588567985 30.639232607 1.390005538 0.086153403 0.666437513 0.713548256 0.198210793
10146.683598998 31.607667324 30.664351489 1.387824001 0.076815653 0.667467294 0.716310821 0.188376155
10146.716932331 31.622870701 30.688654321 1.388535777 0.066669028 0.668755147 0.718791855 0.177932750
10146.750265665 31.638659782 30.719181910 1.390932485 0.052808177 0.670617276 0.721498036 0.164086407
10146.783598998 31.649497104 30.746226674 1.394670494 0.040625408 0.671893641 0.723847593 0.151503047
10146.816932331 31.655131609 30.770636039 1.399986095 0.030904904 0.672410739 0.726013294 0.140760013
10146.850265665 31.662314900 30.798553869 1.405591322 0.019956936 0.672927837 0.728067878 0.129178218
10146.883598998 31.668244700 30.823293550 1.410585628 0.010833226 0.673289739 0.729603377 0.119341868
10146.916932331 31.674585944 30.845803259 1.414909101 0.002805855 0.673530857 0.730851627 0.110472669
10146.950265665 31.682697619 30.873562429 1.419819811 -0.007411329 0.673844146 0.732115235 0.099430486
10146.983598998 31.688524729 30.898188572 1.424074356 -0.017241801 0.674122882 0.732996010 0.089319149
10147.016932331 31.693206889 30.920643782 1.427038559 -0.026366655 0.674307922 0.733634383 0.079963858
10147.050265665 31.698857181 30.950125200 1.429666157 -0.037889099 0.674455824 0.734184901 0.068163692
10147.083598998 31.702800904 30.974669290 1.431255231 -0.046994362 0.674496994 0.734436686 0.058720429
10147.116932331 31.708383880 30.997259845 1.431036670 -0.053614869 0.674658796 0.734370687 0.051581472
10147.150265665 31.714224628 31.035830963 1.430811494 -0.062499164 0.675014967 0.733970100 0.041671826
10147.183598998 31.716237836 31.068507612 1.431560701 -0.067851328 0.675502856 0.733376054 0.035378704
10147.216932331 31.719383706 31.097846250 1.432059885 -0.070255886 0.676061154 0.732806315 0.031628017
10147.250265665 31.723185206 31.142483444 1.432766344 -0.072634956 0.676986337 0.731912614 0.026787838
10147.283598998 31.724423313 31.178022501 1.433041698 -0.074460651 0.677693359 0.731199962 0.023107103
10147.316932331 31.728607873 31.210681394 1.433905649 -0.076844639 0.678075717 0.730716217 0.019027165
10147.350265665 31.731276358 31.250181070 1.438692395 -0.081710880 0.678378294 0.730042867 0.012792014
10147.383598998 31.731457823 31.283690096 1.441494623 -0.087995712 0.678386731 0.729399842 0.004906018
10147.416932331 31.730301205 31.312613224 1.444834583 -0.096258915 0.678136137 0.728592014 -0.004390705
10147.450265665 31.730085123 31.346137851 1.449125225 -0.108905844 0.677150224 0.727514706 -0.018150574
10147.483598998 31.731075606 31.375249406 1.453549316 -0.122166832 0.675221846 0.726710213 -0.032295359
10147.516932331 31.730967857 31.399828791 1.456222968 -0.134665779 0.673000062 0.725831379 -0.045878683
10147.550265665 31.730364169 31.428656176 1.458604086 -0.149331690 0.669694761 0.724801963 -0.062218073
10147.583598998 31.730124286 31.453626441 1.460355153 -0.162068120 0.666052050 0.724033949 -0.076703531
10147.616932331 31.728180547 31.470703904 1.463159513 -0.172220208 0.662495230 0.723637089 -0.088258901
10147.650265664 31.725048106 31.489929681 1.466049758 -0.185065146 0.657267161 0.723320448 -0.102753588
10147.683598998 31.719882984 31.504860131 1.468710318 -0.198015936 0.651646489 0.722888014 -0.116530946
10147.716932331 31.713081062 31.514936397 1.471622741 -0.210522231 0.646058007 0.722183648 -0.129384009
10147.750265664 31.703113181 31.520839428 1.475092629 -0.224087664 0.640069582 0.721019299 -0.142221022
10147.783598998 31.690448334 31.523661793 1.479201441 -0.238965131 0.633658366 0.719178718 -0.155417863
10147.816932331 31.676159434 31.525684623 1.481150256 -0.260242678 0.624502086 0.715704173 -0.173315983
10147.850265664 31.657215235 31.521858124 1.482799525 -0.287400733 0.611970781 0.710459391 -0.195294742
10147.883598998 31.640347535 31.513034682 1.483594886 -0.307984417 0.601518386 0.706083185 -0.211583946
10147.916932331 31.623270502 31.505323213 1.481424155 -0.323347340 0.593055600 0.702554731 -0.223938392
10147.950265664 31.598653415 31.497206572 1.476846186 -0.339764346 0.583486654 0.698326660 -0.237578176
10147.983598998 31.581886123 31.486057444 1.475456731 -0.352780325 0.575050163 0.694952049 -0.248807159
10148.016932331 31.568410574 31.469140474 1.475798200 -0.363755876 0.567499991 0.691758537 -0.259028086
10148.050265664 31.552827245 31.441938805 1.478379907 -0.378114670 0.557378170 0.686833599 -0.273163831
10148.083598998 31.539081498 31.423703960 1.476656760 -0.391985808 0.547948484 0.680998914 -0.286949585
10148.116932331 31.528395424 31.406924514 1.474486946 -0.404123054 0.539613721 0.675014365 -0.299761900
10148.150265664 31.517135272 31.384563429 1.472952532 -0.418496788 0.529098189 0.666991418 -0.316287833
10148.183598998 31.508189196 31.366581438 1.473480298 -0.429551691 0.520413038 0.659719862 -0.330794979
10148.216932331 31.498973247 31.357590785 1.471779567 -0.437137407 0.514289935 0.653476424 -0.342615401
10148.250265664 31.494760373 31.334653731 1.472262522 -0.443459652 0.507036021 0.647163295 -0.356984144
10148.283598998 31.490098884 31.320614774 1.473436816 -0.446476987 0.501940184 0.642401686 -0.368828451
10148.316932331 31.484209233 31.314351196 1.475182399 -0.446904546 0.498779791 0.639542533 -0.377465754
10148.350265664 31.484695150 31.295878860 1.476701267 -0.445310182 0.496244130 0.635913469 -0.388657515
10148.383598998 31.489112821 31.277034119 1.475801978 -0.442538990 0.494681710 0.633053104 -0.398362920
10148.416932331 31.496848559 31.259715408 1.471999358 -0.439284760 0.493703451 0.630512846 -0.407110984
10148.450265664 31.505932351 31.244135094 1.469298761 -0.434264518 0.493675627 0.627636731 -0.416858295
10148.483598998 31.516169011 31.230449612 1.467922087 -0.427211290 0.494915742 0.625632058 -0.425597756
10148.516932331 31.526728604 31.220186460 1.465354877 -0.418867731 0.497960223 0.625767086 -0.430117419
10148.550265664 31.542902309 31.208145087 1.462104198 -0.404425357 0.504447717 0.628211507 -0.432808195
10148.583598998 31.559625544 31.197824778 1.458434634 -0.387411597 0.513392278 0.632329919 -0.431855874
10148.616932331 31.574509149 31.188551478 1.456934362 -0.369990754 0.523064952 0.637374448 -0.428093111
10148.650265664 31.593383629 31.175915653 1.457439789 -0.345205411 0.537306984 0.644585093 -0.420290955
10148.683598998 31.613451181 31.164915875 1.452965964 -0.321162950 0.551870882 0.651044176 -0.410407565
10148.716932331 31.624490047 31.147248251 1.451199739 -0.301099602 0.564350457 0.656412091 -0.399963446
10148.750265664 31.627946906 31.113263239 1.451053215 -0.275177773 0.580321303 0.663760622 -0.383309554
10148.783598998 31.639116793 31.099173648 1.444495516 -0.248200638 0.597018787 0.670151151 -0.364503013
10148.816932331 31.653871157 31.087231934 1.440041138 -0.221179033 0.613167426 0.675858917 -0.343977133
10148.850265664 31.672057051 31.072283065 1.434898446 -0.183449010 0.634492960 0.682663864 -0.312626284
10148.883598998 31.686195573 31.060260226 1.431506168 -0.150159419 0.651999895 0.687365392 -0.282625377
10148.916932331 31.696455096 31.050884583 1.429826772 -0.122591917 0.665382582 0.690597219 -0.255563539
10148.950265664 31.714332469 31.036175066 1.428087834 -0.073891793 0.686025921 0.694115170 -0.205213471
10148.983598998 31.729499727 31.027323571 1.427998320 -0.035311338 0.699322503 0.695201990 -0.162466426
10149.016932331 31.738677956 31.014979216 1.428764984 -0.003392395 0.707653925 0.695427057 -0.124882432
10149.050265664 31.749792784 30.997405072 1.430416113 0.037866476 0.714858306 0.694309216 -0.074016515
10149.083598998 31.758103172 30.981655257 1.432343946 0.071814726 0.717669155 0.692036536 -0.029648982
10149.116932331 31.763959891 30.968431047 1.434212457 0.098209185 0.717478364 0.689590005 0.006736301
10149.150265664 31.770324142 30.951666491 1.436577744 0.128993450 0.714472858 0.685760636 0.051201315
10149.183598998 31.775590474 30.935892165 1.438629131 0.154587525 0.709278646 0.681891708 0.089722895
10149.216932331 31.780028996 30.921306231 1.440173478 0.174137926 0.703038050 0.678947895 0.120180024
10149.250265664 31.785749159 30.901390970 1.441994602 0.196481427 0.693326526 0.675437639 0.156452462
10149.283598998 31.791095409 30.882363361 1.443729441 0.213968238 0.683332099 0.672787643 0.186095734
10149.316932331 31.796007392 30.865211732 1.445499482 0.226968218 0.674167418 0.671053058 0.208977302
10149.350265664 31.803036370 30.841405090 1.448139874 0.242418556 0.661448307 0.669153640 0.236543415
10149.383598998 31.810577582 30.817098001 1.451182896 0.256024510 0.648705264 0.667640775 0.260554652
10149.416932331 31.817495506 30.795887671 1.454142715 0.265789563 0.638123664 0.666818144 0.278401976
10149.450265664 31.826591116 30.768743096 1.458243017 0.275200434 0.625461538 0.666374668 0.298341059
10149.483598998 31.834890106 30.745104555 1.462042950 0.279567218 0.615720637 0.666948714 0.312905225
10149.516932331 31.841658342 30.728015810 1.465050432 0.279114424 0.609956289 0.668083166 0.322045567
10149.550265664 31.850473275 30.709223051 1.468698005 0.275794071 0.604698073 0.669414549 0.331906664
10149.583598998 31.858808952 30.693897962 1.471797282 0.272567727 0.600623712 0.669757573 0.341149211
10149.616932331 31.865683170 30.681578049 1.474274607 0.272644326 0.596318719 0.668576027 0.350820685
10149.650265664 31.875054640 30.665047147 1.477356159 0.277590271 0.588505341 0.664987569 0.366601470
10149.683598998 31.884609311 30.649136640 1.480089516 0.287463460 0.578611367 0.659330959 0.384520912
10149.716932331 31.893023099 30.636699383 1.482276515 0.298686468 0.568776470 0.652665032 0.401631769
10149.750265664 31.903304560 30.623135387 1.485182704 0.313906923 0.555167887 0.642307815 0.425078500
10149.783598998 31.912676729 30.613130934 1.488261887 0.328854082 0.541653834 0.630595374 0.448124527
10149.816932331 31.921165893 30.606014226 1.491083625 0.342000155 0.529177100 0.618800695 0.469140906
10149.850265664 31.929084529 30.601591892 1.493221859 0.351145846 0.519712439 0.608789103 0.485768879
10149.883598998 31.940763704 30.598876057 1.496036380 0.358509392 0.511617026 0.596478413 0.503917193
10149.916932331 31.951755993 30.600957073 1.499372784 0.358459009 0.509846053 0.587184163 0.516506437
10149.950265664 31.961121630 30.605876569 1.502541563 0.354394832 0.512023676 0.580536300 0.524608103
10149.983598998 31.974601509 30.612693506 1.506450141 0.349188361 0.515193509 0.571334797 0.534995034
10150.016932331 31.979321380 30.617534180 1.513384515 0.346741205 0.515477106 0.561653575 0.546442268
10150.050265664 31.962293054 30.620783702 1.528336469 0.346335148 0.512373892 0.552720414 0.558592073
10150.083598998 31.970637273 30.616001104 1.527440452 0.348734541 0.505500118 0.539487370 0.576027107
10150.116932331 31.973693462 30.594024348 1.525073760 0.351898273 0.496085014 0.526402363 0.594110946
10150.150265664 31.979797270 30.595052383 1.519777834 0.352853340 0.488771583 0.515385671 0.609076736
10150.183598998 31.987043443 30.596772122 1.509752286 0.351229410 0.480633368 0.501935800 0.627447145
10150.216932331 31.992863686 30.598426279 1.497042942 0.346059880 0.475178034 0.490730921 0.643141943
10150.250265664 31.996838559 30.605147097 1.485836913 0.338317642 0.473271850 0.483014745 0.654409417
10150.283598998 32.001251606 30.625849340 1.472453550 0.323144341 0.475567143 0.474880406 0.666259880
10150.316932331 32.004317600 30.628651042 1.453587216 0.304390402 0.481912799 0.469431870 0.674344316
10150.350265664 31.996028507 30.637497316 1.435845520 0.286147468 0.489493136 0.466341991 0.679000180
10150.383598998 31.980934124 30.651917473 1.411529912 0.260140087 0.501106678 0.463704974 0.682786152
10150.416932331 32.033764608 30.611860176 1.398360862 0.235655907 0.513378012 0.463216060 0.682891054
10150.450265664 32.040411010 30.603665509 1.383091607 0.213174982 0.524503497 0.462945955 0.682007002
10150.483598998 32.065152348 30.584302430 1.369764467 0.183974475 0.538256264 0.463208941 0.679610965
10150.516932331 32.061310036 30.570890452 1.347151813 0.157556083 0.549097658 0.464161946 0.676920624
10150.550265664 32.057803640 30.557489958 1.328821958 0.136812722 0.557104664 0.465299740 0.674101494
10150.583598998 32.053278249 30.537036019 1.306308576 0.111964768 0.565877285 0.467250184 0.670017951
10150.616932331 32.049476831 30.514853084 1.287094194 0.091155826 0.572398806 0.469595320 0.665980824
10150.650265664 32.047410071 30.494927418 1.274110252 0.077350382 0.576409893 0.471914968 0.662619663
10150.683598998 32.045616275 30.465412339 1.258738776 0.060555236 0.581648250 0.475646063 0.657099079
10150.716932331 32.045293232 30.436204344 1.246810865 0.046625077 0.587252463 0.479541999 0.650384592
10150.750265664 32.045854090 30.410009845 1.238620325 0.035792284 0.592770787 0.483427893 0.643147867
10150.783598998 32.039966276 30.375597690 1.230291738 0.020760900 0.601817018 0.488927604 0.631137909
10150.816932331 32.008992861 30.348073425 1.228115980 0.005089968 0.611858012 0.494024994 0.617691809
10150.850265664 31.988247957 30.324240392 1.228169611 -0.007575668 0.620550489 0.498540836 0.605241055
10150.883598998 31.994159738 30.284180577 1.223447651 -0.022280545 0.631680763 0.505044437 0.587718562
10150.916932331 32.008451476 30.243598820 1.218848049 -0.032395222 0.639005626 0.511985446 0.573143318
10150.950265664 32.016181568 30.210526069 1.222373985 -0.036562962 0.641845909 0.518178087 0.564081952
10150.983598998 32.011054405 30.170378845 1.236199663 -0.037086541 0.641882971 0.526899598 0.555866578
10151.016932331 31.957641875 30.143475774 1.268359912 -0.032912556 0.637873281 0.535729527 0.552293686
10151.050265664 31.970920646 30.108425061 1.280272601 -0.024360122 0.632976835 0.543461230 0.550814671
10151.083598998 31.991085417 30.061562682 1.297069345 -0.009956485 0.625257691 0.553652241 0.549929890
10151.116932331 32.017008061 30.016408803 1.319207089 0.005497165 0.618259195 0.562431368 0.548995724
10151.150265664 32.039150392 29.980102119 1.334900091 0.018754903 0.613475699 0.569042413 0.547253646
10151.183598998 32.079925877 29.930227780 1.359013628 0.036295298 0.608883417 0.576990046 0.543163072
10151.216932331 32.134992782 29.881291532 1.386144158 0.051887730 0.606650116 0.583278308 0.537652039
10151.250265664 32.148912514 29.848366396 1.398858842 0.063692208 0.605048560 0.587494517 0.533581985
10151.283598998 32.184666948 29.802928197 1.416700870 0.078776844 0.604534772 0.592191180 0.526916999
10151.316932331 32.215464345 29.761527970 1.432834343 0.093284055 0.604000433 0.595594417 0.521295360
10151.350265664 32.243940196 29.726853673 1.453634598 0.105608350 0.602819900 0.597424704 0.518207263
10151.383598998 32.281744087 29.677454307 1.480490563 0.123665742 0.599967048 0.599163501 0.515508899
10151.416932331 32.317851552 29.638340494 1.522053235 0.140303979 0.597125182 0.598882055 0.514875320
10151.450265664 32.346138328 29.604643155 1.535638831 0.153950302 0.594791432 0.598481818 0.514141974
10151.483598998 32.380665413 29.566397384 1.552339810 0.170739131 0.592565113 0.596778064 0.513391350
10151.516932331 32.412238921 29.531300275 1.567571267 0.185533042 0.590719577 0.594326280 0.513229134
10151.550265664 32.438309795 29.498325607 1.578684225 0.196491798 0.588994619 0.592204016 0.513586133
10151.583598998 32.473427065 29.452980156 1.593018044 0.211039901 0.586541988 0.588620299 0.514739546
10151.616932331 32.504683347 29.412491457 1.605459429 0.223423611 0.584666210 0.584586101 0.516242581
10151.650265664 32.528714293 29.383086451 1.616016958 0.232266438 0.583951919 0.580794808 0.517426178
10151.683598998 32.561470768 29.340639101 1.626842426 0.242665684 0.583448319 0.575768845 0.518836836
10151.716932331 32.592593610 29.300400299 1.636408751 0.251881555 0.583263466 0.570553395 0.520411601
10151.750265664 32.617091692 29.267476006 1.643629566 0.258974907 0.582621063 0.566296768 0.522295572
10151.783598998 32.652636573 29.216859941 1.654021468 0.268946689 0.580789179 0.560495676 0.525543724
10151.816932331 32.682536123 29.178157893 1.660964048 0.278390866 0.579338658 0.554151649 0.528943471
10151.850265664 32.705727852 29.153163779 1.662202985 0.285786215 0.578742248 0.548742377 0.531286602
10151.883598998 32.738062982 29.112121380 1.669011530 0.295141666 0.577164448 0.542189347 0.534605751
10151.916932331 32.766756419 29.078545734 1.672012875 0.303547445 0.576241379 0.535739785 0.537389714
10151.950265664 32.789335215 29.043227079 1.673035807 0.309868030 0.575330668 0.531442897 0.539022145
10151.983598998 32.818513108 29.002111585 1.674495516 0.317261804 0.574382484 0.526267424 0.540807090
10152.016932331 32.834858453 28.969081998 1.662584715 0.323974769 0.573014507 0.521763129 0.542639808
10152.050265664 32.859682635 28.934083001 1.665874584 0.330558144 0.570565195 0.518247211 0.544615920
10152.083598998 32.868115964 28.933567429 1.635523583 0.340773731 0.566847494 0.511843891 0.548245396
10152.116932331 32.820938879 28.955286884 1.551670817 0.353032219 0.562076212 0.503215438 0.553364986
10152.150265664 32.773532522 29.072271810 1.504310969 0.357559870 0.560453379 0.496646921 0.558018625
10152.183598998 32.802090917 29.073958524 1.490503044 0.367170461 0.555840140 0.491984933 0.560516206
10152.216932331 32.836257252 29.043607289 1.491710214 0.377255439 0.550105899 0.486412190 0.564327046
10152.250265664 32.869089433 29.022171564 1.498523844 0.384824064 0.546904732 0.481588579 0.566461026
10152.283598998 32.905335742 28.995390157 1.492485389 0.393125065 0.543963915 0.477734690 0.566855809
10152.316932331 32.943212789 28.977743297 1.490854392 0.399375605 0.544190322 0.473929201 0.565461874
10152.350265664 32.973978711 28.957881627 1.482210272 0.400725389 0.546348392 0.471964605 0.564067379
10152.383598998 33.016034074 28.930266271 1.490492894 0.402665927 0.549444788 0.471232069 0.560277532
10152.416932331 33.059039743 28.901993716 1.492811476 0.403788409 0.553331629 0.470843701 0.555954349
10152.450265664 33.097262044 28.882311788 1.495239238 0.403981461 0.556727131 0.469845891 0.553261891
10152.483598998 33.144600647 28.859299446 1.503424818 0.405164850 0.560760823 0.470076015 0.548103351
10152.516932331 33.189802491 28.840817424 1.506542334 0.406526880 0.564308278 0.470345714 0.543200674
10152.550265664 33.227232205 28.829588326 1.509737724 0.407592287 0.566961244 0.470786423 0.539243562
10152.583598998 33.266939145 28.815969055 1.513171233 0.409236665 0.569183872 0.471194457 0.535285770
10152.616932331 33.328679973 28.800236932 1.520620131 0.411234509 0.572960256 0.472537350 0.528498985
10152.650265664 33.366634505 28.791986174 1.526840592 0.413201516 0.574829160 0.473082460 0.524432007
10152.683598998 33.429405081 28.782872464 1.542938788 0.416836449 0.577599448 0.472657400 0.518865334
10152.716932331 33.489385613 28.773243543 1.557671821 0.422408639 0.577059777 0.472245147 0.515322692
10152.750265664 33.532024100 28.767940566 1.568508707 0.427872451 0.574575213 0.472093353 0.513727900
10152.783598998 33.591631215 28.762694456 1.590544958 0.434114336 0.570879176 0.472876643 0.511888064
10152.816932331 33.662159773 28.755131669 1.613093706 0.443867199 0.563874878 0.472798864 0.511359233
10152.850265664 33.705677556 28.754201260 1.627201132 0.448288834 0.560594320 0.474595006 0.509441566
10152.883598998 33.758481885 28.752801892 1.644895601 0.452053271 0.557167510 0.479084250 0.505658469
10152.916932331 33.806568440 28.748868949 1.664164549 0.452507627 0.555714981 0.485893568 0.500325042
10152.950265664 33.842907638 28.743636653 1.680812100 0.450260455 0.555763861 0.493082250 0.495239284
10152.983598998 33.888443916 28.738974860 1.700321700 0.444573601 0.557086632 0.504997572 0.486812335
10153.016932331 33.929983012 28.737828592 1.715933438 0.437210053 0.559027441 0.517419016 0.478135182
10153.050265664 33.959911012 28.737505759 1.726435481 0.431377000 0.559979889 0.526474646 0.472399043
10153.083598998 34.001555267 28.738012191 1.740395491 0.423608641 0.560638676 0.537809794 0.465833254
10153.116932331 34.043399133 28.742541136 1.754407414 0.415605843 0.560973109 0.548145534 0.460562078
10153.150265664 34.067632084 28.745553331 1.761291896 0.411511699 0.560564182 0.553760019 0.458012840
10153.183598998 34.112983113 28.747097883 1.774905026 0.405124160 0.558537287 0.562666206 0.455321045
10153.216932331 34.152743153 28.743801320 1.794354147 0.401238120 0.555549603 0.567990815 0.455805928
10153.250265664 34.183878812 28.745761529 1.806465993 0.400235892 0.552019445 0.571391812 0.456724381
10153.283598998 34.221290444 28.752332589 1.818369598 0.401334763 0.545741713 0.574103444 0.459893060
10153.316932331 34.257371039 28.759876268 1.829456564 0.405076459 0.538092782 0.575315499 0.464091904
10153.350265664 34.286353663 28.763964070 1.840313896 0.409283187 0.531487466 0.574594911 0.468880619
10153.383598998 34.328066323 28.774508916 1.849511871 0.415217227 0.523344863 0.574026921 0.473495410
10153.416932331 34.373383706 28.787297966 1.861275183 0.418809627 0.517868553 0.575079025 0.475073439
10153.450265664 34.407047023 28.797261460 1.867555162 0.419864480 0.515333214 0.576371421 0.475333022
10153.483598998 34.453807932 28.811898231 1.875537120 0.418060358 0.515066815 0.579923010 0.472885837
10153.516932331 34.497735742 28.827030914 1.879884145 0.411945969 0.518639429 0.584751834 0.468379071
10153.550265664 34.531701351 28.842370612 1.881380781 0.405290032 0.523566393 0.589312717 0.462956525
10153.583598998 34.583048493 28.864980900 1.883586228 0.396352640 0.531291769 0.595029460 0.454503666
10153.616932331 34.633603848 28.888042989 1.886709863 0.388675221 0.538478012 0.598928172 0.447502010
10153.650265664 34.668593072 28.908031772 1.886864389 0.383783964 0.543625078 0.600497156 0.443378854
10153.683598998 34.724623629 28.934793393 1.891432548 0.379513385 0.550455459 0.601224947 0.437603635
10153.716932331 34.781453866 28.959285711 1.896143539 0.377446480 0.556427497 0.600948551 0.432184491
10153.750265664 34.816215900 28.975365290 1.899705893 0.375042784 0.560976463 0.601047347 0.428241059
10153.783598998 34.891228843 29.009225714 1.908407153 0.367477525 0.572614035 0.602426255 0.417320073
10153.816932331 34.944426875 29.036920702 1.913897750 0.357946736 0.584172164 0.605345039 0.405184403
10153.850265664 34.984419015 29.057472012 1.918066340 0.349144240 0.593553952 0.607711132 0.395574500
10153.883598998 35.037033832 29.085400921 1.925311472 0.337577967 0.605528184 0.610876618 0.382369575
10153.916932331 35.082002015 29.110841535 1.929243338 0.327494571 0.615304020 0.613362765 0.371395190
10153.950265664 35.119561299 29.130508520 1.933407187 0.319556674 0.622692824 0.615085425 0.363052474
10153.983598998 35.165756858 29.153796853 1.938406953 0.311364351 0.630192072 0.616431226 0.354855939
10154.016932331 35.209509600 29.177271478 1.946187552 0.304451818 0.635855073 0.617366222 0.349079310
10154.050265664 35.240977319 29.194395921 1.952695403 0.300526764 0.638894929 0.617722529 0.346288624
10154.083598998 35.280882613 29.212449941 1.963161365 0.299008939 0.640360883 0.617003937 0.346175873
10154.116932331 35.316593084 29.224419667 1.973052015 0.301810490 0.638878758 0.615258524 0.349573038
10154.150265664 35.348267579 29.234190096 1.979742653 0.307223366 0.634777927 0.613368305 0.355598240
10154.183598998 35.366720651 29.237211454 1.983906014 0.312756239 0.630878459 0.611285702 0.361255721
10154.216932331 35.387566968 29.239442138 1.989447318 0.320439563 0.625004969 0.608536881 0.369283279
10154.250265664 35.416353475 29.246477796 1.991236288 0.327263519 0.619523262 0.606421904 0.375954774
10154.283598998 35.432573333 29.248868366 1.987081280 0.330879549 0.616221192 0.605753971 0.379278648
10154.316932331 35.461371446 29.257907144 1.983533979 0.333450496 0.613372898 0.605626746 0.381838578
10154.350265664 35.488834037 29.266594534 1.978789345 0.334097481 0.611938901 0.606669165 0.381919073
10154.383598998 35.506835296 29.272783577 1.968381823 0.333952893 0.611229548 0.608203512 0.380739271
10154.416932331 35.540786348 29.287925981 1.958327771 0.333191325 0.610704926 0.610258090 0.378956591
10154.450265664 35.578720785 29.303399431 1.949894094 0.332346318 0.610325925 0.612244468 0.377100651
10154.483598998 35.603785382 29.315595836 1.942490343 0.331114722 0.610741108 0.613834685 0.374920418
10154.516932331 35.644180165 29.338427484 1.936767335 0.328498650 0.611861393 0.616462609 0.371063504
10154.550265664 35.686214167 29.359804361 1.933074888 0.326848898 0.612870561 0.618463366 0.367508554
10154.583598998 35.712513969 29.374223844 1.929799007 0.326831261 0.612859642 0.619668753 0.365506530
10154.616932331 35.759116826 29.395746489 1.926924008 0.328126297 0.611996731 0.621154783 0.363262812
10154.650265664 35.800235755 29.412581114 1.924224447 0.332009338 0.609671314 0.621465401 0.363113542
10154.683598998 35.829034225 29.424183936 1.922291925 0.336369573 0.606968563 0.621150260 0.364166210
10154.716932331 35.869419336 29.438605179 1.919392016 0.343297240 0.602770881 0.620182822 0.366316172
10154.750265664 35.908754989 29.451461253 1.916309485 0.350198749 0.598779032 0.618830482 0.368610012
10154.783598998 35.938127821 29.460783482 1.913368597 0.355044570 0.596036286 0.617868134 0.370031173
10154.816932331 35.978390325 29.469414822 1.908778360 0.361258226 0.592356645 0.616873954 0.371581249
10154.850265664 36.013568152 29.475288312 1.903091653 0.366872946 0.589015368 0.615911444 0.372985563
10154.883598998 36.034822282 29.474812412 1.896991237 0.371550920 0.586131197 0.615044885 0.374325960
10154.916932331 36.067125258 29.477310682 1.888836305 0.377842099 0.582155986 0.613613032 0.376575097
10154.950265664 36.101002685 29.479860738 1.879682647 0.384891467 0.577699259 0.611622292 0.379526412
10154.983598998 36.125395133 29.479661125 1.872800112 0.390210241 0.574295820 0.610003116 0.381859238
10155.016932331 36.162528088 29.483464769 1.862917094 0.396741789 0.570364896 0.607848771 0.384447277
10155.050265664 36.200045003 29.487116956 1.852445101 0.402325208 0.567144069 0.606014563 0.386300895
10155.083598998 36.228337293 29.489941873 1.844173063 0.405373436 0.565551437 0.604999609 0.387039303
10155.116932331 36.264917013 29.493479707 1.834520779 0.407722158 0.564637395 0.604521594 0.386653458
10155.150265664 36.312360257 29.498944429 1.821548834 0.408988293 0.564810811 0.604708799 0.384765633
10155.183598998 36.343545067 29.502080907 1.812933532 0.409399498 0.565323461 0.604978811 0.383147589
10155.216932331 36.387399305 29.506321769 1.801535756 0.410049243 0.566259446 0.605023072 0.380994672
10155.250265664 36.430821154 29.509833445 1.791299451 0.411834221 0.566601452 0.604332079 0.379655247
10155.283598998 36.463177565 29.512382136 1.783769022 0.414262463 0.566341265 0.602994743 0.379528027
10155.316932331 36.508924598 29.514090691 1.773379212 0.419562798 0.564794039 0.600069391 0.380646132
10155.350265664 36.552875993 29.514815955 1.761956669 0.427233216 0.561446448 0.595781333 0.383789353
10155.383598998 36.583527297 29.515417419 1.752759629 0.434439343 0.557894689 0.591676196 0.387214736
10155.416932331 36.626496732 29.513228660 1.738748682 0.446520341 0.551685960 0.584272899 0.393557322
10155.450265664 36.667531264 29.509313612 1.724002539 0.460284453 0.544201713 0.575271459 0.401304706
10155.483598998 36.697458372 29.505436471 1.711586771 0.471558775 0.537801615 0.567652999 0.407641775
10155.516932331 36.737904539 29.498722437 1.692916106 0.487198385 0.529049176 0.556570382 0.415901567
10155.550265664 36.776203698 29.493038374 1.673573786 0.499788906 0.522546331 0.546994549 0.421845167
10155.583598998 36.802998271 29.485197752 1.658404646 0.507735091 0.518962523 0.541038028 0.424453566
10155.616932331 36.843200179 29.476407498 1.638173812 0.516799649 0.516345641 0.533839418 0.425817775
10155.650265664 36.874476732 29.466174274 1.619892927 0.523747818 0.515570373 0.527952682 0.425607072
10155.683598998 36.899426536 29.458255161 1.606018814 0.527705930 0.516311512 0.524655016 0.423893840
10155.716932331 36.934605538 29.449255243 1.587442640 0.531948276 0.518794038 0.520973174 0.420084194
10155.750265664 36.964246880 29.441539934 1.574082447 0.535047438 0.521357437 0.518155525 0.416443890
10155.783598998 36.999152505 29.434227490 1.559895489 0.538235739 0.524933013 0.514371855 0.412515715
10155.816932331 37.036341245 29.424614893 1.546434563 0.542340415 0.528546649 0.509643455 0.408373436
10155.850265664 37.074257905 29.416388095 1.534157604 0.547138657 0.531742555 0.504079860 0.404713034
10155.883598998 37.103016653 29.406313627 1.527169850 0.550792169 0.533898381 0.499618776 0.402444510
10155.916932331 37.143485020 29.395299122 1.517173587 0.556049712 0.536788054 0.492957440 0.399575105
10155.950265664 37.173282990 29.387943916 1.510086491 0.559838819 0.539221345 0.487396833 0.397825546
10155.983598998 37.206227787 29.379718785 1.503078208 0.564886630 0.541491520 0.480365134 0.396155736
10156.016932331 37.233386105 29.368478394 1.498186302 0.570477889 0.543120949 0.472574358 0.395282290
10156.050265664 37.256549254 29.351905943 1.494880564 0.577265064 0.545075094 0.463278267 0.393740314
10156.083598998 37.277801745 29.343633540 1.488488317 0.581203320 0.546885846 0.457815388 0.391820932
10156.116932331 37.303640454 29.331625876 1.480282990 0.586061573 0.549963502 0.451250407 0.387872465
10156.150265664 37.327678493 29.319767396 1.470629027 0.590994498 0.553093584 0.444996228 0.383133590
10156.183598998 37.346728600 29.311308589 1.461320944 0.595225750 0.555043886 0.439909050 0.379621678
10156.216932331 37.374494258 29.299939453 1.446264476 0.602522484 0.556953302 0.431977190 0.374386676
10156.250265664 37.400328951 29.287945205 1.429327238 0.611892599 0.557335231 0.421967016 0.370011789
10156.283598998 37.419543272 29.278907855 1.414954994 0.620125201 0.556432299 0.413425712 0.367296899
10156.316932331 37.447036151 29.263659824 1.394624625 0.633296760 0.553677703 0.399768738 0.364089510
10156.350265664 37.474155867 29.245639637 1.372682119 0.648052896 0.549327103 0.384230260 0.361433653
10156.383598998 37.496640654 29.230383516 1.354586132 0.659175628 0.545723736 0.372263321 0.359295304
10156.416932331 37.527325568 29.206681393 1.328951175 0.675252687 0.540335069 0.355658501 0.354371066
10156.450265664 37.553927580 29.181991032 1.302669173 0.689258700 0.536418349 0.341590661 0.347121909
10156.483598998 37.577452630 29.163245712 1.281187534 0.698026618 0.534759465 0.333588142 0.339867777
10156.516932331 37.610642492 29.136923113 1.249957560 0.708995743 0.533634291 0.324961088 0.327047048
10156.550265664 37.641652594 29.108513472 1.217185849 0.719606251 0.532911537 0.317858661 0.311669713
10156.583598998 37.664288052 29.087542167 1.193423035 0.726792428 0.532290983 0.313379914 0.300386594
10156.616932331 37.697430414 29.057566517 1.157977608 0.737057369 0.530770638 0.307342368 0.283847906
10156.650265664 37.725956907 29.028549397 1.127213572 0.746633320 0.528532022 0.301376172 0.269007415
10156.683598998 37.747201163 29.004665558 1.102892861 0.754825794 0.525651781 0.296026070 0.257481635
10156.716932331 37.774720361 28.974077762 1.071638391 0.765471654 0.521275235 0.288207571 0.243437204
10156.750265664 37.796241967 28.944044674 1.043534620 0.776321555 0.515700768 0.279124799 0.231229124
10156.783598998 37.813083286 28.922487730 1.023421505 0.784317335 0.510981202 0.271751737 0.223373056
10156.816932331 37.835421209 28.892065214 0.996683490 0.795361207 0.503690205 0.260980871 0.213508109
10156.850265664 37.855835720 28.863283593 0.971602863 0.805868723 0.496264980 0.249727171 0.204775515
10156.883598998 37.871014628 28.842408338 0.954144527 0.813061977 0.490835357 0.241714607 0.198959601
10156.916932331 37.888173075 28.815405739 0.930331492 0.822637085 0.482874241 0.230670349 0.192072598
10156.950265664 37.906441353 28.786401412 0.906136752 0.832043375 0.474638606 0.219484007 0.185064277
10156.983598998 37.920690128 28.765130735 0.888330203 0.838490232 0.468822689 0.211230434 0.180336135
10157.016932331 37.939125639 28.735372855 0.865333935 0.847105255 0.460649776 0.200383198 0.173381211
10157.050265664 37.955075734 28.707345681 0.841953733 0.854966229 0.452721421 0.190012896 0.167245814
10157.083598998 37.967306178 28.688316187 0.825394636 0.860012825 0.447354227 0.183350106 0.163201946
10157.116932331 37.984123279 28.660157455 0.803539755 0.866930440 0.439659124 0.174502269 0.157100047
10157.150265664 37.999884619 28.631713291 0.783271088 0.873216498 0.431907661 0.167782727 0.150988993
10157.183598998 38.012446852 28.610547239 0.769906521 0.877186697 0.426740483 0.164282924 0.146448555
10157.216932331 38.032897102 28.581088058 0.752547247 0.882712292 0.419527255 0.158763749 0.140035582
10157.250265664 38.049016858 28.551785987 0.737654045 0.887705275 0.411911891 0.155242209 0.134936265
10157.283598998 38.060927922 28.529581326 0.729449500 0.891302393 0.406272491 0.152315386 0.131615845
10157.316932331 38.077449324 28.496410536 0.720000484 0.896471904 0.397518422 0.148129802 0.127964021
10157.350265664 38.091382033 28.462520860 0.714329955 0.901316311 0.388435178 0.144034058 0.126495891
10157.383598998 38.101084517 28.437366715 0.711272864 0.904503295 0.382060260 0.142045056 0.125407138
10157.416932331 38.116630122 28.400711358 0.708024603 0.908867432 0.372730528 0.140000778 0.124224503
10157.450265664 38.128474320 28.366192566 0.706621018 0.912825873 0.363332518 0.139291747 0.123839473
10157.483598998 38.139145811 28.341135085 0.705725782 0.915469974 0.356812745 0.138534062 0.124127777
10157.516932331 38.147599982 28.307093543 0.708143102 0.919212264 0.346979529 0.137696546 0.125274425
10157.550265664 38.154137096 28.273978946 0.711768726 0.922788267 0.337153689 0.136027550 0.127615476
10157.583598998 38.157799044 28.250788160 0.714606909 0.925423084 0.329734679 0.134313231 0.129719361
10157.616932331 38.166959965 28.214493874 0.716267564 0.929121382 0.319299600 0.131173742 0.132569501
10157.650265664 38.173909002 28.178181442 0.717750192 0.932649156 0.308642593 0.127661626 0.136410447
10157.683598998 38.180601281 28.151832517 0.718052691 0.935059172 0.301431731 0.125722793 0.137829731
10157.716932331 38.186623619 28.118112921 0.719603949 0.937721336 0.292703439 0.124726101 0.139451762
10157.750265664 38.193067478 28.077529338 0.719746953 0.940442553 0.283204148 0.125417458 0.140120224
10157.783598998 38.198839858 28.048887516 0.718394430 0.942010973 0.277539477 0.126728694 0.139739053
10157.816932331 38.212421900 28.005397961 0.712701549 0.944369742 0.269662031 0.127848478 0.138213407
10157.850265664 38.220259156 27.964183933 0.708360828 0.946504495 0.262159260 0.128988704 0.136980576
10157.883598998 38.224610979 27.934130182 0.704993414 0.948150303 0.257220370 0.128668136 0.135252339
10157.916932331 38.232889531 27.889109668 0.698754577 0.950661139 0.249816059 0.126845779 0.133212173
10157.950265664 38.241087467 27.845957248 0.692618651 0.953091360 0.243397098 0.122760423 0.131546915
10157.983598998 38.246879947 27.813869449 0.688463405 0.955143775 0.238457180 0.117433891 0.130567314
10158.016932331 38.253675236 27.768966568 0.685262788 0.958123434 0.231197993 0.108496603 0.129520118
10158.050265664 38.262381822 27.731169572 0.681777484 0.960776612 0.224673609 0.099706433 0.128408328
10158.083598998 38.270302628 27.692585060 0.682217999 0.962882940 0.219335569 0.091912115 0.127673471
10158.116932331 38.278040505 27.649300711 0.684729883 0.965035809 0.213440599 0.084312754 0.126650535
10158.150265664 38.287038944 27.607976818 0.689236950 0.966723705 0.208344585 0.077919960 0.126357790
10158.183598998 38.292762762 27.579388724 0.693443080 0.967718310 0.205159260 0.073618192 0.126535812
10158.216932331 38.300225123 27.541107280 0.700693515 0.968996544 0.200745177 0.067267764 0.127366087
10158.250265664 38.307217516 27.503828736 0.709466477 0.970096811 0.196187127 0.060430675 0.129502598
10158.283598998 38.314686457 27.468997784 0.718787834 0.970891498 0.192419186 0.053696011 0.132141194
10158.316932331 38.319495731 27.445827839 0.725401082 0.971317643 0.189870109 0.049176065 0.134436203
10158.350265664 38.327571959 27.411923929 0.734332092 0.971736828 0.186802631 0.042969347 0.137789513
10158.383598998 38.337334319 27.378090290 0.741156510 0.972047291 0.183633902 0.036948429 0.141553762
10158.416932331 38.343309844 27.356510984 0.746231755 0.972127108 0.182051084 0.033067569 0.143988974
10158.450265664 38.353056938 27.323945077 0.754152571 0.972168138 0.179769982 0.027283034 0.147741334
10158.483598998 38.365187984 27.286811611 0.761337191 0.972169907 0.178054215 0.021249349 0.150767483
10158.516932331 38.371719614 27.267604500 0.765319288 0.972131233 0.177049542 0.017660840 0.152651304
10158.550265664 38.385287308 27.225711029 0.774774015 0.971913684 0.175072995 0.009491941 0.156981336
10158.583598998 38.394770998 27.197064894 0.781037814 0.971696067 0.173766248 0.003152308 0.160006582
10158.616932331 38.406741070 27.162471706 0.787729452 0.971442863 0.171973347 -0.006314090 0.163352578
10158.650265664 38.419266944 27.124433874 0.793516521 0.971101104 0.169913666 -0.018322049 0.166602204
10158.683598998 38.429236645 27.086081873 0.798524930 0.970671896 0.167966847 -0.030520457 0.169268160
10158.716932331 38.438110724 27.059861345 0.802429722 0.970226334 0.166948889 -0.038010223 0.171301347
10158.750265664 38.453044921 27.019385422 0.807000187 0.969629666 0.166319184 -0.046095225 0.173295906
10158.783598998 38.469675169 26.979675522 0.810075721 0.969207234 0.167410580 -0.049262492 0.173736130
10158.816932331 38.477140500 26.954372755 0.811306604 0.969016595 0.169135832 -0.048637298 0.173304132
10158.850265664 38.490464805 26.918694720 0.811200535 0.968666260 0.173181326 -0.045500285 0.172115162
10158.883598998 38.503928436 26.878839600 0.807383807 0.968319145 0.178582218 -0.039195651 0.170088582
10158.916932331 38.513992996 26.852374515 0.803386975 0.968119673 0.182364580 -0.034648934 0.168187126
10158.950265664 38.526973130 26.822053046 0.795389956 0.967805606 0.186992456 -0.030130413 0.165765762
10158.983598998 38.541425925 26.783970463 0.781674297 0.967527897 0.192007007 -0.026919752 0.162167829
10159.016932331 38.551095732 26.758391755 0.771422865 0.967353933 0.194788891 -0.027091104 0.159842822
10159.050265664 38.563945230 26.725967657 0.753977450 0.967107175 0.198134607 -0.030545131 0.156567510
10159.083598998 38.575581818 26.692945696 0.734645837 0.966879174 0.200782961 -0.037921114 0.152947230
10159.116932331 38.580608930 26.674368000 0.721526580 0.966569154 0.202322566 -0.044571274 0.151073000
10159.150265664 38.592361451 26.641877840 0.702084239 0.965947351 0.204517443 -0.056301983 0.148149984
10159.183598998 38.606998545 26.606296980 0.684187577 0.965005245 0.207023862 -0.068955162 0.145434462
10159.216932331 38.617695297 26.582448156 0.673443973 0.964305476 0.208862856 -0.077445267 0.143155466
10159.250265664 38.630141556 26.551277594 0.661247488 0.963258172 0.211435177 -0.087644228 0.140525262
10159.283598998 38.644194899 26.517639104 0.649504894 0.962165321 0.214800715 -0.096650972 0.136956699
10159.316932331 38.655087070 26.492916194 0.642561533 0.961214460 0.217880656 -0.102797440 0.134266403
10159.350265664 38.670484561 26.460010438 0.635201968 0.959824529 0.221991356 -0.110582086 0.131256675
10159.383598998 38.681938690 26.435032298 0.630129707 0.958770816 0.225017128 -0.116378494 0.128770576
10159.416932331 38.695946777 26.408341184 0.625800162 0.957464912 0.228367370 -0.123055508 0.126359123
10159.450265664 38.711744084 26.378689240 0.621715961 0.956043483 0.231937957 -0.129981053 0.123655038
10159.483598998 38.728779539 26.349660152 0.617643174 0.954926503 0.235599825 -0.134531959 0.120454340
10159.516932331 38.741350982 26.330566347 0.614645336 0.954536571 0.238776924 -0.134264400 0.117552483
10159.550265664 38.762109049 26.301215936 0.610686170 0.954869180 0.245306701 -0.125451427 0.110956799
10159.583598998 38.781337521 26.275356010 0.607597714 0.955917998 0.252872727 -0.108234365 0.102769097
10159.616932331 38.796648771 26.256589861 0.605560018 0.956769068 0.259400385 -0.090408843 0.095554339
10159.650265664 38.821570228 26.230141781 0.603892511 0.957671922 0.268722245 -0.060316575 0.083754135
10159.683598998 38.847849067 26.201304141 0.602421045 0.957600357 0.277545729 -0.029308452 0.071490833
10159.716932331 38.867337286 26.180151698 0.602364903 0.956861295 0.283403041 -0.008674269 0.063434492
10159.750265664 38.894129242 26.149333392 0.604816833 0.955398920 0.289874602 0.016516802 0.053970488
10159.783598998 38.922239292 26.116803880 0.608922723 0.953439849 0.295683225 0.037465028 0.046046242
10159.816932331 38.941875599 26.095833967 0.612280826 0.951981852 0.299205897 0.049858632 0.041478920
10159.850265664 38.973372319 26.059739493 0.618221195 0.949238177 0.304470752 0.071486622 0.033676520
10159.883598998 39.005728673 26.025194695 0.624557606 0.945615586 0.310076452 0.095002288 0.025265068
10159.916932331 39.029622160 26.000193949 0.629390681 0.942327372 0.314186390 0.113831969 0.018663329
10159.950265664 39.063357834 25.964099364 0.637630562 0.936697570 0.319653178 0.142594885 0.009284755
10159.983598998 39.099593088 25.926806592 0.648937037 0.929179725 0.325377123 0.175369639 -0.000506218
10160.016932331 39.125061030 25.902821426 0.658688001 0.923123883 0.328815968 0.199188511 -0.006803858
10160.050265664 39.162039191 25.869051253 0.676208175 0.912459845 0.334333182 0.235355304 -0.015691911
10160.083598998 39.194518907 25.832240765 0.696929733 0.899592816 0.340071134 0.272946918 -0.024173726
10160.116932331 39.218487754 25.806847036 0.712580076 0.889085885 0.344101038 0.300432457 -0.029344574
10160.150265664 39.247521152 25.771256687 0.737962723 0.873077780 0.349645962 0.337999098 -0.035206556
10160.183598998 39.277045018 25.736613890 0.766747908 0.854701844 0.355939005 0.375847384 -0.039127042
10160.216932331 39.295307437 25.711208121 0.786230821 0.841626434 0.360579770 0.400009503 -0.040491631
10160.250265664 39.319778921 25.677008101 0.817025132 0.822464619 0.367656952 0.432178519 -0.040025534
10160.283598998 39.341696817 25.642659386 0.849036720 0.802873930 0.375564668 0.461490822 -0.037025038
10160.316932331 39.357464040 25.615570303 0.870993773 0.788332313 0.381717204 0.481334798 -0.033778010
10160.350265664 39.374100342 25.586328904 0.907769051 0.767266804 0.391071625 0.507554504 -0.027441962
10160.383598998 39.391450101 25.553125502 0.944932890 0.745302386 0.401657251 0.531826038 -0.018891049
10160.416932331 39.404041742 25.527797608 0.970271624 0.730983520 0.409419242 0.545818561 -0.011003457
10160.450265664 39.416514430 25.498135535 1.007072316 0.714144029 0.420466142 0.559642189 0.002674025
10160.483598998 39.438402152 25.455534139 1.036538681 0.701756079 0.431448897 0.566563632 0.019897364
10160.516932331 39.444410050 25.438508571 1.063962791 0.695135252 0.438952523 0.568208621 0.035307610
10160.550265664 39.454632296 25.408614010 1.097446269 0.688315729 0.448339143 0.567447842 0.056713459
10160.583598998 39.464517797 25.374549139 1.132789574 0.681707851 0.458016835 0.564689338 0.081369137
10160.616932331 39.469998623 25.354680225 1.158068119 0.677065940 0.464468851 0.562183271 0.098996812
10160.650265664 39.477544114 25.323595948 1.190269745 0.670290986 0.472473430 0.559121580 0.121909433
10160.683598998 39.480501991 25.296690889 1.225275742 0.661202330 0.480854275 0.557566976 0.143908694
10160.716932331 39.487362289 25.269923570 1.246881772 0.655097527 0.486142940 0.556065525 0.159070435
10160.750265664 39.499306458 25.235765246 1.276684117 0.647503995 0.493455885 0.551929235 0.180593429
10160.783598998 39.523721173 25.208245513 1.307126951 0.642539866 0.499367736 0.544548199 0.203080387
10160.816932331 39.551312476 25.189603880 1.326920405 0.640393875 0.502990875 0.537395495 0.219321560
10160.850265664 39.582348094 25.167955710 1.348225844 0.640838455 0.505494055 0.524177441 0.242981163
10160.883598998 39.607539941 25.134173278 1.365634604 0.643354588 0.505754327 0.508399832 0.268024338
10160.916932331 39.631951642 25.113836982 1.374491272 0.646118032 0.505518499 0.495366255 0.285648053
10160.950265664 39.654548988 25.087826901 1.383173757 0.650687474 0.501901328 0.476635962 0.312280368
10160.983598998 39.673345000 25.058466533 1.393857864 0.655400648 0.496465222 0.458404833 0.337397811
10161.016932331 39.691698042 25.034829992 1.400059742 0.658653452 0.491732744 0.445487500 0.354845637
10161.050265664 39.710311062 25.000630730 1.410011812 0.662293852 0.484409431 0.429183325 0.377512955
10161.083598998 39.725665093 24.966099375 1.417554354 0.664670586 0.476534072 0.415186663 0.398432334
10161.116932331 39.735424584 24.942103413 1.422883508 0.665327874 0.471297670 0.406991904 0.411794750
10161.150265664 39.749091397 24.908884302 1.427882529 0.665386421 0.464295960 0.397930804 0.428183661
10161.183598998 39.763448868 24.873827518 1.433647963 0.664944652 0.457345114 0.391172248 0.442344128
10161.216932331 39.771592672 24.851348731 1.437761301 0.664095387 0.453081521 0.387900847 0.450807481
10161.250265664 39.782669229 24.819658404 1.442505575 0.662512138 0.447447924 0.384478700 0.461567062
10161.283598998 39.793030799 24.787094846 1.446611247 0.661284962 0.441509210 0.382028356 0.470984237
10161.316932331 39.802079925 24.763944274 1.451226681 0.660849533 0.437492596 0.380099988 0.476866986
10161.350265664 39.807626904 24.735206233 1.454796806 0.661750452 0.430514105 0.377530208 0.483957525
10161.383598998 39.808094185 24.705443647 1.462971262 0.662672236 0.422636031 0.373880096 0.492400211
10161.416932331 39.805037942 24.688194139 1.469754222 0.663370500 0.417375605 0.371261333 0.497897787
10161.450265664 39.810438260 24.661401664 1.475386823 0.665650428 0.409702195 0.366429454 0.504760412
10161.483598998 39.817755752 24.635575642 1.476976024 0.668972322 0.401305685 0.360665902 0.511223910
10161.516932331 39.822568685 24.618504733 1.477218664 0.672301015 0.394556922 0.355956276 0.515394325
10161.550265664 39.830317418 24.593924077 1.477985341 0.677320963 0.384935606 0.348771737 0.520979048
10161.583598998 39.838594518 24.570334911 1.477126911 0.682848130 0.374770621 0.340654413 0.526516841
10161.616932331 39.843448407 24.557272225 1.476667278 0.685996651 0.369280730 0.336105854 0.529219417
10161.650265664 39.853107187 24.534251043 1.474143677 0.692254249 0.358872968 0.327297033 0.533732986
10161.683598998 39.865694502 24.505614177 1.470488995 0.699444500 0.347228225 0.317035820 0.538236230
10161.716932331 39.873988232 24.488175271 1.467266384 0.704163852 0.339867869 0.310367463 0.540661761
10161.750265664 39.883682697 24.462173164 1.463054728 0.710822995 0.329754891 0.301379150 0.543289048
10161.783598998 39.892633690 24.435503381 1.456214968 0.718107624 0.318700640 0.291420755 0.545733714
10161.816932331 39.899607833 24.415599694 1.451839421 0.723728963 0.310281973 0.283677724 0.547237091
10161.850265664 39.907189315 24.387567172 1.445740209 0.731263341 0.298931963 0.273337562 0.548798857
10161.883598998 39.913646835 24.359506396 1.438411303 0.738084968 0.288582627 0.264137784 0.549710722
10161.916932331 39.918231466 24.340269875 1.434829807 0.742177407 0.282180341 0.258592937 0.550160562
10161.950265664 39.921998183 24.317166538 1.430348154 0.746338087 0.275780043 0.253620734 0.550092130
10161.983598998 39.925817355 24.296536889 1.424956547 0.749132512 0.271773947 0.250976844 0.549499795
10162.016932331 39.929872216 24.280650296 1.420333344 0.750610707 0.270224066 0.250549073 0.548441138
10162.050265664 39.935036253 24.259470051 1.416268906 0.751533084 0.269293856 0.251126521 0.547370362
10162.083598998 39.939042385 24.240449203 1.413523748 0.751782298 0.268955566 0.252224901 0.546689015
10162.116932331 39.941639873 24.228058775 1.412108871 0.751647937 0.268816223 0.252723053 0.546712242
10162.150265664 39.946346285 24.214870024 1.409586211 0.751488186 0.268157975 0.251801314 0.547679565
10162.183598998 39.949381138 24.202746457 1.407744537 0.751792342 0.265549190 0.248729487 0.549932309
10162.216932331 39.947552223 24.199795436 1.407918607 0.751958328 0.262723463 0.245202570 0.552639806
10162.250265664 39.947075501 24.194338763 1.407734778 0.752287913 0.258374314 0.239571527 0.556696590
10162.283598998 39.947674922 24.188536280 1.406961629 0.752599259 0.254119823 0.233998321 0.560590989
10162.316932331 39.949549691 24.182165464 1.405392838 0.753177552 0.248940517 0.227085016 0.564964238
10162.350265664 39.950072449 24.179330759 1.403425412 0.753805886 0.242754256 0.218967085 0.570000415
10162.383598998 39.951884974 24.171761245 1.401151166 0.754442851 0.236466112 0.210948577 0.574804715
10162.416932331 39.954147136 24.165401950 1.399110454 0.754759467 0.230041210 0.202844379 0.579890806
10162.450265664 39.956704035 24.159717966 1.397633484 0.754894845 0.225803488 0.197494642 0.583217305
10162.483598998 39.959113525 24.154580493 1.396166602 0.754783105 0.221286175 0.191735959 0.587002738
10162.516932331 39.963720795 24.149367891 1.393847197 0.754492850 0.217857667 0.186886375 0.590213570
10162.550265664 39.967514041 24.144575026 1.391886772 0.754155079 0.214307274 0.182438583 0.593328470
10162.583598998 39.971765690 24.139768840 1.389847772 0.753752285 0.210775719 0.178072170 0.596423835
10162.616932331 39.976300655 24.134702538 1.387656011 0.753493724 0.206961424 0.173644617 0.599384455
10162.650265664 39.978679966 24.132670669 1.387467125 0.753330560 0.204022553 0.170411175 0.601521318
10162.683598998 39.982877199 24.128359377 1.385531741 0.753405376 0.199888407 0.166144888 0.604004006
10162.716932331 39.987122519 24.123620664 1.383473479 0.753734390 0.195052825 0.161635842 0.606393205
10162.750265664 39.990254887 24.120293118 1.382087121 0.753932736 0.191491849 0.158367910 0.608141354
10162.783598998 39.993671203 24.115234000 1.379829464 0.754261823 0.187733977 0.155339542 0.609684085
10162.816932331 39.998656184 24.109064264 1.376338847 0.754717702 0.182105316 0.150471286 0.612043492
10162.850265664 40.001342748 24.105593880 1.374683793 0.754971473 0.178387780 0.147457534 0.613556966
10162.883598998 40.005469870 24.100394498 1.371552703 0.755387914 0.173746047 0.143959902 0.615204809
10162.916932331 40.009369015 24.095204369 1.368380796 0.755759690 0.169260552 0.141131445 0.616652310
10162.950265664 40.011958474 24.092351391 1.366778698 0.755852812 0.166368116 0.139477966 0.617700634
10162.983598998 40.015123785 24.088134793 1.364343360 0.755846865 0.162236095 0.137496408 0.619249307
10163.016932331 40.017549229 24.084196853 1.362238466 0.755721284 0.158102088 0.135827101 0.620838199
10163.050265664 40.019233819 24.081804843 1.360822220 0.755505557 0.155043318 0.134693020 0.622117926
10163.083598998 40.019799938 24.080772240 1.360098207 0.754945954 0.151014425 0.133344200 0.624075776
10163.116932331 40.020334996 24.078724817 1.359658785 0.754388741 0.146747894 0.131987347 0.626052733
10163.150265664 40.021539245 24.077240133 1.358954918 0.753893856 0.143504095 0.130986621 0.627609061
10163.183598998 40.022153708 24.075523501 1.357523659 0.753185726 0.139279593 0.129457913 0.629724628
10163.216932331 40.022720619 24.074232107 1.355798689 0.752337870 0.134915942 0.127899893 0.632002401
10163.250265664 40.022450189 24.073943142 1.354869617 0.751636318 0.132090860 0.126990112 0.633615310
10163.283598998 40.021136482 24.073765661 1.354689774 0.750497498 0.128898591 0.126288522 0.635759285
10163.316932331 40.019346366 24.073289102 1.355695124 0.749231965 0.126106499 0.126189283 0.637828251
10163.350265664 40.018771818 24.072968985 1.355392021 0.748213362 0.124374055 0.125971384 0.639405247
10163.383598998 40.017264186 24.072354738 1.354364060 0.747035003 0.121374155 0.124476843 0.641648295
10163.416932331 40.014966582 24.071621879 1.353020399 0.745955696 0.116551803 0.121043180 0.644448854
10163.450265664 40.013613528 24.070645010 1.351570930 0.745349167 0.111689031 0.116907021 0.646771156
10163.483598998 40.012289112 24.069685894 1.349399371 0.744754246 0.104118298 0.109769105 0.649962489
10163.516932331 40.011165742 24.069818301 1.346831066 0.744022481 0.096004236 0.101728646 0.653349077
10163.550265664 40.010337287 24.070475845 1.345502820 0.743298816 0.090287060 0.095908870 0.655863252
10163.583598998 40.011138830 24.071057313 1.343556276 0.742321309 0.084284753 0.089172297 0.658713485
10163.616932331 40.011702044 24.072234501 1.342773649 0.741019686 0.077702244 0.081152471 0.662016966
10163.650265664 40.012531166 24.073267401 1.341904208 0.740064750 0.073740008 0.075827917 0.664166172
10163.683598998 40.014605844 24.073935936 1.341373304 0.738938041 0.069727074 0.069619521 0.666529691
10163.716932331 40.016124199 24.075111734 1.341444519 0.737705159 0.066291667 0.063691586 0.668834730
10163.750265664 40.017712834 24.076413060 1.340909730 0.736707627 0.064050364 0.059331842 0.670551382
10163.783598998 40.019410442 24.077999182 1.340718140 0.735655074 0.061106083 0.053660617 0.672456836
10163.816932331 40.021371871 24.080483613 1.341055883 0.734489509 0.057661874 0.047391236 0.674503032
10163.850265664 40.022068503 24.080650927 1.341281009 0.734851921 0.053812136 0.042647131 0.674743010
10163.883598998 40.022416149 24.081305091 1.341643234 0.735237313 0.048924100 0.036927831 0.675032489
10163.916932331 40.021834343 24.081215001 1.342086484 0.735469383 0.044065891 0.031547894 0.675387085
10163.950265664 40.021859398 24.080509077 1.341721763 0.735647111 0.041259090 0.027966781 0.675528589
10163.983598998 40.021334864 24.080422322 1.340843786 0.735675829 0.038417686 0.024830240 0.675787404
10164.016932331 40.020562188 24.080990110 1.340597151 0.735658316 0.037392670 0.023938991 0.675896113
10164.050265664 40.019959936 24.081661680 1.340510279 0.735499115 0.037677441 0.024561953 0.676031192
10164.083598998 40.018673933 24.083130212 1.340605805 0.735141694 0.039027326 0.026440189 0.676272485
10164.116932331 40.017157649 24.084759696 1.340711737 0.734812179 0.040776354 0.028872801 0.676427906
10164.150265664 40.016086941 24.085917154 1.340753763 0.734567531 0.041524900 0.030274159 0.676586802
10164.183598998 40.015911985 24.086107452 1.340759071 0.734526190 0.041618600 0.030483400 0.676616531
10164.216932331 40.015911985 24.086107452 1.340759071 0.734526190 0.041618600 0.030483400 0.676616531
10164.250265664 40.015911985 24.086107452 1.340759071 0.734526190 0.041618600 0.030483400 0.676616531
10164.283598998 40.015911985 24.086107452 1.340759071 0.734526190 0.041618600 0.030483400 0.676616531
10164.316932331 40.015911985 24.086107452 1.340759071 0.734526190 0.041618600 0.030483400 0.676616531
10164.350265664 40.015911985 24.086107452 1.340759071 0.734526190 0.041618600 0.030483400 0.676616531
10164.383598998 40.015911985 24.086107452 1.340759071 0.734526190 0.041618600 0.030483400 0.676616531
10164.416932331 40.015911985 24.086107452 1.340759071 0.734526190 0.041618600 0.030483400 0.676616531
10164.450265664 40.015911985 24.086107452 1.340759071 0.734526190 0.041618600 0.030483400 0.676616531
10164.483598998 40.015911985 24.086107452 1.340759071 0.734526190 0.041618600 0.030483400 0.676616531
10164.516932331 40.015911985 24.086107452 1.340759071 0.734526190 0.041618600 0.030483400 0.676616531
10164.550265664 40.015911985 24.086107452 1.340759071 0.734526190 0.041618600 0.030483400 0.676616531
10164.583598998 40.015911985 24.086107452 1.340759071 0.734526190 0.041618600 0.030483400 0.676616531
10164.616932331 40.015911985 24.086107452 1.340759071 0.734526190 0.041618600 0.030483400 0.676616531
10164.650265664 40.015911985 24.086107452 1.340759071 0.734526190 0.041618600 0.030483400 0.676616531
10164.683598998 40.015911985 24.086107452 1.340759071 0.734526190 0.041618600 0.030483400 0.676616531
10164.716932331 40.015911985 24.086107452 1.340759071 0.734526190 0.041618600 0.030483400 0.676616531
10164.750265664 40.015911985 24.086107452 1.340759071 0.734526190 0.041618600 0.030483400 0.676616531
10164.783598998 40.015911985 24.086107452 1.340759071 0.734526190 0.041618600 0.030483400 0.676616531
10164.816932331 40.015911985 24.086107452 1.340759071 0.734526190 0.041618600 0.030483400 0.676616531
10164.850265664 40.015911985 24.086107452 1.340759071 0.734526190 0.041618600 0.030483400 0.676616531
10164.883598998 40.015911985 24.086107452 1.340759071 0.734526190 0.041618600 0.030483400 0.676616531
10164.916932331 40.015911985 24.086107452 1.340759071 0.734526190 0.041618600 0.030483400 0.676616531
10164.950265664 40.015911985 24.086107452 1.340759071 0.734526190 0.041618600 0.030483400 0.676616531
10164.983598998 40.015911985 24.086107452 1.340759071 0.734526190 0.041618600 0.030483400 0.676616531
10165.016932331 40.015911985 24.086107452 1.340759071 0.734526190 0.041618600 0.030483400 0.676616531
10165.050265664 40.015911985 24.086107452 1.340759071 0.734526190 0.041618600 0.030483400 0.676616531
10165.083598998 40.015911985 24.086107452 1.340759071 0.734526190 0.041618600 0.030483400 0.676616531
10165.116932331 40.015911985 24.086107452 1.340759071 0.734526190 0.041618600 0.030483400 0.676616531
10165.150265664 40.015911985 24.086107452 1.340759071 0.734526190 0.041618600 0.030483400 0.676616531
10165.183598998 40.015911985 24.086107452 1.340759071 0.734526190 0.041618600 0.030483400 0.676616531
10165.216932331 40.015911985 24.086107452 1.340759071 0.734526190 0.041618600 0.030483400 0.676616531
10165.250265664 40.015911985 24.086107452 1.340759071 0.734526190 0.041618600 0.030483400 0.676616531
10165.283598998 40.015911985 24.086107452 1.340759071 0.734526190 0.041618600 0.030483400 0.676616531
10165.316932331 40.015911985 24.086107452 1.340759071 0.734526190 0.041618600 0.030483400 0.676616531
10165.350265664 40.015911985 24.086107452 1.340759071 0.734526190 0.041618600 0.030483400 0.676616531
10165.383598998 40.015911985 24.086107452 1.340759071 0.734526190 0.041618600 0.030483400 0.676616531
10165.416932331 40.015911985 24.086107452 1.340759071 0.734526190 0.041618600 0.030483400 0.676616531
10165.450265664 40.015911985 24.086107452 1.340759071 0.734526190 0.041618600 0.030483400 0.676616531
10165.483598998 40.015911985 24.086107452 1.340759071 0.734526190 0.041618600 0.030483400 0.676616531
10165.516932331 40.015911985 24.086107452 1.340759071 0.734526190 0.041618600 0.030483400 0.676616531
10165.550265664 40.015911985 24.086107452 1.340759071 0.734526190 0.041618600 0.030483400 0.676616531
10165.583598998 40.015911985 24.086107452 1.340759071 0.734526190 0.041618600 0.030483400 0.676616531
10165.616932331 40.015911985 24.086107452 1.340759071 0.734526190 0.041618600 0.030483400 0.676616531
10165.650265664 40.015911985 24.086107452 1.340759071 0.734526190 0.041618600 0.030483400 0.676616531
10165.683598998 40.015911985 24.086107452 1.340759071 0.734526190 0.041618600 0.030483400 0.676616531
10165.716932331 40.015911985 24.086107452 1.340759071 0.734526190 0.041618600 0.030483400 0.676616531
10165.750265664 40.015911985 24.086107452 1.340759071 0.734526190 0.041618600 0.030483400 0.676616531
10165.783598998 40.015911985 24.086107452 1.340759071 0.734526190 0.041618600 0.030483400 0.676616531
10165.816932331 40.015911985 24.086107452 1.340759071 0.734526190 0.041618600 0.030483400 0.676616531
10165.850265664 40.015911985 24.086107452 1.340759071 0.734526190 0.041618600 0.030483400 0.676616531
10165.883598998 40.015911985 24.086107452 1.340759071 0.734526190 0.041618600 0.030483400 0.676616531
