# timestamp tx ty tz qx qy qz qw  (localization: SE2 map-aligned cam0)
10003.499588571 42.502049495 11.946362988 1.211622317 0.413739510 0.566801661 0.568140800 0.429850586
10003.535622985 42.499953187 11.944117222 1.212190628 0.413817754 0.565594933 0.569386633 0.429716302
10003.568873107 42.490772866 11.938139147 1.209257735 0.414441236 0.564186289 0.570676204 0.429256291
10003.603269178 42.488379478 11.936128207 1.209242903 0.415044107 0.563016702 0.571106827 0.429636561
10003.636824921 42.484449496 11.932937629 1.209091396 0.416795902 0.560616917 0.571166235 0.430997657
10003.670065706 42.503452352 11.913965448 1.208605483 0.419784521 0.557272864 0.570752606 0.432977336
10003.703303099 42.502070076 11.910641216 1.208170643 0.421617361 0.555270033 0.570220181 0.434468567
10003.737159657 42.500086163 11.905354957 1.207043894 0.424057997 0.552506634 0.569534319 0.436511046
10003.771118610 42.498646809 11.900431874 1.205432456 0.425588540 0.550605280 0.569190909 0.437869763
10003.804887909 42.497956273 11.897152275 1.204084091 0.426214095 0.549707507 0.569118589 0.438482877
10003.838481399 42.497266705 11.892640578 1.202053565 0.426754380 0.548874526 0.569025523 0.439121176
10003.871868108 42.496691210 11.888101102 1.200181879 0.427305270 0.548264691 0.568649076 0.439834359
10003.905243324 42.507077105 11.877882039 1.206263057 0.427563212 0.545658556 0.570023493 0.441043827
10003.938405405 42.506090966 11.873466520 1.206060920 0.428749343 0.544981905 0.568822114 0.442278337
10003.971651708 42.509425981 11.865807230 1.209760088 0.430385508 0.543118535 0.567800985 0.444288885
10004.004565319 42.509698014 11.863052240 1.210087090 0.431690357 0.542541064 0.566450270 0.445451144
10004.037541985 42.502942927 11.858459650 1.204479800 0.435186478 0.542757671 0.561011636 0.448656644
10004.071088436 42.505804204 11.852368391 1.204074549 0.439078548 0.540921767 0.557038127 0.452020127
10004.105301011 42.508918432 11.847733830 1.203533723 0.442001447 0.539590659 0.553995825 0.454494518
10004.138875224 42.514979572 11.840434221 1.202749396 0.446356329 0.537735315 0.549350620 0.458061847
10004.172165302 42.523045933 11.832568571 1.202292052 0.450636257 0.536207498 0.544549756 0.461382755
10004.205456388 42.530018939 11.827049396 1.202190094 0.453306014 0.535566639 0.541305536 0.463325317
10004.238733496 42.542602495 11.819337632 1.202046998 0.456367282 0.535692245 0.536946135 0.465243560
10004.272133983 42.557555437 11.812592528 1.201412879 0.458278582 0.537017715 0.533260178 0.466075420
10004.305528478 42.577488473 11.805716651 1.205704410 0.460469016 0.536794302 0.532416249 0.465137721
10004.338922316 42.617419160 11.823809570 1.202521652 0.469994310 0.539116961 0.529589216 0.456063058
10004.372307545 42.639237625 11.834684681 1.184211658 0.474530016 0.544593744 0.522054224 0.453539751
10004.405494051 42.659512734 11.830941939 1.183449684 0.476282573 0.545049947 0.519609363 0.453962086
10004.438753741 42.688210629 11.841595198 1.163974447 0.480460210 0.550943252 0.510214455 0.453101236
10004.472095275 42.716497939 11.853676613 1.149647702 0.484732730 0.554128069 0.501982648 0.453860864
10004.505494667 42.740484497 11.852764406 1.145159573 0.487017850 0.553944443 0.498546080 0.455423949
10004.538822870 42.777134165 11.851149627 1.139446776 0.490632231 0.553051931 0.493476162 0.458142831
10004.572203644 42.801755779 11.897433801 1.119197370 0.495812407 0.564004003 0.475702272 0.458014072
10004.605531744 42.831230120 11.904078855 1.127979471 0.491895382 0.564547583 0.471558234 0.465787281
10004.638858368 42.867947468 11.906679047 1.133404618 0.492981288 0.559599122 0.470939110 0.471205504
10004.672135344 42.906409145 11.913234267 1.162201286 0.480014808 0.556142232 0.468642972 0.490576566
10004.705395776 42.929314999 11.915710488 1.166679524 0.482109788 0.554132830 0.467010787 0.492349351
10004.738676698 42.963179783 11.922891442 1.182616216 0.481907834 0.546874524 0.472763423 0.495164457
10004.772032356 42.998862735 11.930002263 1.190578275 0.483481626 0.542026168 0.477378855 0.494532688
10004.805388684 43.023158441 11.936014437 1.196365583 0.483943979 0.537290035 0.482478230 0.494299910
10004.838709274 43.058899217 11.944810380 1.203030616 0.484693487 0.532897704 0.486936052 0.493948926
10004.872052180 43.094403450 11.953006282 1.207458826 0.487568628 0.527506385 0.491163190 0.492719563
10004.905381974 43.113617980 11.955319463 1.212481375 0.488527273 0.523553035 0.493213651 0.493936856
10004.938641137 43.152446323 11.967682211 1.208976027 0.492852917 0.518098561 0.497174392 0.491413783
10004.971933688 43.188852981 11.977322029 1.205269723 0.497380328 0.512267223 0.500678194 0.489404175
10005.005327504 43.213964214 11.983810866 1.200919787 0.501564865 0.507371934 0.503238737 0.487603507
10005.038669003 43.248672016 11.991075649 1.194971278 0.508430173 0.498866700 0.504791698 0.487663939
10005.071958416 43.285767733 11.995824913 1.185090848 0.521020347 0.486364808 0.503510785 0.488327719
10005.105308960 43.304953510 11.995340752 1.181798846 0.528257426 0.477927388 0.498328169 0.494164487
10005.138686080 43.339172279 11.993059744 1.167182239 0.547711576 0.459580103 0.490170436 0.498528938
10005.171974498 43.363865847 11.988050198 1.158778819 0.565934780 0.440629291 0.477275170 0.507712581
10005.205347704 43.379459202 11.983831292 1.157457781 0.577094945 0.427573059 0.466324405 0.516414807
10005.238744330 43.397741026 11.974286445 1.154900444 0.593631261 0.408804265 0.448866390 0.528204470
10005.272102629 43.412160360 11.964988885 1.156459405 0.607174967 0.391109547 0.430897853 0.541016563
10005.305477957 43.420996395 11.959839443 1.162226586 0.614043250 0.379699380 0.420343262 0.549627884
10005.338819233 43.435787012 11.950348288 1.167906471 0.625587335 0.363211180 0.403858231 0.560014870
10005.372188819 43.444980452 11.940636442 1.173826540 0.634372235 0.348355567 0.387373086 0.571106258
10005.405519077 43.455397681 11.934910571 1.176077171 0.640837447 0.338335250 0.375039641 0.578101975
10005.438902103 43.458978123 11.921594651 1.183767284 0.647695833 0.322279422 0.357606062 0.590545499
10005.472213735 43.464406067 11.908519709 1.186686789 0.654853954 0.305372519 0.336934081 0.603646708
10005.505556087 43.467856796 11.900522224 1.186808694 0.659254997 0.294297403 0.321910368 0.612491309
10005.538879054 43.467288736 11.884782542 1.184490553 0.665848251 0.275784565 0.298250910 0.625807778
10005.572257687 43.462729299 11.867064606 1.181878800 0.670579062 0.257469976 0.274999674 0.639068159
10005.605647006 43.460453874 11.852454938 1.179625257 0.674218711 0.244495977 0.259996428 0.646569953
10005.638983671 43.453463982 11.832436907 1.174025824 0.676547994 0.228770183 0.238841211 0.657952803
10005.672368463 43.445781329 11.810763799 1.167172169 0.677505401 0.214918421 0.219039560 0.668444594
10005.705683923 43.435934719 11.794853077 1.163576866 0.676607327 0.207016664 0.206986555 0.675650199
10005.739016721 43.423639577 11.768871883 1.155900557 0.676529840 0.194017565 0.188972085 0.684802243
10005.772397593 43.408906897 11.743757395 1.147336177 0.676437027 0.179315522 0.169784921 0.693867403
10005.805830250 43.391420933 11.716844805 1.138011358 0.676891298 0.160188120 0.147453743 0.703146735
10005.839185172 43.379250403 11.698530561 1.131458112 0.677451156 0.145140181 0.130946243 0.709117296
10005.872646697 43.363256728 11.666477973 1.124484769 0.678610040 0.121541983 0.107545354 0.716344859
10005.906172157 43.343919572 11.636383951 1.118594035 0.678333930 0.099628867 0.085290757 0.722954117
10005.939692126 43.319655785 11.620486808 1.114575911 0.676187086 0.086316686 0.069740308 0.728324614
10005.973090199 43.289811330 11.596414315 1.112628940 0.673184601 0.067634804 0.049960156 0.734678167
10006.006444081 43.263957491 11.569445558 1.111387762 0.671275274 0.047714245 0.029918235 0.739065462
10006.039781918 43.244515011 11.552096189 1.110319045 0.669790442 0.032870295 0.015718238 0.741655746
10006.073121276 43.215427305 11.530555243 1.109667343 0.667212828 0.010704130 -0.005315818 0.744771244
10006.106462165 43.186050386 11.504922226 1.108150877 0.665584309 -0.011401032 -0.026281535 0.745772636
10006.139788584 43.164812896 11.485042921 1.105989965 0.664518953 -0.026090321 -0.039974524 0.745745193
10006.173135073 43.132391746 11.455315513 1.101640796 0.663103024 -0.046317885 -0.059312455 0.744735567
10006.206499564 43.098490180 11.425901842 1.096044242 0.661817311 -0.064989527 -0.077366443 0.742824772
10006.239853746 43.068631904 11.408077705 1.093825555 0.660189808 -0.077894692 -0.089582934 0.741658097
10006.273235932 43.032138457 11.376467958 1.089467092 0.659429166 -0.095732377 -0.107075947 0.737918172
10006.306585943 42.988001487 11.350020444 1.090388679 0.658062429 -0.111970749 -0.123449712 0.734286429
10006.339916527 42.953134836 11.331144967 1.091179363 0.657114623 -0.123030415 -0.134767563 0.731369669
10006.373255753 42.913176439 11.298030051 1.091472501 0.657340602 -0.137592442 -0.150486460 0.725482928
10006.406626062 42.871950766 11.267312909 1.095122027 0.657404053 -0.150703066 -0.164889708 0.719666507
10006.439986991 42.839916951 11.243462411 1.099527211 0.657399778 -0.160218700 -0.175043722 0.715202905
10006.473337843 42.797501619 11.213258956 1.106444352 0.657368162 -0.173575485 -0.189716813 0.708340442
10006.506689848 42.750916440 11.183185504 1.113320534 0.656827952 -0.188228194 -0.205418618 0.700678514
10006.540033446 42.716786707 11.162894288 1.119877081 0.656008685 -0.198457624 -0.215720043 0.695508475
10006.573415575 42.670218587 11.134405696 1.126866122 0.655223675 -0.213218939 -0.231394372 0.686786914
10006.606777906 42.623885637 11.107731264 1.133410169 0.655067167 -0.225347066 -0.244343277 0.678529343
10006.640140053 42.586578584 11.086966677 1.137724117 0.655372991 -0.232604779 -0.252123276 0.672915384
10006.673532327 42.537726301 11.057279605 1.141588637 0.657108030 -0.240208683 -0.261153902 0.665062001
10006.706883561 42.487053759 11.026963006 1.142790295 0.660529920 -0.243591245 -0.266491046 0.658290249
10006.740256782 42.448856697 11.004128173 1.142363392 0.663731970 -0.244392611 -0.268921196 0.653768700
10006.773625299 42.396006704 10.973552261 1.140802669 0.668968236 -0.243221068 -0.270175283 0.648328873
10006.806982558 42.340481407 10.938523757 1.136544240 0.675799749 -0.238101478 -0.267495367 0.644242666
10006.840329658 42.309911024 10.917092107 1.131987645 0.681710534 -0.231438714 -0.263157726 0.642226503
10006.873675162 42.268169873 10.887806851 1.125818675 0.691568491 -0.218094928 -0.253516793 0.640231880
10006.907029433 42.232350585 10.854251035 1.117942503 0.702829528 -0.199976124 -0.239030811 0.639456391
10006.940412189 42.208452288 10.833754911 1.113306394 0.710666333 -0.185826624 -0.227449981 0.639287365
10006.973779822 42.177736310 10.798968420 1.108816195 0.721589564 -0.165221448 -0.209545409 0.638827908
10007.007177036 42.149559079 10.762486161 1.106849156 0.731282421 -0.145428612 -0.191593259 0.638254308
10007.040541954 42.133853381 10.739818463 1.106278811 0.737306723 -0.132404919 -0.179620764 0.637639486
10007.073908234 42.106975443 10.700107234 1.108117882 0.744724314 -0.115412821 -0.162987365 0.636789365
10007.107225032 42.083265396 10.660212899 1.111494988 0.750666639 -0.101455986 -0.148235366 0.635792856
10007.140547821 42.068524901 10.632872930 1.115430907 0.754053447 -0.093337055 -0.139029134 0.635108253
10007.173916680 42.044997688 10.590426911 1.121098330 0.758202390 -0.082858809 -0.126285790 0.634283417
10007.207260201 42.022328973 10.544236257 1.125998568 0.761865643 -0.072479791 -0.112760056 0.633713335
10007.240569312 42.000129944 10.509529319 1.128586913 0.763876257 -0.065498344 -0.103398904 0.633649506
10007.273970331 41.973991582 10.456058437 1.130435327 0.766767876 -0.052367581 -0.086696412 0.633883580
10007.307340511 41.952390134 10.405104636 1.129991481 0.768831382 -0.038414992 -0.069698148 0.634479915
10007.340720038 41.938767629 10.368031159 1.128228562 0.769791636 -0.027698697 -0.057239699 0.635119859
10007.374131803 41.916291555 10.311314381 1.125025865 0.770391003 -0.011739534 -0.038875832 0.636277106
10007.407498293 41.900541160 10.257075571 1.121249546 0.769977651 0.004991827 -0.020726746 0.637714592
10007.440846625 41.889801625 10.221514229 1.119355225 0.769144913 0.015503007 -0.009710790 0.638812539
10007.474228064 41.875763098 10.165150757 1.117655631 0.767088309 0.031625495 0.006434610 0.640729232
10007.507578467 41.865449144 10.111170570 1.117530637 0.764399107 0.045569362 0.019528223 0.642834416
10007.540933125 41.859277436 10.073702369 1.119233055 0.762306345 0.053977999 0.026993801 0.644396420
10007.574407683 41.850966199 10.018446994 1.123507060 0.759041124 0.065028063 0.036232973 0.646772831
10007.607652627 41.843826725 9.961534773 1.130035421 0.755392019 0.075780811 0.044383285 0.649361448
10007.640994462 41.840692121 9.925673770 1.135144908 0.752883397 0.082776276 0.049367561 0.651058770
10007.674431547 41.836722314 9.868100912 1.144617717 0.748411432 0.094662516 0.057350827 0.653934416
10007.707710783 41.835653119 9.815756959 1.154660500 0.743769120 0.106042913 0.064414808 0.656820470
10007.741076773 41.835280318 9.778681564 1.161463365 0.740448411 0.113409162 0.068653157 0.658909141
10007.774464430 41.833586923 9.722946171 1.171916862 0.735336540 0.122426486 0.072694357 0.662576380
10007.807803419 41.833574627 9.670960915 1.179558226 0.730587081 0.127793855 0.073649784 0.666698551
10007.841164155 41.836867417 9.636605314 1.182928712 0.727265662 0.130081116 0.072848767 0.669967624
10007.874536574 41.835937752 9.585529314 1.185165095 0.722726530 0.130885316 0.069992875 0.675008440
10007.907855932 41.836171928 9.533711296 1.183021949 0.718182174 0.130300674 0.066104149 0.680342812
10007.941218140 41.835612136 9.497734812 1.179771421 0.714950934 0.129343594 0.063168032 0.684196753
10007.974611608 41.837888593 9.450518467 1.173581483 0.710340616 0.127897084 0.059400376 0.689586934
10008.007921644 41.837881602 9.399992465 1.165973200 0.705133468 0.127048876 0.056561460 0.695302939
10008.041254618 41.838406611 9.366709807 1.160016576 0.701598697 0.127708776 0.056049076 0.698790554
10008.074640419 41.840520141 9.319878538 1.150924366 0.696319657 0.131141847 0.057817456 0.703276541
10008.107993612 41.844160844 9.272967157 1.141974605 0.690731966 0.138348100 0.062905768 0.706959701
10008.141363936 41.847263352 9.244607515 1.137005949 0.687216003 0.144676334 0.067643100 0.708679995
10008.174761490 41.851726750 9.197808655 1.130340217 0.681306256 0.157266045 0.077120888 0.710733104
10008.208099862 41.858374974 9.155013274 1.125073420 0.675867941 0.170379466 0.086755749 0.711791264
10008.241466341 41.862963350 9.124650618 1.122393815 0.672258555 0.178852195 0.092698195 0.712381479
10008.274855635 41.871718722 9.083188719 1.119109284 0.667892481 0.188782631 0.098908373 0.713090377
10008.308200224 41.879702003 9.039829750 1.116286575 0.664376340 0.195601378 0.101856135 0.714121493
10008.341565794 41.884645076 9.011870163 1.114361619 0.662739325 0.198199306 0.101914878 0.714917463
10008.374953292 41.891759522 8.965063101 1.110896636 0.660913502 0.200208001 0.099404074 0.716399978
10008.408307925 41.899430100 8.920186177 1.106302965 0.659931365 0.200656819 0.094499243 0.717842133
10008.441664373 41.904382066 8.888399155 1.102288834 0.659492903 0.200426833 0.090015597 0.718884823
10008.475071137 41.911755831 8.843605290 1.095379968 0.659168262 0.200305158 0.082848637 0.720077183
10008.508409464 41.919285696 8.796139186 1.086438511 0.659091301 0.201048508 0.074747540 0.720826581
10008.541786182 41.923648101 8.765483219 1.079680037 0.659150529 0.202553879 0.069539767 0.720872199
10008.575205485 41.930249228 8.718104218 1.070253273 0.659350092 0.206414434 0.061920824 0.720289074
10008.608526499 41.937005918 8.673462945 1.062403355 0.659838185 0.211971004 0.054713153 0.718810360
10008.641898847 41.941071064 8.642772156 1.058133775 0.660323368 0.216448620 0.049748063 0.717389835
10008.675302840 41.946654025 8.597470449 1.054077829 0.661594775 0.222563949 0.041352819 0.714875924
10008.708654006 41.949831853 8.552662360 1.052790641 0.663478317 0.225360660 0.030337794 0.712803419
10008.742024993 41.950520009 8.519107006 1.054437068 0.665076146 0.224697432 0.020471537 0.711874778
10008.775420380 41.946968330 8.473165293 1.057579502 0.667401273 0.220095055 0.004787946 0.711414635
10008.808767092 41.939553557 8.426349463 1.061903007 0.669692473 0.212049660 -0.012610689 0.711609376
10008.842096647 41.931247245 8.395423471 1.065049082 0.671150443 0.204912919 -0.024976825 0.711999956
10008.875457999 41.913205048 8.344525305 1.069302438 0.673461694 0.191969792 -0.044501557 0.712472145
10008.908810236 41.892499694 8.302266283 1.072955274 0.675906546 0.179444260 -0.061740100 0.712136405
10008.942190904 41.875296471 8.271839968 1.075455130 0.677988221 0.171249020 -0.072454127 0.711165343
10008.975531793 41.848278688 8.237292293 1.077742004 0.681644597 0.160604401 -0.085646705 0.708682942
10009.008851321 41.815890581 8.195494496 1.078683482 0.686197422 0.150551557 -0.096711711 0.705063239
10009.042223789 41.789987244 8.168023632 1.078357260 0.690094515 0.142857561 -0.103960082 0.701821615
10009.075637393 41.752583842 8.138661818 1.077367585 0.695967408 0.130901237 -0.113501788 0.696858363
10009.109009228 41.709526679 8.114393635 1.074515354 0.702429607 0.116491195 -0.123145018 0.691272560
10009.142391477 41.675464878 8.085988441 1.071956736 0.707152033 0.105528172 -0.129625564 0.687020393
10009.175770926 41.623279046 8.047876344 1.067384882 0.713942171 0.087880356 -0.138999513 0.680619390
10009.209135918 41.564967547 8.011828621 1.062930814 0.720778343 0.067202415 -0.149005000 0.673617046
10009.242510448 41.514981357 7.985159579 1.059420674 0.726101593 0.048980751 -0.157115899 0.667601646
10009.275910829 41.462706792 7.963389771 1.055828923 0.731328486 0.029145001 -0.165591992 0.660975420
10009.309327554 41.404451271 7.939895078 1.052050855 0.736792138 0.006645609 -0.174847777 0.653086086
10009.342705654 41.338681821 7.914595526 1.047217985 0.742898430 -0.018717835 -0.184629029 0.643166920
10009.376111601 41.293890550 7.899194456 1.043821456 0.747486663 -0.035758600 -0.190588617 0.635343206
10009.409482902 41.211797432 7.871794533 1.037121566 0.757076856 -0.065430187 -0.199088571 0.618803092
10009.442867658 41.164874517 7.856381776 1.032268871 0.763250478 -0.081664400 -0.202599315 0.608056865
10009.476249091 41.098020987 7.836631966 1.023782489 0.772557759 -0.105178090 -0.207062864 0.590945893
10009.509625766 41.031846089 7.817181088 1.012374936 0.782247281 -0.128777726 -0.210894565 0.571864469
10009.543022147 40.982983245 7.802543538 1.002763385 0.789217859 -0.145862951 -0.213518049 0.557018144
10009.576375555 40.910844185 7.782541250 0.985846541 0.799021764 -0.171808492 -0.218123830 0.533355470
10009.609745150 40.839755060 7.764007953 0.965892504 0.807753309 -0.198022751 -0.223673641 0.508224049
10009.643137875 40.790380750 7.752291945 0.949920480 0.813368891 -0.216814906 -0.227994129 0.489327110
10009.676510319 40.717501222 7.736940440 0.924631479 0.819507975 -0.245514514 -0.237264507 0.460255208
10009.709847991 40.644634038 7.726695627 0.898849750 0.821221629 -0.279318612 -0.254960646 0.427283534
10009.743231106 40.595853706 7.724584989 0.882545395 0.819266572 -0.303471922 -0.271532622 0.403704238
10009.776608671 40.524691101 7.725979586 0.859831661 0.811333895 -0.341511102 -0.302651244 0.365389796
10009.809971619 40.463160697 7.734254399 0.841727520 0.799698680 -0.376044721 -0.334602111 0.327282472
10009.843361802 40.402560513 7.745409178 0.826926064 0.785681585 -0.407478990 -0.365413068 0.288337665
10009.876742348 40.362429511 7.753215618 0.818333133 0.776663023 -0.425706874 -0.382517812 0.263150773
10009.910106557 40.312919384 7.765053927 0.807223568 0.767051051 -0.446364220 -0.398186892 0.232032039
10009.943520500 40.263967631 7.775679004 0.795157048 0.762400820 -0.462097651 -0.403233200 0.206430950
10009.976801958 40.227172097 7.783174636 0.786470065 0.761754173 -0.471259666 -0.401185994 0.191558620
10010.010165221 40.180273997 7.793957101 0.775133148 0.762498360 -0.482266352 -0.393980412 0.175484620
10010.043546931 40.130761964 7.807758763 0.763036649 0.763655817 -0.494029675 -0.383153128 0.161115343
10010.076914960 40.098820069 7.817580835 0.754924881 0.763639333 -0.502054466 -0.376163957 0.152633417
10010.110269087 40.051448778 7.836761050 0.744527917 0.761357521 -0.515521663 -0.367414859 0.139923055
10010.143659882 40.003745316 7.858930780 0.734612599 0.756621024 -0.530134049 -0.361051794 0.126980778
10010.177021876 39.970222320 7.874619830 0.727116897 0.751888646 -0.541075998 -0.357834042 0.117707382
10010.210389622 39.918558113 7.896902507 0.717708366 0.743933180 -0.557368174 -0.353515161 0.104552251
10010.243781253 39.866448979 7.921794117 0.709244820 0.734706184 -0.574292268 -0.349007915 0.092675177
10010.277126140 39.830477787 7.939928980 0.704171205 0.728102153 -0.585752671 -0.345470419 0.086088638
10010.310486143 39.777605678 7.965492469 0.698796348 0.718483694 -0.601813597 -0.339418803 0.079977819
10010.343868787 39.726107056 7.988348669 0.695562962 0.709105862 -0.617067084 -0.331945516 0.078798892
10010.377220778 39.688362122 8.007585703 0.694299383 0.702590088 -0.627272169 -0.326167612 0.080693763
10010.410572046 39.632819725 8.037707470 0.695545405 0.693170708 -0.640876892 -0.318073923 0.087293516
10010.443983091 39.576874287 8.060196427 0.696653603 0.682473323 -0.653560939 -0.312838821 0.096021529
10010.477318870 39.535642244 8.080730575 0.701837516 0.673346501 -0.662517961 -0.311581803 0.102913656
10010.510669563 39.482417660 8.108540856 0.715294020 -0.659515558 0.673811774 0.313430914 -0.113039746
10010.544024312 39.426812908 8.134390053 0.730844596 -0.643579663 0.684483097 0.319043016 -0.124497635
10010.577352480 39.388185666 8.152447138 0.743201067 -0.631838998 0.691091954 0.324670446 -0.133268500
10010.610703235 39.331667608 8.179938259 0.765526856 -0.612856832 0.699828057 0.335654211 -0.148268150
10010.644044606 39.280671639 8.204949896 0.789729133 -0.592813130 0.706823525 0.349801199 -0.163132520
10010.677414850 39.247355031 8.225040872 0.811839942 -0.576830374 0.711496543 0.362425824 -0.172298898
10010.710750273 39.203109095 8.251061601 0.846050196 -0.551433733 0.717902726 0.383526239 -0.182877386
10010.744125821 39.159634798 8.273336848 0.880822554 -0.524526110 0.723470116 0.405764984 -0.191880509
10010.777492265 39.133596069 8.291455371 0.911606948 -0.506070773 0.726488984 0.420119437 -0.199012028
10010.810857502 39.097508102 8.313879881 0.954046576 -0.482904965 0.728557186 0.437187624 -0.211835321
10010.844233019 39.061896487 8.335453342 1.000118547 -0.463924411 0.726944823 0.450490530 -0.231049016
10010.877604435 39.039840607 8.348785270 1.031489367 -0.455064784 0.723234482 0.456663813 -0.247600664
10010.910975689 39.005149268 8.365839869 1.073245513 -0.448221076 0.714181210 0.461912065 -0.275100546
10010.944365302 38.969553836 8.382256358 1.113727811 -0.445706388 0.700889933 0.465364933 -0.305834265
10010.977685304 38.949747914 8.392737880 1.139443006 -0.444081166 0.691083109 0.468523065 -0.325087977
10011.011043540 38.914891017 8.410945475 1.171207298 -0.439917170 0.677613411 0.475342462 -0.348371200
10011.044408545 38.883034603 8.429319673 1.196978509 -0.432784327 0.665126574 0.485208875 -0.367255653
10011.077758780 38.864281353 8.441041721 1.211267466 -0.426357007 0.656935516 0.493431861 -0.378391898
10011.111083129 38.840794342 8.457623772 1.227405604 -0.416215745 0.644770140 0.506196231 -0.393447959
10011.144426258 38.817857114 8.474586582 1.237844220 -0.405985009 0.631160448 0.519384773 -0.408720099
10011.177766203 38.799253413 8.485939858 1.240165784 -0.399680180 0.620885861 0.528121336 -0.419337997
10011.211114964 38.775175383 8.502360765 1.239832566 -0.391793677 0.604914574 0.539918036 -0.434815578
10011.244466104 38.748177269 8.519639905 1.234451828 -0.385354987 0.587827535 0.550837739 -0.450042339
10011.277826524 38.730228266 8.528866809 1.229170132 -0.381172730 0.576306041 0.557753508 -0.459880116
10011.311225831 38.703741926 8.545904937 1.222892855 -0.373009585 0.560910455 0.568397738 -0.472405888
10011.344569623 38.674545098 8.565658501 1.218453150 -0.360311220 0.552068568 0.579533502 -0.479100241
10011.377924598 38.652747386 8.580403505 1.216047691 -0.348090887 0.549650720 0.587849415 -0.480780495
10011.411281762 38.621853520 8.602977830 1.217115553 -0.327687383 0.549786316 0.599605032 -0.480447491
10011.444660345 38.591958288 8.625554446 1.220643464 -0.309278613 0.549936561 0.608915244 -0.480768908
10011.478025153 38.569137619 8.640866702 1.226073329 -0.300369834 0.547748868 0.613181546 -0.483484780
10011.511383281 38.528747195 8.657934995 1.229824740 -0.295442453 0.540877376 0.615621427 -0.491096405
10011.544746758 38.490390413 8.673121928 1.239387266 0.299317986 -0.528638008 -0.614470714 0.503365018
10011.578105053 38.460849859 8.682151956 1.245870148 0.305856158 -0.518051132 -0.612076778 0.513261194
10011.611471590 38.413914471 8.694605267 1.255295084 0.317874346 -0.501982853 -0.607393118 0.527297559
10011.644832006 38.361716909 8.706540069 1.262402571 0.330952393 -0.486357409 -0.602148518 0.539763047
10011.678207297 38.326836778 8.713842959 1.266537026 0.339061290 -0.477307247 -0.598863321 0.546422873
10011.711525904 38.267534216 8.726748450 1.270929127 0.351263165 -0.464388542 -0.593858466 0.555238321
10011.744895011 38.206612391 8.736934873 1.273717133 0.365171180 -0.450780652 -0.587940986 0.563712879
10011.778256756 38.161850880 8.742894422 1.276001805 0.376678210 -0.440165523 -0.582658002 0.569980254
10011.811616359 38.095738439 8.750554101 1.278546620 0.395845426 -0.422734183 -0.573112629 0.579779374
10011.844982062 38.019819245 8.761097657 1.280140382 0.417975825 -0.402272810 -0.560707917 0.590829441
10011.878349144 37.969853375 8.767750608 1.281537793 0.432958211 -0.388096496 -0.551201591 0.598418836
10011.911709753 37.889151080 8.777949736 1.283608670 0.457870809 -0.363370681 -0.533733836 0.611100861
10011.945110886 37.814629143 8.787145143 1.287034300 0.481678206 -0.338163332 -0.514695888 0.623473984
10011.978469043 37.763480159 8.795732808 1.289284445 0.496853967 -0.321002618 -0.501481371 0.631355597
10012.011839207 37.689070875 8.805921817 1.292654552 0.518085831 -0.295877332 -0.481303563 0.642176422
10012.045192642 37.615489902 8.818040198 1.296371055 0.535913632 -0.274149968 -0.463147986 0.650486215
10012.078560536 37.565110748 8.825789340 1.298277010 0.545752894 -0.262546542 -0.452615535 0.654493904
10012.111930029 37.494986495 8.837154130 1.299059779 0.556001478 -0.251832135 -0.441246464 0.657833178
10012.145301123 37.423814203 8.851101253 1.297411912 0.561571461 -0.248779846 -0.434770890 0.658574488
10012.178660027 37.376098688 8.863175235 1.295828385 0.562655112 -0.251028117 -0.433185113 0.657840990
10012.212021849 37.300685512 8.885074990 1.290568129 0.560440617 -0.260463462 -0.434279444 0.655336909
10012.245394999 37.234246879 8.908909394 1.283443057 0.554762259 -0.274390696 -0.438911036 0.651387507
10012.278769887 37.190747162 8.927265025 1.277628681 0.549826007 -0.285119109 -0.443076864 0.648136828
10012.312120219 37.128460387 8.955802862 1.268300555 0.542746745 -0.300049867 -0.448421719 0.643672284
10012.345476866 37.068559443 8.984864811 1.258438476 0.537489990 -0.311475558 -0.452104891 0.640069258
10012.378819958 37.025251253 9.005760377 1.250717482 0.535302321 -0.317347163 -0.453476681 0.638044750
10012.412189014 36.972720904 9.035573689 1.239217031 0.533175181 -0.323192418 -0.454326645 0.636284675
10012.445552244 36.908198054 9.072357087 1.225092609 0.530781288 -0.328835570 -0.455981332 0.634207708
10012.478907921 36.866175786 9.097225463 1.215730628 0.527983402 -0.333694209 -0.458424291 0.632241150
10012.512269963 36.805492962 9.138149409 1.201642230 0.520894718 -0.344269764 -0.465006664 0.627627139
10012.545638060 36.743078477 9.183279404 1.190902779 0.509837209 -0.359575801 -0.475318964 0.620357273
10012.579001757 36.708795633 9.213063248 1.185782314 0.500668153 -0.372073013 -0.483630000 0.613999263
10012.612359666 36.652446065 9.265614561 1.182246261 0.481935652 -0.397323867 -0.499328553 0.600452137
10012.645729418 36.624168433 9.316407300 1.183585269 0.459482749 -0.425463521 -0.516604542 0.583931625
10012.679121363 36.593211455 9.354687110 1.187381065 0.441458403 -0.447427564 -0.529435627 0.569755184
10012.712458266 36.557138494 9.411971115 1.195805915 0.412931257 -0.479644571 -0.548264410 0.546658026
10012.745825422 36.514070495 9.473996014 1.205707348 0.381521684 -0.512724998 -0.567228808 0.519428302
10012.779196609 36.496371775 9.513680147 1.211108048 -0.359056390 0.534574580 0.579789768 -0.499151632
10012.812543632 36.509685341 9.565376338 1.220293739 -0.325779831 0.563683519 0.597259598 -0.468411533
10012.845921412 36.499142271 9.618026063 1.225758211 -0.292347638 0.590662176 0.613159496 -0.435530119
10012.879291482 36.497693155 9.651598340 1.228404213 -0.269692443 0.607313807 0.623263848 -0.412284007
10012.912646417 36.494860743 9.699256392 1.229250023 -0.237497515 0.629003214 0.636775397 -0.377447984
10012.946021810 36.492273716 9.743130017 1.227032434 -0.207554955 0.646987344 0.648497631 -0.343189655
10012.979352868 36.490968330 9.772318270 1.224288024 -0.187269099 0.657835265 0.656022416 -0.319088763
10013.012715590 36.490639189 9.811134647 1.218720845 -0.158308073 0.671481424 0.665986469 -0.283748611
10013.046102673 36.527449794 9.832024184 1.216883687 -0.126658798 0.683068645 0.675756210 -0.246431167
10013.079465867 36.541596361 9.848292080 1.214026868 -0.103593100 0.690356015 0.681593154 -0.219334937
10013.112835316 36.558664568 9.872069726 1.211879528 -0.065637533 0.699992902 0.689043007 -0.175844777
10013.146209080 36.579412709 9.891505290 1.212886336 -0.021739751 0.707675456 0.694742518 -0.126710952
10013.179577463 36.592154673 9.901562708 1.214772859 0.006807994 0.710745774 0.696984271 -0.094905333
10013.212940412 36.601051268 9.917866611 1.218037151 0.049931102 0.712771001 0.698054317 -0.046739242
10013.246300785 36.609501946 9.930624360 1.221957525 0.089797358 0.711661837 0.696758352 -0.001289994
10013.279672151 36.613889198 9.937847995 1.222823026 0.112802602 0.709687455 0.694960844 0.025469881
10013.313044291 36.620081972 9.948769643 1.222450230 0.146431378 0.704764112 0.691011401 0.066095702
10013.346396384 36.623451818 9.960681061 1.219077851 0.173587397 0.699106714 0.686243106 0.100933733
10013.379758155 36.625604653 9.969590942 1.214607006 0.189820229 0.694966717 0.682527572 0.123067694
10013.413128437 36.628223741 9.987314150 1.208184506 0.209182906 0.689663491 0.676465612 0.151660996
10013.446495921 36.633589381 10.006041421 1.203394310 0.225721458 0.684918778 0.669508698 0.178028633
10013.479852873 36.637007087 10.024755142 1.200184971 0.236168287 0.682204272 0.663792891 0.195450428
10013.513225801 36.642270835 10.054760284 1.198433829 0.251604749 0.678297917 0.654046097 0.220976671
10013.546591115 36.647492673 10.089996256 1.199944727 0.269366000 0.673265881 0.642018231 0.248932928
10013.579951104 36.650745851 10.116212859 1.203429053 0.282584452 0.668869719 0.632493090 0.269651286
10013.613338401 36.655387976 10.156987611 1.212664574 0.300562234 0.662294912 0.617766880 0.298984741
10013.646692137 36.659015487 10.202223414 1.226370941 0.315878313 0.655842007 0.602490744 0.327256866
10013.680075110 36.659459991 10.236911264 1.236009534 0.322914400 0.652676188 0.592993026 0.343655866
10013.713417457 36.658319235 10.298078662 1.250890170 0.327323868 0.651186360 0.580040018 0.363825490
10013.746778857 36.656532847 10.364035719 1.264986684 0.323708926 0.654599010 0.569951389 0.376653796
10013.780144215 36.655954814 10.411902791 1.272528529 0.316830844 0.660025025 0.564304294 0.381504714
10013.813530630 36.654488844 10.487591647 1.279876838 0.302244985 0.671425616 0.557711589 0.383136263
10013.846865180 36.652998997 10.572065605 1.283908575 0.280805074 0.688112672 0.551360450 0.379013344
10013.880230958 36.650821942 10.627405216 1.282868928 0.264942062 0.700540574 0.546889688 0.374112654
10013.913614747 36.651877316 10.710546153 1.279000642 0.241897616 0.719140956 0.539419522 0.365169013
10013.946963410 36.650308851 10.792476907 1.267793295 0.219536764 0.737769403 0.530056041 0.355725332
10013.980327443 36.649657146 10.850452246 1.256181979 0.205153511 0.750350229 0.522230618 0.349516456
10014.013703544 36.648174420 10.928695034 1.235181515 0.187152605 0.767168664 0.509669504 0.341559864
10014.047061027 36.647062710 11.011839287 1.210604160 0.171767966 0.782957792 0.495038684 0.335275355
10014.080425039 36.647854313 11.068555574 1.192545141 0.163413780 0.792688008 0.484311711 0.332240613
10014.113840303 36.647594217 11.145291406 1.166343282 0.154355720 0.804897899 0.468376578 0.330056154
10014.147167188 36.648317522 11.223923407 1.137041109 0.149169725 0.815280854 0.450464517 0.331884381
10014.180533623 36.649783822 11.275114496 1.118959983 0.148496211 0.820414743 0.438275169 0.335832400
10014.213922669 36.649935656 11.344490262 1.091464148 0.150372459 0.825984639 0.419325111 0.345404041
10014.247275906 36.652876827 11.410752474 1.066026914 0.154904500 0.829155749 0.400601931 0.357803622
10014.280637628 36.656596251 11.462322423 1.048532044 0.158587209 0.830770464 0.387135574 0.367146538
10014.314073981 36.660571537 11.519960269 1.022739467 0.162036419 0.833324567 0.370219870 0.377162582
10014.347380442 36.666850167 11.581775137 0.995754529 0.163048832 0.837568966 0.354708072 0.382198233
10014.380744157 36.673249663 11.628047835 0.977289367 0.162237723 0.841707451 0.345346198 0.382025513
10014.414162810 36.679626866 11.681961295 0.950424008 0.159034735 0.848881925 0.334442574 0.377167862
10014.447474354 36.690244635 11.741000431 0.923638165 0.155483106 0.856694533 0.325377437 0.368821101
10014.480835417 36.703291964 11.801060818 0.897426273 0.153065285 0.863379805 0.317895204 0.360678487
10014.514230725 36.712703029 11.836206529 0.881420136 0.153062519 0.866231061 0.313910428 0.357317586
10014.547569765 36.726684197 11.890615969 0.858775074 0.155824417 0.867802271 0.308673720 0.356873233
10014.580936972 36.744995829 11.943468078 0.840591656 0.161901240 0.865897824 0.305078317 0.361851031
10014.614342172 36.758929922 11.979824178 0.830519965 0.167530691 0.862945232 0.303301948 0.367786517
10014.647688238 36.773574756 12.042765892 0.814950605 0.176288651 0.857457823 0.301964532 0.377499424
10014.681070182 36.792200772 12.095338340 0.806048681 0.184675344 0.851888740 0.303070158 0.385135134
10014.714434261 36.804939974 12.131177443 0.802487544 0.189643142 0.848546790 0.305237779 0.388373173
10014.747768865 36.823114362 12.186788301 0.799160719 0.196102422 0.844341425 0.310674702 0.390016188
10014.781132971 36.837807299 12.238457283 0.801627365 0.200478977 0.841653665 0.318218581 0.387510288
10014.814520401 36.847953076 12.273502446 0.805860996 0.202555866 0.840576468 0.324565062 0.383483823
10014.847869828 36.860483408 12.323735490 0.815607834 0.203910730 0.840117067 0.334653895 0.375007331
10014.881237164 36.870326477 12.374246779 0.828778282 0.203610638 0.840703073 0.345817349 0.363553864
10014.914621951 36.876246010 12.407879170 0.838786718 0.202558778 0.841368827 0.353796115 0.354819318
10014.947967835 36.885544195 12.460813098 0.851759816 0.200436216 0.842460962 0.365145350 0.341692440
10014.981327703 36.895195369 12.515209837 0.865322803 0.197991157 0.843250336 0.376287507 0.328840516
10015.014723904 36.901789788 12.557434204 0.873057543 0.196352367 0.843338643 0.383750424 0.320875823
10015.048069466 36.909879636 12.616696437 0.882694717 0.194136206 0.842574413 0.394463106 0.311092189
10015.081427155 36.917147668 12.675666093 0.890504421 0.192799435 0.840677551 0.404339081 0.304301726
10015.114804250 36.922672991 12.721618561 0.893825797 0.192436548 0.838731838 0.410803296 0.301227044
10015.148162892 36.926928736 12.780012088 0.900463584 0.192433352 0.835169184 0.419651750 0.298921808
10015.181535215 36.931888853 12.842850504 0.907677086 0.193083060 0.831018364 0.427962011 0.298288331
10015.214914679 36.933047621 12.882718380 0.913896876 0.193390415 0.828015600 0.433715475 0.298129501
10015.248262602 36.933445854 12.943274296 0.924901125 0.193339236 0.823723113 0.442312285 0.297422285
10015.281626854 36.932006221 13.001110252 0.934668804 0.192372282 0.819967319 0.450531117 0.296088184
10015.315067956 36.930269689 13.041621446 0.943244814 0.191477603 0.817449965 0.456242856 0.294880211
10015.348369338 36.926338355 13.097503688 0.955466986 0.189984705 0.813889643 0.464157842 0.293337618
10015.381738780 36.921676367 13.156737641 0.968321964 0.187582819 0.810813607 0.472115562 0.290690347
10015.415115446 36.918484927 13.194967491 0.975891117 0.185011048 0.809502903 0.477127569 0.287793755
10015.448477515 36.912938045 13.263184303 0.989752849 0.179133816 0.808367345 0.485433332 0.280727255
10015.481850831 36.907124738 13.323466165 1.001757450 0.172368233 0.807990303 0.492921471 0.272890613
10015.515224014 36.903569805 13.368568738 1.009741758 0.167863470 0.807643695 0.497793074 0.267834972
10015.548588123 36.897484713 13.429958536 1.019960960 0.161953272 0.806816601 0.504327513 0.261671299
10015.581974478 36.889915751 13.492613046 1.027693874 0.156360520 0.805662043 0.510485628 0.256640770
10015.615323851 36.884302299 13.535475414 1.031871066 0.152522295 0.804938384 0.514353514 0.253479015
10015.648676308 36.875689829 13.597011081 1.036561509 0.146241784 0.804289042 0.519701787 0.248279138
10015.682071333 36.867064745 13.660962135 1.040139661 0.138398431 0.804303726 0.524967249 0.241559057
10015.715420219 36.860487593 13.704941082 1.041749679 0.131810481 0.804740904 0.528568176 0.235868096
10015.748785066 36.850472324 13.772609531 1.044628251 0.120983972 0.805753712 0.533745747 0.226361021
10015.782157419 36.838016960 13.840661249 1.047430469 0.108348663 0.807105896 0.538903727 0.215460930
10015.815532623 36.828892905 13.888068314 1.049849104 0.098887812 0.808229806 0.542261990 0.207214178
10015.848901232 36.813983165 13.954465541 1.053886172 0.084065501 0.809937784 0.546919295 0.194455812
10015.882259850 36.797869917 14.021543958 1.058956423 0.068378749 0.811645783 0.551155746 0.181060249
10015.915620531 36.786337562 14.069403709 1.062960501 0.057351986 0.812794358 0.553721855 0.171663008
10015.948980145 36.767373722 14.139046705 1.069279800 0.040853592 0.814271050 0.557153281 0.157714496
10015.982353800 36.747922813 14.207032678 1.076263283 0.025137473 0.815475157 0.559953872 0.144291505
10016.015721669 36.732836264 14.253055950 1.080390564 0.013740103 0.816362247 0.561506373 0.134441378
10016.049092313 36.710179762 14.318049476 1.086825886 -0.003538913 0.817508621 0.563481235 0.118979111
10016.082459181 36.686543035 14.382860680 1.092815927 -0.022161622 0.818539660 0.564932842 0.101747589
10016.115828089 36.669631751 14.428561452 1.096344097 -0.035875736 0.819088202 0.565622931 0.088758934
10016.149188467 36.642491829 14.495130967 1.099854113 -0.057155403 0.819223393 0.566478641 0.068616624
10016.182551893 36.615667932 14.559874229 1.101760190 -0.077575528 0.818477762 0.567144778 0.049223890
10016.215918741 36.597331951 14.602082829 1.103108288 -0.090818547 0.817392618 0.567689379 0.036743271
10016.249283382 36.568309788 14.664027095 1.104704181 -0.109911471 0.814877801 0.568798171 0.019033616
10016.282650106 36.538391753 14.722387194 1.106614210 -0.127375776 0.811349005 0.570505754 0.003374662
10016.316023096 36.519634749 14.756465886 1.108355851 -0.137285633 0.808764572 0.571860103 -0.005342654
10016.349388125 36.487712863 14.811277353 1.112092505 -0.152766285 0.804013751 0.574345379 -0.018754636
10016.382773890 36.456874150 14.862928932 1.116546664 -0.166868505 0.799153454 0.576673521 -0.030924262
10016.416115567 36.436164048 14.898540946 1.120316436 -0.176414111 0.795714119 0.578075980 -0.039309841
10016.449486189 36.402701269 14.948891566 1.126680601 -0.192468636 0.789918171 0.579784486 -0.053245250
10016.482848129 36.367900402 14.999016640 1.132246822 -0.209864144 0.783511839 0.580850870 -0.068399603
10016.516221876 36.344446395 15.032429556 1.135815768 -0.221787762 0.778899676 0.581303373 -0.078815428
10016.549577717 36.308062882 15.080008991 1.141879452 -0.240230971 0.771432875 0.581521924 -0.094934983
10016.582948600 36.270548574 15.127052000 1.145343168 -0.258729721 0.763403398 0.581326627 -0.111056458
10016.616304095 36.244437838 15.158301023 1.146791852 -0.270721080 0.757671635 0.581298129 -0.121393060
10016.649676993 36.206652967 15.207428913 1.147313927 -0.286326479 0.749590659 0.581422574 -0.134457357
10016.683078127 36.169235670 15.253528125 1.145688548 -0.299411231 0.741860418 0.582195784 -0.145065865
10016.716410522 36.143002649 15.284535596 1.144118528 -0.307560022 0.736599651 0.583014194 -0.151400917
10016.749771707 36.104740740 15.330081690 1.140546318 -0.318818088 0.729142949 0.584019538 -0.160083624
10016.783138071 36.065238555 15.376657258 1.135814677 -0.330658912 0.721471995 0.584324143 -0.169434770
10016.816503255 36.036259959 15.408821441 1.132326358 -0.339644735 0.715763703 0.584044976 -0.176678356
10016.849873078 35.992040090 15.457541068 1.126669273 -0.353781626 0.707031279 0.582763976 -0.187966698
10016.883248093 35.947409268 15.505043515 1.121442760 -0.368469850 0.698101264 0.580503549 -0.199750403
10016.916606706 35.913829756 15.537259518 1.118570171 -0.379505053 0.691423520 0.578256709 -0.208635112
10016.949973698 35.861320017 15.584067296 1.115345249 -0.396647949 0.680706363 0.574249672 -0.222590579
10016.983360432 35.804825878 15.627121022 1.113694877 -0.414901168 0.669106851 0.568872926 -0.237774343
10017.016712317 35.766652102 15.651604457 1.113934132 -0.427283475 0.660869886 0.564765689 -0.248434180
10017.050064269 35.705044231 15.689512789 1.115409164 -0.446692003 0.647349199 0.557481157 -0.265744293
10017.083449569 35.642632120 15.719920446 1.119426123 -0.465793524 0.633188579 0.549356007 -0.283401824
10017.116818641 35.600517638 15.739764392 1.122533848 -0.478071253 0.623445917 0.543629610 -0.295347104
10017.150178616 35.534603541 15.769814727 1.126804102 -0.496138337 0.607975925 0.534632690 -0.313655721
10017.183545989 35.469435905 15.795369479 1.130180287 -0.512372789 0.592402163 0.526118348 -0.331260149
10017.216906750 35.425694180 15.810569389 1.132331980 -0.522015911 0.581867495 0.521129425 -0.342569305
10017.250270214 35.363928733 15.830231633 1.134559911 -0.533176404 0.567547911 0.515804844 -0.357152145
10017.283645876 35.306528715 15.845503839 1.136884074 -0.541084257 0.554606271 0.512944186 -0.369496918
10017.317017487 35.263045728 15.858392413 1.137527443 -0.545015414 0.545529992 0.512563304 -0.377669282
10017.350381882 35.206693839 15.868888166 1.140224325 0.547638783 -0.534078184 -0.514691520 0.387227188
10017.383738804 35.150182166 15.876339489 1.142107933 0.547846071 -0.523124967 -0.519260672 0.395693451
10017.417101931 35.113900295 15.882286922 1.143649382 0.546581764 -0.516497704 -0.523405165 0.400656373
10017.450478105 35.059160022 15.888007252 1.146184116 0.543806282 -0.506295607 -0.530381793 0.408209064
10017.483848014 35.004457278 15.895745053 1.150114810 0.540896538 -0.495433000 -0.536895276 0.416797961
10017.517210802 34.968306359 15.896553400 1.154869580 -0.540092755 0.486662955 0.540220859 -0.423816478
10017.550584149 34.915235735 15.897940150 1.161666709 0.542437545 -0.470529545 -0.541591927 0.437083106
10017.583946661 34.865493437 15.898884699 1.168153295 0.550694983 -0.449448416 -0.537252109 0.453972828
10017.617308078 34.832611510 15.894573798 1.173292216 0.561141171 -0.430034825 -0.529642072 0.468689568
10017.650674856 34.788076957 15.883880020 1.179295731 0.583382914 -0.394521662 -0.510440889 0.493423887
10017.684052516 34.747033493 15.867049210 1.185061973 0.613431246 -0.348479025 -0.480083622 0.521329256
10017.717394266 34.719606900 15.850938643 1.188489893 0.638562188 -0.308073364 -0.450727820 0.542377698
10017.750762055 34.683648786 15.828593246 1.189643254 0.673286178 -0.245858432 -0.402835030 0.569177734
10017.784141557 34.653674610 15.804879831 1.190384653 0.702657493 -0.183219412 -0.352509791 0.590288016
10017.817531496 34.634631933 15.788406751 1.190434863 0.719266978 -0.140979536 -0.317519973 0.601631824
10017.850899691 34.607406012 15.768835151 1.188760824 0.736779014 -0.086048627 -0.270671597 0.613587162
10017.884240461 34.579945415 15.749621908 1.187246330 0.747780996 -0.038325056 -0.228576106 0.622179826
10017.917621282 34.563105413 15.737112144 1.186577537 0.752141849 -0.011193340 -0.203919148 0.626557523
10017.950982343 34.538242526 15.719759325 1.184189401 0.756066541 0.026942366 -0.168048724 0.631978734
10017.984340399 34.518072546 15.703334172 1.181710220 0.757780750 0.063882906 -0.132070250 0.635802453
10018.017702114 34.507376432 15.692743962 1.180279058 0.758042278 0.091207614 -0.104918807 0.637216698
10018.051070716 34.497249070 15.680125351 1.178919976 0.756639811 0.132023637 -0.063656290 0.637192147
10018.084444182 34.493858031 15.668692171 1.178815699 0.752819996 0.174281147 -0.019784538 0.634426282
10018.117811503 34.493877684 15.664111047 1.179242628 0.748987621 0.201200135 0.008812877 0.631235599
10018.151184834 34.499080435 15.658326501 1.181787894 0.741472762 0.239532575 0.050870582 0.624703508
10018.184545374 34.509050784 15.650899878 1.185374185 0.732456157 0.273481130 0.089202548 0.617056687
10018.217911996 34.517901475 15.649678696 1.184520010 0.725510538 0.294989017 0.114342945 0.611180522
10018.251265478 34.531083283 15.649845927 1.182771447 0.714894936 0.323068396 0.147963049 0.602211738
10018.284637019 34.547390255 15.650735341 1.177701739 0.703913619 0.347729750 0.178587589 0.593039721
10018.318003854 34.558853912 15.653176743 1.175166489 0.696558267 0.362284532 0.197565441 0.586962005
10018.351367786 34.577618936 15.655940396 1.170126755 0.686235237 0.380816384 0.222412040 0.578440114
10018.384731467 34.600917583 15.659811216 1.166227878 0.675850383 0.398044171 0.246455848 0.569250923
10018.418105383 34.617570816 15.665667449 1.163928291 0.668140403 0.409803340 0.263182897 0.562480566
10018.451465826 34.644806415 15.670586913 1.163953656 0.656203938 0.427287771 0.287999736 0.551251036
10018.484835587 34.675035401 15.684304324 1.161001269 0.643374319 0.444199895 0.311994627 0.539828946
10018.518207018 34.698340680 15.692995229 1.159253250 0.633988676 0.455699100 0.328220450 0.531665332
10018.551587024 34.728780612 15.706451261 1.155232161 0.620816874 0.470194447 0.349332766 0.521028031
10018.584934501 34.762278051 15.721152925 1.150756918 0.607566906 0.483048354 0.368894366 0.511315645
10018.618295729 34.796342044 15.736120812 1.145784054 0.594960370 0.493768440 0.385879206 0.503301226
10018.651667531 34.819441856 15.747379709 1.143014342 0.586725655 0.500041719 0.396201868 0.498733762
10018.685047366 34.853004638 15.764079401 1.139827852 0.575480293 0.507683860 0.409279666 0.493527796
10018.718420892 34.886621739 15.779430841 1.137153605 0.564441142 0.514431630 0.421156835 0.489278260
10018.751786754 34.910963295 15.789807596 1.136415234 0.556825894 0.518820251 0.428793202 0.486730789
10018.785138447 34.944718655 15.807408523 1.137451184 0.545327698 0.524833295 0.439389518 0.483843535
10018.818496680 34.979032209 15.826123901 1.140789291 0.534196376 0.530057784 0.448815722 0.481910185
10018.851862912 35.001661452 15.839879202 1.144228116 0.525960479 0.533564335 0.455303802 0.481012602
10018.885232843 35.032685246 15.857272555 1.149073385 0.513446487 0.539018812 0.464454944 0.479700979
10018.918599218 35.063557722 15.873832934 1.154808350 0.500189944 0.544323910 0.473417431 0.478954525
10018.951959167 35.082934348 15.885219653 1.159575976 0.491151471 0.547879237 0.479052250 0.478651768
10018.985326378 35.114439284 15.901010824 1.166567822 0.476581475 0.553286996 0.487549079 0.478580707
10019.018691303 35.144051412 15.914203290 1.172162827 0.463309095 0.557718207 0.494797921 0.479030376
10019.052062512 35.165402506 15.921849097 1.174724097 0.454924467 0.560299365 0.499032166 0.479661598
10019.085424691 35.196435478 15.932523401 1.177206329 0.443030369 0.563547341 0.504899714 0.480847966
10019.118791008 35.227679928 15.944275841 1.178780075 0.429868548 0.567578475 0.511394124 0.481189937
10019.152157513 35.249783824 15.951175763 1.177869238 0.421045536 0.570967044 0.515567867 0.480527904
10019.185524495 35.286197289 15.961151765 1.174845124 0.406750494 0.577388822 0.522390441 0.477791179
10019.218881101 35.320899966 15.970219989 1.171247305 0.391845561 0.584958937 0.529401561 0.473301264
10019.252248279 35.345996387 15.978419836 1.167837513 0.381136158 0.590784004 0.534111788 0.469504087
10019.285627226 35.380521811 15.989966347 1.164591140 0.367015267 0.598562896 0.540039907 0.464089595
10019.319009252 35.419801662 16.003037502 1.162129998 0.351848572 0.607138524 0.546142285 0.457508469
10019.352347930 35.445155896 16.013346769 1.161291195 0.341961577 0.613026362 0.549916564 0.452606598
10019.385719054 35.484650761 16.030978614 1.162473542 0.326635692 0.622359453 0.555555889 0.444224594
10019.419080837 35.522540683 16.051234392 1.164438960 0.311239282 0.631935558 0.560870995 0.434984237
10019.452447148 35.547595940 16.066790476 1.166177209 0.300558229 0.638729678 0.564319812 0.428056421
10019.485814895 35.582774502 16.090669009 1.169487583 0.285703414 0.648128775 0.568822572 0.418023362
10019.519170057 35.620553681 16.118820309 1.173581927 0.270382194 0.657840510 0.573085602 0.407077666
10019.552532192 35.644639412 16.139419217 1.174823627 0.260097968 0.664404403 0.575701231 0.399354389
10019.585908777 35.680013886 16.170501716 1.175173232 0.245405420 0.673733004 0.579069785 0.387992531
10019.619272175 35.713513998 16.203832346 1.174569226 0.230755987 0.682759345 0.582153203 0.376415993
10019.652653652 35.737085172 16.228974737 1.172946035 0.220750861 0.688752723 0.584077771 0.368431678
10019.686029616 35.769342743 16.264981323 1.170375157 0.207272603 0.696508892 0.586457902 0.357743709
10019.719379821 35.804572137 16.306630057 1.166666357 0.193553309 0.704002345 0.588884287 0.346602238
10019.752746166 35.826527574 16.334028826 1.164314873 0.185290088 0.708286552 0.590365925 0.339802616
10019.786110893 35.857875358 16.377928027 1.160786607 0.172206624 0.714694799 0.592832143 0.328795183
10019.819475030 35.888918646 16.424624384 1.157014315 0.158371972 0.721142616 0.595571018 0.316491404
10019.852841774 35.907074976 16.455921486 1.155245818 0.148518149 0.725555058 0.597515797 0.307387524
10019.886198320 35.929538855 16.504626760 1.154176934 0.131144640 0.732885794 0.600847749 0.290966458
10019.919567760 35.949890386 16.554395476 1.154181474 0.111884522 0.740387907 0.604238843 0.272402315
10019.952940733 35.960650165 16.589096918 1.154673981 0.096931244 0.745578885 0.606633250 0.258287745
10019.986293516 35.978492339 16.641149680 1.155696676 0.074592238 0.752422598 0.609952031 0.237180843
10020.019662222 35.994217122 16.694628599 1.156758764 0.051983304 0.758096042 0.613009043 0.216351660
10020.053038652 36.002207205 16.727387459 1.157150221 0.038958011 0.760733690 0.614746392 0.204581037
10020.086399783 36.012996780 16.781616484 1.158140339 0.019407768 0.763769586 0.617420017 0.187274879
10020.119761876 36.021465234 16.832942163 1.158686346 0.003448262 0.765206704 0.619924089 0.173611443
10020.153137053 36.028382653 16.868824717 1.158709451 -0.006373843 0.765650501 0.621661664 0.165152837
10020.186498461 36.034772835 16.921022322 1.158024728 -0.019812762 0.765487090 0.624412565 0.154097107
10020.219865483 36.039858523 16.975172348 1.156100156 -0.033476662 0.764763303 0.627362316 0.142943793
10020.253222497 36.041725971 17.009009004 1.153967870 -0.042408390 0.764168323 0.629193747 0.135512109
10020.286579476 36.041363642 17.065499575 1.148697570 -0.059514753 0.763008764 0.632126246 0.121210684
10020.319947230 36.042076391 17.121590359 1.141820732 -0.078937940 0.761813855 0.634426117 0.104460298
10020.353322365 36.039133514 17.158898417 1.136530208 -0.094101199 0.760809337 0.635604334 0.091220874
10020.386686254 36.032405867 17.216767627 1.126710865 -0.121206537 0.758857637 0.636332123 0.067271769
10020.420042037 36.019471501 17.272834266 1.116393655 -0.152337614 0.756002792 0.635375279 0.039386354
10020.453420844 36.008325545 17.309291320 1.110829553 -0.174701574 0.753349538 0.633702741 0.019096318
10020.486781560 35.986772503 17.362091206 1.103010971 -0.211489785 0.747904540 0.629038796 -0.014868162
10020.520149548 35.960622023 17.411223743 1.098050325 -0.249444508 0.740565063 0.621907745 -0.050710759
10020.553539548 35.938987765 17.443709409 1.096197765 -0.276919888 0.734072705 0.615181866 -0.077484909
10020.586873116 35.902215665 17.487672630 1.094607781 -0.318535786 0.722163994 0.602350618 -0.119112772
10020.620235481 35.861864023 17.527147267 1.095039025 -0.359839421 0.707390383 0.586493128 -0.161679459
10020.653626410 35.834499099 17.553006471 1.095167814 -0.387681349 0.695342477 0.574092997 -0.191361547
10020.686991410 35.783676966 17.583104409 1.096713772 -0.425864077 0.675571224 0.555074805 -0.232669874
10020.720343518 35.735360487 17.615668351 1.097319262 -0.460148269 0.653908559 0.535981141 -0.270908440
10020.753733518 35.702173764 17.635780606 1.097310998 -0.479170427 0.639807146 0.524827456 -0.292572483
10020.787074518 35.654623709 17.668341439 1.095099594 -0.501758782 0.620272046 0.511292546 -0.319500620
10020.820441518 35.604167887 17.700259564 1.093600278 -0.517992067 0.603139261 0.502345594 -0.339935515
10020.853839492 35.567115909 17.720312920 1.092174018 -0.526611113 0.592413769 0.498076937 -0.351633368
10020.887177535 35.515028284 17.747164700 1.089150754 -0.537574072 0.577282641 0.492954655 -0.367089332
10020.920549751 35.459007461 17.769444359 1.088693724 -0.548919042 0.560887250 0.487378204 -0.382826154
10020.953947097 35.421156558 17.783100665 1.089540339 0.557265460 -0.548827376 -0.482754068 0.393944448
10020.987285887 35.366917974 17.797497823 1.091689948 0.570226243 -0.530137698 -0.474589118 0.410562080
10021.020660438 35.313428282 17.810154888 1.096069150 0.584502168 -0.509586188 -0.464300986 0.427906213
10021.054067144 35.277264376 17.818319047 1.099054135 0.594786344 -0.494278014 -0.456161006 0.440267631
10021.087400051 35.225688797 17.828601233 1.104893288 0.608993860 -0.471441203 -0.444134116 0.457836825
10021.120766654 35.178026492 17.837774876 1.111382100 0.620750381 -0.450504978 -0.433519475 0.473048722
10021.154167646 35.146306454 17.845079905 1.115702456 0.626891559 -0.437661338 -0.427903580 0.482035323
10021.187504658 35.101557275 17.856475951 1.123043112 0.632384885 -0.422748687 -0.423053215 0.492340211
10021.220866658 35.058226544 17.868960895 1.130313536 0.634219400 -0.412008751 -0.422033674 0.499902111
10021.254254658 35.028398848 17.879043708 1.134487613 0.633773033 -0.406711710 -0.422997405 0.503974724
10021.287610487 34.986588966 17.893944864 1.139590359 0.631782867 -0.400900670 -0.425623902 0.508894249
10021.320979714 34.941454462 17.910371726 1.142896971 0.629704837 -0.394784688 -0.428109713 0.514139030
10021.354364442 34.911077941 17.922065934 1.142633059 0.628959785 -0.390202353 -0.428738334 0.518010767
10021.387702825 34.868214080 17.939395905 1.140570360 0.627074691 -0.384952517 -0.430873841 0.522433369
10021.421077193 34.823371060 17.961277143 1.137967959 0.616742377 -0.389986510 -0.443229647 0.520660007
10021.454463460 34.793558903 17.980401693 1.136714864 0.598045731 -0.406480533 -0.464543808 0.511188742
10021.487799899 34.753943516 18.017024842 1.137133164 0.544923112 -0.453540770 -0.517268363 0.479367305
10021.521161111 34.725157609 18.060056597 1.138153645 -0.461682449 0.516190951 0.582308220 -0.425809058
10021.554542305 34.713168092 18.090200030 1.138896259 -0.392409247 0.558382489 0.624330685 -0.380046279
10021.587886176 34.705614447 18.133506586 1.138722055 -0.274076261 0.613837696 0.676619500 -0.300452223
10021.621251246 34.706403799 18.169224486 1.137405152 -0.159388198 0.651151295 0.707955690 -0.222252411
10021.654635393 34.708839779 18.188042485 1.136159106 -0.095270154 0.665718441 0.718264237 -0.178434975
10021.687992668 34.711860829 18.213099732 1.135124469 -0.019880626 0.677386485 0.724197755 -0.127631977
10021.721342391 34.712109367 18.234984294 1.134844597 0.022319800 0.681087562 0.724880954 -0.100842260
10021.754722778 34.710475553 18.249801446 1.135117848 0.036265510 0.681491727 0.724959557 -0.093206654
10021.788076411 34.708084573 18.270021778 1.135455974 0.043251658 0.680799348 0.725452989 -0.091430314
10021.821445181 34.707168428 18.287375974 1.134975479 0.045652820 0.679572892 0.726370739 -0.092098071
10021.854820701 34.708351765 18.296473028 1.134019304 0.048905563 0.678966216 0.726922672 -0.090534808
10021.888173766 34.713344354 18.304447590 1.131564827 0.059685862 0.678716488 0.727290514 -0.082644020
10021.921532913 34.721117594 18.306016566 1.127726399 0.080414940 0.679083185 0.726645108 -0.066078376
10021.954933979 34.729291190 18.302640047 1.124006787 0.101089017 0.679397548 0.725105255 -0.049217393
10021.988270595 34.742989485 18.291624240 1.120591689 0.138788048 0.679133416 0.720553133 -0.017856761
10022.021638989 34.758406972 18.274259778 1.115367873 0.180505117 0.677276385 0.713020232 0.017797451
10022.055047543 34.767880257 18.259203868 1.111850344 0.209942611 0.674681269 0.706266134 0.043788508
10022.088377813 34.776396749 18.235493116 1.107203728 0.248695748 0.669399420 0.695492884 0.079652311
10022.121739888 34.780964456 18.212004871 1.099489309 0.281460719 0.663180521 0.684333319 0.112513862
10022.155110789 34.786401675 18.194082963 1.096857521 0.300303028 0.658502832 0.677139499 0.132944392
10022.188471655 34.791713857 18.168185867 1.093263353 0.322017852 0.651893417 0.667732664 0.159601271
10022.221866045 34.794271581 18.144194867 1.092032717 0.337068165 0.645974362 0.660362685 0.181723142
10022.255225064 34.797840100 18.126503655 1.091750606 0.345829347 0.641857927 0.655436840 0.197035564
10022.288578009 34.802396286 18.102837044 1.093182723 0.355479298 0.636238356 0.649341122 0.217235657
10022.321950453 34.806397079 18.078821224 1.096545283 0.363642093 0.630241001 0.643232512 0.238354031
10022.355322217 34.809300813 18.064111614 1.099763261 0.367879122 0.626338383 0.639525405 0.251738829
10022.388670140 34.813947242 18.043680670 1.108105530 0.371542734 0.621016883 0.634951136 0.270427595
10022.422041277 34.825076635 18.024083842 1.118679285 0.372808501 0.615978526 0.631424930 0.287900737
10022.455409359 34.828607612 18.013083421 1.123813091 0.372354559 0.613001422 0.629317196 0.299234364
10022.488778535 34.833583527 17.999037933 1.130969136 0.369285996 0.609536342 0.627361864 0.313863654
10022.522141456 34.841331810 17.983230024 1.137483572 0.364401621 0.606437928 0.626300905 0.327401397
10022.555526613 34.849211504 17.975210795 1.140817531 0.361326297 0.604350268 0.625273997 0.336506299
10022.588874943 34.862617879 17.957908424 1.140929167 0.357380695 0.600982208 0.623797293 0.349251144
10022.622243077 34.876084632 17.940873332 1.141113230 0.354874113 0.596458467 0.621687477 0.363051432
10022.655616925 34.886699165 17.928042726 1.139986676 0.354531998 0.592547863 0.619872840 0.372762330
10022.688981190 34.903849410 17.912460615 1.141085796 0.356066693 0.585582274 0.616030208 0.388351249
10022.722347149 34.923379430 17.899304879 1.143184238 0.359100923 0.577414854 0.611365406 0.404809775
10022.755709904 34.937164179 17.889383650 1.145160454 0.361280159 0.571834360 0.608386519 0.415148112
10022.789073772 34.959256449 17.875221666 1.148757733 0.363410337 0.564831770 0.604604086 0.428196098
10022.822446686 34.983842442 17.865973191 1.154806223 0.363664728 0.559942582 0.601730203 0.438329823
10022.855816828 35.013503784 17.854486865 1.160321629 0.361716243 0.557102236 0.600162154 0.445649914
10022.889180790 35.033457719 17.849143046 1.163359298 0.359553172 0.556514330 0.599598698 0.448881631
10022.922537854 35.068151368 17.839764124 1.167980222 0.355872624 0.556506899 0.598853731 0.452801232
10022.955919241 35.103232200 17.832091637 1.173072222 0.353027223 0.556728114 0.597628790 0.456361059
10022.989267107 35.128222122 17.828443202 1.175821254 0.351859076 0.556532895 0.596425170 0.459067908
10023.022646570 35.165276788 17.822018248 1.178961506 0.351223223 0.555852367 0.594105303 0.463367330
10023.056007679 35.203201358 17.817704116 1.180132201 0.350639952 0.555166696 0.591604333 0.467809660
10023.089371338 35.228430157 17.817718874 1.179491775 0.349565435 0.555256350 0.590046953 0.470466774
10023.122751765 35.264696979 17.819896323 1.177158197 0.346454948 0.556561578 0.588355236 0.473335288
10023.156112859 35.301631176 17.824087898 1.173450205 0.342338396 0.558728245 0.586886961 0.475595275
10023.189467415 35.328220532 17.829046709 1.170478560 0.339285753 0.560551522 0.585742387 0.477046145
10023.222839483 35.368439996 17.838830576 1.166882475 0.335068522 0.563267753 0.583628035 0.479413017
10023.256202369 35.407860324 17.853901994 1.164113321 0.332727850 0.564971452 0.580359850 0.482992630
10023.289569742 35.437741843 17.862531776 1.163487961 0.332841901 0.565074261 0.577445075 0.486276191
10023.322997926 35.479805124 17.877932304 1.164574332 0.334232224 0.564597256 0.572721863 0.491435069
10023.356299695 35.525902457 17.890951510 1.167822391 0.335953914 0.564328246 0.568348022 0.495630028
10023.389663979 35.557849787 17.901849240 1.171421582 0.336593889 0.564945753 0.565660479 0.497563134
10023.423037040 35.605419720 17.917784361 1.177888231 0.336489527 0.567040171 0.562625679 0.498690874
10023.456401938 35.648811241 17.932884171 1.182799683 0.335920601 0.569396744 0.560488203 0.498796222
10023.489784539 35.682283354 17.945536572 1.188130988 0.336240926 0.570880508 0.558681923 0.498910809
10023.523149348 35.728322326 17.960949977 1.195346163 0.338181801 0.571719414 0.555907133 0.499737172
10023.556498228 35.772767150 17.974720759 1.201741854 0.341667321 0.571435063 0.552791191 0.501145997
10023.589863594 35.806384457 17.984952150 1.206393868 0.344949278 0.570825364 0.550362005 0.502264934
10023.623233211 35.853546691 18.000730812 1.210634973 0.350201330 0.569735428 0.546909062 0.503637815
10023.656594234 35.900991161 18.017230271 1.212078197 0.355123607 0.569112800 0.543912003 0.504140435
10023.689973586 35.934892901 18.030103860 1.211584139 0.358048632 0.569316720 0.542132146 0.503758261
10023.723336831 35.983696778 18.048452978 1.208770626 0.360663585 0.570959079 0.540521827 0.501760564
10023.756712504 36.036926793 18.070224670 1.203112207 0.362609783 0.573380678 0.539530650 0.498653609
10023.790070255 36.073660721 18.085689776 1.200097656 0.363678058 0.575388640 0.538927095 0.496209401
10023.823431503 36.128328512 18.109472814 1.196612244 0.365582751 0.577798484 0.538016413 0.492987325
10023.856793822 36.183559867 18.134269885 1.194816740 0.368989345 0.578855041 0.536422855 0.490942181
10023.890159155 36.221701416 18.151544206 1.195104087 0.371996998 0.578893917 0.535053870 0.490119805
10023.923529290 36.281718780 18.177948839 1.197840799 0.376917656 0.578692929 0.532914996 0.488926561
10023.956897051 36.342302030 18.205279102 1.201986559 0.381387966 0.578725560 0.531191619 0.487293966
10023.990271629 36.384217117 18.224541052 1.204986573 0.383478704 0.579582992 0.530560781 0.485317316
10024.023641925 36.443203771 18.253074638 1.209527466 0.384978613 0.581975197 0.530440919 0.481382144
10024.057018580 36.501289111 18.282785417 1.213842547 0.385478488 0.585120267 0.530918614 0.476619381
10024.090374481 36.541283470 18.303348663 1.216423060 0.385410859 0.587731022 0.531425104 0.472882727
10024.123736509 36.599450238 18.334754385 1.218430527 0.384470774 0.592284687 0.532523552 0.466690197
10024.157097679 36.661563595 18.368552337 1.216600040 0.382860661 0.597622079 0.533937193 0.459539595
10024.190468156 36.702420325 18.390913119 1.213478884 0.381579546 0.601291894 0.534896756 0.454676333
10024.223832508 36.762185381 18.423689376 1.206249711 0.379805167 0.606281391 0.536130469 0.448034631
10024.257203307 36.820997091 18.455663721 1.197036090 0.378470834 0.610623669 0.537044558 0.442133131
10024.290564332 36.859754005 18.476811335 1.190549217 0.378100559 0.612853822 0.537325050 0.439012473
10024.323947987 36.921732037 18.510308669 1.180510411 0.378782794 0.615397593 0.536916356 0.435350691
10024.357298391 36.980919563 18.541539697 1.173173804 0.380416365 0.616716090 0.535946896 0.433250018
10024.390659034 37.020637045 18.561930790 1.169613211 0.381740150 0.617421588 0.535164950 0.432045735
10024.424032380 37.080818267 18.593363007 1.167871254 0.383550963 0.618537718 0.534014116 0.430265817
10024.457407569 37.140233670 18.624034752 1.170906593 0.384608682 0.620260280 0.533230155 0.427807140
10024.490765362 37.176375980 18.642265418 1.174778043 0.384935173 0.621613623 0.532930055 0.425918974
10024.524136940 37.236446084 18.671359610 1.182676274 0.385709875 0.623693566 0.532361624 0.422877440
10024.557503100 37.292357017 18.697347743 1.190421509 0.387685972 0.624575710 0.531106217 0.421344225
10024.590869232 37.327915643 18.713704571 1.195204590 0.389646539 0.624644776 0.529899023 0.420953090
10024.624223824 37.382118664 18.738275508 1.201207752 0.393438228 0.624362194 0.527565188 0.420776881
10024.657598722 37.434180149 18.760994527 1.205464425 0.397561374 0.624120276 0.525083874 0.420363842
10024.690976569 37.468507401 18.775871590 1.206936555 0.400023975 0.624308491 0.523462847 0.419769431
10024.724328362 37.520512149 18.797859379 1.206248998 0.403491967 0.625012443 0.521164458 0.418259831
10024.757690498 37.574914483 18.819312361 1.202207839 0.407208417 0.625624807 0.518715353 0.416784462
10024.791049827 37.610885180 18.832512132 1.197735191 0.409822820 0.625901027 0.517041954 0.415885535
10024.824425842 37.667324130 18.852367896 1.188438705 0.413822438 0.626128032 0.514374993 0.414889195
10024.857805601 37.729297441 18.872530535 1.176755041 0.417711248 0.626360621 0.511787762 0.413839307
10024.891158629 37.767401720 18.883970982 1.169335001 0.419877147 0.626669906 0.510372000 0.412926666
10024.924525965 37.833459432 18.904555237 1.158125639 0.422048047 0.628292137 0.508875545 0.410085499
10024.957929071 37.897190707 18.925190189 1.150184289 0.421908352 0.631376441 0.508817014 0.405539613
10024.991256611 37.939551422 18.940046049 1.146657685 0.420410562 0.634343005 0.509604910 0.401455785
10025.024625889 38.005841701 18.964091931 1.144222687 0.416311039 0.640192350 0.511903907 0.393437751
10025.057985264 38.064716598 18.984807514 1.145685219 0.410931790 0.646273088 0.515066429 0.384932115
10025.091356682 38.107385187 19.000775383 1.148033044 0.406779934 0.650550428 0.517406776 0.378951783
10025.124724654 38.169671055 19.024602940 1.151972127 0.400119901 0.656898917 0.520911557 0.370187827
10025.158097501 38.231739998 19.049892568 1.156937567 0.394710317 0.661811223 0.523433653 0.363630145
10025.191446242 38.274529145 19.067720222 1.160503430 0.392051813 0.664326709 0.524436366 0.360460674
10025.224813087 38.335587227 19.093482379 1.165055487 0.389753695 0.666765988 0.525013269 0.357597879
10025.258191088 38.394880175 19.119035304 1.167523453 0.388683313 0.668308205 0.524782497 0.356220094
10025.291551402 38.435906688 19.136132852 1.167766939 0.388242262 0.669116864 0.524406022 0.355737112
10025.324912139 38.496682461 19.162805533 1.164541085 0.387387336 0.670468521 0.523823043 0.354982301
10025.358279919 38.558841570 19.190230096 1.158522696 0.385783226 0.672289188 0.523462170 0.353816204
10025.391636358 38.596273026 19.207218252 1.154042219 0.384507305 0.673499481 0.523380818 0.353022805
10025.425009702 38.661311935 19.234477276 1.146410592 0.382959477 0.675126620 0.522752773 0.352527479
10025.458374050 38.720246805 19.259689058 1.140128144 0.382848468 0.675757716 0.521266143 0.353638470
10025.491733109 38.759285156 19.276255706 1.136618367 0.383461136 0.675685083 0.519870526 0.355164557
10025.525102157 38.820396120 19.299853917 1.133501399 0.385107473 0.675091539 0.517364043 0.358159315
10025.558472320 38.881677754 19.322955201 1.133357182 0.386489094 0.674886426 0.514987187 0.360475644
10025.591833450 38.921294726 19.337361307 1.135330464 0.387070012 0.675021191 0.513735462 0.361384936
10025.625200425 38.981620257 19.359377121 1.140943237 0.387783420 0.675459807 0.511905447 0.362396028
10025.658565492 39.038953968 19.380031700 1.148316257 0.389215037 0.675511331 0.509806107 0.363722189
10025.691944370 39.077560930 19.392798928 1.153831626 0.390908100 0.675047076 0.508128101 0.365113867
10025.725300640 39.133196711 19.412217395 1.162675776 0.394114090 0.674079486 0.505110726 0.367633086
10025.758677179 39.191765321 19.431865726 1.171758980 0.397791956 0.673043956 0.501638628 0.370313489
10025.792038548 39.229547661 19.445050432 1.176092214 0.399865859 0.672657899 0.499499286 0.371670701
10025.825406584 39.285068444 19.462797627 1.179090861 0.402303928 0.672563249 0.496661413 0.373011617
10025.858754749 39.340467587 19.481050788 1.177507730 0.404242964 0.672867827 0.493935286 0.373984555
10025.892122265 39.386706201 19.494984649 1.173079555 0.405789342 0.673075893 0.491677989 0.374908799
10025.925490185 39.439406995 19.510189756 1.165425493 0.407622777 0.673256378 0.489019108 0.376071579
10025.958854343 39.499967139 19.526964729 1.154674968 0.409776466 0.673251752 0.485917137 0.377756354
10025.992216861 39.546189063 19.538832876 1.146207839 0.411572350 0.673071261 0.483597500 0.379099904
10026.025588962 39.608153660 19.554558536 1.135705814 0.414099761 0.672717270 0.480514480 0.380891976
10026.058952239 39.676346524 19.572179401 1.127065693 0.416748729 0.672207559 0.477480732 0.382713529
10026.092315599 39.719163458 19.583719026 1.123018229 0.417997861 0.671980703 0.476043797 0.383538820
10026.125681489 39.787401224 19.603785295 1.119399113 0.418639484 0.672535990 0.474813467 0.383390787
10026.159056399 39.849463347 19.623321769 1.119195117 0.417180923 0.674322477 0.475390844 0.381120478
10026.192413954 39.893215306 19.637902860 1.120270500 0.414822750 0.676506549 0.476863341 0.377971333
10026.225792046 39.949352328 19.657874360 1.123260967 0.410081301 0.680431231 0.479971712 0.372120710
10026.259147334 40.011458724 19.681974192 1.127964249 0.404262570 0.684974498 0.483981558 0.364888426
10026.292512796 40.053488499 19.699640881 1.132370813 0.400389670 0.687869447 0.486647868 0.360135515
10026.325904220 40.106883157 19.722580760 1.137925859 0.396516338 0.690844412 0.489425093 0.354925162
10026.359246088 40.164320626 19.745522630 1.142173947 0.393509882 0.693245798 0.491595179 0.350562999
10026.392604218 40.203072297 19.760877341 1.144112564 0.392084956 0.694464562 0.492693077 0.348198063
10026.425969659 40.261266071 19.787303477 1.145147463 0.390292112 0.696033344 0.494104148 0.345066286
10026.459332088 40.322517920 19.813629758 1.143339700 0.388947844 0.697166638 0.495330258 0.342529108
10026.492690477 40.360504020 19.830083803 1.141396908 0.388322792 0.697564637 0.496035753 0.341405210
10026.526060563 40.417781422 19.855207493 1.137959175 0.387561740 0.697783188 0.497099000 0.340275042
10026.559431871 40.481003562 19.882118913 1.133314430 0.386801216 0.697632695 0.498265081 0.339743066
10026.592803184 40.520874614 19.899081937 1.130577213 0.386130206 0.697464101 0.499135162 0.339575295
10026.626163634 40.579730772 19.927914160 1.128319551 0.383895204 0.697724573 0.501169514 0.338576447
10026.659529455 40.635325858 19.956524405 1.128669140 0.380376059 0.699017851 0.503772498 0.336007987
10026.692921991 40.671657741 19.976429683 1.131116960 0.377023503 0.700481250 0.506012196 0.333363095
10026.726251177 40.724812755 20.007040080 1.136983638 0.370573487 0.703678639 0.510062176 0.327640413
10026.759609201 40.780490724 20.039741262 1.144396782 0.362396339 0.707882224 0.514881884 0.320106695
10026.792984790 40.817434699 20.062162390 1.149752766 0.356663549 0.710799084 0.518116766 0.314818663
10026.826347121 40.872786167 20.094704069 1.156927276 0.349163513 0.714450269 0.522233234 0.308087818
10026.859708114 40.927843464 20.126005580 1.162619741 0.343220310 0.717326776 0.525328531 0.302773926
10026.893081748 40.968665079 20.148859591 1.165272225 0.339624086 0.719087035 0.527083610 0.299586691
10026.926446253 41.029214945 20.181156500 1.167763589 0.335267515 0.721281729 0.529125263 0.295592315
10026.959812195 41.085919647 20.215666039 1.168100599 0.331076558 0.723440852 0.530902142 0.291829680
10026.993189247 41.126285351 20.235202381 1.166568062 0.328813062 0.724672769 0.531893936 0.289517165
10027.026538262 41.181511155 20.269532882 1.162835319 0.324337934 0.726981729 0.533592954 0.285623929
10027.059901532 41.237156731 20.303349984 1.157202916 0.319485108 0.729377133 0.535439983 0.281500067
10027.093267012 41.276398482 20.327469215 1.152381287 0.315645179 0.731181537 0.536898971 0.278354408
10027.126627503 41.330593411 20.362266611 1.145846412 0.309886655 0.733696319 0.539128298 0.273862468
10027.159989338 41.389374322 20.401291931 1.139562332 0.303731568 0.736009828 0.541584027 0.269672782
10027.193368989 41.443219843 20.439508843 1.135841695 0.298440342 0.737523869 0.543816458 0.266937379
10027.226727691 41.479647634 20.467269339 1.135236851 0.295061455 0.738157198 0.545395528 0.265718661
10027.260086576 41.531140675 20.508150013 1.136956747 0.289840641 0.738842953 0.548012644 0.264169710
10027.293475355 41.583696610 20.552735562 1.140753068 0.282589086 0.740219646 0.551623280 0.260633922
10027.326817603 41.615328042 20.583398390 1.144108791 0.275991946 0.741883341 0.554640616 0.256537213
10027.360178494 41.662724903 20.632843960 1.149714722 0.262773761 0.745662964 0.560270249 0.247050487
10027.393563005 41.706782390 20.683122625 1.155302981 0.246247634 0.750644234 0.566633137 0.234141461
10027.426914426 41.730985072 20.717638137 1.158708850 0.233591552 0.754442126 0.571081403 0.223870713
10027.460272996 41.772094218 20.774914931 1.161883978 0.211769778 0.760820889 0.577827217 0.205963209
10027.493647912 41.810831742 20.831989829 1.161967106 0.190129570 0.766684092 0.583576693 0.188373281
10027.527001900 41.831410406 20.869934920 1.160942601 0.176288785 0.770100564 0.586839409 0.177445468
10027.560370712 41.859535483 20.930257208 1.156934910 0.155985417 0.774598489 0.590986107 0.162484313
10027.593761060 41.888347095 20.988543864 1.152311706 0.139764795 0.777787425 0.593694172 0.151788516
10027.627093669 41.913438361 21.028457187 1.148801704 0.130522612 0.779319674 0.595116895 0.146494282
10027.660460965 41.946263568 21.091314762 1.144179624 0.117524753 0.781162685 0.596908823 0.140259219
10027.693867861 41.977382558 21.151051638 1.140994570 0.106314195 0.782342879 0.598527344 0.135653710
10027.727190110 41.985219087 21.187782105 1.141458088 0.098884724 0.782880897 0.599768154 0.132655472
10027.760560204 42.010652247 21.245330374 1.142865133 0.088105731 0.783500306 0.601594651 0.128251809
10027.793984976 42.028568392 21.299088731 1.148487188 0.077351681 0.783810168 0.603662412 0.123491012
10027.827295969 42.035114616 21.334748089 1.154236211 0.069809670 0.784004232 0.605030282 0.120009717
10027.860652968 42.055285124 21.389185840 1.160507050 0.059081425 0.783993009 0.607227156 0.114627779
10027.894052788 42.077922794 21.440826280 1.165597666 0.049739031 0.783621601 0.609415667 0.109889760
10027.927389581 42.093132935 21.475488228 1.169155846 0.043915557 0.783224793 0.610854202 0.107179715
10027.960756141 42.118272495 21.527118426 1.173803611 0.037081902 0.782414824 0.612780447 0.104652275
10027.994146191 42.147481418 21.579466107 1.175646844 0.033308269 0.781309933 0.614385333 0.104766452
10028.027494294 42.161798752 21.612073882 1.176644678 0.032409992 0.780294091 0.615433519 0.106453308
10028.060854820 42.190183328 21.665557934 1.175495910 0.033704344 0.778305470 0.616939728 0.111758596
10028.094230759 42.219981250 21.716369361 1.171872860 0.037236608 0.776109498 0.618211417 0.118668132
10028.127587514 42.239600363 21.751856661 1.168615988 0.040029785 0.774486823 0.619041215 0.123918324
10028.160951289 42.271714451 21.804948822 1.162281193 0.043777387 0.772106914 0.620272325 0.131136175
10028.194337382 42.303560886 21.860945322 1.155107009 0.046146468 0.769934228 0.621564194 0.136856639
10028.227690472 42.323993539 21.898810327 1.150672453 0.046692038 0.768752721 0.622402627 0.139477877
10028.261053300 42.356350085 21.956573619 1.144374226 0.046262461 0.766996156 0.623957120 0.142317230
10028.294431086 42.388147267 22.015007784 1.141156711 0.044925226 0.765461864 0.625535804 0.144065321
10028.327793924 42.405737743 22.053312884 1.140060376 0.043896226 0.764531683 0.626571199 0.144820439
10028.361150304 42.434177594 22.109570568 1.140686328 0.042023570 0.763074749 0.628347899 0.145361155
10028.394530255 42.460182649 22.169134474 1.144352785 0.038057119 0.762262040 0.630049952 0.143336300
10028.427880964 42.474607944 22.207241766 1.147877181 0.034259824 0.762190651 0.630997856 0.140475558
10028.461243838 42.499336122 22.269373129 1.153254673 0.026159252 0.762587511 0.632429782 0.133448689
10028.494632130 42.519920374 22.329633425 1.157921339 0.017052304 0.763443453 0.633421344 0.125062840
10028.527970665 42.533271694 22.373139417 1.160637108 0.010471816 0.764175928 0.633868154 0.118897670
10028.561341345 42.553688358 22.435726906 1.161914830 0.002167234 0.765070497 0.634331197 0.110843901
10028.594718460 42.573658580 22.498926777 1.161817633 -0.004435587 0.765833362 0.634476490 0.104494833
10028.628072992 42.587204605 22.544048838 1.160503017 -0.008068836 0.766231978 0.634516164 0.101057838
10028.661435624 42.608422477 22.607332833 1.157511945 -0.011612525 0.766567800 0.634576446 0.097732752
10028.694840633 42.627647695 22.673545734 1.154833410 -0.013570978 0.766568761 0.634751310 0.096327243
10028.728170695 42.640198501 22.717128583 1.152934456 -0.014133839 0.766409537 0.634951613 0.096193065
10028.761547715 42.660507147 22.786236128 1.150959566 -0.014116927 0.765977934 0.635330140 0.097129456
10028.794922302 42.678652044 22.850868167 1.150021804 -0.013827965 0.765408043 0.635858627 0.098199396
10028.828279438 42.690570804 22.896543733 1.150653529 -0.013694074 0.765110012 0.636129221 0.098786413
10028.861633333 42.706831022 22.957703730 1.153531313 -0.013714717 0.764814291 0.636397215 0.099345817
10028.895009758 42.722512364 23.022299618 1.160580615 -0.014087571 0.764700105 0.636566733 0.099086245
10028.928370790 42.732459877 23.067182492 1.165401096 -0.014546914 0.764780657 0.636542657 0.098551411
10028.961759547 42.747519936 23.131394243 1.173129159 -0.014690287 0.764929196 0.636451716 0.097962916
10028.995113746 42.761607474 23.194207651 1.179089652 -0.014216693 0.765194232 0.636201154 0.097589773
10029.028461362 42.771035616 23.238692109 1.182112439 -0.013638111 0.765501173 0.635868412 0.097433658
10029.061834272 42.784673314 23.299340010 1.184292418 -0.012454778 0.766084127 0.635200071 0.097369697
10029.095212812 42.799457405 23.366827233 1.184641163 -0.010457722 0.766838256 0.634258066 0.097808130
10029.128564828 42.808851035 23.409218186 1.182719769 -0.008742963 0.767304233 0.633622836 0.098437171
10029.161932337 42.824203019 23.475061772 1.177516405 -0.005423837 0.767923610 0.632633089 0.100196233
10029.195298261 42.840166979 23.541975547 1.169562688 -0.001281481 0.768440302 0.631659901 0.102487217
10029.228664147 42.852095571 23.588535501 1.163084395 0.001828373 0.768698793 0.631060991 0.104215392
10029.262037617 42.869095082 23.657290368 1.153616217 0.005916721 0.769010822 0.630296525 0.106365590
10029.295405418 42.885288351 23.724036274 1.144900726 0.008622854 0.769385483 0.629688300 0.107071330
10029.328766687 42.897128692 23.775898246 1.139095833 0.009455937 0.769791751 0.629308223 0.106312769
10029.362138745 42.913754372 23.845921917 1.133899822 0.008813355 0.770313982 0.629123967 0.103642304
10029.395499260 42.929663214 23.918522659 1.131841409 0.006541829 0.771028944 0.629008939 0.099092513
10029.428853669 42.939742375 23.968433428 1.132252239 0.003982043 0.771449092 0.629122964 0.095156387
10029.462234966 42.953967026 24.039946266 1.134358014 -0.000595155 0.772126535 0.629294232 0.088368717
10029.495577584 42.966304955 24.110463940 1.137474731 -0.006004318 0.772771266 0.629493101 0.080789566
10029.528934962 42.973877268 24.159664721 1.140049474 -0.010279947 0.773177836 0.629637384 0.075147325
10029.562313454 42.983706540 24.226634219 1.143984634 -0.016476977 0.773786517 0.629689940 0.066884335
10029.595660321 42.994919692 24.294038256 1.147577163 -0.022866099 0.774389007 0.629609062 0.058234323
10029.629025438 43.000187599 24.339269825 1.148347113 -0.026982103 0.774742378 0.629491876 0.052784395
10029.662393739 43.009501920 24.414036633 1.148436054 -0.033599483 0.775216475 0.629256203 0.044126203
10029.695782263 43.018163876 24.482168923 1.146548649 -0.039509689 0.775534452 0.629017429 0.036364441
10029.729115874 43.024815227 24.530984370 1.143813266 -0.043345112 0.775645971 0.628889170 0.031510970
10029.762488023 43.034509846 24.597856014 1.139181544 -0.047645110 0.775591411 0.628901014 0.025911805
10029.795847618 43.045085344 24.671185601 1.133036969 -0.050570558 0.775324614 0.629148653 0.022053007
10029.829210420 43.052428440 24.717876684 1.129243404 -0.051402234 0.774986158 0.629538061 0.020882884
10029.862592441 43.062216912 24.787918188 1.123337734 -0.051358428 0.774266688 0.630430134 0.020766642
10029.895945146 43.071933653 24.854522193 1.119559487 -0.049587218 0.773275825 0.631720919 0.022677916
10029.929305705 43.079085557 24.900813707 1.118857182 -0.047631255 0.772506365 0.632736353 0.024695915
10029.962714961 43.086686107 24.965069656 1.119837818 -0.045116275 0.771336211 0.634243299 0.027210452
10029.996042650 43.093760585 25.030669924 1.123362146 -0.043321443 0.770382927 0.635463901 0.028618681
10030.029403499 43.099965950 25.069478262 1.127040838 -0.042547732 0.769865786 0.636131468 0.028863772
10030.062778564 43.108685482 25.130960872 1.134441534 -0.041640330 0.769067852 0.637165155 0.028658106
10030.096140175 43.117607995 25.192298946 1.143113688 -0.040783330 0.768488118 0.637954963 0.027860326
10030.129506252 43.124686926 25.233843577 1.148056108 -0.040162834 0.768342061 0.638203161 0.027095180
10030.162890193 43.134734000 25.291599910 1.152922327 -0.038952111 0.768313805 0.638345441 0.026300748
10030.196249306 43.146273148 25.354111055 1.156449487 -0.036770405 0.768485042 0.638276116 0.026120437
10030.229616944 43.156069124 25.397351320 1.156572672 -0.034570496 0.768610048 0.638217098 0.026877675
10030.262986023 43.167417352 25.454539078 1.154628044 -0.029819085 0.768695900 0.638231405 0.029632902
10030.296338038 43.183202932 25.517237849 1.148933486 -0.023154362 0.768670257 0.638289691 0.034585879
10030.329709103 43.196345516 25.562938053 1.143170769 -0.017549629 0.768564847 0.638335094 0.039094678
10030.363074676 43.213994047 25.628272318 1.134083177 -0.009266779 0.768225066 0.638470749 0.045820047
10030.396443037 43.229246659 25.696810440 1.125302595 -0.002051434 0.767906562 0.638489235 0.051447059
10030.429796975 43.240081277 25.738731062 1.120267851 0.001295629 0.767772821 0.638451739 0.053875726
10030.463173806 43.255669213 25.806939183 1.113753028 0.003729603 0.767705003 0.638463865 0.054580314
10030.496540045 43.270600582 25.874340542 1.110856028 0.002164721 0.767980425 0.638422423 0.051168265
10030.529903717 43.280453886 25.919591343 1.110513515 -0.000879613 0.768259768 0.638423362 0.046816297
10030.563277762 43.295051622 25.986827319 1.112313099 -0.007366451 0.768802864 0.638303790 0.038159713
10030.596640461 43.307196928 26.048910727 1.115050377 -0.014105902 0.769337929 0.638017500 0.029220617
10030.630001029 43.316368393 26.095350930 1.117170272 -0.018058146 0.769678775 0.637730402 0.023841572
10030.663366246 43.327422893 26.151169317 1.119739812 -0.020999783 0.770122420 0.637271402 0.018858080
10030.696745534 43.342321427 26.216608486 1.121914377 -0.020793892 0.770635403 0.636706780 0.017122084
10030.730097134 43.354387598 26.265005064 1.122581309 -0.019124407 0.771020293 0.636281987 0.017527084
10030.763471562 43.367772532 26.327257714 1.120821155 -0.015968084 0.771665607 0.635543507 0.019017382
10030.796841432 43.381134230 26.394227294 1.117186390 -0.013069408 0.772380117 0.634695862 0.020477023
10030.830194230 43.391692736 26.440729588 1.113372534 -0.011289476 0.772905394 0.634058049 0.021452067
10030.863564029 43.404653187 26.506053415 1.108034767 -0.009221210 0.773621785 0.633177916 0.022583846
10030.896933844 43.420789051 26.578056648 1.101772720 -0.007127999 0.774337454 0.632272508 0.024128306
10030.930291557 43.431335659 26.625799533 1.098463262 -0.005777146 0.774738551 0.631744756 0.025404052
10030.963693262 43.445912062 26.695354222 1.096479557 -0.003672885 0.775231881 0.631068329 0.027473721
10030.997032956 43.460061294 26.763032943 1.095766131 -0.000833651 0.775863330 0.630176386 0.030217890
10031.030399990 43.469893493 26.811948542 1.098132069 0.001769910 0.776271340 0.629540400 0.032841425
10031.063777830 43.480639218 26.881814744 1.104710197 0.005717966 0.776815658 0.628627130 0.036778647
10031.097135603 43.492566889 26.955456348 1.113754006 0.010710311 0.777463383 0.627470955 0.041426781
10031.130494623 43.499788389 27.004423019 1.119567144 0.014369158 0.777826520 0.626712421 0.044843887
10031.163863836 43.508601803 27.069088712 1.127219991 0.019426633 0.778289463 0.625645712 0.049553614
10031.197228416 43.516104265 27.137402857 1.133266455 0.023736414 0.778896576 0.624417637 0.053472614
10031.230595190 43.522729505 27.182987887 1.136162237 0.026092968 0.779450396 0.623471244 0.055315869
10031.263958380 43.529553542 27.248306142 1.138302176 0.027996996 0.780428094 0.622061830 0.056455618
10031.297328186 43.529222637 27.306192817 1.137774006 0.027877373 0.781579187 0.620687498 0.055712259
10031.330688736 43.534520478 27.351892077 1.134866781 0.026992379 0.782580974 0.619602556 0.054139660
10031.364061173 43.541871612 27.407863227 1.129305928 0.024911336 0.784054490 0.618067188 0.051292624
10031.397432677 43.550513462 27.471133894 1.120513962 0.022359619 0.785699207 0.616355913 0.047772285
10031.430794350 43.559465316 27.536800135 1.110971416 0.020129044 0.787321555 0.614595642 0.044629445
10031.464157245 43.565864503 27.584039945 1.104360986 0.019208737 0.788468821 0.613262852 0.043088489
10031.497522080 43.576116699 27.646909138 1.097055279 0.019176876 0.789688066 0.611734297 0.042498888
10031.530885914 43.584655309 27.714428864 1.091922458 0.019322603 0.790773935 0.610331868 0.042405569
10031.564258730 43.590105776 27.760258541 1.090143301 0.018650725 0.791443220 0.609534104 0.041688807
10031.597632311 43.596790396 27.828643672 1.089343426 0.015445803 0.792436504 0.608526070 0.038753539
10031.630984835 43.603297722 27.899314106 1.090820213 0.009644200 0.793496820 0.607574454 0.033512208
10031.664354340 43.605483499 27.944335151 1.091856770 0.004657281 0.794130128 0.607019586 0.029374676
10031.697734123 43.606347481 28.011950499 1.094111080 -0.003687095 0.795199481 0.605912791 0.022668947
10031.731080738 43.605424860 28.078396620 1.096617115 -0.012229018 0.796201929 0.604682324 0.016499279
10031.764446133 43.603818807 28.119801668 1.098312133 -0.017130642 0.796780667 0.603874828 0.013501912
10031.797814976 43.597198782 28.187718328 1.100566891 -0.023973237 0.797851786 0.602288604 0.010307691
10031.831173655 43.588584312 28.251179867 1.100728402 -0.029361260 0.798804995 0.600806735 0.008931052
10031.864545646 43.581445097 28.292273981 1.099623934 -0.032649800 0.799418242 0.599825801 0.008571641
10031.897940249 43.571022009 28.357561036 1.096846431 -0.037292598 0.800313323 0.598358573 0.008652443
10031.931278241 43.555511409 28.416337758 1.093875160 -0.041604197 0.800994661 0.597148365 0.009511817
10031.964669384 43.546851725 28.455440946 1.092201556 -0.044303939 0.801299403 0.596534117 0.010172214
10031.998017537 43.529937926 28.522612040 1.089968620 -0.049669035 0.801606709 0.595687519 0.010772696
10032.031381114 43.513193704 28.587553035 1.089662685 -0.055659697 0.801595665 0.595176899 0.010528409
10032.064746382 43.500203648 28.633101627 1.090005663 -0.060215792 0.801571117 0.594773693 0.010102370
10032.098108280 43.468604451 28.676085010 1.094076235 -0.066601807 0.801413691 0.594309612 0.009817342
10032.131471591 43.446474875 28.738723624 1.098990968 -0.072608150 0.801270622 0.593797639 0.009889960
10032.164846588 43.432120271 28.776597403 1.102610558 -0.076522945 0.801184176 0.593424302 0.009785361
10032.198230109 43.407663204 28.844626107 1.109000873 -0.084359493 0.801131731 0.592457344 0.008106925
10032.231576398 43.380935316 28.903283675 1.114531400 -0.093741667 0.801114500 0.591109118 0.004250623
10032.264941864 43.363004377 28.945099369 1.117493341 -0.101109869 0.801129413 0.589888402 0.000362868
10032.298317232 43.331980220 29.011429113 1.121093926 -0.114739381 0.801039637 0.587459449 -0.007859397
10032.331674706 43.300988567 29.065260389 1.122032643 -0.128364797 0.800647264 0.584991709 -0.016466268
10032.365042993 43.280595376 29.109659876 1.120152254 -0.137594386 0.800237478 0.583265579 -0.022113991
10032.398403979 43.247625252 29.164929527 1.116501441 -0.149864065 0.799370511 0.581108955 -0.029324566
10032.431765991 43.213668064 29.225440104 1.109888793 -0.161327430 0.798146376 0.579400824 -0.035078594
10032.465135333 43.192244472 29.266306153 1.104934626 -0.168292215 0.797229684 0.578475782 -0.038318821
10032.498492313 43.155593501 29.325340517 1.096489835 -0.178600710 0.795398861 0.577604753 -0.042605015
10032.531850521 43.118329279 29.380684278 1.088960172 -0.188356592 0.793308268 0.577089433 -0.046385044
10032.565215612 43.092928606 29.417878142 1.084560179 -0.194729360 0.791688070 0.577002728 -0.048768103
10032.598595267 43.048194754 29.471020680 1.079604936 -0.204759092 0.788754773 0.577223802 -0.052462415
10032.631944272 43.001261491 29.518101262 1.077198926 -0.215683824 0.785348926 0.577454749 -0.057040041
10032.665308416 42.969763639 29.543838404 1.077302503 -0.223168615 0.782959339 0.577499475 -0.060537583
10032.698719969 42.921131852 29.598340741 1.079391039 -0.237768077 0.778480603 0.576843853 -0.068450429
10032.732033926 42.872543194 29.646515262 1.082292786 -0.253459456 0.773804894 0.575258890 -0.077855632
10032.765401785 42.835520549 29.678780230 1.085461352 -0.265208589 0.770231487 0.573746393 -0.084987858
10032.798769852 42.780489447 29.724416966 1.090071935 -0.282604077 0.764810147 0.571045482 -0.095432868
10032.832128979 42.721388609 29.766556237 1.094427042 -0.300940869 0.758975938 0.567534990 -0.106273962
10032.865490559 42.681059678 29.798431751 1.096052423 -0.313682320 0.754847244 0.564716596 -0.113596682
10032.898861187 42.619226233 29.837160062 1.096419560 -0.331655889 0.748915834 0.560214583 -0.123648964
10032.932225398 42.555402476 29.880438468 1.093750370 -0.350843006 0.742392010 0.554776326 -0.134113821
10032.965614022 42.511544226 29.905867044 1.090386526 -0.363418944 0.737955051 0.550960479 -0.140682492
10032.998946502 42.441896313 29.946527404 1.082177645 -0.383942815 0.730485568 0.544130977 -0.151328217
10033.032310348 42.368426704 29.980647449 1.072671336 -0.405456565 0.722455091 0.535984651 -0.162431739
10033.065671565 42.319731150 30.002115025 1.066103897 -0.420033390 0.716985840 0.529682724 -0.170116047
10033.099045633 42.243918751 30.035180033 1.053469988 -0.443831486 0.708032645 0.518051116 -0.182555269
10033.132411794 42.161102712 30.061001495 1.041421411 -0.467066871 0.699203215 0.505293179 -0.194015997
10033.165766170 42.108065492 30.079438654 1.034632095 -0.481166278 0.693896141 0.496857170 -0.200300051
10033.199140873 42.021968334 30.102943274 1.024497282 -0.503030694 0.685897859 0.482537668 -0.208953694
10033.232488946 41.938738399 30.122668101 1.015994995 -0.523193434 0.678763055 0.467525729 -0.216723416
10033.265855530 41.881179738 30.137099203 1.009644670 -0.537648150 0.673614257 0.455680336 -0.222561747
10033.299224153 41.794626808 30.155582038 1.000282580 -0.558762481 0.665752870 0.436779164 -0.231908532
10033.332588887 41.706824838 30.178482733 0.990042394 -0.579915213 0.657518117 0.415860955 -0.241718719
10033.365948647 41.650654626 30.190192222 0.980279405 -0.593916598 0.652020531 0.400788794 -0.247993236
10033.399319132 41.569934326 30.205900397 0.965880270 -0.610773240 0.645568110 0.381501410 -0.254272567
10033.432679111 41.488034361 30.223904554 0.947316284 -0.624131595 0.641298733 0.365743892 -0.255787203
10033.466040522 41.435083225 30.236770665 0.933778184 -0.630030586 0.640277120 0.359078383 -0.253316770
10033.499405836 41.357136748 30.256572403 0.914537338 -0.634818079 0.640986179 0.354451045 -0.245982076
10033.532777425 41.284689394 30.275883101 0.894625437 -0.637004482 0.642819189 0.354206767 -0.235682723
10033.566133626 41.230084624 30.291759756 0.879679442 -0.638025056 0.644196289 0.355092599 -0.227693688
10033.599501236 41.157589875 30.311958662 0.860464358 -0.640710395 0.644687211 0.354363609 -0.219761284
10033.632872882 41.083868408 30.332621206 0.844038938 0.646144256 -0.643010833 -0.349770905 0.216090219
10033.666235199 41.033982848 30.345776761 0.832607266 0.651732014 -0.640739531 -0.343443136 0.216206030
10033.699618702 40.962779300 30.363434620 0.819417440 0.662042176 -0.635885141 -0.330127597 0.219922748
10033.732990280 40.888826905 30.382070882 0.808944095 0.674547215 -0.629514929 -0.312077057 0.226505892
10033.766331340 40.845118588 30.390510509 0.802020993 0.682605663 -0.625216378 -0.299529154 0.231162877
10033.799690574 40.771395173 30.403753594 0.790096181 0.696167862 -0.617871182 -0.276495737 0.239030579
10033.833066773 40.703125017 30.412830893 0.776871955 0.708361803 -0.611066369 -0.253435660 0.246154048
10033.866423788 40.656306581 30.421185787 0.766978412 0.716485497 -0.606475966 -0.236543927 0.250763647
10033.899779560 40.588486538 30.432081417 0.751650837 0.727107260 -0.600469616 -0.211861462 0.256643711
10033.933158537 40.523185864 30.441270455 0.733755155 0.736239656 -0.595123592 -0.187662451 0.261843242
10033.966536882 40.472771111 30.449916283 0.718037193 0.742615457 -0.591278545 -0.168528339 0.265537501
10033.999882029 40.407791964 30.460916819 0.696993052 0.749162273 -0.587285784 -0.145908977 0.269373100
10034.033264832 40.339379333 30.474903976 0.673576391 0.754107534 -0.584905611 -0.126208025 0.270700551
10034.066616562 40.290913367 30.486101535 0.656070609 0.756291282 -0.584806889 -0.116075286 0.269352793
10034.099976407 40.221650913 30.504865708 0.633360519 0.757565759 -0.586859950 -0.108559202 0.264394439
10034.133357230 40.155153297 30.526459603 0.612349251 0.757284342 -0.590718812 -0.107940105 0.256750159
10034.166709446 40.110812222 30.540439341 0.599854585 0.756308284 -0.594003281 -0.110716219 0.250798327
10034.200071640 40.047044666 30.564022372 0.585514194 0.754029739 -0.599255857 -0.117989122 0.241681893
10034.233467742 39.981971983 30.590912856 0.577871508 0.751087243 -0.604236662 -0.128729805 0.232797436
10034.266825331 39.937881547 30.607394116 0.574764387 0.748049554 -0.608267750 -0.138877957 0.226152872
10034.300196467 39.876328082 30.632781655 0.574875520 0.743120270 -0.613429739 -0.155123864 0.217744819
10034.333625527 39.817458723 30.659882835 0.580556086 0.737635061 -0.617708712 -0.172376825 0.211226641
10034.366907462 39.777233896 30.679315594 0.587864307 0.733701206 -0.619956194 -0.184365180 0.208197832
10034.400277950 39.723247400 30.701667066 0.601417719 0.728268575 -0.621851811 -0.200446354 0.206752188
10034.433669370 39.671303273 30.723194213 0.620036917 0.723170745 -0.622130419 -0.215162905 0.209004162
10034.467005227 39.639180414 30.736163282 0.632914993 0.719877825 -0.621638760 -0.224411649 0.212086256
10034.500362137 39.590530689 30.756169717 0.654604845 0.714404459 -0.620605321 -0.239039683 0.217566851
10034.533744385 39.542248068 30.775546097 0.677869058 0.707995187 -0.619739466 -0.255299544 0.222458877
10034.567100468 39.506346923 30.789361232 0.696064666 0.702546802 -0.619336079 -0.268229974 0.225618025
10034.600465799 39.466709557 30.805114033 0.723271571 0.693469728 -0.619650958 -0.287283424 0.229348339
10034.633859986 39.423922923 30.823063411 0.752105597 0.682743354 -0.620579508 -0.307914370 0.232231193
10034.667198852 39.389349075 30.836066175 0.772650170 0.675147409 -0.620804418 -0.322052388 0.234648910
10034.700563680 39.336874834 30.854759040 0.802403518 0.664372245 -0.620767319 -0.340932086 0.238794407
10034.733936573 39.283803504 30.873095114 0.831194482 0.654374471 -0.620213460 -0.357248784 0.243931592
10034.767297709 39.245159268 30.884593511 0.853974034 0.647559056 -0.618993710 -0.367993321 0.249188626
10034.800663549 39.189340302 30.900374514 0.885430826 0.639800704 -0.615921067 -0.379865303 0.258840976
10034.834051466 39.135399324 30.913790911 0.915178114 0.634113951 -0.611649314 -0.388252219 0.270268069
10034.867395828 39.099318411 30.921471989 0.935476336 0.631182755 -0.607846244 -0.392551430 0.279346825
10034.900764541 39.043788016 30.931932433 0.962688046 0.628741341 -0.601063172 -0.396214987 0.293974614
10034.934154922 38.988423009 30.940944688 0.987640862 0.627860699 -0.593176507 -0.397429106 0.309810715
10034.967518886 38.948861130 30.946262970 1.004579585 0.627872708 -0.586876095 -0.397172011 0.321879956
10035.000867134 38.886661462 30.954081204 1.025999578 0.628297028 -0.577245202 -0.396079394 0.339340441
10035.034243158 38.828400340 30.961616193 1.043889942 0.627995704 -0.568088723 -0.395626683 0.355494200
10035.067604746 38.784741679 30.967657803 1.053895397 0.626770996 -0.562335388 -0.396401531 0.365790726
10035.100965450 38.724472896 30.976846609 1.066684640 0.623045948 -0.555314011 -0.400093163 0.378636444
10035.134340986 38.667523424 30.986218832 1.079216247 0.616030604 -0.550222583 -0.407910270 0.389063767
10035.167701754 38.627634116 30.993972357 1.087731520 0.609436948 -0.547474804 -0.415284697 0.395470057
10035.201066007 38.572200908 31.005537929 1.101238028 0.597758150 -0.543994890 -0.428226925 0.404198534
10035.234460924 38.528279768 31.016525523 1.114456621 0.585905674 -0.541276683 -0.440970159 0.411435793
10035.267808717 38.482855778 31.029230947 1.129698643 0.571765132 -0.538096660 -0.455789699 0.419276006
10035.301178281 38.453746194 31.038113841 1.141072102 0.561505009 -0.535715315 -0.466265761 0.424638042
10035.334579556 38.402952590 31.054568458 1.163895891 0.541326756 -0.529972800 -0.486396494 0.435330478
10035.367916781 38.376100781 31.062910317 1.176115449 0.530654091 -0.525635125 -0.496758084 0.441978910
10035.401287793 38.338428891 31.074609966 1.192763818 -0.516859105 0.517666048 0.510019485 -0.452502656
10035.434674547 38.296571328 31.084105769 1.207980147 -0.505319374 0.507428417 0.521215022 -0.464223688
10035.468016611 38.270962229 31.088509337 1.217727219 -0.498595707 0.498982610 0.527794508 -0.473129616
10035.501387062 38.230806003 31.093716821 1.231262305 -0.491264849 0.485098484 0.535112433 -0.486819261
10035.534772031 38.188618378 31.097973402 1.243055894 0.486409692 -0.468919997 -0.539960997 0.501957937
10035.568138507 38.159499388 31.101137706 1.250241390 0.484370825 -0.456405274 -0.541810295 0.513342706
10035.601495367 38.114541654 31.105402212 1.257135094 0.482998039 -0.437709738 -0.542630669 0.529787727
10035.634866475 38.067138075 31.108590376 1.260173453 0.483146161 -0.417925766 -0.541494797 0.546526510
10035.668222771 38.031858452 31.111031730 1.261336367 0.484289228 -0.402445918 -0.539343640 0.559115072
10035.701611719 37.981442249 31.113777295 1.260753765 0.488384823 -0.377842648 -0.533632864 0.577885079
10035.734970738 37.931993953 31.114447191 1.256993407 0.495301756 -0.351279457 -0.525145202 0.596239408
10035.768337240 37.874416730 31.114844539 1.253716432 0.504530480 -0.321417222 -0.513629056 0.615081423
10035.801702394 37.835458189 31.114494565 1.251285111 0.511447718 -0.300211657 -0.504693239 0.627358691
10035.835073864 37.774365068 31.112995165 1.248746070 0.521209898 -0.269949306 -0.491082651 0.643665631
10035.868442250 37.708906874 31.111517791 1.248253436 0.530011180 -0.240936843 -0.476897648 0.658487828
10035.901794281 37.667861854 31.110397015 1.248229954 0.534528184 -0.223530164 -0.468054508 0.667262215
10035.935164191 37.606071851 31.110660427 1.250602302 0.538939916 -0.202907358 -0.456523626 0.678202441
10035.968549906 37.542764013 31.111861664 1.255783487 0.541234151 -0.187672969 -0.446647697 0.687277444
10036.001900387 37.495695217 31.110987603 1.259071450 0.542793867 -0.177367529 -0.438811110 0.693801404
10036.035275212 37.433682075 31.107110488 1.263956770 0.546274617 -0.163340234 -0.426421774 0.702188351
10036.068629914 37.369997116 31.103699437 1.268215030 0.551765790 -0.148381379 -0.411504932 0.710071243
10036.102003905 37.325050690 31.101153007 1.269327498 0.556917218 -0.136888043 -0.399362509 0.715272299
10036.135372844 37.259139754 31.096721815 1.272011821 0.565369253 -0.119776413 -0.380751296 0.721830776
10036.168723343 37.191938332 31.092232301 1.271071063 0.575110468 -0.101107163 -0.359180037 0.728021285
10036.202101227 37.140891064 31.088843120 1.269187310 0.582606372 -0.086882074 -0.341954718 0.732180505
10036.235463385 37.074405211 31.082854715 1.266482822 0.592380816 -0.068218741 -0.318677434 0.736801103
10036.268831059 36.999415822 31.074864687 1.263419922 0.602852951 -0.047721708 -0.292107383 0.740921207
10036.302223625 36.943740315 31.070130572 1.259679498 0.609504929 -0.034461320 -0.273066244 0.743472250
10036.335600201 36.869258751 31.063538419 1.255433513 0.616453241 -0.021344402 -0.249853759 0.746393272
10036.368936632 36.792238035 31.056797177 1.254207463 0.621245221 -0.013884165 -0.229634112 0.749085963
10036.402316269 36.742594038 31.054954660 1.252501444 0.623547037 -0.011904743 -0.217697100 0.750769833
10036.435680693 36.666570982 31.051969917 1.252006244 0.626664629 -0.010851019 -0.200157200 0.753067589
10036.469039809 36.600241076 31.046059475 1.252670262 0.629851654 -0.009964909 -0.183513541 0.754659111
10036.502398823 36.549226621 31.045804478 1.254274314 0.632087893 -0.009735710 -0.170903750 0.755752618
10036.535762946 36.477045187 31.047849425 1.255493414 0.635053207 -0.011263104 -0.153465116 0.756986807
10036.569130187 36.409307580 31.047907779 1.258009602 0.637443538 -0.015880413 -0.139232317 0.757646296
10036.602550905 36.352729637 31.049674140 1.259934359 0.639044422 -0.022429622 -0.129464172 0.757864214
10036.635876609 36.279942640 31.053051606 1.260347742 0.640894526 -0.034445192 -0.119338361 0.757513096
10036.669227845 36.206275849 31.058403062 1.259321040 0.642333000 -0.049338279 -0.111904749 0.756605167
10036.702625532 36.151795220 31.061818087 1.257403171 0.643303788 -0.061159176 -0.107768692 0.755516843
10036.735968565 36.079059566 31.069419380 1.250952745 0.644590250 -0.078494927 -0.103637166 0.753393186
10036.769331190 35.996776423 31.077596920 1.242388803 0.646078507 -0.096845849 -0.099928983 0.750478276
10036.802706669 35.939969960 31.082633190 1.236779916 0.647146207 -0.108183723 -0.097519042 0.748323529
10036.836069251 35.860009871 31.092137467 1.226024251 0.648765233 -0.122717866 -0.094097810 0.745110461
10036.869439394 35.787639373 31.104422373 1.213963371 0.650158045 -0.135498525 -0.091361970 0.742015941
10036.902812377 35.727305339 31.112400998 1.207783290 0.651213293 -0.145072425 -0.089907315 0.739453793
10036.936180254 35.646112387 31.124971314 1.199745301 0.652394267 -0.157929252 -0.089408720 0.735830247
10036.969568952 35.574037616 31.138500958 1.193349904 0.653213007 -0.169732572 -0.090430912 0.732342728
10037.002907923 35.517597999 31.149705012 1.191328366 0.653710184 -0.178310816 -0.092152802 0.729641082
10037.036267330 35.446266976 31.165721608 1.188949221 0.654267693 -0.188405036 -0.095160929 0.726210525
10037.069639434 35.384853225 31.186006021 1.188009878 0.654359463 -0.197447617 -0.099967288 0.723073076
10037.103008828 35.338865715 31.197108428 1.189073765 0.654169723 -0.203867422 -0.105052207 0.720738567
10037.136372281 35.276451015 31.214298462 1.190144200 0.653353636 -0.213635564 -0.114854521 0.717145251
10037.169737199 35.220947818 31.231355375 1.192533319 0.651806337 -0.223050080 -0.127283921 0.713579683
10037.203110335 35.181432436 31.242649202 1.193523314 0.650388480 -0.229502403 -0.137596353 0.710908374
10037.236478086 35.129895831 31.258967635 1.194578083 0.648042391 -0.237306943 -0.153255189 0.707275986
10037.269841826 35.080036055 31.274368276 1.194573401 0.645824219 -0.242185972 -0.169678256 0.703893687
10037.303196671 35.048901423 31.285072532 1.193502771 0.644505089 -0.243909310 -0.180554776 0.701798698
10037.336561495 35.000122792 31.299738722 1.190919306 0.642717122 -0.244942063 -0.198052572 0.698350389
10037.369933007 34.959472363 31.313988266 1.188467964 0.640773496 -0.246279809 -0.216236490 0.694260299
10037.403304446 34.922082880 31.323800700 1.185006900 0.639026738 -0.248278529 -0.231880821 0.690097011
10037.436659005 34.882064428 31.337925325 1.182762054 0.636044525 -0.252299362 -0.254462103 0.683404296
10037.470017431 34.834863852 31.351007689 1.180759022 0.632374757 -0.258215411 -0.280090694 0.674519215
10037.503389397 34.799736977 31.359812520 1.179005090 0.630067218 -0.262488246 -0.297043909 0.667742569
10037.536755901 34.755902057 31.372578011 1.180071918 0.627788488 -0.267326160 -0.319173104 0.657682954
10037.570133242 34.708447893 31.383260102 1.181533835 0.626964069 -0.270731181 -0.338281252 0.647446120
10037.603490525 34.671417012 31.392679335 1.183227472 0.626975786 -0.273609606 -0.352589824 0.638529219
10037.636852199 34.622096800 31.404539802 1.186044054 0.627516922 -0.278236429 -0.369470556 0.626337377
10037.670218263 34.566317123 31.415919575 1.188526398 0.628684647 -0.284430661 -0.385384930 0.612644488
10037.703603263 34.526153025 31.424625693 1.189448313 0.630137543 -0.289549878 -0.396006223 0.601885883
10037.736945957 34.469676420 31.435261151 1.189358719 0.633163811 -0.296782913 -0.408452675 0.586677001
10037.770312247 34.407165524 31.444106837 1.186017913 0.637661837 -0.303961121 -0.418459419 0.570864899
10037.803683482 34.363430289 31.450026325 1.181913238 0.641638776 -0.309015082 -0.424271381 0.559288079
10037.837052735 34.295609861 31.457593848 1.173366937 0.649001913 -0.315894916 -0.430242276 0.542124066
10037.870427831 34.220501838 31.461859715 1.161724529 0.658135535 -0.321672014 -0.432784331 0.525435491
10037.903792466 34.170519967 31.465766974 1.151916838 0.665107131 -0.325796372 -0.433524933 0.513366692
10037.937158816 34.093962437 31.469667770 1.136757006 0.674585638 -0.332939971 -0.434284777 0.495461325
10037.970542649 34.016355424 31.473365107 1.120465990 0.682451786 -0.342394702 -0.436142933 0.476240244
10038.003891892 33.959595092 31.476220388 1.108996303 0.687174165 -0.350447805 -0.438120804 0.461549742
10038.037251169 33.876497746 31.477969837 1.093360597 0.693419002 -0.362752982 -0.441079513 0.439350914
10038.070612914 33.798238082 31.480471249 1.078187953 0.699849281 -0.374404691 -0.442813415 0.417071205
10038.103981804 33.744291658 31.481497800 1.067015667 0.704997716 -0.381996165 -0.442726050 0.401311344
10038.137360691 33.668949123 31.478239326 1.051191729 0.713392275 -0.391060374 -0.440129088 0.380038988
10038.170719961 33.591341896 31.474630366 1.032701401 0.723678223 -0.399801713 -0.434262052 0.357582004
10038.204079836 33.540630603 31.471732630 1.019635675 0.731292975 -0.404692405 -0.428200789 0.343625852
10038.237440668 33.466768820 31.475147231 0.999112308 0.744334890 -0.411036514 -0.414558167 0.324277785
10038.270801558 33.389367716 31.469024868 0.973049098 0.759492158 -0.415452098 -0.395367884 0.307010509
10038.304168114 33.335136065 31.465603685 0.953257945 0.770729758 -0.417910031 -0.378885590 0.296264336
10038.337535019 33.258261496 31.462372747 0.924122978 0.785740097 -0.421797180 -0.353808635 0.281991293
10038.370901733 33.177908146 31.458570335 0.891124861 0.798547183 -0.427874325 -0.329006858 0.266459088
10038.404286987 33.122144017 31.455088178 0.866929589 0.804829345 -0.434271905 -0.314936000 0.253915250
10038.437635237 33.044811535 31.457831046 0.834593853 0.808745692 -0.446008701 -0.303170125 0.234722218
10038.471004550 32.963447910 31.463953319 0.802060698 0.807855511 -0.461388135 -0.299643481 0.211433785
10038.504363962 32.910138026 31.468714623 0.781537521 0.804759800 -0.472935783 -0.301760971 0.193994138
10038.537734520 32.834480035 31.477188786 0.754822932 0.797713233 -0.489989620 -0.308746488 0.168045758
10038.571094247 32.760913340 31.486241821 0.732613764 0.790003822 -0.505227101 -0.315762186 0.144685103
10038.604468388 32.713772856 31.492023124 0.718621050 0.785066681 -0.514760199 -0.318742618 0.130749333
10038.637841729 32.649070438 31.500013183 0.700850737 0.779971810 -0.526419813 -0.317881274 0.116093292
10038.671196858 32.584451724 31.508779064 0.686735657 0.777233243 -0.536204444 -0.310997297 0.108046112
10038.704570630 32.542352214 31.513451638 0.677820823 0.776272612 -0.542286413 -0.303510017 0.105867597
10038.737937788 32.482652268 31.520792502 0.667602935 0.775012834 -0.550535039 -0.291429285 0.106467132
10038.771284424 32.425469942 31.529244567 0.660813414 0.772490059 -0.558521715 -0.281785541 0.109130713
10038.804646436 32.381963742 31.531750989 0.657253972 0.769596865 -0.564186241 -0.277543108 0.111285102
10038.838008025 32.326538805 31.541271070 0.654549403 0.763435090 -0.572685780 -0.275654371 0.114945762
10038.871376144 32.270770946 31.550784689 0.653406279 0.755530988 -0.581254113 -0.277705606 0.119147721
10038.904751455 32.226187815 31.553017944 0.655230392 0.749304940 -0.587077553 -0.280750782 0.122723475
10038.938121291 32.164890679 31.561714263 0.660390655 0.738870041 -0.595631252 -0.287571881 0.128828904
10038.971479070 32.112272162 31.575795543 0.670057759 0.727602227 -0.603733811 -0.296284762 0.135335970
10039.004851668 32.074459336 31.585334845 0.678513477 0.718801568 -0.609387829 -0.304064893 0.139697246
10039.038228239 32.000628786 31.571734407 0.686100178 0.705894977 -0.616596239 -0.316808400 0.145443446
10039.071602764 31.937090607 31.572579746 0.703395364 0.691091971 -0.624083774 -0.331729880 0.151217119
10039.104947649 31.901100534 31.576017260 0.722437260 0.681306546 -0.628555925 -0.341725294 0.154798786
10039.138317069 31.829518026 31.572336602 0.738618941 0.666878474 -0.634272825 -0.356744708 0.160325597
10039.171687133 31.764082895 31.576715059 0.760269769 0.653491330 -0.638421776 -0.370997269 0.166516498
10039.205048093 31.721696494 31.577853431 0.777507077 0.645247389 -0.640215333 -0.379969794 0.171473295
10039.238418169 31.655286731 31.580043995 0.801814489 -0.635503409 0.641267317 0.390420022 -0.180232772
10039.271773453 31.589970168 31.580548760 0.826156197 -0.628171675 0.640236499 0.398673036 -0.191199849
10039.305145036 31.558091756 31.579355727 0.840673153 -0.625102381 0.638491398 0.402623370 -0.198671010
10039.338574725 31.490088645 31.576780298 0.861890994 -0.621694062 0.634131105 0.407823063 -0.212260649
10039.371887119 31.431461029 31.572956343 0.879092099 -0.619466078 0.629097278 0.412361363 -0.224625243
10039.405242328 31.385600361 31.570242279 0.889496755 -0.617814738 0.625507281 0.416080768 -0.232211939
10039.438608829 31.323110647 31.561130892 0.904510251 -0.615162717 0.619927365 0.422599678 -0.242228003
10039.471972871 31.254936001 31.549032474 0.918533206 -0.611823553 0.614286583 0.430453337 -0.251065447
10039.505338865 31.210779200 31.539778920 0.927139118 -0.609540067 0.610667975 0.435885441 -0.256026196
10039.538708430 31.145718751 31.524692477 0.941875277 0.605621758 -0.604703081 -0.444911343 0.263837766
10039.572068218 31.083938447 31.510163352 0.956325986 0.601879942 -0.598952526 -0.453358466 0.271039681
10039.605440624 31.048086049 31.501110308 0.967001822 0.599301755 -0.595257342 -0.458762680 0.275758784
10039.638801004 30.973334591 31.483528293 0.983839598 0.595648573 -0.589078964 -0.466618707 0.283647201
10039.672168550 30.909654329 31.466473947 1.000323417 0.593206958 -0.582758719 -0.472293046 0.292296184
10039.705547962 30.866807833 31.456274427 1.011216432 0.592520502 -0.578159791 -0.474748250 0.298772170
10039.738900163 30.799996009 31.439495528 1.027471167 0.593352372 -0.569759870 -0.476068756 0.310910265
10039.772263281 30.731094535 31.422182758 1.041848514 0.596481920 -0.560156564 -0.474496406 0.324479743
10039.805635705 30.686511333 31.411178892 1.050533465 0.599035808 -0.553666469 -0.472771751 0.333311286
10039.839002584 30.618332642 31.394450295 1.062092954 0.602740904 -0.543249891 -0.470408137 0.346841669
10039.872369515 30.556237330 31.379951210 1.069648950 0.604612637 -0.534750336 -0.469929777 0.357283699
10039.905730196 30.516915159 31.372513172 1.072760413 0.604631648 -0.529731009 -0.470966591 0.363312673
10039.939093795 30.461533804 31.362281899 1.074888116 0.603523850 -0.523890972 -0.473664748 0.370052589
10039.972499225 30.404102632 31.354779637 1.075318441 0.601364753 -0.518218189 -0.477473247 0.376602764
10040.005830468 30.352621157 31.348211343 1.074810295 0.599411773 -0.513143478 -0.480550472 0.382701635
10040.039191008 30.313379748 31.343944398 1.074561691 0.597951919 -0.509349370 -0.482733597 0.387278964
10040.072588372 30.265529540 31.337269867 1.073956403 0.595955901 -0.504074973 -0.485591168 0.393632065
10040.105924686 30.211444722 31.330173566 1.076383627 0.593980866 -0.498887889 -0.487789944 0.400447968
10040.139296709 30.169240005 31.325789281 1.079653147 0.592935630 -0.494939217 -0.488896062 0.405515908
10040.172665044 30.117743171 31.317885755 1.085099302 0.592082069 -0.488623800 -0.489389379 0.413743448
10040.206023366 30.064365895 31.311038952 1.092297395 0.592547819 -0.481508601 -0.488207308 0.422717605
10040.239390247 30.023388237 31.306338496 1.098427563 0.593715794 -0.475852379 -0.486300505 0.429625288
10040.272773693 29.968668770 31.298353085 1.106981996 0.596397443 -0.467276616 -0.482012546 0.440030180
10040.306126581 29.912203208 31.289984994 1.115680409 0.599997811 -0.458001736 -0.476256091 0.451017929
10040.339492325 29.872328367 31.284055708 1.120975418 0.602561310 -0.451723448 -0.471956263 0.458391842
10040.372863193 29.814843318 31.276022630 1.126794961 0.605973546 -0.443109717 -0.465919095 0.468368698
10040.406219841 29.756026798 31.269072192 1.129434647 0.608336652 -0.435458834 -0.460894427 0.477366158
10040.439586216 29.719866569 31.263532404 1.130389447 0.609164076 -0.431092562 -0.458466932 0.482583054
10040.472974636 29.657014592 31.258444695 1.127355556 0.609172838 -0.425484143 -0.456189901 0.489655463
10040.506318790 29.596613564 31.254159160 1.122225870 0.607327435 -0.421890935 -0.456265680 0.494957630
10040.539682570 29.555545537 31.252215528 1.118548873 0.604929922 -0.420648248 -0.457806890 0.497521549
10040.573078270 29.497770064 31.250683447 1.112370603 0.599735205 -0.420780690 -0.462167728 0.499662172
10040.606421608 29.439155763 31.248381832 1.107471992 0.592459410 -0.423071069 -0.468806692 0.500222954
10040.639788071 29.399971327 31.247052401 1.104538835 0.586684925 -0.425555703 -0.474223029 0.499815628
10040.673158018 29.343036340 31.245580409 1.103487783 0.577920396 -0.429721029 -0.482125505 0.498901643
10040.706528321 29.289333242 31.244821085 1.104790130 0.569811515 -0.433736589 -0.488891485 0.498169172
10040.739882338 29.253413431 31.244525169 1.106389575 0.564529725 -0.436369462 -0.492945578 0.497888078
10040.773297822 29.202315741 31.244633657 1.109682102 0.557382572 -0.440259318 -0.497766149 0.497720064
10040.806615964 29.151100698 31.246486849 1.114773087 0.550174076 -0.444934780 -0.502189834 0.497138711
10040.839978096 29.116261418 31.248095203 1.118792747 0.544789342 -0.448858558 -0.505310914 0.496378331
10040.873365651 29.063213642 31.251224434 1.123733048 0.536214553 -0.455774724 -0.510172530 0.494436390
10040.906712169 29.013220736 31.255582862 1.126625708 0.527167307 -0.463606900 -0.515261062 0.491598729
10040.940075407 28.978006865 31.259176739 1.127350883 0.519903981 -0.470051422 -0.519512235 0.488731571
10040.973459092 28.926290523 31.266235482 1.125805772 -0.507635533 0.481130112 0.526964224 -0.482834016
10041.006812460 28.873297143 31.274443760 1.121322175 -0.493055349 0.494182866 0.535905138 -0.474853032
10041.040181124 28.834348663 31.282250322 1.116272788 -0.481522703 0.504417545 0.542959812 -0.467860523
10041.073649240 28.774773764 31.293653395 1.107754851 -0.462665627 0.520374722 0.554156591 -0.456137193
10041.106922291 28.714315344 31.305784220 1.098255858 -0.442505097 0.536568872 0.565727347 -0.442984936
10041.140275909 28.674634687 31.315032089 1.092178413 -0.427765356 0.547709469 0.573884801 -0.433229007
10041.173670602 28.613777030 31.329488380 1.083897409 -0.402522559 0.565130645 0.587268615 -0.416795534
10041.207013864 28.557536136 31.346293452 1.077474501 -0.375460680 0.582139817 0.600722864 -0.399092159
10041.240383199 28.524685193 31.358237965 1.075654796 -0.357417226 0.592502307 0.609133401 -0.387492506
10041.273780940 28.473977967 31.377070168 1.075096894 -0.330569798 0.606476973 0.620921812 -0.370628375
10041.307133402 28.430782880 31.394599154 1.077240033 -0.309289711 0.616249538 0.629771443 -0.357720997
10041.340519116 28.403764743 31.405654851 1.079875598 -0.298590103 0.620470717 0.634212788 -0.351616522
10041.373897360 28.372754304 31.421810000 1.086132622 -0.287310075 0.623901469 0.639294123 -0.345691918
10041.407236334 28.337798449 31.438540347 1.092626827 -0.281070148 0.624442470 0.643184583 -0.342614603
10041.440606323 28.316812214 31.449388805 1.096221311 -0.279038278 0.623752175 0.645454204 -0.341261971
10041.473985511 28.287172373 31.465522013 1.102223211 -0.276886224 0.622276013 0.649085731 -0.338813069
10041.507339449 28.269653082 31.481503170 1.108193665 -0.274250606 0.620880985 0.653767301 -0.334487255
10041.540706239 28.252052125 31.495116960 1.110000972 -0.271168565 0.620327375 0.657978006 -0.329737019
10041.574083239 28.232683642 31.514799348 1.113218435 -0.264067396 0.620548159 0.665573537 -0.319687755
10041.607438232 28.201281506 31.540727556 1.112619995 -0.254150261 0.621643658 0.674437259 -0.306759174
10041.640808145 28.186387560 31.559533989 1.112661794 -0.246313258 0.622469201 0.681082418 -0.296628746
10041.674192860 28.164820276 31.587894086 1.111463553 -0.233911541 0.623499209 0.691157464 -0.280776580
10041.707558947 28.134202434 31.619504992 1.108060308 -0.221414869 0.624094138 0.701166788 -0.264286014
10041.740900886 28.127253524 31.640214444 1.109314150 -0.213030492 0.623951502 0.708172130 -0.252576261
10041.774290485 28.114707652 31.669302230 1.108976849 -0.200818881 0.623575987 0.718108034 -0.234831040
10041.807639636 28.104524365 31.698353232 1.110490381 -0.187680273 0.623292751 0.727735814 -0.216062135
10041.841001584 28.097631952 31.716665376 1.112874557 -0.178647312 0.623108843 0.733856707 -0.203162109
10041.874385797 28.092860870 31.745930991 1.118139416 -0.162806803 0.622847192 0.743447454 -0.181221421
10041.907747827 28.089440655 31.773387584 1.124675054 -0.146896616 0.622401941 0.752125224 -0.159200681
10041.941107330 28.095494630 31.791454536 1.131304064 -0.137176547 0.621792904 0.757317169 -0.145006498
10041.974535294 28.098416441 31.820580375 1.136448769 -0.123894967 0.620951186 0.763896418 -0.124627143
10042.007837174 28.104726887 31.849676207 1.142302083 -0.111337107 0.620089704 0.769504745 -0.104667355
10042.041202580 28.116613985 31.869126019 1.146376598 -0.103720191 0.619630628 0.772520284 -0.092262758
10042.074583165 28.128284799 31.901896670 1.150396322 -0.091654774 0.619429827 0.776269875 -0.072877787
10042.107939542 28.133397108 31.938329328 1.151250668 -0.081385450 0.619869928 0.778490240 -0.055593420
10042.141306720 28.141654771 31.961104655 1.151910068 -0.077552339 0.620175819 0.779209532 -0.046905145
10042.174681441 28.147080141 32.003444163 1.149308598 -0.077086441 0.621121523 0.779054808 -0.036597000
10042.208033642 28.153883266 32.045702237 1.144614967 -0.083846642 0.622360680 0.777547211 -0.032515522
10042.241420680 28.152287528 32.073997260 1.140412758 -0.093033232 0.623115093 0.775869845 -0.033141842
10042.274784396 28.145184220 32.119471656 1.135584100 -0.120469397 0.624125649 0.770731674 -0.043897442
10042.308134598 28.130092894 32.174213357 1.131381474 -0.173785010 0.623805199 0.758438025 -0.073740122
10042.341506371 28.111644347 32.212070108 1.130856706 -0.229085465 0.620660438 0.741947538 -0.108693701
10042.374880319 28.082716119 32.262436996 1.131811826 -0.330157540 0.606123012 0.701358800 -0.178063828
10042.408234430 28.050108244 32.309628134 1.134151809 -0.438571062 0.576160767 0.639498487 -0.258332883
10042.441603674 28.028952056 32.340411607 1.137842657 -0.505813608 0.547974258 0.588364947 -0.312575584
10042.474977193 28.001850959 32.386190348 1.147262221 0.579864404 -0.505030271 -0.514738868 0.379137965
10042.508330135 27.977410987 32.434599540 1.160422804 0.622031474 -0.471865900 -0.457963673 0.425074925
10042.541695229 27.959293395 32.470631734 1.170920905 0.636819107 -0.457476322 -0.430541833 0.447001757
10042.575073801 27.931545303 32.523854667 1.185214785 0.643645078 -0.448309934 -0.407773043 0.467397435
10042.608423804 27.901501738 32.576402222 1.197481732 0.640769296 -0.448008996 -0.397519455 0.480292547
10042.641794495 27.879681589 32.611592904 1.204526800 0.636556084 -0.449480215 -0.393727368 0.487588605
10042.675171364 27.848026967 32.657911560 1.212320365 0.630818987 -0.450164894 -0.388897105 0.498174684
10042.708530835 27.816196268 32.699943640 1.217036315 0.627709717 -0.446219768 -0.381282469 0.511362990
10042.741895565 27.793666235 32.725478495 1.218550738 0.627886420 -0.439694708 -0.373791855 0.522213420
10042.775269051 27.765131125 32.754469074 1.218121264 0.631825334 -0.424145152 -0.358863738 0.540476137
10042.808622888 27.732856757 32.781064383 1.216487602 0.638923758 -0.401240419 -0.339634233 0.561632572
10042.842002785 27.712047698 32.795606106 1.215012995 0.644489992 -0.383247799 -0.325733179 0.575892065
10042.875363228 27.680016823 32.814552793 1.212256222 0.653092737 -0.353186959 -0.303916526 0.596961971
10042.908713187 27.647488669 32.829964717 1.209007808 0.660780776 -0.321356893 -0.282982697 0.616457059
10042.942083765 27.623849009 32.839152007 1.206517676 0.665028953 -0.299808044 -0.269921227 0.628485608
10042.975443207 27.595654376 32.842374522 1.202703715 0.669826186 -0.270333923 -0.253655847 0.643359279
10043.008803956 27.566265220 32.845713628 1.193433881 0.673209638 -0.242709987 -0.239709167 0.656064144
10043.042191254 27.544472615 32.846040939 1.189774307 0.674823747 -0.225905273 -0.231788009 0.663214926
10043.075549700 27.506331671 32.844601576 1.186086496 0.676629460 -0.200794019 -0.220054605 0.673372339
10043.108901089 27.476728765 32.831554740 1.186710081 0.678568318 -0.176093900 -0.208182768 0.682052719
10043.142268610 27.449541642 32.824954100 1.186760625 0.679545578 -0.158449152 -0.199555714 0.687960166
10043.175639222 27.418485724 32.806775499 1.189598596 0.680935742 -0.133744634 -0.186644193 0.695415583
10043.208992760 27.382684359 32.788290840 1.191832760 0.681655186 -0.109756635 -0.174338672 0.702072443
10043.242366178 27.360669730 32.778007127 1.191314772 0.681956405 -0.095877581 -0.166873108 0.705617685
10043.275729591 27.320056163 32.756776366 1.189895407 0.682150049 -0.074885522 -0.155518495 0.710547301
10043.309092325 27.281825498 32.735085557 1.188058797 0.682401546 -0.057594167 -0.145867414 0.713956398
10043.342525865 27.253785600 32.719275367 1.186291808 0.682445213 -0.047224668 -0.139721371 0.715902438
10043.375837503 27.212801296 32.693013695 1.181532181 0.682607769 -0.035491230 -0.132139032 0.717862300
10043.409187954 27.172726535 32.666161875 1.175904452 0.683070310 -0.026118963 -0.125530911 0.719009556
10043.442569498 27.143810679 32.646791598 1.170760190 0.683547274 -0.020463101 -0.121037821 0.719509716
10043.475931007 27.103984082 32.617755522 1.162884134 0.684455394 -0.013312964 -0.114848985 0.719828652
10043.509284622 27.063930097 32.585882559 1.153487390 0.685505930 -0.007369106 -0.108845113 0.719847246
10043.542654034 27.038212369 32.564508817 1.146757574 0.686283634 -0.004220281 -0.105065057 0.719693196
10043.576020037 26.994488974 32.525449405 1.135071174 0.687906850 0.000377504 -0.098357087 0.719103543
10043.609383117 26.954418320 32.485800250 1.125884491 0.689992711 0.004258870 -0.091492970 0.717997881
10043.642765400 26.928928009 32.457385358 1.121325588 0.691808412 0.006805346 -0.086594053 0.716837694
10043.676128201 26.892016638 32.413008365 1.114912766 0.694907889 0.011320081 -0.078259912 0.714737901
10043.709531983 26.859461793 32.364981750 1.112203690 0.698883908 0.016123097 -0.069042146 0.711712379
10043.742858958 26.839986834 32.332664034 1.111492886 0.701670595 0.018687032 -0.063197700 0.709447124
10043.776219104 26.811197609 32.280756076 1.111137966 0.706215489 0.021716996 -0.054577095 0.705556090
10043.809581874 26.784574073 32.228757063 1.110605364 0.710664831 0.022867331 -0.047189177 0.701573777
10043.842952480 26.766991594 32.192722005 1.110239372 0.713533798 0.022385918 -0.043028420 0.698939872
10043.876314194 26.740333328 32.135944093 1.108813052 0.717840422 0.020137704 -0.037749215 0.694891788
10043.909677738 26.715645219 32.078548732 1.106568661 0.721820192 0.015477325 -0.034214220 0.691061105
10043.943051846 26.699977859 32.040219472 1.104380482 0.724174544 0.010920173 -0.032995040 0.688740377
10043.976413491 26.677398350 31.984854967 1.100200648 0.727116288 0.002695646 -0.032776409 0.685726143
10044.009772954 26.654782878 31.930800634 1.094439577 0.729530635 -0.006904501 -0.034423005 0.683046439
10044.043159025 26.638253914 31.890931046 1.089589346 0.730860306 -0.015901311 -0.036979620 0.681339027
10044.076522385 26.615904974 31.837561476 1.082731941 0.732177737 -0.027930314 -0.040726935 0.679320967
10044.109887271 26.592432503 31.783579785 1.075591057 0.733070235 -0.038691247 -0.043850437 0.677634236
10044.143246828 26.576185950 31.746008809 1.071141118 0.733520579 -0.044531555 -0.045109676 0.676704971
10044.176609288 26.553766640 31.694906430 1.065847419 0.733970313 -0.049850576 -0.045068691 0.675848587
10044.209971770 26.529013155 31.645402329 1.063293627 0.734159093 -0.052963282 -0.044201848 0.675463925
10044.243350565 26.503714514 31.597444642 1.063193131 0.733869985 -0.055690774 -0.044208144 0.675558304
10044.276711070 26.486173414 31.565543134 1.065501941 0.733417943 -0.058213224 -0.045661502 0.675739867
10044.310065329 26.459347722 31.523784650 1.069703976 0.732077394 -0.064134888 -0.050431057 0.676318057
10044.343436761 26.433015675 31.488264902 1.074880996 0.730056903 -0.072701517 -0.058251908 0.677006738
10044.376795902 26.410465514 31.463822589 1.080501442 0.727947381 -0.081142814 -0.066494061 0.677559587
10044.410169935 26.379143282 31.435607851 1.089221972 0.724314931 -0.093917688 -0.079242299 0.678430547
10044.443535275 26.348197568 31.412513582 1.098276182 0.720183801 -0.107067044 -0.092647014 0.679182208
10044.476899815 26.323108718 31.397416302 1.105498628 0.716760822 -0.117011947 -0.103289619 0.679627385
10044.510270252 26.287981591 31.376796202 1.114486060 0.711936077 -0.129986045 -0.117547131 0.680024502
10044.543635198 26.254177985 31.358656457 1.122136558 0.707050381 -0.142086690 -0.131135042 0.680216680
10044.577000746 26.227850381 31.348276304 1.126546364 0.703185442 -0.151069849 -0.141657768 0.680177339
10044.610383984 26.187958976 31.331906531 1.131899045 0.697347112 -0.164210016 -0.157401905 0.679681334
10044.643730640 26.147693414 31.315171105 1.134416811 0.691416652 -0.177251612 -0.173205211 0.678619801
10044.677104277 26.117331322 31.305108514 1.135563320 0.686688049 -0.187463481 -0.185490598 0.677429114
10044.710478048 26.078632963 31.293204585 1.134863967 0.680438506 -0.200611678 -0.201257991 0.675465480
10044.743830022 26.036055611 31.281755563 1.133811843 0.673367033 -0.215053975 -0.218684404 0.672685482
10044.777197700 26.008665969 31.274743102 1.132711790 0.668819896 -0.224291914 -0.229761224 0.670509407
10044.810558315 25.966006278 31.264405716 1.130823274 0.661538436 -0.238525785 -0.246858609 0.666733211
10044.843934097 25.926433539 31.257953496 1.128163375 0.654308565 -0.251853661 -0.262825156 0.662852150
10044.877300539 25.896357022 31.250858409 1.127066720 0.649554083 -0.260455665 -0.273285525 0.659967697
10044.910658520 25.855908015 31.242702381 1.126078348 0.643235047 -0.271469629 -0.286796242 0.655973194
10044.944027544 25.811967277 31.234589333 1.125965930 0.636835092 -0.282346244 -0.300383450 0.651530081
10044.977411917 25.784373048 31.229801361 1.126399575 0.633109996 -0.288619718 -0.308390152 0.648664709
10045.010762161 25.743997024 31.224212915 1.128186288 0.627743095 -0.297505482 -0.319815342 0.644319209
10045.044125997 25.705329970 31.219827065 1.129666196 0.622673716 -0.306027368 -0.330421786 0.639879783
10045.077498232 25.677038677 31.216536059 1.130538997 0.619178055 -0.312002543 -0.337621349 0.636619804
10045.110866103 25.636843743 31.212988701 1.130265252 0.614210937 -0.320542089 -0.347444396 0.631886133
10045.144233323 25.592307164 31.210363735 1.128275190 0.608569083 -0.330022173 -0.358089896 0.626498733
10045.177608472 25.560353420 31.210950874 1.125106043 0.603830615 -0.337567185 -0.366358938 0.622268521
10045.210963916 25.515147850 31.212895567 1.119845559 0.596308482 -0.349296945 -0.378602856 0.615684754
10045.244327700 25.470909471 31.216934492 1.114321654 0.587761838 -0.361996816 -0.391609850 0.608388078
10045.277692087 25.435633279 31.221812528 1.109394485 0.580040007 -0.373174704 -0.402789202 0.601710137
10045.311057605 25.386556762 31.230390042 1.102517308 0.567727748 -0.389667880 -0.419507288 0.591487771
10045.344430929 25.339035987 31.242368400 1.097403536 0.554263604 -0.407002203 -0.436884342 0.579890625
10045.377788406 25.306243863 31.253028472 1.095401798 0.544129484 -0.419814614 -0.449434352 0.570690422
10045.411157771 25.260144258 31.269559286 1.094742778 0.528298079 -0.438612560 -0.468146956 0.556200135
10045.444521448 25.217775696 31.289847171 1.097545407 0.511433988 -0.457288960 -0.487380600 0.540168708
10045.477904347 25.190102177 31.305715521 1.101429075 0.499141762 -0.470121575 -0.500880622 0.528168353
10045.511249362 25.152952854 31.330071906 1.108074007 0.480637091 -0.488062403 -0.520581765 0.509683925
10045.544612450 25.122145032 31.355368838 1.115733013 -0.462887539 0.503509887 0.538815357 -0.491824086
10045.577981289 25.098263873 31.374891028 1.121903408 -0.449088082 0.514504824 0.552599458 -0.477743153
10045.611345535 25.069435788 31.404047752 1.129443673 -0.431357479 0.527341233 0.569878971 -0.459434335
10045.644716884 25.039483921 31.432157076 1.133582237 -0.414035409 0.538874578 0.586338208 -0.440904043
10045.678084102 25.019689566 31.451292319 1.135569412 -0.402947542 0.545751742 0.596525140 -0.428889347
10045.711456069 24.988628402 31.478373925 1.135861545 -0.385923142 0.555684950 0.611126110 -0.410855744
10045.744817651 24.959119346 31.509106159 1.132563544 -0.368239214 0.565419217 0.625172226 -0.392250785
10045.778182368 24.939786621 31.531651955 1.127943199 -0.356052747 0.571792739 0.634229083 -0.379516765
10045.811539330 24.912585673 31.564789154 1.119349425 -0.339225226 0.580299297 0.645919129 -0.361894254
10045.844909285 24.886398334 31.599598990 1.109774871 -0.322570059 0.588264982 0.656632396 -0.344567505
10045.878274627 24.868732285 31.624056600 1.103254804 -0.311163941 0.593599415 0.663362621 -0.332816421
10045.911640571 24.844893525 31.659404651 1.096173177 -0.295089450 0.600988058 0.671925539 -0.316625394
10045.945007796 24.822761986 31.696804329 1.091782042 -0.280128990 0.608092116 0.678928927 -0.301342395
10045.978415340 24.808742288 31.722822237 1.090511903 -0.270091667 0.612733427 0.683232394 -0.291207373
10046.011736288 24.792355727 31.758852106 1.091944934 -0.255945609 0.619180311 0.688724079 -0.277068096
10046.045103131 24.779306084 31.795072311 1.094937752 -0.242182399 0.625319658 0.693663000 -0.262972723
10046.078469990 24.770651673 31.819318399 1.097989592 -0.233405005 0.629199233 0.696604122 -0.253718596
10046.111830906 24.759117731 31.853418646 1.101709282 -0.222475169 0.633982358 0.700173156 -0.241513398
10046.145192749 24.748092570 31.891265738 1.105814529 -0.213272020 0.637971684 0.703343504 -0.229815341
10046.178555490 24.739035509 31.914920307 1.107058776 -0.208777786 0.640189238 0.704831342 -0.223119597
10046.211922538 24.723012462 31.957655488 1.108543237 -0.203238977 0.643048864 0.707041281 -0.212778532
10046.245293495 24.708173038 31.998692609 1.109144985 -0.199847647 0.645092504 0.708759305 -0.203903965
10046.278666891 24.695831719 32.028479980 1.108908069 -0.198474486 0.646135623 0.709784419 -0.198299557
10046.312024796 24.677215742 32.072073589 1.108144780 -0.198098802 0.647124940 0.710999840 -0.190959169
10046.345403372 24.658001422 32.116687076 1.108256736 -0.198787070 0.647500058 0.712290398 -0.184037400
10046.378756769 24.645016516 32.146547545 1.108430214 -0.198891066 0.647609897 0.713420733 -0.179093895
10046.412114985 24.624390383 32.191598863 1.109095508 -0.196929080 0.648054282 0.715820097 -0.169841613
10046.445473963 24.606454113 32.234653025 1.112170196 -0.191583984 0.648712673 0.719345483 -0.158143989
10046.478836812 24.593093992 32.265496394 1.114289684 -0.185749918 0.649474678 0.722229405 -0.148540557
10046.512198196 24.574037643 32.308804347 1.116353120 -0.175703528 0.650652548 0.726552061 -0.133796992
10046.545563751 24.554984301 32.352709870 1.120382413 -0.165190623 0.651334986 0.730991791 -0.118851995
10046.578934931 24.544109171 32.378801751 1.122414855 -0.159352435 0.651487422 0.733490127 -0.110286780
10046.612309406 24.525306583 32.423073574 1.127229710 -0.150793310 0.651523225 0.737098131 -0.097289316
10046.645656886 24.506304395 32.464117441 1.132088149 -0.143945584 0.651368949 0.739963322 -0.086327534
10046.679027249 24.493309320 32.493325401 1.135327288 -0.139064439 0.651326086 0.741777551 -0.078749459
10046.712420026 24.475494474 32.535463280 1.137926484 -0.130956504 0.651330326 0.744366628 -0.067361150
10046.745758454 24.458198676 32.579596807 1.138740933 -0.121296113 0.651295081 0.747046721 -0.054983328
10046.779121122 24.446868810 32.610605374 1.137950109 -0.113828343 0.651276803 0.748842956 -0.045998493
10046.812494570 24.431007468 32.654816765 1.135433884 -0.102000043 0.651083506 0.751416369 -0.032553036
10046.845850876 24.414434374 32.699661920 1.131147905 -0.089726784 0.650716109 0.753761425 -0.019009580
10046.879213189 24.404488799 32.730569206 1.126963132 -0.081563471 0.650242395 0.755268993 -0.010048679
10046.912596704 24.389182884 32.777092834 1.120023364 -0.070479615 0.649550298 0.757041821 0.002171400
10046.945945725 24.374499306 32.824623164 1.112891059 -0.061095941 0.648695954 0.758481601 0.012903730
10046.979333505 24.363754187 32.857268107 1.108795831 -0.055982243 0.648236177 0.759140592 0.019010750
10047.012687398 24.349855510 32.904043431 1.104000531 -0.050324199 0.647880786 0.759617118 0.026453655
10047.046045373 24.335588404 32.951060132 1.102552592 -0.046554520 0.647936296 0.759584603 0.032287207
10047.079413601 24.324972163 32.984117819 1.103738030 -0.045306825 0.648342145 0.759186295 0.035155711
10047.112791927 24.309795714 33.032989170 1.108222457 -0.045546555 0.649097432 0.758386597 0.038050026
10047.146142115 24.293962642 33.080756202 1.114711819 -0.047967310 0.650228734 0.757198947 0.039388902
10047.179507049 24.282191135 33.113911131 1.120089344 -0.050166419 0.651115385 0.756260983 0.040017634
10047.212898436 24.264245435 33.160775300 1.128326110 -0.053918767 0.652454823 0.754816151 0.040596168
10047.246232341 24.244510470 33.209683430 1.135819033 -0.057992954 0.653997760 0.753141679 0.041247526
10047.279600500 24.232225926 33.239351153 1.139549077 -0.060510895 0.655048444 0.751998233 0.041816566
10047.312997722 24.211341808 33.292244528 1.144427567 -0.064652868 0.656857398 0.749998733 0.043130784
10047.346336495 24.193638184 33.342773766 1.146545311 -0.067026801 0.658562089 0.748160906 0.045372255
10047.379701048 24.181353255 33.379378720 1.145519910 -0.067187409 0.659779006 0.746915432 0.047904613
10047.413095957 24.166214425 33.431448486 1.143125569 -0.063773724 0.661245214 0.745505110 0.053942644
10047.446424625 24.152401542 33.484865850 1.140005657 -0.055318830 0.662337599 0.744476057 0.063278211
10047.479785027 24.144928962 33.514472771 1.138422924 -0.048038298 0.662719891 0.744018389 0.070223247
10047.513192426 24.131734475 33.569896387 1.136947229 -0.033220661 0.663235875 0.743013456 0.083340060
10047.546509529 24.120867073 33.620131601 1.136255342 -0.018640607 0.663367832 0.741890238 0.095888070
10047.579878918 24.112837929 33.651767642 1.137026216 -0.009659041 0.663486141 0.740939110 0.103450850
10047.613265537 24.102008381 33.704545282 1.139952344 0.003645619 0.663629960 0.739154632 0.115032234
10047.646608964 24.091418914 33.752493866 1.143522809 0.014707453 0.663729594 0.737288130 0.125111676
10047.679971623 24.084916196 33.786120441 1.146780633 0.021285980 0.663822741 0.735944025 0.131425519
10047.713390240 24.076291155 33.833347799 1.150300099 0.028979550 0.664016208 0.734032656 0.139422814
10047.746705218 24.067910234 33.883422730 1.153863251 0.034352170 0.664651075 0.731971854 0.145863232
10047.780069838 24.062230954 33.914854270 1.154721912 0.036535916 0.665379724 0.730531376 0.149194030
10047.813469343 24.053886697 33.970634705 1.155303100 0.038104439 0.667328192 0.727889508 0.152964044
10047.846808316 24.047019250 34.024842315 1.154451482 0.038391735 0.669734907 0.725162713 0.155307012
10047.880173436 24.042789226 34.064116830 1.152777775 0.038688048 0.671628590 0.723063372 0.156836324
10047.913558484 24.039509658 34.122645302 1.147892975 0.040001531 0.674277535 0.719953339 0.159426703
10047.946903392 24.036847053 34.182064745 1.141720853 0.042566320 0.676815263 0.716739582 0.162461008
10047.980268387 24.038264990 34.218521926 1.138686981 0.044450262 0.678256090 0.714797898 0.164489562
10048.013654381 24.037220095 34.283935468 1.130064630 0.046852723 0.681004774 0.711501612 0.166741644
10048.047006060 24.037033923 34.346717839 1.123205860 0.046540332 0.683968700 0.708726324 0.166516703
10048.080370534 24.035545429 34.391622296 1.119186770 0.044406723 0.686366067 0.706962145 0.164724590
10048.113764486 24.034381920 34.455635010 1.115227160 0.038490033 0.689997169 0.704865367 0.159960114
10048.147103520 24.030208678 34.521414646 1.113818658 0.028990719 0.693928908 0.703181920 0.152175543
10048.180468430 24.024609657 34.566600740 1.114467918 0.020350376 0.696598786 0.702347604 0.145064943
10048.213842473 24.015906894 34.633966666 1.115916652 0.005210880 0.700482152 0.701191746 0.132769485
10048.247203901 24.002765773 34.698832351 1.119436398 -0.012444064 0.703869086 0.700256138 0.118552925
10048.280567467 23.990076586 34.742653236 1.123823331 -0.026253328 0.705868859 0.699675936 0.107300984
10048.313949315 23.967662784 34.807693740 1.130369987 -0.047776761 0.708356367 0.698471244 0.089925300
10048.347305413 23.937794379 34.871029408 1.139459013 -0.072636611 0.709975064 0.696996044 0.069683898
10048.380669037 23.917473137 34.914549554 1.147058316 -0.090830579 0.710534644 0.695652273 0.054389717
10048.414055333 23.881095477 34.972622392 1.155357573 -0.119541851 0.710149175 0.693156175 0.030535410
10048.447401249 23.839838883 35.035244791 1.160988143 -0.151181339 0.708087376 0.689739945 0.003908815
10048.480761133 23.811483887 35.072585224 1.163953916 -0.173420615 0.705520939 0.686978084 -0.015053478
10048.514147858 23.756933316 35.124925076 1.166739816 -0.213781480 0.698701978 0.680913680 -0.049694920
10048.547504127 23.695068315 35.181767487 1.165924881 -0.258138965 0.688012252 0.672494931 -0.088056703
10048.580860244 23.628345422 35.236284970 1.162624930 -0.304730785 0.672996057 0.661589836 -0.128508148
10048.614242039 23.580970735 35.261956528 1.159491248 -0.338305678 0.659362621 0.652605400 -0.157785917
10048.647595525 23.508573463 35.302339769 1.155250470 -0.384370883 0.636681750 0.638212063 -0.198949080
10048.680963124 23.434987490 35.321912758 1.152120567 -0.428966733 0.609292106 0.622278003 -0.239834857
10048.714368593 23.384925669 35.328895449 1.151502762 -0.456965758 0.589042571 0.610986550 -0.266282895
10048.747702465 23.323283334 35.318131997 1.150328623 -0.494996093 0.557477799 0.593763324 -0.302725099
10048.781061902 23.259647125 35.305557313 1.150870947 -0.531925658 0.522486887 0.573766799 -0.338901472
10048.814437569 23.215048338 35.298088317 1.152194228 -0.556807778 0.496354777 0.558065409 -0.363538213
10048.847792394 23.153315804 35.274615931 1.153443538 0.591495431 -0.456302071 -0.532761311 0.397601510
10048.881159758 23.099604998 35.254447398 1.156044255 0.623363377 -0.414731852 -0.505010078 0.429395404
10048.914538610 23.065342775 35.232427797 1.158942730 0.644105009 -0.384705317 -0.484215776 0.450184005
10048.947894967 23.018322205 35.201008937 1.162554899 0.670192083 -0.342257929 -0.454342307 0.476733836
10048.981288051 22.976010362 35.169014986 1.165386153 0.690625275 -0.303325170 -0.426780389 0.498887833
10049.014658027 22.948931120 35.145762344 1.167061486 0.701804392 -0.278572944 -0.409348124 0.512154102
10049.047995019 22.912306829 35.111493648 1.168479578 0.713672802 -0.246639620 -0.387544145 0.528819029
10049.081369895 22.878509380 35.080106503 1.168227007 0.721154695 -0.220204318 -0.369973888 0.542738690
10049.114730805 22.857239083 35.056890385 1.167339576 0.724750553 -0.203538220 -0.359051166 0.551716493
10049.148085395 22.829911439 35.022920802 1.164881396 0.728436786 -0.181213129 -0.344155038 0.564002625
10049.181459079 22.804413671 34.990532869 1.160622696 0.731282708 -0.159405938 -0.328744041 0.575971096
10049.214831968 22.788746614 34.966845623 1.157226772 0.733025758 -0.144025928 -0.317350827 0.584138872
10049.248185757 22.763944537 34.940095067 1.151055407 0.735493060 -0.120701756 -0.298819231 0.595976603
10049.281564792 22.746932812 34.905461926 1.147239830 0.737632106 -0.096764590 -0.279229450 0.607096701
10049.314939871 22.743309224 34.871905936 1.146041554 0.738914694 -0.079718624 -0.265031678 0.614335597
10049.348292942 22.732037015 34.834506213 1.144682503 0.740335630 -0.054404168 -0.243271193 0.624309593
10049.381662172 22.721463228 34.799369649 1.147346435 0.741026943 -0.029509028 -0.221298468 0.633273459
10049.415026118 22.715327707 34.775069966 1.149743259 0.741264015 -0.013644405 -0.206868985 0.638393854
10049.448393104 22.711618302 34.733989133 1.149245100 0.740936376 0.009811532 -0.185481165 0.645378771
10049.481761946 22.708866761 34.694959331 1.149913618 0.740143732 0.031492941 -0.165041627 0.651119584
10049.515130640 22.710340148 34.668316229 1.148082959 0.739359728 0.045433862 -0.151791794 0.654402177
10049.548486449 22.716427128 34.627387492 1.148768591 0.737932449 0.066707883 -0.131197696 0.658629580
10049.581876565 22.720408080 34.584036860 1.145787935 0.735886798 0.086212221 -0.112004143 0.662188150
10049.615232611 22.723480221 34.557587457 1.143842359 0.734348209 0.096684007 -0.101419688 0.664152811
10049.648598637 22.730672497 34.511726506 1.139818077 0.731000735 0.112395249 -0.085441111 0.667611452
10049.681969068 22.736829515 34.468324667 1.136669408 0.727328348 0.123552324 -0.073639048 0.671048126
10049.715336207 22.743183875 34.443350342 1.135195248 0.724448081 0.129241522 -0.067685794 0.673713767
10049.748686966 22.746995012 34.396581502 1.134520228 0.719979886 0.134351041 -0.061488587 0.678084002
10049.782081987 22.751775129 34.349990669 1.135058085 0.715172763 0.136358684 -0.058079542 0.683052703
10049.815427865 22.754563167 34.317362192 1.135934145 0.711839456 0.136871085 -0.056534989 0.686552758
10049.848801595 22.759564246 34.269832840 1.137863630 0.707336729 0.137825029 -0.054227988 0.691186182
10049.882166548 22.765935802 34.221255824 1.140158733 0.703333312 0.140439352 -0.050550321 0.695013457
10049.915526021 22.771053825 34.188661927 1.142874981 0.700716923 0.143352552 -0.047172258 0.697295216
10049.948889877 22.778938278 34.141211744 1.147100106 0.697137222 0.148038985 -0.041891104 0.700235166
10049.982290969 22.786787786 34.094695394 1.151336247 0.693927449 0.152512821 -0.036830335 0.702743240
10050.015609699 22.794093673 34.065322358 1.154221275 0.691910905 0.155195974 -0.033570949 0.704305687
10050.048977951 22.803428915 34.017937093 1.156513395 0.689259827 0.159121776 -0.028973504 0.706230620
10050.082364839 22.812711621 33.969971411 1.157626735 0.687182583 0.162851416 -0.024628061 0.707568351
10050.115725305 22.819731699 33.935051050 1.156907723 0.685933080 0.164853421 -0.022046533 0.708401799
10050.149076413 22.828797577 33.884329166 1.154726000 0.684414856 0.166321801 -0.019253680 0.709607398
10050.182461761 22.837055584 33.833052076 1.151083077 0.683178955 0.165972760 -0.017937520 0.710913359
10050.215816259 22.843300844 33.796134013 1.147357809 0.682446823 0.165092604 -0.017388883 0.711834526
10050.249199163 22.852349322 33.740540666 1.140924062 0.681584137 0.163274318 -0.016943555 0.713090091
10050.282540505 22.862293571 33.682960763 1.132978918 0.680901167 0.161202135 -0.016338095 0.714227232
10050.315913627 22.868738620 33.645027813 1.127580629 0.680569802 0.159929436 -0.015734345 0.714842465
10050.349310399 22.878639775 33.584549619 1.120377376 0.680250429 0.157904072 -0.014614934 0.715620054
10050.382661591 22.889354455 33.526668473 1.114909794 0.680358797 0.156716706 -0.012702850 0.715814514
10050.415999288 22.896986606 33.486963570 1.112384697 0.680700242 0.156697609 -0.010491340 0.715529853
10050.449373962 22.907839523 33.430396645 1.110896643 0.681404123 0.158332764 -0.005935158 0.714551559
10050.482753514 22.920729011 33.372478423 1.111010170 0.682332106 0.161698574 0.000066479 0.712935105
10050.516102993 22.929036153 33.338838540 1.111283454 0.683022378 0.164158800 0.004099994 0.711699030
10050.549468829 22.943899870 33.280790732 1.112189965 0.684455828 0.168882476 0.011284494 0.709134394
10050.582846612 22.957922056 33.224678715 1.113663222 0.686077524 0.173355187 0.017718530 0.706350949
10050.616188717 22.967811065 33.185258733 1.113908779 0.687387710 0.176300404 0.022009230 0.704224323
10050.649553343 22.982118764 33.126957793 1.112223260 0.689584004 0.180201165 0.027888549 0.700873505
10050.682940598 22.996580496 33.066447537 1.107828174 0.692272782 0.182905797 0.032817125 0.697299721
10050.716310607 23.004935797 33.029309144 1.103823884 0.694125353 0.183443147 0.035003582 0.695207419
10050.749657765 23.018295009 32.962214427 1.095593409 0.697860412 0.182163011 0.036890640 0.691698319
10050.783028113 23.029185725 32.898848373 1.086702726 0.701870670 0.178451694 0.036615908 0.688615880
10050.816391379 23.036206231 32.854001304 1.080135884 0.705043763 0.174325626 0.035139536 0.686504976
10050.849748882 23.045954764 32.787429334 1.071041381 0.710230812 0.166212338 0.031298758 0.683349135
10050.883115901 23.053981110 32.720722588 1.062880506 0.715770599 0.156973942 0.026578643 0.679945003
10050.916480041 23.058657485 32.673458237 1.057115605 0.719998795 0.150227499 0.023461299 0.677113729
10050.949838044 23.065789659 32.608823475 1.050593291 0.726324685 0.141547298 0.019817694 0.672327356
10050.983232262 23.072726214 32.547433645 1.045288802 0.733098987 0.135776950 0.019004062 0.666160146
10051.016577710 23.077874982 32.506213027 1.042586081 0.737996262 0.133805357 0.020383129 0.661091651
10051.049936812 23.086128817 32.449614022 1.040364871 0.745331694 0.132867838 0.024515631 0.652859699
10051.083309083 23.093022648 32.398319521 1.040740220 0.752788085 0.132816300 0.029424103 0.644052911
10051.116661977 23.097243333 32.361762208 1.041750966 0.758175553 0.132318556 0.032624236 0.637649817
10051.150024759 23.102765691 32.313308797 1.041929543 0.766042523 0.129958565 0.035835267 0.628494596
10051.183394891 23.105572586 32.258589144 1.041413859 0.774393538 0.125080845 0.036550573 0.619139310
10051.216755331 23.106258926 32.225854179 1.039712890 0.779547245 0.120977480 0.035809669 0.613504857
10051.250120848 23.105639451 32.166654046 1.034390268 0.788369179 0.113046414 0.033269365 0.603810976
10051.283491588 23.104497602 32.110039837 1.025607640 0.797039128 0.104037154 0.029000148 0.594191796
10051.316870333 23.103146808 32.070213902 1.017834053 0.802982942 0.097574375 0.025521259 0.587406420
10051.350226289 23.101284452 32.010960051 1.004507511 0.811349600 0.088195594 0.019849468 0.577528668
10051.383588974 23.098529119 31.946566013 0.988087708 0.819678376 0.077977904 0.012957362 0.567343735
10051.416955155 23.096931934 31.908809419 0.976406185 0.824900645 0.070920533 0.007657925 0.560758914
10051.450318839 23.093997804 31.840831956 0.957373998 0.832242950 0.060118279 -0.000985073 0.551141085
10051.483690490 23.089331234 31.779781860 0.937785417 0.838940335 0.049038340 -0.010801259 0.541901918
10051.517052542 23.085115094 31.735144360 0.922494241 0.843657531 0.040117652 -0.019158429 0.535037848
10051.550423869 23.079491998 31.670716707 0.901736630 0.849158810 0.027782373 -0.031283145 0.526477748
10051.583790527 23.070466503 31.609984127 0.882323649 0.854230619 0.013416708 -0.046202029 0.517663418
10051.617172517 23.062434721 31.568705583 0.871915992 0.857153096 0.001772744 -0.058937928 0.511675432
10051.650521266 23.049521524 31.517024437 0.862091999 0.859745288 -0.013989689 -0.076635469 0.504746802
10051.683888246 23.033328500 31.459457175 0.855493252 0.861225142 -0.032146289 -0.097739024 0.497699663
10051.717265987 23.023517629 31.427323588 0.853743374 0.861377011 -0.044285338 -0.112045181 0.493471712
10051.750616785 23.008150889 31.385358329 0.854931534 0.860520977 -0.061393749 -0.132093047 0.488145350
10051.783983904 22.994070069 31.345082371 0.858608925 0.859072817 -0.075271419 -0.147731987 0.484255479
10051.817352718 22.983835087 31.318098385 0.861961403 0.858111661 -0.083982145 -0.156674843 0.481709840
10051.850718837 22.969556164 31.284114552 0.867591589 0.857254181 -0.092487034 -0.163526623 0.479395934
10051.884091500 22.954529745 31.255717820 0.873859113 0.856755202 -0.098411613 -0.165669644 0.478371454
10051.917461391 22.944699378 31.233582909 0.878464129 0.856314169 -0.102048681 -0.165870267 0.478329557
10051.950819000 22.930014717 31.218314760 0.886822425 0.855200649 -0.107522480 -0.166257175 0.478987805
10051.984207196 22.911970518 31.199591035 0.896318517 0.852828679 -0.115175030 -0.167921364 0.480853795
10052.017554091 22.899381792 31.182308681 0.901180715 0.850549094 -0.121288504 -0.170405268 0.482511536
10052.050924894 22.881226414 31.159233922 0.908447832 0.846248236 -0.131853038 -0.176303153 0.485176151
10052.084306029 22.859344589 31.133129490 0.915155526 0.840571162 -0.144374280 -0.184652608 0.488364212
10052.117652452 22.843134780 31.120436459 0.919741397 0.835895467 -0.153986420 -0.191533571 0.490797149
10052.151016151 22.818335609 31.097128871 0.926550629 0.828358493 -0.168845262 -0.202858096 0.494127592
10052.184388781 22.792046355 31.071546605 0.934489373 0.819903254 -0.185018510 -0.215468529 0.497091659
10052.217756671 22.774097858 31.050721196 0.939616679 0.813399589 -0.197026206 -0.224961664 0.498952937
10052.251114177 22.746452923 31.023941402 0.949584505 0.803571168 -0.214789656 -0.238862295 0.501082415
10052.284486252 22.716843641 30.997334735 0.960030491 0.792583389 -0.234038565 -0.253557352 0.502738690
10052.317847175 22.697499001 30.990707760 0.967879312 0.785422225 -0.246408209 -0.262655024 0.503395730
10052.351219611 22.663035560 30.979553811 0.981134289 0.773309929 -0.266855096 -0.277576195 0.503717746
10052.384584766 22.629401014 30.964344253 0.991640764 0.761114557 -0.287152433 -0.292247201 0.502831667
10052.417950268 22.606539412 30.963691466 0.998850790 0.752840131 -0.300862347 -0.302153321 0.501414953
10052.451314681 22.567206518 30.953817491 1.007934693 0.738649151 -0.324009427 -0.318986999 0.497657129
10052.484684781 22.528500897 30.949061084 1.013621301 0.724163051 -0.347054540 -0.335823273 0.492304532
10052.518070059 22.502443767 30.947357861 1.016098273 0.714886997 -0.361398160 -0.346282424 0.488279054
10052.551416717 22.459553799 30.946202704 1.016274600 0.699771648 -0.384103406 -0.362814077 0.480780781
10052.584785603 22.416210775 30.947958268 1.013001851 0.686074487 -0.404133642 -0.376924886 0.473186462
10052.618146908 22.384157388 30.949612367 1.010006268 0.677078183 -0.416890035 -0.385668415 0.468003961
10052.651516848 22.336162520 30.953386919 1.004315046 0.664944580 -0.433864977 -0.396935180 0.460491423
10052.684881836 22.288582390 30.961420441 0.999360607 0.653899736 -0.448847505 -0.406787759 0.453293251
10052.718273641 22.240505620 30.970006499 0.996441125 0.643465806 -0.462620900 -0.415661497 0.446272538
10052.751616704 22.204118077 30.966681337 0.994274736 0.637422934 -0.470595155 -0.420531674 0.442024110
10052.784984662 22.150854955 30.973622058 0.995202424 0.628899721 -0.481589570 -0.426320948 0.436814692
10052.818349610 22.102348111 30.981481486 0.998650424 0.622887954 -0.489816587 -0.429332506 0.433317327
10052.851713507 22.070932490 30.986755722 1.001431964 0.619501062 -0.494307342 -0.430831814 0.431581548
10052.885082182 22.021458770 30.998046113 1.008099592 0.613988718 -0.501349596 -0.432981915 0.429177234
10052.918449108 21.977164038 31.006104126 1.018132645 0.608082771 -0.507869651 -0.435865196 0.426995658
10052.951809640 21.947457999 31.013309319 1.025086712 0.603048251 -0.513082950 -0.438840170 0.424850560
10052.985199119 21.907402734 31.025479887 1.033325116 0.593721758 -0.522280132 -0.445170704 0.420167804
10053.018554015 21.864432787 31.040077052 1.039670904 0.582855791 -0.532570849 -0.453266313 0.413759674
10053.051907416 21.833954527 31.051251828 1.042770784 0.574480469 -0.540178349 -0.459632755 0.408555103
10053.085281681 21.789960940 31.069310956 1.044204288 0.561998595 -0.551079414 -0.469167841 0.400438006
10053.118646537 21.743662316 31.089253551 1.042860375 -0.548879467 0.561887811 0.479010954 -0.391869780
10053.152013767 21.712810372 31.102076449 1.040533773 -0.540677867 0.568324229 0.485112936 -0.386445927
10053.185375128 21.664592357 31.125261950 1.036340264 -0.527063451 0.578390708 0.495137510 -0.377501197
10053.218738787 21.618424454 31.147868186 1.033411420 -0.513187736 0.587861264 0.505256343 -0.368474572
10053.252110785 21.586419753 31.163662168 1.032896224 -0.503234716 0.594223854 0.512390173 -0.362089964
10053.285478309 21.541634094 31.187449625 1.033935745 -0.489159052 0.602624044 0.522172376 -0.353417165
10053.318857259 21.496023116 31.211481627 1.038502491 -0.476269266 0.609821998 0.530565983 -0.346098909
10053.352227323 21.467293276 31.227946156 1.044182630 -0.468972178 0.613599670 0.535037594 -0.342484036
10053.385574977 21.424118654 31.252759511 1.056309762 -0.459869840 0.618085295 0.540184162 -0.338661142
10053.418955918 21.382767996 31.275757866 1.070154210 -0.452173219 0.621775880 0.544121352 -0.335955486
10053.452314203 21.356795751 31.290315894 1.079063386 -0.447281757 0.624170071 0.546511492 -0.334179503
10053.485670052 21.314560156 31.313317687 1.093049783 -0.438665299 0.628483150 0.550660946 -0.330687478
10053.519037530 21.274063167 31.335478066 1.104549740 -0.429589304 0.633133308 0.554887154 -0.326642758
10053.552418989 21.250189693 31.349470407 1.109801074 -0.423954980 0.636135289 0.557360222 -0.323950076
10053.585771642 21.208650309 31.374731980 1.115556634 -0.413852934 0.641490243 0.561641496 -0.319021703
10053.619143883 21.170181399 31.398154087 1.116699347 -0.404357527 0.646444412 0.565509880 -0.314329745
10053.652516733 21.143740816 31.414873762 1.114752877 -0.397911512 0.649798730 0.568016554 -0.311103252
10053.685878708 21.102805185 31.441059207 1.108800338 -0.388464711 0.654559579 0.571515197 -0.306622416
10053.719249678 21.061941821 31.467388883 1.100396138 -0.380094889 0.658667479 0.574388687 -0.302923528
10053.752623567 21.032844590 31.485997389 1.094402959 -0.374876845 0.661093657 0.576124685 -0.300836957
10053.785971558 20.988313921 31.515618945 1.085045942 -0.368002438 0.664150736 0.578379217 -0.298254065
10053.819336221 20.942815233 31.544979794 1.078133863 -0.362017965 0.666677288 0.580326587 -0.296151040
10053.852715987 20.910343345 31.565582225 1.075283076 -0.358528661 0.667880323 0.581642197 -0.295102403
10053.886087874 20.861516956 31.595870339 1.074444252 -0.354905401 0.668820630 0.583015632 -0.294641974
10053.919446821 20.812688934 31.625294141 1.077297296 -0.353539601 0.668633154 0.583481923 -0.295784215
10053.952823468 20.777217358 31.645414202 1.079976080 -0.353718015 0.667905267 0.583388690 -0.297394951
10053.986162924 20.724911307 31.673657986 1.085787218 -0.355412706 0.666201773 0.582671783 -0.300583765
10054.019535869 20.670463546 31.702483350 1.092157612 -0.357647837 0.664183100 0.581967188 -0.303748293
10054.052925806 20.634281357 31.721208581 1.096655259 -0.358412509 0.663235424 0.581910274 -0.305024063
10054.086265694 20.579700158 31.750250588 1.103764886 -0.357679433 0.662836241 0.582825462 -0.305004954
10054.119628523 20.525708115 31.777676074 1.108960389 -0.354701468 0.663831038 0.584640342 -0.302838063
10054.153013638 20.487189084 31.796071070 1.111288277 -0.351887421 0.664928257 0.586223358 -0.300645689
10054.186373653 20.432585673 31.823231366 1.113507082 -0.347810364 0.666490288 0.588528191 -0.297410852
10054.219733642 20.375633788 31.851708427 1.112182542 -0.344427491 0.667748332 0.590454889 -0.294694574
10054.253126511 20.336723073 31.870706049 1.110249900 -0.342624297 0.668266039 0.591588917 -0.293345607
10054.286470119 20.280340766 31.897105717 1.106495937 -0.340892896 0.668350169 0.593126924 -0.292062558
10054.319830554 20.223743411 31.923042386 1.101637314 -0.339810573 0.667905464 0.594622734 -0.291298592
10054.353274970 20.182650432 31.940564363 1.098432365 -0.339217307 0.667328403 0.595817230 -0.290871536
10054.386568565 20.125727406 31.965196984 1.094972197 -0.337994727 0.666392318 0.598121628 -0.289709098
10054.419923239 20.068072479 31.989080163 1.093836636 -0.335462289 0.665835844 0.601482068 -0.286961677
10054.453320110 20.028947556 32.003637799 1.095071699 -0.332847702 0.665801163 0.604348356 -0.284049791
10054.486662448 19.974227925 32.024458764 1.099122714 -0.327877022 0.666268470 0.609058840 -0.278622169
10054.520035504 19.919085896 32.044672478 1.104624555 -0.322163329 0.667100557 0.614014940 -0.272347737
10054.553435416 19.882412131 32.057674162 1.108616368 -0.318021179 0.667741625 0.617498410 -0.267730023
10054.586761237 19.826965058 32.078240791 1.114232458 -0.312002504 0.668702652 0.622374565 -0.261038505
10054.620127190 19.773269152 32.097953114 1.118599058 -0.307121487 0.669369146 0.626405516 -0.255416264
10054.653522465 19.735323325 32.111587808 1.120243328 -0.304132131 0.669729833 0.628914019 -0.251858599
10054.686862231 19.682038263 32.132948442 1.120265044 -0.299659252 0.670411470 0.632404341 -0.246612131
10054.720240299 19.628526393 32.153907940 1.117689234 -0.294762125 0.671321745 0.635864222 -0.241079023
10054.753611194 19.591271539 32.168180362 1.113975623 -0.291505964 0.671928653 0.638136990 -0.237312748
10054.786985309 19.535540987 32.190248423 1.106483977 -0.287788238 0.672524712 0.640940610 -0.232558757
10054.820331095 19.479753805 32.213307679 1.097590999 -0.286386121 0.672326864 0.642758932 -0.229827181
10054.853724007 19.442126976 32.228964668 1.091168458 -0.286980032 0.671704671 0.643360405 -0.229221911
10054.887079260 19.379284650 32.253512460 1.081468628 -0.289766279 0.670152707 0.643658275 -0.229422923
10054.920424315 19.313062745 32.278145171 1.074233868 -0.293235418 0.668253410 0.643857816 -0.229994526
10054.953807260 19.273337235 32.293695560 1.070936557 -0.295336139 0.667141062 0.643983819 -0.230182991
10054.987169162 19.203053175 32.320437120 1.068310364 -0.299148020 0.665225144 0.644108749 -0.230455827
10055.020527854 19.137385580 32.345488888 1.069092635 -0.302422349 0.663510102 0.644390041 -0.230340060
10055.053897533 19.094371705 32.362004036 1.071046600 -0.304550889 0.662459126 0.644565361 -0.230069898
10055.087263170 19.022619649 32.388681934 1.076117887 -0.308185243 0.660693125 0.644802447 -0.229643757
10055.120626791 18.951201438 32.413193290 1.082418318 -0.312647795 0.658699525 0.644620897 -0.229848193
10055.154025739 18.905891265 32.427891635 1.086859100 -0.315906254 0.657394609 0.644195073 -0.230322112
10055.187357092 18.836532402 32.450176902 1.093805505 -0.321026063 0.655417513 0.643358027 -0.231215483
10055.220721671 18.763053246 32.474993843 1.100539164 -0.326433633 0.653380096 0.642291402 -0.232373167
10055.254101351 18.715641300 32.490265096 1.103170292 -0.329630404 0.652162623 0.641713327 -0.232877040
10055.287456889 18.647187032 32.512462274 1.104331916 -0.332672038 0.650884921 0.641541519 -0.232599687
10055.320822708 18.574830426 32.534520108 1.102976253 -0.333432680 0.650088681 0.642665266 -0.230626779
10055.354239180 18.532581225 32.546736824 1.101016667 -0.332537923 0.649939707 0.644050420 -0.228464361
10055.387555783 18.468258076 32.564359254 1.097294164 -0.330015411 0.649943832 0.646687080 -0.224630062
10055.420928388 18.399746701 32.580637968 1.092626152 -0.327290423 0.649702668 0.649573147 -0.220957348
10055.454314260 18.357050103 32.588519526 1.090145229 -0.325765136 0.649355179 0.651320407 -0.219081388
10055.487656202 18.287677251 32.599414899 1.087651978 -0.323302447 0.648739017 0.654081606 -0.216311046
10055.521023993 18.223518486 32.608777244 1.088429876 -0.319735725 0.648675721 0.656959734 -0.213055822
10055.554405126 18.179100254 32.615633504 1.090585316 -0.316165379 0.648977657 0.659328922 -0.210125740
10055.587755978 18.115785682 32.624738508 1.095042160 -0.310695999 0.649732740 0.662582931 -0.205667750
10055.621125898 18.053173863 32.634721673 1.099850281 -0.305978300 0.650365700 0.665297900 -0.201941676
10055.654494992 18.008696340 32.642776490 1.103039306 -0.303586531 0.650581891 0.666734432 -0.200109016
10055.687854026 17.947348297 32.650635088 1.108007837 -0.302129344 0.650448088 0.667852162 -0.199019183
10055.721233753 17.884621758 32.662853888 1.112250739 -0.302716659 0.649877648 0.667998144 -0.199499740
10055.754607497 17.843615923 32.670224503 1.114093267 -0.303749052 0.649472993 0.667703235 -0.200234200
10055.787967174 17.779145814 32.682461499 1.115028880 -0.305798813 0.648768620 0.667020468 -0.201668192
10055.821321751 17.715584848 32.695025468 1.112539595 -0.307865305 0.648233225 0.666170105 -0.203051794
10055.854688372 17.674371435 32.703567322 1.109456044 -0.309025772 0.648021434 0.665611288 -0.203796238
10055.888049870 17.610080236 32.717939943 1.102893344 -0.310498440 0.647749616 0.664938411 -0.204616867
10055.921424529 17.545693545 32.734097575 1.094837273 -0.312158120 0.647339089 0.664243352 -0.205645768
10055.954793134 17.504257587 32.744706687 1.089598341 -0.313555297 0.646980693 0.663676729 -0.206475805
10055.988170065 17.436229543 32.763539227 1.081949321 -0.316400558 0.646191842 0.662518540 -0.208317003
10056.021520130 17.370873496 32.782522036 1.076234020 -0.320034139 0.644927867 0.661256851 -0.210678840
10056.054902886 17.331378323 32.793483731 1.074138827 -0.322845785 0.643944317 0.660268663 -0.212489075
10056.088258962 17.260568772 32.813092379 1.073689340 -0.328923669 0.641896509 0.658064437 -0.216169582
10056.121618732 17.196142231 32.830877919 1.076733368 -0.335161156 0.639541835 0.655950993 -0.219958029
10056.154983934 17.153476592 32.841140257 1.079807955 -0.339615369 0.637901117 0.654455338 -0.222332580
10056.188349683 17.087172336 32.861085383 1.085711036 -0.346367131 0.635296167 0.652294081 -0.225701178
10056.221735993 17.020379682 32.876961222 1.092901806 -0.351534044 0.633033449 0.651058829 -0.227628797
10056.255093683 16.975426860 32.886850047 1.097704869 -0.354306062 0.631715100 0.650668697 -0.228108513
10056.288443901 16.912041500 32.902039474 1.103682411 -0.357206629 0.630274660 0.650582406 -0.227815299
10056.321825711 16.847572986 32.916217627 1.107754381 -0.359321906 0.629073207 0.650994999 -0.226627843
10056.355178266 16.802461062 32.925717254 1.108851977 -0.360628831 0.628339513 0.651379203 -0.225480459
10056.388531993 16.736133215 32.940836260 1.107799291 -0.362367862 0.627399582 0.651944391 -0.223668972
10056.421898076 16.674024741 32.954734799 1.104152166 -0.363564523 0.626728870 0.652641743 -0.221563800
10056.455266374 16.629338172 32.964203558 1.100614962 -0.363802041 0.626416739 0.653441468 -0.219691582
10056.488622996 16.561189946 32.977936481 1.095416289 -0.363266205 0.626305154 0.654977982 -0.216294617
10056.522010828 16.495166178 32.989901190 1.090216982 -0.362416804 0.626281512 0.656566367 -0.212946317
10056.555364365 16.452896165 32.998062550 1.087563360 -0.362098224 0.626172661 0.657473868 -0.210999496
10056.588720014 16.389133713 33.009848330 1.085412576 -0.362377366 0.625855701 0.658316156 -0.208823189
10056.622090663 16.327141072 33.022903398 1.085907637 -0.363360271 0.625677853 0.658435848 -0.207264977
10056.655464122 16.283446377 33.031072069 1.087952758 -0.363817352 0.625736738 0.658474911 -0.206158340
10056.688817968 16.223002940 33.046542650 1.092416404 -0.363109381 0.626602248 0.658828561 -0.203632337
10056.722213835 16.157977523 33.062793619 1.097530933 -0.360184828 0.628596823 0.659743634 -0.199677891
10056.755553300 16.116672310 33.073056920 1.100939452 -0.357498097 0.630239506 0.660522518 -0.196731490
10056.788923472 16.057307583 33.090620262 1.106739903 -0.353690423 0.632860710 0.661228778 -0.192787215
10056.822291460 15.996146235 33.110078429 1.111384186 -0.351409276 0.635519378 0.660635635 -0.190229335
10056.855651168 15.953830815 33.121922777 1.113429422 -0.351178123 0.637048995 0.659444075 -0.189673444
10056.889015806 15.896702463 33.141539318 1.114230104 -0.352516844 0.638816210 0.656843968 -0.190267513
10056.922399192 15.835308477 33.161006195 1.111733476 -0.355813672 0.639934581 0.653315817 -0.192506638
10056.955754708 15.791928126 33.173396537 1.107847517 -0.359152539 0.640290360 0.650421685 -0.194908544
10056.989149256 15.733789506 33.195892499 1.099887510 -0.365585183 0.640207446 0.645504721 -0.199513295
10057.022483058 15.673934354 33.214912466 1.090060684 -0.374591892 0.638903927 0.639529104 -0.206119413
10057.055848171 15.605998255 33.234398132 1.077331541 -0.389568864 0.635584282 0.630159942 -0.217180036
10057.089210615 15.564489857 33.245443317 1.069524780 -0.400681753 0.632690861 0.623212257 -0.225306213
10057.122593508 15.488478574 33.263424198 1.055557042 -0.424205998 0.626026408 0.607932306 -0.241988674
10057.155957645 15.416579840 33.279801890 1.044277960 -0.447485166 0.619100975 0.591644330 -0.257736292
10057.189323451 15.363517657 33.289847446 1.037786663 -0.462615557 0.614862602 0.580130750 -0.267168748
10057.222681659 15.287168709 33.306261862 1.030288120 -0.479997119 0.610883382 0.565695109 -0.276429561
10057.256040174 15.209106627 33.324493580 1.023720509 -0.492340952 0.609796966 0.554208917 -0.280357850
10057.289417926 15.156085069 33.338012557 1.019672004 -0.498433074 0.610418577 0.547961285 -0.280521053
10057.322772923 15.078960780 33.357115707 1.015838018 -0.505160859 0.612320281 0.540541338 -0.278731844
10057.356135798 15.001097152 33.375712715 1.013884066 -0.511480191 0.614758591 0.533214682 -0.275938385
10057.389498915 14.946023449 33.387596905 1.012479588 -0.516391591 0.616333091 0.527622959 -0.274020546
10057.422883905 14.864807107 33.405572102 1.009777044 -0.524944729 0.617946980 0.518042755 -0.272408270
10057.456236777 14.786087487 33.419368906 1.003648548 -0.534938429 0.618500321 0.507259800 -0.272003172
10057.489614316 14.731998999 33.430353420 0.997077995 -0.542442275 0.618346679 0.499285242 -0.272246231
10057.522960099 14.653576848 33.446229714 0.984486296 -0.553900156 0.617640289 0.487033150 -0.272972162
10057.556338068 14.571558424 33.465740773 0.967691833 -0.565635558 0.616893083 0.474259746 -0.273087958
10057.589697965 14.521976477 33.477590686 0.956248145 -0.572269878 0.616763779 0.466844699 -0.272333717
10057.623068930 14.439394979 33.500784877 0.935789751 -0.582014565 0.617454140 0.455472592 -0.269358773
10057.656427662 14.364784829 33.520694418 0.918203424 -0.589702022 0.618751156 0.446205740 -0.265139530
10057.689794157 14.316057571 33.534206153 0.906851090 -0.594990942 0.619585369 0.439537153 -0.262501126
10057.723189027 14.244052505 33.555923954 0.892124474 -0.604352822 0.620005783 0.427194746 -0.260490200
10057.756532756 14.177265322 33.579001383 0.880773250 -0.615759545 0.618960467 0.411305525 -0.261831794
10057.789901357 14.131894988 33.592084737 0.874678882 0.624381168 -0.617518399 -0.398496315 0.264612680
10057.823256782 14.066434481 33.621409628 0.864989561 0.639237910 -0.614511877 -0.374472326 0.271146684
10057.856621817 14.006616252 33.647312830 0.856091861 0.652058339 -0.612030498 -0.350980456 0.277581178
10057.889989767 13.970960802 33.668328728 0.849315657 0.659083038 -0.611473838 -0.335894424 0.280863368
10057.923361043 13.913294308 33.700664711 0.838433023 0.666408255 -0.613202464 -0.316441230 0.282396395
10057.956723881 13.857837409 33.742457840 0.825019032 0.669713823 -0.618424045 -0.301280221 0.279759403
10057.990107397 13.821426748 33.772329015 0.814356329 0.669897055 -0.623818913 -0.293574668 0.275502840
10058.023453839 13.772047703 33.819775095 0.796925246 0.668138857 -0.633200600 -0.284768240 0.267496761
10058.056830450 13.725147877 33.867993846 0.777692879 0.665271306 -0.643301222 -0.276543165 0.259039582
10058.090194282 13.692492297 33.905898398 0.762989547 0.663272907 -0.650119620 -0.270093895 0.253895289
10058.123553592 13.645093093 33.959779268 0.740888250 0.661032645 -0.659110453 -0.257998491 0.249090410
10058.156924503 13.597764887 34.016592170 0.718057267 -0.659328925 0.667136307 0.242772091 -0.247540358
10058.190286474 13.564563007 34.057793313 0.702541690 -0.658101348 0.672289187 0.231183462 -0.247959817
10058.223651829 13.520573992 34.117696279 0.683078774 -0.655653991 0.679569885 0.214687778 -0.249422880
10058.257014999 13.479472892 34.174372494 0.666704153 -0.651744378 0.687562347 0.199800185 -0.250134306
10058.290379408 13.450165251 34.217570970 0.656428583 -0.647936972 0.693809469 0.190834647 -0.249776376
10058.323755448 13.397022046 34.268666607 0.643941447 -0.641718333 0.703157981 0.178899686 -0.248518284
10058.357142304 13.357777836 34.323385280 0.633405330 -0.634984320 0.712357127 0.167902662 -0.247287148
10058.390483447 13.333386779 34.362475591 0.626410333 -0.630126541 0.718502759 0.160096780 -0.247109995
10058.423856464 13.304083637 34.421521123 0.617207025 -0.623218175 0.726580902 0.147883291 -0.248615830
10058.457221192 13.267261357 34.476133698 0.607672462 -0.616520254 0.733627323 0.134496110 -0.252199374
10058.490586138 13.243284293 34.515830464 0.600526581 -0.611852115 0.737912059 0.124430550 -0.256202694
10058.523961188 13.207627377 34.570791053 0.590200154 -0.605587482 0.742614044 0.109392508 -0.264237512
10058.557325150 13.168408882 34.622860259 0.579371333 -0.598952760 0.745962940 0.091944849 -0.276298803
10058.590688285 13.141212338 34.656121834 0.571287242 -0.594455585 0.747297499 0.080169950 -0.285905202
10058.624065293 13.104425835 34.707379459 0.559034347 -0.587509388 0.748684594 0.064879752 -0.300157817
10058.657438482 13.067167936 34.759949837 0.547836282 -0.579584624 0.750392307 0.052668175 -0.313399287
10058.690800785 13.049276912 34.795355852 0.541792933 -0.574298290 0.751942219 0.047519566 -0.320165996
10058.724168079 13.009110962 34.843348946 0.535214723 -0.564739934 0.755958551 0.043249993 -0.328214738
10058.757519198 12.976127787 34.897237197 0.530961429 -0.555373793 0.761180600 0.044806513 -0.331898208
10058.790886352 12.958475830 34.934519113 0.531046761 -0.548890717 0.765443227 0.048106233 -0.332417566
10058.824249505 12.925931895 34.990479192 0.533914746 -0.538647323 0.772364634 0.056257609 -0.331884039
10058.857619965 12.897578954 35.046196979 0.540739765 -0.528877496 0.778389060 0.065383132 -0.331849532
10058.890979323 12.881340250 35.078484596 0.546426373 -0.523331304 0.781162992 0.070724575 -0.333026665
10058.924350791 12.851721900 35.130091225 0.557165362 -0.514459800 0.784186512 0.079519835 -0.337726553
10058.957721411 12.828873272 35.179276715 0.569690791 -0.507097126 0.784814358 0.086843116 -0.345510060
10058.991072975 12.814376856 35.213184828 0.579117041 -0.502371148 0.784211179 0.091462108 -0.352520552
10059.024442645 12.795844837 35.258861651 0.592007147 -0.496271187 0.782580581 0.097621631 -0.362977355
10059.057804202 12.773149180 35.311777624 0.605080624 -0.489298122 0.780343320 0.105660603 -0.374816605
10059.091177495 12.763469332 35.340519050 0.612840670 -0.485259025 0.779020650 0.110736833 -0.381297601
10059.124541557 12.739140869 35.386335172 0.622502422 -0.478827399 0.776701968 0.119968448 -0.391236434
10059.157907263 12.712457515 35.438446874 0.629740349 -0.471856774 0.774597583 0.130663478 -0.400345882
10059.191271029 12.694283305 35.466077926 0.634694319 -0.467346331 0.773139013 0.138056630 -0.405935758
10059.224643575 12.673139006 35.515743447 0.642519370 -0.460860303 0.770338059 0.149024932 -0.414703057
10059.258009570 12.648569111 35.560785353 0.649481315 -0.455232112 0.766737984 0.158972458 -0.423797530
10059.291367464 12.634241228 35.592362173 0.654891151 -0.452028491 0.763997397 0.165032428 -0.429816842
10059.324736653 12.605990025 35.643309494 0.664164752 -0.447157380 0.759340755 0.174843284 -0.439183015
10059.358110102 12.578156510 35.689032653 0.675354152 -0.442640988 0.755701712 0.183944771 -0.446260237
10059.391469227 12.559733940 35.721585124 0.685502916 -0.439386028 0.753873849 0.190255267 -0.449907848
10059.424846398 12.529493136 35.771536452 0.700212601 -0.434401294 0.752085269 0.199139120 -0.453879802
10059.458206457 12.501100868 35.819631514 0.715861283 -0.429759671 0.750854627 0.206838450 -0.456882709
10059.491575589 12.481412945 35.848821763 0.726713472 -0.427062966 0.750133910 0.211548250 -0.458436123
10059.524945655 12.450005921 35.897845832 0.743333900 -0.422935222 0.749773433 0.218525594 -0.459578243
10059.558313289 12.418675190 35.944232441 0.758707637 -0.419186604 0.750697841 0.225519762 -0.458122449
10059.591672873 12.396292016 35.975688991 0.767004501 -0.416797860 0.752043324 0.230393240 -0.455663624
10059.625051114 12.363583838 36.017778782 0.776229728 -0.413779548 0.754644716 0.237777098 -0.450288674
10059.658405340 12.333436126 36.059278909 0.783085755 -0.411291738 0.757439600 0.245299726 -0.443793199
10059.691772988 12.308259440 36.090979948 0.786438519 -0.410323282 0.758710650 0.250522386 -0.439581037
10059.725155707 12.272041801 36.123746409 0.790727069 -0.410628032 0.758620178 0.257033264 -0.435676424
10059.758507778 12.232880276 36.166713123 0.795668815 -0.412973375 0.755831946 0.262511546 -0.435038791
10059.791871520 12.203955309 36.188388191 0.799705475 -0.416067676 0.752037044 0.266004474 -0.436542773
10059.825239269 12.171977721 36.215041484 0.806164232 -0.420276997 0.746507634 0.270079952 -0.439488815
10059.858609613 12.129037587 36.248952783 0.814508621 -0.425340271 0.740033025 0.274753316 -0.442659453
10059.891974473 12.097123622 36.275766222 0.821458602 -0.428721386 0.735905082 0.278602722 -0.443871836
10059.925338269 12.057324732 36.308817496 0.833643273 -0.432482817 0.731422002 0.286123013 -0.442847704
10059.958696780 12.016307687 36.339261972 0.847328344 -0.435065588 0.728860216 0.295493861 -0.438365255
10059.992074803 11.992029013 36.359338177 0.856194290 -0.436161357 0.727896827 0.301690313 -0.434640582
10060.025437657 11.948841629 36.385072029 0.871177713 -0.438088393 0.726443282 0.311577361 -0.428110109
10060.058806188 11.902967774 36.414829259 0.887034074 -0.440652300 0.724337712 0.321299340 -0.421814135
10060.092178414 11.874008129 36.434406241 0.896506937 -0.442955094 0.722354684 0.327260082 -0.418204895
10060.125533665 11.829379933 36.459970647 0.908836231 -0.446932496 0.718810759 0.335144127 -0.413812580
10060.158899155 11.786337738 36.487144758 0.918570190 -0.451219056 0.714967149 0.342803788 -0.409522774
10060.192269844 11.756999618 36.506280892 0.923249143 -0.454197670 0.712255622 0.348412651 -0.406208112
10060.225619162 11.712876085 36.532945473 0.928102274 -0.457993408 0.708707775 0.356494815 -0.401106936
10060.258980303 11.667183206 36.561161319 0.931804429 -0.461753699 0.705023884 0.365565612 -0.395078003
10060.292362703 11.636653090 36.581060344 0.933443112 -0.464227416 0.702381775 0.372033857 -0.390824203
10060.325723669 11.586407316 36.608999360 0.935922664 -0.467933871 0.698128004 0.381292086 -0.385060421
10060.359102718 11.538460816 36.636798560 0.937927472 -0.471738480 0.693475803 0.390255380 -0.379808971
10060.392474110 11.506388371 36.655428429 0.939330804 -0.474139851 0.690387107 0.395942352 -0.376545744
10060.425814306 11.452490638 36.684454925 0.943826696 -0.478240725 0.684844394 0.405273067 -0.371520802
10060.459189667 11.400391518 36.713205369 0.950549872 -0.481840538 0.679487946 0.414303353 -0.366713183
10060.492565051 11.365944940 36.732189110 0.956594697 -0.484143730 0.675883642 0.420180068 -0.363641117
10060.525910008 11.312233710 36.762155081 0.967100844 -0.487708248 0.670311048 0.428248868 -0.359759185
10060.559267813 11.256237156 36.787473500 0.979459109 -0.491950836 0.664077505 0.435095843 -0.357319254
10060.592657791 11.217039106 36.805052350 0.988886050 -0.495450223 0.659247919 0.439000182 -0.356651228
10060.626010210 11.160882821 36.832722799 1.001437656 -0.501025962 0.651981021 0.443225183 -0.356994637
10060.659370781 11.098767855 36.854782508 1.016261744 -0.507163871 0.644133772 0.446785261 -0.358133246
10060.692762654 11.061038158 36.865821355 1.025170415 -0.510804315 0.639479010 0.448562176 -0.359078714
10060.726121029 10.997220196 36.886855514 1.037353316 -0.517288021 0.631395270 0.450637130 -0.361495912
10060.759469255 10.933137407 36.907785969 1.046847789 -0.524889382 0.622283594 0.451458408 -0.365293816
10060.792858487 10.889940338 36.919366436 1.051359773 -0.530563479 0.615658946 0.451189918 -0.368638190
10060.826207438 10.820334242 36.934467228 1.054840744 -0.539636709 0.605090769 0.449975530 -0.374405402
10060.859568485 10.753941405 36.948123377 1.055224138 -0.548721951 0.594283141 0.448280138 -0.380495316
10060.892948669 10.715894909 36.956352737 1.055102412 -0.554400125 0.587275770 0.447253081 -0.384333648
10060.926305421 10.655712771 36.968963549 1.054465692 -0.563007218 0.576096215 0.446039945 -0.390108179
10060.959667980 10.592693531 36.973455214 1.053657184 0.569526192 -0.566579049 -0.446053270 0.394543506
10060.993110456 10.546897366 36.975651511 1.053589064 0.572945968 -0.560513367 -0.447522807 0.396586712
10061.026405394 10.492489921 36.978360510 1.054731991 0.574956718 -0.554767715 -0.451338453 0.397430693
10061.059768331 10.436803047 36.974159439 1.057416211 0.574844975 -0.550532001 -0.457239004 0.396737020
10061.093235101 10.391966846 36.968645833 1.059274766 0.574400546 -0.547818302 -0.461424133 0.396291420
10061.126511246 10.338284816 36.961133916 1.063966399 0.574959735 -0.542744905 -0.466049419 0.397048121
10061.159881035 10.278594501 36.948885432 1.066522096 0.578142111 -0.535356743 -0.467435895 0.400809857
10061.193268043 10.237557256 36.937803536 1.067549976 0.581910532 -0.529163153 -0.466364251 0.404809679
10061.226619567 10.170420861 36.917338423 1.068150625 0.591210703 -0.516142575 -0.460884457 0.414309381
10061.259987041 10.113387890 36.899118956 1.069556197 0.602294649 -0.501659277 -0.452705673 0.425013763
10061.293371344 10.043222703 36.874733345 1.068000992 0.614491900 -0.485905118 -0.442111647 0.436844610
10061.326710644 9.997231594 36.856469815 1.066218541 0.623158564 -0.474300670 -0.434121569 0.445253570
10061.360082128 9.922836536 36.833090098 1.063585311 0.635470233 -0.457194490 -0.422183938 0.457068381
10061.393474978 9.851609201 36.802814667 1.060571127 0.646795489 -0.440375673 -0.410572753 0.468139804
10061.426822026 9.801330184 36.782353304 1.057875811 0.654016567 -0.429008156 -0.402904787 0.475270517
10061.460175614 9.736916249 36.748672910 1.054396914 0.664031482 -0.412002844 -0.391996066 0.485443026
10061.493556718 9.674283165 36.710814571 1.052393560 0.672785846 -0.395648904 -0.382328896 0.494616787
10061.526917431 9.627944022 36.680888135 1.051724248 0.678519013 -0.384213504 -0.375798007 0.500767202
10061.560280262 9.573536717 36.635723292 1.054028281 0.686978664 -0.366278266 -0.365959184 0.509876870
10061.593671069 9.514705889 36.583508610 1.056650090 0.695961854 -0.346580400 -0.354591517 0.519407336
10061.627015639 9.477983206 36.547654892 1.058543734 0.702409581 -0.332236874 -0.345702516 0.526050578
10061.660380069 9.420588486 36.487811227 1.062120090 0.714275148 -0.305111125 -0.327693141 0.537899080
10061.693771934 9.362651889 36.423684213 1.065538922 0.726710419 -0.274992478 -0.306217088 0.550001999
10061.727131480 9.327506773 36.377066770 1.068565200 0.734948476 -0.253557849 -0.290395055 0.557879797
10061.760488452 9.274853098 36.305687282 1.072843894 0.746911001 -0.219836242 -0.264685229 0.568979536
10061.793870651 9.228914289 36.233000923 1.077218625 0.757060033 -0.186692517 -0.239094323 0.578653537
10061.827227368 9.199335645 36.178426008 1.079598281 0.763147662 -0.163627215 -0.221275409 0.584695625
10061.860583780 9.159018174 36.105103265 1.081194310 0.770336152 -0.131537898 -0.196308944 0.592235420
10061.893975500 9.121331219 36.020921687 1.082137035 0.775918162 -0.098470860 -0.170992512 0.599179487
10061.927321161 9.099478930 35.962061329 1.081521458 0.778684270 -0.076546778 -0.154515800 0.603254727
10061.960683324 9.070479752 35.889467845 1.078659651 0.781020493 -0.048717368 -0.134148712 0.607978397
10061.994077909 9.043182145 35.808686482 1.076754203 0.781842308 -0.019597256 -0.113937327 0.612663724
10062.027419076 9.027159019 35.749611272 1.076886044 0.781259841 -0.002441064 -0.102937955 0.615654838
10062.060784443 9.008082249 35.671698929 1.079206486 0.779112084 0.018449879 -0.091216826 0.619938266
10062.094162828 8.986881378 35.593471260 1.082577502 0.775739029 0.033256822 -0.085032531 0.624413654
10062.127521527 8.973979179 35.540734276 1.086654612 0.772964062 0.040748525 -0.083218844 0.627646987
10062.160888520 8.971071941 35.477179124 1.095548610 0.769245077 0.048243491 -0.082963421 0.631705349
10062.194279337 8.957922411 35.406061444 1.103001526 0.765188057 0.055312525 -0.083397576 0.635981608
10062.227618326 8.947098508 35.359527457 1.107814312 0.762765383 0.060032045 -0.083124438 0.638494676
10062.261007663 8.943123352 35.303855754 1.115456134 0.760020302 0.066399705 -0.082332003 0.641234482
10062.294364564 8.927752466 35.243097154 1.119620535 0.757611741 0.071418907 -0.081958487 0.643588841
10062.327718971 8.917611473 35.199614518 1.121996419 0.756172587 0.073374371 -0.082752510 0.644958326
10062.361115426 8.910106135 35.142612330 1.123139866 0.754262588 0.073640288 -0.085982026 0.646739628
10062.394470663 8.893410214 35.089915945 1.121904315 0.752494174 0.070613512 -0.091889064 0.648322952
10062.427825955 8.881990184 35.046587901 1.120154280 0.751304443 0.067401673 -0.097083916 0.649286810
10062.461192653 8.866724996 34.988265102 1.116976596 0.749938721 0.062406384 -0.104896432 0.650149288
10062.494580116 8.851125863 34.928147099 1.111302047 0.749000835 0.057784331 -0.112417800 0.650400614
10062.527918531 8.838922070 34.881903174 1.106825357 0.748561632 0.054961696 -0.117290276 0.650290463
10062.561285666 8.824005670 34.825190128 1.099219527 0.748328453 0.051146649 -0.123604164 0.649700360
10062.594653713 8.805321519 34.753567541 1.093129190 0.748577740 0.047205769 -0.130149115 0.648432102
10062.628010791 8.793306649 34.706616800 1.090502922 0.748955254 0.045116329 -0.133752516 0.647410850
10062.661384491 8.776138851 34.636070669 1.086751447 0.750017105 0.042944323 -0.137923588 0.645451169
10062.694754682 8.759498142 34.562090477 1.082174311 0.751827140 0.042411269 -0.140297611 0.642863761
10062.728124615 8.749216118 34.512079028 1.079258748 0.753328294 0.042998767 -0.141069609 0.640895430
10062.761484236 8.735496924 34.439591101 1.072566688 0.755869555 0.044834719 -0.140968572 0.637792228
10062.794859504 8.723757448 34.371983641 1.063626209 0.758542403 0.046986636 -0.140354628 0.634591410
10062.828215472 8.713855295 34.318347024 1.056516956 0.760782348 0.048358644 -0.140072357 0.631863431
10062.861582184 8.699903666 34.245870298 1.045911667 0.763731233 0.049337877 -0.140290229 0.628171179
10062.894945613 8.686829872 34.173544814 1.035935299 0.766806643 0.048494933 -0.141826629 0.624132214
10062.928309938 8.677933565 34.123178597 1.029846365 0.768770796 0.046455600 -0.144176768 0.621326324
10062.961675585 8.666437834 34.051063968 1.021314928 0.771261906 0.041639555 -0.149170828 0.617389086
10062.995036626 8.654287293 33.973112596 1.014386474 0.773248091 0.034178696 -0.156753466 0.613471725
10063.028402400 8.645998594 33.923209279 1.012651664 0.774394713 0.028628779 -0.162465061 0.610817751
10063.061774769 8.634601080 33.851829392 1.011522212 0.776118856 0.021880043 -0.169297815 0.607041213
10063.095153067 8.622981239 33.776286146 1.014650830 0.778415221 0.015796239 -0.175068478 0.602636915
10063.128501726 8.616649619 33.728646867 1.018295830 0.780227910 0.012991260 -0.177458971 0.599653191
10063.161872019 8.606759819 33.658254357 1.022972626 0.783559303 0.010831921 -0.178551243 0.595010035
10063.195241047 8.595811941 33.580607145 1.026655745 0.787878941 0.010614638 -0.177109939 0.589717028
10063.228603853 8.590560759 33.529867738 1.028942372 0.791072041 0.011363514 -0.175074596 0.586024557
10063.261983140 8.581698569 33.459090631 1.029470063 0.795654397 0.013150429 -0.171261542 0.580887795
10063.295343221 8.572159620 33.376900396 1.027045393 0.800958971 0.015177721 -0.166685233 0.574848151
10063.328704682 8.568652296 33.328691507 1.023891368 0.803839883 0.016185631 -0.164397465 0.571448108
10063.362164153 8.560795448 33.248808266 1.016441423 0.808314661 0.017497915 -0.160949175 0.566053526
10063.395456939 8.552239133 33.166344848 1.006808145 0.812229191 0.018820455 -0.157872526 0.561253773
10063.428809671 8.548245030 33.107515448 1.000454839 0.814862451 0.020393694 -0.155179634 0.558124148
10063.462178773 8.545335839 33.019366756 0.990299116 0.818736235 0.025524097 -0.148417763 0.554068286
10063.495551784 8.548944394 32.936871985 0.981361294 0.822750010 0.034396477 -0.137859300 0.550358172
10063.528907608 8.554510317 32.866179769 0.974950485 0.825969358 0.044965085 -0.125902234 0.547632530
10063.562291315 8.566707008 32.777765833 0.970820658 0.829542844 0.061537119 -0.107713923 0.544490187
10063.595652309 8.584236647 32.685574528 0.968604489 0.832102253 0.081195840 -0.086487569 0.541786837
10063.629004618 8.600267338 32.621808159 0.968619517 0.833177588 0.096629394 -0.070112771 0.539964875
10063.662402966 8.627938188 32.530834767 0.970379862 0.833281349 0.119841588 -0.045848908 0.537752792
10063.695751653 8.661811978 32.441224461 0.974548257 0.831290187 0.143257459 -0.022061000 0.536607154
10063.729138116 8.685652517 32.381352138 0.977683716 0.828825387 0.157769223 -0.007687784 0.536747844
10063.762478013 8.715941321 32.296954186 0.982163805 0.824244116 0.174121360 0.008266970 0.538734672
10063.795844286 8.743885266 32.209133570 0.985878078 0.818326778 0.185375704 0.018760914 0.543714227
10063.829236708 8.761995954 32.154138615 0.988872053 0.813893549 0.189094620 0.021601972 0.548957075
10063.862606760 8.784564595 32.075314307 0.991847898 0.807190951 0.189410281 0.020738071 0.558691727
10063.895947427 8.801163775 32.001070791 0.995069250 0.800283991 0.184675301 0.015231407 0.570270612
10063.929325163 8.811228971 31.949852083 0.997396665 0.795200597 0.178982393 0.009258472 0.579254343
10063.962681826 8.824575778 31.885357497 1.001846787 0.787766835 0.168345581 -0.001079662 0.592521741
10063.996070692 8.832078557 31.821851987 1.007255978 0.780096236 0.156481637 -0.011764847 0.605660754
10064.029410220 8.833272091 31.779860885 1.011456219 0.775169795 0.148883386 -0.018299916 0.613686109
10064.062779452 8.832190811 31.712015267 1.020552902 0.767206414 0.137955842 -0.026988793 0.625806766
10064.096151939 8.828063430 31.652133085 1.030388443 0.760428265 0.130180847 -0.032554277 0.635406972
10064.129519820 8.824753220 31.616939278 1.036843512 0.756503246 0.126127965 -0.035253998 0.640743108
10064.162884045 8.815727897 31.563739355 1.049475052 0.750356554 0.120114612 -0.039322013 0.648838425
10064.196261803 8.806296161 31.520491432 1.062481130 0.745088717 0.114855376 -0.043251366 0.655576362
10064.229622091 8.798721104 31.491189387 1.070826141 0.742048175 0.111944072 -0.045733528 0.659349282
10064.262986848 8.788213778 31.462399567 1.081191010 0.738191728 0.107343124 -0.049860769 0.664126743
10064.296350567 8.771992429 31.418670350 1.088837074 0.735503853 0.103574030 -0.053978310 0.667377587
10064.329724197 8.761808978 31.385899651 1.093109423 0.733963056 0.100178038 -0.057596054 0.669287149
10064.363089779 8.742019982 31.336100136 1.095791381 0.732732569 0.094282103 -0.063384101 0.670966708
10064.396450021 8.720975476 31.281310104 1.096474999 0.732339813 0.086285612 -0.070517393 0.671759249
10064.429809863 8.708868769 31.243852390 1.095298055 0.732452019 0.079490344 -0.076084976 0.671867845
10064.463184566 8.688320521 31.187935818 1.092560888 0.733060720 0.068098917 -0.084778241 0.671414305
10064.496549570 8.667629406 31.131170813 1.088974806 0.733771634 0.055272149 -0.093903619 0.670601438
10064.529922869 8.654014389 31.088916655 1.086800937 0.734212803 0.046162802 -0.099975563 0.669929430
10064.563278463 8.635336942 31.030851169 1.083223347 0.734904557 0.034501753 -0.107075750 0.668774779
10064.596653399 8.614753145 30.967993757 1.080474904 0.735716451 0.025437165 -0.111625417 0.667543272
10064.630004555 8.601784521 30.925264131 1.078833985 0.736430783 0.021217875 -0.113009930 0.666669528
10064.663372878 8.584163740 30.868633801 1.076164595 0.737689942 0.017773952 -0.112975738 0.665382686
10064.696730518 8.566541517 30.807208202 1.075020494 0.739319933 0.016336280 -0.111071220 0.663929474
10064.730107005 8.555723396 30.766273629 1.074992386 0.740627175 0.016180059 -0.109097814 0.662802580
10064.763470081 8.541864679 30.715742446 1.075367262 0.742413913 0.016102194 -0.106400345 0.661242216
10064.796834146 8.525080013 30.659052379 1.074701351 0.744461791 0.014977671 -0.104332783 0.659292789
10064.830213156 8.513545775 30.623113521 1.073299123 0.745665836 0.012722823 -0.104345462 0.657976151
10064.863571147 8.492229005 30.564544320 1.070261792 0.746933079 0.005498174 -0.107832725 0.656073813
10064.896945645 8.467793592 30.506429050 1.065220492 0.747411391 -0.005934415 -0.115287836 0.654255080
10064.930294569 8.449095958 30.464989401 1.061064135 0.747114254 -0.016631055 -0.123064115 0.652992284
10064.963666035 8.417679984 30.400508696 1.054081614 0.745587336 -0.035723131 -0.137502603 0.651088640
10064.997034317 8.386016457 30.338363331 1.047213040 0.742941487 -0.057073238 -0.154488171 0.648778852
10065.030406440 8.363888477 30.299529442 1.043647126 0.740369980 -0.072664722 -0.166924873 0.647076670
10065.063769409 8.328677792 30.234230893 1.040144701 0.736689666 -0.093380783 -0.183046655 0.644253279
10065.097156413 8.293489341 30.165710011 1.039457278 0.733342087 -0.110610970 -0.196078584 0.641504314
10065.130519107 8.270356688 30.127498827 1.040530758 0.731449486 -0.120735254 -0.203129350 0.639642959
10065.163860911 8.237332963 30.070741241 1.043937249 0.729914877 -0.130973070 -0.209428709 0.637346015
10065.197232974 8.206755691 30.017509745 1.047927108 0.729392436 -0.137936229 -0.212994042 0.635290335
10065.230594019 8.185818801 29.982402243 1.051052087 0.729292967 -0.142351344 -0.214987203 0.633757340
10065.263964019 8.157782656 29.939820668 1.056289395 0.729230520 -0.148469178 -0.218083273 0.631363158
10065.297332028 8.126853763 29.891644630 1.059923675 0.728993668 -0.156526215 -0.222956189 0.627979549
10065.330699026 8.105677009 29.859593698 1.060898098 0.728401264 -0.163439408 -0.227910487 0.625120763
10065.364083026 8.072980402 29.811641003 1.060285386 0.726435944 -0.176277183 -0.237772164 0.620227033
10065.397432987 8.038316621 29.763222007 1.056128802 0.723458324 -0.191240466 -0.249829097 0.614508389
10065.430793055 7.996914926 29.709335720 1.049051145 0.718704312 -0.210935376 -0.265931381 0.606836782
10065.464166006 7.970641743 29.677093259 1.043891141 0.715354274 -0.223276242 -0.276193088 0.601775175
10065.497531006 7.930763596 29.623589032 1.035837465 0.710593126 -0.239300683 -0.289649871 0.594891204
10065.530898077 7.888971728 29.567282254 1.029262384 0.706547422 -0.252600684 -0.300407606 0.588845400
10065.564266077 7.864056567 29.531712643 1.026265376 0.705039845 -0.257801179 -0.304458632 0.586312468
10065.597632085 7.824402984 29.473757953 1.022962750 0.704461868 -0.261631065 -0.306978981 0.583991924
10065.631000085 7.789226851 29.420156945 1.022185706 0.705659517 -0.260075806 -0.305254773 0.584144456
10065.664372147 7.767313270 29.383875807 1.022653588 0.707580139 -0.256258431 -0.302046034 0.585175322
10065.697733147 7.739226572 29.332164619 1.025374459 0.711123329 -0.248004439 -0.295525009 0.587760477
10065.731112150 7.714982086 29.280089940 1.030006842 0.715172863 -0.237816022 -0.288127508 0.590723162
10065.764462917 7.699324850 29.242883509 1.034391981 0.718129399 -0.229899535 -0.282721477 0.592878517
10065.797841832 7.678701055 29.189913348 1.041227762 0.722441736 -0.217719385 -0.274855787 0.595928271
10065.831208861 7.660033116 29.137364080 1.047723810 0.726299348 -0.206032538 -0.267647726 0.598668978
10065.864568861 7.646794950 29.097981265 1.051593844 0.729154818 -0.196922090 -0.262248853 0.600650049
10065.897926831 7.628957956 29.039533572 1.055885672 0.732906790 -0.183511150 -0.254154566 0.603801914
10065.931294869 7.612472747 28.978194246 1.057049753 0.737010461 -0.167517823 -0.244054545 0.607610680
10065.964666795 7.603467086 28.933461438 1.056896370 0.740483418 -0.153054271 -0.234093587 0.611112830
10065.998060940 7.596624620 28.864812542 1.055384950 0.746813005 -0.123847386 -0.212459652 0.617894050
10066.031397289 7.598198300 28.792916483 1.053478036 0.753586112 -0.085860448 -0.182301969 0.625701165
10066.064767342 7.605979652 28.735892066 1.052563782 0.758258723 -0.050391223 -0.153434186 0.631634692
10066.098132338 7.626357872 28.654385636 1.052212908 0.762430675 0.007106869 -0.105626798 0.638350951
10066.131496125 7.659252103 28.577261105 1.053479819 0.761822760 0.072833734 -0.049676979 0.641758153
10066.164863509 7.688527392 28.527676285 1.055300062 0.757488845 0.122355683 -0.006435390 0.641247474
10066.198230944 7.733824663 28.464496814 1.058788525 0.745056456 0.194793515 0.058110236 0.635271253
10066.231593382 7.787669032 28.411614601 1.064586030 0.721447427 0.276060629 0.131512066 0.621295997
10066.264969907 7.826282348 28.388690074 1.068145698 0.700024826 0.330037045 0.180518107 0.607004123
10066.298334155 7.880331066 28.368474598 1.073485444 0.661920133 0.403966475 0.247611102 0.580828346
10066.331694954 7.933754524 28.363586003 1.079183667 0.616466705 0.472171633 0.309158613 0.549038890
10066.365066285 7.966166691 28.365357275 1.082017727 0.585011256 0.511476284 0.344177388 0.526968468
10066.398432323 8.011474125 28.375356887 1.085518077 0.537588500 0.561504486 0.388613419 0.494662437
10066.431800183 8.050636210 28.391316216 1.087239615 0.495128713 0.599113394 0.421816466 0.466884962
10066.465167011 8.074371892 28.406164879 1.087469179 0.469089192 0.619576865 0.439884576 0.450090433
10066.498537551 8.109190704 28.435053107 1.086795573 0.429730898 0.647779726 0.464738484 0.423946840
10066.531898309 8.139563548 28.470182423 1.083689944 0.391108425 0.672967775 0.487005888 0.396199241
10066.565273725 8.157389644 28.499913607 1.081334206 0.363396262 0.689958027 0.501765769 0.374342345
10066.598643151 8.177214807 28.546339614 1.075832931 0.321207837 0.713557097 0.522227628 0.339028169
10066.632004929 8.189234305 28.599455249 1.069816955 0.275963024 0.735886886 0.541185231 0.299054252
10066.665368905 8.193318254 28.638895223 1.064138587 0.243081175 0.750126996 0.553016928 0.269060049
10066.698730346 8.192955245 28.695782806 1.055016355 0.198120325 0.766836128 0.566597276 0.227328433
10066.732113254 8.185499708 28.758451664 1.044087265 0.153209521 0.780146420 0.577409711 0.185732149
10066.765468033 8.177891906 28.799892236 1.036281206 0.127119810 0.786294765 0.582581456 0.161802177
10066.798844183 8.166182057 28.861065795 1.026127754 0.095837756 0.792161842 0.587779140 0.133455697
10066.832208232 8.156048073 28.920937133 1.012980243 0.070978584 0.795325027 0.591539919 0.111806375
10066.865581207 8.145772255 28.961771208 1.004000209 0.056605951 0.796414147 0.593766101 0.099810269
10066.898942143 8.130822736 29.022646780 0.991581455 0.038733452 0.796884092 0.596831754 0.085248583
10066.932310013 8.115889172 29.082629648 0.981282259 0.023889740 0.796572411 0.599654211 0.072914343
10066.965674616 8.105937114 29.125204338 0.975665848 0.014233449 0.795911878 0.601771628 0.064750279
10066.999053420 8.092307716 29.186017484 0.970523586 0.001329615 0.794460205 0.604959939 0.053429280
10067.032414208 8.082062464 29.250758180 0.972924150 -0.011213729 0.792214939 0.608701945 0.041853135
10067.065767623 8.073894058 29.288996945 0.973116269 -0.019039586 0.790319955 0.611429839 0.034429847
10067.099139920 8.069592734 29.345785408 0.974551261 -0.029230720 0.786979583 0.615805271 0.024342740
10067.132507566 8.061322195 29.398888612 0.980911785 -0.037634844 0.782835273 0.620883343 0.016013367
10067.165872352 8.056872054 29.432544094 0.986535888 -0.041641988 0.779645453 0.624720378 0.011973347
10067.199233732 8.058738092 29.482526835 0.998414410 -0.044495790 0.774961526 0.630386365 0.008233425
10067.232622843 8.047432866 29.526056477 1.006362930 -0.045280228 0.769423087 0.637097614 0.006666660
10067.265966787 8.047834304 29.555608739 1.012525592 -0.044561404 0.765547817 0.641799419 0.006657864
10067.299329266 8.048126702 29.595386764 1.024906148 -0.042040596 0.759753697 0.648801823 0.007943801
10067.332714509 8.052775603 29.639022651 1.032286292 -0.038605686 0.753445961 0.656297434 0.010122357
10067.366072134 8.058995202 29.668171058 1.036695464 -0.035969580 0.748863448 0.661640294 0.011909962
10067.399429792 8.070167800 29.706306757 1.045423690 -0.031747540 0.742267679 0.669176979 0.015262948
10067.432818394 8.085284613 29.742894281 1.058119177 -0.025584145 0.734604888 0.677698798 0.020626426
10067.466164411 8.097167913 29.768635456 1.061157419 -0.021172459 0.729328097 0.683377419 0.025051073
10067.499533495 8.115713392 29.801828752 1.065110708 -0.014578280 0.722069729 0.690943173 0.031627721
10067.532926540 8.139252297 29.841180602 1.068096945 -0.006648437 0.713704276 0.699265760 0.040117358
10067.566268512 8.156446852 29.864077387 1.067648482 -0.001188970 0.708102362 0.704597407 0.046174952
10067.599626852 8.183180108 29.912388699 1.067762073 0.006877144 0.700256183 0.711722498 0.055182137
10067.633017059 8.214371166 29.950944643 1.070985788 0.014540210 0.692252521 0.718656252 0.064095403
10067.666366248 8.236014169 29.971532665 1.071402798 0.018356094 0.686951863 0.723158308 0.069298290
10067.699729319 8.269377458 29.995906203 1.074947213 0.021721900 0.679806386 0.729210374 0.075124345
10067.733159966 8.302641815 30.018536889 1.079079469 0.023554133 0.673598220 0.734353601 0.080221134
10067.766473409 8.329211995 30.037239037 1.081902145 0.024919031 0.669098538 0.737935672 0.084481551
10067.799837987 8.365728710 30.056480755 1.083668428 0.028719262 0.663140290 0.742278144 0.091887517
10067.833236891 8.405022977 30.079825787 1.088245499 0.034638603 0.657374699 0.745914797 0.101339967
10067.866568990 8.433122633 30.093746351 1.090887160 0.039119029 0.653389196 0.748195197 0.108426045
10067.899927171 8.473577309 30.112035382 1.092331006 0.045754913 0.647936171 0.750987692 0.118754756
10067.933329680 8.513677802 30.129565671 1.092295120 0.053132345 0.642711600 0.753190832 0.129623782
10067.966662761 8.546265295 30.143236181 1.090844756 0.059952028 0.638558568 0.754515752 0.139121130
10068.000035440 8.592713633 30.161672063 1.087060857 0.071634386 0.632475886 0.755746881 0.153913674
10068.033425271 8.639450823 30.178522766 1.081270878 0.085328272 0.626093144 0.756190826 0.170005577
10068.066766029 8.674224372 30.189636657 1.076557958 0.096138072 0.621228379 0.756046152 0.182282713
10068.100125698 8.722847121 30.203660811 1.069016074 0.112430264 0.614183289 0.755075419 0.199998589
10068.133527475 8.775743997 30.212672515 1.058151921 0.132143058 0.605871357 0.752991042 0.220142229
10068.166860434 8.812431177 30.221827703 1.052645077 0.146709378 0.600184731 0.750581453 0.234269353
10068.200234427 8.866075493 30.231395558 1.047313010 0.169292384 0.591245818 0.746021936 0.255381562
10068.233607423 8.911782806 30.231014338 1.044092587 0.190119829 0.582738172 0.740907631 0.274456837
10068.266969276 8.948959487 30.232412113 1.044646740 0.206257558 0.576319808 0.736053318 0.289030815
10068.300330335 8.995336219 30.228785991 1.047326068 0.225903716 0.568288878 0.729190325 0.307077730
10068.333716251 9.039714280 30.222774317 1.051167775 0.243602649 0.561090279 0.721892841 0.323583334
10068.367066356 9.073242826 30.216621066 1.054449649 0.256383902 0.556049089 0.715794141 0.335731222
10068.400427126 9.119003036 30.208429276 1.058807483 0.273225126 0.549738153 0.706642782 0.351840834
10068.433813360 9.165611275 30.199026435 1.062762526 0.290406210 0.543351064 0.696240156 0.368352411
10068.467165332 9.199522699 30.192930216 1.064679326 0.302997596 0.538652516 0.687976177 0.380440144
10068.500526425 9.249713597 30.184288606 1.065655329 0.321658913 0.531391036 0.674875614 0.398374218
10068.533915120 9.302744734 30.174636256 1.063697198 0.340744480 0.523375570 0.660197568 0.417265363
10068.567261508 9.339616803 30.166972256 1.062354300 0.353287747 0.517904029 0.649582806 0.430122497
10068.600627501 9.394387140 30.157559114 1.055974288 0.370444168 0.509674388 0.634086141 0.448260977
10068.634021290 9.448613180 30.148078334 1.047175975 0.386364607 0.501085058 0.618371837 0.466103450
10068.667362316 9.486355865 30.138842247 1.041572871 0.397289312 0.494759928 0.607005875 0.478453429
10068.700734133 9.538486659 30.126290329 1.034052963 0.411317550 0.486393481 0.591125160 0.494783083
10068.734127807 9.593856328 30.108504702 1.027727505 0.425499604 0.477233447 0.573976443 0.511614472
10068.767466821 9.629190100 30.095552731 1.025276860 0.434237847 0.471490326 0.562786685 0.521924814
10068.800840059 9.677677879 30.074406848 1.023971832 0.445971510 0.463894043 0.547096669 0.535347518
10068.834210745 9.720401847 30.050758127 1.024690034 0.456892957 0.456625832 0.532363268 0.547111529
10068.867562809 9.754793626 30.031299407 1.026497405 0.466139268 0.450238679 0.520147100 0.556278985
10068.900931259 9.798879501 30.000482233 1.029456699 0.478743825 0.441120095 0.503589223 0.567992347
10068.934305818 9.839398088 29.966097727 1.032543626 0.490685432 0.432124918 0.487597383 0.578571218
10068.967655624 9.868633707 29.940702718 1.033108432 0.499322058 0.425082919 0.475839797 0.586138620
10069.001043339 9.909575765 29.905535832 1.031017135 0.511211014 0.414696665 0.459238859 0.596481052
10069.034397354 9.941880909 29.866442091 1.028417091 0.522197106 0.404134577 0.443024515 0.606394842
10069.067755106 9.970478619 29.832465861 1.025515819 0.531351693 0.394851444 0.428914827 0.614646067
10069.101123279 10.004739787 29.790949441 1.021865208 0.542264866 0.382830669 0.410919872 0.624927478
10069.134497000 10.042463583 29.747705832 1.017816411 0.553664204 0.369219589 0.390449742 0.636146086
10069.167855918 10.060709928 29.715330940 1.017689265 0.560872454 0.359842729 0.376130236 0.643786724
10069.201237137 10.086458435 29.670934181 1.018497668 0.570098294 0.346831741 0.355341897 0.654543975
10069.234599126 10.111995113 29.626287118 1.019828080 0.578382303 0.333839108 0.333545028 0.665411960
10069.267956116 10.125219535 29.596583014 1.022940432 0.583326952 0.325171969 0.318548430 0.672695886
10069.301326047 10.144021718 29.556430068 1.027424684 0.589003376 0.314275175 0.297922762 0.682310901
10069.334693103 10.169155123 29.516097547 1.029665631 0.593390206 0.305725662 0.278591600 0.690511842
10069.368051103 10.180956731 29.489284512 1.033479497 0.595510845 0.300942931 0.265860041 0.695786335
10069.401425797 10.198162492 29.453115498 1.037998981 0.597379233 0.296820928 0.250202673 0.701736426
10069.434788409 10.221011679 29.412958646 1.041748603 0.598352888 0.295704200 0.235205491 0.706548813
10069.468152908 10.236847603 29.386828226 1.042739777 0.598412576 0.296874423 0.226915547 0.708715246
10069.501530848 10.262040446 29.349060658 1.042845177 0.597841263 0.301442464 0.217053931 0.710356147
10069.534917142 10.294440849 29.310734216 1.039173334 0.596909789 0.308857950 0.209463138 0.710232824
10069.568262652 10.316828459 29.283734144 1.035834077 0.595926644 0.315703849 0.205787219 0.709122087
10069.601625439 10.350651116 29.247449826 1.031218245 0.594224976 0.327083768 0.202350895 0.706375964
10069.634994899 10.394053753 29.208651500 1.027439581 0.592212697 0.342219483 0.200492718 0.701407597
10069.668356608 10.437758822 29.173544441 1.021899393 0.589895315 0.358165347 0.201654604 0.695037066
10069.701738665 10.470988095 29.148789508 1.018301311 0.587947093 0.370146015 0.204120956 0.689670051
10069.735098192 10.520865609 29.117927122 1.013931241 0.584195028 0.389240441 0.210100271 0.680489474
10069.768457449 10.574733482 29.091100645 1.010596079 0.579206553 0.410300493 0.219266258 0.669399419
10069.801846138 10.611336757 29.079225181 1.009349211 0.574710588 0.426079215 0.227109557 0.660746162
10069.835194811 10.672976743 29.067764621 1.007207276 0.565529262 0.453871226 0.243141915 0.644251172
10069.868571455 10.733911943 29.060740752 1.006100482 0.554438249 0.482440000 0.261669562 0.625602841
10069.901925750 10.777161772 29.059276621 1.006819852 0.545392847 0.502718829 0.275831976 0.611340448
10069.935294132 10.842069670 29.058061931 1.009157527 0.530950681 0.531468145 0.297259075 0.589296214
10069.968658474 10.911433041 29.063167179 1.009513178 0.514911944 0.557883599 0.318614860 0.567552773
10070.002069569 10.963657165 29.065848234 1.010225732 0.503292657 0.574827776 0.332934961 0.552651646
10070.035393272 11.032831356 29.077156615 1.010403184 0.486769125 0.596021492 0.351767338 0.532985872
10070.068755685 11.102837546 29.091697430 1.010216434 0.470436498 0.614318063 0.368944248 0.514959184
10070.102132218 11.155925274 29.092880529 1.005680735 0.460932974 0.624179189 0.378497480 0.504659084
10070.135499210 11.233063892 29.105935515 1.002273662 0.445112782 0.638983143 0.393037345 0.488975255
10070.168861029 11.299887221 29.123476397 1.001308801 0.431275277 0.650732532 0.404916103 0.476016551
10070.202227219 11.341570066 29.138924831 1.000544328 0.422359171 0.657545375 0.412020381 0.468493346
10070.235587640 11.401006733 29.163829835 0.999572115 0.410374870 0.665511084 0.421255934 0.459598630
10070.268952457 11.461478694 29.187272501 0.998981186 0.400663925 0.670798678 0.428998779 0.453274310
10070.302341571 11.495795199 29.203669691 0.998081876 0.395430073 0.673127091 0.433247147 0.450368612
10070.335688589 11.551567176 29.232378288 0.996308160 0.387855281 0.675624730 0.440042227 0.446612074
10070.369055498 11.600701182 29.259145458 0.994180402 0.382134506 0.676923786 0.446105792 0.443550481
10070.402438949 11.634057530 29.277169585 0.992524050 0.378572539 0.677683318 0.450498059 0.440998473
10070.435792667 11.682688484 29.303806242 0.989587919 0.373021105 0.679518773 0.457808073 0.435340398
10070.469158068 11.733167081 29.328798319 0.985639051 0.366384450 0.682786757 0.466626388 0.426408833
10070.502523304 11.765307646 29.346642347 0.982456290 0.361065631 0.685819224 0.473227822 0.418735037
10070.535892588 11.809553617 29.371747388 0.978735763 0.352456255 0.690850213 0.483390464 0.405997821
10070.569251101 11.866532130 29.390663979 0.975454247 0.344297475 0.695959236 0.493678430 0.391639629
10070.602625369 11.896804046 29.405768889 0.972831183 0.338763734 0.698983754 0.500218166 0.382678235
10070.636001570 11.947263383 29.426926233 0.969563922 0.331859026 0.702460931 0.509256818 0.370237385
10070.669358570 11.994410231 29.444295967 0.966607738 0.327975140 0.703551988 0.516416444 0.361608855
10070.702726885 12.028410349 29.454322874 0.965340250 0.327278098 0.702956605 0.520321599 0.357779948
10070.736111052 12.081476271 29.463830363 0.965917665 0.328193116 0.700790835 0.524909488 0.354473573
10070.769460651 12.132126917 29.473486810 0.969510066 0.331469648 0.697266982 0.528218326 0.353457251
10070.802822997 12.168549238 29.477945922 0.972604688 0.334671758 0.694122145 0.530116789 0.353787300
10070.836197335 12.220091163 29.480081991 0.979452132 0.340133920 0.688991238 0.532348293 0.355253833
10070.869556319 12.270700103 29.478562755 0.987302578 0.346161481 0.683232545 0.534326314 0.357576437
10070.902945659 12.305625105 29.475898074 0.993041532 0.350203134 0.679331104 0.535397860 0.359466475
10070.936292507 12.350468939 29.468322752 1.000882236 0.356104145 0.673629842 0.536593073 0.362602466
10070.969667638 12.396877548 29.457181264 1.009165138 0.362753537 0.667416178 0.536949132 0.366948425
10071.003050910 12.428970112 29.448640018 1.014063855 0.367330619 0.663337188 0.536545323 0.370366180
10071.036395978 12.472988304 29.433185457 1.020009162 0.374932816 0.656765374 0.534855456 0.376847805
10071.069777380 12.516356914 29.413383989 1.024168639 0.384711336 0.648518978 0.531312322 0.386170350
10071.103132433 12.548620861 29.398271864 1.026105283 0.392808757 0.641891919 0.527436325 0.394318359
10071.136496517 12.597815013 29.376065640 1.027631986 0.405798453 0.631272980 0.520225399 0.407661102
10071.169860621 12.640323143 29.351964398 1.027582003 0.420500952 0.618670802 0.510854687 0.423618788
10071.203231784 12.676489806 29.329876128 1.026495953 0.433356386 0.607318632 0.501754126 0.437731789
10071.236603902 12.727888953 29.302742945 1.023910102 0.450096589 0.591871557 0.488834095 0.456226202
10071.269970121 12.776495227 29.270664205 1.020335346 0.468344367 0.573998640 0.473376083 0.476544016
10071.303331840 12.808404654 29.247102964 1.018974687 0.480738861 0.561334228 0.462242627 0.490026311
10071.336712951 12.856737933 29.214061321 1.017960805 0.497981167 0.543280726 0.446056347 0.507833186
10071.370075932 12.898310192 29.175400108 1.019625253 0.517079361 0.522466227 0.427626702 0.526111566
10071.403434490 12.923934149 29.148884975 1.022768850 0.529752064 0.508592555 0.415061653 0.537047659
10071.436799737 12.953617963 29.111611115 1.029681242 0.548211994 0.487799039 0.396457480 0.551667630
10071.470166408 12.976401718 29.072257487 1.037568310 0.566797118 0.466180360 0.377123451 0.564973275
10071.503540305 12.992738459 29.044678733 1.043564541 0.579553325 0.451231140 0.363344738 0.573139603
10071.536906890 13.018973848 29.005177219 1.051379769 0.597598948 0.430150072 0.343220899 0.583134484
10071.570275685 13.039753049 28.963760458 1.055624472 0.614127150 0.410665442 0.324057709 0.590921602
10071.603643141 13.054780145 28.934780984 1.057623419 0.625157205 0.397454318 0.310821494 0.595481766
10071.637017177 13.076136308 28.891862749 1.055775271 0.640020055 0.379374654 0.292119265 0.600928894
10071.670371728 13.099742291 28.847244533 1.056089780 0.655069043 0.359709354 0.271747861 0.606338873
10071.703775530 13.109514053 28.816929073 1.057557618 0.664201317 0.346537735 0.258602445 0.609813893
10071.737122139 13.134530388 28.771884343 1.060715353 0.676210146 0.327996991 0.239775718 0.614544886
10071.770469339 13.159407155 28.728017705 1.065154686 0.685386257 0.312216499 0.223980598 0.618546059
10071.803847644 13.177976197 28.697812822 1.069490755 0.689950778 0.303054774 0.215050826 0.621191492
10071.837215994 13.193218202 28.656735544 1.075083056 0.693765661 0.293092455 0.205918405 0.624806875
10071.870577194 13.218268176 28.613592160 1.082650008 0.695742689 0.285486469 0.198667406 0.628467063
10071.903945194 13.237170126 28.585627028 1.086939862 0.696338734 0.281158594 0.194604812 0.631023914
10071.937312127 13.267559967 28.544476130 1.093044663 0.696232964 0.275250548 0.189182827 0.635379142
10071.970677127 13.296098619 28.505938883 1.097024151 0.695204959 0.270261871 0.184672635 0.639956720
10072.004073126 13.316658222 28.480160836 1.100129702 0.694131284 0.266681710 0.181172798 0.643614048
10072.037411160 13.342017813 28.440853268 1.104534418 0.692455726 0.260972737 0.175876247 0.649204008
10072.070776661 13.368878368 28.402729440 1.104551531 0.690640050 0.253862865 0.169143200 0.655713768
10072.104169057 13.386593265 28.376381918 1.102450611 0.689320502 0.248427635 0.163830693 0.660515298
10072.137567491 13.412516361 28.340833566 1.094790308 0.687372634 0.240432234 0.155986476 0.667367531
10072.170914853 13.440044686 28.300444175 1.083121450 0.685019742 0.231570854 0.147485927 0.674811673
10072.204283687 13.459147679 28.273014586 1.072620694 0.683288183 0.225542729 0.141638364 0.679842857
10072.237646295 13.487251167 28.232070191 1.057295716 0.680365446 0.217736400 0.133909214 0.686849360
10072.271006667 13.515642112 28.186889836 1.042671799 0.676838450 0.211711091 0.127597619 0.693388040
10072.304379051 13.535044283 28.155158214 1.034109929 0.674424567 0.208922774 0.124184336 0.697195115
10072.337742864 13.560545618 28.110985891 1.025017656 0.671179285 0.206307442 0.120111764 0.701803940
10072.371114592 13.585790701 28.063868459 1.020680403 0.668788321 0.203356202 0.115983401 0.705631835
10072.404482357 13.600840560 28.032739180 1.020753483 0.667953522 0.201193633 0.112991921 0.707525293
10072.437855355 13.622594333 27.981530773 1.026534530 0.667393048 0.196997350 0.107649381 0.710063500
10072.471207959 13.639341716 27.933700477 1.036605280 0.667860776 0.192420944 0.102296636 0.711668155
10072.504585398 13.647903688 27.902997755 1.044330943 0.668741370 0.188549349 0.098199096 0.712454251
10072.537944908 13.659643173 27.852138554 1.058389156 0.670952973 0.179871757 0.090065299 0.713692161
10072.571316483 13.667280594 27.803872284 1.071195009 0.673900729 0.168740807 0.080558600 0.714768955
10072.604683235 13.673399882 27.767842287 1.078182689 0.676436623 0.159440659 0.072893487 0.715331190
10072.638051937 13.679095420 27.713146318 1.085921813 0.680717052 0.142655660 0.059450158 0.716058193
10072.671418160 13.681920713 27.657198286 1.088473354 0.685217751 0.121911721 0.043071368 0.716769853
10072.704790291 13.679215140 27.619773994 1.088062352 0.688284756 0.103947818 0.028723932 0.717379872
10072.738177672 13.676852925 27.558926705 1.081627603 0.692412229 0.068734674 -0.000153678 0.718220597
10072.771518161 13.661154667 27.502038455 1.073579603 0.693928887 0.012672867 -0.045817740 0.718472569
10072.804885718 13.644482912 27.469221264 1.068469884 0.691202364 -0.036918462 -0.086497789 0.716515493
10072.838254804 13.616307453 27.424163306 1.059667150 0.677560418 -0.126808781 -0.160880270 0.706363187
10072.871621166 13.589580121 27.385184741 1.050868668 0.653672853 -0.211669755 -0.231210431 0.688802913
10072.905001581 13.572594462 27.349402854 1.046700000 0.648219740 -0.238759485 -0.254992415 0.676597329
10072.938352679 13.550158006 27.301675086 1.043397698 0.643216060 -0.262359472 -0.275404087 0.664524790
10072.971725126 13.527551129 27.247449114 1.043893355 0.639682073 -0.281907699 -0.294974861 0.651402123
10073.005116160 13.513688330 27.212662589 1.045983435 0.637859287 -0.292156375 -0.306551075 0.643278028
10073.038476118 13.495358002 27.166611042 1.050173769 0.635384933 -0.305824289 -0.322730100 0.631349962
10073.071839733 13.478967562 27.119303338 1.056430235 0.632758762 -0.318784612 -0.339739507 0.618522261
10073.105192744 13.469769771 27.087936397 1.061172512 0.630853316 -0.326861442 -0.351063201 0.609869101
10073.138561466 13.457783731 27.046401813 1.067868176 0.627987397 -0.337998996 -0.367404020 0.596994802
10073.171928956 13.449498653 26.999335274 1.073613794 0.625004331 -0.348207722 -0.383979337 0.583678710
10073.205294250 13.443115220 26.969576611 1.077184836 0.622885675 -0.354671129 -0.394680312 0.574847177
10073.238661099 13.436157384 26.925096042 1.080352453 0.619927048 -0.362877407 -0.409595227 0.562354153
10073.272028369 13.428629108 26.879713943 1.080923159 0.616756399 -0.370347177 -0.424006949 0.550156905
10073.305397283 13.423538572 26.847614800 1.080132650 0.614162016 -0.375456579 -0.434223877 0.541559784
10073.338762234 13.411863495 26.806415086 1.078609391 0.609583806 -0.383161770 -0.449128580 0.529035123
10073.372142191 13.397728071 26.774616127 1.082530953 0.604765662 -0.390209000 -0.463396584 0.516971021
10073.405495200 13.393760393 26.742828586 1.082575745 0.601968645 -0.394263968 -0.472457345 0.508894618
10073.438863089 13.388567857 26.694302065 1.083565205 0.599283600 -0.398489838 -0.483464199 0.498324576
10073.472242172 13.381240186 26.644083686 1.086676111 0.598343512 -0.401126928 -0.492125496 0.488768581
10073.505621573 13.375418219 26.607908667 1.088516625 0.597906978 -0.402562466 -0.497486733 0.482656873
10073.538991547 13.366578240 26.554886346 1.093731835 0.596350082 -0.405977275 -0.505996429 0.472775470
10073.572347332 13.354858423 26.502409360 1.101107799 0.592860556 -0.411348843 -0.515520552 0.462111513
10073.605701095 13.347027439 26.469888542 1.105904598 0.589710503 -0.415563895 -0.522134344 0.454888886
10073.639070267 13.333773396 26.415132763 1.111224499 0.584412068 -0.422145924 -0.532204225 0.443862609
10073.672452659 13.317778836 26.361051679 1.117090197 0.580450767 -0.427472485 -0.540270708 0.434110291
10073.705804694 13.302183182 26.310131027 1.119211759 0.577919826 -0.431096692 -0.546290169 0.426299624
10073.739178869 13.290449804 26.276555584 1.119932343 0.576767828 -0.432959720 -0.549456265 0.421879801
10073.772547459 13.273663872 26.222373579 1.115735911 0.574983277 -0.435436228 -0.554399070 0.415248353
10073.805906554 13.256574673 26.169067133 1.108139335 0.573202412 -0.437444762 -0.558905882 0.409518363
10073.839267267 13.244822050 26.133925667 1.102091929 0.572210249 -0.438396455 -0.561553075 0.406253768
10073.872658008 13.224543028 26.077571610 1.091374261 0.571526182 -0.439034149 -0.564863971 0.401914835
10073.906019798 13.203266174 26.021843987 1.081098063 0.573250871 -0.437562421 -0.565794531 0.399748816
10073.939382570 13.186961578 25.981796403 1.074987947 0.576294832 -0.435126388 -0.564691270 0.399591120
10073.972774884 13.159834776 25.918382602 1.067891716 0.583598655 -0.429128623 -0.560632418 0.401188891
10074.006137519 13.131262808 25.855659506 1.063438914 0.593554758 -0.420756662 -0.553740757 0.405003401
10074.039477905 13.113265933 25.811464524 1.063207084 0.600583174 -0.414663219 -0.548474636 0.408080677
10074.072872237 13.082021922 25.738727713 1.063860694 0.613059517 -0.403210633 -0.538708046 0.413972048
10074.106223751 13.052882793 25.665603312 1.067211191 0.624830740 -0.391746933 -0.529076856 0.419760130
10074.139583343 13.032326869 25.612002252 1.070820112 0.632793033 -0.383422241 -0.522300343 0.423984332
10074.172965487 13.007233022 25.536749189 1.075193321 0.643239545 -0.371546243 -0.513070373 0.430064030
10074.206319312 12.981354823 25.446378093 1.079638020 0.654797573 -0.357419783 -0.502317682 0.437227839
10074.239682653 12.966535511 25.393559659 1.082171673 0.662111947 -0.348008044 -0.495091784 0.442020697
10074.273065151 12.944959364 25.305419147 1.084070574 0.674433002 -0.331398920 -0.482146461 0.450388356
10074.306419301 12.925625793 25.218374986 1.083238904 0.686980920 -0.313290566 -0.467818434 0.459404124
10074.339784071 12.913260634 25.157771706 1.080872068 0.695743131 -0.299816633 -0.457081389 0.465970048
10074.373199481 12.897122870 25.064806509 1.075440822 0.708590271 -0.278201583 -0.440142638 0.476212312
10074.406522649 12.884314258 24.969605387 1.067932635 0.720312930 -0.255360735 -0.423022543 0.486818351
10074.439891967 12.878802749 24.912306291 1.063161867 0.726511527 -0.241341239 -0.413006333 0.493316508
10074.473333181 12.874493917 24.817187892 1.053295897 0.735035810 -0.218196050 -0.397522190 0.504072365
10074.506619581 12.874471802 24.729689717 1.045640169 0.740917857 -0.197160393 -0.384355873 0.514236397
10074.539985025 12.877829692 24.671279524 1.041189861 0.744235253 -0.182551777 -0.375353004 0.521439220
10074.573395573 12.885697801 24.590654041 1.036955745 0.748517488 -0.160851440 -0.361584799 0.532075951
10074.606720300 12.897914457 24.523839028 1.035556945 0.752383926 -0.139024701 -0.346774833 0.542529055
10074.640084862 12.905962153 24.476258908 1.034838353 0.754999006 -0.123389837 -0.335473981 0.549735079
10074.673480445 12.919771049 24.407416711 1.034046874 0.758810727 -0.099040266 -0.317027796 0.560259479
10074.706830645 12.931397758 24.326649177 1.032380619 0.762252575 -0.074393236 -0.297655438 0.569945522
10074.740206499 12.942099205 24.275374655 1.031863798 0.764287069 -0.056794641 -0.283658588 0.576348375
10074.773603121 12.958485206 24.195120250 1.030349646 0.767054582 -0.030408002 -0.262289372 0.584728062
10074.806924922 12.977318064 24.120992501 1.028713127 0.769321897 -0.004487402 -0.240728909 0.591754403
10074.840292608 12.991348328 24.070970512 1.026716248 0.770523847 0.013547496 -0.225673484 0.595970591
10074.873683288 13.011199946 24.007183850 1.023316822 0.771302435 0.036665437 -0.206434973 0.600943259
10074.907024820 13.033703081 23.934607815 1.018195069 0.770823889 0.060138848 -0.187214529 0.605941062
10074.940391390 13.047305008 23.887509479 1.013843967 0.769748737 0.073368462 -0.176445613 0.609073802
10074.973770337 13.066852707 23.826930384 1.009029516 0.767321799 0.089881773 -0.163335301 0.613563446
10075.007147556 13.084942406 23.773413214 1.005637283 0.764058429 0.103344523 -0.152898214 0.618188291
10075.040499202 13.096318667 23.727459687 1.003587380 0.761352144 0.111565618 -0.146542471 0.621627968
10075.073880532 13.110777310 23.665395278 1.004111886 0.757203891 0.121212267 -0.139221038 0.626551958
10075.107228800 13.126719675 23.598975782 1.007795818 0.752408415 0.130731108 -0.132216371 0.631909634
10075.140594275 13.137124752 23.554554946 1.011245338 0.749172668 0.137304299 -0.127370385 0.635346069
10075.173981862 13.154092640 23.501512988 1.018305178 0.744580821 0.146972549 -0.120366783 0.639929924
10075.207332682 13.171570259 23.442792901 1.026123831 0.740077674 0.158548736 -0.112396726 0.643827858
10075.240701198 13.184241669 23.404161941 1.032260578 0.737124937 0.167154882 -0.106777281 0.645991242
10075.274078967 13.202303186 23.345049158 1.040180088 0.732950089 0.179987547 -0.099158682 0.648503050
10075.307435127 13.222918149 23.285526011 1.046915325 0.728794453 0.193302818 -0.092048422 0.650399687
10075.340797652 13.237695706 23.245620347 1.049455915 0.725938106 0.202271017 -0.087723208 0.651463691
10075.374219112 13.259870837 23.188463719 1.050844074 0.721985279 0.214320481 -0.082659703 0.652664815
10075.407531482 13.283294856 23.129617495 1.049804347 0.718217872 0.225700689 -0.078636003 0.653481956
10075.440901981 13.300988105 23.089272800 1.046225460 0.715547578 0.233474574 -0.076173214 0.653971657
10075.474292372 13.326585953 23.036066269 1.039753730 0.712052042 0.243332739 -0.073537020 0.654494747
10075.507634703 13.357068050 22.970519735 1.028661658 0.708189814 0.253786608 -0.071097241 0.654984525
10075.541000310 13.377629823 22.928950144 1.021404389 0.705894452 0.259691350 -0.069902477 0.655276330
10075.574386348 13.406855203 22.867870225 1.011455201 0.702866506 0.265995081 -0.069376867 0.656058032
10075.607739437 13.435241965 22.803455098 1.003504523 0.700106069 0.269708656 -0.069896293 0.657436872
10075.641145498 13.454774422 22.763062324 0.999757202 0.698523336 0.271035168 -0.070423871 0.658517702
10075.674493181 13.483536875 22.703791675 0.997940063 0.696543436 0.272230288 -0.070571616 0.660104204
10075.707841348 13.511142975 22.642221793 0.998348343 0.695426568 0.274772856 -0.068211858 0.660476274
10075.741226517 13.530804930 22.601754564 0.999701093 0.694803060 0.277937361 -0.064683005 0.660163343
10075.774579783 13.556689343 22.545212652 1.004477308 0.694174358 0.283800675 -0.057768404 0.658970370
10075.807938102 13.581768323 22.489506859 1.010277041 0.693626252 0.291022292 -0.048479614 0.657144105
10075.841312731 13.597343164 22.458298542 1.013541731 0.693221041 0.295871025 -0.042086439 0.655845756
10075.874685354 13.622661735 22.404610490 1.019294053 0.692617610 0.303518974 -0.031182654 0.653593698
10075.908047591 13.644906005 22.354695192 1.024200030 0.691991570 0.308230096 -0.022217955 0.652417227
10075.941421993 13.658253703 22.323805988 1.026108469 0.691604921 0.309525862 -0.017593451 0.652354845
10075.974790880 13.681244497 22.271088463 1.028898384 0.691035457 0.308364331 -0.012290416 0.653628627
10076.008143655 13.703424647 22.216927500 1.030210974 0.690731312 0.304106612 -0.009149573 0.655992156
10076.041519458 13.715700801 22.183768006 1.031290985 0.690611294 0.300719063 -0.007278481 0.657701383
10076.074890281 13.739370557 22.127401633 1.032258901 0.690383025 0.295718628 -0.003554395 0.660234154
10076.108255116 13.763872469 22.072342915 1.032730998 0.690092515 0.292677342 0.002233850 0.661896747
10076.141623773 13.781893047 22.034877296 1.033609878 0.689669256 0.292265967 0.007792166 0.662477323
10076.174986050 13.809755676 21.984660446 1.034723326 0.688818452 0.294985554 0.017963153 0.661959204
10076.208354209 13.843290417 21.928915005 1.036907391 0.687053164 0.303277516 0.034197410 0.659402180
10076.241736028 13.865065838 21.896476207 1.038901764 0.685495273 0.310347617 0.045381077 0.657054902
10076.275096272 13.902080869 21.845086961 1.042483896 0.682120136 0.324414144 0.065598614 0.652046322
10076.308451222 13.942679862 21.795608505 1.048440130 0.677689727 0.340172782 0.087028138 0.646100004
10076.341821470 13.971642030 21.765595461 1.053649058 0.674186610 0.350293692 0.100591112 0.642376971
10076.375189089 14.012582205 21.726174768 1.060999133 0.669146637 0.363002579 0.117887199 0.637631958
10076.408551321 14.060161165 21.689110135 1.069290446 0.663289748 0.375141766 0.134644762 0.633392574
10076.441921559 14.089518004 21.669442105 1.072880554 0.659726643 0.381792175 0.143786720 0.631126668
10076.475304382 14.133814814 21.646615440 1.079256401 0.654170702 0.390493015 0.156484938 0.628560548
10076.508657989 14.183715938 21.622634626 1.086317807 0.648254832 0.397572253 0.168397883 0.627171531
10076.542041787 14.216562788 21.602773057 1.088620719 0.644788316 0.400881130 0.174843793 0.626874784
10076.575413950 14.262046627 21.593199030 1.090794364 0.639673186 0.404358265 0.183136829 0.627513754
10076.608771080 14.311304823 21.576321002 1.091948575 0.634542957 0.406766366 0.191065570 0.628800690
10076.642134597 14.347960671 21.563328406 1.091770456 0.630612670 0.408621668 0.197026981 0.629711332
10076.675492757 14.393547863 21.551184796 1.092407552 0.625390373 0.411788613 0.205220443 0.630239312
10076.708857740 14.438964994 21.554747838 1.093752376 0.619307446 0.416304942 0.214691960 0.630123674
10076.742256476 14.477985368 21.542016662 1.094677030 0.614657405 0.420369492 0.222308990 0.629336537
10076.775591883 14.527595328 21.537745772 1.094439967 0.608523616 0.426283784 0.232160700 0.627759949
10076.808956870 14.587193529 21.525178722 1.098051847 0.601281147 0.434510705 0.244311378 0.624478486
10076.842345094 14.627411121 21.517830981 1.101172533 0.596006541 0.441335503 0.253197547 0.621200594
10076.875700941 14.687574487 21.506424161 1.105689420 0.587294023 0.453634577 0.267288386 0.614701814
10076.909061561 14.747411525 21.499674370 1.108951833 0.577358489 0.468069881 0.282510307 0.606428634
10076.942447537 14.791764289 21.497291221 1.111169895 0.569220871 0.479628092 0.294162879 0.599510378
10076.975799760 14.851876468 21.495830117 1.114308751 0.557435560 0.495792827 0.309694142 0.589529140
10077.009179014 14.911433517 21.493244820 1.115289762 0.546215337 0.510570950 0.323630173 0.579853104
10077.042533505 14.956330785 21.494844051 1.115366593 0.537774219 0.520836149 0.333120621 0.573200878
10077.075899760 15.012794352 21.499241405 1.112670812 0.527775881 0.532187569 0.343449905 0.565925060
10077.109268540 15.076956189 21.505394599 1.108570929 0.517363206 0.542898872 0.353322038 0.559249198
10077.142637137 15.115541847 21.508947520 1.105092002 0.511535682 0.548516860 0.358435358 0.555863827
10077.176012136 15.178863526 21.515188697 1.098439827 0.502349882 0.557191235 0.366208369 0.550521530
10077.209365435 15.246101992 21.520519504 1.090407022 0.493083420 0.565796076 0.373729651 0.545040997
10077.242736427 15.286753985 21.523797608 1.085458746 0.487556664 0.570871223 0.378097209 0.541698298
10077.276100000 15.355022428 21.529919136 1.078199032 0.478024364 0.579610801 0.385500992 0.535661285
10077.309464307 15.427290823 21.537990594 1.072859891 0.467501428 0.589454539 0.393458859 0.528370976
10077.342839640 15.474934511 21.545038257 1.071087973 0.460258166 0.596185734 0.398719869 0.523208808
10077.376206843 15.543894729 21.556903018 1.071926628 0.448830536 0.606921024 0.406877918 0.514439871
10077.409571361 15.613585681 21.575263110 1.073710711 0.434959445 0.620268022 0.416365564 0.502710234
10077.442942671 15.658485985 21.590044969 1.075339461 0.424461561 0.630394282 0.423295365 0.493210368
10077.476317018 15.726536227 21.618853271 1.078376706 0.406282184 0.647547899 0.434730517 0.476052396
10077.509668254 15.788942336 21.651156867 1.080821405 0.386805203 0.664999284 0.445925938 0.457501633
10077.543034718 15.827815895 21.674073448 1.081798619 0.373710653 0.676171976 0.452847748 0.445040137
10077.576404817 15.892468619 21.711842126 1.080751880 0.352660815 0.693172298 0.463081868 0.425085519
10077.609772849 15.954094711 21.749465959 1.077843745 0.334003736 0.706934272 0.471272908 0.408151058
10077.643144767 15.995869503 21.774289727 1.075012113 0.322886011 0.714372708 0.475659732 0.398953728
10077.676514874 16.059171807 21.806928248 1.069979295 0.310455329 0.721886955 0.480138126 0.389825722
10077.709869152 16.119238854 21.841335901 1.066961002 0.301216128 0.726155424 0.483267966 0.385252148
10077.743257314 16.157409774 21.862657841 1.065556809 0.297020184 0.727348029 0.484700328 0.384459942
10077.776610421 16.213674876 21.900047757 1.064251908 0.291787136 0.727678096 0.486647382 0.385381864
10077.809970690 16.270197016 21.935732474 1.064552427 0.287306381 0.727074324 0.488821346 0.387132615
10077.843343046 16.322618732 21.970704593 1.066873545 0.282820477 0.726683217 0.491295642 0.388036947
10077.876708457 16.355594251 21.996154105 1.069628754 0.279249508 0.726741020 0.493325922 0.387939089
10077.910074726 16.403346247 22.032315476 1.075329292 0.273468807 0.727738064 0.496608699 0.385994718
10077.943461136 16.452654730 22.070301234 1.082402108 0.266844572 0.729686278 0.500394432 0.382043614
10077.976816238 16.486402346 22.096066458 1.087366900 0.262293523 0.731266388 0.502968852 0.378779503
10078.010173650 16.535049025 22.132809458 1.093269546 0.256538010 0.733317378 0.506420261 0.374128844
10078.043543941 16.581298754 22.167856240 1.097418842 0.252328494 0.734913135 0.509207839 0.370054579
10078.076909326 16.617906377 22.193635444 1.098742643 0.249986717 0.735693234 0.510987860 0.367632306
10078.110276472 16.666340006 22.226873953 1.098812638 0.248803250 0.735856507 0.512646648 0.365794420
10078.143642687 16.720669742 22.261083562 1.096522909 0.249634707 0.734979974 0.513720785 0.365483114
10078.177007874 16.756657338 22.283281506 1.092854828 0.251100640 0.733870813 0.514124541 0.366139392
10078.210376055 16.809956814 22.315891126 1.086646123 0.254114442 0.731860360 0.514403590 0.367689012
10078.243749129 16.862571232 22.346714520 1.080800355 0.257452405 0.729720012 0.514663009 0.369254589
10078.277120454 16.901624466 22.369629005 1.076479763 0.259636808 0.728438531 0.514826272 0.370026951
10078.310477795 16.960631093 22.403220234 1.072141522 0.261953127 0.727140898 0.515303870 0.370281777
10078.343845867 17.017898224 22.436947365 1.070304431 0.263739758 0.726195975 0.515957906 0.369957005
10078.377217819 17.058515762 22.461130466 1.070970222 0.264795847 0.725650145 0.516449687 0.369587267
10078.410576748 17.116515129 22.495659150 1.074452212 0.266463320 0.724985148 0.516987651 0.368941191
10078.443941346 17.176387955 22.530457281 1.080771487 0.268254527 0.724199441 0.517613977 0.368307546
10078.477308251 17.210203357 22.551963679 1.085149426 0.269212144 0.723965021 0.517933805 0.367619427
10078.510674343 17.273038922 22.589404726 1.093425342 0.270568078 0.723759549 0.518586164 0.366105752
10078.544044265 17.329182348 22.624221848 1.100151235 0.271857130 0.723572815 0.519228503 0.364606423
10078.577413231 17.367318522 22.648261269 1.104331791 0.272860596 0.723419242 0.519695075 0.363495150
10078.610775374 17.422049548 22.683362135 1.108389785 0.274368683 0.723430198 0.520177006 0.361644103
10078.644142642 17.478882238 22.720650937 1.110681231 0.275480365 0.723820106 0.520793180 0.359123219
10078.677514037 17.516987002 22.745705374 1.110732819 0.275862041 0.724382525 0.521311627 0.356937361
10078.710878427 17.572031197 22.783477460 1.109055751 0.276115555 0.725386964 0.522117876 0.353506544
10078.744257961 17.628386059 22.821221897 1.105332131 0.276340580 0.726172497 0.522953317 0.350469994
10078.777614800 17.664551411 22.845338618 1.101924019 0.276759591 0.726325964 0.523442465 0.349088396
10078.810977338 17.723738468 22.883774206 1.095197284 0.278229003 0.725643588 0.524171126 0.348245080
10078.844359658 17.781167718 22.920497466 1.088529030 0.280809023 0.723837309 0.524660523 0.349195044
10078.877724946 17.815592545 22.941486114 1.085599014 0.282822437 0.722299530 0.524844702 0.350475243
10078.911085368 17.875543090 22.977215770 1.083818538 0.286999452 0.719300265 0.524968832 0.353052644
10078.944456558 17.926929674 23.008854947 1.086617031 0.290754614 0.716683945 0.525153290 0.355020985
10078.977816555 17.965190525 23.030605957 1.090892524 0.292941404 0.715273622 0.525588050 0.355423946
10079.011196685 18.021243819 23.063889933 1.098503606 0.295194778 0.714161766 0.526608852 0.354282559
10079.044548535 18.076095815 23.095661703 1.106512908 0.296588159 0.713721045 0.528038423 0.351870939
10079.077913965 18.109860815 23.114339883 1.111243696 0.297526780 0.713523408 0.528941913 0.350118001
10079.111282344 18.165203674 23.144225414 1.117541681 0.299945447 0.712814710 0.530083955 0.347762735
10079.144654006 18.217772895 23.170939442 1.121617528 0.303941655 0.711080633 0.530510729 0.347191834
10079.178027195 18.252860881 23.188468235 1.122896322 0.307528262 0.709403923 0.530355013 0.347701025
10079.211398210 18.309552763 23.213930871 1.121758552 0.314849363 0.705670607 0.529494373 0.350049400
10079.244747768 18.363985611 23.236982409 1.117877483 0.322790408 0.701274370 0.528076944 0.353773022
10079.278113726 18.402923171 23.254042971 1.113031280 0.328600588 0.697925938 0.526895607 0.356794139
10079.311479249 18.462771508 23.278554224 1.103294393 0.336445424 0.693150838 0.525350067 0.361045287
10079.344852286 18.519480659 23.302865575 1.091942704 0.342927696 0.689151910 0.524161038 0.364315038
10079.378223313 18.564451869 23.321004602 1.082422085 0.347024917 0.686787610 0.523598098 0.365706873
10079.411581387 18.617679063 23.341919603 1.071745623 0.350317203 0.684921982 0.523822950 0.365744792
10079.444951345 18.681986685 23.368215933 1.062868928 0.351717561 0.684431838 0.525225984 0.363298062
10079.478325418 18.721945120 23.386648314 1.059142748 0.351446429 0.684848819 0.526804407 0.360478320
10079.511681345 18.775509955 23.412353310 1.056196982 0.349819661 0.686322642 0.529704317 0.354965874
10079.545052351 18.825342562 23.438704543 1.056969844 0.347559032 0.688190182 0.532901760 0.348730134
10079.578418405 18.863021189 23.459328877 1.059882317 0.345907004 0.689528012 0.535180503 0.344211120
10079.611784551 18.910071912 23.486980758 1.065623034 0.344121340 0.691085922 0.537854953 0.338663257
10079.645150646 18.958987374 23.516831395 1.073316946 0.343016826 0.692213712 0.540134530 0.333817800
10079.678516520 18.993444146 23.538013417 1.078542420 0.342732103 0.692652872 0.541357097 0.331208693
10079.711884306 19.043052876 23.567935582 1.084786554 0.343043212 0.692722193 0.542539463 0.328798189
10079.745267087 19.092449301 23.597130203 1.088795095 0.344411875 0.692026595 0.543004629 0.328063447
10079.778616925 19.129103448 23.618357911 1.090524566 0.346076211 0.690883730 0.542979614 0.328761412
10079.811980913 19.175397836 23.644856559 1.091029905 0.348853694 0.688874237 0.542398145 0.330994921
10079.845352249 19.226014191 23.674206426 1.090008511 0.352788593 0.685673984 0.541195727 0.335408082
10079.878717519 19.259779214 23.693580976 1.088765412 0.355855562 0.683037567 0.540053163 0.339365706
10079.912083968 19.301767610 23.719871597 1.087557970 0.360362195 0.678826316 0.538184085 0.345965044
10079.945455085 19.345404197 23.747417308 1.086199851 0.364570646 0.674546990 0.536288049 0.352802679
10079.978824091 19.378719578 23.768781241 1.085994613 0.367065310 0.671601141 0.535205948 0.357448680
10080.012218454 19.419345756 23.797057227 1.085926388 0.368383027 0.669002927 0.534700478 0.361696596
10080.045557435 19.463548089 23.827992153 1.085760266 0.367051712 0.668104267 0.535722161 0.363196222
10080.078931182 19.496941835 23.851981952 1.085518492 0.364248395 0.668709283 0.537475438 0.362313613
10080.112308249 19.542277052 23.885577859 1.084337134 0.358695084 0.670765512 0.540783511 0.359116498
10080.145648224 19.588571660 23.920022030 1.080937645 0.352574251 0.673428991 0.544316403 0.354830163
10080.179017404 19.617784579 23.942648437 1.078055529 0.348112844 0.675328954 0.546785718 0.351814767
10080.212391209 19.662380995 23.975237261 1.071739695 0.342295992 0.677773238 0.549953742 0.347861717
10080.245753111 19.710236921 24.010145469 1.060545312 0.336393329 0.680193767 0.552959747 0.344109700
10080.279113857 19.739468099 24.032545222 1.051241444 0.332550451 0.681749245 0.554797006 0.341801764
10080.312491464 19.787426585 24.067794764 1.032908478 0.326569556 0.684298380 0.557453563 0.338132485
10080.345857424 19.837550390 24.102596685 1.010460490 0.320627268 0.687027342 0.559804930 0.334380064
10080.379222403 19.871246121 24.127563634 0.993720787 0.316341497 0.689153195 0.561295204 0.331577479
10080.412594603 19.920460134 24.163674331 0.969731280 0.310444538 0.692498212 0.562970579 0.327314135
10080.445953628 19.969324604 24.201098912 0.947456469 0.304094794 0.696052327 0.564603106 0.322894482
10080.479322543 20.009902845 24.232373834 0.931432845 0.298409026 0.699126670 0.566162240 0.318801303
10080.512689354 20.060142903 24.272293438 0.914402675 0.290612715 0.703734560 0.568104005 0.312345573
10080.546051666 20.115432318 24.318614768 0.899725133 0.281131065 0.708735200 0.570628132 0.305029959
10080.579421238 20.150866528 24.350425572 0.892090388 0.275741006 0.712049667 0.571629992 0.300318701
10080.612800636 20.200522830 24.397771753 0.884230294 0.268876056 0.715996858 0.572798575 0.294882956
10080.646147891 20.248090918 24.448934956 0.878635214 0.261983289 0.720520391 0.573375149 0.288887625
10080.679522353 20.279124109 24.484048462 0.876197235 0.256508403 0.724050151 0.573920514 0.283848659
10080.712908414 20.326221251 24.538643316 0.872831492 0.246850428 0.730267997 0.574832066 0.274484269
10080.746265491 20.372342164 24.595532820 0.868508393 0.235857539 0.737038527 0.575665002 0.264112167
10080.779616511 20.405654242 24.638025491 0.865291735 0.227233501 0.742096806 0.576170274 0.256291009
10080.813003775 20.450324745 24.697533589 0.859992108 0.215585432 0.748618399 0.576470925 0.246525224
10080.846350994 20.491854934 24.754924210 0.854658919 0.205581151 0.754121554 0.576058524 0.239151935
10080.879719443 20.520650823 24.794906254 0.850282566 0.199984546 0.757220375 0.575279719 0.235959169
10080.913102177 20.559704650 24.851723093 0.844725779 0.194653412 0.760489356 0.573501685 0.234225972
10080.946454972 20.597395852 24.907526003 0.841094124 0.191607065 0.762911465 0.571111690 0.234700376
10080.979826954 20.624628597 24.948419139 0.837442241 0.190095993 0.764515099 0.569284983 0.235148431
10081.013281505 20.660167877 25.005765506 0.833858918 0.187752960 0.766982237 0.566828588 0.234930683
10081.046547049 20.696240908 25.071116103 0.831426951 0.183689985 0.770388648 0.564596297 0.232358220
10081.079912675 20.718703461 25.115690697 0.829511989 0.179705865 0.773155151 0.563500831 0.228918605
10081.113321509 20.747236410 25.179530719 0.827431966 0.172965010 0.777358876 0.562370850 0.222565292
10081.146643509 20.779280310 25.249380477 0.824398205 0.165662584 0.781599456 0.561409671 0.215586131
10081.180020509 20.798794605 25.297494906 0.820890382 0.161711689 0.783949938 0.560674754 0.211933116
10081.213405508 20.826205766 25.365212075 0.815043545 0.158291186 0.786221571 0.559511414 0.209156684
10081.246750535 20.856858325 25.441070761 0.808267194 0.157392808 0.787491122 0.557978636 0.209153242
10081.280131535 20.878357939 25.492712249 0.801601156 0.158731365 0.787626754 0.556706918 0.211011511
10081.313506448 20.902384997 25.564508575 0.791858509 0.162266857 0.787067309 0.554728369 0.215571228
10081.346847774 20.932026305 25.643230338 0.781140440 0.167105021 0.785955302 0.552694009 0.221087103
10081.380219682 20.954195468 25.698045844 0.774069052 0.170165559 0.785266313 0.551474379 0.224224239
10081.413598675 20.982743113 25.776768954 0.766803490 0.172925451 0.784555544 0.550400516 0.227219406
10081.446946661 21.007972951 25.857107253 0.763452114 0.173117754 0.784185218 0.550431615 0.228273572
10081.480328669 21.023195148 25.914585483 0.763759319 0.171826976 0.783988494 0.551228710 0.228000966
10081.513704834 21.040036281 25.997812195 0.768469772 0.167293570 0.784141914 0.553291594 0.225837846
10081.547050573 21.055427170 26.086624924 0.777063723 0.159697615 0.784584721 0.556672754 0.221447357
10081.580413082 21.064943209 26.149102540 0.783528005 0.153155118 0.785034842 0.559438619 0.217467785
10081.613803578 21.079501524 26.241049860 0.791135039 0.142268375 0.785819003 0.563872158 0.210467084
10081.647151618 21.091355393 26.332747159 0.797750861 0.129331104 0.786815303 0.568789404 0.201677364
10081.680517504 21.101260099 26.399373877 0.798818346 0.118794378 0.787566463 0.572579781 0.194369123
10081.713908336 21.109684659 26.492227831 0.798325599 0.102688713 0.788390787 0.578107039 0.183540861
10081.747267182 21.117409171 26.586284533 0.792768241 0.087332422 0.787791279 0.584130665 0.174783623
10081.780633120 21.120983858 26.650094982 0.788598881 0.077805225 0.785738118 0.589309998 0.171101383
10081.814000914 21.124025348 26.735227399 0.784399000 0.065997995 0.781145382 0.597657002 0.168113845
10081.847351756 21.124977171 26.816217915 0.783441743 0.053898643 0.775299578 0.607331819 0.164783380
10081.880716605 21.122651701 26.870180638 0.785389512 0.042970984 0.770790113 0.615058003 0.160436121
10081.914122284 21.115635326 26.945358742 0.790861583 0.021187143 0.764639003 0.626856301 0.148086047
10081.947452982 21.097306923 27.007752038 0.802493323 -0.007682606 0.759088468 0.638053629 0.128892366
10081.980818212 21.078064725 27.075271426 0.811553528 -0.048648587 0.753138584 0.648604930 0.098626737
10082.014193500 21.061155102 27.118022209 0.817291986 -0.081829258 0.748460847 0.654028155 0.073194983
10082.047546138 21.030070683 27.173065385 0.825144294 -0.137776303 0.739636709 0.658082899 0.029700641
10082.080909949 20.994288962 27.223587024 0.830321961 -0.204126674 0.726386310 0.655891597 -0.022392926
10082.114316780 20.966248309 27.253102485 0.830933110 -0.252678262 0.713964350 0.650205703 -0.060341918
10082.147645634 20.923920276 27.287729266 0.829296452 -0.324273125 0.690875946 0.635695478 -0.115881955
10082.181013162 20.879449198 27.312613907 0.823203942 -0.394837699 0.661870823 0.614047142 -0.170224302
10082.214412398 20.850736750 27.322055322 0.818295521 -0.439077982 0.639946240 0.596642127 -0.204199679
10082.247748321 20.808550086 27.324538556 0.810823720 -0.503165439 0.601865717 0.565850606 -0.253762275
10082.281124240 20.775271422 27.314775676 0.806443950 -0.553348770 0.566706044 0.535517688 -0.293036181
10082.314493341 20.754179729 27.301537653 0.803965840 0.585142044 -0.541268461 -0.513023733 0.318502575
10082.347846353 20.734803679 27.285261828 0.800468498 0.621598801 -0.508780566 -0.482928590 0.348621920
10082.381247027 20.713200571 27.250464945 0.800903557 0.651565800 -0.478369280 -0.454022758 0.374817524
10082.414602713 20.703190752 27.227071381 0.800066855 0.667683106 -0.460171769 -0.436346570 0.389926767
10082.447961517 20.694856913 27.193253946 0.797009851 0.688378339 -0.434059886 -0.410923146 0.410937277
10082.481316895 20.688883408 27.151044624 0.794119988 0.705318142 -0.409778643 -0.387173399 0.429772663
10082.514699263 20.687284921 27.119242489 0.791442075 0.715708165 -0.393173966 -0.370737387 0.442413658
10082.548046336 20.688601409 27.069787581 0.787493853 0.729571127 -0.368669715 -0.346094632 0.460464025
10082.581413998 20.693446991 27.019489777 0.789483149 0.742993820 -0.342250306 -0.318454024 0.478969671
10082.614785753 20.699452025 26.982257621 0.787833960 0.751246943 -0.323296972 -0.299207193 0.491510075
10082.648144011 20.702464710 26.917638327 0.794151499 0.761568291 -0.296114371 -0.272081064 0.508234111
10082.681522216 20.708833999 26.851084406 0.805184544 0.770472757 -0.266924166 -0.244217182 0.524863019
10082.714888736 20.719633652 26.811008619 0.806387801 0.775172106 -0.246920595 -0.226237077 0.535682006
10082.748263705 20.734090654 26.753933382 0.809305672 0.780260594 -0.219460332 -0.202880208 0.549427146
10082.781619338 20.754591193 26.691499536 0.813108748 0.784207048 -0.188495801 -0.178411350 0.563611594
10082.814977039 20.767589065 26.648871875 0.814916325 0.786170097 -0.167555166 -0.162627275 0.572201201
10082.848342730 20.785266740 26.587578044 0.819932835 0.787734362 -0.139244954 -0.142644043 0.582870564
10082.881715322 20.806017711 26.525581277 0.825942851 0.787498400 -0.112758996 -0.126328916 0.592598249
10082.915079646 20.817271498 26.481551655 0.828074442 0.786521507 -0.097285980 -0.117928386 0.598341251
10082.948447121 20.828641333 26.413330981 0.829910443 0.784103135 -0.078974403 -0.109588940 0.605752080
10082.981829083 20.838188346 26.347064436 0.829924043 0.780416513 -0.065225155 -0.105484209 0.612836705
10083.015183052 20.843629677 26.299152999 0.829947105 0.777340683 -0.057332329 -0.103828009 0.617797873
10083.048562941 20.850175154 26.231237259 0.828977673 0.772113496 -0.047987899 -0.102814275 0.625273648
10083.081917853 20.853704005 26.163792951 0.827049656 0.766025535 -0.040707624 -0.102858902 0.633220195
10083.115278703 20.856799066 26.116959036 0.826552597 0.761576459 -0.036000038 -0.102682358 0.638875284
10083.148641687 20.860745921 26.052272498 0.824464774 0.754937100 -0.028240230 -0.100791057 0.647389857
10083.182010416 20.865151383 25.991169485 0.823509849 0.748431704 -0.019632843 -0.097209109 0.655755233
10083.215380919 20.870124713 25.945777963 0.825309806 0.744104929 -0.012888103 -0.093784246 0.661321606
10083.248734195 20.876986299 25.892113675 0.828346645 0.738152857 -0.003285306 -0.088295456 0.668822457
10083.282121470 20.887944647 25.833782228 0.836014957 0.731397387 0.008694559 -0.081028121 0.677064776
10083.315488928 20.897207224 25.796089557 0.843970892 0.727180776 0.016754803 -0.076061364 0.682013244
10083.348849871 20.914148182 25.741426127 0.857484860 0.721029549 0.029691761 -0.067721062 0.688947492
10083.382271035 20.933842066 25.692623334 0.873086553 0.715193601 0.043017783 -0.059039832 0.695098469
10083.415571414 20.948982641 25.658913122 0.883043538 0.711239639 0.053002797 -0.052336599 0.698991960
10083.448930937 20.971799081 25.614079892 0.895158710 0.705894947 0.068328721 -0.042023028 0.703759600
10083.482310027 20.996694131 25.567297927 0.905658866 0.700503827 0.086135716 -0.030152864 0.707789398
10083.515668364 21.013971940 25.536951224 0.911638112 0.697057245 0.098993056 -0.021586005 0.709820834
10083.549031837 21.042818261 25.481693970 0.918191303 0.691605667 0.120368562 -0.007290680 0.712137527
10083.582416411 21.075107272 25.439252050 0.922952132 0.685931370 0.142179243 0.007249782 0.713603994
10083.615772195 21.098656448 25.412763490 0.924410759 0.681787974 0.157326295 0.017313463 0.714222542
10083.649129135 21.132796995 25.367492016 0.925002918 0.675799151 0.178461590 0.031103645 0.714478503
10083.682516884 21.169080080 25.323265498 0.922396363 0.669796552 0.198643019 0.044145527 0.714118129
10083.715864629 21.196686012 25.295744547 0.919342633 0.665335955 0.212095539 0.052713156 0.713838128
10083.749236324 21.232629239 25.261377213 0.914837124 0.659917023 0.227310932 0.062322150 0.713410970
10083.782596829 21.270706034 25.228500719 0.910136933 0.654382119 0.242502445 0.072119929 0.712583555
10083.815958618 21.297855118 25.206074149 0.907172957 0.650677685 0.253387316 0.079351385 0.711418847
10083.849330075 21.335428072 25.186522996 0.904526827 0.645377074 0.270038051 0.090726266 0.708757101
10083.882701426 21.379046110 25.154808100 0.903335382 0.639532039 0.290465988 0.104953215 0.703997943
10083.916066011 21.409223956 25.135952917 0.902380946 0.635425389 0.304995461 0.115158253 0.699964942
10083.949437173 21.451813563 25.107089472 0.902525272 0.629602831 0.325629847 0.129826973 0.693332846
10083.982797291 21.495959413 25.076885760 0.903708164 0.623584812 0.346569703 0.144892447 0.685592884
10084.016158944 21.528988730 25.059643845 0.903969103 0.618830154 0.362583835 0.156403496 0.679058281
10084.049526469 21.571399770 25.038133833 0.905260796 0.612757971 0.381950061 0.170528620 0.670493706
10084.082901297 21.617641207 25.015621608 0.905279927 0.606568232 0.400698698 0.184279422 0.661480633
10084.116260191 21.648554120 24.999986808 0.903032497 0.602804408 0.411513012 0.192328819 0.655967615
10084.149623192 21.692029332 24.979624134 0.898393669 0.597974010 0.424466518 0.202194468 0.649132233
10084.183001999 21.736401379 24.965784291 0.890193462 0.593533469 0.435139318 0.210739595 0.643397714
10084.216370677 21.764441167 24.952415920 0.885242994 0.591097107 0.440684248 0.215404575 0.640314355
10084.249722306 21.812254298 24.931476807 0.876939468 0.586774865 0.449690560 0.223620789 0.635190838
10084.283090829 21.859392252 24.911190368 0.868627729 0.582305104 0.458365670 0.232045087 0.630060914
10084.316456613 21.892352670 24.897998426 0.863085292 0.578949409 0.464760554 0.238406589 0.626081071
10084.349821012 21.940623085 24.880453468 0.856252326 0.573666575 0.474496171 0.248301574 0.619763159
10084.383193244 21.991234036 24.861233031 0.851448414 0.567934959 0.484483781 0.259454563 0.612706029
10084.416559019 22.026390466 24.849820193 0.848718413 0.563772585 0.491539315 0.267633905 0.607389223
10084.449923718 22.077115074 24.834496188 0.847384050 0.557619769 0.501883738 0.279940896 0.599004175
10084.483301698 22.128851481 24.821273330 0.848187681 0.551118456 0.512463751 0.293221382 0.589635966
10084.516658626 22.166113596 24.813111376 0.848946386 0.546351175 0.519991000 0.302814556 0.582591708
10084.550019247 22.219775809 24.802324221 0.852321186 0.539583725 0.530221859 0.316449074 0.572340954
10084.583387657 22.275338418 24.791680828 0.855850176 0.532893718 0.539792967 0.330208816 0.561791755
10084.616750641 22.314392241 24.784470297 0.857886335 0.528371582 0.545611213 0.339119549 0.555094413
10084.650116602 22.366147334 24.776620757 0.860255845 0.522459522 0.552961788 0.350977512 0.545970783
10084.683493055 22.422478114 24.766909875 0.859448087 0.516305267 0.559854057 0.363034943 0.536840699
10084.716866970 22.456989268 24.762567855 0.857964257 0.512692298 0.563462280 0.370019522 0.531735291
10084.750238372 22.516343246 24.756125691 0.853059194 0.506663033 0.568806672 0.381302920 0.523793494
10084.783584194 22.571892955 24.751625883 0.847565201 0.501519923 0.572638244 0.390977359 0.517397250
10084.816963068 22.612485305 24.747812161 0.843886304 0.498071180 0.574632959 0.397413300 0.513599777
10084.850351416 22.669385955 24.745734397 0.838780622 0.493701346 0.576382675 0.405847650 0.509244222
10084.883705164 22.725287851 24.744453236 0.836383453 0.490150521 0.576472133 0.413580166 0.506343552
10084.917049965 22.763727684 24.744102165 0.836750929 0.488221785 0.575623935 0.418486574 0.505139150
10084.950415730 22.820658393 24.743347012 0.840102352 0.486015906 0.573406959 0.425272299 0.504119499
10084.983788728 22.874600283 24.743663888 0.847652190 0.484011049 0.570978864 0.431921978 0.503149924
10085.017156359 22.912710223 24.743169619 0.854396758 0.482383629 0.569771062 0.436910309 0.501773209
10085.050534202 22.968560599 24.741522371 0.863677910 0.479455798 0.569040649 0.444809230 0.498457247
10085.083895828 23.025471018 24.739001347 0.874591519 0.476308183 0.568684826 0.453111290 0.494386733
10085.117264730 23.060804591 24.735371586 0.881370156 0.474729131 0.568295508 0.457899208 0.491935751
10085.150623057 23.119377060 24.731661069 0.892162241 0.472638041 0.567058631 0.465777317 0.487964426
10085.183984102 23.173121117 24.728233525 0.899257963 0.471814663 0.565185017 0.472098688 0.484850131
10085.217348020 23.212017569 24.723960950 0.901826416 0.472017940 0.563345822 0.475812293 0.483159612
10085.250711739 23.264684332 24.720452711 0.902574680 0.473454579 0.559478374 0.480131787 0.481973212
10085.284084820 23.318748358 24.716984634 0.899946731 0.476002775 0.554629720 0.483502120 0.481697967
10085.317469486 23.357349525 24.714108112 0.897177024 0.478091621 0.551114279 0.485430146 0.481725054
10085.350820191 23.415848584 24.708956660 0.892112882 0.480860970 0.546395947 0.488090851 0.481654978
10085.384194154 23.478150847 24.703031143 0.886135121 0.482300960 0.543022919 0.491446291 0.480616725
10085.417561051 23.520190715 24.699613123 0.882242331 0.482456415 0.541676738 0.494032671 0.479326443
10085.450907989 23.588291751 24.694969856 0.876174937 0.481748735 0.540262438 0.498499533 0.477004056
10085.484276675 23.655176069 24.690928825 0.872565277 0.479965866 0.539542205 0.503188555 0.474687533
10085.517648213 23.695904439 24.688772118 0.872065985 0.478363367 0.539659104 0.506122754 0.473049996
10085.551003892 23.764519033 24.686908804 0.874131618 0.474366570 0.540663806 0.511932387 0.469663962
10085.584377522 23.826506167 24.685878453 0.878718814 0.469533682 0.542494137 0.517756204 0.466011531
10085.617752900 23.868479650 24.685793108 0.882646428 0.466048768 0.543699982 0.521660746 0.463744479
10085.651108587 23.928038391 24.686296697 0.889062826 0.461714752 0.544737995 0.526605068 0.461266850
10085.684477948 23.985913616 24.687438248 0.896094045 0.458761419 0.544438511 0.530186865 0.460463415
10085.717851026 24.023067806 24.687967795 0.899763487 0.457763647 0.543502314 0.531736977 0.460774854
10085.751217310 24.084557317 24.688569941 0.903389691 0.457418064 0.540882794 0.533165439 0.462546357
10085.784577043 24.145832063 24.688247425 0.903276356 0.458335143 0.537556732 0.533368625 0.465273646
10085.817939687 24.186008761 24.688385053 0.901525830 0.459021095 0.535285821 0.533299609 0.467290330
10085.851303949 24.255337712 24.689653268 0.896278804 0.460274189 0.531621253 0.532939176 0.470640360
10085.884681758 24.321602211 24.692304414 0.891011999 0.461452664 0.528333911 0.532291664 0.473909593
10085.918039978 24.365232236 24.693596702 0.887662464 0.462108578 0.526390593 0.531793109 0.475988125
10085.951400184 24.436609357 24.696978378 0.883010896 0.463137309 0.523175994 0.530849733 0.479571969
10085.984767177 24.505026913 24.700749756 0.879822525 0.464603545 0.519779074 0.529395977 0.483438890
10086.018153726 24.544619480 24.702863115 0.878702368 0.465857861 0.517579989 0.528222977 0.485868187
10086.051502534 24.616070574 24.706909336 0.881533466 0.468034518 0.514207475 0.526003985 0.489749090
10086.084867670 24.680060463 24.710901074 0.887388512 0.469775410 0.511993865 0.524110257 0.492424395
10086.118233760 24.720711661 24.712821059 0.892216715 0.470312865 0.511419723 0.523299580 0.493369259
10086.151599628 24.787015137 24.715834035 0.902328642 0.469907061 0.511879023 0.522948271 0.493652029
10086.184972335 24.849305410 24.717848454 0.912694819 0.468485153 0.513491669 0.523393919 0.492855732
10086.218352258 24.907898924 24.719394688 0.922940271 0.466834625 0.515656619 0.523904086 0.491617933
10086.251696302 24.948807577 24.719527454 0.929184747 0.466094159 0.516943959 0.523908753 0.490963132
10086.285064708 25.008567421 24.717888964 0.935796882 0.466376631 0.517779464 0.522942935 0.490844121
10086.318427937 25.068611868 24.714649451 0.939047739 0.468917770 0.516907055 0.520304778 0.492144450
10086.351794840 25.108084052 24.711673070 0.939273907 0.471819554 0.515314476 0.517704439 0.493780734
10086.385168764 25.169322650 24.705833434 0.936759838 0.477654679 0.511704635 0.512672643 0.497163087
10086.418531949 25.229572684 24.698953337 0.931629497 0.484041381 0.507701244 0.507266188 0.500624014
10086.451898612 25.273762181 24.694073383 0.927805798 0.487994798 0.505457625 0.503876686 0.502475822
10086.485267545 25.337756808 24.687402064 0.921628394 0.492392387 0.503838373 0.499974467 0.503708411
10086.518642160 25.406889826 24.681352974 0.917643175 0.494707694 0.504161519 0.497619597 0.503448306
10086.552011845 25.448091943 24.678539436 0.916232614 0.495191623 0.505136218 0.496755726 0.502848294
10086.585366164 25.515803420 24.674932379 0.916299866 0.494825852 0.507845964 0.496048539 0.501174321
10086.618729834 25.581730473 24.671686803 0.918283733 0.493646552 0.510735474 0.495704977 0.499738865
10086.652116406 25.628518214 24.670274530 0.920205103 0.492894150 0.512595273 0.495082105 0.499194504
10086.685471887 25.694792505 24.668267546 0.923469116 0.492788804 0.514209476 0.493247359 0.499454554
10086.718828693 25.764118699 24.666833067 0.927607205 0.494402764 0.514077409 0.489780935 0.501402992
10086.752212576 25.810089116 24.665843136 0.929934167 0.496358644 0.513352804 0.486740836 0.503170303
10086.785568526 25.872548567 24.665390357 0.932291900 0.499464156 0.512384790 0.482092070 0.505553775
10086.818934603 25.937766752 24.665268596 0.933222332 0.502031824 0.512165698 0.477898192 0.507211656
10086.852303481 25.978092244 24.664979047 0.932379645 0.503221247 0.512665815 0.475670066 0.507622031
10086.885662977 26.049264184 24.664844104 0.928238628 0.504084042 0.514833275 0.472863478 0.507194350
10086.919026591 26.115238701 24.665462174 0.922476056 0.503545616 0.518207956 0.471377621 0.505673279
10086.952404688 26.162287438 24.666108774 0.918056530 0.502570214 0.521104484 0.470740351 0.504258682
10086.985765787 26.228484309 24.667771319 0.911723203 0.500823196 0.525196611 0.470033461 0.502407396
10087.019147243 26.294769388 24.669893229 0.905801659 0.499343176 0.528657161 0.468936631 0.501274809
10087.052509993 26.338538938 24.671801666 0.902550470 0.498824689 0.530096765 0.467635634 0.501486055
10087.085864721 26.409741313 24.673099180 0.899102176 0.499501905 0.530697845 0.464251941 0.503316778
10087.119238716 26.476812431 24.672636545 0.899021347 0.501678991 0.529463969 0.459891841 0.506444064
10087.152608518 26.522946212 24.671635503 0.900755250 0.504035150 0.527665029 0.456114027 0.509390006
10087.185959765 26.588060167 24.669249231 0.905016619 0.508156432 0.524154385 0.450161445 0.514192468
10087.219326779 26.651667551 24.666478318 0.910290740 0.512726733 0.519988058 0.443818443 0.519373571
10087.252707639 26.693291434 24.664338416 0.913683594 0.515534605 0.517294229 0.439980179 0.522540136
10087.286061280 26.756931230 24.660715988 0.917747219 0.520071233 0.513086536 0.434262501 0.526957493
10087.319424179 26.818010240 24.656993267 0.919891377 0.523946769 0.509385322 0.429348467 0.530722405
10087.352801388 26.858038706 24.654922127 0.920118902 0.526270553 0.507262610 0.426387690 0.532839082
10087.386190459 26.920073310 24.650586074 0.917211544 0.529511157 0.504344733 0.422367382 0.535593241
10087.419529428 26.983201573 24.645601805 0.911175257 0.532508393 0.501323628 0.418735480 0.538302916
10087.452958768 27.019065196 24.642627353 0.906680074 0.534173351 0.499521368 0.416727136 0.539884921
10087.486260346 27.086985865 24.636755382 0.897094827 0.536504359 0.496766885 0.413807841 0.542354871
10087.519625629 27.149808837 24.631671070 0.887594681 0.537709688 0.495173590 0.412216669 0.543827938
10087.553022864 27.189495603 24.628556231 0.882083739 0.537719580 0.494960078 0.411787730 0.544337248
10087.586359738 27.255414476 24.624221430 0.873511189 0.536374400 0.496114746 0.412635683 0.543971006
10087.619724159 27.321900899 24.620356997 0.867599450 0.533662504 0.498753706 0.414821587 0.542560708
10087.653119189 27.360746090 24.618559551 0.865048394 0.531780486 0.500777087 0.416397678 0.541336123
10087.686462934 27.428343260 24.614889171 0.863341445 0.528709858 0.503771939 0.419004728 0.539550515
10087.719829741 27.492555726 24.610994206 0.863968260 0.526587044 0.505864023 0.420712929 0.538338468
10087.753301363 27.538092500 24.608293893 0.865707252 0.525891254 0.506394363 0.421220086 0.538123385
10087.786556439 27.604272627 24.604391415 0.869861195 0.526097250 0.505519421 0.420897866 0.538996089
10087.819921759 27.667389455 24.601325100 0.875050511 0.527346814 0.503551791 0.419746839 0.540512277
10087.853314158 27.708682687 24.599447621 0.878192324 0.528529960 0.501932717 0.418746957 0.541636977
10087.886654361 27.776036857 24.597067993 0.882351810 0.530612565 0.499152574 0.417035068 0.543487595
10087.920017262 27.840568438 24.594647958 0.884026931 0.532137785 0.497178586 0.416049607 0.544559965
10087.953402221 27.886088000 24.593496110 0.883654550 0.532640141 0.496443180 0.415971431 0.544799430
10087.986752715 27.952249390 24.591365222 0.880788763 0.532510289 0.496553123 0.416830634 0.544169101
10088.020143441 28.016742673 24.590064739 0.876541863 0.531412850 0.497779708 0.418620241 0.542745648
10088.053517266 28.062852713 24.589223913 0.872972764 0.530099166 0.499241803 0.420384753 0.541321675
10088.086846427 28.129246295 24.587281842 0.867868370 0.527676247 0.501979357 0.423367002 0.538827325
10088.120211302 28.195765026 24.586372962 0.863595096 0.524432140 0.505504172 0.427045535 0.535787807
10088.153604738 28.235227585 24.586456134 0.862366001 0.522147140 0.507965573 0.429379729 0.533822433
10088.186945310 28.300538113 24.586317117 0.862823389 0.518539613 0.512095003 0.432990077 0.530466749
10088.220312211 28.366450947 24.585991991 0.867125455 0.515434053 0.515712768 0.436194053 0.527354554
10088.253693627 28.406932981 24.585489520 0.871146203 0.514208799 0.517295678 0.437545967 0.525878331
10088.287044104 28.471905778 24.585543298 0.879145221 0.513040833 0.518918250 0.438974984 0.524226971
10088.320411455 28.534633195 24.585088485 0.887915920 0.512750998 0.519557828 0.439810849 0.523175395
10088.353798557 28.571448114 24.584937291 0.893438687 0.512738474 0.519861318 0.440283212 0.522488430
10088.387157595 28.634192987 24.585385649 0.902379581 0.512449746 0.520659792 0.441550678 0.520904634
10088.420513588 28.691684982 24.586247873 0.908322070 0.511623474 0.522126495 0.443271534 0.518782894
10088.453906700 28.729229265 24.586683583 0.910339035 0.510723003 0.523519312 0.444744108 0.517003116
10088.487243467 28.791991526 24.587717171 0.910061925 0.508353907 0.526706747 0.447700998 0.513536878
10088.520605684 28.851329581 24.589716361 0.906944365 0.504834328 0.530997727 0.451547002 0.509204301
10088.553994622 28.890947975 24.591152956 0.903232692 0.501696042 0.534525372 0.454588563 0.505898158
10088.587346435 28.958916081 24.592782686 0.895134590 0.494451126 0.542356275 0.461232081 0.498630848
10088.620699685 29.024150412 24.596465962 0.886086456 0.485690505 0.551446198 0.468652915 0.490281827
10088.654080887 29.068566374 24.600923583 0.880111666 0.479119864 0.557969364 0.473948672 0.484238579
10088.687434929 29.132914933 24.607413734 0.872470110 0.469696087 0.566714179 0.481242043 0.476053275
10088.720798532 29.193341687 24.616717467 0.868072918 0.461791727 0.573600657 0.486971794 0.469669201
10088.754189520 29.234169498 24.623547363 0.866988391 0.457013096 0.577412182 0.490387680 0.466105273
10088.787532141 29.300064466 24.637377677 0.866881332 0.448404361 0.584132355 0.496416885 0.459666398
10088.820893579 29.350456194 24.655809058 0.867485407 0.437697391 0.592422388 0.503553036 0.451542963
10088.854286669 29.392177963 24.670399943 0.869282712 0.428366868 0.599566655 0.509634566 0.444178187
10088.887633312 29.444603431 24.695210290 0.872536439 0.412284008 0.611727082 0.519554340 0.431132417
10088.920989482 29.497752161 24.723549738 0.876628999 0.394414099 0.624684172 0.529775094 0.416587991
10088.954370772 29.536160477 24.745285377 0.879309377 0.381300784 0.633857048 0.536797204 0.405812416
10088.987744878 29.601299566 24.774285403 0.882290251 0.362588380 0.646352232 0.546182650 0.390439459
10089.021112868 29.658021039 24.810091919 0.882904430 0.343566114 0.658446921 0.554752471 0.375046229
10089.054457663 29.693945188 24.835367420 0.881314218 0.331032827 0.666032082 0.559977729 0.365025310
10089.087819025 29.754394889 24.874355652 0.876118976 0.311648223 0.677242563 0.567325345 0.349799727
10089.121194776 29.810984239 24.915046308 0.869490042 0.292654574 0.687553761 0.573872075 0.335102920
10089.154568471 29.846594289 24.945587888 0.863987532 0.279721833 0.694270396 0.577772467 0.325458585
10089.187944277 29.901234078 24.989601483 0.857356280 0.262592368 0.702694505 0.582297915 0.313360525
10089.221290163 29.960034060 25.038524961 0.851435123 0.247768241 0.709520623 0.585634442 0.303683527
10089.254670952 29.992755503 25.076199099 0.850175540 0.238955450 0.713307130 0.587378478 0.298462317
10089.288029862 30.045186767 25.131841556 0.849582046 0.226015015 0.718843061 0.589847085 0.290279662
10089.321388048 30.087623968 25.194058220 0.851775220 0.209743095 0.725428580 0.593344632 0.278753220
10089.354757725 30.115287715 25.239196801 0.854004103 0.196147593 0.730713852 0.596346191 0.268243563
10089.388119661 30.153885772 25.303134058 0.857626535 0.175653970 0.738243441 0.600692618 0.251616144
10089.421490631 30.193986221 25.366913751 0.862043926 0.156619235 0.744305212 0.604820735 0.235949245
10089.454861582 30.214684035 25.409251149 0.865022771 0.146163672 0.747178504 0.607236362 0.227210175
10089.488227186 30.244005226 25.465886083 0.868219933 0.135768939 0.749688762 0.609874305 0.218144193
10089.521593176 30.276040003 25.521613435 0.869041801 0.128283688 0.751075175 0.612290919 0.211019446
10089.554959169 30.301430423 25.564215636 0.868199372 0.123550959 0.751780599 0.614096868 0.206024581
10089.588314436 30.332668394 25.621638059 0.865826667 0.117803067 0.752303435 0.616735285 0.199498289
10089.621698913 30.361685133 25.673802573 0.862103452 0.113501171 0.752196022 0.619343083 0.194249258
10089.655054668 30.382136827 25.714791773 0.858491562 0.111356760 0.751359029 0.621641619 0.191366088
10089.688421830 30.411774908 25.768229350 0.853487340 0.110168954 0.749748713 0.624357056 0.189520276
10089.721801597 30.438784368 25.824549726 0.848955702 0.112117364 0.746566742 0.627530121 0.190456669
10089.755182686 30.457392708 25.863200872 0.846271545 0.114290817 0.743895628 0.629774219 0.192201291
10089.788514284 30.483982104 25.918966933 0.843276612 0.117200592 0.739802996 0.633313575 0.194600781
10089.821889453 30.501664952 25.969624175 0.843942496 0.118380829 0.736099514 0.637016907 0.195839080
10089.855249061 30.516181362 26.008766621 0.845605106 0.117900818 0.733411040 0.640332189 0.195402996
10089.888612037 30.530369536 26.058381777 0.849831364 0.114720427 0.730807983 0.644729319 0.192569521
10089.921988050 30.541687269 26.116051737 0.857121213 0.107668175 0.728508699 0.650346767 0.186364488
10089.955345380 30.546750457 26.152049969 0.863112127 0.101036797 0.727555946 0.654110857 0.180535030
10089.988711319 30.550411250 26.208193334 0.872248820 0.086749885 0.727055884 0.659995099 0.168138839
10090.022151212 30.549205165 26.267106714 0.881826756 0.065946855 0.727619889 0.666125595 0.149990005
10090.055459243 30.545916311 26.308985454 0.887938282 0.048112414 0.728320157 0.670176528 0.134530165
10090.088836131 30.537587107 26.368015010 0.895732178 0.017531932 0.729319051 0.675330061 0.108238914
10090.122220247 30.523731968 26.433455874 0.900771306 -0.024415868 0.729673621 0.679568625 0.071880154
10090.155554152 30.511155225 26.477073715 0.902459499 -0.059923929 0.729050228 0.680616780 0.040690133
10090.188911911 30.490527042 26.535433354 0.902353288 -0.120597270 0.725152690 0.677815106 -0.013287473
10090.222287515 30.460894400 26.589052682 0.901399976 -0.200644826 0.713129504 0.666297283 -0.085064062
10090.255653648 30.438546791 26.620136933 0.899018330 -0.260124601 0.698453675 0.652145789 -0.138576786
10090.289006682 30.405874314 26.655116108 0.894297785 -0.345993002 0.667393360 0.623236799 -0.215524566
10090.322392737 30.372677868 26.680052399 0.888973110 -0.427201176 0.625810815 0.585489468 -0.288204895
10090.355746848 30.352051557 26.692405624 0.885449777 -0.474220456 0.594999403 0.558611418 -0.330218039
10090.389144468 30.324711184 26.703142793 0.882609379 -0.525112881 0.554343921 0.524723205 -0.376330755
10090.422475434 30.298429109 26.711037104 0.881250491 0.562524180 -0.517748590 -0.496202597 0.411443711
10090.455838485 30.272047839 26.716538697 0.881646352 0.587919049 -0.487560018 -0.474962367 0.437089431
10090.489200160 30.255505380 26.718109074 0.882365348 0.599026857 -0.472225213 -0.464925110 0.449460581
10090.522574028 30.233182961 26.718725114 0.884342623 0.612023351 -0.452181393 -0.451943383 0.465517544
10090.555936856 30.212081707 26.712842457 0.885436260 0.624409777 -0.432067217 -0.437889054 0.481335150
10090.589297998 30.199345731 26.705007174 0.885847576 0.633540766 -0.417317444 -0.426386307 0.492612388
10090.622675590 30.178172520 26.678352428 0.885761427 0.650575648 -0.389514869 -0.403173502 0.512328626
10090.656051766 30.165548482 26.654510083 0.885832430 0.669676075 -0.356627384 -0.373574972 0.533659634
10090.689409516 30.158606408 26.635296440 0.885190079 0.682940956 -0.331890621 -0.350525686 0.548244480
10090.722763859 30.151970019 26.602937836 0.885075083 0.700500082 -0.295498944 -0.315851619 0.567642285
10090.756150755 30.147126955 26.569062358 0.885032182 0.715207782 -0.259882475 -0.281401052 0.584595908
10090.789495144 30.145003527 26.543493927 0.885399876 0.723428036 -0.236854127 -0.258689972 0.594669234
10090.822868905 30.149169912 26.515741100 0.887241539 0.732494712 -0.206724506 -0.228034182 0.607220624
10090.856232617 30.145340426 26.474687984 0.888434668 0.738915237 -0.181269609 -0.201457001 0.616896003
10090.889596897 30.144874327 26.442532746 0.887855316 0.742398734 -0.165048129 -0.184090539 0.622666772
10090.922980910 30.146794939 26.391813780 0.885151904 0.746395854 -0.143234570 -0.160284316 0.629830155
10090.956333525 30.148775975 26.337999329 0.881404193 0.749389680 -0.122934583 -0.137435093 0.635935367
10090.989721220 30.150127844 26.297103642 0.879212032 0.751014306 -0.109286251 -0.121681817 0.639708967
10091.023081835 30.155667073 26.235475821 0.874292311 0.752364128 -0.090625433 -0.099994423 0.644776213
10091.056435492 30.161822283 26.173435852 0.868933191 0.752616536 -0.075093208 -0.081372883 0.649082285
10091.089807968 30.166866822 26.130391031 0.865416558 0.752030726 -0.066589256 -0.070876740 0.651914216
10091.123165467 30.159823650 26.070019622 0.867907351 0.750566525 -0.057368252 -0.057982515 0.655741415
10091.156526221 30.165800741 26.004724674 0.867492028 0.748048423 -0.049770275 -0.047844127 0.660043495
10091.189890765 30.169277552 25.965391795 0.868221852 0.746294622 -0.045311244 -0.041991953 0.662742714
10091.223259637 30.169253108 25.901771278 0.869790895 0.742979454 -0.036940542 -0.031411987 0.667555401
10091.256633644 30.169531186 25.845230887 0.871443044 0.739470537 -0.027841379 -0.021029667 0.672284118
10091.289989041 30.178698395 25.806327633 0.875549601 0.736675397 -0.020858189 -0.013758228 0.675784733
10091.323361680 30.190467472 25.753954569 0.881894519 0.732224764 -0.010292325 -0.003237137 0.680977595
10091.356721565 30.206359081 25.703143865 0.888688627 0.727336742 0.001376365 0.007802247 0.686235014
10091.390105781 30.211808634 25.670748003 0.892485119 0.723822622 0.010125834 0.016070467 0.689724597
10091.423457121 30.226468865 25.622991248 0.899011196 0.718651641 0.024099232 0.028269047 0.694377352
10091.456819761 30.239363103 25.577169116 0.905508446 0.713173349 0.039990447 0.041846199 0.698593898
10091.490191730 30.251682952 25.549219043 0.910173567 0.709247675 0.052329191 0.052147291 0.701077778
10091.523558547 30.266707619 25.506723545 0.916509357 0.703425942 0.070629681 0.067072374 0.704062986
10091.556929311 30.283599679 25.462184356 0.919026811 0.697582658 0.089135502 0.081762960 0.706221010
10091.590286106 30.295238037 25.434748894 0.920148592 0.693770202 0.100553839 0.090630771 0.707359806
10091.623657712 30.311867401 25.392802226 0.920629359 0.688030617 0.116882574 0.103191132 0.708734029
10091.657022424 30.329390822 25.344397738 0.916891475 0.682578079 0.132072624 0.115052108 0.709511804
10091.690381148 30.341911948 25.311059252 0.914454762 0.678876183 0.142187390 0.122880188 0.709795980
10091.723759786 30.362637159 25.262132795 0.908954828 0.673248137 0.157530248 0.135070509 0.709702138
10091.757167942 30.384485251 25.212147961 0.903151954 0.667639261 0.172902059 0.147438189 0.708960278
10091.790498495 30.401297714 25.177658625 0.898966527 0.663469845 0.184339304 0.156723146 0.708000453
10091.823854877 30.426653055 25.128961712 0.893930082 0.657148739 0.201087942 0.170396033 0.706175875
10091.857233698 30.454529663 25.080860956 0.891112604 0.650395897 0.218697927 0.184764855 0.703575399
10091.890597449 30.474073577 25.051482182 0.889998420 0.645874072 0.230580463 0.194181626 0.701407749
10091.923955948 30.505607039 25.009473875 0.890506873 0.639080545 0.248434844 0.207848735 0.697606686
10091.957320750 30.540048916 24.966183527 0.893068915 0.632809296 0.265786401 0.220695263 0.692967232
10091.990679675 30.566132845 24.937539535 0.895916908 0.628583943 0.277641436 0.229047707 0.689445145
10092.024069011 30.604922910 24.899774480 0.899657861 0.623091302 0.293897280 0.239916344 0.683974975
10092.057419624 30.646477747 24.864971138 0.902819835 0.618190734 0.309405139 0.249960291 0.677959092
10092.090779329 30.671993134 24.845820492 0.904017250 0.615425269 0.318296027 0.255493992 0.674286436
10092.124156237 30.719977537 24.808478692 0.903758094 0.611038298 0.333694824 0.265411774 0.666960684
10092.157517024 30.766190581 24.773304388 0.901487191 0.607417578 0.347102491 0.274113544 0.659867799
10092.190883744 30.795208963 24.756339656 0.899736764 0.605359074 0.355046179 0.279332188 0.655329025
10092.224246380 30.843706584 24.728521122 0.895389719 0.602789104 0.366251188 0.286739994 0.648294331
10092.257613884 30.891553943 24.705117023 0.892165051 0.601670128 0.374429508 0.292430947 0.642090136
10092.290979805 30.919481755 24.695075337 0.890527227 0.601278000 0.378428125 0.295455982 0.638719565
10092.324349626 30.971857293 24.668980580 0.887678409 0.600777143 0.385115328 0.301401894 0.632384303
10092.357728022 31.020553198 24.646371521 0.885606750 0.600252898 0.390827889 0.307060966 0.626628744
10092.391085371 31.054917068 24.631486129 0.884940831 0.599672032 0.394848456 0.311361299 0.622528949
10092.424449494 31.105287093 24.608572338 0.885186739 0.598584951 0.400634830 0.317860987 0.616564824
10092.457823390 31.157773853 24.585638802 0.887424875 0.597376466 0.406497690 0.324558746 0.610379068
10092.491179043 31.196480258 24.566081319 0.889620315 0.596329254 0.410835946 0.329433885 0.605870086
10092.524543786 31.248052251 24.544634729 0.893825467 0.594729994 0.416842655 0.336094526 0.599648984
10092.557904082 31.300365097 24.522101269 0.898626917 0.592878058 0.422686482 0.342675660 0.593637211
10092.591269646 31.335669227 24.508375653 0.901637477 0.591709437 0.426397173 0.346839648 0.589718282
10092.624646574 31.387946593 24.488933090 0.906150450 0.590108600 0.431333972 0.352577950 0.584304401
10092.658019167 31.440011197 24.467456161 0.907946994 0.588988624 0.435333043 0.357504086 0.579455237
10092.691375735 31.472433062 24.456180174 0.908749258 0.588672888 0.437495042 0.360213094 0.576462354
10092.724760992 31.525443438 24.438065344 0.909507089 0.588783907 0.439801590 0.363641347 0.572427325
10092.758117864 31.575945366 24.421954335 0.908730579 0.589587451 0.440819239 0.365717303 0.569487392
10092.791470641 31.608429491 24.410511337 0.906384563 0.590303539 0.441060293 0.366829529 0.567841216
10092.824839083 31.662834483 24.394180036 0.900810410 0.591211840 0.441562423 0.369015628 0.565082873
10092.858207583 31.713661964 24.378473115 0.893775287 0.591301502 0.442714409 0.371520851 0.562439990
10092.891570997 31.750877812 24.365972428 0.887391692 0.590580167 0.444257025 0.373991074 0.560340466
10092.924935864 31.806201213 24.350318745 0.877922779 0.588230701 0.448094028 0.378820008 0.556499583
10092.958308119 31.863918411 24.333393584 0.868269110 0.584588180 0.452904959 0.384573664 0.552482448
10092.991662348 31.901653352 24.323074152 0.863020637 0.581711347 0.456086436 0.388479998 0.550163941
10093.025060529 31.959280808 24.308862139 0.857503772 0.576993999 0.460970101 0.394417639 0.546826496
10093.058403047 32.014016688 24.298180829 0.855908482 0.571690015 0.465858146 0.400447025 0.543864776
10093.091761720 32.048841060 24.291894317 0.856378295 0.568085774 0.469101964 0.404489371 0.541858145
10093.125139536 32.105683367 24.283315292 0.858957818 0.562134591 0.474280284 0.410553538 0.538988596
10093.158514275 32.164266308 24.275074496 0.863753206 0.556738195 0.478546171 0.415752929 0.536829252
10093.191895974 32.202231096 24.270071556 0.867694232 0.553895759 0.480524966 0.418335884 0.535994714
10093.225240803 32.256732673 24.264764741 0.874122066 0.550689755 0.482470697 0.420949715 0.535503648
10093.258609642 32.318880446 24.259251499 0.880401179 0.547940123 0.484104558 0.422921848 0.535295721
10093.291964283 32.359945369 24.256383950 0.883846017 0.546075036 0.485439220 0.424206911 0.534975996
10093.325327713 32.421677369 24.252593448 0.885822371 0.542570884 0.488735112 0.426894204 0.533400567
10093.358691137 32.487059958 24.249542476 0.885458853 0.537560787 0.494242841 0.430700121 0.530329916
10093.392076178 32.528311673 24.249644669 0.884122069 0.533747651 0.498705374 0.433576087 0.527653458
10093.425427020 32.601608786 24.247707295 0.879509960 0.526367506 0.507346595 0.438907037 0.522395725
10093.458785459 32.672046845 24.246837343 0.873574267 0.518945538 0.515940101 0.443853725 0.517199393
10093.492161123 32.719984727 24.248422129 0.869148909 0.514113640 0.521373304 0.446665845 0.514146541
10093.525527158 32.790235745 24.253427271 0.863043353 0.507916183 0.528130893 0.449639002 0.510806889
10093.558904039 32.859259764 24.260257184 0.858693947 0.503454251 0.533111088 0.451018996 0.508830277
10093.592277206 32.907334803 24.267405424 0.857507203 0.500850268 0.535976719 0.451284203 0.508154046
10093.625625062 32.976011120 24.279604791 0.857911018 0.497199341 0.540146350 0.451645374 0.507002161
10093.658990121 33.045464324 24.292901961 0.859731748 0.492397897 0.545854410 0.452986652 0.504371259
10093.692367500 33.094029782 24.303375887 0.861924609 0.488210446 0.550745245 0.454572850 0.501690900
10093.725725163 33.162993837 24.320305230 0.865691459 0.481315452 0.558775249 0.457529853 0.496761603
10093.759103774 33.229215433 24.337910957 0.869110592 0.474085326 0.567156732 0.460759770 0.491199328
10093.792471378 33.270944291 24.349736479 0.870698383 0.469402797 0.572589078 0.462858917 0.487405770
10093.825825394 33.341623512 24.369181588 0.871542226 0.461298871 0.581883309 0.466479974 0.480636661
10093.859192016 33.406737239 24.391051604 0.870555711 0.452605651 0.591426717 0.470491576 0.473286636
10093.892569549 33.448060731 24.406875662 0.868729635 0.446155204 0.598299923 0.473567040 0.467671889
10093.925924106 33.511960489 24.431628650 0.863779715 0.434991396 0.609644360 0.478928586 0.457977782
10093.959286446 33.572695068 24.458289894 0.857118671 0.422537197 0.621615704 0.484896464 0.447137175
10093.992672170 33.614758208 24.477463085 0.851339260 0.413305369 0.630165391 0.489200083 0.439037050
10094.026053951 33.673241005 24.509124300 0.842632797 0.399348682 0.642459433 0.495386135 0.427035226
10094.059390397 33.733367880 24.542271832 0.833124098 0.385478332 0.653921543 0.501107345 0.415553245
10094.092774382 33.768013987 24.563359298 0.827766150 0.377690275 0.660111826 0.504129041 0.409214300
10094.126125079 33.828394074 24.604723751 0.820550200 0.364164585 0.670372205 0.509265562 0.398288651
10094.159489183 33.880464373 24.647120340 0.816354936 0.351647655 0.679282788 0.513876383 0.388393979
10094.192891938 33.914563712 24.674235494 0.814873226 0.343069804 0.685164748 0.517139201 0.381338990
10094.226223304 33.966233579 24.724824627 0.815110103 0.327252301 0.695741311 0.523090751 0.367730914
10094.259585283 34.017756701 24.780789730 0.816732820 0.308711267 0.707712351 0.529786632 0.350951145
10094.292974892 34.047903723 24.821629179 0.819450812 0.294910264 0.716161425 0.534643823 0.338077997
10094.326326534 34.094859888 24.880403318 0.822644852 0.274442197 0.728070899 0.541561870 0.318284444
10094.359687534 34.136873106 24.944836460 0.824979615 0.253742294 0.739273308 0.547964612 0.298034575
10094.393106971 34.165625871 24.990974734 0.825136220 0.240292650 0.746088965 0.551849679 0.284732559
10094.426424937 34.206577600 25.061899369 0.824048050 0.223534363 0.753969952 0.556449602 0.268189375
10094.459790922 34.242637781 25.132610562 0.820908859 0.209831592 0.759874485 0.559969296 0.254942852
10094.493227927 34.270153198 25.182494366 0.817215214 0.201327633 0.763301930 0.562110362 0.246717020
10094.526519905 34.304798679 25.258266209 0.811765503 0.190079971 0.767589213 0.564870769 0.235791049
10094.559892882 34.340063194 25.335744349 0.806462277 0.179166877 0.771265767 0.567584101 0.225602824
10094.593273882 34.362756883 25.390554183 0.803080872 0.171654962 0.773505886 0.569583173 0.218628059
10094.626625781 34.393424390 25.473449586 0.798066950 0.160989602 0.776260558 0.572374080 0.209498943
10094.659989744 34.415590323 25.554423327 0.794306168 0.152580696 0.777917839 0.574694813 0.203196554
10094.693374420 34.439457124 25.632098762 0.792257794 0.146325155 0.778154876 0.577000009 0.200337034
10094.726725596 34.452396768 25.683248990 0.791910303 0.142787164 0.777788914 0.578558029 0.199817010
10094.760119603 34.468772741 25.758218216 0.792587307 0.137035252 0.776614068 0.581513793 0.199834025
10094.793478594 34.482156680 25.826245806 0.795581375 0.130408535 0.775069026 0.585071214 0.199883200
10094.826820620 34.487838486 25.871606809 0.799096364 0.124781113 0.773563549 0.588441867 0.199412334
10094.860190026 34.489236259 25.933863643 0.806375111 0.114316204 0.771704313 0.593831589 0.196896682
10094.893569142 34.490332927 25.995050987 0.812194632 0.101155331 0.770232156 0.599663084 0.192130714
10094.926925126 34.489728355 26.034208907 0.816431986 0.091713509 0.769216298 0.603694856 0.188274905
10094.960291987 34.487213203 26.097226973 0.822421693 0.076533759 0.767359394 0.609971434 0.182310157
10094.993665992 34.484757023 26.155719535 0.826954329 0.064447151 0.764876951 0.615659694 0.178249702
10095.027041951 34.482410393 26.195988794 0.830447009 0.057599699 0.762655687 0.619516637 0.176741942
10095.060392830 34.479736375 26.254629797 0.834033011 0.049634865 0.758877942 0.625007539 0.176085850
10095.093782784 34.476598441 26.316602366 0.834604220 0.042298578 0.754508945 0.630885723 0.175813214
10095.127128689 34.473187342 26.354613501 0.832675027 0.037403744 0.751893132 0.634544271 0.174960700
10095.160488164 34.467760456 26.423148022 0.826870247 0.026660899 0.747732128 0.641104914 0.170793298
10095.193866629 34.454666864 26.492204773 0.820296710 0.010534426 0.744078964 0.648405464 0.160642073
10095.227221589 34.443972305 26.538421771 0.815905691 -0.004274876 0.742541697 0.652832335 0.149744773
10095.260583479 34.419340166 26.612709895 0.809560094 -0.038803585 0.740508916 0.659699998 0.122215959
10095.293959441 34.382114983 26.681778763 0.805911841 -0.088233116 0.738424501 0.663592511 0.081173590
10095.327328294 34.349073675 26.723477075 0.806768073 -0.130376576 0.735023614 0.663801868 0.045927294
10095.360691193 34.291895525 26.771594935 0.810676139 -0.198942298 0.725558247 0.658681773 -0.011203347
10095.394108117 34.228675124 26.807500730 0.817385793 -0.273609967 0.709052073 0.645723111 -0.073650587
10095.427422302 34.182744475 26.823653021 0.822545902 -0.327050017 0.692334626 0.632262140 -0.118133984
10095.460788079 34.120159881 26.834872877 0.829283190 -0.399324911 0.662626982 0.608034083 -0.178212380
10095.494159979 34.057031170 26.832500206 0.835175528 -0.472320473 0.622871144 0.576352324 -0.238249672
10095.527517710 34.019205205 26.824824830 0.837444430 -0.517105019 0.592852285 0.552879416 -0.274686948
10095.560884203 33.971782199 26.806261829 0.838339771 0.574596746 -0.546892829 -0.517518021 0.320814449
10095.594264703 33.934179780 26.780827784 0.836764495 0.623984964 -0.498674213 -0.482264227 0.359705448
10095.627610949 33.912914678 26.759236637 0.834334306 0.654068777 -0.464657195 -0.457910465 0.382891279
10095.660985624 33.889864842 26.725604791 0.829489620 0.691136792 -0.416352466 -0.424187810 0.411151141
10095.694355073 33.872896311 26.688056697 0.824243275 0.719380322 -0.373221301 -0.395375734 0.432291384
10095.727705665 33.864342508 26.660847585 0.820607380 0.735092440 -0.346040298 -0.377743577 0.444077703
10095.761092879 33.856044259 26.620076988 0.815816570 0.752507658 -0.311893849 -0.356319197 0.457701958
10095.794451393 33.852981085 26.578920646 0.811455362 0.766233088 -0.281730492 -0.336910007 0.469048432
10095.827810458 33.853742932 26.551572824 0.808682208 0.774013464 -0.263224068 -0.324226076 0.475913542
10095.861183600 33.859525093 26.505894700 0.804464889 0.785673084 -0.233744133 -0.301737724 0.486863258
10095.894566900 33.869600107 26.461623632 0.801516202 0.795529418 -0.206885301 -0.278746615 0.496620320
10095.927901530 33.879596814 26.434899772 0.800418108 0.801149435 -0.189921611 -0.263310749 0.502749255
10095.961274038 33.899185557 26.391417517 0.799177388 0.808487125 -0.164074794 -0.239079880 0.512121900
10095.994649562 33.922387934 26.348864017 0.795644970 0.813236394 -0.141120638 -0.217714854 0.520895168
10096.028021282 33.937785062 26.324732480 0.794489167 0.815166142 -0.128524699 -0.205924434 0.525909394
10096.061377125 33.965563841 26.284242832 0.793255115 0.816818266 -0.109310990 -0.188483259 0.534165787
10096.094741126 33.990728576 26.245334994 0.789613913 0.817061338 -0.093834831 -0.174821947 0.541334538
10096.128115707 34.009391392 26.219478216 0.786826845 0.816614063 -0.084500264 -0.166575814 0.546126061
10096.161479023 34.032295222 26.175134500 0.782692206 0.815442271 -0.072695591 -0.156291860 0.552577693
10096.194848207 34.057851894 26.130916355 0.775731371 0.813978185 -0.060883535 -0.145747611 0.559008357
10096.228202086 34.073702740 26.100067769 0.771277736 0.812998680 -0.052749060 -0.138471725 0.563095254
10096.261585558 34.093226854 26.041328538 0.762082660 0.811350888 -0.040036834 -0.127088877 0.569170630
10096.294940578 34.114427519 25.982667482 0.750793679 0.809130176 -0.028593546 -0.117445770 0.575062830
10096.328293659 34.128700941 25.941749389 0.743720846 0.806854569 -0.022241808 -0.112720832 0.579469603
10096.361664928 34.147347135 25.883206605 0.735783926 0.802935077 -0.015806689 -0.108881821 0.585824343
10096.395031496 34.166730026 25.819257463 0.730600018 0.797664508 -0.011102171 -0.107697983 0.593303649
10096.428394846 34.179342243 25.778207418 0.729429663 0.793369171 -0.009161660 -0.108621650 0.598901293
10096.461788422 34.199200396 25.722386607 0.727522014 0.786469887 -0.008050593 -0.112378873 0.607265423
10096.495141186 34.217866815 25.667681866 0.728038019 0.778564390 -0.009029971 -0.118665296 0.616177327
10096.528489871 34.230578314 25.628171563 0.729976407 0.772473575 -0.010938826 -0.124581170 0.622610995
10096.561874704 34.244516513 25.577943154 0.733511794 0.762944759 -0.013629896 -0.132637213 0.632563744
10096.595237306 34.258078221 25.524965409 0.742041337 0.753603096 -0.013704570 -0.138124631 0.642507700
10096.628602717 34.265552677 25.488905366 0.750035585 0.747465506 -0.011227136 -0.139492284 0.649392925
10096.661959478 34.284002020 25.433785336 0.760581917 0.739733360 -0.004612485 -0.138799109 0.658413312
10096.695328316 34.293934959 25.386046433 0.775887249 0.731985526 0.005141681 -0.135393820 0.667711963
10096.728687066 34.300320363 25.355794996 0.786950113 0.727393711 0.014139082 -0.130959386 0.673459809
10096.762098937 34.311537755 25.311488801 0.803154864 0.721536312 0.030563364 -0.121802926 0.680893000
10096.795431794 34.317830108 25.272404000 0.820278843 0.716320108 0.048129904 -0.111455002 0.687129389
10096.828790545 34.321344199 25.245887624 0.831102107 0.713010861 0.060040475 -0.104498241 0.690717577
10096.862157054 34.317054680 25.220294692 0.846483812 0.708558098 0.074216094 -0.096816274 0.695028058
10096.895532879 34.313840362 25.185319437 0.862131353 0.703551950 0.086569516 -0.090959468 0.699461755
10096.928885692 34.312881349 25.162178900 0.869641313 0.700738049 0.091911195 -0.088804756 0.701877649
10096.962277490 34.314469415 25.116902631 0.877502491 0.696571522 0.099165351 -0.086486217 0.705318710
10096.995618990 34.312992478 25.076235884 0.884114274 0.692880799 0.105812117 -0.084049110 0.708276599
10097.029001674 34.313326268 25.045362041 0.886435994 0.690901229 0.111045929 -0.081638272 0.709689712
10097.062373508 34.317703470 24.999170841 0.888975862 0.688390595 0.120568210 -0.076454595 0.711151454
10097.095727377 34.321105653 24.952655499 0.889353133 0.686656828 0.131792440 -0.069794565 0.711520816
10097.129093311 34.322646820 24.923452534 0.888640691 0.685984183 0.139202262 -0.065287790 0.711186287
10097.162462164 34.325293292 24.876458110 0.888799428 0.685414885 0.150208501 -0.058355468 0.710097515
10097.195850090 34.329608585 24.828467265 0.890202010 0.685154563 0.157760517 -0.053198915 0.709115449
10097.229189975 34.332943446 24.799441158 0.891969180 0.685198995 0.163202759 -0.049348432 0.708118584
10097.262555913 34.339298801 24.759620671 0.895181683 0.685455359 0.172470890 -0.042041461 0.706142520
10097.295918841 34.345118123 24.723368174 0.898574113 0.685642823 0.184579240 -0.031919122 0.703424191
10097.329286486 34.352717432 24.702083430 0.900525977 0.685677348 0.193630263 -0.024385389 0.701255481
10097.362661440 34.365187400 24.669077188 0.902418361 0.685597053 0.209789859 -0.010532006 0.697017914
10097.396060282 34.375910438 24.632169940 0.901465242 0.685262421 0.225824052 0.003562171 0.692391668
10097.429393312 34.388664437 24.613612668 0.900887826 0.684757423 0.237727477 0.014171754 0.688761265
10097.462756100 34.406517617 24.585313372 0.897308629 0.683736766 0.254157572 0.029128567 0.683417507
10097.496117988 34.428924956 24.554624668 0.892423493 0.682096877 0.271671471 0.045642806 0.677388512
10097.529484941 34.446032486 24.540097804 0.890048734 0.680950215 0.282335443 0.056073018 0.673386456
10097.562856843 34.470247893 24.519262518 0.884965984 0.679097976 0.295634453 0.069763843 0.668250863
10097.596221608 34.498812953 24.503386736 0.879508063 0.676858765 0.309218881 0.084254110 0.662681780
10097.629583396 34.521171049 24.490654242 0.876148636 0.675164887 0.318669011 0.094831970 0.658490193
10097.662959368 34.552775454 24.477136657 0.871310679 0.672461513 0.331251332 0.109667955 0.652718169
10097.696328220 34.584351365 24.469767021 0.867075459 0.669401747 0.343082302 0.124509855 0.647065014
10097.729699040 34.607176136 24.461321638 0.865385301 0.667090506 0.351266281 0.135143069 0.642914152
10097.763072792 34.639430933 24.454824623 0.863836863 0.663277440 0.362902844 0.151104802 0.636813868
10097.796419584 34.673179211 24.447008386 0.863928052 0.658580426 0.375198409 0.168347541 0.630204000
10097.829781422 34.695216302 24.444273308 0.865153431 0.655123527 0.383184720 0.180087829 0.625740368
10097.863157127 34.728420777 24.442130514 0.867401251 0.649125443 0.395228984 0.198212516 0.618984659
10097.896518717 34.761929984 24.436139774 0.869173059 0.642917171 0.405909982 0.215617886 0.612701824
10097.929878618 34.782861759 24.436482836 0.871643187 0.639032530 0.411873925 0.226339562 0.608906971
10097.963256306 34.817709632 24.432811115 0.876470034 0.632661631 0.420483582 0.243325009 0.603096806
10097.996632098 34.851084553 24.428594930 0.883112882 0.626944206 0.427181853 0.258740700 0.597921297
10098.030032986 34.873243662 24.427981190 0.888174903 0.623141177 0.430932841 0.268802611 0.594758031
10098.063352659 34.903733561 24.425695930 0.895744445 0.617813924 0.435501045 0.282706315 0.590526828
10098.096716329 34.933295917 24.422648120 0.903338938 0.612535453 0.439330367 0.296423705 0.586448748
10098.130088808 34.953842921 24.421057468 0.908186687 0.608800022 0.441796167 0.305892816 0.583616539
10098.163451624 34.982881671 24.417118622 0.914621382 0.603279103 0.444988971 0.319558853 0.579587163
10098.196813602 35.010291733 24.413682977 0.920679348 0.598263386 0.447471067 0.332459852 0.575604910
10098.230176558 35.029468751 24.411025975 0.924317917 0.595033588 0.448618580 0.341004241 0.573055414
10098.263551509 35.056811170 24.406937921 0.928580156 0.590762516 0.449385592 0.352553042 0.569875944
10098.296925569 35.084630386 24.402256394 0.931470851 0.587334068 0.449116382 0.363031226 0.567046291
10098.330286704 35.105063867 24.399184935 0.932878649 0.585367968 0.448188996 0.369621129 0.565553877
10098.363650773 35.134813692 24.393184988 0.932785743 0.582972782 0.446202700 0.378516649 0.563711835
10098.397019876 35.164756938 24.386661125 0.931776858 0.581181811 0.443456934 0.386255565 0.562476923
10098.430384835 35.183873100 24.382419785 0.930280846 0.580265139 0.441487951 0.390817537 0.561820621
10098.463750677 35.217167643 24.374732974 0.926793350 0.579067183 0.437778526 0.397731071 0.561107079
10098.497116739 35.249237384 24.366967775 0.923303323 0.578063090 0.434064867 0.403978090 0.560564410
10098.530484801 35.270516860 24.361569350 0.921050200 0.577220564 0.431997761 0.407991592 0.560122500
10098.563852873 35.303974381 24.353494095 0.919222793 0.575696164 0.429452899 0.414254204 0.559050614
10098.597223995 35.336503913 24.345634119 0.919380888 0.573582821 0.428311214 0.420552288 0.557393959
10098.630582191 35.358227080 24.340425218 0.920767264 0.571810675 0.428185671 0.425052462 0.555895663
10098.663947276 35.388550954 24.332592984 0.924761746 0.569931540 0.427625368 0.430281951 0.554231023
10098.697313660 35.419875244 24.324140259 0.931526234 0.568895617 0.426082135 0.434201794 0.553426230
10098.730680683 35.440927248 24.318445566 0.936606218 0.568623550 0.424941060 0.435943523 0.553213882
10098.764061651 35.470814634 24.309945923 0.944971590 0.568646125 0.423257172 0.437742708 0.553060822
10098.797419662 35.499194956 24.301516168 0.953839323 0.569026446 0.421839988 0.438610159 0.553065148
10098.830779642 35.516600550 24.296021309 0.959568589 0.569556704 0.420891516 0.438626106 0.553229276
10098.864149779 35.546325132 24.285699603 0.968584545 0.571303583 0.418503056 0.437656587 0.554007328
10098.897538790 35.573297225 24.274717543 0.976587399 0.574196127 0.415145489 0.435247229 0.555439358
10098.930891772 35.598264857 24.263412258 0.983565449 0.578234343 0.410549509 0.431528874 0.557563428
10098.964246666 35.615172840 24.255162640 0.987778858 0.581442681 0.406894354 0.428310366 0.559385040
10098.997613667 35.640338165 24.241491287 0.992820077 0.586500522 0.401075689 0.422943729 0.562382460
10099.030989546 35.665993232 24.226928600 0.996204762 0.591370501 0.395538625 0.417569229 0.565213293
10099.064351470 35.683811249 24.216859975 0.997426809 0.594195944 0.392460648 0.414318814 0.566785444
10099.097740465 35.709967814 24.201426580 0.997876880 0.597476223 0.389268393 0.410236211 0.568505526
10099.131094471 35.738634038 24.185864322 0.996570905 0.600460140 0.386422641 0.406262960 0.570153989
10099.164451467 35.758820831 24.174292789 0.995025304 0.602561189 0.384563618 0.403136116 0.571412382
10099.197824457 35.788279235 24.158124727 0.992098513 0.605814983 0.381337350 0.398004837 0.573726574
10099.231189409 35.818891347 24.141363281 0.988510282 0.609400597 0.377420640 0.391836651 0.576756978
10099.264561459 35.837970880 24.131268998 0.986477606 0.611542413 0.374955259 0.387804907 0.578819303
10099.297935130 35.872696050 24.113466843 0.982905121 0.615022175 0.370696008 0.380445904 0.582746179
10099.331279062 35.905281399 24.097699210 0.980180758 0.617617213 0.367252689 0.373807906 0.586465762
10099.364653932 35.927440082 24.087020271 0.978647498 0.619007823 0.365190140 0.369400417 0.589074536
10099.398028934 35.961901866 24.071231279 0.977722650 0.620237149 0.362778342 0.363290123 0.593058210
10099.431381870 35.994808998 24.056658461 0.978250943 0.620742016 0.361038336 0.357877109 0.596870710
10099.464753692 36.015743093 24.047827633 0.979628517 0.620764122 0.360148233 0.354577150 0.599349814
10099.498121789 36.048898653 24.033422843 0.984347564 0.620532192 0.358788665 0.349127648 0.603589578
10099.531480940 36.078951498 24.020824967 0.991368097 0.620435729 0.356850102 0.343507880 0.608045925
10099.564846185 36.097926866 24.012841854 0.996839363 0.620587541 0.355150836 0.339402664 0.611183131
10099.598210709 36.126848284 24.000614278 1.006378821 0.621153406 0.351194657 0.331942332 0.616964381
10099.631580063 36.151892872 23.990046497 1.015197206 0.621856592 0.346752610 0.324636138 0.622630215
10099.664955158 36.168542152 23.983290128 1.021159446 0.622246977 0.343738922 0.319793432 0.626405950
10099.698314727 36.189793767 23.973795641 1.028689667 0.622599293 0.339813887 0.313667564 0.631275932
10099.731690541 36.212164358 23.962819431 1.035274808 0.622861765 0.336115337 0.307788395 0.635874206
10099.765069635 36.225485449 23.955299119 1.038687755 0.623055545 0.333754731 0.304318287 0.638592161
10099.798431698 36.246708954 23.942168746 1.042677821 0.623429172 0.330266224 0.299181844 0.642456623
10099.831779415 36.267138021 23.928217129 1.044390202 0.623796431 0.327404413 0.295011364 0.645486373
10099.865146567 36.280841841 23.918668746 1.044661872 0.624159214 0.325756877 0.292488345 0.647115368
10099.898513746 36.299971329 23.903188951 1.043747018 0.624585625 0.324127459 0.289719265 0.648765701
10099.931877987 36.321839045 23.883645496 1.041259308 0.624877855 0.323589799 0.287813933 0.649600222
10099.965251320 36.335987003 23.870887134 1.038894668 0.624925284 0.323807439 0.287061563 0.649779033
10099.998615472 36.356368141 23.849981913 1.035668332 0.625293910 0.323700732 0.285842886 0.650014774
10100.031989488 36.375711679 23.828495909 1.031626000 0.626017888 0.322577865 0.283855457 0.650746652
10100.065346512 36.387702907 23.813892374 1.029323673 0.626699437 0.321230547 0.282073393 0.651531544
10100.098713817 36.407836169 23.788923851 1.024802969 0.628203787 0.317999661 0.278407321 0.653242360
10100.132101934 36.427051928 23.763353758 1.020529694 0.630002731 0.314019311 0.274027010 0.655284388
10100.165454261 36.440049644 23.744889192 1.017830283 0.631401808 0.310854451 0.270637826 0.656853434
10100.198818643 36.458153435 23.717748121 1.014256043 0.633571141 0.306004887 0.265429029 0.659163143
10100.232188837 36.479695905 23.685741869 1.010132965 0.636283405 0.300060386 0.259128566 0.661785145
10100.265550843 36.493535779 23.662660405 1.008651643 0.638436219 0.295365985 0.254358026 0.663671699
10100.298945621 36.515224187 23.626247857 1.007051525 0.642015883 0.287320324 0.246398904 0.666745992
10100.332284813 36.533681961 23.591133161 1.006006068 0.645788998 0.278531500 0.237945637 0.669894505
10100.365652915 36.548283591 23.562531866 1.007520711 0.649020208 0.270724664 0.230453082 0.672586279
10100.399016870 36.567006284 23.524802111 1.009938124 0.653275558 0.259922246 0.220085263 0.676190763
10100.432394559 36.584990909 23.487129054 1.013255196 0.657521406 0.248188126 0.208700597 0.680082580
10100.465746547 36.598375104 23.458000734 1.015554401 0.660825387 0.238645240 0.199358729 0.683091762
10100.499113536 36.616954477 23.418350986 1.017497678 0.665005620 0.225759763 0.186519105 0.687030332
10100.532493525 36.637246973 23.380532496 1.018087127 0.668284560 0.215089907 0.175454179 0.690179622
10100.565850688 36.651470732 23.351816177 1.017763455 0.670496593 0.208109289 0.167693141 0.692101042
10100.599226817 36.673207676 23.313169075 1.015780619 0.672695587 0.201867946 0.159488292 0.693753173
10100.632612956 36.696162958 23.275767550 1.012656206 0.674139602 0.199230606 0.154066216 0.694338940
10100.665957099 36.713203624 23.246368836 1.009048938 0.675071507 0.198523122 0.150733250 0.694367711
10100.699326962 36.736223853 23.207113429 1.003934184 0.676263594 0.198220640 0.146622054 0.694174404
10100.732695942 36.759639332 23.164606707 0.998743206 0.677949272 0.196325187 0.141062238 0.694220894
10100.766063942 36.775748443 23.134353438 0.995699090 0.679570150 0.193147373 0.135750438 0.694586440
10100.799411922 36.797694960 23.090246973 0.992855757 0.682438268 0.185456401 0.125904777 0.695724026
10100.832790901 36.821288601 23.043336451 0.992184277 0.685740097 0.174845515 0.114052589 0.697267217
10100.866151941 36.836122121 23.011229724 0.993391102 0.688002274 0.167123475 0.105878950 0.698220784
10100.899513924 36.856857363 22.966275869 0.996439656 0.690954762 0.156184459 0.094671856 0.699446332
10100.932926848 36.875773410 22.921479061 1.001468888 0.693689136 0.145875514 0.084395378 0.700280756
10100.966247765 36.888950414 22.889472216 1.006390402 0.695602443 0.138610476 0.077489113 0.700656702
10100.999613732 36.906281090 22.847419004 1.014068630 0.698241225 0.128471990 0.067978066 0.700951583
10101.033015734 36.921798690 22.807552170 1.022371550 0.700692697 0.118629494 0.059170481 0.701038973
10101.066358629 36.932553243 22.778466766 1.028607662 0.702502790 0.111894184 0.053199709 0.700813322
10101.099734624 36.946439314 22.739685410 1.035843133 0.704977591 0.104212131 0.046412818 0.699994485
10101.133133600 36.959893150 22.700419108 1.040921147 0.707482065 0.098598420 0.041329287 0.698598146
10101.166452559 36.968584698 22.673217632 1.043138516 0.709266448 0.095922462 0.038762578 0.697307285
10101.199820528 36.980300736 22.633447385 1.043666837 0.711836474 0.093008395 0.035835541 0.695236713
10101.233205420 36.992033829 22.590050976 1.040974886 0.714537294 0.089904402 0.032744026 0.693023436
10101.266552389 36.999095503 22.560155387 1.037832456 0.716370701 0.087277101 0.030125150 0.691583835
10101.299914350 37.010319470 22.514788127 1.030929485 0.719129989 0.082363422 0.025373280 0.689510350
10101.333308128 37.021901850 22.468182345 1.022576581 0.721879430 0.076349166 0.019757885 0.687510377
10101.366646130 37.029320209 22.435092149 1.016411134 0.723673221 0.071865728 0.015648419 0.686212440
10101.400015152 37.041736275 22.382770316 1.006791909 0.726244940 0.065170132 0.009428824 0.684274973
10101.433397185 37.052337032 22.331568429 0.998358318 0.728392590 0.058607027 0.003401643 0.682640374
10101.466750193 37.059448376 22.295419724 0.993126575 0.729709140 0.054147436 -0.000695163 0.681609964
10101.500117250 37.069242814 22.242318626 0.987415731 0.731406663 0.048354793 -0.005985847 0.680198704
10101.533505596 37.078421387 22.186452350 0.984697161 0.732961320 0.043495218 -0.010307702 0.678800133
10101.566848765 37.085024526 22.149692467 0.984162105 0.733971337 0.041015827 -0.012561756 0.677824447
10101.600219893 37.094510126 22.094416751 0.986263779 0.735421752 0.037928550 -0.015287203 0.676374580
10101.633597889 37.104366903 22.042133704 0.990977745 0.736734330 0.035747124 -0.017218984 0.675017168
10101.666948867 37.112164942 22.006579462 0.995537634 0.737555700 0.034614396 -0.018275864 0.674150893
10101.700315846 37.122879775 21.956844146 1.003101240 0.738663002 0.033317344 -0.019511571 0.672968219
10101.733697663 37.132865774 21.905855744 1.009220209 0.739752524 0.031907186 -0.020974318 0.671794769
10101.767060604 37.140541362 21.870040382 1.011919721 0.740449015 0.030504277 -0.022288170 0.671049911
10101.800417481 37.150468451 21.821218149 1.013237959 0.741353809 0.028358129 -0.024345709 0.670072857
10101.833802491 37.161101829 21.767902499 1.011520384 0.742192410 0.026108127 -0.026561200 0.669151175
10101.867147517 37.168035664 21.731494374 1.009084666 0.742694562 0.024656748 -0.028057768 0.668587761
10101.900513347 37.178007965 21.678968095 1.003888955 0.743224231 0.022368952 -0.030402821 0.667976827
10101.933900367 37.188131027 21.625528693 0.996951592 0.743525703 0.019622265 -0.033177323 0.667595507
10101.967251207 37.195191460 21.587340661 0.991558564 0.743543837 0.017411235 -0.035350664 0.667525087
10102.000611120 37.204843050 21.533774600 0.983704828 0.743294962 0.014057034 -0.038536542 0.667704976
10102.034013907 37.213849270 21.480436718 0.976299116 0.742735106 0.011191785 -0.041170712 0.668224722
10102.067349036 37.219969288 21.443580525 0.971831663 0.742189744 0.009689629 -0.042528016 0.668768916
10102.100720975 37.229049074 21.389303713 0.967342221 0.741337020 0.007892377 -0.043897258 0.669649285
10102.134102882 37.238378447 21.337180992 0.966756881 0.740444805 0.006363000 -0.044851497 0.670588806
10102.167454758 37.246041627 21.295175589 0.968603236 0.739701017 0.005380242 -0.045244973 0.671391354
10102.200814466 37.254447890 21.250448412 0.972207390 0.738955809 0.004745271 -0.045158735 0.672222049
10102.234193468 37.261382348 21.215102236 0.975925802 0.738355402 0.004373987 -0.044870488 0.672903267
10102.267548604 37.270531165 21.166615030 0.981942738 0.737513494 0.003485161 -0.044718074 0.673841223
10102.300927687 37.279368577 21.118087348 0.988149480 0.736653539 0.001759811 -0.045216364 0.674754731
10102.334287898 37.288255984 21.067510128 0.993814120 0.735828091 -0.000238428 -0.045841877 0.675614895
10102.367651853 37.293983809 21.033186040 0.996719505 0.735332049 -0.001267507 -0.045976025 0.676144493
10102.401030023 37.301886472 20.983831846 0.998500752 0.734829602 -0.002102622 -0.045730474 0.676705075
10102.434406016 37.310512183 20.929755957 0.997169690 0.734306628 -0.002339400 -0.044984650 0.677321699
10102.467750305 37.315642838 20.895518715 0.994216913 0.733967988 -0.002223562 -0.044391921 0.677728121
10102.501115233 37.321946696 20.845273966 0.989875947 0.733565264 -0.001506685 -0.043140570 0.678246728
10102.534483363 37.330618795 20.790776182 0.982355997 0.733115277 0.000578024 -0.040767492 0.678881188
10102.567849489 37.337073243 20.748658046 0.976317879 0.732874525 0.003047017 -0.038286858 0.679278855
10102.601218628 37.345076340 20.690685333 0.968519378 0.732600461 0.007152689 -0.034234539 0.679759810
10102.634596711 37.352994041 20.631065476 0.962430356 0.732200673 0.011353196 -0.030179248 0.680325284
10102.667969776 37.359461454 20.591247612 0.959484354 0.731772954 0.014065146 -0.027657082 0.680841833
10102.701324780 37.367424550 20.538204226 0.958054166 0.731178465 0.017069412 -0.024670302 0.681526275
10102.734693893 37.378378212 20.477595172 0.959874654 0.730277832 0.019750876 -0.021989833 0.682510541
10102.768064501 37.385298481 20.441318775 0.962427055 0.729711491 0.021293181 -0.020427670 0.683118182
10102.801419434 37.397888279 20.383729090 0.967515581 0.728677180 0.023895287 -0.017821036 0.684208297
10102.834790368 37.412017900 20.325310710 0.973711255 0.727507227 0.026794313 -0.014936110 0.685413899
10102.868155418 37.421839555 20.288578352 0.978149988 0.726757056 0.028732745 -0.012984175 0.686170549
10102.901521178 37.438275359 20.233351524 0.984270073 0.725556510 0.032062727 -0.009704674 0.687346748
10102.934907091 37.456216072 20.175685367 0.989843624 0.724373795 0.036040859 -0.005837171 0.688439968
10102.968267001 37.468502108 20.136798809 0.992077887 0.723637244 0.039268674 -0.002811054 0.689056753
10103.001643909 37.485697227 20.084731684 0.994093399 0.722634170 0.044734355 0.002303085 0.689777783
10103.035012787 37.507124956 20.022161477 0.994355598 0.721450109 0.053199671 0.010019634 0.690347117
10103.068351787 37.527216016 19.964526091 0.992274369 0.720263678 0.062754599 0.018566083 0.690606541
10103.101733813 37.541641702 19.924614896 0.989320620 0.719267373 0.070095297 0.025024999 0.690735003
10103.135093899 37.561648159 19.869779829 0.985189393 0.717771826 0.080031256 0.033728354 0.690840793
10103.168449641 37.586638210 19.805557574 0.980305790 0.715801610 0.090721812 0.043067382 0.691044722
10103.201841579 37.601487447 19.769371055 0.977787724 0.714565027 0.096303906 0.047924228 0.691249339
10103.235200715 37.625040005 19.714241145 0.974721657 0.712437357 0.103875321 0.054473858 0.691863808
10103.268553588 37.651532882 19.656358383 0.973376805 0.710419125 0.110505612 0.060039103 0.692451068
10103.301933251 37.669243541 19.617471532 0.974147694 0.709195557 0.114155389 0.063015985 0.692848608
10103.335290880 37.695136323 19.563800268 0.977701108 0.707571170 0.118947169 0.066939255 0.693335234
10103.368660905 37.719910517 19.512771048 0.982174283 0.706077535 0.123496575 0.070546209 0.693704795
10103.402044935 37.739761097 19.472747354 0.985983410 0.704918835 0.126652207 0.072987258 0.694061607
10103.435380878 37.764803874 19.422733247 0.991006507 0.703482993 0.129762251 0.075330901 0.694693236
10103.468748004 37.789487351 19.371898818 0.995735389 0.702161489 0.132210454 0.077054837 0.695379171
10103.502129843 37.806426608 19.337021079 0.998862643 0.701306288 0.133602723 0.078085413 0.695860957
10103.535493926 37.831525978 19.285396125 1.002243661 0.700070964 0.135696559 0.079475833 0.696541945
10103.568857627 37.855107143 19.236131666 1.004387797 0.698907913 0.137090424 0.080354378 0.697335729
10103.602227542 37.869956779 19.204278779 1.005355507 0.698171826 0.137522071 0.080479338 0.697973393
10103.635600757 37.893497868 19.154359293 1.005094348 0.697097899 0.137016224 0.079815290 0.699221419
10103.668949495 37.915892021 19.106226488 1.002652700 0.696049319 0.135495507 0.078357260 0.700725662
10103.702366655 37.930918960 19.074099707 1.000044597 0.695275598 0.134501822 0.077372467 0.701793847
10103.735684779 37.954018781 19.023637605 0.995678457 0.693859657 0.134438384 0.077164106 0.703228837
10103.769064810 37.976368079 18.973895940 0.989862516 0.692223080 0.136412877 0.078647555 0.704296313
10103.802439842 37.989955074 18.941408628 0.987058647 0.691074834 0.138703517 0.080312209 0.704788520
10103.835787806 38.013741940 18.889330364 0.981095924 0.688858825 0.143507198 0.084005503 0.705565219
10103.869159931 38.035372422 18.840407749 0.976464349 0.686702449 0.148823607 0.088081059 0.706068699
10103.902517971 38.052136806 18.804486517 0.974462382 0.685217786 0.152991766 0.091206612 0.706223378
10103.935882989 38.072712558 18.758097894 0.973286426 0.683071677 0.159033349 0.095757999 0.706365262
10103.969244997 38.095753437 18.711353275 0.974027892 0.680915266 0.166122102 0.100926338 0.706096114
10104.002621103 38.111275002 18.680518578 0.975060491 0.679412250 0.171765516 0.104901820 0.705614066
10104.035992316 38.135612303 18.634623864 0.977928641 0.677315353 0.180097094 0.110662120 0.704672154
10104.069347368 38.160290552 18.588940473 0.980392124 0.675399128 0.188122045 0.115918656 0.703568745
10104.102741397 38.175669035 18.559824969 0.982186818 0.674324617 0.192793765 0.118783129 0.702856631
10104.136096235 38.201883277 18.512648753 0.983959246 0.672796951 0.199754312 0.122586609 0.701722880
10104.169462240 38.227322866 18.466593380 0.983920754 0.671724985 0.205840206 0.125481290 0.700478265
10104.202812246 38.244162463 18.436198116 0.982728760 0.671190754 0.209339571 0.126868274 0.699703049
10104.236182971 38.272092234 18.386771507 0.979554742 0.670718420 0.214022183 0.128050914 0.698522920
10104.269553770 38.299593930 18.338184319 0.975095495 0.670789258 0.216865055 0.127596637 0.697660676
10104.302918492 38.318704711 18.303937637 0.971220635 0.671003514 0.218061453 0.126576925 0.697267359
10104.336276219 38.346872213 18.255763416 0.965569634 0.671501392 0.219911514 0.124931186 0.696503414
10104.369644159 38.375150745 18.206217631 0.960485244 0.672035033 0.222351550 0.124251723 0.695334604
10104.403034374 38.394788952 18.171188793 0.957359913 0.672598938 0.223063571 0.123181601 0.694751470
10104.436383341 38.417338176 18.130741366 0.954907657 0.673492480 0.222478146 0.120776774 0.694495734
10104.469747563 38.448947801 18.072737426 0.953980495 0.675108552 0.219240656 0.115800375 0.694803750
10104.503114781 38.467213016 18.039108439 0.955694221 0.676290014 0.216102983 0.112250399 0.695220228
10104.536480740 38.494628580 17.988379659 0.959987875 0.677939819 0.211707644 0.107321613 0.695743880
10104.569848787 38.520099387 17.940151338 0.965559114 0.679104402 0.209220267 0.104115582 0.695847711
10104.603216646 38.534536015 17.911905978 0.969386830 0.679540173 0.208462733 0.102903415 0.695829958
10104.636580549 38.559338097 17.865073867 0.975620678 0.680161436 0.207247254 0.101318454 0.695818631
10104.669951571 38.580328393 17.823864080 0.980864386 0.680627525 0.205668272 0.099944330 0.696030075
10104.703319316 38.592358843 17.797766033 0.983798787 0.680986422 0.204336213 0.098789849 0.696236146
10104.736695212 38.613365875 17.756844087 0.987322881 0.681537484 0.202155615 0.097027544 0.696581238
10104.770056255 38.634615472 17.716709730 0.988209522 0.682089406 0.200056579 0.095255330 0.696891548
10104.803417319 38.649330755 17.689703893 0.987506308 0.682542319 0.198581006 0.093882104 0.697056466
10104.836780292 38.671833860 17.648850268 0.984439510 0.683355981 0.196439936 0.091790171 0.697144547
10104.870147337 38.694839694 17.607274139 0.979468166 0.684230549 0.194953802 0.089921065 0.696947468
10104.903514320 38.709414887 17.581043768 0.975222384 0.684753932 0.194604167 0.089082477 0.696638775
10104.936876269 38.736265994 17.534407982 0.966813534 0.685507460 0.194971755 0.088409585 0.695880222
10104.970247225 38.762908797 17.488564892 0.957612061 0.686190191 0.195952953 0.088222686 0.694954832
10105.003617333 38.779235563 17.460182474 0.951218437 0.686630984 0.196222130 0.087792314 0.694497859
10105.037039280 38.806232869 17.412318021 0.941557434 0.687460501 0.195272496 0.086005677 0.694168377
10105.070361233 38.831510464 17.370022107 0.933870045 0.688171898 0.192993779 0.083122955 0.694451880
